{
    "fitness_mejor": 0.8989054,
    "parametros": {
        "IniI": 6.043655142898234,
        "IncMutI": 0.036051183174010175,
        "IncPosI": 0.08292188833993633,
        "IncNegI": 0.08784997182854809,
        "IncPicI": 0.06078303983825786,
        "IniA": 0.10090178170823717,
        "IniB": 0.1487862836068954,
        "IncPosB": -0.0037569288637782213,
        "IncNegB": -0.003106915079522301,
        "IncPicB": 0.0033705211713246624,
        "IniC": -52.970837403618965,
        "IncPosC": 0.1596805232488041,
        "IncNegC": -0.7864982332687429,
        "IncPicC": 0.09407150237968986,
        "IniD": 3.4307168195348727,
        "IncPosD": -2.7552312799647427e-05,
        "IncNegD": -0.06074513706399394,
        "IncPicD": -0.061072325986117205,
        "MAX_ULT_PICO": 151,
        "MAX_PIC_SEG": 66
    }
}