gen,seed,threads,best_global,picos,fit_best,fit_worst,fit_mean,green_best,green_worst,green_mean,emis_best,emis_worst,emis_mean
0,60000,12,0.546511,,0.546511,0.358649,0.428077,344.2488,238.1299,282.385633,584.403751,661.867409,6.197955
1,60000,12,0.552027,,0.552027,0.358649,0.446311,350.8757,238.1299,292.512015,584.403751,659.825413,6.197955
2,60000,12,0.552027,,0.552027,0.379209,0.458346,350.8757,259.2603,299.277562,584.403751,657.948421,6.00215
3,60000,12,0.552027,,0.552027,0.381922,0.469811,350.8757,255.9526,305.452826,584.403751,653.615087,5.966634
4,60000,12,0.552027,,0.552027,0.415358,0.478788,350.8757,272.7562,310.993722,583.317495,639.841613,5.932832
5,60000,12,0.552027,,0.552027,0.428234,0.486465,350.8757,282.8307,315.201066,583.317495,639.841613,5.932832
6,60000,12,0.558583,,0.558583,0.434929,0.495239,352.9981,285.6486,320.186051,580.170036,632.655385,5.851628
7,60000,12,0.558583,,0.558583,0.440055,0.504408,352.9981,288.9712,325.762472,580.170036,632.006214,5.851628
8,60000,12,0.569101,,0.569101,0.450486,0.512484,362.4601,299.8697,330.687946,574.833009,629.56473,5.8017
9,60000,12,0.569101,,0.569101,0.455035,0.519388,362.4601,300.344,334.522903,574.833009,627.609602,5.8017
10,60000,12,0.574588,,0.574588,0.459433,0.526619,362.9854,306.3334,338.091702,574.833009,626.917388,5.8017
11,60000,12,0.574588,,0.574588,0.459433,0.532304,362.9854,304.3818,340.948137,574.833009,626.917388,5.794738
12,60000,12,0.574588,,0.574588,0.479313,0.537337,362.9854,310.1698,343.474086,574.833009,622.105764,5.794738
13,60000,12,0.574588,,0.574588,0.474402,0.5434,366.0346,312.4833,346.793219,574.067805,622.105764,5.74833
14,60000,12,0.57588,,0.57588,0.48695,0.547726,366.0346,317.8375,349.154705,574.067805,613.457676,5.74833
15,60000,12,0.575951,,0.575951,0.48695,0.5522,366.0346,317.8375,351.774576,573.480947,613.162752,5.74833
16,60000,12,0.585321,,0.585321,0.48695,0.55686,372.7019,317.8375,354.62155,573.198588,613.162752,5.740678
17,60000,12,0.586571,,0.586571,0.48695,0.560533,372.7019,317.8375,356.84268,571.492708,613.162752,5.740678
18,60000,12,0.586571,,0.586571,0.493611,0.564129,372.7019,325.218,358.857322,571.492708,612.912806,5.740678
19,60000,12,0.586571,,0.586571,0.527299,0.566772,372.7019,339.8192,360.373718,571.492708,596.420758,5.740678
20,60000,12,0.589056,,0.589056,0.541762,0.56978,374.488,345.1717,362.242586,571.227663,589.786058,5.739621
21,60000,12,0.589056,,0.589056,0.544735,0.572874,374.488,345.1717,363.973976,571.227663,588.674518,5.738628
22,60000,12,0.589056,,0.589056,0.544735,0.57493,376.6982,345.1717,365.293461,571.006957,586.406996,5.738628
23,60000,12,0.593862,,0.593862,0.544735,0.577021,378.923,345.1717,366.921219,570.054417,586.406996,5.738628
24,60000,12,0.596535,,0.596535,0.553492,0.5797,380.3171,353.5867,368.953213,569.037663,585.215542,5.742804
25,60000,12,0.596746,,0.596746,0.564054,0.581381,381.2059,359.3957,370.104671,569.037663,582.221329,5.742804
26,60000,12,0.602749,,0.602749,0.564054,0.583083,384.2866,359.3957,371.541314,567.367781,583.889142,5.742804
27,60000,12,0.602749,,0.602749,0.56432,0.585201,385.8315,359.3957,373.052582,567.367781,583.889142,5.734727
28,60000,12,0.609781,,0.609781,0.569183,0.587146,390.0844,362.2958,374.258327,565.731251,581.735126,5.734727
29,60000,12,0.609781,,0.609781,0.570376,0.589033,390.0844,365.1481,375.518097,565.731251,581.62866,5.731986
30,60000,12,0.609781,,0.609781,0.576246,0.591335,390.0844,365.1481,376.884069,565.678652,581.62866,5.731986
31,60000,12,0.609781,,0.609781,0.57686,0.593843,390.0844,366.2505,378.1576,565.264062,580.983444,5.724334
32,60000,12,0.609781,,0.609781,0.578297,0.595846,390.0844,371.2258,379.442918,564.846335,582.064438,5.724334
33,60000,12,0.614425,,0.614425,0.581556,0.597508,398.1488,371.857,380.528737,564.846335,580.983444,5.706935
34,60000,12,0.614425,,0.614425,0.583663,0.599183,398.1488,372.1138,381.701556,563.974156,577.115642,5.706935
35,60000,12,0.614425,,0.614425,0.585967,0.600967,398.1488,374.1551,383.028881,563.250782,577.115642,5.695202
36,60000,12,0.61544,,0.61544,0.585967,0.602253,398.1488,375.6933,383.770428,562.352072,577.115642,5.675493
37,60000,12,0.620905,,0.620905,0.591579,0.604033,404.1109,375.8609,385.109707,562.352072,577.115642,5.675493
38,60000,12,0.620905,,0.620905,0.591579,0.605705,404.1109,377.5095,386.735427,562.139949,577.115642,5.675493
39,60000,12,0.620905,,0.620905,0.593184,0.607242,404.1109,377.5095,387.972014,561.827375,574.041962,5.675493
40,60000,12,0.62192,,0.62192,0.594594,0.609413,404.1109,378.644,389.65063,561.827375,572.049218,5.673461
41,60000,12,0.62192,,0.62192,0.597142,0.611394,404.1109,378.644,391.519479,561.827375,570.157208,5.673461
42,60000,12,0.628982,,0.628982,0.601894,0.613,404.1109,381.605,393.049351,559.777254,570.157208,5.701572
43,60000,12,0.628982,,0.628982,0.603841,0.61495,407.1044,381.7138,394.634824,559.777254,569.058518,5.690585
44,60000,12,0.628982,,0.628982,0.604094,0.616354,407.1044,381.7138,395.826166,559.777254,570.904765,5.690585
45,60000,12,0.628982,,0.628982,0.604532,0.617833,407.1044,381.7138,397.121832,559.777254,570.904765,5.675368
46,60000,12,0.634998,,0.634998,0.609078,0.619945,410.7182,383.5998,398.837248,559.777254,567.536799,5.675368
47,60000,12,0.638131,,0.638131,0.609098,0.621907,410.7182,383.5998,400.508164,556.153407,567.536799,5.665891
48,60000,12,0.638131,,0.638131,0.61042,0.623529,411.5527,384.833,401.799209,556.153407,567.536799,5.604882
49,60000,12,0.645517,,0.645517,0.61042,0.625264,415.0307,384.833,403.005443,554.610379,567.536799,5.604882
50,60000,12,0.645517,,0.645517,0.61042,0.626694,415.0307,384.833,403.981994,554.610379,565.751195,5.601189
51,60000,12,0.645517,,0.645517,0.612972,0.628441,415.0307,386.5744,405.377891,554.610379,564.823194,5.599251
52,60000,12,0.645517,,0.645517,0.612972,0.630143,415.0307,386.5744,406.332273,554.488792,564.890737,5.599251
53,60000,12,0.645517,,0.645517,0.612972,0.63193,415.0307,387.2526,407.326163,554.488792,564.890737,5.597654
54,60000,12,0.645517,,0.645517,0.619529,0.633292,415.0307,395.606,408.181751,553.976467,563.996632,5.597654
55,60000,12,0.647988,,0.647988,0.62176,0.635229,416.948,400.6901,409.216939,553.967599,563.996632,5.597654
56,60000,12,0.647988,,0.647988,0.62176,0.636662,416.948,400.6901,409.912052,553.524791,563.996632,5.597654
57,60000,12,0.648594,,0.648594,0.628308,0.638785,416.948,402.5495,410.998252,552.947987,563.148731,5.597654
58,60000,12,0.648594,,0.648594,0.630184,0.639953,416.948,403.0924,411.545672,551.577247,562.664787,5.551894
59,60000,12,0.650052,,0.650052,0.630834,0.641447,417.4386,403.929,412.319572,550.520264,562.528582,5.505203
60,60000,12,0.650052,,0.650052,0.630834,0.643073,418.0418,406.8,413.187785,550.520264,562.528582,5.505203
61,60000,12,0.654278,,0.654278,0.635036,0.644408,419.2131,406.8,414.008435,550.386601,559.384016,5.505203
62,60000,12,0.65529,,0.65529,0.639194,0.64597,420.3696,409.0221,414.944915,550.386601,557.719092,5.505203
63,60000,12,0.65529,,0.65529,0.639603,0.647164,420.3696,409.3491,415.603745,550.255476,557.719092,5.505203
64,60000,12,0.657977,,0.657977,0.639603,0.648416,421.7775,409.3491,416.328909,549.412103,557.719092,5.505203
65,60000,12,0.657977,,0.657977,0.618568,0.64887,423.0914,392.6531,416.371028,549.412103,560.63514,5.505203
66,60000,12,0.659259,,0.659259,0.641463,0.651052,423.0914,411.0458,417.891836,548.437767,556.109354,5.50821
67,60000,12,0.659259,,0.659259,0.64561,0.652227,423.0914,414.1438,418.65662,548.437767,555.5619,5.50821
68,60000,12,0.660412,,0.660412,0.647717,0.653765,425.216,415.4578,419.791434,547.629605,555.5619,5.484378
69,60000,12,0.661812,,0.661812,0.648471,0.655159,425.216,416.1517,420.520036,547.453821,555.5619,5.484378
70,60000,12,0.663531,,0.663531,0.648471,0.656412,426.3098,416.1517,421.21527,546.849711,553.971105,5.484378
71,60000,12,0.668842,,0.668842,0.650415,0.6579,431.8494,417.4377,422.006172,545.587884,554.972216,5.484378
72,60000,12,0.668842,,0.668842,0.652649,0.659251,431.8494,417.7031,422.786543,545.587884,553.007848,5.484378
73,60000,12,0.670648,,0.670648,0.654169,0.660702,431.8494,419.3708,423.632988,544.597185,553.007848,5.484378
74,60000,12,0.670648,,0.670648,0.656012,0.661897,431.8494,419.6419,424.248123,544.597185,552.778778,5.484378
75,60000,12,0.674967,,0.674967,0.656012,0.66316,434.0762,419.6419,424.808494,544.401902,550.838895,5.484378
76,60000,12,0.674967,,0.674967,0.656816,0.66456,434.0762,419.6419,425.669501,544.40047,550.838895,5.46033
77,60000,12,0.674967,,0.674967,0.656816,0.66583,434.0762,419.6419,426.405381,544.370493,550.838895,5.451031
78,60000,12,0.679575,,0.679575,0.661146,0.667548,434.0762,422.864,427.2645,540.678331,548.382326,5.451031
79,60000,12,0.681525,,0.681525,0.661146,0.668677,437.4557,422.8056,427.822036,540.678331,548.501003,5.440183
80,60000,12,0.681525,,0.681525,0.66356,0.669938,437.4557,424.6879,428.58801,540.678331,548.501003,5.440183
81,60000,12,0.681525,,0.681525,0.66356,0.671244,437.4557,424.8934,429.37977,540.678331,547.5584,5.440183
82,60000,12,0.6838,,0.6838,0.666688,0.672853,438.935,425.7817,430.324065,540.678331,545.535176,5.440183
83,60000,12,0.687473,,0.687473,0.666688,0.674295,439.2493,425.7817,431.308817,538.113689,545.535176,5.440183
84,60000,12,0.687473,,0.687473,0.667274,0.675732,439.2493,425.7817,432.316485,538.113689,545.28059,5.441083
85,60000,12,0.687473,,0.687473,0.667755,0.676947,439.2642,425.7817,433.160642,538.113689,545.174321,5.441083
86,60000,12,0.689747,,0.689747,0.667755,0.678118,440.7286,425.7817,433.915516,537.330886,545.445182,5.441083
87,60000,12,0.689747,,0.689747,0.667755,0.679302,440.7286,425.7817,434.587553,537.330886,545.174321,5.440727
88,60000,12,0.692262,,0.692262,0.667783,0.680692,443.7971,425.7817,435.413149,537.330886,544.447159,5.440727
89,60000,12,0.693126,,0.693126,0.667783,0.682098,443.7971,425.7817,436.253914,536.539177,544.447159,5.431418
90,60000,12,0.693126,,0.693126,0.672571,0.683141,443.7971,430.6147,436.814167,536.539177,543.95082,5.431418
91,60000,12,0.693126,,0.693126,0.673357,0.684036,443.7971,430.7104,437.346825,536.539177,543.401693,5.410987
92,60000,12,0.694015,,0.694015,0.675871,0.685142,444.4452,432.4738,438.044676,536.492365,543.054598,5.410987
93,60000,12,0.694015,,0.694015,0.678188,0.686065,444.4452,432.4738,438.590844,536.492365,542.934229,5.401607
94,60000,12,0.694015,,0.694015,0.679575,0.68716,444.4452,433.641,439.270035,536.200774,542.88127,5.401607
95,60000,12,0.694625,,0.694625,0.679575,0.68822,444.4452,433.641,439.983049,534.200004,541.193286,5.401607
96,60000,12,0.696412,,0.696412,0.679729,0.689388,445.314,433.641,440.699663,534.200004,541.193286,5.401607
97,60000,12,0.696412,,0.696412,0.680714,0.690516,445.314,434.4369,441.445214,534.200004,541.193286,5.401607
98,60000,12,0.6969,,0.6969,0.680714,0.691595,445.314,434.2496,442.022746,533.4172,540.16066,5.39908
99,60000,12,0.6969,,0.6969,0.682676,0.692331,445.314,436.0963,442.402266,533.266948,539.742406,5.388094
100,60000,12,0.6969,,0.6969,0.684429,0.693092,445.4408,436.7444,442.734591,533.266948,538.809351,5.332669
101,60000,12,0.697117,,0.697117,0.688579,0.693878,445.5205,440.3221,443.123244,533.266948,537.992811,5.332669
102,60000,12,0.697407,,0.697407,0.689252,0.694614,445.5205,440.7465,443.506735,533.266948,537.992811,5.332669
103,60000,12,0.698604,,0.698604,0.690383,0.695471,446.706,441.0872,443.911843,532.338829,537.790302,5.323388
104,60000,12,0.700114,,0.700114,0.690854,0.696006,446.7722,441.6629,444.17862,532.338829,537.186674,5.323388
105,60000,12,0.700792,,0.700792,0.693531,0.696564,447.4262,441.6629,444.496741,532.338829,536.021774,5.323388
106,60000,12,0.702389,,0.702389,0.694432,0.697098,448.2515,442.3829,444.75313,532.338829,535.945534,5.323388
107,60000,12,0.702389,,0.702389,0.694432,0.697593,448.2515,442.3829,445.042475,532.338829,536.11248,5.323388
108,60000,12,0.702389,,0.702389,0.694461,0.698112,448.2515,442.4022,445.275308,531.787473,535.88086,5.323388
109,60000,12,0.702389,,0.702389,0.695328,0.698607,448.2515,442.4022,445.47003,531.787473,535.88086,5.321342
110,60000,12,0.702815,,0.702815,0.696571,0.699163,448.2515,443.6211,445.75833,531.787473,534.947804,5.324841
111,60000,12,0.703933,,0.703933,0.696571,0.699641,448.5213,443.3492,446.011446,531.487991,535.141517,5.324841
112,60000,12,0.703933,,0.703933,0.696571,0.700213,448.8517,443.8622,446.288519,531.487991,534.947804,5.324841
113,60000,12,0.705007,,0.705007,0.696571,0.700701,449.343,443.8622,446.572282,531.201051,534.226909,5.324841
114,60000,12,0.705007,,0.705007,0.696571,0.701108,449.343,443.8622,446.826493,531.201051,534.164834,5.324841
115,60000,12,0.705007,,0.705007,0.698026,0.701579,449.343,443.8622,447.177499,531.201051,534.111752,5.324841
116,60000,12,0.705007,,0.705007,0.698026,0.702045,449.343,443.8622,447.531225,531.201051,533.584072,5.324841
117,60000,12,0.705007,,0.705007,0.698097,0.702588,449.343,444.7739,447.934787,531.201051,533.528792,5.326217
118,60000,12,0.705913,,0.705913,0.698097,0.702933,449.3969,444.7739,448.162818,530.530199,533.528792,5.31978
119,60000,12,0.705913,,0.705913,0.698097,0.703246,449.9209,444.7739,448.339398,530.530199,533.528792,5.31978
120,60000,12,0.705913,,0.705913,0.700645,0.703636,449.9209,446.6289,448.524536,530.530199,532.787535,5.31978
121,60000,12,0.705913,,0.705913,0.700796,0.703912,449.9209,446.6289,448.671936,530.530199,532.681986,5.31978
122,60000,12,0.706476,,0.706476,0.700867,0.704207,450.5634,446.6289,448.807749,530.530199,532.681986,5.313882
123,60000,12,0.70721,,0.70721,0.700867,0.704459,450.5634,446.6289,448.940604,530.201829,532.681986,5.313882
124,60000,12,0.70721,,0.70721,0.700867,0.704751,450.5634,446.6289,449.108084,530.192122,532.611154,5.313882
125,60000,12,0.707398,,0.707398,0.702624,0.705061,450.5634,448.2331,449.284544,530.102037,532.590721,5.311013
126,60000,12,0.707398,,0.707398,0.702624,0.705309,450.5634,447.9855,449.406516,530.102037,532.498126,5.311013
127,60000,12,0.707398,,0.707398,0.703568,0.705593,450.9781,448.4386,449.60387,530.102037,532.501619,5.311013
128,60000,12,0.707398,,0.707398,0.703568,0.705842,450.9975,448.551,449.753546,530.102037,532.501619,5.309345
129,60000,12,0.708679,,0.708679,0.704038,0.706105,451.5911,448.551,449.935767,529.842795,531.425975,5.311676
130,60000,12,0.721068,,0.721068,0.698949,0.706675,463.8638,448.6326,450.487829,525.274159,535.839001,5.311676
131,60000,12,0.721068,,0.721068,0.705326,0.707051,463.8638,449.1444,450.738741,525.274159,531.574664,5.307229
132,60000,12,0.721068,,0.721068,0.705326,0.707576,463.9846,449.1444,451.16368,525.274159,531.209153,5.307229
133,60000,12,0.721068,,0.721068,0.70561,0.708141,463.9846,449.1444,451.716791,525.274159,532.407899,5.289706
134,60000,12,0.721068,,0.721068,0.70561,0.708641,463.9846,449.1444,452.1919,525.274159,532.152715,5.289706
135,60000,12,0.724479,,0.724479,0.705855,0.709411,463.9846,449.1444,452.81357,525.274159,532.174418,5.289706
136,60000,12,0.724479,,0.724479,0.705855,0.710203,463.9846,449.1444,453.546698,525.274159,532.174418,5.266357
137,60000,12,0.725633,,0.725633,0.705855,0.711503,468.6753,449.1444,454.685445,524.985653,532.284514,5.266357
138,60000,12,0.725831,,0.725831,0.70667,0.712847,468.6753,450.288,455.793453,524.985653,532.284514,5.266357
139,60000,12,0.725831,,0.725831,0.70667,0.714411,468.6753,450.4327,457.123591,524.985653,532.174418,5.266357
140,60000,12,0.72773,,0.72773,0.706767,0.715706,468.6753,450.4327,458.224203,524.924484,531.170493,5.266357
141,60000,12,0.72773,,0.72773,0.706767,0.716832,468.6753,450.4327,459.318093,524.924484,530.980758,5.258941
142,60000,12,0.72773,,0.72773,0.708106,0.718702,468.6753,451.1181,460.729736,524.924484,532.333651,5.258941
143,60000,12,0.72773,,0.72773,0.708998,0.720239,468.6753,451.623,461.803665,524.924484,532.333651,5.258941
144,60000,12,0.72773,,0.72773,0.709044,0.721338,468.6753,451.623,462.462967,524.924484,530.831168,5.258941
145,60000,12,0.728312,,0.728312,0.709196,0.722619,468.6753,452.4587,463.254861,524.459463,532.257769,5.258941
146,60000,12,0.729577,,0.729577,0.70996,0.723348,469.2651,453.5868,463.626802,524.459463,532.257769,5.258941
147,60000,12,0.729577,,0.729577,0.710076,0.724151,469.2651,453.5868,463.910804,524.067034,530.283464,5.258941
148,60000,12,0.729577,,0.729577,0.710076,0.724781,469.2651,453.5868,464.311001,524.067034,530.207506,5.258941
149,60000,12,0.729819,,0.729819,0.710076,0.725459,469.5096,453.5868,464.782687,524.067034,530.207506,5.255557
150,60000,12,0.729819,,0.729819,0.716953,0.72613,469.5096,459.4089,465.197214,524.067034,529.937089,5.253858
151,60000,12,0.731539,,0.731539,0.716953,0.726476,470.6946,459.4089,465.439857,524.067034,529.937089,5.253858
152,60000,12,0.731539,,0.731539,0.718696,0.726801,470.6946,461.4463,465.740332,524.005865,528.633689,5.253858
153,60000,12,0.731539,,0.731539,0.724204,0.727249,471.2534,462.6879,466.139074,524.005865,526.849184,5.253858
154,60000,12,0.731539,,0.731539,0.724204,0.72758,471.2534,462.6879,466.451908,524.005865,526.849184,5.253858
155,60000,12,0.732235,,0.732235,0.724817,0.727912,471.2534,464.0773,466.75323,523.531684,526.948434,5.253611
156,60000,12,0.733309,,0.733309,0.724973,0.728369,471.2534,464.3358,467.234029,523.245679,526.849184,5.253611
157,60000,12,0.733309,,0.733309,0.725392,0.728763,471.2534,464.3358,467.580775,523.245679,526.849184,5.2445
158,60000,12,0.733309,,0.733309,0.725392,0.729088,471.2534,464.3358,467.745725,523.245679,526.849184,5.2445
159,60000,12,0.733309,,0.733309,0.725934,0.729458,471.2534,464.3358,467.994013,523.245679,526.158488,5.232457
160,60000,12,0.733309,,0.733309,0.725934,0.729932,471.2534,464.3358,468.265906,523.245679,526.02162,5.232457
161,60000,12,0.733535,,0.733535,0.726087,0.730274,471.776,464.3358,468.482485,523.245679,526.02162,5.232457
162,60000,12,0.733535,,0.733535,0.726392,0.730528,471.776,464.5768,468.650728,523.245679,525.57723,5.232457
163,60000,12,0.733535,,0.733535,0.727854,0.730839,471.776,465.5499,468.869437,523.245679,525.472356,5.232457
164,60000,12,0.734885,,0.734885,0.728654,0.731259,471.776,467.0308,469.220436,522.379069,525.472356,5.232457
165,60000,12,0.734885,,0.734885,0.728654,0.731554,471.776,467.0308,469.421962,522.379069,525.411186,5.232457
166,60000,12,0.734885,,0.734885,0.728654,0.731764,471.776,467.0308,469.571631,522.379069,525.411186,5.232457
167,60000,12,0.734885,,0.734885,0.728654,0.732038,471.776,467.0308,469.784517,522.379069,525.073138,5.232457
168,60000,12,0.734885,,0.734885,0.728654,0.732324,472.2812,467.0308,469.931123,522.379069,525.073138,5.232457
169,60000,12,0.734885,,0.734885,0.728654,0.732625,472.2812,467.0308,470.155124,522.379069,525.787822,5.232962
170,60000,12,0.73502,,0.73502,0.728654,0.732832,471.8969,467.0342,470.27221,522.379069,525.073138,5.232962
171,60000,12,0.73502,,0.73502,0.728654,0.733171,471.8969,467.0342,470.423081,522.379069,524.891594,5.232962
172,60000,12,0.736039,,0.736039,0.728654,0.733368,471.8969,467.0342,470.555345,521.859476,524.891594,5.232384
173,60000,12,0.736039,,0.736039,0.73048,0.733805,472.6392,468.3872,470.802367,521.859476,524.891594,5.232384
174,60000,12,0.736039,,0.736039,0.73048,0.734095,472.6392,468.3872,470.936655,521.859476,524.891594,5.227766
175,60000,12,0.736039,,0.736039,0.731099,0.734336,472.479,468.3872,471.012186,521.859476,524.412022,5.227766
176,60000,12,0.737031,,0.737031,0.731099,0.73455,473.047,468.3872,471.118186,521.859476,524.412022,5.227766
177,60000,12,0.737031,,0.737031,0.73132,0.734762,473.047,468.3872,471.239446,521.67638,524.15413,5.227188
178,60000,12,0.737031,,0.737031,0.73132,0.735051,473.047,468.3872,471.347692,521.67638,524.15413,5.227188
179,60000,12,0.737031,,0.737031,0.73132,0.735256,473.047,468.3872,471.444588,521.67638,524.15413,5.225855
180,60000,12,0.738129,,0.738129,0.73132,0.735423,473.357,468.3872,471.510191,521.457592,524.15413,5.225855
181,60000,12,0.738129,,0.738129,0.73132,0.735587,473.357,468.3872,471.596715,521.457592,523.91338,5.225855
182,60000,12,0.738129,,0.738129,0.733231,0.735745,473.357,469.8474,471.680037,521.457592,523.91338,5.225855
183,60000,12,0.738129,,0.738129,0.733231,0.735918,473.357,469.8474,471.777408,521.457592,522.925912,5.225855
184,60000,12,0.738129,,0.738129,0.733231,0.736108,473.357,469.8474,471.899436,521.457592,522.925912,5.224645
185,60000,12,0.738129,,0.738129,0.73502,0.73631,473.357,471.3461,472.044712,521.457592,522.840039,5.215979
186,60000,12,0.738275,,0.738275,0.73502,0.736496,473.6027,471.3461,472.144254,521.399947,522.840039,5.215979
187,60000,12,0.738275,,0.738275,0.735166,0.736628,473.6027,471.5239,472.210348,521.399947,522.585483,5.215979
188,60000,12,0.738275,,0.738275,0.736039,0.736745,473.6027,471.5239,472.306365,521.208853,522.204389,5.215979
189,60000,12,0.738275,,0.738275,0.736039,0.736875,473.6027,471.5239,472.413714,521.208853,522.204389,5.215979
190,60000,12,0.738275,,0.738275,0.736039,0.737023,473.6027,471.5239,472.47931,521.208853,522.204389,5.215979
191,60000,12,0.738275,,0.738275,0.736039,0.737156,473.6027,471.5239,472.557566,521.08788,522.339109,5.215979
192,60000,12,0.739218,,0.739218,0.736109,0.737349,473.9391,471.8867,472.696023,520.998063,522.339109,5.215979
193,60000,12,0.739218,,0.739218,0.736109,0.737544,473.9391,471.8867,472.836031,520.998063,522.291666,5.210879
194,60000,12,0.739218,,0.739218,0.736109,0.7377,473.9391,471.8867,472.94312,520.998063,522.156946,5.210879
195,60000,12,0.744707,,0.744707,0.736109,0.73801,479.6601,471.9282,473.200363,519.609061,522.156946,5.210879
196,60000,12,0.744707,,0.744707,0.736742,0.738198,479.6601,472.106,473.325773,519.609061,522.156946,5.210879
197,60000,12,0.747196,,0.747196,0.736742,0.738731,479.7642,471.5756,473.667507,518.678855,522.020664,5.210879
198,60000,12,0.747196,,0.747196,0.737091,0.739176,479.7642,471.5756,474.01421,518.678855,522.020664,5.210879
199,60000,12,0.747196,,0.747196,0.737091,0.739613,479.7642,472.4688,474.394834,518.678855,522.020664,5.214576
200,60000,12,0.747196,,0.747196,0.737647,0.740115,479.7642,472.4688,474.727084,518.609311,521.82957,5.214576
201,60000,12,0.747196,,0.747196,0.737647,0.740604,479.7642,472.4688,475.092428,518.609311,521.779079,5.214576
202,60000,12,0.747196,,0.747196,0.737685,0.741207,480.6174,472.4688,475.449931,518.609311,521.642803,5.211032
203,60000,12,0.74816,,0.74816,0.738275,0.741897,480.6174,473.6027,475.887355,518.083504,521.642803,5.211032
204,60000,12,0.74816,,0.74816,0.738275,0.742526,480.717,473.6027,476.275743,518.083504,521.642803,5.203262
205,60000,12,0.74816,,0.74816,0.739218,0.743184,480.717,473.9391,476.708064,518.083504,521.103165,5.203262
206,60000,12,0.74816,,0.74816,0.739218,0.743819,480.717,473.9391,477.125252,518.083504,521.103165,5.203262
207,60000,12,0.74816,,0.74816,0.739218,0.744336,480.717,473.9391,477.411156,517.675426,521.103165,5.203262
208,60000,12,0.749033,,0.749033,0.739218,0.744738,480.717,473.9391,477.675004,517.800979,521.103165,5.203262
209,60000,12,0.749033,,0.749033,0.739218,0.745315,480.717,473.9391,478.077997,517.800979,521.103165,5.203262
210,60000,12,0.749033,,0.749033,0.739455,0.745669,480.717,473.9391,478.27552,517.687651,520.813394,5.203262
211,60000,12,0.749033,,0.749033,0.739455,0.746114,480.717,473.9391,478.539489,517.443329,520.813394,5.198162
212,60000,12,0.749194,,0.749194,0.741285,0.746552,480.9892,475.1803,478.773294,517.443329,520.217508,5.198162
213,60000,12,0.749367,,0.749367,0.741854,0.746917,481.5854,475.2434,478.949498,517.443329,519.840073,5.198162
214,60000,12,0.749367,,0.749367,0.743545,0.747223,481.5854,477.2481,479.118421,517.274784,519.840073,5.198401
215,60000,12,0.749546,,0.749546,0.743545,0.747496,481.5854,477.2481,479.279351,517.274784,519.840073,5.198401
216,60000,12,0.749837,,0.749837,0.744511,0.747729,481.5854,477.427,479.440432,517.274784,519.662955,5.184277
217,60000,12,0.752226,,0.752226,0.744965,0.747909,483.5906,477.6613,479.623574,517.274784,519.662955,5.18283
218,60000,12,0.752226,,0.752226,0.744965,0.748068,483.5906,477.6613,479.720622,515.789171,519.662955,5.18283
219,60000,12,0.752226,,0.752226,0.745478,0.748286,483.5906,477.6613,479.839236,515.789171,518.678855,5.175061
220,60000,12,0.752226,,0.752226,0.746632,0.748429,483.5906,478.2293,479.976237,515.789171,518.678855,5.175061
221,60000,12,0.752445,,0.752445,0.746632,0.748684,483.5906,478.2293,480.155964,515.957717,518.678855,5.175061
222,60000,12,0.752607,,0.752607,0.746632,0.748891,483.5906,478.2293,480.327295,515.957717,518.678855,5.175061
223,60000,12,0.753355,,0.753355,0.746632,0.749133,484.1624,478.2293,480.503569,516.274345,518.678855,5.175061
224,60000,12,0.753355,,0.753355,0.746632,0.749438,484.1624,478.2293,480.734338,516.274345,518.678855,5.175061
225,60000,12,0.753355,,0.753355,0.746632,0.74976,484.1624,478.2293,480.944836,516.239801,518.678855,5.175061
226,60000,12,0.753355,,0.753355,0.746632,0.750067,484.1624,478.2293,481.126667,516.239801,518.224439,5.169107
227,60000,12,0.753355,,0.753355,0.746632,0.750242,484.1624,478.2293,481.260808,516.239801,518.224439,5.169107
228,60000,12,0.753355,,0.753355,0.746693,0.750487,484.1624,478.5008,481.45867,516.239801,518.224439,5.169107
229,60000,12,0.753355,,0.753355,0.747741,0.750652,484.1624,478.8392,481.621904,516.239801,517.968159,5.169107
230,60000,12,0.754841,,0.754841,0.747741,0.750892,485.11,478.8392,481.865737,516.239801,517.968159,5.173066
231,60000,12,0.754841,,0.754841,0.748861,0.751127,485.11,479.0637,482.063581,516.239801,517.968159,5.173066
232,60000,12,0.754841,,0.754841,0.749314,0.751385,485.11,480.0807,482.260409,515.944268,517.968159,5.17024
233,60000,12,0.754841,,0.754841,0.749314,0.751692,485.11,480.0807,482.509702,515.944268,517.968159,5.17024
234,60000,12,0.755492,,0.755492,0.749326,0.751948,485.11,480.0807,482.677767,515.058617,517.968159,5.17024
235,60000,12,0.755492,,0.755492,0.749648,0.752187,485.11,480.0807,482.832574,515.058617,517.968159,5.17024
236,60000,12,0.755492,,0.755492,0.749648,0.752405,485.11,480.0807,482.968494,515.058617,517.968159,5.17024
237,60000,12,0.755492,,0.755492,0.749821,0.752756,485.5673,480.0807,483.131901,514.843512,517.624819,5.169994
238,60000,12,0.755492,,0.755492,0.749821,0.753027,485.5673,480.0807,483.281599,514.843512,517.624819,5.164772
239,60000,12,0.755492,,0.755492,0.749821,0.753307,485.5673,480.0807,483.46625,514.539025,517.624819,5.164772
240,60000,12,0.755492,,0.755492,0.751022,0.753567,485.5673,481.359,483.627872,514.539025,517.082509,5.164772
241,60000,12,0.755492,,0.755492,0.751498,0.753773,485.5673,481.8835,483.793572,514.539025,517.038709,5.164772
242,60000,12,0.755721,,0.755721,0.751498,0.753949,485.6784,481.4912,483.934834,514.539025,517.038709,5.164535
243,60000,12,0.755804,,0.755804,0.751498,0.754136,486.0918,481.8835,484.004471,514.539025,516.978005,5.164535
244,60000,12,0.756267,,0.756267,0.751528,0.754285,486.215,481.8835,484.089308,514.539025,516.954236,5.164535
245,60000,12,0.756646,,0.756646,0.75174,0.754551,486.215,482.0592,484.259812,514.539025,516.772758,5.164535
246,60000,12,0.756646,,0.756646,0.752295,0.754698,486.215,482.0592,484.377284,514.539025,516.772758,5.153597
247,60000,12,0.756979,,0.756979,0.752322,0.754961,486.6723,482.0592,484.480543,514.482765,516.739169,5.153597
248,60000,12,0.756979,,0.756979,0.752322,0.755186,486.6723,482.0592,484.595086,514.482765,516.739169,5.153597
249,60000,12,0.75705,,0.75705,0.752802,0.755398,486.6723,482.0592,484.729256,514.482765,516.433425,5.153597
250,60000,12,0.75705,,0.75705,0.753956,0.755636,486.6723,482.0592,484.8731,514.482765,516.297406,5.153597
251,60000,12,0.75705,,0.75705,0.753956,0.755878,486.6723,482.0592,485.107416,514.482765,516.204199,5.153597
252,60000,12,0.75705,,0.75705,0.753956,0.75607,486.6723,482.0592,485.292799,514.482765,516.204199,5.153597
253,60000,12,0.757262,,0.757262,0.753956,0.75625,486.6723,482.6539,485.480032,514.482765,516.204199,5.151979
254,60000,12,0.757262,,0.757262,0.753956,0.756427,486.6723,482.6539,485.647733,514.482765,516.207128,5.151979
255,60000,12,0.757262,,0.757262,0.754414,0.756575,486.6723,482.6539,485.701162,514.482765,516.207128,5.148401
256,60000,12,0.757793,,0.757793,0.754986,0.756698,487.8264,482.6539,485.774918,514.482765,516.207128,5.148401
257,60000,12,0.757793,,0.757793,0.754986,0.75678,487.8264,482.6539,485.79089,514.539025,516.207128,5.147596
258,60000,12,0.758049,,0.758049,0.754986,0.756895,487.8264,482.6539,485.869723,514.539025,516.126624,5.147596
259,60000,12,0.759128,,0.759128,0.755721,0.756997,488.2985,485.0361,485.931579,514.614286,515.992026,5.147596
260,60000,12,0.763376,,0.763376,0.755105,0.757222,490.662,483.4938,486.101218,513.361122,515.992026,5.147596
261,60000,12,0.763376,,0.763376,0.756142,0.757444,490.662,485.0361,486.273999,513.361122,515.898818,5.147596
262,60000,12,0.763376,,0.763376,0.756664,0.757704,491.3318,485.1569,486.509275,513.361122,515.898818,5.147596
263,60000,12,0.763376,,0.763376,0.756664,0.758034,491.3318,485.1569,486.770794,513.361122,515.824155,5.147596
264,60000,12,0.763376,,0.763376,0.756664,0.758465,491.3318,485.1569,487.143696,513.361122,515.824155,5.147596
265,60000,12,0.763376,,0.763376,0.756664,0.758784,491.3318,485.1569,487.434034,513.361122,515.824155,5.147596
266,60000,12,0.763493,,0.763493,0.756664,0.75908,491.8684,485.1569,487.777094,513.361122,515.824155,5.150907
267,60000,12,0.764956,,0.764956,0.756664,0.759761,493.7321,485.1569,488.35807,513.361122,515.824155,5.150907
268,60000,12,0.764956,,0.764956,0.756853,0.76006,493.7321,485.1569,488.575763,513.361122,515.655505,5.150907
269,60000,12,0.765002,,0.765002,0.756853,0.760507,493.7321,485.1569,488.938363,512.671578,515.655505,5.150907
270,60000,12,0.765002,,0.765002,0.757186,0.760925,493.7321,485.5365,489.279689,512.671578,515.636447,5.150907
271,60000,12,0.765539,,0.765539,0.757186,0.761267,493.7321,485.5365,489.549526,512.671578,515.636447,5.150907
272,60000,12,0.765539,,0.765539,0.757257,0.761647,493.7321,485.5365,489.869437,512.671578,515.636447,5.150907
273,60000,12,0.765789,,0.765789,0.757257,0.762013,493.7321,486.7286,490.206511,512.591074,515.497948,5.150907
274,60000,12,0.766748,,0.766748,0.757257,0.762341,493.8388,486.7286,490.417556,511.892926,515.497948,5.150907
275,60000,12,0.766748,,0.766748,0.757257,0.762758,493.8388,486.7286,490.762926,511.892926,515.497948,5.150907
276,60000,12,0.766748,,0.766748,0.759128,0.763106,493.8388,488.2985,490.981168,511.892926,515.465426,5.150907
277,60000,12,0.766748,,0.766748,0.759128,0.763399,493.8388,488.2985,491.210048,511.892926,515.465426,5.149006
278,60000,12,0.767901,,0.767901,0.760216,0.763658,494.4519,488.8082,491.382813,511.892926,515.465426,5.149006
279,60000,12,0.768032,,0.768032,0.760216,0.763871,494.7979,488.5425,491.554105,511.855818,515.465426,5.149006
280,60000,12,0.768032,,0.768032,0.760216,0.76417,494.7979,488.5425,491.82349,511.855818,515.445455,5.149006
281,60000,12,0.768032,,0.768032,0.761294,0.764567,494.7979,489.2453,492.150375,511.855818,514.900635,5.149006
282,60000,12,0.768542,,0.768542,0.761294,0.764881,495.362,489.2453,492.360577,511.508487,514.900635,5.140244
283,60000,12,0.768695,,0.768695,0.761294,0.765291,495.362,489.2453,492.582519,511.508487,514.900635,5.140244
284,60000,12,0.768695,,0.768695,0.761294,0.765598,495.362,489.2453,492.756454,511.508487,514.900635,5.140244
285,60000,12,0.768695,,0.768695,0.761294,0.765954,495.708,489.2453,493.032482,511.508487,515.093212,5.140244
286,60000,12,0.768695,,0.768695,0.761308,0.766267,495.708,489.2453,493.211757,511.508487,515.093212,5.140244
287,60000,12,0.768695,,0.768695,0.761308,0.766694,495.708,489.2453,493.551847,511.508487,515.093212,5.140244
288,60000,12,0.768695,,0.768695,0.761308,0.767045,495.708,489.2453,493.749531,511.508487,515.093212,5.140244
289,60000,12,0.76872,,0.76872,0.762104,0.767379,495.708,490.974,493.981933,511.508487,514.562231,5.145622
290,60000,12,0.768827,,0.768827,0.762104,0.767695,495.708,490.974,494.150894,511.477733,514.562231,5.145622
291,60000,12,0.769094,,0.769094,0.762104,0.767939,495.708,490.974,494.350645,511.427983,514.562231,5.143812
292,60000,12,0.769094,,0.769094,0.76282,0.768134,495.708,491.5378,494.530696,511.427983,514.381162,5.143812
293,60000,12,0.769094,,0.769094,0.76282,0.768318,495.708,491.5378,494.663864,511.427983,514.381162,5.143812
294,60000,12,0.769423,,0.769423,0.765789,0.768441,495.708,492.7291,494.777961,511.239979,512.863588,5.128636
295,60000,12,0.769423,,0.769423,0.766962,0.768546,495.708,493.5715,494.87688,511.239979,512.82648,5.128265
296,60000,12,0.769423,,0.769423,0.766962,0.768655,495.708,493.5715,494.919355,511.239979,512.82648,5.128265
297,60000,12,0.769564,,0.769564,0.768108,0.768768,496.0758,493.5715,494.968224,511.239979,512.609953,5.115085
298,60000,12,0.770217,,0.770217,0.768108,0.768833,496.0758,493.5715,494.991692,511.239979,512.538332,5.115085
299,60000,12,0.770217,,0.770217,0.768108,0.768912,496.1451,493.5715,495.007795,511.209225,512.538332,5.115085
300,60000,12,0.770217,,0.770217,0.768108,0.76901,496.1451,493.5715,495.038461,511.209225,512.425021,5.115085
301,60000,12,0.770485,,0.770485,0.76825,0.769155,496.1451,493.5715,495.132852,511.209225,512.425021,5.115085
302,60000,12,0.770874,,0.770874,0.76825,0.769279,496.2592,493.5715,495.236744,511.089307,512.425021,5.114675
303,60000,12,0.770955,,0.770955,0.768851,0.769423,496.2592,494.2743,495.314736,511.089307,512.425021,5.114675
304,60000,12,0.770955,,0.770955,0.768902,0.769534,496.2592,494.2743,495.371876,511.08754,512.344518,5.114675
305,60000,12,0.771237,,0.771237,0.768902,0.769671,497.0033,494.2743,495.424987,511.052199,512.344518,5.114675
306,60000,12,0.771237,,0.771237,0.768927,0.769865,497.0033,494.5331,495.472994,511.052199,512.344518,5.11329
307,60000,12,0.771237,,0.771237,0.769058,0.770076,497.0033,494.5331,495.578674,511.052199,512.344518,5.11329
308,60000,12,0.771305,,0.771305,0.769058,0.770252,497.0033,494.5331,495.751156,511.050432,512.344518,5.111844
309,60000,12,0.771305,,0.771305,0.769058,0.770347,497.0208,494.5331,495.829101,511.050432,512.344518,5.111039
310,60000,12,0.771996,,0.771996,0.769277,0.770506,497.2921,494.5331,495.898921,510.804307,512.04624,5.111039
311,60000,12,0.771996,,0.771996,0.769277,0.770615,497.2921,494.5331,495.9447,510.579754,512.04624,5.111039
312,60000,12,0.771996,,0.771996,0.769277,0.770743,497.2921,494.5331,496.049588,510.579754,512.04624,5.111039
313,60000,12,0.772258,,0.772258,0.769312,0.770932,497.2921,494.5331,496.175432,510.579754,511.99452,5.111039
314,60000,12,0.772258,,0.772258,0.769697,0.771097,497.3974,494.5331,496.289782,510.52922,511.914017,5.111039
315,60000,12,0.772465,,0.772465,0.769697,0.771292,497.4579,494.5331,496.469187,510.474049,511.838376,5.111039
316,60000,12,0.772465,,0.772465,0.769989,0.771479,497.4579,494.9702,496.636414,510.474049,511.786656,5.111039
317,60000,12,0.772577,,0.772577,0.769989,0.771657,497.3974,494.9702,496.748736,510.474049,511.786656,5.111039
318,60000,12,0.77274,,0.77274,0.770845,0.771809,497.5505,495.6566,496.861987,510.474049,511.786656,5.111039
319,60000,12,0.772871,,0.772871,0.771142,0.771946,498.2827,495.6566,496.966035,510.474049,511.807752,5.111039
320,60000,12,0.773078,,0.773078,0.771162,0.772115,498.2827,496.2795,497.111652,510.364115,511.807752,5.110629
321,60000,12,0.773078,,0.773078,0.771299,0.772251,497.9834,496.5235,497.193366,510.364115,511.35675,5.110629
322,60000,12,0.773172,,0.773172,0.771305,0.772393,497.9834,496.5235,497.28524,510.364115,511.35675,5.107138
323,60000,12,0.773172,,0.773172,0.771305,0.772527,498.0581,496.5235,497.368172,510.364115,511.290235,5.106728
324,60000,12,0.773407,,0.773407,0.771791,0.772681,498.2064,496.7913,497.450443,510.192431,511.290235,5.104682
325,60000,12,0.778735,,0.778735,0.770393,0.772908,502.856,495.8483,497.605754,509.349032,511.618943,5.104682
326,60000,12,0.778735,,0.778735,0.77225,0.773095,502.856,495.8483,497.673782,509.349032,511.618943,5.104682
327,60000,12,0.778735,,0.778735,0.772373,0.773349,502.856,496.9851,497.879854,509.137909,511.618943,5.104682
328,60000,12,0.778735,,0.778735,0.7724,0.773659,502.856,497.1806,498.127762,509.137909,511.618943,5.103465
329,60000,12,0.778778,,0.778778,0.772729,0.773899,502.856,497.1806,498.292084,508.903428,511.618943,5.103465
330,60000,12,0.778778,,0.778778,0.772729,0.774091,502.856,497.1806,498.481797,508.903428,511.618943,5.102368
331,60000,12,0.778778,,0.778778,0.772729,0.774319,502.856,497.1806,498.65527,508.903428,511.618943,5.102368
332,60000,12,0.778778,,0.778778,0.773209,0.774495,502.856,497.5484,498.765261,508.903428,511.618943,5.102368
333,60000,12,0.778778,,0.778778,0.77329,0.774697,502.856,497.5484,498.949146,508.903428,511.618943,5.102368
334,60000,12,0.779928,,0.779928,0.773488,0.774953,504.2026,497.6177,499.140985,508.817089,511.618943,5.101462
335,60000,12,0.779928,,0.779928,0.773641,0.775196,504.2026,497.9576,499.368934,508.817089,511.618943,5.101462
336,60000,12,0.780227,,0.780227,0.773745,0.77541,504.2026,497.9576,499.491729,508.789396,511.618943,5.101462
337,60000,12,0.780227,,0.780227,0.773826,0.775575,504.2026,497.9576,499.642707,508.789396,511.618943,5.101462
338,60000,12,0.780227,,0.780227,0.773826,0.775738,503.4551,497.9576,499.763718,508.789396,510.433935,5.091704
339,60000,12,0.780227,,0.780227,0.773826,0.775897,503.4551,497.9576,499.901722,508.789396,510.433935,5.091704
340,60000,12,0.781295,,0.781295,0.774103,0.776161,504.4028,498.1601,500.145161,508.591535,510.650905,5.091704
341,60000,12,0.781295,,0.781295,0.774103,0.776323,504.4028,498.1601,500.316778,508.546547,510.650905,5.091704
342,60000,12,0.781295,,0.781295,0.774103,0.776572,504.4028,498.1601,500.532738,508.546547,510.53685,5.091704
343,60000,12,0.781295,,0.781295,0.77413,0.776882,504.4028,498.2294,500.820508,508.591535,510.581839,5.091704
344,60000,12,0.781295,,0.781295,0.77413,0.777336,504.4028,498.2294,501.273845,508.591535,510.581839,5.090389
345,60000,12,0.781295,,0.781295,0.774437,0.777744,504.4096,498.6404,501.620328,508.374863,510.642983,5.088509
346,60000,12,0.781295,,0.781295,0.774448,0.778084,504.4096,498.8113,501.897576,508.374863,510.581839,5.088509
347,60000,12,0.781295,,0.781295,0.775187,0.778424,504.4096,498.8113,502.21708,508.374863,510.581839,5.088509
348,60000,12,0.781428,,0.781428,0.775743,0.778766,504.4096,499.1669,502.501949,508.288524,510.2281,5.09926
349,60000,12,0.781428,,0.781428,0.775743,0.779048,504.4096,499.4557,502.711907,508.288524,510.2281,5.09926
350,60000,12,0.781428,,0.781428,0.775743,0.779284,504.4096,499.4557,502.899784,508.288524,510.362819,5.09926
351,60000,12,0.781552,,0.781552,0.775743,0.779641,504.5728,500.1614,503.121317,508.288524,510.362819,5.09926
352,60000,12,0.781772,,0.781772,0.775743,0.77982,504.5728,500.1614,503.232067,508.333513,510.362819,5.09926
353,60000,12,0.781772,,0.781772,0.775743,0.780202,505.3427,500.1614,503.481026,507.828579,510.080196,5.09926
354,60000,12,0.781772,,0.781772,0.777049,0.780365,505.3427,500.6346,503.58277,507.828579,509.857636,5.098576
355,60000,12,0.781772,,0.781772,0.777609,0.780619,505.3427,501.1029,503.764065,507.828579,509.857636,5.08897
356,60000,12,0.782169,,0.782169,0.778759,0.780921,505.3427,501.7194,503.949654,507.828579,509.32215,5.08897
357,60000,12,0.782169,,0.782169,0.77892,0.781049,505.3427,501.8335,504.036666,507.739712,509.32215,5.08897
358,60000,12,0.782169,,0.782169,0.77892,0.781177,505.3427,501.8335,504.119789,507.739712,509.32215,5.08897
359,60000,12,0.782169,,0.782169,0.77892,0.781312,505.811,501.8335,504.197794,507.739712,509.32215,5.08897
360,60000,12,0.782169,,0.782169,0.779178,0.78141,505.811,502.0506,504.270627,507.739712,509.103413,5.08897
361,60000,12,0.782505,,0.782505,0.779178,0.781523,505.811,502.0506,504.368179,507.653372,509.103413,5.089449
362,60000,12,0.783106,,0.783106,0.78046,0.781646,505.811,503.1556,504.506102,507.653372,509.085627,5.089449
363,60000,12,0.783106,,0.783106,0.78046,0.781772,505.811,503.1556,504.632772,507.570556,509.085627,5.076534
364,60000,12,0.783106,,0.783106,0.78046,0.781884,505.811,503.1556,504.712452,507.454355,509.085627,5.076534
365,60000,12,0.783282,,0.783282,0.78046,0.78199,506.482,503.1556,504.804012,507.454355,509.042617,5.076534
366,60000,12,0.783282,,0.783282,0.780495,0.782111,506.482,503.3256,504.947216,507.454355,509.042617,5.076534
367,60000,12,0.783282,,0.783282,0.780495,0.782233,506.482,503.6144,505.094735,507.454355,509.042617,5.089264
368,60000,12,0.783282,,0.783282,0.781114,0.78234,506.482,503.6144,505.205627,507.454355,509.042617,5.089264
369,60000,12,0.783282,,0.783282,0.781114,0.782463,506.482,503.6144,505.306468,507.454355,509.042617,5.089264
370,60000,12,0.783702,,0.783702,0.781114,0.782611,506.482,503.6144,505.418915,507.355349,509.042617,5.086432
371,60000,12,0.783702,,0.783702,0.781276,0.782754,506.482,503.8508,505.538392,507.355349,509.042617,5.086432
372,60000,12,0.783753,,0.783753,0.781673,0.782869,506.482,503.8508,505.614793,507.355349,508.926416,5.086432
373,60000,12,0.783753,,0.783753,0.781673,0.782994,506.482,503.8508,505.686368,507.311766,508.926416,5.084354
374,60000,12,0.783753,,0.783753,0.781729,0.783102,506.482,503.8508,505.706724,507.311766,508.882833,5.084354
375,60000,12,0.783939,,0.783939,0.782169,0.783206,506.482,504.1396,505.747992,507.311766,508.554217,5.081072
376,60000,12,0.783939,,0.783939,0.782169,0.78328,506.482,504.1396,505.771665,507.311766,508.554217,5.081072
377,60000,12,0.783939,,0.783939,0.782307,0.783352,506.482,504.1396,505.817736,507.311766,508.554217,5.081072
378,60000,12,0.783939,,0.783939,0.782362,0.783448,506.482,505.0171,505.845799,507.311766,508.554217,5.081072
379,60000,12,0.783939,,0.783939,0.782362,0.783514,506.482,505.0171,505.792261,507.311766,508.554217,5.081072
380,60000,12,0.784026,,0.784026,0.782932,0.7836,506.482,505.0171,505.838814,507.311766,508.5129,5.081072
381,60000,12,0.784405,,0.784405,0.782932,0.783669,506.482,505.0171,505.864312,507.311766,508.5129,5.081072
382,60000,12,0.784688,,0.784688,0.783282,0.783743,506.482,505.0171,505.925224,507.269539,508.43538,5.079226
383,60000,12,0.784688,,0.784688,0.783352,0.7838,506.482,505.0171,505.940294,507.269539,508.184745,5.079226
384,60000,12,0.784688,,0.784688,0.783408,0.783832,506.482,505.0171,505.932082,507.269539,508.128942,5.079226
385,60000,12,0.784688,,0.784688,0.783464,0.783889,506.4998,505.0171,505.992996,507.269539,508.107225,5.079226
386,60000,12,0.784688,,0.784688,0.783464,0.783935,506.4998,505.0171,506.035916,507.134819,508.107225,5.079226
387,60000,12,0.784924,,0.784924,0.78364,0.783967,506.4998,505.4854,506.068207,507.08487,508.107225,5.079226
388,60000,12,0.784924,,0.784924,0.783702,0.784002,506.4998,505.4854,506.069944,507.08487,508.107225,5.079226
389,60000,12,0.784924,,0.784924,0.783702,0.784058,506.4998,505.4854,506.075221,507.08487,508.107225,5.079226
390,60000,12,0.785452,,0.785452,0.783247,0.784157,508.245,504.5984,506.144525,506.995198,508.580065,5.079226
391,60000,12,0.785452,,0.785452,0.783753,0.784273,508.245,505.4854,506.252795,506.995198,508.580065,5.079226
392,60000,12,0.785452,,0.785452,0.783753,0.784369,508.245,505.4854,506.341035,506.995198,508.580065,5.079226
393,60000,12,0.785452,,0.785452,0.783753,0.784451,508.245,505.4854,506.425187,506.995198,508.580065,5.079226
394,60000,12,0.786835,,0.786835,0.783753,0.784573,508.9222,505.4854,506.526535,506.995198,508.489564,5.079226
395,60000,12,0.786835,,0.786835,0.783753,0.784662,508.9222,505.4854,506.568464,506.83301,508.489564,5.079226
396,60000,12,0.786835,,0.786835,0.783813,0.784763,508.9222,505.7569,506.636961,506.848827,508.489564,5.079226
397,60000,12,0.786835,,0.786835,0.783813,0.784859,508.9222,505.7569,506.694036,506.848827,508.489564,5.079226
398,60000,12,0.786835,,0.786835,0.783939,0.784982,508.9222,506.2283,506.792524,506.848827,508.489564,5.079226
399,60000,12,0.786835,,0.786835,0.783939,0.785075,509.0203,506.1071,506.890174,506.567774,508.269057,5.079226
400,60000,12,0.786835,,0.786835,0.783939,0.785209,509.0203,506.1071,506.999643,506.567774,508.269057,5.079226
401,60000,12,0.786835,,0.786835,0.784642,0.785321,509.0203,506.1071,507.109431,506.313336,508.306508,5.083065
402,60000,12,0.786835,,0.786835,0.784642,0.785438,509.0203,506.1071,507.232704,506.313336,508.170051,5.081701
403,60000,12,0.786835,,0.786835,0.784688,0.78556,509.0489,506.1071,507.337742,506.313336,508.170051,5.068488
404,60000,12,0.786835,,0.786835,0.784864,0.785675,509.0489,506.1071,507.420869,506.313336,507.939895,5.064313
405,60000,12,0.788553,,0.788553,0.784924,0.78584,509.5325,506.3786,507.585735,506.130859,508.026701,5.064313
406,60000,12,0.788553,,0.788553,0.784924,0.78605,510.5308,506.3786,507.837473,506.130859,507.869593,5.074521
407,60000,12,0.788553,,0.788553,0.784924,0.786176,510.5308,506.3786,507.953511,506.130859,507.869593,5.074521
408,60000,12,0.788553,,0.788553,0.784924,0.786318,510.5308,506.3786,508.050674,506.130859,507.869593,5.061309
409,60000,12,0.788553,,0.788553,0.784924,0.786509,510.5308,506.3786,508.213133,506.086231,507.869593,5.061309
410,60000,12,0.78879,,0.78879,0.784924,0.786702,510.5308,506.3786,508.30406,506.086231,507.869593,5.061309
411,60000,12,0.78879,,0.78879,0.784924,0.786872,510.5308,506.3786,508.400178,506.086231,507.869593,5.061309
412,60000,12,0.78879,,0.78879,0.785315,0.787049,510.5308,506.7611,508.496465,506.086231,507.738365,5.061309
413,60000,12,0.78879,,0.78879,0.785688,0.787177,510.5308,506.7724,508.576992,505.876422,507.738365,5.071516
414,60000,12,0.789681,,0.789681,0.786129,0.787307,510.5308,506.7724,508.615979,505.730961,507.738365,5.071516
415,60000,12,0.789918,,0.789918,0.786129,0.787408,510.5308,506.7724,508.678298,505.546292,507.738365,5.071516
416,60000,12,0.789918,,0.789918,0.786151,0.787582,510.5308,506.7724,508.733706,505.546292,507.738365,5.071516
417,60000,12,0.789918,,0.789918,0.786317,0.787779,510.5308,506.7724,508.801678,505.267027,507.738365,5.071516
418,60000,12,0.789918,,0.789918,0.786317,0.78791,510.5308,506.7724,508.869459,505.267027,507.738365,5.071516
419,60000,12,0.789918,,0.789918,0.786317,0.788093,510.5308,506.7724,509.029914,505.267027,507.738365,5.071516
420,60000,12,0.789918,,0.789918,0.786317,0.788296,510.5308,506.7724,509.155524,505.267027,507.738365,5.071516
421,60000,12,0.789918,,0.789918,0.786317,0.788475,510.3209,506.7724,509.305641,505.267027,507.738365,5.071516
422,60000,12,0.790297,,0.790297,0.786612,0.788594,510.3209,506.7724,509.384692,505.267027,507.738365,5.071516
423,60000,12,0.790297,,0.790297,0.786626,0.788801,510.8612,507.9635,509.506886,505.267027,507.45976,5.071516
424,60000,12,0.790297,,0.790297,0.786915,0.788993,510.8612,508.4326,509.613426,505.410709,507.37209,5.07107
425,60000,12,0.790297,,0.790297,0.787096,0.78911,510.8612,508.4326,509.683589,505.410709,507.37209,5.07107
426,60000,12,0.790297,,0.790297,0.787096,0.78922,510.8612,508.4326,509.703703,505.410709,507.37209,5.07107
427,60000,12,0.790297,,0.790297,0.787096,0.78932,510.8612,508.674,509.730588,505.410709,507.37209,5.07107
428,60000,12,0.790451,,0.790451,0.787137,0.789442,510.8612,508.674,509.800663,505.360131,507.37209,5.068972
429,60000,12,0.790582,,0.790582,0.787137,0.789535,510.8612,508.674,509.849148,505.221155,507.37209,5.067982
430,60000,12,0.790593,,0.790593,0.787137,0.789655,511.5253,508.674,509.922348,505.218138,507.37209,5.063655
431,60000,12,0.79111,,0.79111,0.787137,0.789742,511.5253,508.674,509.993541,505.218138,507.37209,5.061125
432,60000,12,0.79111,,0.79111,0.788407,0.78988,511.5253,509.2834,510.068878,505.218138,507.37209,5.061125
433,60000,12,0.79111,,0.79111,0.78843,0.790027,511.5253,509.2834,510.129664,505.218138,506.789498,5.061125
434,60000,12,0.79111,,0.79111,0.78879,0.790142,511.5253,509.2834,510.221236,505.218138,506.789498,5.061125
435,60000,12,0.79111,,0.79111,0.78879,0.790283,511.5253,509.2834,510.318444,505.085572,506.567523,5.061125
436,60000,12,0.791531,,0.791531,0.78879,0.790397,512.8719,509.5325,510.381786,505.031976,506.567523,5.061125
437,60000,12,0.791774,,0.791774,0.78941,0.790507,512.8719,509.8952,510.470533,504.893,506.404646,5.061125
438,60000,12,0.791785,,0.791785,0.789918,0.790611,512.8719,509.8952,510.577136,504.893,506.404646,5.061125
439,60000,12,0.791785,,0.791785,0.789918,0.790743,512.8719,509.8952,510.753696,504.893,506.404646,5.061125
440,60000,12,0.791785,,0.791785,0.789918,0.790909,512.8719,509.8952,510.937211,504.893,506.404646,5.061125
441,60000,12,0.791986,,0.791986,0.789918,0.791062,512.8719,509.8952,511.124047,504.893,506.404646,5.061125
442,60000,12,0.792195,,0.792195,0.789918,0.791185,512.8719,509.8952,511.256169,504.865308,506.112512,5.061125
443,60000,12,0.792195,,0.792195,0.789918,0.791338,512.8719,509.8952,511.456207,504.865308,506.112512,5.061125
444,60000,12,0.792195,,0.792195,0.790582,0.791479,512.8719,510.183,511.588777,504.865308,506.112512,5.061125
445,60000,12,0.792195,,0.792195,0.790582,0.791594,512.8719,510.183,511.704559,504.757417,506.112512,5.061125
446,60000,12,0.792195,,0.792195,0.790582,0.791653,512.8719,510.183,511.76553,504.865308,506.323509,5.063235
447,60000,12,0.792195,,0.792195,0.790582,0.791752,512.8719,510.183,511.876403,504.865308,506.404646,5.060848
448,60000,12,0.792449,,0.792449,0.790582,0.791825,513.1597,510.183,511.95863,504.865308,506.08482,5.060848
449,60000,12,0.792449,,0.792449,0.790582,0.791928,513.1597,510.183,512.095547,504.865308,506.08482,5.060848
450,60000,12,0.79287,,0.79287,0.791531,0.792014,513.1597,511.2418,512.196826,504.865308,506.08482,5.060848
451,60000,12,0.79287,,0.79287,0.791531,0.792056,513.1597,511.2418,512.239598,504.865308,506.08482,5.060848
452,60000,12,0.79287,,0.79287,0.791531,0.792078,513.1597,511.2418,512.269257,504.729725,506.08482,5.060848
453,60000,12,0.79287,,0.79287,0.791774,0.792153,513.1597,511.5296,512.374366,504.729725,506.08482,5.059283
454,60000,12,0.79287,,0.79287,0.791774,0.792235,513.1597,511.5296,512.470549,504.545481,506.08482,5.059283
455,60000,12,0.79287,,0.79287,0.790434,0.792287,513.3989,510.4261,512.477985,504.545481,506.08482,5.059283
456,60000,12,0.79287,,0.79287,0.791785,0.792389,513.3989,511.4467,512.577166,504.591146,506.08482,5.059283
457,60000,12,0.79287,,0.79287,0.791785,0.792461,513.3989,511.4467,512.631837,504.591146,506.08482,5.059283
458,60000,12,0.793249,,0.793249,0.791785,0.792528,513.3989,511.4467,512.693509,504.591146,506.08482,5.059283
459,60000,12,0.793249,,0.793249,0.791986,0.792579,513.4007,511.4467,512.743773,504.591146,505.928348,5.059283
460,60000,12,0.793249,,0.793249,0.791986,0.79265,513.4007,511.4467,512.797487,504.591146,505.928348,5.059283
461,60000,12,0.793249,,0.793249,0.791986,0.792712,513.4007,511.4467,512.871396,504.591146,505.928348,5.059283
462,60000,12,0.793249,,0.793249,0.792102,0.792769,513.4007,511.4467,512.970945,504.591146,505.781056,5.056032
463,60000,12,0.793317,,0.793317,0.792212,0.792815,513.4007,511.4467,513.050229,504.591146,505.781056,5.054315
464,60000,12,0.793317,,0.793317,0.792302,0.79287,513.5298,511.6158,513.147086,504.591146,505.621082,5.054315
465,60000,12,0.793939,,0.793939,0.792585,0.792926,513.8176,511.7113,513.171191,504.591146,505.621082,5.054315
466,60000,12,0.793939,,0.793939,0.792585,0.792982,513.8176,511.7113,513.209993,504.591146,505.621082,5.054315
467,60000,12,0.793939,,0.793939,0.792585,0.793071,513.8176,512.7585,513.237205,504.591146,505.621082,5.050716
468,60000,12,0.793939,,0.793939,0.792585,0.793121,513.8195,512.7585,513.26095,504.812403,505.621082,5.050716
469,60000,12,0.793939,,0.793939,0.79287,0.793192,513.8195,512.7585,513.293176,504.812403,505.572236,5.050716
470,60000,12,0.793939,,0.793939,0.79287,0.793268,513.8195,512.7585,513.320532,504.812403,505.572236,5.050716
471,60000,12,0.794195,,0.794195,0.792896,0.793345,513.8195,512.7585,513.368874,504.296349,505.572236,5.050716
472,60000,12,0.794195,,0.794195,0.792896,0.79342,513.8195,512.7585,513.415747,504.296349,505.572236,5.050716
473,60000,12,0.795786,,0.795786,0.792896,0.793515,514.822,512.5436,513.471436,504.270826,505.572236,5.050716
474,60000,12,0.795786,,0.795786,0.792986,0.793616,514.822,512.7215,513.544092,504.270826,505.486641,5.050716
475,60000,12,0.795786,,0.795786,0.792986,0.793686,514.822,512.5893,513.594286,504.225473,505.486641,5.050716
476,60000,12,0.795786,,0.795786,0.792986,0.793775,514.822,512.5893,513.6564,504.225473,505.486641,5.050716
477,60000,12,0.795854,,0.795854,0.792986,0.793871,514.8239,512.7215,513.706934,504.218963,505.486641,5.04936
478,60000,12,0.795854,,0.795854,0.792986,0.794007,514.8239,512.7215,513.780449,504.218963,505.502404,5.04936
479,60000,12,0.795854,,0.795854,0.793317,0.794135,514.8239,512.7215,513.829486,504.218963,505.486641,5.04936
480,60000,12,0.795854,,0.795854,0.793317,0.794261,514.8239,512.7215,513.875837,504.218963,505.486641,5.04936
481,60000,12,0.795854,,0.795854,0.793317,0.794446,514.8239,512.9624,513.980793,504.020057,505.486641,5.04936
482,60000,12,0.795854,,0.795854,0.793366,0.794604,514.8239,512.9624,514.058647,504.020057,505.06213,5.04936
483,60000,12,0.795854,,0.795854,0.793939,0.794813,514.8239,513.0062,514.145818,503.968194,505.038665,5.050387
484,60000,12,0.795854,,0.795854,0.793939,0.795018,514.8239,513.0062,514.194257,503.968194,505.038665,5.050387
485,60000,12,0.795854,,0.795854,0.793939,0.795235,514.8239,513.0062,514.290923,503.968194,505.038665,5.050387
486,60000,12,0.795854,,0.795854,0.793939,0.79539,514.8239,513.0062,514.404088,503.968194,505.038665,5.049868
487,60000,12,0.795854,,0.795854,0.793939,0.795539,514.8239,513.0062,514.517215,503.968194,505.038665,5.049868
488,60000,12,0.795889,,0.795889,0.794007,0.795644,514.8239,513.0062,514.591895,503.521753,504.986802,5.049868
489,60000,12,0.795957,,0.795957,0.794007,0.795715,514.8239,513.0062,514.628428,503.46989,504.986802,5.049868
490,60000,12,0.795957,,0.795957,0.794616,0.79578,514.8239,513.0081,514.674906,503.46989,504.270826,5.04219
491,60000,12,0.795957,,0.795957,0.794616,0.795796,514.8239,513.0081,514.692973,503.46989,504.565129,5.04219
492,60000,12,0.795957,,0.795957,0.794616,0.795823,514.8239,513.0081,514.689486,503.46989,504.218963,5.04219
493,60000,12,0.795957,,0.795957,0.794616,0.795826,514.8239,513.0081,514.659556,503.46989,504.218963,5.04219
494,60000,12,0.795957,,0.795957,0.794616,0.795843,514.8239,513.0081,514.647803,503.46989,504.218963,5.04219
495,60000,12,0.795957,,0.795957,0.794616,0.795861,514.8239,513.0081,514.626048,503.46989,504.218963,5.04219
496,60000,12,0.797047,,0.797047,0.795854,0.795887,514.8239,513.8256,514.622561,503.175586,504.218963,5.04219
497,60000,12,0.797047,,0.797047,0.795854,0.795904,514.8239,513.8256,514.58095,503.175586,504.218963,5.04219
498,60000,12,0.797047,,0.797047,0.795854,0.795917,514.8239,513.5541,514.532338,503.093729,504.218963,5.04219
499,60000,12,0.797047,,0.797047,0.795854,0.795932,514.8239,513.8256,514.489156,503.093729,504.218963,5.04219
500,60000,12,0.797047,,0.797047,0.795854,0.795979,514.8239,513.8256,514.468171,503.093729,504.218963,5.04219
501,60000,12,0.797047,,0.797047,0.795854,0.796028,514.8239,513.8256,514.451472,503.093729,504.218963,5.04219
502,60000,12,0.797047,,0.797047,0.795854,0.796079,514.8239,513.8256,514.414807,503.093729,504.218963,5.04219
503,60000,12,0.797047,,0.797047,0.795854,0.796104,514.8239,513.8256,514.401466,503.093729,504.218963,5.04219
504,60000,12,0.797047,,0.797047,0.795854,0.796206,514.8239,513.8256,514.412018,503.093729,504.218963,5.04219
505,60000,12,0.797064,,0.797064,0.795854,0.796316,514.8239,513.8256,514.460823,503.093729,504.218963,5.04219
506,60000,12,0.797064,,0.797064,0.795854,0.796435,514.8239,513.8256,514.512503,503.093729,504.218963,5.034699
507,60000,12,0.797064,,0.797064,0.795871,0.796545,514.8239,513.8256,514.521644,503.080499,504.205733,5.034699
508,60000,12,0.797064,,0.797064,0.795871,0.796693,514.8239,513.8256,514.569698,503.080499,504.205733,5.031756
509,60000,12,0.797064,,0.797064,0.795871,0.796754,514.8239,513.8256,514.585555,503.080499,504.205733,5.031756
510,60000,12,0.797064,,0.797064,0.795871,0.796824,514.8239,513.8256,514.595447,503.080499,504.205733,5.031756
511,60000,12,0.797097,,0.797097,0.795871,0.796872,514.8239,513.8256,514.608697,503.080499,504.205733,5.031756
512,60000,12,0.797097,,0.797097,0.795871,0.79692,514.8239,513.8256,514.636216,503.136657,504.205733,5.031756
513,60000,12,0.797144,,0.797144,0.795871,0.797012,514.8239,514.656,514.662716,503.10046,504.205733,5.031756
514,60000,12,0.797144,,0.797144,0.795871,0.797025,514.8239,514.656,514.661037,503.10046,504.205733,5.031756
515,60000,12,0.797144,,0.797144,0.795871,0.79704,514.8239,514.656,514.659358,503.10046,504.205733,5.031756
516,60000,12,0.797144,,0.797144,0.795871,0.797041,514.8239,514.656,514.659358,503.10046,504.205733,5.031756
517,60000,12,0.797144,,0.797144,0.795871,0.797056,514.8239,514.656,514.657679,503.10046,504.205733,5.031756
518,60000,12,0.797144,,0.797144,0.797047,0.797072,514.656,514.656,514.656,503.10046,503.175586,5.031756
519,60000,12,0.797144,,0.797144,0.797047,0.797077,514.656,514.656,514.656,503.10046,503.175586,5.031756
520,60000,12,0.797594,,0.797594,0.795614,0.797059,516.1837,514.217,514.676884,502.886455,504.237105,5.031005
521,60000,12,0.797667,,0.797667,0.796097,0.797103,516.1837,514.3677,514.711837,502.886455,503.987017,5.031005
522,60000,12,0.798004,,0.798004,0.797064,0.797147,516.1837,514.656,514.756804,502.886455,503.900964,5.031005
523,60000,12,0.798004,,0.798004,0.797064,0.797169,516.1837,514.656,514.791452,502.886455,503.900964,5.031005
524,60000,12,0.798004,,0.798004,0.797064,0.797222,516.1837,514.656,514.823406,502.824559,503.900964,5.031005
525,60000,12,0.798239,,0.798239,0.797064,0.797269,516.1837,514.656,514.864035,502.824559,503.900964,5.031005
526,60000,12,0.798239,,0.798239,0.797064,0.797336,516.1837,514.656,514.925968,502.824559,503.900964,5.031005
527,60000,12,0.798239,,0.798239,0.797064,0.797383,516.1837,514.656,514.974555,502.824559,503.900964,5.031005
528,60000,12,0.798476,,0.798476,0.797064,0.797495,516.1837,514.656,515.069086,502.75612,503.900964,5.031005
529,60000,12,0.799091,,0.799091,0.797064,0.797586,516.424,514.656,515.149726,502.679177,503.900964,5.030569
530,60000,12,0.799091,,0.799091,0.797097,0.797716,516.424,514.656,515.222044,502.679177,503.862035,5.030569
531,60000,12,0.79917,,0.79917,0.797097,0.797866,516.5341,514.656,515.313131,502.617281,503.729281,5.030569
532,60000,12,0.79917,,0.79917,0.797097,0.797939,516.5341,514.656,515.368709,502.617281,503.71605,5.029265
533,60000,12,0.799625,,0.799625,0.797144,0.798084,516.7388,514.656,515.491046,502.560914,503.690351,5.029265
534,60000,12,0.799704,,0.799704,0.797144,0.798196,516.7388,514.656,515.576481,502.499018,503.690351,5.029265
535,60000,12,0.799704,,0.799704,0.797144,0.798326,516.7388,514.656,515.6839,502.499018,503.10046,5.029265
536,60000,12,0.799704,,0.799704,0.797144,0.798424,516.7388,514.656,515.768636,502.499018,503.10046,5.029265
537,60000,12,0.799704,,0.799704,0.797144,0.798519,516.7388,514.656,515.839151,502.499018,503.10046,5.029265
538,60000,12,0.799704,,0.799704,0.7972,0.798607,516.7388,514.656,515.899821,502.499018,503.056878,5.029265
539,60000,12,0.799797,,0.799797,0.797627,0.798747,516.7715,514.8607,516.007362,502.44857,502.970125,5.029265
540,60000,12,0.799874,,0.799874,0.797763,0.79891,517.0533,515.1826,516.150564,502.44857,502.970125,5.029265
541,60000,12,0.799887,,0.799887,0.797819,0.799024,517.086,515.1826,516.243323,502.44857,502.941451,5.028583
542,60000,12,0.799887,,0.799887,0.797819,0.799119,517.086,515.1826,516.317182,502.44857,502.946901,5.028583
543,60000,12,0.799887,,0.799887,0.797819,0.799234,517.086,515.1826,516.397409,502.44857,502.926543,5.028583
544,60000,12,0.799943,,0.799943,0.798293,0.799316,517.086,515.3873,516.465468,502.447925,502.901868,5.028583
545,60000,12,0.799966,,0.799966,0.798293,0.799408,517.086,515.3873,516.540095,502.447925,502.901868,5.028583
546,60000,12,0.799966,,0.799966,0.798349,0.799489,517.086,515.3873,516.618027,502.447925,502.901868,5.028583
547,60000,12,0.799966,,0.799966,0.798349,0.799591,517.086,515.3873,516.697322,502.447925,502.901868,5.026609
548,60000,12,0.799966,,0.799966,0.798471,0.799679,517.086,515.9048,516.772225,502.447925,502.901868,5.026609
549,60000,12,0.799966,,0.799966,0.798471,0.799744,517.086,515.9048,516.815472,502.447925,502.901868,5.025454
550,60000,12,0.800022,,0.800022,0.798471,0.799779,517.086,515.9048,516.835894,502.439369,502.901868,5.025454
551,60000,12,0.800022,,0.800022,0.799226,0.799816,517.086,516.2449,516.867844,502.439369,502.672338,5.025454
552,60000,12,0.800022,,0.800022,0.799226,0.799835,517.086,516.424,516.890143,502.397477,502.672338,5.025454
553,60000,12,0.800022,,0.800022,0.799704,0.799866,517.086,516.7388,516.924374,502.397477,502.588972,5.025454
554,60000,12,0.800022,,0.800022,0.799704,0.799881,517.086,516.7388,516.946716,502.397477,502.588972,5.025454
555,60000,12,0.800022,,0.800022,0.79977,0.799894,517.086,516.7388,516.963095,502.397477,502.588972,5.024835
556,60000,12,0.800032,,0.800032,0.79977,0.79991,517.086,516.7388,516.982619,502.397477,502.588972,5.024835
557,60000,12,0.800054,,0.800054,0.79977,0.799932,517.086,516.7388,517.003601,502.302096,502.577524,5.024835
558,60000,12,0.800054,,0.800054,0.799797,0.799955,517.086,516.7715,517.025237,502.302096,502.577524,5.024835
559,60000,12,0.80039,,0.80039,0.799797,0.799974,517.086,516.7715,517.039275,502.196978,502.577524,5.024835
560,60000,12,0.800473,,0.800473,0.799797,0.79999,517.2729,516.7715,517.046701,502.196978,502.577524,5.024835
561,60000,12,0.800473,,0.800473,0.799797,0.800018,517.2729,516.7715,517.053832,502.153395,502.577524,5.024835
562,60000,12,0.800538,,0.800538,0.799797,0.800057,517.5778,516.7715,517.071045,502.153395,502.533724,5.024835
563,60000,12,0.800538,,0.800538,0.799797,0.800096,517.5778,516.7715,517.090695,502.153395,502.533724,5.024835
564,60000,12,0.800538,,0.800538,0.799966,0.800141,517.6105,516.8519,517.110104,502.145884,502.533724,5.024835
565,60000,12,0.80056,,0.80056,0.799966,0.800202,517.6105,516.8519,517.141624,502.03256,502.533724,5.024835
566,60000,12,0.80056,,0.80056,0.799966,0.800252,517.6105,516.8519,517.162885,502.03256,502.533724,5.024835
567,60000,12,0.800729,,0.800729,0.800022,0.800295,517.6105,516.8519,517.181374,501.971997,502.533724,5.024835
568,60000,12,0.800729,,0.800729,0.800022,0.80033,517.6105,516.8519,517.190423,501.971997,502.533724,5.024835
569,60000,12,0.800729,,0.800729,0.800022,0.800376,517.6105,516.8519,517.205721,501.971997,502.533724,5.024835
570,60000,12,0.800979,,0.800979,0.800022,0.800422,517.7974,516.8519,517.224894,501.971997,502.533724,5.024835
571,60000,12,0.801043,,0.801043,0.800022,0.800484,518.3142,517.086,517.255449,502.050503,502.533724,5.024835
572,60000,12,0.801549,,0.801549,0.800022,0.800531,518.5011,517.086,517.272224,502.050503,502.510282,5.021534
573,60000,12,0.801549,,0.801549,0.800032,0.800575,518.5011,516.9964,517.304068,502.050503,502.510282,5.021534
574,60000,12,0.801549,,0.801549,0.800032,0.800635,518.5011,517.086,517.363695,502.050503,502.510282,5.021459
575,60000,12,0.801549,,0.801549,0.800032,0.800695,518.5011,517.086,517.417181,502.050503,502.510282,5.021459
576,60000,12,0.801549,,0.801549,0.800032,0.800738,518.5011,517.086,517.468694,502.050503,502.510282,5.021459
577,60000,12,0.801549,,0.801549,0.800446,0.800807,518.5011,517.086,517.564149,502.050503,502.510282,5.021459
578,60000,12,0.801549,,0.801549,0.800446,0.800857,518.5011,517.086,517.627217,502.050503,502.510282,5.021459
579,60000,12,0.801799,,0.801799,0.800455,0.800904,518.9452,517.086,517.684343,502.050503,502.483276,5.021459
580,60000,12,0.801799,,0.801799,0.800455,0.800979,518.9452,517.086,517.772929,502.050503,502.483276,5.021459
581,60000,12,0.801799,,0.801799,0.800455,0.801053,518.9452,517.086,517.864228,502.050503,502.483276,5.022064
582,60000,12,0.801799,,0.801799,0.800473,0.801095,518.9452,517.1664,517.909051,502.002878,502.483276,5.020983
583,60000,12,0.801799,,0.801799,0.800473,0.801151,518.9452,517.1664,517.983177,502.002878,502.483276,5.020983
584,60000,12,0.801799,,0.801799,0.800473,0.801213,518.9452,517.1664,518.067876,502.002878,502.483276,5.020983
585,60000,12,0.805622,,0.805622,0.799533,0.801336,521.0538,515.2255,518.161219,500.511281,502.483276,5.020029
586,60000,12,0.805622,,0.805622,0.800647,0.801461,521.0538,517.1664,518.31697,500.511281,502.343421,5.020029
587,60000,12,0.805622,,0.805622,0.800647,0.801607,521.0538,517.1664,518.450774,500.511281,502.343421,5.020029
588,60000,12,0.805622,,0.805622,0.800647,0.801729,521.2303,517.1664,518.5795,500.511281,502.343421,5.021056
589,60000,12,0.806128,,0.806128,0.800729,0.801949,521.2407,517.3533,518.778051,500.504776,502.343421,5.021056
590,60000,12,0.806128,,0.806128,0.800908,0.802161,521.2407,517.4899,518.938305,500.504776,502.343421,5.021056
591,60000,12,0.806128,,0.806128,0.800908,0.802362,521.2407,517.4899,519.067121,500.504776,502.343421,5.021056
592,60000,12,0.806128,,0.806128,0.801075,0.802599,521.2407,517.7471,519.226424,500.504776,502.343421,5.021056
593,60000,12,0.806128,,0.806128,0.801075,0.802722,521.2407,517.7471,519.28675,500.504776,502.343421,5.021056
594,60000,12,0.806128,,0.806128,0.801075,0.803031,521.4706,517.7471,519.449449,500.504776,502.343421,5.021056
595,60000,12,0.806128,,0.806128,0.801075,0.803295,521.4706,517.7471,519.561488,500.504776,502.343421,5.021056
596,60000,12,0.806128,,0.806128,0.801075,0.803525,521.4706,517.7471,519.690166,500.504776,502.343421,5.021056
597,60000,12,0.806128,,0.806128,0.801075,0.803737,521.4706,517.7471,519.818346,500.504776,502.343421,5.021056
598,60000,12,0.806273,,0.806273,0.801799,0.803952,521.6575,518.5417,519.942683,500.504776,502.343421,5.023434
599,60000,12,0.806273,,0.806273,0.801799,0.80413,521.6575,518.5417,520.063965,500.46748,502.343421,5.023434
600,60000,12,0.806273,,0.806273,0.801799,0.804333,521.6575,518.9452,520.207712,500.46748,502.343421,5.021769
601,60000,12,0.806273,,0.806273,0.801799,0.804549,521.6575,518.9452,520.352296,500.462163,502.343421,5.022374
602,60000,12,0.806408,,0.806408,0.801799,0.804702,521.6575,518.9452,520.440946,500.462163,502.343421,5.022374
603,60000,12,0.807197,,0.807197,0.801799,0.805017,521.7711,518.9452,520.621049,500.026789,502.343421,5.009408
604,60000,12,0.807197,,0.807197,0.801799,0.805207,521.7711,518.9452,520.730603,500.026789,502.343421,5.009408
605,60000,12,0.80723,,0.80723,0.803124,0.805468,521.887,519.5994,520.850955,500.026789,501.748817,5.009408
606,60000,12,0.80723,,0.80723,0.803124,0.805668,521.887,519.5994,520.972629,500.026789,501.748817,5.009408
607,60000,12,0.807332,,0.807332,0.803124,0.805836,521.887,519.5994,521.065941,499.897718,501.748817,5.009408
608,60000,12,0.807365,,0.807365,0.803124,0.805971,521.887,519.5994,521.139103,499.897718,501.748817,5.006712
609,60000,12,0.807365,,0.807365,0.803134,0.806119,521.887,519.5994,521.220796,499.897718,501.740819,5.006712
610,60000,12,0.807365,,0.807365,0.804264,0.806256,521.887,520.0941,521.30274,499.897718,501.38236,5.006712
611,60000,12,0.807365,,0.807365,0.805007,0.806416,521.887,520.0941,521.386337,499.897718,501.121752,5.006712
612,60000,12,0.807365,,0.807365,0.805007,0.806548,521.887,520.0941,521.46379,499.897718,501.053302,5.006712
613,60000,12,0.807365,,0.807365,0.805007,0.806698,521.887,520.0941,521.559414,499.897718,501.053302,5.006712
614,60000,12,0.807417,,0.807417,0.805522,0.806819,521.887,520.8676,521.615233,499.855105,501.013358,5.006712
615,60000,12,0.807417,,0.807417,0.805522,0.806892,521.887,520.8676,521.643977,499.855105,501.013358,5.006712
616,60000,12,0.807417,,0.807417,0.805931,0.807007,521.887,520.8676,521.670099,499.855105,500.671237,5.006712
617,60000,12,0.807417,,0.807417,0.805931,0.807092,521.887,520.8676,521.699168,499.855105,500.671237,5.006712
618,60000,12,0.807417,,0.807417,0.805931,0.807161,521.887,520.8676,521.731364,499.855105,500.671237,5.006712
619,60000,12,0.80745,,0.80745,0.805931,0.807241,521.887,520.8676,521.761724,499.855105,500.542166,5.004996
620,60000,12,0.80745,,0.80745,0.806408,0.807291,521.887,521.6219,521.77649,499.855105,500.542166,5.004996
621,60000,12,0.80745,,0.80745,0.806408,0.80734,521.887,521.6219,521.782172,499.855105,500.542166,4.999494
622,60000,12,0.80745,,0.80745,0.806493,0.807366,521.887,521.6575,521.789722,499.855105,500.499553,4.999494
623,60000,12,0.80745,,0.80745,0.807332,0.80739,521.887,521.7355,521.796448,499.855105,499.949427,4.999494
624,60000,12,0.80745,,0.80745,0.807332,0.8074,521.887,521.7355,521.806606,499.855105,499.949427,4.999494
625,60000,12,0.80745,,0.80745,0.807332,0.807407,521.887,521.7355,521.816855,499.855105,499.949427,4.999494
626,60000,12,0.80745,,0.80745,0.807332,0.807417,521.887,521.7355,521.828172,499.855105,499.949427,4.998551
627,60000,12,0.80745,,0.80745,0.807332,0.807423,521.887,521.7355,521.834588,499.855105,499.949427,4.999068
628,60000,12,0.80745,,0.80745,0.807332,0.807428,521.887,521.7355,521.848049,499.855105,499.949427,4.999068
629,60000,12,0.80745,,0.80745,0.807365,0.807432,521.887,521.7711,521.858836,499.855105,499.949427,4.999068
630,60000,12,0.80745,,0.80745,0.807365,0.807435,521.887,521.7711,521.865343,499.855105,499.949427,4.999068
631,60000,12,0.80745,,0.80745,0.807365,0.807437,521.887,521.7711,521.870335,499.855105,499.949427,4.999068
632,60000,12,0.80745,,0.80745,0.807365,0.807441,521.887,521.7711,521.87488,499.855105,499.949427,4.999068
633,60000,12,0.80745,,0.80745,0.807365,0.807443,521.887,521.7711,521.87791,499.855105,499.949427,4.999068
634,60000,12,0.80745,,0.80745,0.807365,0.807445,521.887,521.7711,521.882902,499.855105,499.949427,4.999068
635,60000,12,0.80745,,0.80745,0.807365,0.807446,521.887,521.7711,521.883258,499.855105,499.949427,4.999068
636,60000,12,0.80745,,0.80745,0.807365,0.807448,521.887,521.7711,521.88397,499.855105,499.949427,4.999068
637,60000,12,0.808207,,0.808207,0.807365,0.807456,522.6661,521.7711,521.892117,499.838416,499.949427,4.999068
638,60000,12,0.808207,,0.808207,0.80745,0.807465,522.6661,521.887,521.902582,499.838416,499.906814,4.999068
639,60000,12,0.808207,,0.808207,0.80745,0.807481,522.6661,521.887,521.918164,499.838416,499.906814,4.999068
640,60000,12,0.808207,,0.808207,0.80745,0.807481,522.6661,521.887,521.918164,499.838416,499.906814,4.999068
641,60000,12,0.808207,,0.808207,0.80745,0.807488,522.6661,521.887,521.925955,499.838416,499.906814,4.999068
642,60000,12,0.808207,,0.808207,0.80745,0.807496,522.6661,521.887,521.933746,499.838416,499.906814,4.999068
643,60000,12,0.808207,,0.808207,0.80745,0.807526,522.6661,521.887,521.96491,499.838416,499.906814,4.999068
644,60000,12,0.808207,,0.808207,0.80745,0.807556,522.6661,521.887,521.996074,499.838416,499.906814,4.999068
645,60000,12,0.808207,,0.808207,0.80745,0.807587,522.6661,521.887,522.027238,499.838416,499.906814,4.999068
646,60000,12,0.808207,,0.808207,0.80745,0.807617,522.6661,521.887,522.058402,499.838416,499.906814,4.999068
647,60000,12,0.808207,,0.808207,0.80745,0.807662,522.6661,521.887,522.105148,499.838416,499.906814,4.999068
648,60000,12,0.808207,,0.808207,0.80745,0.807685,522.6661,521.887,522.128521,499.838416,499.906814,4.999068
649,60000,12,0.808207,,0.808207,0.80745,0.807702,522.6661,521.887,522.146628,499.838416,499.968751,4.999068
650,60000,12,0.808409,,0.808409,0.807391,0.807728,522.6661,521.1864,522.14097,499.006021,499.906814,4.999068
651,60000,12,0.808596,,0.808596,0.80745,0.80778,522.8821,521.1868,522.204028,499.006021,499.906814,4.999068
652,60000,12,0.808596,,0.808596,0.80745,0.807861,522.8821,521.1868,522.276942,499.006021,499.906814,4.999068
653,60000,12,0.808596,,0.808596,0.80745,0.80793,522.8821,521.1868,522.320986,499.006021,499.906814,4.999068
654,60000,12,0.809318,,0.809318,0.80745,0.807965,522.8821,521.3379,522.347733,498.95219,499.906814,4.999068
655,60000,12,0.809318,,0.809318,0.80745,0.808032,522.8821,521.887,522.413211,498.95219,499.906814,4.999068
656,60000,12,0.809318,,0.809318,0.80745,0.808103,522.8821,521.887,522.454367,498.95219,499.906814,4.999068
657,60000,12,0.809318,,0.809318,0.80745,0.808143,522.8821,521.887,522.484855,498.95219,499.906814,4.999068
658,60000,12,0.809318,,0.809318,0.80745,0.808189,522.8821,521.887,522.516078,498.95219,499.906814,4.998384
659,60000,12,0.809318,,0.809318,0.80745,0.808252,522.8821,521.887,522.550995,498.95219,499.906814,4.998384
660,60000,12,0.809318,,0.809318,0.80745,0.808293,522.8821,521.887,522.571876,498.95219,499.906814,4.998384
661,60000,12,0.809318,,0.809318,0.80745,0.808348,522.8821,521.887,522.576575,498.95219,499.906814,4.998384
662,60000,12,0.809318,,0.809318,0.80745,0.808436,522.9456,521.887,522.591251,498.95219,499.906814,4.998384
663,60000,12,0.809318,,0.809318,0.808207,0.808528,522.9456,522.0125,522.599223,498.95219,499.838416,4.998384
664,60000,12,0.809318,,0.809318,0.808207,0.808625,522.9456,522.117,522.612912,498.95219,499.838416,4.998384
665,60000,12,0.809318,,0.809318,0.808207,0.808741,522.9456,522.117,522.642137,498.95219,499.838416,4.998384
666,60000,12,0.809318,,0.809318,0.808207,0.80881,522.9456,522.117,522.665388,498.95219,499.838416,4.998384
667,60000,12,0.809318,,0.809318,0.808207,0.808882,522.9456,522.117,522.681709,498.95219,499.838416,4.998384
668,60000,12,0.809318,,0.809318,0.808207,0.808945,522.9456,522.117,522.676777,498.95219,499.838416,4.998384
669,60000,12,0.809318,,0.809318,0.808207,0.80902,522.9456,522.117,522.68108,498.95219,499.838416,4.992106
670,60000,12,0.809318,,0.809318,0.808207,0.809082,522.9456,522.117,522.671886,498.95219,499.838416,4.992106
671,60000,12,0.809318,,0.809318,0.808263,0.80916,522.9456,522.117,522.692109,498.95219,499.794833,4.992142
672,60000,12,0.809318,,0.809318,0.808263,0.809195,522.9456,522.117,522.695719,498.95219,499.794833,4.992142
673,60000,12,0.809318,,0.809318,0.808263,0.80922,522.9456,522.2294,522.693157,498.95219,499.794833,4.992142
674,60000,12,0.809318,,0.809318,0.808263,0.809231,522.9456,522.6364,522.684859,498.95219,499.794833,4.992142
675,60000,12,0.809318,,0.809318,0.808263,0.809257,522.9456,522.6364,522.677149,498.95219,499.821239,4.992142
676,60000,12,0.809318,,0.809318,0.808263,0.80929,522.9456,522.6364,522.667914,498.95219,499.794833,4.992142
677,60000,12,0.809318,,0.809318,0.808263,0.809302,522.9456,522.6364,522.661433,498.95219,499.794833,4.992142
678,60000,12,0.809318,,0.809318,0.809248,0.809314,522.9456,522.6364,522.654952,498.95219,499.214157,4.992142
679,60000,12,0.809318,,0.809318,0.809248,0.809315,522.9456,522.6364,522.648768,498.95219,499.214157,4.992142
680,60000,12,0.809318,,0.809318,0.809248,0.809315,522.9456,522.6364,522.648768,498.95219,499.214157,4.992142
681,60000,12,0.809318,,0.809318,0.809248,0.809316,522.9456,522.6364,522.645676,498.95219,499.214157,4.992142
682,60000,12,0.809318,,0.809318,0.809248,0.809317,522.9456,522.6364,522.642584,498.95219,499.214157,4.992142
683,60000,12,0.809318,,0.809318,0.809248,0.809317,522.9456,522.6364,522.639492,498.95219,499.214157,4.992142
684,60000,12,0.809318,,0.809318,0.809318,0.809318,522.6364,522.6364,522.6364,498.95219,498.95219,4.989522
685,60000,12,0.809318,,0.809318,0.809318,0.809318,522.6364,522.6364,522.6364,498.95219,498.95219,4.989522
686,60000,12,0.809318,,0.809318,0.809318,0.809318,522.6364,522.6364,522.6364,498.95219,498.95219,4.989522
687,60000,12,0.809318,,0.809318,0.809318,0.809318,522.6364,522.6364,522.6364,498.95219,498.95219,4.989522
688,60000,12,0.809318,,0.809318,0.809318,0.809318,522.6364,522.6364,522.6364,498.95219,498.95219,4.989522
689,60000,12,0.809318,,0.809318,0.809318,0.809318,522.6364,522.6364,522.6364,498.95219,498.95219,4.989522
690,60000,12,0.809318,,0.809318,0.809318,0.809318,522.6364,522.6364,522.6364,498.95219,498.95219,4.989522
691,60000,12,0.809318,,0.809318,0.809318,0.809318,522.6364,522.6364,522.6364,498.95219,498.95219,4.989522
692,60000,12,0.809318,,0.809318,0.809318,0.809318,522.6364,522.6364,522.6364,498.95219,498.95219,4.989522
693,60000,12,0.809318,,0.809318,0.809318,0.809318,522.6364,522.6364,522.6364,498.95219,498.95219,4.989522
694,60000,12,0.809318,,0.809318,0.809318,0.809318,522.6364,522.6364,522.6364,498.95219,498.95219,4.989522
695,60000,12,0.809318,,0.809318,0.809318,0.809318,522.6364,522.6364,522.6364,498.95219,498.95219,4.989522
696,60000,12,0.809925,,0.809925,0.809318,0.809324,523.1482,522.6364,522.641518,498.822035,498.95219,4.989522
697,60000,12,0.809925,,0.809925,0.809318,0.809324,523.1482,522.6364,522.641518,498.822035,498.95219,4.989522
698,60000,12,0.809925,,0.809925,0.809318,0.80933,523.1482,522.6364,522.646636,498.822035,498.95219,4.989522
699,60000,12,0.809925,,0.809925,0.809318,0.80933,523.1482,522.6364,522.646636,498.822035,498.95219,4.989522
700,60000,12,0.809925,,0.809925,0.809318,0.809336,523.1482,522.6364,522.651754,498.822035,498.95219,4.989522
701,60000,12,0.809925,,0.809925,0.809318,0.809354,523.1482,522.6364,522.667108,498.822035,498.95219,4.989522
702,60000,12,0.809925,,0.809925,0.809318,0.809379,523.1482,522.6364,522.68758,498.822035,498.95219,4.989522
703,60000,12,0.809925,,0.809925,0.809318,0.809409,523.1482,522.6364,522.71317,498.822035,498.95219,4.989522
704,60000,12,0.809925,,0.809925,0.809318,0.809433,523.1482,522.6364,522.733642,498.822035,498.95219,4.989522
705,60000,12,0.809925,,0.809925,0.809318,0.8095,523.1482,522.6364,522.78994,498.822035,498.95219,4.989522
706,60000,12,0.809925,,0.809925,0.809318,0.809536,523.1482,522.6364,522.820648,498.822035,498.95219,4.989522
707,60000,12,0.809925,,0.809925,0.809318,0.809573,523.1482,522.6364,522.851356,498.822035,498.95219,4.989522
708,60000,12,0.809925,,0.809925,0.809318,0.809609,523.1482,522.6364,522.882064,498.822035,498.95219,4.989522
709,60000,12,0.809925,,0.809925,0.809318,0.809658,523.1482,522.6364,522.923008,498.822035,498.95219,4.989522
710,60000,12,0.809925,,0.809925,0.809318,0.809712,523.1482,522.6364,522.96907,498.822035,498.95219,4.989522
711,60000,12,0.809925,,0.809925,0.809318,0.809767,523.1482,522.6364,523.015132,498.822035,498.95219,4.989522
712,60000,12,0.809925,,0.809925,0.809318,0.809809,523.1482,522.6364,523.050958,498.822035,498.95219,4.989522
713,60000,12,0.809925,,0.809925,0.809318,0.809852,523.1482,522.6364,523.086784,498.822035,498.95219,4.989522
714,60000,12,0.809925,,0.809925,0.809318,0.809876,523.1482,522.6364,523.107256,498.822035,498.95219,4.989522
715,60000,12,0.810609,,0.810609,0.809248,0.80989,523.8833,522.6364,523.132726,498.780731,499.214157,4.989522
716,60000,12,0.810609,,0.810609,0.809318,0.809923,523.8833,522.6364,523.165948,498.746772,499.017597,4.989522
717,60000,12,0.810609,,0.810609,0.809318,0.80993,523.8833,522.5289,523.178953,498.746772,499.017597,4.989522
718,60000,12,0.810609,,0.810609,0.809318,0.809955,523.9518,522.5289,523.204392,498.746772,499.017597,4.989522
719,60000,12,0.810609,,0.810609,0.809376,0.810009,523.9518,522.5289,523.266507,498.746772,499.017597,4.98822
720,60000,12,0.810609,,0.810609,0.809925,0.810067,523.9518,523.1482,523.323914,498.746772,499.017597,4.98822
721,60000,12,0.810609,,0.810609,0.809925,0.810103,523.9518,523.1482,523.360699,498.746772,499.017597,4.98822
722,60000,12,0.810632,,0.810632,0.809925,0.810147,523.9518,523.1482,523.408287,498.746772,499.017597,4.98822
723,60000,12,0.810705,,0.810705,0.809925,0.810185,523.9518,523.1482,523.451351,498.746772,499.017597,4.98822
724,60000,12,0.810705,,0.810705,0.809925,0.810258,523.9518,523.1482,523.531,498.746772,499.017597,4.98822
725,60000,12,0.810705,,0.810705,0.809925,0.810309,523.9518,523.1482,523.591217,498.585169,499.017597,4.98822
726,60000,12,0.810705,,0.810705,0.809925,0.810347,523.9518,523.1482,523.642625,498.557531,499.017597,4.987468
727,60000,12,0.810812,,0.810812,0.809925,0.810407,524.0796,523.1482,523.69681,498.557531,499.017597,4.987468
728,60000,12,0.810812,,0.810812,0.809925,0.810449,524.0796,523.1482,523.73177,498.557531,499.017597,4.987468
729,60000,12,0.810812,,0.810812,0.809925,0.810488,524.0796,523.1482,523.765391,498.557531,499.017597,4.987468
730,60000,12,0.810851,,0.810851,0.810021,0.810529,524.0796,523.1482,523.805659,498.557531,499.017597,4.987468
731,60000,12,0.810851,,0.810851,0.810021,0.810564,524.0796,523.1482,523.857787,498.557531,499.017597,4.987468
732,60000,12,0.810991,,0.810991,0.810021,0.810599,524.2162,523.1482,523.886713,498.557531,499.017597,4.987468
733,60000,12,0.810991,,0.810991,0.810021,0.810633,524.2162,523.1482,523.903989,498.562934,499.017597,4.987468
734,60000,12,0.810991,,0.810991,0.810021,0.810663,524.2162,523.1482,523.913506,498.562934,499.017597,4.987468
735,60000,12,0.811029,,0.811029,0.810188,0.810697,524.2162,523.6747,523.930282,498.562934,499.017597,4.990176
736,60000,12,0.811029,,0.811029,0.810188,0.810715,524.2162,523.6747,523.936343,498.562934,499.017597,4.990176
737,60000,12,0.811029,,0.811029,0.810431,0.810749,524.2162,523.6747,523.948772,498.562934,498.828356,4.987807
738,60000,12,0.811029,,0.811029,0.810431,0.810774,524.2162,523.6747,523.952373,498.562934,498.828356,4.987807
739,60000,12,0.811029,,0.811029,0.810443,0.810809,524.2162,523.6747,523.96088,498.562934,498.780731,4.987807
740,60000,12,0.811029,,0.811029,0.810609,0.810842,524.2162,523.8833,523.966743,498.562934,498.780731,4.985629
741,60000,12,0.811029,,0.811029,0.810609,0.810865,524.2162,523.8833,523.977082,498.562934,498.780731,4.985629
742,60000,12,0.811029,,0.811029,0.810609,0.810879,524.2162,523.8833,523.989292,498.562934,498.780731,4.985629
743,60000,12,0.811029,,0.811029,0.810609,0.810901,524.2162,523.8833,523.999038,498.562934,498.780731,4.985629
744,60000,12,0.811029,,0.811029,0.810609,0.810916,524.2162,523.8833,524.008692,498.562934,498.780731,4.985629
745,60000,12,0.811029,,0.811029,0.810609,0.810935,524.2162,523.8833,524.023129,498.562934,498.780731,4.985629
746,60000,12,0.811029,,0.811029,0.810609,0.810952,524.2162,523.8833,524.033556,498.562934,498.780731,4.985629
747,60000,12,0.811029,,0.811029,0.810609,0.810961,524.2162,523.8833,524.043803,498.562934,498.780731,4.985629
748,60000,12,0.811029,,0.811029,0.810609,0.810979,524.2162,523.8833,524.060796,498.562934,498.780731,4.985906
749,60000,12,0.811029,,0.811029,0.810609,0.810989,524.2162,523.8833,524.066264,498.562934,498.780731,4.985906
750,60000,12,0.811029,,0.811029,0.810609,0.810994,524.2162,523.8833,524.069681,498.562934,498.780731,4.985906
751,60000,12,0.811029,,0.811029,0.810609,0.811012,524.2162,523.8833,524.081895,498.562934,498.780731,4.985906
752,60000,12,0.811029,,0.811029,0.810947,0.811026,524.2162,523.9518,524.093424,498.562934,498.706052,4.985906
753,60000,12,0.811029,,0.811029,0.810991,0.811027,524.2162,524.0884,524.09479,498.590572,498.706052,4.985906
754,60000,12,0.811029,,0.811029,0.810991,0.811028,524.2162,524.0884,524.092234,498.590572,498.706052,4.985906
755,60000,12,0.811029,,0.811029,0.811029,0.811029,524.0884,524.0884,524.0884,498.590572,498.590572,4.985906
756,60000,12,0.811029,,0.811029,0.811029,0.811029,524.0884,524.0884,524.0884,498.590572,498.590572,4.985906
757,60000,12,0.811029,,0.811029,0.811029,0.811029,524.0884,524.0884,524.0884,498.590572,498.590572,4.985906
758,60000,12,0.811029,,0.811029,0.811029,0.811029,524.0884,524.0884,524.0884,498.590572,498.590572,4.985906
759,60000,12,0.811029,,0.811029,0.811029,0.811029,524.0884,524.0884,524.0884,498.590572,498.590572,4.985906
760,60000,12,0.811029,,0.811029,0.811029,0.811029,524.0884,524.0884,524.0884,498.590572,498.590572,4.985906
761,60000,12,0.811029,,0.811029,0.811029,0.811029,524.0884,524.0884,524.0884,498.590572,498.590572,4.985906
762,60000,12,0.811029,,0.811029,0.811029,0.811029,524.0884,524.0884,524.0884,498.590572,498.590572,4.985906
763,60000,12,0.811029,,0.811029,0.811029,0.811029,524.0884,524.0884,524.0884,498.590572,498.590572,4.985906
764,60000,12,0.811029,,0.811029,0.811029,0.811029,524.0884,524.0884,524.0884,498.590572,498.590572,4.985906
765,60000,12,0.811029,,0.811029,0.811029,0.811029,524.0884,524.0884,524.0884,498.590572,498.590572,4.985906
766,60000,12,0.811029,,0.811029,0.811029,0.811029,524.0884,524.0884,524.0884,498.590572,498.590572,4.985906
767,60000,12,0.811029,,0.811029,0.811029,0.811029,524.0884,524.0884,524.0884,498.590572,498.590572,4.985906
768,60000,12,0.811029,,0.811029,0.811029,0.811029,524.0884,524.0884,524.0884,498.590572,498.590572,4.985906
769,60000,12,0.811029,,0.811029,0.811029,0.811029,524.0884,524.0884,524.0884,498.590572,498.590572,4.985906
770,60000,12,0.811029,,0.811029,0.811029,0.811029,524.0884,524.0884,524.0884,498.590572,498.590572,4.985906
771,60000,12,0.811029,,0.811029,0.811029,0.811029,524.0884,524.0884,524.0884,498.590572,498.590572,4.985906
772,60000,12,0.811029,,0.811029,0.811029,0.811029,524.0884,524.0884,524.0884,498.590572,498.590572,4.985906
773,60000,12,0.811029,,0.811029,0.811029,0.811029,524.0884,524.0884,524.0884,498.590572,498.590572,4.985906
774,60000,12,0.811029,,0.811029,0.811029,0.811029,524.0884,524.0884,524.0884,498.590572,498.590572,4.985906
775,60000,12,0.811029,,0.811029,0.811029,0.811029,524.0884,524.0884,524.0884,498.590572,498.590572,4.985906
776,60000,12,0.811029,,0.811029,0.811029,0.811029,524.0884,524.0884,524.0884,498.590572,498.590572,4.985906
777,60000,12,0.811029,,0.811029,0.811029,0.811029,524.0884,524.0884,524.0884,498.590572,498.590572,4.985906
778,60000,12,0.811029,,0.811029,0.811029,0.811029,524.0884,524.0884,524.0884,498.590572,498.590572,4.985906
779,60000,12,0.811029,,0.811029,0.811029,0.811029,524.0884,524.0884,524.0884,498.590572,498.590572,4.985906
780,60000,12,0.811623,,0.811623,0.810609,0.811031,524.5096,523.8833,524.090561,498.409671,498.780731,4.985906
781,60000,12,0.811623,,0.811623,0.811029,0.811035,524.5096,524.0884,524.092612,498.409671,498.590572,4.985906
782,60000,12,0.811623,,0.811623,0.811029,0.811047,524.5096,524.0884,524.101036,498.409671,498.590572,4.985906
783,60000,12,0.811623,,0.811623,0.811029,0.811059,524.5096,524.0884,524.10946,498.409671,498.590572,4.984097
784,60000,12,0.811623,,0.811623,0.811029,0.811065,524.5096,524.0884,524.113672,498.409671,498.590572,4.984097
785,60000,12,0.811623,,0.811623,0.811029,0.811077,524.5096,524.0884,524.122096,498.409671,498.590572,4.984097
786,60000,12,0.811623,,0.811623,0.811029,0.811083,524.5096,524.0884,524.126308,498.409671,498.590572,4.984097
787,60000,12,0.811623,,0.811623,0.811029,0.811088,524.5096,524.0884,524.13052,498.409671,498.590572,4.984097
788,60000,12,0.811623,,0.811623,0.811029,0.811106,524.5096,524.0884,524.143156,498.409671,498.590572,4.984097
789,60000,12,0.811623,,0.811623,0.811029,0.81113,524.5096,524.0884,524.160004,498.409671,498.590572,4.984097
790,60000,12,0.811623,,0.811623,0.811029,0.811142,524.5096,524.0884,524.168428,498.409671,498.590572,4.984097
791,60000,12,0.811623,,0.811623,0.811029,0.811166,524.5096,524.0884,524.185276,498.409671,498.590572,4.984097
792,60000,12,0.811623,,0.811623,0.811029,0.811195,524.5096,524.0884,524.206336,498.409671,498.590572,4.984097
793,60000,12,0.811623,,0.811623,0.811029,0.811219,524.5096,524.0884,524.223184,498.409671,498.590572,4.984097
794,60000,12,0.811623,,0.811623,0.811029,0.811237,524.5096,524.0884,524.23582,498.409671,498.590572,4.984097
795,60000,12,0.811623,,0.811623,0.811029,0.811267,524.5096,524.0884,524.25688,498.409671,498.590572,4.984097
796,60000,12,0.811623,,0.811623,0.811029,0.811273,524.5096,524.0884,524.261092,498.409671,498.590572,4.984097
797,60000,12,0.811623,,0.811623,0.811029,0.811302,524.5096,524.0884,524.282152,498.409671,498.590572,4.984097
798,60000,12,0.811623,,0.811623,0.811029,0.811326,524.5096,524.0884,524.299,498.409671,498.590572,4.984097
799,60000,12,0.811623,,0.811623,0.811029,0.811338,524.5096,524.0884,524.307424,498.409671,498.590572,4.984097
800,60000,12,0.811623,,0.811623,0.811029,0.811362,524.5096,524.0884,524.324272,498.409671,498.590572,4.984097
801,60000,12,0.811623,,0.811623,0.811029,0.811385,524.5096,524.0884,524.34112,498.409671,498.590572,4.984097
802,60000,12,0.811623,,0.811623,0.811029,0.811409,524.5096,524.0884,524.357968,498.409671,498.590572,4.984097
803,60000,12,0.811623,,0.811623,0.811029,0.811439,524.5096,524.0884,524.379028,498.409671,498.590572,4.984097
804,60000,12,0.811623,,0.811623,0.811029,0.811474,524.5096,524.0884,524.4043,498.409671,498.590572,4.984097
805,60000,12,0.811623,,0.811623,0.811029,0.811498,524.5096,524.0884,524.421148,498.409671,498.590572,4.984097
806,60000,12,0.811623,,0.811623,0.811029,0.811534,524.5096,524.0884,524.44642,498.409671,498.590572,4.984097
807,60000,12,0.811623,,0.811623,0.811029,0.811546,524.5096,524.0884,524.454844,498.409671,498.590572,4.984097
808,60000,12,0.811623,,0.811623,0.811029,0.811575,524.5096,524.0884,524.475904,498.409671,498.590572,4.984097
809,60000,12,0.811623,,0.811623,0.811029,0.811593,524.5096,524.0884,524.48854,498.409671,498.590572,4.984097
810,60000,12,0.811623,,0.811623,0.811029,0.811593,524.5096,524.0884,524.48854,498.409671,498.590572,4.984097
811,60000,12,0.811623,,0.811623,0.811029,0.811611,524.5096,524.0884,524.501176,498.409671,498.590572,4.984097
812,60000,12,0.811623,,0.811623,0.811623,0.811623,524.5096,524.5096,524.5096,498.409671,498.409671,4.984097
813,60000,12,0.811623,,0.811623,0.811623,0.811623,524.5096,524.5096,524.5096,498.409671,498.409671,4.984097
814,60000,12,0.811623,,0.811623,0.811623,0.811623,524.5096,524.5096,524.5096,498.409671,498.409671,4.984097
815,60000,12,0.811623,,0.811623,0.811623,0.811623,524.5096,524.5096,524.5096,498.409671,498.409671,4.984097
816,60000,12,0.811623,,0.811623,0.811623,0.811623,524.5096,524.5096,524.5096,498.409671,498.409671,4.984097
817,60000,12,0.811623,,0.811623,0.811623,0.811623,524.5096,524.5096,524.5096,498.409671,498.409671,4.984097
818,60000,12,0.811623,,0.811623,0.811623,0.811623,524.5096,524.5096,524.5096,498.409671,498.409671,4.984097
819,60000,12,0.811623,,0.811623,0.811623,0.811623,524.5096,524.5096,524.5096,498.409671,498.409671,4.984097
820,60000,12,0.811623,,0.811623,0.811623,0.811623,524.5096,524.5096,524.5096,498.409671,498.409671,4.984097
821,60000,12,0.811623,,0.811623,0.811623,0.811623,524.5096,524.5096,524.5096,498.409671,498.409671,4.984097
822,60000,12,0.811623,,0.811623,0.811623,0.811623,524.5096,524.5096,524.5096,498.409671,498.409671,4.984097
823,60000,12,0.811623,,0.811623,0.811623,0.811623,524.5096,524.5096,524.5096,498.409671,498.409671,4.984097
824,60000,12,0.811623,,0.811623,0.811623,0.811623,524.5096,524.5096,524.5096,498.409671,498.409671,4.984097
825,60000,12,0.811623,,0.811623,0.811623,0.811623,524.5096,524.5096,524.5096,498.409671,498.409671,4.984097
826,60000,12,0.811623,,0.811623,0.811623,0.811623,524.5096,524.5096,524.5096,498.409671,498.409671,4.984097
827,60000,12,0.811623,,0.811623,0.811623,0.811623,524.5096,524.5096,524.5096,498.409671,498.409671,4.984097
828,60000,12,0.811623,,0.811623,0.811623,0.811623,524.5096,524.5096,524.5096,498.409671,498.409671,4.984097
829,60000,12,0.811623,,0.811623,0.811623,0.811623,524.5096,524.5096,524.5096,498.409671,498.409671,4.984097
830,60000,12,0.811623,,0.811623,0.811623,0.811623,524.5096,524.5096,524.5096,498.409671,498.409671,4.984097
831,60000,12,0.811623,,0.811623,0.811623,0.811623,524.5096,524.5096,524.5096,498.409671,498.409671,4.984097
832,60000,12,0.811623,,0.811623,0.811623,0.811623,524.5096,524.5096,524.5096,498.409671,498.409671,4.984097
833,60000,12,0.811623,,0.811623,0.811623,0.811623,524.5096,524.5096,524.5096,498.409671,498.409671,4.984097
834,60000,12,0.811623,,0.811623,0.811623,0.811623,524.5096,524.5096,524.5096,498.409671,498.409671,4.984097
835,60000,12,0.811623,,0.811623,0.811623,0.811623,524.5096,524.5096,524.5096,498.409671,498.409671,4.984097
836,60000,12,0.811623,,0.811623,0.811623,0.811623,524.5096,524.5096,524.5096,498.409671,498.409671,4.984097
837,60000,12,0.811623,,0.811623,0.811623,0.811623,524.5096,524.5096,524.5096,498.409671,498.409671,4.984097
838,60000,12,0.811623,,0.811623,0.811623,0.811623,524.5096,524.5096,524.5096,498.409671,498.409671,4.984097
839,60000,12,0.811623,,0.811623,0.811623,0.811623,524.5096,524.5096,524.5096,498.409671,498.409671,4.984097
840,60000,12,0.811623,,0.811623,0.811623,0.811623,524.5096,524.5096,524.5096,498.409671,498.409671,4.984097
841,60000,12,0.811623,,0.811623,0.811623,0.811623,524.5096,524.5096,524.5096,498.409671,498.409671,4.984097
842,60000,12,0.811623,,0.811623,0.811623,0.811623,524.5096,524.5096,524.5096,498.409671,498.409671,4.984097
843,60000,12,0.811623,,0.811623,0.811623,0.811623,524.5096,524.5096,524.5096,498.409671,498.409671,4.984097
844,60000,12,0.811623,,0.811623,0.811623,0.811623,524.5096,524.5096,524.5096,498.409671,498.409671,4.984097
845,60000,12,0.811714,,0.811714,0.811623,0.811624,524.5096,524.5096,524.5096,498.338612,498.409671,4.984097
846,60000,12,0.811714,,0.811714,0.811623,0.811624,524.5096,524.5096,524.5096,498.338612,498.409671,4.984097
847,60000,12,0.811714,,0.811714,0.811623,0.811625,524.5096,524.5096,524.5096,498.338612,498.409671,4.984097
848,60000,12,0.811714,,0.811714,0.811623,0.811625,524.5096,524.5096,524.5096,498.338612,498.409671,4.984097
849,60000,12,0.811714,,0.811714,0.811623,0.811626,524.5096,524.5096,524.5096,498.338612,498.409671,4.984097
850,60000,12,0.811714,,0.811714,0.811623,0.811627,524.5096,524.5096,524.5096,498.338612,498.409671,4.984097
851,60000,12,0.811714,,0.811714,0.811623,0.81163,524.5096,524.5096,524.5096,498.338612,498.409671,4.984097
852,60000,12,0.811714,,0.811714,0.811623,0.811633,524.5096,524.5096,524.5096,498.338612,498.409671,4.984097
853,60000,12,0.811714,,0.811714,0.811623,0.811635,524.5096,524.5096,524.5096,498.338612,498.409671,4.984097
854,60000,12,0.811714,,0.811714,0.811623,0.811638,524.5096,524.5096,524.5096,498.338612,498.409671,4.984097
855,60000,12,0.811714,,0.811714,0.811623,0.811639,524.5096,524.5096,524.5096,498.338612,498.409671,4.984097
856,60000,12,0.811714,,0.811714,0.811623,0.811641,524.5096,524.5096,524.5096,498.338612,498.409671,4.984097
857,60000,12,0.811714,,0.811714,0.811623,0.811646,524.5096,524.5096,524.5096,498.338612,498.409671,4.984097
858,60000,12,0.811714,,0.811714,0.811623,0.811649,524.5096,524.5096,524.5096,498.338612,498.409671,4.983386
859,60000,12,0.811714,,0.811714,0.811623,0.811651,524.5096,524.5096,524.5096,498.338612,498.409671,4.983386
860,60000,12,0.811714,,0.811714,0.811623,0.811655,524.5096,524.5096,524.5096,498.338612,498.409671,4.983386
861,60000,12,0.811714,,0.811714,0.811623,0.811656,524.5096,524.5096,524.5096,498.338612,498.409671,4.983386
862,60000,12,0.811714,,0.811714,0.811623,0.811661,524.5096,524.5096,524.5096,498.338612,498.409671,4.983386
863,60000,12,0.811714,,0.811714,0.811623,0.811666,524.5096,524.5096,524.5096,498.338612,498.409671,4.983386
864,60000,12,0.811714,,0.811714,0.811623,0.811672,524.5096,524.5096,524.5096,498.338612,498.409671,4.983386
865,60000,12,0.811714,,0.811714,0.811623,0.811677,524.5096,524.5096,524.5096,498.338612,498.409671,4.983386
866,60000,12,0.811714,,0.811714,0.811623,0.811683,524.5096,524.5096,524.5096,498.338612,498.409671,4.983386
867,60000,12,0.811714,,0.811714,0.811623,0.811688,524.5096,524.5096,524.5096,498.338612,498.409671,4.983386
868,60000,12,0.811714,,0.811714,0.811623,0.811691,524.5096,524.5096,524.5096,498.338612,498.409671,4.983386
869,60000,12,0.811714,,0.811714,0.811623,0.811697,524.5096,524.5096,524.5096,498.338612,498.409671,4.983386
870,60000,12,0.811714,,0.811714,0.811623,0.8117,524.5096,524.5096,524.5096,498.338612,498.409671,4.983386
871,60000,12,0.811714,,0.811714,0.811623,0.811704,524.5096,524.5096,524.5096,498.338612,498.409671,4.983386
872,60000,12,0.811714,,0.811714,0.811623,0.811707,524.5096,524.5096,524.5096,498.338612,498.409671,4.983386
873,60000,12,0.811714,,0.811714,0.811623,0.811711,524.5096,524.5096,524.5096,498.338612,498.409671,4.983386
874,60000,12,0.811714,,0.811714,0.811623,0.811711,524.5096,524.5096,524.5096,498.338612,498.409671,4.983386
875,60000,12,0.811714,,0.811714,0.811623,0.811712,524.5096,524.5096,524.5096,498.338612,498.409671,4.983386
876,60000,12,0.811714,,0.811714,0.811679,0.811713,524.5096,524.5096,524.5096,498.338612,498.366089,4.983386
877,60000,12,0.811714,,0.811714,0.811679,0.811713,524.5096,524.5096,524.5096,498.338612,498.366089,4.983386
878,60000,12,0.811714,,0.811714,0.811679,0.811714,524.5096,524.5096,524.5096,498.338612,498.366089,4.983386
879,60000,12,0.811714,,0.811714,0.811714,0.811714,524.5096,524.5096,524.5096,498.338612,498.338612,4.983386
880,60000,12,0.811714,,0.811714,0.811714,0.811714,524.5096,524.5096,524.5096,498.338612,498.338612,4.983386
881,60000,12,0.811714,,0.811714,0.811714,0.811714,524.5096,524.5096,524.5096,498.338612,498.338612,4.983386
882,60000,12,0.811714,,0.811714,0.811714,0.811714,524.5096,524.5096,524.5096,498.338612,498.338612,4.983386
883,60000,12,0.811714,,0.811714,0.811714,0.811714,524.5096,524.5096,524.5096,498.338612,498.338612,4.983386
884,60000,12,0.811714,,0.811714,0.811714,0.811714,524.5096,524.5096,524.5096,498.338612,498.338612,4.983386
885,60000,12,0.811714,,0.811714,0.811714,0.811714,524.5096,524.5096,524.5096,498.338612,498.338612,4.983386
886,60000,12,0.811714,,0.811714,0.811714,0.811714,524.5096,524.5096,524.5096,498.338612,498.338612,4.983386
887,60000,12,0.811714,,0.811714,0.811714,0.811714,524.5096,524.5096,524.5096,498.338612,498.338612,4.983386
888,60000,12,0.811714,,0.811714,0.811714,0.811714,524.5096,524.5096,524.5096,498.338612,498.338612,4.983386
889,60000,12,0.811714,,0.811714,0.811714,0.811714,524.5096,524.5096,524.5096,498.338612,498.338612,4.983386
890,60000,12,0.811714,,0.811714,0.811714,0.811714,524.5096,524.5096,524.5096,498.338612,498.338612,4.983386
891,60000,12,0.811714,,0.811714,0.811714,0.811714,524.5096,524.5096,524.5096,498.338612,498.338612,4.983386
892,60000,12,0.811714,,0.811714,0.811714,0.811714,524.5096,524.5096,524.5096,498.338612,498.338612,4.983386
893,60000,12,0.811714,,0.811714,0.811714,0.811714,524.5096,524.5096,524.5096,498.338612,498.338612,4.983386
894,60000,12,0.811714,,0.811714,0.811714,0.811714,524.5096,524.5096,524.5096,498.338612,498.338612,4.983386
895,60000,12,0.811714,,0.811714,0.811714,0.811714,524.5096,524.5096,524.5096,498.338612,498.338612,4.983386
896,60000,12,0.811714,,0.811714,0.811714,0.811714,524.5096,524.5096,524.5096,498.338612,498.338612,4.983386
897,60000,12,0.811714,,0.811714,0.811714,0.811714,524.5096,524.5096,524.5096,498.338612,498.338612,4.983386
898,60000,12,0.811714,,0.811714,0.811714,0.811714,524.5096,524.5096,524.5096,498.338612,498.338612,4.983386
899,60000,12,0.811714,,0.811714,0.811714,0.811714,524.5096,524.5096,524.5096,498.338612,498.338612,4.983386
900,60000,12,0.811714,,0.811714,0.811714,0.811714,524.5096,524.5096,524.5096,498.338612,498.338612,4.983386
901,60000,12,0.811714,,0.811714,0.811714,0.811714,524.5096,524.5096,524.5096,498.338612,498.338612,4.983386
902,60000,12,0.811714,,0.811714,0.811714,0.811714,524.5096,524.5096,524.5096,498.338612,498.338612,4.983386
903,60000,12,0.811714,,0.811714,0.811714,0.811714,524.5096,524.5096,524.5096,498.338612,498.338612,4.983386
904,60000,12,0.811714,,0.811714,0.811714,0.811714,524.5096,524.5096,524.5096,498.338612,498.338612,4.983386
905,60000,12,0.811714,,0.811714,0.811714,0.811714,524.5096,524.5096,524.5096,498.338612,498.338612,4.983386
906,60000,12,0.811714,,0.811714,0.811714,0.811714,524.5096,524.5096,524.5096,498.338612,498.338612,4.983386
907,60000,12,0.811714,,0.811714,0.811714,0.811714,524.5096,524.5096,524.5096,498.338612,498.338612,4.983386
908,60000,12,0.811714,,0.811714,0.811714,0.811714,524.5096,524.5096,524.5096,498.338612,498.338612,4.983386
909,60000,12,0.811714,,0.811714,0.811714,0.811714,524.5096,524.5096,524.5096,498.338612,498.338612,4.983386
910,60000,12,0.811714,,0.811714,0.811714,0.811714,524.5096,524.5096,524.5096,498.338612,498.338612,4.983386
911,60000,12,0.811714,,0.811714,0.811714,0.811714,524.5096,524.5096,524.5096,498.338612,498.338612,4.983386
912,60000,12,0.811714,,0.811714,0.811714,0.811714,524.5096,524.5096,524.5096,498.338612,498.338612,4.983386
913,60000,12,0.811714,,0.811714,0.811714,0.811714,524.5096,524.5096,524.5096,498.338612,498.338612,4.983386
914,60000,12,0.811714,,0.811714,0.811714,0.811714,524.5096,524.5096,524.5096,498.338612,498.338612,4.983386
915,60000,12,0.811714,,0.811714,0.811714,0.811714,524.5096,524.5096,524.5096,498.338612,498.338612,4.983386
916,60000,12,0.811714,,0.811714,0.811714,0.811714,524.5096,524.5096,524.5096,498.338612,498.338612,4.983386
917,60000,12,0.811714,,0.811714,0.811714,0.811714,524.5096,524.5096,524.5096,498.338612,498.338612,4.983386
918,60000,12,0.811714,,0.811714,0.811714,0.811714,524.5096,524.5096,524.5096,498.338612,498.338612,4.983386
919,60000,12,0.811714,,0.811714,0.811714,0.811714,524.5096,524.5096,524.5096,498.338612,498.338612,4.983386
920,60000,12,0.811714,,0.811714,0.811714,0.811714,524.5096,524.5096,524.5096,498.338612,498.338612,4.983386
921,60000,12,0.811714,,0.811714,0.811714,0.811714,524.5096,524.5096,524.5096,498.338612,498.338612,4.983386
922,60000,12,0.811714,,0.811714,0.811714,0.811714,524.5096,524.5096,524.5096,498.338612,498.338612,4.983386
923,60000,12,0.811714,,0.811714,0.811714,0.811714,524.5096,524.5096,524.5096,498.338612,498.338612,4.983386
924,60000,12,0.811714,,0.811714,0.811714,0.811714,524.5096,524.5096,524.5096,498.338612,498.338612,4.983386
925,60000,12,0.811714,,0.811714,0.811714,0.811714,524.5096,524.5096,524.5096,498.338612,498.338612,4.983386
926,60000,12,0.811714,,0.811714,0.811714,0.811714,524.5096,524.5096,524.5096,498.338612,498.338612,4.983386
927,60000,12,0.811714,,0.811714,0.811714,0.811714,524.5096,524.5096,524.5096,498.338612,498.338612,4.983386
928,60000,12,0.811714,,0.811714,0.811714,0.811714,524.5096,524.5096,524.5096,498.338612,498.338612,4.983386
929,60000,12,0.811714,,0.811714,0.811714,0.811714,524.5096,524.5096,524.5096,498.338612,498.338612,4.983386
930,60000,12,0.811714,,0.811714,0.811714,0.811714,524.5096,524.5096,524.5096,498.338612,498.338612,4.983386
931,60000,12,0.811714,,0.811714,0.811714,0.811714,524.5096,524.5096,524.5096,498.338612,498.338612,4.983386
932,60000,12,0.811714,,0.811714,0.811714,0.811714,524.5096,524.5096,524.5096,498.338612,498.338612,4.983386
933,60000,12,0.811714,,0.811714,0.811714,0.811714,524.5096,524.5096,524.5096,498.338612,498.338612,4.983386
934,60000,12,0.811714,,0.811714,0.811714,0.811714,524.5096,524.5096,524.5096,498.338612,498.338612,4.983386
935,60000,12,0.811714,,0.811714,0.811714,0.811714,524.5096,524.5096,524.5096,498.338612,498.338612,4.983386
936,60000,12,0.811714,,0.811714,0.811714,0.811714,524.5096,524.5096,524.5096,498.338612,498.338612,4.983386
937,60000,12,0.811714,,0.811714,0.811714,0.811714,524.5096,524.5096,524.5096,498.338612,498.338612,4.983386
938,60000,12,0.811714,,0.811714,0.811714,0.811714,524.5096,524.5096,524.5096,498.338612,498.338612,4.983386
939,60000,12,0.811714,,0.811714,0.811714,0.811714,524.5096,524.5096,524.5096,498.338612,498.338612,4.983386
940,60000,12,0.811714,,0.811714,0.811714,0.811714,524.5096,524.5096,524.5096,498.338612,498.338612,4.983386
941,60000,12,0.811714,,0.811714,0.811714,0.811714,524.5096,524.5096,524.5096,498.338612,498.338612,4.983386
942,60000,12,0.811714,,0.811714,0.811714,0.811714,524.5096,524.5096,524.5096,498.338612,498.338612,4.983386
943,60000,12,0.811714,,0.811714,0.811714,0.811714,524.5096,524.5096,524.5096,498.338612,498.338612,4.983386
944,60000,12,0.811714,,0.811714,0.811714,0.811714,524.5096,524.5096,524.5096,498.338612,498.338612,4.983386
945,60000,12,0.811714,,0.811714,0.811714,0.811714,524.5096,524.5096,524.5096,498.338612,498.338612,4.983386
946,60000,12,0.811714,,0.811714,0.811714,0.811714,524.5096,524.5096,524.5096,498.338612,498.338612,4.983386
947,60000,12,0.811714,,0.811714,0.811714,0.811714,524.5096,524.5096,524.5096,498.338612,498.338612,4.983386
948,60000,12,0.811714,,0.811714,0.811714,0.811714,524.5096,524.5096,524.5096,498.338612,498.338612,4.983386
949,60000,12,0.811714,,0.811714,0.811714,0.811714,524.5096,524.5096,524.5096,498.338612,498.338612,4.983386
950,60000,12,0.811714,,0.811714,0.811714,0.811714,524.5096,524.5096,524.5096,498.338612,498.338612,4.983386
951,60000,12,0.811714,,0.811714,0.811714,0.811714,524.5096,524.5096,524.5096,498.338612,498.338612,4.983386
952,60000,12,0.811714,,0.811714,0.811714,0.811714,524.5096,524.5096,524.5096,498.338612,498.338612,4.983386
953,60000,12,0.811714,,0.811714,0.811714,0.811714,524.5096,524.5096,524.5096,498.338612,498.338612,4.983386
954,60000,12,0.811714,,0.811714,0.811714,0.811714,524.5096,524.5096,524.5096,498.338612,498.338612,4.983386
955,60000,12,0.811714,,0.811714,0.811714,0.811714,524.5096,524.5096,524.5096,498.338612,498.338612,4.983386
956,60000,12,0.811714,,0.811714,0.811714,0.811714,524.5096,524.5096,524.5096,498.338612,498.338612,4.983386
957,60000,12,0.811714,,0.811714,0.811714,0.811714,524.5096,524.5096,524.5096,498.338612,498.338612,4.983386
958,60000,12,0.811714,,0.811714,0.811714,0.811714,524.5096,524.5096,524.5096,498.338612,498.338612,4.983386
959,60000,12,0.811714,,0.811714,0.811714,0.811714,524.5096,524.5096,524.5096,498.338612,498.338612,4.983386
960,60000,12,0.811714,,0.811714,0.811714,0.811714,524.5096,524.5096,524.5096,498.338612,498.338612,4.983386
961,60000,12,0.811714,,0.811714,0.811714,0.811714,524.5096,524.5096,524.5096,498.338612,498.338612,4.983386
962,60000,12,0.811714,,0.811714,0.811714,0.811714,524.5096,524.5096,524.5096,498.338612,498.338612,4.983386
963,60000,12,0.811714,,0.811714,0.811714,0.811714,524.5096,524.5096,524.5096,498.338612,498.338612,4.983386
964,60000,12,0.811714,,0.811714,0.811714,0.811714,524.5096,524.5096,524.5096,498.338612,498.338612,4.983386
965,60000,12,0.811714,,0.811714,0.811714,0.811714,524.5096,524.5096,524.5096,498.338612,498.338612,4.983386
966,60000,12,0.811714,,0.811714,0.811714,0.811714,524.5096,524.5096,524.5096,498.338612,498.338612,4.983386
967,60000,12,0.811714,,0.811714,0.811714,0.811714,524.5096,524.5096,524.5096,498.338612,498.338612,4.983386
968,60000,12,0.811714,,0.811714,0.811714,0.811714,524.5096,524.5096,524.5096,498.338612,498.338612,4.983386
969,60000,12,0.811714,,0.811714,0.811714,0.811714,524.5096,524.5096,524.5096,498.338612,498.338612,4.983386
970,60000,12,0.811714,,0.811714,0.811714,0.811714,524.5096,524.5096,524.5096,498.338612,498.338612,4.983386
971,60000,12,0.811714,,0.811714,0.811714,0.811714,524.5096,524.5096,524.5096,498.338612,498.338612,4.983386
972,60000,12,0.811714,,0.811714,0.811714,0.811714,524.5096,524.5096,524.5096,498.338612,498.338612,4.983386
973,60000,12,0.811714,,0.811714,0.811714,0.811714,524.5096,524.5096,524.5096,498.338612,498.338612,4.983386
974,60000,12,0.811714,,0.811714,0.811714,0.811714,524.5096,524.5096,524.5096,498.338612,498.338612,4.983386
975,60000,12,0.811714,,0.811714,0.811714,0.811714,524.5096,524.5096,524.5096,498.338612,498.338612,4.983386
976,60000,12,0.811714,,0.811714,0.811714,0.811714,524.5096,524.5096,524.5096,498.338612,498.338612,4.983386
977,60000,12,0.811714,,0.811714,0.811714,0.811714,524.5096,524.5096,524.5096,498.338612,498.338612,4.983386
978,60000,12,0.811714,,0.811714,0.811714,0.811714,524.5096,524.5096,524.5096,498.338612,498.338612,4.983386
979,60000,12,0.811714,,0.811714,0.811714,0.811714,524.5096,524.5096,524.5096,498.338612,498.338612,4.983386
980,60000,12,0.811714,,0.811714,0.811714,0.811714,524.5096,524.5096,524.5096,498.338612,498.338612,4.983386
981,60000,12,0.811714,,0.811714,0.811714,0.811714,524.5096,524.5096,524.5096,498.338612,498.338612,4.983386
982,60000,12,0.811714,,0.811714,0.811714,0.811714,524.5096,524.5096,524.5096,498.338612,498.338612,4.983386
983,60000,12,0.811714,,0.811714,0.811714,0.811714,524.5096,524.5096,524.5096,498.338612,498.338612,4.983386
984,60000,12,0.811714,,0.811714,0.811714,0.811714,524.5096,524.5096,524.5096,498.338612,498.338612,4.983386
985,60000,12,0.811714,,0.811714,0.811714,0.811714,524.5096,524.5096,524.5096,498.338612,498.338612,4.983386
986,60000,12,0.811714,,0.811714,0.811714,0.811714,524.5096,524.5096,524.5096,498.338612,498.338612,4.983386
987,60000,12,0.811714,,0.811714,0.811714,0.811714,524.5096,524.5096,524.5096,498.338612,498.338612,4.983386
988,60000,12,0.811714,,0.811714,0.811714,0.811714,524.5096,524.5096,524.5096,498.338612,498.338612,4.983386
989,60000,12,0.811714,,0.811714,0.811714,0.811714,524.5096,524.5096,524.5096,498.338612,498.338612,4.983386
990,60000,12,0.811714,,0.811714,0.811714,0.811714,524.5096,524.5096,524.5096,498.338612,498.338612,4.983386
991,60000,12,0.811714,,0.811714,0.811714,0.811714,524.5096,524.5096,524.5096,498.338612,498.338612,4.983386
992,60000,12,0.811714,,0.811714,0.811714,0.811714,524.5096,524.5096,524.5096,498.338612,498.338612,4.983386
993,60000,12,0.811714,,0.811714,0.811714,0.811714,524.5096,524.5096,524.5096,498.338612,498.338612,4.983386
994,60000,12,0.811714,,0.811714,0.811714,0.811714,524.5096,524.5096,524.5096,498.338612,498.338612,4.983386
995,60000,12,0.811714,,0.811714,0.811714,0.811714,524.5096,524.5096,524.5096,498.338612,498.338612,4.983386
996,60000,12,0.811714,,0.811714,0.811714,0.811714,524.5096,524.5096,524.5096,498.338612,498.338612,4.983386
997,60000,12,0.811714,,0.811714,0.811714,0.811714,524.5096,524.5096,524.5096,498.338612,498.338612,4.983386
998,60000,12,0.811714,,0.811714,0.811714,0.811714,524.5096,524.5096,524.5096,498.338612,498.338612,4.983386
999,60000,12,0.811714,,0.811714,0.811714,0.811714,524.5096,524.5096,524.5096,498.338612,498.338612,4.983386
1000,60000,12,0.811714,,0.811714,0.811714,0.811714,524.5096,524.5096,524.5096,498.338612,498.338612,4.983386
1001,60000,12,0.811714,,0.811714,0.811714,0.811714,524.5096,524.5096,524.5096,498.338612,498.338612,4.983386
1002,60000,12,0.811714,,0.811714,0.811714,0.811714,524.5096,524.5096,524.5096,498.338612,498.338612,4.983386
1003,60000,12,0.811714,,0.811714,0.811714,0.811714,524.5096,524.5096,524.5096,498.338612,498.338612,4.983386
1004,60000,12,0.811714,,0.811714,0.811714,0.811714,524.5096,524.5096,524.5096,498.338612,498.338612,4.983386
1005,60000,12,0.811714,,0.811714,0.811714,0.811714,524.5096,524.5096,524.5096,498.338612,498.338612,4.983386
1006,60000,12,0.811714,,0.811714,0.811714,0.811714,524.5096,524.5096,524.5096,498.338612,498.338612,4.983386
1007,60000,12,0.811714,,0.811714,0.811714,0.811714,524.5096,524.5096,524.5096,498.338612,498.338612,4.983386
1008,60000,12,0.811714,,0.811714,0.811714,0.811714,524.5096,524.5096,524.5096,498.338612,498.338612,4.983386
1009,60000,12,0.811714,,0.811714,0.811714,0.811714,524.5096,524.5096,524.5096,498.338612,498.338612,4.983386
1010,60000,12,0.811714,,0.811714,0.811714,0.811714,524.5096,524.5096,524.5096,498.338612,498.338612,4.983386
1011,60000,12,0.811714,,0.811714,0.811714,0.811714,524.5096,524.5096,524.5096,498.338612,498.338612,4.983386
1012,60000,12,0.811714,,0.811714,0.811714,0.811714,524.5096,524.5096,524.5096,498.338612,498.338612,4.983386
1013,60000,12,0.811714,,0.811714,0.811714,0.811714,524.5096,524.5096,524.5096,498.338612,498.338612,4.983386
1014,60000,12,0.811714,,0.811714,0.811714,0.811714,524.5096,524.5096,524.5096,498.338612,498.338612,4.983386
1015,60000,12,0.811714,,0.811714,0.811714,0.811714,524.5096,524.5096,524.5096,498.338612,498.338612,4.983386
1016,60000,12,0.811714,,0.811714,0.811714,0.811714,524.5096,524.5096,524.5096,498.338612,498.338612,4.983386
1017,60000,12,0.811714,,0.811714,0.811714,0.811714,524.5096,524.5096,524.5096,498.338612,498.338612,4.983386
1018,60000,12,0.811714,,0.811714,0.811714,0.811714,524.5096,524.5096,524.5096,498.338612,498.338612,4.983386
1019,60000,12,0.811714,,0.811714,0.811714,0.811714,524.5096,524.5096,524.5096,498.338612,498.338612,4.983386
1020,60000,12,0.811714,,0.811714,0.811714,0.811714,524.5096,524.5096,524.5096,498.338612,498.338612,4.983386
1021,60000,12,0.811714,,0.811714,0.811714,0.811714,524.5096,524.5096,524.5096,498.338612,498.338612,4.983386
1022,60000,12,0.811714,,0.811714,0.811714,0.811714,524.5096,524.5096,524.5096,498.338612,498.338612,4.983386
1023,60000,12,0.811714,,0.811714,0.811714,0.811714,524.5096,524.5096,524.5096,498.338612,498.338612,4.983386
1024,60000,12,0.811714,,0.811714,0.811714,0.811714,524.5096,524.5096,524.5096,498.338612,498.338612,4.983386
1025,60000,12,0.811714,,0.811714,0.811714,0.811714,524.5096,524.5096,524.5096,498.338612,498.338612,4.983386
1026,60000,12,0.811714,,0.811714,0.811714,0.811714,524.5096,524.5096,524.5096,498.338612,498.338612,4.983386
1027,60000,12,0.811714,,0.811714,0.811714,0.811714,524.5096,524.5096,524.5096,498.338612,498.338612,4.983386
1028,60000,12,0.811714,,0.811714,0.811714,0.811714,524.5096,524.5096,524.5096,498.338612,498.338612,4.983386
1029,60000,12,0.811714,,0.811714,0.811714,0.811714,524.5096,524.5096,524.5096,498.338612,498.338612,4.983386
1030,60000,12,0.811714,,0.811714,0.811714,0.811714,524.5096,524.5096,524.5096,498.338612,498.338612,4.983386
1031,60000,12,0.811714,,0.811714,0.811714,0.811714,524.5096,524.5096,524.5096,498.338612,498.338612,4.983386
1032,60000,12,0.811714,,0.811714,0.811714,0.811714,524.5096,524.5096,524.5096,498.338612,498.338612,4.983386
1033,60000,12,0.811714,,0.811714,0.811714,0.811714,524.5096,524.5096,524.5096,498.338612,498.338612,4.983386
1034,60000,12,0.811714,,0.811714,0.811714,0.811714,524.5096,524.5096,524.5096,498.338612,498.338612,4.983386
1035,60000,12,0.811714,,0.811714,0.811714,0.811714,524.5096,524.5096,524.5096,498.338612,498.338612,4.983386
1036,60000,12,0.811714,,0.811714,0.811714,0.811714,524.5096,524.5096,524.5096,498.338612,498.338612,4.983386
1037,60000,12,0.811714,,0.811714,0.811714,0.811714,524.5096,524.5096,524.5096,498.338612,498.338612,4.983386
1038,60000,12,0.811714,,0.811714,0.811714,0.811714,524.5096,524.5096,524.5096,498.338612,498.338612,4.983386
1039,60000,12,0.811714,,0.811714,0.811714,0.811714,524.5096,524.5096,524.5096,498.338612,498.338612,4.983386
1040,60000,12,0.811714,,0.811714,0.811714,0.811714,524.5096,524.5096,524.5096,498.338612,498.338612,4.983386
1041,60000,12,0.811714,,0.811714,0.811714,0.811714,524.5096,524.5096,524.5096,498.338612,498.338612,4.983386
1042,60000,12,0.811714,,0.811714,0.811714,0.811714,524.5096,524.5096,524.5096,498.338612,498.338612,4.983386
1043,60000,12,0.811714,,0.811714,0.811714,0.811714,524.5096,524.5096,524.5096,498.338612,498.338612,4.983386
1044,60000,12,0.811714,,0.811714,0.811714,0.811714,524.5096,524.5096,524.5096,498.338612,498.338612,4.983386
1045,60000,12,0.811714,,0.811714,0.811714,0.811714,524.5096,524.5096,524.5096,498.338612,498.338612,4.983386
1046,60000,12,0.811714,,0.811714,0.811714,0.811714,524.5096,524.5096,524.5096,498.338612,498.338612,4.983386
1047,60000,12,0.811714,,0.811714,0.811714,0.811714,524.5096,524.5096,524.5096,498.338612,498.338612,4.983386
1048,60000,12,0.811714,,0.811714,0.811714,0.811714,524.5096,524.5096,524.5096,498.338612,498.338612,4.983386
1049,60000,12,0.811714,,0.811714,0.811714,0.811714,524.5096,524.5096,524.5096,498.338612,498.338612,4.983386
1050,60000,12,0.811714,,0.811714,0.811714,0.811714,524.5096,524.5096,524.5096,498.338612,498.338612,4.983386
1051,60000,12,0.811714,,0.811714,0.811714,0.811714,524.5096,524.5096,524.5096,498.338612,498.338612,4.983386
1052,60000,12,0.811714,,0.811714,0.811714,0.811714,524.5096,524.5096,524.5096,498.338612,498.338612,4.983386
1053,60000,12,0.811714,,0.811714,0.811714,0.811714,524.5096,524.5096,524.5096,498.338612,498.338612,4.983386
1054,60000,12,0.811714,,0.811714,0.811714,0.811714,524.5096,524.5096,524.5096,498.338612,498.338612,4.983386
1055,60000,12,0.811714,,0.811714,0.811714,0.811714,524.5096,524.5096,524.5096,498.338612,498.338612,4.983386
1056,60000,12,0.811714,,0.811714,0.811714,0.811714,524.5096,524.5096,524.5096,498.338612,498.338612,4.983386
1057,60000,12,0.811714,,0.811714,0.811714,0.811714,524.5096,524.5096,524.5096,498.338612,498.338612,4.983386
1058,60000,12,0.811714,,0.811714,0.811714,0.811714,524.5096,524.5096,524.5096,498.338612,498.338612,4.983386
1059,60000,12,0.811714,,0.811714,0.811714,0.811714,524.5096,524.5096,524.5096,498.338612,498.338612,4.983386
1060,60000,12,0.811714,,0.811714,0.811714,0.811714,524.5096,524.5096,524.5096,498.338612,498.338612,4.983386
1061,60000,12,0.811714,,0.811714,0.811714,0.811714,524.5096,524.5096,524.5096,498.338612,498.338612,4.983386
1062,60000,12,0.811714,,0.811714,0.811714,0.811714,524.5096,524.5096,524.5096,498.338612,498.338612,4.983386
1063,60000,12,0.811714,,0.811714,0.811714,0.811714,524.5096,524.5096,524.5096,498.338612,498.338612,4.983386
1064,60000,12,0.811714,,0.811714,0.811714,0.811714,524.5096,524.5096,524.5096,498.338612,498.338612,4.983386
1065,60000,12,0.811714,,0.811714,0.811714,0.811714,524.5096,524.5096,524.5096,498.338612,498.338612,4.983386
1066,60000,12,0.811714,,0.811714,0.811714,0.811714,524.5096,524.5096,524.5096,498.338612,498.338612,4.983386
1067,60000,12,0.811714,,0.811714,0.811714,0.811714,524.5096,524.5096,524.5096,498.338612,498.338612,4.983386
1068,60000,12,0.811714,,0.811714,0.811714,0.811714,524.5096,524.5096,524.5096,498.338612,498.338612,4.983386
1069,60000,12,0.811714,,0.811714,0.811714,0.811714,524.5096,524.5096,524.5096,498.338612,498.338612,4.983386
1070,60000,12,0.811714,,0.811714,0.811714,0.811714,524.5096,524.5096,524.5096,498.338612,498.338612,4.983386
1071,60000,12,0.811714,,0.811714,0.811714,0.811714,524.5096,524.5096,524.5096,498.338612,498.338612,4.983386
1072,60000,12,0.811714,,0.811714,0.811714,0.811714,524.5096,524.5096,524.5096,498.338612,498.338612,4.983386
1073,60000,12,0.811714,,0.811714,0.811714,0.811714,524.5096,524.5096,524.5096,498.338612,498.338612,4.983386
1074,60000,12,0.811714,,0.811714,0.811714,0.811714,524.5096,524.5096,524.5096,498.338612,498.338612,4.983386
1075,60000,12,0.811714,,0.811714,0.811714,0.811714,524.5096,524.5096,524.5096,498.338612,498.338612,4.983386
1076,60000,12,0.811714,,0.811714,0.811714,0.811714,524.5096,524.5096,524.5096,498.338612,498.338612,4.983386
1077,60000,12,0.811714,,0.811714,0.811714,0.811714,524.5096,524.5096,524.5096,498.338612,498.338612,4.983386
1078,60000,12,0.811714,,0.811714,0.811714,0.811714,524.5096,524.5096,524.5096,498.338612,498.338612,4.983386
1079,60000,12,0.811714,,0.811714,0.811714,0.811714,524.5096,524.5096,524.5096,498.338612,498.338612,4.983386
1080,60000,12,0.811714,,0.811714,0.811714,0.811714,524.5096,524.5096,524.5096,498.338612,498.338612,4.983386
1081,60000,12,0.811714,,0.811714,0.811714,0.811714,524.5096,524.5096,524.5096,498.338612,498.338612,4.983386
1082,60000,12,0.811714,,0.811714,0.811714,0.811714,524.5096,524.5096,524.5096,498.338612,498.338612,4.983386
1083,60000,12,0.811714,,0.811714,0.811714,0.811714,524.5096,524.5096,524.5096,498.338612,498.338612,4.983386
1084,60000,12,0.811714,,0.811714,0.811714,0.811714,524.5096,524.5096,524.5096,498.338612,498.338612,4.983386
1085,60000,12,0.811714,,0.811714,0.811714,0.811714,524.5096,524.5096,524.5096,498.338612,498.338612,4.983386
1086,60000,12,0.811714,,0.811714,0.811714,0.811714,524.5096,524.5096,524.5096,498.338612,498.338612,4.983386
1087,60000,12,0.811714,,0.811714,0.811714,0.811714,524.5096,524.5096,524.5096,498.338612,498.338612,4.983386
1088,60000,12,0.811714,,0.811714,0.811714,0.811714,524.5096,524.5096,524.5096,498.338612,498.338612,4.983386
1089,60000,12,0.811714,,0.811714,0.811714,0.811714,524.5096,524.5096,524.5096,498.338612,498.338612,4.983386
1090,60000,12,0.811714,,0.811714,0.811714,0.811714,524.5096,524.5096,524.5096,498.338612,498.338612,4.983386
1091,60000,12,0.811714,,0.811714,0.811714,0.811714,524.5096,524.5096,524.5096,498.338612,498.338612,4.983386
1092,60000,12,0.811714,,0.811714,0.811714,0.811714,524.5096,524.5096,524.5096,498.338612,498.338612,4.983386
1093,60000,12,0.811714,,0.811714,0.811714,0.811714,524.5096,524.5096,524.5096,498.338612,498.338612,4.983386
1094,60000,12,0.811714,,0.811714,0.811714,0.811714,524.5096,524.5096,524.5096,498.338612,498.338612,4.983386
1095,60000,12,0.811714,,0.811714,0.811714,0.811714,524.5096,524.5096,524.5096,498.338612,498.338612,4.983386
1096,60000,12,0.811714,,0.811714,0.811714,0.811714,524.5096,524.5096,524.5096,498.338612,498.338612,4.983386
1097,60000,12,0.811714,,0.811714,0.811714,0.811714,524.5096,524.5096,524.5096,498.338612,498.338612,4.983386
1098,60000,12,0.811714,,0.811714,0.811714,0.811714,524.5096,524.5096,524.5096,498.338612,498.338612,4.983386
1099,60000,12,0.811714,,0.811714,0.811714,0.811714,524.5096,524.5096,524.5096,498.338612,498.338612,4.983386
1100,60000,12,0.811714,,0.811714,0.811714,0.811714,524.5096,524.5096,524.5096,498.338612,498.338612,4.983386
1101,60000,12,0.811714,,0.811714,0.811714,0.811714,524.5096,524.5096,524.5096,498.338612,498.338612,4.983386
1102,60000,12,0.811714,,0.811714,0.811714,0.811714,524.5096,524.5096,524.5096,498.338612,498.338612,4.983386
1103,60000,12,0.811714,,0.811714,0.811714,0.811714,524.5096,524.5096,524.5096,498.338612,498.338612,4.983386
1104,60000,12,0.811714,,0.811714,0.811714,0.811714,524.5096,524.5096,524.5096,498.338612,498.338612,4.983386
1105,60000,12,0.811714,,0.811714,0.811714,0.811714,524.5096,524.5096,524.5096,498.338612,498.338612,4.983386
1106,60000,12,0.811714,,0.811714,0.811714,0.811714,524.5096,524.5096,524.5096,498.338612,498.338612,4.983386
1107,60000,12,0.811714,,0.811714,0.811714,0.811714,524.5096,524.5096,524.5096,498.338612,498.338612,4.983386
1108,60000,12,0.811714,,0.811714,0.811714,0.811714,524.5096,524.5096,524.5096,498.338612,498.338612,4.983386
1109,60000,12,0.811714,,0.811714,0.811714,0.811714,524.5096,524.5096,524.5096,498.338612,498.338612,4.983386
1110,60000,12,0.811714,,0.811714,0.811714,0.811714,524.5096,524.5096,524.5096,498.338612,498.338612,4.983386
1111,60000,12,0.811714,,0.811714,0.811714,0.811714,524.5096,524.5096,524.5096,498.338612,498.338612,4.983386
1112,60000,12,0.811714,,0.811714,0.811714,0.811714,524.5096,524.5096,524.5096,498.338612,498.338612,4.983386
1113,60000,12,0.811714,,0.811714,0.811714,0.811714,524.5096,524.5096,524.5096,498.338612,498.338612,4.983386
1114,60000,12,0.811714,,0.811714,0.811714,0.811714,524.5096,524.5096,524.5096,498.338612,498.338612,4.983386
1115,60000,12,0.811714,,0.811714,0.811714,0.811714,524.5096,524.5096,524.5096,498.338612,498.338612,4.983386
1116,60000,12,0.811714,,0.811714,0.811714,0.811714,524.5096,524.5096,524.5096,498.338612,498.338612,4.983386
1117,60000,12,0.811714,,0.811714,0.811714,0.811714,524.5096,524.5096,524.5096,498.338612,498.338612,4.983386
1118,60000,12,0.811714,,0.811714,0.811714,0.811714,524.5096,524.5096,524.5096,498.338612,498.338612,4.983386
1119,60000,12,0.811714,,0.811714,0.811714,0.811714,524.5096,524.5096,524.5096,498.338612,498.338612,4.983386
1120,60000,12,0.811714,,0.811714,0.811714,0.811714,524.5096,524.5096,524.5096,498.338612,498.338612,4.983386
1121,60000,12,0.811714,,0.811714,0.811714,0.811714,524.5096,524.5096,524.5096,498.338612,498.338612,4.983386
1122,60000,12,0.811714,,0.811714,0.811714,0.811714,524.5096,524.5096,524.5096,498.338612,498.338612,4.983386
1123,60000,12,0.811714,,0.811714,0.811714,0.811714,524.5096,524.5096,524.5096,498.338612,498.338612,4.983386
1124,60000,12,0.811714,,0.811714,0.811714,0.811714,524.5096,524.5096,524.5096,498.338612,498.338612,4.983386
1125,60000,12,0.811714,,0.811714,0.811714,0.811714,524.5096,524.5096,524.5096,498.338612,498.338612,4.983386
1126,60000,12,0.811714,,0.811714,0.811714,0.811714,524.5096,524.5096,524.5096,498.338612,498.338612,4.983386
1127,60000,12,0.811714,,0.811714,0.811714,0.811714,524.5096,524.5096,524.5096,498.338612,498.338612,4.983386
1128,60000,12,0.811714,,0.811714,0.811714,0.811714,524.5096,524.5096,524.5096,498.338612,498.338612,4.983386
1129,60000,12,0.811714,,0.811714,0.811714,0.811714,524.5096,524.5096,524.5096,498.338612,498.338612,4.983386
1130,60000,12,0.811714,,0.811714,0.811714,0.811714,524.5096,524.5096,524.5096,498.338612,498.338612,4.983386
1131,60000,12,0.811714,,0.811714,0.811714,0.811714,524.5096,524.5096,524.5096,498.338612,498.338612,4.983386
1132,60000,12,0.811714,,0.811714,0.811714,0.811714,524.5096,524.5096,524.5096,498.338612,498.338612,4.983386
1133,60000,12,0.811714,,0.811714,0.811714,0.811714,524.5096,524.5096,524.5096,498.338612,498.338612,4.983386
1134,60000,12,0.811714,,0.811714,0.811714,0.811714,524.5096,524.5096,524.5096,498.338612,498.338612,4.983386
1135,60000,12,0.811714,,0.811714,0.811714,0.811714,524.5096,524.5096,524.5096,498.338612,498.338612,4.983386
1136,60000,12,0.811714,,0.811714,0.811714,0.811714,524.5096,524.5096,524.5096,498.338612,498.338612,4.983386
1137,60000,12,0.811714,,0.811714,0.811714,0.811714,524.5096,524.5096,524.5096,498.338612,498.338612,4.983386
1138,60000,12,0.811714,,0.811714,0.811714,0.811714,524.5096,524.5096,524.5096,498.338612,498.338612,4.983386
1139,60000,12,0.811714,,0.811714,0.811714,0.811714,524.5096,524.5096,524.5096,498.338612,498.338612,4.983386
1140,60000,12,0.811714,,0.811714,0.811714,0.811714,524.5096,524.5096,524.5096,498.338612,498.338612,4.983386
1141,60000,12,0.811714,,0.811714,0.811714,0.811714,524.5096,524.5096,524.5096,498.338612,498.338612,4.983386
1142,60000,12,0.811714,,0.811714,0.811714,0.811714,524.5096,524.5096,524.5096,498.338612,498.338612,4.983386
1143,60000,12,0.811714,,0.811714,0.811714,0.811714,524.5096,524.5096,524.5096,498.338612,498.338612,4.983386
1144,60000,12,0.811714,,0.811714,0.811714,0.811714,524.5096,524.5096,524.5096,498.338612,498.338612,4.983386
1145,60000,12,0.811714,,0.811714,0.811714,0.811714,524.5096,524.5096,524.5096,498.338612,498.338612,4.983386
1146,60000,12,0.811714,,0.811714,0.811714,0.811714,524.5096,524.5096,524.5096,498.338612,498.338612,4.983386
1147,60000,12,0.811714,,0.811714,0.811714,0.811714,524.5096,524.5096,524.5096,498.338612,498.338612,4.983386
1148,60000,12,0.811714,,0.811714,0.811714,0.811714,524.5096,524.5096,524.5096,498.338612,498.338612,4.983386
1149,60000,12,0.811714,,0.811714,0.811714,0.811714,524.5096,524.5096,524.5096,498.338612,498.338612,4.983386
1150,60000,12,0.811714,,0.811714,0.811714,0.811714,524.5096,524.5096,524.5096,498.338612,498.338612,4.983386
1151,60000,12,0.811714,,0.811714,0.811714,0.811714,524.5096,524.5096,524.5096,498.338612,498.338612,4.983386
1152,60000,12,0.811714,,0.811714,0.811714,0.811714,524.5096,524.5096,524.5096,498.338612,498.338612,4.983386
1153,60000,12,0.811714,,0.811714,0.811714,0.811714,524.5096,524.5096,524.5096,498.338612,498.338612,4.983386
1154,60000,12,0.811714,,0.811714,0.811714,0.811714,524.5096,524.5096,524.5096,498.338612,498.338612,4.983386
1155,60000,12,0.811714,,0.811714,0.811714,0.811714,524.5096,524.5096,524.5096,498.338612,498.338612,4.983386
1156,60000,12,0.811714,,0.811714,0.811714,0.811714,524.5096,524.5096,524.5096,498.338612,498.338612,4.983386
1157,60000,12,0.811714,,0.811714,0.811714,0.811714,524.5096,524.5096,524.5096,498.338612,498.338612,4.983386
1158,60000,12,0.811714,,0.811714,0.811714,0.811714,524.5096,524.5096,524.5096,498.338612,498.338612,4.983386
1159,60000,12,0.811714,,0.811714,0.811714,0.811714,524.5096,524.5096,524.5096,498.338612,498.338612,4.983386
1160,60000,12,0.811714,,0.811714,0.811714,0.811714,524.5096,524.5096,524.5096,498.338612,498.338612,4.983386
1161,60000,12,0.811714,,0.811714,0.811714,0.811714,524.5096,524.5096,524.5096,498.338612,498.338612,4.983386
1162,60000,12,0.811714,,0.811714,0.811714,0.811714,524.5096,524.5096,524.5096,498.338612,498.338612,4.983386
1163,60000,12,0.811714,,0.811714,0.811714,0.811714,524.5096,524.5096,524.5096,498.338612,498.338612,4.983386
1164,60000,12,0.811714,,0.811714,0.811714,0.811714,524.5096,524.5096,524.5096,498.338612,498.338612,4.983386
1165,60000,12,0.811714,,0.811714,0.811714,0.811714,524.5096,524.5096,524.5096,498.338612,498.338612,4.983386
1166,60000,12,0.811714,,0.811714,0.811714,0.811714,524.5096,524.5096,524.5096,498.338612,498.338612,4.983386
1167,60000,12,0.811714,,0.811714,0.811714,0.811714,524.5096,524.5096,524.5096,498.338612,498.338612,4.983386
1168,60000,12,0.811714,,0.811714,0.811714,0.811714,524.5096,524.5096,524.5096,498.338612,498.338612,4.983386
1169,60000,12,0.811714,,0.811714,0.811714,0.811714,524.5096,524.5096,524.5096,498.338612,498.338612,4.983386
1170,60000,12,0.811714,,0.811714,0.811714,0.811714,524.5096,524.5096,524.5096,498.338612,498.338612,4.983386
1171,60000,12,0.811714,,0.811714,0.811714,0.811714,524.5096,524.5096,524.5096,498.338612,498.338612,4.983386
1172,60000,12,0.811714,,0.811714,0.811714,0.811714,524.5096,524.5096,524.5096,498.338612,498.338612,4.983386
1173,60000,12,0.811714,,0.811714,0.811714,0.811714,524.5096,524.5096,524.5096,498.338612,498.338612,4.983386
1174,60000,12,0.811714,,0.811714,0.811714,0.811714,524.5096,524.5096,524.5096,498.338612,498.338612,4.983386
1175,60000,12,0.811714,,0.811714,0.811714,0.811714,524.5096,524.5096,524.5096,498.338612,498.338612,4.983386
1176,60000,12,0.811714,,0.811714,0.811714,0.811714,524.5096,524.5096,524.5096,498.338612,498.338612,4.983386
1177,60000,12,0.811714,,0.811714,0.811714,0.811714,524.5096,524.5096,524.5096,498.338612,498.338612,4.983386
1178,60000,12,0.811714,,0.811714,0.811714,0.811714,524.5096,524.5096,524.5096,498.338612,498.338612,4.983386
1179,60000,12,0.811714,,0.811714,0.811714,0.811714,524.5096,524.5096,524.5096,498.338612,498.338612,4.983386
1180,60000,12,0.811714,,0.811714,0.811714,0.811714,524.5096,524.5096,524.5096,498.338612,498.338612,4.983386
1181,60000,12,0.811714,,0.811714,0.811714,0.811714,524.5096,524.5096,524.5096,498.338612,498.338612,4.983386
1182,60000,12,0.811714,,0.811714,0.811714,0.811714,524.5096,524.5096,524.5096,498.338612,498.338612,4.983386
1183,60000,12,0.811714,,0.811714,0.811714,0.811714,524.5096,524.5096,524.5096,498.338612,498.338612,4.983386
1184,60000,12,0.811714,,0.811714,0.811714,0.811714,524.5096,524.5096,524.5096,498.338612,498.338612,4.983386
1185,60000,12,0.811714,,0.811714,0.811714,0.811714,524.5096,524.5096,524.5096,498.338612,498.338612,4.983386
1186,60000,12,0.811714,,0.811714,0.811714,0.811714,524.5096,524.5096,524.5096,498.338612,498.338612,4.983386
1187,60000,12,0.811714,,0.811714,0.811714,0.811714,524.5096,524.5096,524.5096,498.338612,498.338612,4.983386
1188,60000,12,0.811714,,0.811714,0.811714,0.811714,524.5096,524.5096,524.5096,498.338612,498.338612,4.983386
1189,60000,12,0.811714,,0.811714,0.811714,0.811714,524.5096,524.5096,524.5096,498.338612,498.338612,4.983386
1190,60000,12,0.811714,,0.811714,0.811714,0.811714,524.5096,524.5096,524.5096,498.338612,498.338612,4.983386
1191,60000,12,0.811714,,0.811714,0.811714,0.811714,524.5096,524.5096,524.5096,498.338612,498.338612,4.983386
1192,60000,12,0.811714,,0.811714,0.811714,0.811714,524.5096,524.5096,524.5096,498.338612,498.338612,4.983386
1193,60000,12,0.811714,,0.811714,0.811714,0.811714,524.5096,524.5096,524.5096,498.338612,498.338612,4.983386
1194,60000,12,0.811714,,0.811714,0.811714,0.811714,524.5096,524.5096,524.5096,498.338612,498.338612,4.983386
1195,60000,12,0.811714,,0.811714,0.811714,0.811714,524.5096,524.5096,524.5096,498.338612,498.338612,4.983386
1196,60000,12,0.811714,,0.811714,0.811714,0.811714,524.5096,524.5096,524.5096,498.338612,498.338612,4.983386
1197,60000,12,0.811714,,0.811714,0.811714,0.811714,524.5096,524.5096,524.5096,498.338612,498.338612,4.983386
1198,60000,12,0.811714,,0.811714,0.811714,0.811714,524.5096,524.5096,524.5096,498.338612,498.338612,4.983386
1199,60000,12,0.811714,,0.811714,0.811714,0.811714,524.5096,524.5096,524.5096,498.338612,498.338612,4.983386
1200,60000,12,0.811714,,0.811714,0.811714,0.811714,524.5096,524.5096,524.5096,498.338612,498.338612,4.983386
1201,60000,12,0.811714,,0.811714,0.811714,0.811714,524.5096,524.5096,524.5096,498.338612,498.338612,4.983386
1202,60000,12,0.811714,,0.811714,0.811714,0.811714,524.5096,524.5096,524.5096,498.338612,498.338612,4.983386
1203,60000,12,0.811714,,0.811714,0.811714,0.811714,524.5096,524.5096,524.5096,498.338612,498.338612,4.983386
1204,60000,12,0.811714,,0.811714,0.811714,0.811714,524.5096,524.5096,524.5096,498.338612,498.338612,4.983386
1205,60000,12,0.811714,,0.811714,0.811714,0.811714,524.5096,524.5096,524.5096,498.338612,498.338612,4.983386
1206,60000,12,0.811714,,0.811714,0.811714,0.811714,524.5096,524.5096,524.5096,498.338612,498.338612,4.983386
1207,60000,12,0.811714,,0.811714,0.811714,0.811714,524.5096,524.5096,524.5096,498.338612,498.338612,4.983386
1208,60000,12,0.811714,,0.811714,0.811714,0.811714,524.5096,524.5096,524.5096,498.338612,498.338612,4.983386
1209,60000,12,0.811714,,0.811714,0.811714,0.811714,524.5096,524.5096,524.5096,498.338612,498.338612,4.983386
1210,60000,12,0.811714,,0.811714,0.811714,0.811714,524.5096,524.5096,524.5096,498.338612,498.338612,4.983386
1211,60000,12,0.811714,,0.811714,0.811714,0.811714,524.5096,524.5096,524.5096,498.338612,498.338612,4.983386
1212,60000,12,0.811714,,0.811714,0.811714,0.811714,524.5096,524.5096,524.5096,498.338612,498.338612,4.983386
1213,60000,12,0.811714,,0.811714,0.811714,0.811714,524.5096,524.5096,524.5096,498.338612,498.338612,4.983386
1214,60000,12,0.811714,,0.811714,0.811714,0.811714,524.5096,524.5096,524.5096,498.338612,498.338612,4.983386
1215,60000,12,0.811714,,0.811714,0.811714,0.811714,524.5096,524.5096,524.5096,498.338612,498.338612,4.983386
1216,60000,12,0.811714,,0.811714,0.811714,0.811714,524.5096,524.5096,524.5096,498.338612,498.338612,4.983386
1217,60000,12,0.811714,,0.811714,0.811714,0.811714,524.5096,524.5096,524.5096,498.338612,498.338612,4.983386
1218,60000,12,0.811714,,0.811714,0.811714,0.811714,524.5096,524.5096,524.5096,498.338612,498.338612,4.983386
1219,60000,12,0.811714,,0.811714,0.811714,0.811714,524.5096,524.5096,524.5096,498.338612,498.338612,4.983386
1220,60000,12,0.811714,,0.811714,0.811714,0.811714,524.5096,524.5096,524.5096,498.338612,498.338612,4.983386
1221,60000,12,0.811714,,0.811714,0.811714,0.811714,524.5096,524.5096,524.5096,498.338612,498.338612,4.983386
1222,60000,12,0.811714,,0.811714,0.811714,0.811714,524.5096,524.5096,524.5096,498.338612,498.338612,4.983386
1223,60000,12,0.811714,,0.811714,0.811714,0.811714,524.5096,524.5096,524.5096,498.338612,498.338612,4.983386
1224,60000,12,0.811714,,0.811714,0.811714,0.811714,524.5096,524.5096,524.5096,498.338612,498.338612,4.983386
1225,60000,12,0.811714,,0.811714,0.811714,0.811714,524.5096,524.5096,524.5096,498.338612,498.338612,4.983386
1226,60000,12,0.811714,,0.811714,0.811714,0.811714,524.5096,524.5096,524.5096,498.338612,498.338612,4.983386
1227,60000,12,0.811714,,0.811714,0.811714,0.811714,524.5096,524.5096,524.5096,498.338612,498.338612,4.983386
1228,60000,12,0.811714,,0.811714,0.811714,0.811714,524.5096,524.5096,524.5096,498.338612,498.338612,4.983386
1229,60000,12,0.811714,,0.811714,0.811714,0.811714,524.5096,524.5096,524.5096,498.338612,498.338612,4.983386
1230,60000,12,0.811714,,0.811714,0.811714,0.811714,524.5096,524.5096,524.5096,498.338612,498.338612,4.983386
1231,60000,12,0.811714,,0.811714,0.811714,0.811714,524.5096,524.5096,524.5096,498.338612,498.338612,4.983386
1232,60000,12,0.811714,,0.811714,0.811714,0.811714,524.5096,524.5096,524.5096,498.338612,498.338612,4.983386
1233,60000,12,0.811714,,0.811714,0.811714,0.811714,524.5096,524.5096,524.5096,498.338612,498.338612,4.983386
1234,60000,12,0.811714,,0.811714,0.811714,0.811714,524.5096,524.5096,524.5096,498.338612,498.338612,4.983386
1235,60000,12,0.811714,,0.811714,0.811714,0.811714,524.5096,524.5096,524.5096,498.338612,498.338612,4.983386
1236,60000,12,0.811714,,0.811714,0.811714,0.811714,524.5096,524.5096,524.5096,498.338612,498.338612,4.983386
1237,60000,12,0.811714,,0.811714,0.811714,0.811714,524.5096,524.5096,524.5096,498.338612,498.338612,4.983386
1238,60000,12,0.811714,,0.811714,0.811714,0.811714,524.5096,524.5096,524.5096,498.338612,498.338612,4.983386
1239,60000,12,0.811714,,0.811714,0.811714,0.811714,524.5096,524.5096,524.5096,498.338612,498.338612,4.983386
1240,60000,12,0.811714,,0.811714,0.811714,0.811714,524.5096,524.5096,524.5096,498.338612,498.338612,4.983386
1241,60000,12,0.811714,,0.811714,0.811714,0.811714,524.5096,524.5096,524.5096,498.338612,498.338612,4.983386
1242,60000,12,0.811714,,0.811714,0.811714,0.811714,524.5096,524.5096,524.5096,498.338612,498.338612,4.983386
1243,60000,12,0.811714,,0.811714,0.811714,0.811714,524.5096,524.5096,524.5096,498.338612,498.338612,4.983386
1244,60000,12,0.811714,,0.811714,0.811714,0.811714,524.5096,524.5096,524.5096,498.338612,498.338612,4.983386
1245,60000,12,0.811714,,0.811714,0.811714,0.811714,524.5096,524.5096,524.5096,498.338612,498.338612,4.983386
1246,60000,12,0.811714,,0.811714,0.811714,0.811714,524.5096,524.5096,524.5096,498.338612,498.338612,4.983386
1247,60000,12,0.811714,,0.811714,0.811714,0.811714,524.5096,524.5096,524.5096,498.338612,498.338612,4.983386
1248,60000,12,0.811714,,0.811714,0.811714,0.811714,524.5096,524.5096,524.5096,498.338612,498.338612,4.983386
1249,60000,12,0.811714,,0.811714,0.811714,0.811714,524.5096,524.5096,524.5096,498.338612,498.338612,4.983386
1250,60000,12,0.811714,,0.811714,0.811714,0.811714,524.5096,524.5096,524.5096,498.338612,498.338612,4.983386
1251,60000,12,0.811714,,0.811714,0.811714,0.811714,524.5096,524.5096,524.5096,498.338612,498.338612,4.983386
1252,60000,12,0.811714,,0.811714,0.811714,0.811714,524.5096,524.5096,524.5096,498.338612,498.338612,4.983386
1253,60000,12,0.811714,,0.811714,0.811714,0.811714,524.5096,524.5096,524.5096,498.338612,498.338612,4.983386
1254,60000,12,0.811714,,0.811714,0.811714,0.811714,524.5096,524.5096,524.5096,498.338612,498.338612,4.983386
1255,60000,12,0.811714,,0.811714,0.811714,0.811714,524.5096,524.5096,524.5096,498.338612,498.338612,4.983386
1256,60000,12,0.811714,,0.811714,0.811714,0.811714,524.5096,524.5096,524.5096,498.338612,498.338612,4.983386
1257,60000,12,0.811714,,0.811714,0.811714,0.811714,524.5096,524.5096,524.5096,498.338612,498.338612,4.983386
1258,60000,12,0.811714,,0.811714,0.811714,0.811714,524.5096,524.5096,524.5096,498.338612,498.338612,4.983386
1259,60000,12,0.811714,,0.811714,0.811714,0.811714,524.5096,524.5096,524.5096,498.338612,498.338612,4.983386
1260,60000,12,0.811714,,0.811714,0.811714,0.811714,524.5096,524.5096,524.5096,498.338612,498.338612,4.983386
1261,60000,12,0.811714,,0.811714,0.811714,0.811714,524.5096,524.5096,524.5096,498.338612,498.338612,4.983386
1262,60000,12,0.811714,,0.811714,0.811714,0.811714,524.5096,524.5096,524.5096,498.338612,498.338612,4.983386
1263,60000,12,0.811714,,0.811714,0.811714,0.811714,524.5096,524.5096,524.5096,498.338612,498.338612,4.983386
1264,60000,12,0.811714,,0.811714,0.811714,0.811714,524.5096,524.5096,524.5096,498.338612,498.338612,4.983386
1265,60000,12,0.811714,,0.811714,0.811714,0.811714,524.5096,524.5096,524.5096,498.338612,498.338612,4.983386
1266,60000,12,0.811714,,0.811714,0.811714,0.811714,524.5096,524.5096,524.5096,498.338612,498.338612,4.983386
1267,60000,12,0.811714,,0.811714,0.811714,0.811714,524.5096,524.5096,524.5096,498.338612,498.338612,4.983386
1268,60000,12,0.811714,,0.811714,0.811714,0.811714,524.5096,524.5096,524.5096,498.338612,498.338612,4.983386
1269,60000,12,0.811714,,0.811714,0.811714,0.811714,524.5096,524.5096,524.5096,498.338612,498.338612,4.983386
1270,60000,12,0.811714,,0.811714,0.811714,0.811714,524.5096,524.5096,524.5096,498.338612,498.338612,4.983386
1271,60000,12,0.811714,,0.811714,0.811714,0.811714,524.5096,524.5096,524.5096,498.338612,498.338612,4.983386
1272,60000,12,0.811714,,0.811714,0.811714,0.811714,524.5096,524.5096,524.5096,498.338612,498.338612,4.983386
1273,60000,12,0.811714,,0.811714,0.811714,0.811714,524.5096,524.5096,524.5096,498.338612,498.338612,4.983386
1274,60000,12,0.811714,,0.811714,0.811714,0.811714,524.5096,524.5096,524.5096,498.338612,498.338612,4.983386
1275,60000,12,0.811714,,0.811714,0.811714,0.811714,524.5096,524.5096,524.5096,498.338612,498.338612,4.983386
1276,60000,12,0.811714,,0.811714,0.811714,0.811714,524.5096,524.5096,524.5096,498.338612,498.338612,4.983386
1277,60000,12,0.811714,,0.811714,0.811714,0.811714,524.5096,524.5096,524.5096,498.338612,498.338612,4.983386
1278,60000,12,0.811714,,0.811714,0.811714,0.811714,524.5096,524.5096,524.5096,498.338612,498.338612,4.983386
1279,60000,12,0.811714,,0.811714,0.811714,0.811714,524.5096,524.5096,524.5096,498.338612,498.338612,4.983386
1280,60000,12,0.811714,,0.811714,0.811714,0.811714,524.5096,524.5096,524.5096,498.338612,498.338612,4.983386
1281,60000,12,0.811714,,0.811714,0.811714,0.811714,524.5096,524.5096,524.5096,498.338612,498.338612,4.983386
1282,60000,12,0.811714,,0.811714,0.811714,0.811714,524.5096,524.5096,524.5096,498.338612,498.338612,4.983386
1283,60000,12,0.811714,,0.811714,0.811714,0.811714,524.5096,524.5096,524.5096,498.338612,498.338612,4.983386
1284,60000,12,0.811714,,0.811714,0.811714,0.811714,524.5096,524.5096,524.5096,498.338612,498.338612,4.983386
1285,60000,12,0.811714,,0.811714,0.811714,0.811714,524.5096,524.5096,524.5096,498.338612,498.338612,4.983386
1286,60000,12,0.811714,,0.811714,0.811714,0.811714,524.5096,524.5096,524.5096,498.338612,498.338612,4.983386
1287,60000,12,0.811714,,0.811714,0.811714,0.811714,524.5096,524.5096,524.5096,498.338612,498.338612,4.983386
1288,60000,12,0.811714,,0.811714,0.811714,0.811714,524.5096,524.5096,524.5096,498.338612,498.338612,4.983386
1289,60000,12,0.811714,,0.811714,0.811714,0.811714,524.5096,524.5096,524.5096,498.338612,498.338612,4.983386
1290,60000,12,0.811714,,0.811714,0.811714,0.811714,524.5096,524.5096,524.5096,498.338612,498.338612,4.983386
1291,60000,12,0.811714,,0.811714,0.811714,0.811714,524.5096,524.5096,524.5096,498.338612,498.338612,4.983386
1292,60000,12,0.811714,,0.811714,0.811714,0.811714,524.5096,524.5096,524.5096,498.338612,498.338612,4.983386
1293,60000,12,0.811714,,0.811714,0.811714,0.811714,524.5096,524.5096,524.5096,498.338612,498.338612,4.983386
1294,60000,12,0.811714,,0.811714,0.811714,0.811714,524.5096,524.5096,524.5096,498.338612,498.338612,4.983386
1295,60000,12,0.811714,,0.811714,0.811714,0.811714,524.5096,524.5096,524.5096,498.338612,498.338612,4.983386
1296,60000,12,0.811714,,0.811714,0.811714,0.811714,524.5096,524.5096,524.5096,498.338612,498.338612,4.983386
1297,60000,12,0.811714,,0.811714,0.811714,0.811714,524.5096,524.5096,524.5096,498.338612,498.338612,4.983386
1298,60000,12,0.811714,,0.811714,0.811714,0.811714,524.5096,524.5096,524.5096,498.338612,498.338612,4.983386
1299,60000,12,0.811714,,0.811714,0.811714,0.811714,524.5096,524.5096,524.5096,498.338612,498.338612,4.983386
