gen,seed,threads,best_global,picos,fit_best,fit_worst,fit_mean,green_best,green_worst,green_mean,emis_best,emis_worst,emis_mean
0,50000,,0.511493,26,0.511493,0.351634,0.428558,332.9758,235.8117,281.904506,599.810774,664.988221,634.629805
1,50000,,0.526845,14,0.526845,0.370525,0.445125,337.0942,240.6239,291.442801,594.94887,654.159505,628.099067
2,50000,,0.526845,21,0.526845,0.382019,0.454161,337.0942,256.7886,296.888469,594.94887,654.099656,624.700192
3,50000,,0.526845,50,0.526845,0.402301,0.459504,337.0942,264.8341,300.379445,594.94887,647.684789,622.871909
4,50000,,0.53262,50,0.53262,0.402301,0.466199,345.9686,264.8341,303.975764,594.94887,643.671142,620.059565
5,50000,,0.53262,17,0.53262,0.427348,0.474404,345.9686,280.9185,308.636181,594.94887,639.348459,616.782643
6,50000,,0.53262,36,0.527368,0.423072,0.475463,341.375,284.1857,309.41658,594.94887,640.867343,616.479596
7,50000,,0.53262,22,0.529171,0.436918,0.481902,344.0598,289.5768,312.784891,594.94887,633.348236,613.714481
8,50000,,0.53262,32,0.529171,0.43817,0.486916,344.0598,291.1798,315.777846,594.185083,633.348236,611.809074
9,50000,,0.543798,14,0.543798,0.447768,0.495011,348.879,293.9203,321.010505,589.622069,627.698075,609.001816
10,50000,,0.543798,12,0.543798,0.447768,0.499863,348.879,293.9203,323.865269,589.622069,627.698075,607.12965
11,50000,,0.543798,35,0.541576,0.436262,0.503937,350.2113,294.1917,326.505877,591.285087,636.854251,605.721446
12,50000,,0.547686,32,0.547686,0.455991,0.509472,356.611,298.6722,329.845321,591.285087,625.21594,603.642062
13,50000,,0.556799,13,0.556799,0.425689,0.512692,363.8552,285.5815,331.945821,589.517085,639.331935,602.537964
14,50000,,0.556799,15,0.556799,0.425689,0.518096,363.8552,285.5815,335.112501,587.003685,639.331935,600.445035
15,50000,,0.556799,32,0.552964,0.479426,0.52052,363.2643,303.3481,336.753859,587.003685,619.069927,599.654295
16,50000,,0.556799,35,0.555492,0.487988,0.52484,363.2643,312.7187,339.487317,586.866056,611.633418,598.116559
17,50000,,0.556799,13,0.556429,0.427564,0.529339,363.6596,287.716,342.630828,584.427223,639.29954,596.713507
18,50000,,0.559231,33,0.559231,0.472551,0.532334,366.962,306.515,344.467182,585.721708,621.137888,595.607952
19,50000,,0.561467,15,0.561467,0.493855,0.536751,366.962,317.7538,347.070006,584.625288,608.481109,593.906939
20,50000,,0.561467,12,0.561467,0.485329,0.538992,369.1586,314.5937,348.361921,584.427223,612.253808,593.024752
21,50000,,0.56962,32,0.56962,0.481003,0.540863,375.242,322.0975,349.740846,580.446019,620.656266,592.488905
22,50000,,0.572329,42,0.572329,0.507122,0.543834,375.242,326.0666,351.812907,580.446019,602.942936,591.560433
23,50000,,0.572329,14,0.570489,0.501387,0.54718,375.242,323.5514,353.813272,578.071213,605.731151,590.290827
24,50000,,0.572329,20,0.570489,0.509002,0.549697,375.242,328.1559,355.446691,578.071213,602.877071,589.422098
25,50000,,0.572329,15,0.572329,0.521224,0.553015,375.242,336.8154,357.397407,578.071213,599.146319,588.141449
26,50000,,0.572329,42,0.571134,0.527131,0.554358,375.242,341.375,358.535558,578.071213,597.933275,587.856675
27,50000,,0.572329,36,0.571323,0.523638,0.555052,375.242,341.9873,358.890112,578.071213,601.332437,587.553202
28,50000,,0.583076,15,0.583076,0.530469,0.557737,380.8114,345.7662,360.480514,578.071213,597.933275,586.524086
29,50000,,0.583076,34,0.583076,0.474749,0.558596,380.8114,315.4001,360.774629,576.405817,621.046556,586.051577
30,50000,,0.583076,22,0.583076,0.499854,0.561399,380.8114,326.6938,362.514164,575.764492,609.032405,585.030786
31,50000,,0.583076,15,0.583076,0.443645,0.562906,380.8114,296.2194,363.439357,575.764492,632.45406,584.47547
32,50000,,0.583076,37,0.583076,0.443645,0.564779,380.8114,296.2194,364.40106,572.950134,632.45406,583.658304
33,50000,,0.583076,26,0.583076,0.443645,0.567725,381.8076,296.2194,366.287938,572.950134,632.45406,582.625384
34,50000,,0.583406,16,0.583406,0.534537,0.570945,381.1007,350.9615,368.38084,572.950134,598.241486,581.51583
35,50000,,0.586931,35,0.586931,0.492579,0.572273,384.9177,330.7468,369.177932,572.950134,617.422977,581.014542
36,50000,,0.586931,32,0.586931,0.541435,0.573818,384.9177,348.5282,370.479402,572.950134,594.716795,580.681124
37,50000,,0.588705,23,0.588705,0.541435,0.575376,387.0006,353.731,371.695727,572.950134,594.716795,580.280832
38,50000,,0.588705,27,0.588705,0.539767,0.576105,387.0006,352.4711,372.433398,571.955889,595.173565,580.206696
39,50000,,0.591642,25,0.591642,0.539767,0.578328,387.0006,349.836,373.770128,571.843488,595.173565,579.369039
40,50000,,0.591642,24,0.591642,0.55332,0.58118,387.0006,358.6226,375.532423,571.843488,588.834932,578.324882
41,50000,,0.597193,42,0.597193,0.564068,0.582673,390.0206,358.6226,376.637502,570.968651,584.702429,577.900846
42,50000,,0.600196,15,0.600196,0.513917,0.583828,390.0206,342.7939,377.228013,570.189051,608.852357,577.39543
43,50000,,0.600196,24,0.600196,0.561786,0.585853,390.0206,364.5363,378.715008,570.189051,586.083952,576.812596
44,50000,,0.6027,38,0.6027,0.56524,0.586693,390.4346,362.9822,378.970944,569.42212,582.348492,576.329411
45,50000,,0.604121,20,0.604121,0.562219,0.588667,391.1698,366.07,380.36729,568.879454,590.604961,575.725255
46,50000,,0.605195,13,0.605195,0.562273,0.590594,392.1268,369.7368,381.572882,568.578123,590.563154,575.029546
47,50000,,0.608036,31,0.608036,0.58076,0.592048,392.1268,373.1156,382.665223,568.017828,580.348465,574.627854
48,50000,,0.608036,34,0.608036,0.580099,0.593655,393.9254,371.9595,383.773174,568.017828,580.348465,574.116835
49,50000,,0.610408,20,0.610408,0.499409,0.594199,393.9254,334.1603,384.322196,566.950439,614.382705,574.060089
50,50000,,0.610408,31,0.610408,0.503955,0.595329,394.4686,336.8191,385.002607,566.950439,612.618733,573.634872
51,50000,,0.611058,29,0.611058,0.547961,0.596592,394.6221,359.5789,385.453882,566.54361,593.545186,572.951841
52,50000,,0.611058,16,0.611058,0.580923,0.598624,394.6221,374.0144,386.580858,566.54361,577.909306,572.122095
53,50000,,0.611058,19,0.611058,0.584377,0.599851,394.6221,376.7414,387.462112,566.54361,576.760353,571.755509
54,50000,,0.611058,43,0.611058,0.586786,0.600717,394.9644,378.1075,387.871839,566.525296,576.222896,571.355128
55,50000,,0.611058,31,0.611058,0.591428,0.601838,394.9644,378.589,388.66907,566.525296,575.733993,571.014961
56,50000,,0.612172,16,0.612172,0.591259,0.603582,395.8917,378.589,389.738248,566.006616,575.156152,570.370682
57,50000,,0.615656,38,0.615656,0.586823,0.604352,397.4833,377.8215,390.230096,565.290754,575.457724,570.099492
58,50000,,0.615661,22,0.615661,0.558406,0.605424,397.4833,366.4191,390.738657,563.401054,589.98205,569.60475
59,50000,,0.615661,30,0.615656,0.558406,0.606947,397.4833,366.4191,391.366164,565.290754,589.98205,568.837055
60,50000,,0.620427,15,0.620427,0.596658,0.608765,399.086,386.4561,392.210011,563.49599,573.908121,567.984792
61,50000,,0.621052,48,0.621052,0.559048,0.608593,399.086,366.1859,392.140262,563.007976,589.324706,568.071952
62,50000,,0.621052,19,0.621052,0.594263,0.610272,399.086,383.2885,393.154755,563.007976,573.317556,567.441669
63,50000,,0.621052,27,0.621052,0.565888,0.610434,399.086,370.4303,393.349444,563.007976,586.833659,567.446461
64,50000,,0.621052,35,0.621052,0.566093,0.611154,399.086,371.7087,393.749396,563.007976,587.530967,567.15242
65,50000,,0.621052,12,0.621052,0.603631,0.61288,399.086,388.8638,394.710093,563.007976,570.703894,566.449788
66,50000,,0.621375,32,0.621375,0.59656,0.613444,399.8428,388.5015,394.96288,563.007976,576.297926,566.179764
67,50000,,0.62215,18,0.62215,0.561247,0.613519,399.9075,367.0455,395.054342,562.70258,588.185586,566.182113
68,50000,,0.622342,22,0.622342,0.514472,0.613703,400.0772,344.2851,395.324264,562.606644,609.418458,566.219384
69,50000,,0.622342,50,0.622342,0.528344,0.613474,401.1744,351.9827,395.292802,562.606644,603.756268,566.376985
70,50000,,0.622342,18,0.622342,0.518997,0.615556,401.3372,350.2629,396.333535,562.30569,609.894406,565.450539
71,50000,,0.624043,39,0.624043,0.568523,0.61706,401.4604,372.9409,397.276132,562.225147,586.461028,564.909139
72,50000,,0.624117,13,0.624117,0.613032,0.618957,401.4604,392.9633,398.245687,561.338024,566.498338,564.079595
73,50000,,0.624117,15,0.624043,0.613032,0.61959,401.4604,393.7851,398.658622,561.250168,566.355299,563.862532
74,50000,,0.625483,33,0.625483,0.568391,0.619615,401.5726,374.0165,398.611994,561.026494,587.2844,563.811347
75,50000,,0.625483,50,0.625483,0.573038,0.619432,401.6,376.0358,398.596689,560.423487,585.013345,563.94365
76,50000,,0.625483,19,0.625483,0.573038,0.620508,401.9598,376.0358,399.204169,560.423487,585.013345,563.511557
77,50000,,0.626154,28,0.626154,0.515753,0.619658,402.7697,346.6655,398.899299,559.162601,610.175243,563.970763
78,50000,,0.626154,45,0.626154,0.537469,0.620716,402.7862,355.7774,399.482057,560.111673,599.18154,563.535456
79,50000,,0.627604,15,0.627604,0.59944,0.622601,403.8841,391.123,400.455789,559.078761,574.529434,562.718015
80,50000,,0.629743,14,0.629743,0.618238,0.623464,403.8841,397.1565,400.94516,558.827884,564.362155,562.372641
81,50000,,0.629743,42,0.628738,0.602354,0.623784,403.7967,391.7953,400.967924,559.078761,573.440859,562.138251
82,50000,,0.629743,50,0.62885,0.600133,0.623823,403.7967,389.0754,400.852256,558.334057,572.616716,562.030253
83,50000,,0.630078,28,0.630078,0.607125,0.624757,405.4532,390.5078,401.269653,558.277874,568.123075,561.581509
84,50000,,0.632154,16,0.632154,0.606177,0.62594,405.4532,389.751,401.812188,558.192645,568.355673,561.022124
85,50000,,0.665018,42,0.665018,0.557977,0.627407,425.4972,369.3066,402.608069,542.928871,592.251309,560.411657
86,50000,,0.665018,29,0.665018,0.58579,0.62842,425.4972,375.1481,403.119839,543.055039,575.839208,559.96396
87,50000,,0.665898,40,0.665898,0.517607,0.629556,425.4972,348.2956,403.659726,541.117885,609.660615,559.439894
88,50000,,0.672926,15,0.672926,0.606313,0.632673,426.179,393.534,405.087948,540.701232,570.784113,557.965776
89,50000,,0.672926,34,0.671607,0.593257,0.632711,426.3821,382.1161,405.197745,541.117885,573.579972,558.009831
90,50000,,0.672926,25,0.671607,0.434829,0.632471,426.3821,296.2017,405.256653,541.866254,639.318757,558.236001
91,50000,,0.672926,13,0.671607,0.571783,0.638512,426.3821,373.994,408.741684,541.866254,584.623703,555.859522
92,50000,,0.672926,48,0.671607,0.524215,0.636959,426.4105,352.2119,408.079853,541.866254,607.130747,556.627406
93,50000,,0.672926,21,0.671607,0.58688,0.640578,426.4105,383.0487,410.045284,541.306153,578.915898,555.121795
94,50000,,0.672926,32,0.672466,0.581214,0.643461,428.8107,380.8698,411.382758,541.16246,581.875049,553.769229
95,50000,,0.672926,13,0.672466,0.613993,0.647,428.8107,400.2051,413.475919,541.16246,569.264438,552.411293
96,50000,,0.672926,20,0.672466,0.58313,0.649931,429.8057,382.494,415.266971,541.16246,581.469171,551.32579
97,50000,,0.672926,50,0.672466,0.578576,0.649505,428.8107,378.9155,415.037925,541.16246,582.623398,551.504006
98,50000,,0.672926,24,0.672466,0.621259,0.652984,434.1234,404.0888,417.08164,541.16246,566.892984,550.159869
99,50000,,0.676329,23,0.676329,0.545111,0.653307,434.1234,352.9747,417.644712,539.399092,591.342496,550.28592
100,50000,,0.676329,13,0.676329,0.610898,0.657003,434.1234,397.7833,419.701757,539.399092,570.055158,548.781136
101,50000,,0.676329,23,0.676329,0.552571,0.657431,434.1234,364.6385,420.272624,539.399092,593.339946,548.829568
102,50000,,0.677929,50,0.677929,0.465549,0.657687,434.1234,325.2043,420.795837,538.867382,634.791883,548.980601
103,50000,,0.677929,27,0.677929,0.635108,0.662168,434.81,402.804,422.728399,538.867382,559.070861,546.780563
104,50000,,0.678272,17,0.678272,0.642998,0.665838,434.81,409.8279,425.008337,536.607575,559.070861,545.445611
105,50000,,0.678272,49,0.678074,0.561427,0.664398,434.81,368.8217,424.47224,538.867382,589.235598,546.209399
106,50000,,0.678272,24,0.678074,0.633258,0.667615,434.81,412.5284,426.428197,538.704162,565.769562,545.011314
107,50000,,0.683892,23,0.683892,0.520365,0.668408,435.5759,352.3534,426.983816,538.097178,610.228149,544.765239
108,50000,,0.683892,34,0.683892,0.64408,0.670818,437.7503,417.5902,428.525434,538.097178,557.445772,543.918553
109,50000,,0.683892,35,0.683892,0.537546,0.669722,435.7311,359.3437,427.489592,538.097178,601.511235,544.078705
110,50000,,0.683892,26,0.683892,0.620724,0.672019,435.7311,399.8968,428.630307,537.858594,563.806983,543.051589
111,50000,,0.684995,26,0.684995,0.656175,0.673356,441.1101,415.3214,429.22683,537.858594,551.924036,542.408732
112,50000,,0.684995,31,0.684995,0.640696,0.673994,441.1101,413.469,429.873009,537.700952,563.567976,542.34406
113,50000,,0.688809,24,0.688809,0.520084,0.674694,443.7767,348.3457,430.587487,536.657871,607.761972,542.276342
114,50000,,0.688809,25,0.688809,0.52026,0.675972,443.7767,352.9507,431.912115,536.569016,610.710284,542.167258
115,50000,,0.688809,14,0.687921,0.666006,0.678816,443.7767,423.9295,433.55698,536.657871,547.48008,541.051412
116,50000,,0.692086,21,0.692086,0.668836,0.679942,447.087,424.9091,434.523189,536.657871,547.143205,540.820938
117,50000,,0.69321,50,0.69321,0.661491,0.681057,447.087,423.6943,435.235995,535.399454,549.006491,540.428489
118,50000,,0.69321,24,0.69321,0.560554,0.680465,448.5994,376.0598,435.532771,535.399454,594.766585,541.088984
119,50000,,0.700762,39,0.700762,0.620716,0.682915,451.889,413.4271,437.134429,535.399454,572.880456,540.251759
120,50000,,0.700762,18,0.700312,0.604827,0.684591,451.7962,399.0004,438.340834,535.399454,575.6067,539.752788
121,50000,,0.700762,37,0.700312,0.539177,0.683798,451.7962,367.4813,438.029563,536.099754,605.692386,540.162242
122,50000,,0.700762,15,0.700312,0.545387,0.685351,451.7962,372.1129,439.399,536.099754,603.95213,539.868751
123,50000,,0.702515,32,0.702515,0.545387,0.685476,453.2672,372.1129,439.745187,535.21987,603.95213,540.00336
124,50000,,0.703341,50,0.703341,0.540614,0.686703,453.7511,365.4889,440.377597,533.237195,603.236532,539.470317
125,50000,,0.703341,23,0.703341,0.539062,0.688275,453.7511,361.8651,441.186427,534.451453,602.018475,538.786008
126,50000,,0.703341,35,0.703341,0.525944,0.686941,453.7511,356.9461,441.174856,533.917523,608.954646,539.818911
127,50000,,0.703341,14,0.703341,0.539062,0.688254,453.7511,361.8651,442.021944,533.642042,602.018475,539.361998
128,50000,,0.703341,48,0.702697,0.539062,0.689991,453.5645,361.8651,442.949677,533.642042,602.018475,538.629349
129,50000,,0.703341,36,0.702697,0.539062,0.690083,454.9708,361.8651,443.186629,533.642042,602.018475,538.715963
130,50000,,0.703705,19,0.703705,0.55447,0.692244,454.9708,374.8358,444.621461,533.078652,598.692361,537.991698
131,50000,,0.703705,42,0.703705,0.649554,0.69399,454.9708,427.6616,445.788606,532.859349,559.925457,537.412093
132,50000,,0.703705,14,0.703705,0.546653,0.693951,456.0007,370.5519,445.889335,532.420844,601.918775,537.510198
133,50000,,0.70515,42,0.70515,0.540505,0.693419,457.1139,366.7674,445.732055,532.420844,604.177934,537.819603
134,50000,,0.70694,28,0.70694,0.540505,0.693109,457.2353,366.7674,445.717863,532.420844,604.177934,538.052226
135,50000,,0.70694,37,0.70694,0.593163,0.69538,457.2353,395.9098,447.214465,532.420844,582.633354,537.283072
136,50000,,0.707451,31,0.707451,0.609567,0.696352,457.2353,404.5492,448.273075,532.502038,575.627035,537.234966
137,50000,,0.707451,15,0.707451,0.609567,0.696868,457.2353,404.5492,448.45919,531.594888,575.627035,536.957197
138,50000,,0.712241,14,0.712241,0.658673,0.699097,457.2353,431.3141,449.442168,530.088144,555.260339,535.876895
139,50000,,0.712241,36,0.712241,0.671806,0.699604,457.2353,436.8059,449.651177,530.088144,548.695931,535.62161
140,50000,,0.712241,50,0.709124,0.671806,0.700311,457.2353,436.8059,450.151673,529.715334,548.695931,535.405263
141,50000,,0.712241,20,0.709922,0.680161,0.701593,457.344,436.6325,450.950393,529.715334,543.33917,534.940547
142,50000,,0.712241,36,0.709637,0.551384,0.700281,459.8405,369.5115,450.305831,530.835967,597.531039,535.532027
143,50000,,0.712241,32,0.711122,0.555251,0.701607,459.8405,375.8229,450.815417,529.173109,598.744281,534.839462
144,50000,,0.712241,27,0.711122,0.651499,0.703253,459.8405,430.1802,451.586463,529.173109,560.095698,534.071978
145,50000,,0.712845,32,0.712845,0.664637,0.70458,459.8009,434.8919,452.249882,529.136874,553.005742,533.481344
146,50000,,0.712845,18,0.711345,0.683635,0.7053,459.8009,439.5639,452.642072,529.136874,547.397299,533.183034
147,50000,,0.713044,14,0.713044,0.651705,0.705839,459.1071,428.8463,453.13615,528.618367,559.041178,533.093242
148,50000,,0.713439,10,0.713439,0.694483,0.707188,459.1071,438.8762,453.864412,528.618367,538.053869,532.529295
149,50000,,0.713439,12,0.713439,0.525811,0.706139,459.1071,359.4696,453.3242,528.618367,610.749037,532.985285
150,50000,,0.713439,27,0.713439,0.694483,0.708244,459.1071,438.8762,454.157057,528.618367,538.954891,531.901664
151,50000,,0.714156,50,0.714156,0.694483,0.708879,458.9984,438.8762,454.291015,528.431405,538.954891,531.495811
152,50000,,0.714156,50,0.714156,0.623433,0.708412,459.3583,415.756,454.2067,528.431405,572.321978,531.803855
153,50000,,0.714573,50,0.714573,0.623433,0.708497,460.1264,415.756,454.451462,527.824385,572.321978,531.901859
154,50000,,0.714573,27,0.714573,0.683513,0.710351,460.1264,445.1514,455.31049,527.824385,545.156916,531.03114
155,50000,,0.718003,41,0.718003,0.680969,0.710394,460.4828,445.0,455.380297,527.707515,547.039839,531.044113
156,50000,,0.71944,13,0.71944,0.695249,0.711786,460.5711,448.5579,456.015747,527.057224,538.28566,530.384393
157,50000,,0.71944,14,0.71944,0.642136,0.711167,460.5711,423.9311,455.766477,526.483079,563.211266,530.699994
158,50000,,0.71944,22,0.71944,0.658768,0.712065,460.5711,432.5771,456.204137,526.483079,556.031912,530.292741
159,50000,,0.71944,50,0.71944,0.660356,0.712072,460.5711,431.6583,456.071916,526.483079,555.427835,530.1989
160,50000,,0.71944,50,0.71944,0.665087,0.712795,460.5711,432.8775,456.404971,526.123456,551.304453,529.858292
161,50000,,0.71944,25,0.71944,0.665087,0.712879,460.5711,432.8775,456.39879,526.37641,551.304453,529.788835
162,50000,,0.719645,17,0.719645,0.699342,0.714634,460.5711,448.595,457.216817,526.483079,536.12984,528.968234
163,50000,,0.719645,36,0.719645,0.700623,0.7153,460.5711,449.64,457.368046,526.483079,535.230736,528.549505
164,50000,,0.720264,40,0.720264,0.640633,0.713912,461.1345,422.6472,456.743924,526.214234,563.523658,529.214289
165,50000,,0.720264,32,0.720264,0.690331,0.714708,461.023,447.7674,457.223617,526.214234,541.59219,528.9144
166,50000,,0.720264,19,0.720264,0.703424,0.715614,461.023,451.353,457.754178,526.214234,534.568266,528.563685
167,50000,,0.721433,14,0.721433,0.706302,0.715995,461.023,451.6138,457.979639,525.357029,534.568266,528.417587
168,50000,,0.721433,42,0.721433,0.662284,0.715906,461.023,431.6583,457.83153,525.357029,552.674364,528.387836
169,50000,,0.721433,50,0.721433,0.662284,0.715099,461.023,431.6583,457.527809,525.357029,552.674364,528.813789
170,50000,,0.721433,45,0.721433,0.686653,0.714689,462.2952,435.0053,457.082082,523.553899,544.172289,528.834349
171,50000,,0.721583,16,0.721583,0.657995,0.716426,460.815,429.3895,457.778873,523.553899,554.499224,527.946509
172,50000,,0.721583,16,0.721488,0.712483,0.717779,460.8058,454.5708,458.482836,523.553899,530.969991,527.363263
173,50000,,0.723292,21,0.723292,0.709895,0.718323,460.8722,454.7874,458.69544,523.553899,531.035996,527.081265
174,50000,,0.723292,50,0.723257,0.708093,0.718189,460.8722,452.4965,458.65953,523.553899,533.03746,527.16211
175,50000,,0.723292,43,0.723257,0.684949,0.718031,461.6562,445.692,458.59299,523.553899,544.399531,527.240192
176,50000,,0.723292,13,0.723257,0.711961,0.71913,460.8722,454.8279,458.886825,523.553899,531.014051,526.579775
177,50000,,0.724664,36,0.724664,0.710365,0.719744,462.0544,454.4744,459.109846,523.553899,530.46011,526.250821
178,50000,,0.724664,50,0.723757,0.649771,0.718695,461.2512,425.5467,458.622579,524.168286,558.338856,526.742252
179,50000,,0.724664,28,0.723757,0.710184,0.719982,461.2512,450.639,459.190738,524.168286,529.690778,526.119449
180,50000,,0.725616,13,0.725616,0.665632,0.719928,462.2989,433.316,459.196765,523.807514,551.173732,526.16567
181,50000,,0.725616,49,0.725616,0.66618,0.719824,462.2989,433.909,459.209964,523.807514,551.142987,526.255054
182,50000,,0.725616,50,0.725616,0.69121,0.72012,462.2989,446.97,459.36867,523.807514,540.372216,526.130401
183,50000,,0.725616,14,0.725616,0.70535,0.721239,462.2989,451.9055,459.859218,523.679246,532.650361,525.586593
184,50000,,0.725616,31,0.725616,0.682994,0.721461,462.2989,442.2974,460.037385,523.679246,543.649421,525.532657
185,50000,,0.725671,31,0.725671,0.665632,0.721278,462.4845,433.316,459.964057,523.679246,551.173732,525.626703
186,50000,,0.726389,50,0.726389,0.70203,0.721732,463.2283,451.421,460.179563,523.679246,534.915146,525.417131
187,50000,,0.726389,16,0.726389,0.712407,0.72229,463.2283,453.6684,460.404233,522.689958,528.707314,525.131819
188,50000,,0.726389,25,0.726389,0.705152,0.722368,463.2283,451.1971,460.50593,523.122068,532.329751,525.13968
189,50000,,0.726389,50,0.725671,0.647351,0.721764,462.4845,421.924,460.204822,523.467736,557.798527,525.40846
190,50000,,0.726389,23,0.726389,0.714236,0.723067,463.2283,457.0468,460.860592,523.467736,529.16464,524.831674
191,50000,,0.726389,42,0.726389,0.707072,0.723113,463.2283,454.5694,460.947058,523.467736,533.938293,524.85353
192,50000,,0.726389,32,0.726389,0.573337,0.721579,463.2283,384.9273,460.220454,522.972055,590.737924,525.563894
193,50000,,0.729232,42,0.729232,0.616964,0.722378,466.3863,408.5866,460.693913,523.381146,572.56348,525.2578
194,50000,,0.729232,30,0.729232,0.618319,0.722276,466.3863,409.1748,460.661034,523.381146,571.900643,525.314804
195,50000,,0.729232,35,0.729232,0.705248,0.723609,466.3863,451.7733,461.390436,522.524829,532.641321,524.763884
196,50000,,0.729232,15,0.729232,0.715316,0.72444,466.3863,455.2892,461.753796,522.524829,528.878202,524.359645
197,50000,,0.729232,50,0.729232,0.573337,0.722386,466.3863,384.9273,460.735927,522.524829,590.737924,525.279527
198,50000,,0.729232,50,0.729232,0.544758,0.720453,466.3863,367.9247,459.670585,522.524829,601.636503,526.073663
199,50000,,0.729232,22,0.729232,0.693174,0.724059,466.3863,446.7975,461.625416,522.524829,538.724797,524.570354
200,50000,,0.729232,36,0.729232,0.574173,0.722738,466.3863,384.6652,461.034845,522.524829,589.910784,525.205297
201,50000,,0.729232,43,0.729232,0.686721,0.723728,466.3863,440.1911,461.652427,522.524829,539.330705,524.846608
202,50000,,0.729232,15,0.729232,0.674551,0.724677,466.3863,433.7742,462.218577,522.524829,544.523458,524.485649
203,50000,,0.729382,33,0.729382,0.674551,0.725183,466.3863,433.7742,462.525537,522.524829,544.523458,524.296691
204,50000,,0.729382,50,0.729382,0.713226,0.725546,466.3863,455.8463,462.81177,522.641699,530.158565,524.20575
205,50000,,0.729382,36,0.729382,0.652353,0.725187,466.3863,427.3933,462.769968,522.523982,557.562298,524.457962
206,50000,,0.729382,29,0.729382,0.707003,0.726088,466.3863,454.3477,463.329538,522.523982,533.726133,524.129956
207,50000,,0.729382,14,0.729382,0.708433,0.72659,466.3863,454.3477,463.65652,522.523982,532.440852,523.957266
208,50000,,0.730747,49,0.730747,0.6687,0.725653,467.8078,435.9392,463.228293,522.523982,550.53845,524.401707
209,50000,,0.730747,50,0.730747,0.670697,0.725049,467.8078,437.342,463.035083,522.163489,549.920807,524.743037
210,50000,,0.730747,23,0.730747,0.673129,0.726499,467.9069,439.9844,463.892117,522.163489,549.794104,524.186406
211,50000,,0.730747,35,0.730747,0.699535,0.727089,467.8078,454.2381,464.212452,522.163489,538.749086,523.940646
212,50000,,0.730747,31,0.730747,0.672774,0.726819,467.8078,439.8233,464.131676,522.163489,549.963493,524.096908
213,50000,,0.730747,35,0.730747,0.689969,0.727243,467.8078,447.6898,464.419416,522.524829,541.822371,523.959638
214,50000,,0.730897,13,0.730897,0.686553,0.727449,467.8078,445.243,464.504114,522.524829,542.847509,523.855446
215,50000,,0.730897,38,0.730897,0.686553,0.727186,467.8078,445.243,464.515025,522.311765,542.847509,524.067705
216,50000,,0.731618,50,0.731618,0.691943,0.727602,467.8078,447.8088,464.785068,521.780374,540.362708,523.924329
217,50000,,0.731618,47,0.731618,0.670571,0.727322,467.8078,436.8436,464.732894,521.780374,549.684518,524.107539
218,50000,,0.731618,13,0.730897,0.71707,0.728788,467.8078,458.625,465.467999,521.901819,528.011686,523.457068
219,50000,,0.731618,46,0.731149,0.650177,0.727333,467.8078,426.5398,464.828824,521.901819,558.687591,524.163108
220,50000,,0.731864,32,0.731864,0.525485,0.726987,467.8078,358.0683,464.669344,521.487936,610.064699,524.326308
221,50000,,0.731864,40,0.731864,0.536279,0.727119,467.8078,366.225,464.769221,521.487936,607.11067,524.290812
222,50000,,0.731864,40,0.731864,0.686249,0.72862,467.8078,443.2568,465.589369,521.487936,543.272817,523.669656
223,50000,,0.731864,14,0.731864,0.715661,0.729542,468.1109,459.3239,466.093986,521.487936,529.978237,523.288407
224,50000,,0.731864,20,0.731864,0.66973,0.729546,468.1109,437.4136,466.179312,521.487936,550.722453,523.342669
225,50000,,0.732068,50,0.732068,0.527746,0.727117,468.1109,362.7928,465.00068,521.487936,611.466356,524.447142
226,50000,,0.732841,50,0.732841,0.547286,0.7267,468.3613,370.8918,464.845335,521.487936,601.652939,524.668596
227,50000,,0.732841,32,0.732841,0.699407,0.729904,468.3613,451.1631,466.430623,521.441988,536.788585,523.231167
228,50000,,0.732841,43,0.732841,0.699407,0.72995,468.3613,451.1631,466.417116,521.138625,536.788585,523.186347
229,50000,,0.732841,32,0.732841,0.705446,0.730274,468.3613,454.3429,466.610887,521.138625,534.20841,523.063956
230,50000,,0.733608,17,0.733608,0.695539,0.729912,468.6789,452.7214,466.565461,520.872569,540.849245,523.315356
231,50000,,0.733608,48,0.733608,0.554616,0.727088,468.6789,377.1009,465.092819,520.872569,600.096235,524.531366
232,50000,,0.733608,49,0.733608,0.610321,0.726972,468.8229,404.5362,465.063119,521.028105,575.030744,524.601998
233,50000,,0.734516,14,0.734516,0.712803,0.730885,468.8229,457.7885,466.951837,521.028105,530.779195,522.81571
234,50000,,0.734516,48,0.733505,0.650987,0.729296,468.8229,426.8463,466.170452,521.025665,558.261088,523.531309
235,50000,,0.734516,41,0.734045,0.725786,0.730991,468.8229,463.1827,466.914047,520.912601,525.828526,522.707938
236,50000,,0.734516,23,0.733505,0.697245,0.730388,468.8229,451.5086,466.702265,521.028105,538.705958,523.035788
237,50000,,0.734516,14,0.733505,0.53118,0.729319,468.8229,361.9258,466.09049,521.028105,608.207005,523.45976
238,50000,,0.734516,37,0.734101,0.675396,0.730149,468.8229,441.9423,466.568484,520.848513,549.337988,523.13289
239,50000,,0.734516,50,0.734101,0.675396,0.7302,468.8515,441.9423,466.620095,520.848513,549.337988,523.127903
240,50000,,0.734564,50,0.734564,0.675198,0.729376,469.405,441.8842,466.250264,520.848513,549.45325,523.522718
241,50000,,0.734564,31,0.734564,0.693387,0.730551,469.405,449.8699,466.689848,520.848513,540.617512,522.900814
242,50000,,0.734564,32,0.734564,0.708151,0.731459,469.405,457.4568,467.108025,520.848513,534.185389,522.472447
243,50000,,0.734564,44,0.734101,0.705445,0.731528,469.405,454.3429,467.116445,520.848513,534.209256,522.424087
244,50000,,0.734564,14,0.734361,0.703867,0.731686,469.405,453.1984,467.236909,520.848513,534.673682,522.381856
245,50000,,0.734564,19,0.734361,0.689899,0.731302,469.7004,449.1432,467.095034,520.848513,542.851163,522.586302
246,50000,,0.734564,50,0.734362,0.645065,0.730639,469.7004,424.7124,466.65501,520.848513,561.450419,522.808425
247,50000,,0.734565,50,0.734565,0.654134,0.729476,469.7004,431.0945,466.036846,520.848513,558.652931,523.301351
248,50000,,0.734565,34,0.734564,0.628787,0.729379,469.7004,416.2062,465.953099,520.848513,568.446898,523.321311
249,50000,,0.734714,22,0.734714,0.643051,0.730684,469.2794,424.2044,466.574289,520.784005,562.681119,522.71951
250,50000,,0.734715,50,0.734715,0.648511,0.729194,469.2794,425.4046,465.92273,520.784005,559.22643,523.444767
251,50000,,0.734715,42,0.734715,0.669201,0.73052,469.2794,436.1371,466.509793,520.784005,550.28014,522.803815
252,50000,,0.734776,23,0.734776,0.666285,0.731488,469.2794,436.2942,466.93103,518.967674,552.659822,522.331451
253,50000,,0.734776,39,0.734715,0.666109,0.731331,469.2794,435.8514,466.91979,520.049422,552.500631,522.445916
254,50000,,0.734776,47,0.734715,0.64054,0.730521,469.2794,424.0024,466.59311,520.79108,564.504437,522.858855
255,50000,,0.745738,28,0.745738,0.651995,0.732515,476.9179,429.053,467.720221,517.908213,558.953882,522.059368
256,50000,,0.745738,25,0.745738,0.691885,0.733944,478.051,450.4268,468.479742,517.908213,542.162103,521.453173
257,50000,,0.745738,19,0.745738,0.555577,0.732735,476.9179,375.4909,467.965086,517.908213,598.267182,522.051194
258,50000,,0.745738,16,0.745738,0.696456,0.734953,476.9179,452.2645,469.291976,517.6835,539.827916,521.210614
259,50000,,0.745738,50,0.745738,0.668968,0.733575,476.9179,440.0166,468.760632,517.770991,553.061063,521.929561
260,50000,,0.745738,50,0.745738,0.660262,0.733104,476.9179,433.1453,468.7406,517.908213,555.247392,522.283588
261,50000,,0.745738,39,0.745738,0.663168,0.733814,477.5767,433.8069,469.252785,517.908213,554.780254,522.073132
262,50000,,0.745738,19,0.745738,0.692283,0.736613,477.5767,449.1881,470.662631,517.908213,541.02183,520.834556
263,50000,,0.745738,33,0.745738,0.667321,0.735639,477.5767,438.1551,470.084402,517.908213,553.098543,521.206663
264,50000,,0.746011,50,0.746011,0.671563,0.733754,477.5767,442.5258,469.403612,517.92531,552.718921,522.220587
265,50000,,0.74627,16,0.74627,0.664381,0.737113,478.1891,434.3494,471.43981,517.260786,552.84189,520.964918
266,50000,,0.74627,45,0.746011,0.661705,0.736374,478.1891,432.3222,471.137165,517.741282,553.76867,521.338527
267,50000,,0.74627,27,0.746011,0.696951,0.738939,478.8025,453.2225,472.498792,517.741282,540.083691,520.250719
268,50000,,0.74627,14,0.746011,0.715514,0.740286,478.8025,460.6278,473.44648,517.741282,530.567299,519.83496
269,50000,,0.74627,15,0.746011,0.665961,0.740467,479.5975,438.0623,473.746272,517.624412,554.097425,519.894672
270,50000,,0.7468,18,0.7468,0.682767,0.741593,478.8025,445.4814,474.591818,517.624412,545.960201,519.583184
271,50000,,0.7468,41,0.7468,0.683196,0.741149,478.8025,445.7684,474.572243,517.624412,545.81755,519.916107
272,50000,,0.747375,50,0.747375,0.677526,0.740835,478.8025,445.3446,474.547626,517.605102,549.956721,520.144871
273,50000,,0.747375,46,0.747375,0.677526,0.741244,478.8025,445.3446,474.78768,517.605102,549.956721,519.986201
274,50000,,0.747375,13,0.74695,0.663996,0.742738,479.0839,435.9967,475.760678,517.61025,554.24569,519.473183
275,50000,,0.747375,17,0.747375,0.731384,0.743766,479.0839,469.6903,476.331724,517.605102,526.057386,519.053863
276,50000,,0.747375,23,0.747375,0.679657,0.743141,479.2038,445.802,476.040998,517.605102,548.601117,519.346919
277,50000,,0.747696,50,0.747696,0.68909,0.743426,479.9104,451.858,476.170912,517.301039,545.30157,519.210993
278,50000,,0.747696,50,0.747623,0.716822,0.743515,479.9104,461.2091,476.353684,517.513276,529.936708,519.264309
279,50000,,0.747696,22,0.747623,0.714392,0.744441,479.9104,461.2091,476.884961,517.49338,532.245864,518.89802
280,50000,,0.748115,15,0.748115,0.662399,0.743974,480.3027,436.5059,476.69512,517.193068,555.833086,519.135425
281,50000,,0.748115,46,0.747904,0.565535,0.741299,479.9009,384.8087,475.23398,516.899729,596.743986,520.242697
282,50000,,0.748115,50,0.748077,0.634913,0.742902,479.9009,418.4446,476.079229,516.782859,565.168958,519.558683
283,50000,,0.748115,39,0.748077,0.667066,0.743573,479.0839,439.3181,476.4471,516.782859,554.077186,519.28148
284,50000,,0.748115,15,0.748077,0.69749,0.744955,479.0839,454.5109,477.104015,516.782859,540.527213,518.64378
285,50000,,0.748115,50,0.747904,0.727076,0.745483,479.0839,466.5631,477.407605,516.782859,525.525758,518.435551
286,50000,,0.748115,50,0.747904,0.677237,0.744591,479.0839,445.6786,477.013165,516.782859,550.405846,518.866794
287,50000,,0.748115,28,0.747904,0.707958,0.745437,479.3602,457.4359,477.399653,516.782859,534.321948,518.466406
288,50000,,0.748115,37,0.747933,0.696627,0.745689,479.6965,454.1568,477.56738,516.782859,540.962734,518.381687
289,50000,,0.748313,40,0.748313,0.566016,0.742694,480.1164,383.7186,476.074483,516.782859,595.638295,519.717705
290,50000,,0.748313,31,0.748057,0.634057,0.743685,479.3602,420.6965,476.494831,516.663113,567.345637,519.226697
291,50000,,0.748313,40,0.748057,0.680565,0.743763,479.3602,442.9013,476.58366,516.663113,545.948802,519.224863
292,50000,,0.748485,13,0.748485,0.731859,0.746274,480.6134,468.234,477.930686,516.663113,524.021841,518.169142
293,50000,,0.749576,38,0.749576,0.6687,0.745196,480.6134,442.9432,477.3765,516.663113,555.231957,518.638405
294,50000,,0.749601,50,0.749601,0.554957,0.743469,480.6134,378.9886,476.400735,516.62576,601.095262,519.331802
295,50000,,0.749601,26,0.749601,0.574485,0.744492,480.6134,387.7925,477.049587,516.62576,591.762418,518.968724
296,50000,,0.749755,37,0.749755,0.734764,0.747245,480.6134,472.3206,478.471753,516.506014,523.387193,517.774591
297,50000,,0.749755,37,0.749755,0.733944,0.747271,480.6134,471.6411,478.551299,516.506014,523.571603,517.807546
298,50000,,0.749993,15,0.749993,0.733351,0.747425,480.6134,470.8339,478.678598,515.98955,523.493582,517.772817
299,50000,,0.749993,50,0.749993,0.546462,0.744227,480.6134,373.9678,477.070446,515.98955,604.356782,519.189126
300,50000,,0.749993,50,0.749993,0.558701,0.741787,480.6134,380.2022,475.887025,515.98955,598.987796,520.299874
301,50000,,0.751093,30,0.751093,0.635078,0.7454,481.601,422.9798,477.793986,515.98955,568.079287,518.75912
302,50000,,0.751367,10,0.751367,0.727058,0.747716,481.601,465.2642,478.945354,515.8381,524.669895,517.724288
303,50000,,0.751667,34,0.751667,0.673945,0.746626,484.5841,442.8513,478.533801,515.603924,551.078688,518.298478
304,50000,,0.751667,50,0.751667,0.729368,0.747505,484.5841,469.3024,478.985821,515.47605,525.574086,517.916069
305,50000,,0.751694,43,0.751694,0.694451,0.747675,484.5841,453.3521,479.129856,515.47605,542.120758,517.879791
306,50000,,0.752816,21,0.752816,0.672298,0.748217,484.5841,441.4838,479.401282,515.088231,551.446958,517.638715
307,50000,,0.752816,50,0.752816,0.685457,0.747618,484.5841,449.7117,479.041317,515.088231,546.696772,517.865061
308,50000,,0.752816,30,0.752816,0.685457,0.748734,484.5841,449.7117,479.566362,515.088231,546.696772,517.346589
309,50000,,0.752816,25,0.752816,0.698453,0.748748,484.5841,460.1122,479.505743,515.088231,543.529017,517.294485
310,50000,,0.753309,23,0.753309,0.72268,0.749627,484.5841,466.5501,480.117434,515.088231,528.946094,517.019137
311,50000,,0.753309,50,0.752893,0.674497,0.747996,484.6889,444.5604,479.399385,515.088231,551.793312,517.809796
312,50000,,0.753309,25,0.753309,0.65145,0.7484,484.6889,433.2871,479.656382,515.088231,562.216356,517.666959
313,50000,,0.754147,29,0.754147,0.634035,0.748423,484.9414,421.723,479.565721,515.088231,568.050853,517.588491
314,50000,,0.754301,15,0.754301,0.729769,0.750527,485.8175,468.1724,480.697124,514.763383,524.504064,516.705328
315,50000,,0.754301,13,0.754301,0.744452,0.751396,485.8175,476.7135,481.323919,514.763383,519.762326,516.448068
316,50000,,0.754301,49,0.754301,0.730437,0.751294,485.8175,473.2008,481.379239,514.763383,527.352253,516.564543
317,50000,,0.755753,50,0.755753,0.723518,0.750658,486.3839,465.3937,481.05114,514.763383,528.372733,516.840454
318,50000,,0.755753,50,0.755753,0.671467,0.750168,486.3839,443.8045,481.018247,514.763383,553.65052,517.200746
319,50000,,0.755753,39,0.755753,0.662894,0.750412,486.3839,436.3357,481.173761,514.763383,555.332398,517.115023
320,50000,,0.755753,30,0.755753,0.562012,0.749075,486.8547,382.6952,480.589484,514.763383,598.075876,517.766178
321,50000,,0.755753,32,0.755753,0.677561,0.751767,486.8547,447.6073,482.091196,514.763383,551.445608,516.672829
322,50000,,0.755753,46,0.755753,0.677561,0.751441,486.8547,447.6073,481.947006,514.763383,551.445608,516.830426
323,50000,,0.755753,31,0.755753,0.678573,0.751046,486.8547,446.7727,482.022415,514.763383,550.096447,517.188615
324,50000,,0.756433,30,0.756433,0.728681,0.752731,487.7308,469.3304,483.114754,514.763383,527.033716,516.606425
325,50000,,0.756433,28,0.756433,0.730252,0.753326,487.7308,471.5225,483.612093,514.763383,526.37206,516.47578
326,50000,,0.756433,48,0.756433,0.748355,0.753815,487.7308,479.6835,484.103584,514.742427,519.900714,516.423666
327,50000,,0.756433,15,0.756433,0.750078,0.754218,487.7308,480.303,484.457163,514.742427,518.545638,516.346456
328,50000,,0.756433,43,0.756433,0.738164,0.753839,487.7308,476.1578,484.38456,514.742427,523.792104,516.593018
329,50000,,0.756508,50,0.756508,0.677256,0.752902,487.9654,446.9945,484.124132,514.742427,551.272594,517.149566
330,50000,,0.757536,15,0.757536,0.675453,0.753399,488.3795,446.6399,484.47714,514.742427,552.441226,516.998581
331,50000,,0.757609,13,0.757609,0.750631,0.754814,488.2747,480.9481,485.309729,514.963455,519.549658,516.452284
332,50000,,0.758417,49,0.758417,0.707033,0.753752,489.257,463.8937,484.86596,514.742427,539.37095,516.983283
333,50000,,0.758417,50,0.758417,0.72664,0.754213,489.257,471.7334,485.244451,515.656113,529.578265,516.877386
334,50000,,0.758417,42,0.758417,0.728432,0.754754,489.257,471.7334,485.63929,515.656113,528.608692,516.720262
335,50000,,0.758495,16,0.758495,0.75347,0.755858,489.257,483.7215,486.387856,515.656113,518.487486,516.361067
336,50000,,0.759726,35,0.759726,0.753179,0.75597,490.3147,484.3508,486.554616,515.656113,518.035768,516.384782
337,50000,,0.759726,48,0.759726,0.743405,0.755935,490.3147,478.7367,486.710171,515.656113,521.8614,516.516462
338,50000,,0.760219,42,0.760219,0.73098,0.755564,489.4372,475.7565,486.624856,514.988761,528.641627,516.7489
339,50000,,0.760219,18,0.760219,0.73098,0.756191,489.4372,475.7565,486.936363,514.988761,528.641627,516.468536
340,50000,,0.764633,14,0.764633,0.754591,0.757218,489.5868,482.147,487.208277,509.487276,516.89105,515.84972
341,50000,,0.764633,14,0.764633,0.689013,0.756761,491.0725,453.8813,486.992505,509.487276,546.716802,516.061227
342,50000,,0.764633,20,0.764633,0.752796,0.75789,491.0725,482.147,487.521405,509.487276,516.827202,515.535222
343,50000,,0.768012,50,0.768012,0.562192,0.755367,491.0725,384.4743,486.243603,509.335624,599.127689,516.647312
344,50000,,0.768012,50,0.765172,0.568064,0.754314,491.0725,387.7742,485.638254,509.008453,596.758982,517.063145
345,50000,,0.768012,50,0.765172,0.573299,0.75469,491.0725,389.2427,485.840616,509.008453,593.65931,516.905282
346,50000,,0.768012,50,0.765172,0.573299,0.75428,491.2961,389.2427,485.765517,509.008453,593.65931,517.174743
347,50000,,0.768012,39,0.765172,0.710439,0.757581,491.2961,466.6503,487.548134,509.008453,538.561468,515.794424
348,50000,,0.768012,15,0.765172,0.719428,0.758778,492.2186,467.4774,488.125467,509.008453,532.717332,515.247334
349,50000,,0.768012,21,0.765172,0.717614,0.75924,491.1913,464.6259,488.163961,509.008453,531.608603,514.912829
350,50000,,0.768012,50,0.765396,0.566908,0.754753,491.1913,389.5332,485.956921,509.92077,598.838882,516.933526
351,50000,,0.768012,37,0.765772,0.695141,0.758534,491.3445,459.83,487.890025,509.92077,545.923689,515.280308
352,50000,,0.768012,43,0.765396,0.695141,0.758974,491.3445,459.83,488.094671,509.92077,545.923689,515.074242
353,50000,,0.768012,26,0.765396,0.680355,0.758929,491.3445,451.8097,487.929014,509.92077,552.082152,514.998506
354,50000,,0.768012,15,0.76572,0.743432,0.761424,491.3445,479.1219,488.917111,509.92077,521.838161,513.714393
355,50000,,0.768012,46,0.766734,0.707846,0.760993,491.3445,463.3537,488.591462,509.92077,538.37477,513.832427
356,50000,,0.768012,31,0.767332,0.575371,0.760256,492.222,391.848,488.137258,509.92077,593.789217,514.102505
357,50000,,0.768012,16,0.767332,0.650096,0.760541,492.222,432.7767,488.302525,509.92077,562.930278,513.991369
358,50000,,0.768012,43,0.767332,0.74339,0.762686,492.222,478.5934,489.215584,509.92077,521.906165,512.929971
359,50000,,0.768012,40,0.767456,0.566325,0.761409,492.222,388.7083,488.56264,509.92077,598.740971,513.488144
360,50000,,0.768012,32,0.767332,0.566325,0.761467,492.222,388.7083,488.535908,509.92077,598.740971,513.425388
361,50000,,0.768012,37,0.767676,0.57627,0.762156,492.222,392.2086,488.779008,509.257081,593.329982,513.050922
362,50000,,0.768012,44,0.767732,0.721761,0.763825,492.6696,467.9614,489.652659,509.257081,530.609012,512.334064
363,50000,,0.768012,25,0.767732,0.74754,0.76436,492.6696,479.1565,489.993826,509.257081,518.002976,512.145595
364,50000,,0.768012,20,0.767732,0.752081,0.764927,492.6696,486.292,490.166375,509.257081,519.242399,511.819084
365,50000,,0.768012,42,0.767732,0.680417,0.764454,492.6696,449.2321,489.738967,509.257081,550.30659,511.901542
366,50000,,0.769252,50,0.769252,0.685922,0.763341,492.7345,451.7906,489.107251,508.984038,547.727452,512.346096
367,50000,,0.770319,25,0.770319,0.724761,0.765372,492.7345,468.4647,489.936506,508.66638,528.605945,511.317788
368,50000,,0.770319,21,0.770319,0.741024,0.766091,492.7345,479.0836,490.242155,508.66638,523.036364,510.961831
369,50000,,0.770319,50,0.770319,0.582618,0.762828,492.8994,397.1674,488.639364,509.246231,591.701157,512.433167
370,50000,,0.770319,45,0.76824,0.694891,0.764332,492.8994,458.0468,489.370578,509.056958,544.923293,511.749415
371,50000,,0.770319,27,0.76824,0.694891,0.764602,492.9643,458.0468,489.582551,509.056958,544.923293,511.681044
372,50000,,0.770319,42,0.768775,0.621536,0.763576,492.8994,417.5792,489.108388,508.723678,575.023413,512.163422
373,50000,,0.770319,30,0.769282,0.747867,0.766331,492.8994,479.2612,490.507407,509.068814,517.818415,510.952504
374,50000,,0.770319,42,0.769282,0.748749,0.766794,492.9107,480.2245,490.769638,509.068814,517.775727,510.766739
375,50000,,0.770319,14,0.769557,0.762324,0.767145,492.9643,487.9651,490.935796,509.377572,513.447151,510.604421
376,50000,,0.770348,10,0.770348,0.765379,0.76754,493.7619,488.4363,491.123447,508.630328,512.511148,510.422012
377,50000,,0.770508,12,0.770508,0.575539,0.765883,493.7619,392.9263,490.370059,508.630328,594.380772,511.209695
378,50000,,0.770508,21,0.770508,0.749964,0.767897,493.7619,480.3638,491.427242,508.630328,516.921359,510.347036
379,50000,,0.770508,50,0.770508,0.6567,0.766199,493.7619,437.0217,490.587268,508.630328,560.623903,511.108735
380,50000,,0.770508,50,0.770508,0.688616,0.766379,493.7619,449.6445,490.697962,508.630328,544.187372,511.042411
381,50000,,0.770738,50,0.770738,0.736465,0.767618,493.8268,471.5447,491.298685,508.502978,521.541015,510.478612
382,50000,,0.770738,50,0.770532,0.749063,0.767502,493.8268,481.3016,491.284399,508.442962,518.533609,510.559419
383,50000,,0.770738,33,0.770532,0.681298,0.767403,493.7619,450.0429,491.198994,508.442962,550.162727,510.579821
384,50000,,0.770865,41,0.770865,0.747944,0.768151,493.7619,479.6824,491.3724,508.339946,518.567556,510.112401
385,50000,,0.770879,37,0.770879,0.753622,0.768753,493.8703,482.8315,491.653247,508.341146,516.32594,509.830883
386,50000,,0.771363,15,0.771363,0.754872,0.7695,493.8703,485.1879,491.970902,508.339946,516.32594,509.461262
387,50000,,0.77158,14,0.77158,0.754472,0.76969,493.7619,485.1015,492.007725,508.153779,516.579652,509.337711
388,50000,,0.772523,41,0.772523,0.697857,0.769072,494.434,458.7726,491.794878,508.025585,543.096099,509.676858
389,50000,,0.77366,50,0.77366,0.702566,0.769286,494.471,461.8299,491.751287,507.891645,541.472059,509.481204
390,50000,,0.77366,50,0.77366,0.705309,0.76893,494.471,462.7102,491.614985,507.891645,539.922769,509.66764
391,50000,,0.77366,30,0.77366,0.718738,0.769599,494.569,466.1121,492.003512,507.888469,534.695605,509.406017
392,50000,,0.776637,34,0.776637,0.724349,0.770358,497.1989,469.5083,492.351595,507.398039,529.627123,509.046924
393,50000,,0.776637,40,0.776637,0.75098,0.770678,497.1989,480.22,492.528569,507.398039,516.032626,508.91586
394,50000,,0.776637,13,0.776637,0.763444,0.771462,497.1989,489.1661,493.079279,507.398039,512.305139,508.673267
395,50000,,0.776637,49,0.776637,0.719595,0.770919,497.1989,467.6274,492.820684,507.244841,532.074518,508.923704
396,50000,,0.776637,36,0.776637,0.71496,0.770579,497.1989,464.353,492.803884,507.244841,533.495454,509.177929
397,50000,,0.776637,34,0.776637,0.751625,0.771989,497.1989,481.1917,493.620814,507.244841,516.18083,508.625376
398,50000,,0.777589,23,0.777589,0.72003,0.771317,498.2937,467.8461,493.418784,507.244841,531.882019,509.014407
399,50000,,0.777589,42,0.777589,0.658916,0.77015,498.2937,437.354,492.949008,507.244841,559.117862,509.609678
400,50000,,0.778088,25,0.778088,0.73338,0.772588,498.5328,474.0078,494.127923,507.159845,525.597915,508.498113
401,50000,,0.778393,45,0.778393,0.671262,0.771421,498.9275,444.1826,493.603609,507.116563,554.064076,509.057217
402,50000,,0.778393,24,0.778393,0.700357,0.772343,498.9275,456.4873,494.136945,507.116563,539.61527,508.69477
403,50000,,0.778393,34,0.778393,0.715316,0.772973,498.9275,464.8611,494.593622,507.159845,533.558299,508.509535
404,50000,,0.778393,43,0.778393,0.686908,0.771566,498.9275,451.8822,493.930915,507.159845,547.567543,509.162992
405,50000,,0.778499,13,0.778499,0.727358,0.774469,499.0019,470.6005,495.476348,507.15353,528.011445,507.934635
406,50000,,0.778499,12,0.778499,0.771064,0.775112,499.0019,491.8399,495.960586,507.15353,509.507926,507.75709
407,50000,,0.778901,47,0.778901,0.666691,0.774006,499.31,443.1785,495.472286,507.046746,556.956542,508.292965
408,50000,,0.778901,50,0.778901,0.75838,0.775164,499.31,484.5896,496.161551,507.046746,513.188243,507.851355
409,50000,,0.779239,50,0.779239,0.71753,0.775207,499.31,465.8347,496.331318,506.754411,532.483774,507.93195
410,50000,,0.779239,21,0.779239,0.726664,0.775469,499.31,471.5244,496.643914,506.754411,529.171668,507.936742
411,50000,,0.77981,14,0.77981,0.772056,0.776512,500.0182,493.5247,497.204998,506.754411,508.509045,507.499197
412,50000,,0.77981,50,0.77981,0.720919,0.775085,500.0182,467.9649,496.51419,506.811818,531.267867,508.149361
413,50000,,0.77981,50,0.77981,0.726544,0.775239,500.0182,472.1493,496.718155,506.811818,529.684478,508.165609
414,50000,,0.77981,24,0.77981,0.771295,0.77721,500.0182,493.9629,497.845111,506.811818,510.215269,507.384026
415,50000,,0.77981,45,0.77981,0.729718,0.77681,500.0182,474.2916,497.695086,506.811818,528.644505,507.595374
416,50000,,0.77981,16,0.77981,0.730773,0.777077,500.0182,475.0231,497.939052,506.811818,528.311367,507.55077
417,50000,,0.779935,17,0.779935,0.76277,0.777787,500.1138,488.3239,498.40642,506.778374,512.266838,507.309901
418,50000,,0.779935,50,0.779935,0.720893,0.775996,500.1138,467.9805,497.58006,506.778374,531.298972,508.152851
419,50000,,0.779935,50,0.779935,0.660063,0.773732,500.1138,438.2889,496.552698,506.644697,558.849408,509.230654
420,50000,,0.779935,41,0.779935,0.660063,0.774135,500.1138,438.2889,496.867817,506.645282,558.849408,509.127559
421,50000,,0.780317,30,0.780317,0.601065,0.775364,500.1138,407.8728,497.504509,506.41686,584.485895,508.595406
422,50000,,0.780317,50,0.780317,0.659939,0.774451,500.1138,438.224,496.986271,506.41686,558.902997,508.959871
423,50000,,0.780317,22,0.780317,0.74046,0.778536,500.1138,480.6903,499.201481,506.41686,524.553458,507.258758
424,50000,,0.780317,14,0.780317,0.772963,0.779164,500.1138,495.1542,499.536497,506.41686,509.157312,506.992834
425,50000,,0.783064,39,0.783064,0.727018,0.778143,500.7622,472.9862,498.904397,503.502552,529.875093,507.365896
426,50000,,0.783189,50,0.783189,0.6659,0.775171,500.8271,442.9029,497.392958,504.565352,557.421256,508.670803
427,50000,,0.783189,50,0.783064,0.6659,0.775559,500.7622,442.9517,497.727289,504.382741,557.421256,508.592917
428,50000,,0.783189,49,0.783064,0.591136,0.775079,500.9695,401.6861,497.502935,504.772323,588.084945,508.816824
429,50000,,0.783189,12,0.783064,0.667082,0.778379,500.9695,443.5193,499.192182,504.772323,556.879347,507.374246
430,50000,,0.783189,22,0.783064,0.776335,0.779951,501.0686,497.0738,499.996924,504.772323,507.77741,506.687717
431,50000,,0.783189,50,0.783064,0.692007,0.779189,501.0686,457.4789,499.648549,504.772323,546.792319,507.048578
432,50000,,0.783189,50,0.783064,0.692007,0.777038,501.2386,457.4789,498.535226,504.772323,546.792319,507.980142
433,50000,,0.783189,50,0.783064,0.569687,0.771732,501.2386,389.0803,495.715798,504.772323,596.368118,510.229412
434,50000,,0.783189,15,0.783064,0.569687,0.777158,501.249,389.0803,498.513384,504.634373,596.368118,507.872152
435,50000,,0.783189,38,0.783064,0.726332,0.778199,501.249,472.2049,499.134176,504.772323,529.887041,507.476506
436,50000,,0.783189,50,0.783064,0.569687,0.775741,501.9322,389.0803,497.762692,504.772323,596.368118,508.474651
437,50000,,0.783189,41,0.783064,0.569687,0.776602,501.6777,389.0803,498.165939,504.760194,596.368118,508.072877
438,50000,,0.783189,33,0.783064,0.668861,0.777444,501.6777,444.9177,498.631689,504.247584,556.428849,507.728041
439,50000,,0.78646,42,0.78646,0.668861,0.775976,502.9609,444.9177,497.836111,503.59699,556.428849,508.339852
440,50000,,0.78646,23,0.785479,0.73039,0.779802,502.4778,474.7497,499.840432,503.996002,528.426758,506.698792
441,50000,,0.78697,50,0.78697,0.731109,0.778455,504.0064,475.1942,499.122028,503.899331,528.662091,507.26794
442,50000,,0.78697,29,0.78697,0.726339,0.779778,504.0064,472.5818,499.836841,503.899331,530.133736,506.715101
443,50000,,0.78697,15,0.78697,0.721882,0.779921,504.0064,469.5205,499.905864,503.899331,531.559048,506.649827
444,50000,,0.787046,50,0.787046,0.730673,0.780462,504.0064,474.9846,500.134867,503.63953,528.363536,506.381379
445,50000,,0.787046,42,0.787046,0.733916,0.781075,504.0064,477.4994,500.434153,503.63953,527.519257,506.104165
446,50000,,0.787046,30,0.787046,0.75905,0.781845,504.0064,490.0742,500.942951,503.63953,516.396542,505.844615
447,50000,,0.78707,30,0.78707,0.726217,0.781359,504.0064,472.4282,500.744033,503.50158,530.22959,506.090191
448,50000,,0.787375,32,0.787375,0.727169,0.781789,505.5148,472.9358,500.866416,503.43566,529.723859,505.836415
449,50000,,0.789516,39,0.789516,0.582584,0.780408,505.6563,396.4512,500.199933,502.962526,591.247311,506.46711
450,50000,,0.789516,28,0.789516,0.763182,0.783719,505.6563,491.1832,502.019255,502.880374,513.861529,505.103447
451,50000,,0.789516,50,0.789516,0.573887,0.777369,505.6563,390.5848,498.694798,502.880374,594.100048,507.829307
452,50000,,0.789516,24,0.789516,0.69339,0.782832,505.6563,458.1562,501.675104,502.880374,546.167928,505.565392
453,50000,,0.790226,40,0.790226,0.728112,0.781882,506.0917,473.1227,501.209449,502.757388,529.113716,505.994377
454,50000,,0.790226,14,0.790226,0.695439,0.782617,506.0917,459.8606,501.65119,502.757388,545.71187,505.717049
455,50000,,0.790325,14,0.790325,0.728754,0.783971,506.0917,473.4801,502.506778,502.679814,528.869557,505.234086
456,50000,,0.790325,43,0.790325,0.669719,0.78265,506.0917,446.401,501.893324,502.679814,556.753962,505.85334
457,50000,,0.79152,50,0.79152,0.699943,0.782695,506.7717,465.0792,501.962375,502.200909,545.695249,505.864163
458,50000,,0.79152,50,0.79152,0.669728,0.783448,506.7717,446.4938,502.487045,502.200909,556.808888,505.628615
459,50000,,0.79152,24,0.79152,0.58018,0.782271,506.8142,398.9195,502.003593,502.200909,594.776942,506.223133
460,50000,,0.79152,38,0.79152,0.655845,0.785083,507.5017,442.2211,503.572415,502.200909,564.774467,505.08041
461,50000,,0.79152,29,0.79152,0.548923,0.783113,507.2,379.2351,502.518428,502.200909,605.966725,505.910694
462,50000,,0.79152,34,0.79152,0.610542,0.783507,507.2218,414.9724,502.920799,502.200909,581.851471,505.873514
463,50000,,0.791573,39,0.791573,0.588121,0.77948,507.2218,401.738,500.855945,501.913212,590.47159,507.63075
464,50000,,0.791573,18,0.791573,0.603036,0.784073,507.8329,405.0713,503.171054,501.913212,581.071675,505.599586
465,50000,,0.791573,32,0.791573,0.726586,0.787475,507.8329,472.524,504.985453,501.913212,529.902624,504.161541
466,50000,,0.791573,49,0.791573,0.670405,0.786413,507.8329,446.8587,504.53735,501.913212,556.525589,504.689962
467,50000,,0.791738,15,0.791738,0.737912,0.788795,507.8329,479.4595,505.730674,501.913212,525.716021,503.631977
468,50000,,0.792124,50,0.792124,0.731886,0.787745,508.0955,475.0301,505.173766,501.913212,527.447689,504.077215
469,50000,,0.792124,32,0.792124,0.733895,0.788173,508.3953,475.9651,505.407805,501.913212,526.507684,503.900674
470,50000,,0.792124,24,0.792124,0.742358,0.789731,508.3953,482.2228,506.286835,501.913212,524.099735,503.273861
471,50000,,0.792623,32,0.792623,0.585107,0.787693,508.4373,398.9367,505.265752,501.913212,590.945123,504.179743
472,50000,,0.793309,50,0.793309,0.582672,0.783164,509.1471,397.6288,502.811225,501.913212,591.967882,506.06776
473,50000,,0.793471,32,0.793471,0.718071,0.786755,509.1471,472.2423,504.719277,501.826004,536.355295,504.545107
474,50000,,0.793609,37,0.793609,0.713709,0.788081,509.1471,470.2437,505.384862,501.826004,538.418465,503.956999
475,50000,,0.793609,23,0.793609,0.592666,0.786894,509.1471,403.3595,504.802362,501.789209,588.012778,504.492481
476,50000,,0.793609,50,0.793609,0.695002,0.787351,509.2256,458.6394,505.306259,501.779375,545.687033,504.473548
477,50000,,0.793609,30,0.793609,0.716183,0.789922,509.2256,471.2691,506.644371,501.662278,537.176266,503.36494
478,50000,,0.794768,13,0.794768,0.697701,0.790013,509.5428,462.3276,506.716469,501.001454,545.600042,503.342153
479,50000,,0.794768,50,0.794768,0.673716,0.788931,509.5428,447.6757,506.13861,501.001454,554.490449,503.798657
480,50000,,0.794768,50,0.794768,0.696335,0.787925,509.5428,460.6832,505.574137,501.001454,545.563561,504.205071
481,50000,,0.794768,18,0.794768,0.668893,0.790561,509.5428,445.0023,507.035134,501.001454,556.461249,503.12792
482,50000,,0.795093,15,0.795093,0.583402,0.789569,510.2726,398.1488,506.574873,501.001454,591.747065,503.593523
483,50000,,0.795093,32,0.795093,0.69428,0.78984,510.2726,459.5198,506.76591,501.001454,546.387279,503.510199
484,50000,,0.795093,50,0.795093,0.695199,0.790234,510.2726,459.6883,506.992883,500.985627,545.783473,503.355066
485,50000,,0.795093,50,0.795093,0.583665,0.784194,510.2726,398.6248,503.786445,500.985627,591.861052,505.917437
486,50000,,0.795683,50,0.795683,0.584538,0.787142,510.3812,398.7468,505.286554,500.7199,591.261744,504.623497
487,50000,,0.795683,43,0.795683,0.614403,0.786542,510.3812,412.3493,505.013956,500.7199,577.081917,504.908764
488,50000,,0.795683,37,0.795683,0.664044,0.789045,510.3812,442.0806,506.394958,500.7199,558.285328,503.881588
489,50000,,0.795683,13,0.795683,0.739379,0.792732,510.8688,479.3849,508.330364,500.7199,524.521808,502.302977
490,50000,,0.795683,16,0.795683,0.754413,0.79383,510.8688,487.332,508.957216,500.7199,518.120613,501.866525
491,50000,,0.796023,50,0.796023,0.591986,0.791643,510.9168,403.936,507.794111,500.486919,588.929551,502.792814
492,50000,,0.796567,50,0.796567,0.660842,0.786913,510.962,436.5078,505.438773,500.7199,557.04827,504.90372
493,50000,,0.796567,50,0.796091,0.665842,0.788117,510.949,439.3732,505.998406,500.7199,555.068372,504.339507
494,50000,,0.796567,33,0.796091,0.696531,0.791847,510.949,461.0688,507.91906,500.658004,545.669437,502.717129
495,50000,,0.79717,49,0.79717,0.697769,0.792321,511.0422,460.7807,508.174308,500.425023,544.510609,502.518585
496,50000,,0.79717,14,0.79717,0.595115,0.792597,511.0422,404.9516,508.315334,500.425023,587.169251,502.397796
497,50000,,0.79717,20,0.79717,0.699678,0.794272,511.0422,463.01,509.254173,500.425023,544.515606,501.720845
498,50000,,0.79717,50,0.79717,0.698065,0.794473,511.0422,462.2374,509.370445,500.425023,545.255926,501.641725
499,50000,,0.79717,50,0.79717,0.663367,0.790139,511.0422,444.139,507.171833,500.425023,560.192637,503.549184
500,50000,,0.797355,42,0.797355,0.593033,0.788421,511.0941,403.8533,506.381619,500.425023,588.057748,504.359577
501,50000,,0.79751,50,0.79751,0.617417,0.791407,511.0941,418.4639,507.752755,500.425023,578.828946,502.949586
502,50000,,0.79751,28,0.79751,0.69639,0.793446,511.0941,459.7409,508.739303,500.425023,544.889806,502.020166
503,50000,,0.797849,32,0.797849,0.700322,0.792365,511.6102,463.2974,508.310179,500.2677,544.20589,502.575178
504,50000,,0.797849,50,0.797849,0.594073,0.788663,511.6102,404.5433,506.409578,500.2677,587.709116,504.189207
505,50000,,0.797849,50,0.797849,0.695688,0.78955,511.6102,459.7671,506.881592,500.2677,545.454648,503.81382
506,50000,,0.797849,26,0.797795,0.738307,0.79249,511.53,478.716,508.251124,500.2677,524.909691,502.438645
507,50000,,0.798398,18,0.798398,0.699513,0.794245,511.6102,462.7774,509.263903,500.080842,544.488602,501.748184
508,50000,,0.798398,50,0.798398,0.753095,0.795989,511.6102,488.2247,510.172057,500.080842,519.747136,500.996657
509,50000,,0.798398,50,0.798398,0.683773,0.789926,511.6102,453.7238,507.168563,500.080842,550.698488,503.712769
510,50000,,0.798398,22,0.798398,0.595676,0.79353,511.6102,405.1786,508.782872,498.718213,586.884315,501.983689
511,50000,,0.798398,14,0.798398,0.595676,0.793985,512.6769,405.1786,509.218617,500.080842,586.884315,501.920979
512,50000,,0.798398,12,0.798398,0.791353,0.797266,512.6769,505.8181,510.933699,500.080842,501.694814,500.510517
513,50000,,0.798584,38,0.798584,0.696215,0.793455,512.6769,460.7304,509.098512,499.970892,545.689088,502.253848
514,50000,,0.798584,50,0.798584,0.698817,0.793671,512.6769,462.9157,509.258618,499.970892,545.123814,502.192636
515,50000,,0.798584,50,0.798584,0.700401,0.79488,512.6769,463.2974,509.842483,499.970892,544.143994,501.640714
516,50000,,0.798584,50,0.798584,0.574425,0.792381,512.6769,392.9937,508.496365,499.970892,595.294414,502.687787
517,50000,,0.801178,50,0.801178,0.611048,0.793461,514.833,415.0617,509.124011,499.970892,581.516716,502.265732
518,50000,,0.801178,50,0.801178,0.589287,0.791863,514.833,401.8765,508.361518,499.970892,589.654744,503.00141
519,50000,,0.801178,50,0.801178,0.572723,0.791883,514.833,392.3811,508.367779,499.911742,596.211691,502.989779
520,50000,,0.801178,50,0.801178,0.596058,0.789561,514.833,400.5636,507.124381,499.911742,585.370151,503.968182
521,50000,,0.801203,50,0.801203,0.668325,0.792359,514.833,439.56,508.64216,499.911742,553.257316,502.802339
522,50000,,0.801203,50,0.801203,0.595007,0.789871,514.833,405.0409,507.317052,499.456898,587.313928,503.855379
523,50000,,0.801203,33,0.801203,0.597234,0.793436,514.833,406.298,509.257506,499.456898,586.418788,502.374745
524,50000,,0.801203,50,0.801203,0.699592,0.79568,514.833,462.7774,510.372191,499.456898,544.426706,501.371631
525,50000,,0.802084,25,0.802084,0.697177,0.796255,515.7105,460.7891,510.730401,499.456898,544.97798,501.163428
526,50000,,0.802084,31,0.802084,0.699887,0.794788,515.7105,462.8563,510.044389,499.456898,544.249699,501.848056
527,50000,,0.802084,50,0.802084,0.699592,0.792702,515.7105,462.7774,509.07011,499.456898,544.426706,502.821895
528,50000,,0.802084,50,0.802084,0.700287,0.791791,515.7105,463.2974,508.588411,499.456898,544.233295,503.209945
529,50000,,0.802084,50,0.802084,0.598644,0.788301,515.7105,406.7792,506.917028,499.293639,585.64162,504.811746
530,50000,,0.802084,36,0.802084,0.667515,0.794679,515.7105,439.04,509.991237,499.293639,553.540028,501.896742
531,50000,,0.802893,47,0.802893,0.674986,0.794745,516.2305,449.2298,510.112363,499.293639,554.541245,501.927003
532,50000,,0.802893,48,0.802893,0.594965,0.791202,516.2305,404.8668,508.409828,499.456898,587.229921,503.54961
533,50000,,0.802893,15,0.802893,0.721842,0.798564,516.2305,475.9751,512.208072,499.364986,535.915412,500.352314
534,50000,,0.802986,43,0.802986,0.699588,0.796985,516.2305,462.7774,511.56261,499.086354,544.430229,501.151392
535,50000,,0.803586,50,0.803586,0.599041,0.792156,516.2305,406.8929,509.073967,498.936079,585.408153,503.250212
536,50000,,0.804467,50,0.804467,0.599041,0.794465,516.8183,406.8929,510.338856,498.837073,585.408153,502.296845
537,50000,,0.804467,50,0.804467,0.596264,0.794427,516.8183,405.8425,510.336593,498.837073,586.87066,502.325275
538,50000,,0.804467,40,0.804467,0.661272,0.797478,516.8183,443.1711,511.849866,498.837073,561.178082,500.959215
539,50000,,0.804467,28,0.804467,0.796676,0.800359,516.8183,510.6801,513.469624,498.804159,500.801375,499.797767
540,50000,,0.804467,50,0.804467,0.795685,0.800459,516.8183,509.9983,513.559848,498.804159,501.116803,499.780149
541,50000,,0.804675,24,0.804675,0.79703,0.800788,516.8633,511.113,513.848814,498.705153,500.856177,499.717333
542,50000,,0.804675,49,0.804675,0.700401,0.799967,516.8633,463.2974,513.512456,498.705153,544.143994,500.132238
543,50000,,0.804689,31,0.804689,0.700401,0.799524,516.8633,463.2974,513.334867,498.694308,544.143994,500.35885
544,50000,,0.804689,47,0.804689,0.596891,0.795007,516.8633,406.2594,511.102869,498.694308,586.660594,502.386312
545,50000,,0.804689,15,0.804689,0.702837,0.799232,516.8633,465.1417,513.261732,498.694308,543.479987,500.537666
546,50000,,0.804689,17,0.804675,0.702837,0.800705,516.8633,465.1417,514.104756,498.705153,543.479987,499.952973
547,50000,,0.805337,50,0.805337,0.700792,0.800757,517.3517,463.2974,514.124319,498.515968,543.839498,499.925759
548,50000,,0.805337,50,0.805337,0.597116,0.79644,517.3517,406.6794,511.936639,498.515968,586.766939,501.82739
549,50000,,0.805337,50,0.805337,0.676537,0.799597,517.3517,450.083,513.665693,498.515968,553.902883,500.523364
550,50000,,0.805337,50,0.805337,0.59608,0.795318,517.3517,405.8425,511.409281,498.515968,587.013595,502.349065
551,50000,,0.805545,15,0.805545,0.59608,0.79926,517.3967,405.8425,513.638362,498.384048,587.013595,500.768186
552,50000,,0.805545,50,0.805545,0.59608,0.800613,517.3967,405.8425,514.403605,498.384048,587.013595,500.22536
553,50000,,0.805545,33,0.805545,0.59677,0.80096,517.3967,406.3835,514.66423,498.384048,586.838315,500.129343
554,50000,,0.805545,42,0.805545,0.59608,0.799088,517.3967,405.8425,513.717468,498.384048,587.013595,500.954734
555,50000,,0.805545,14,0.805545,0.724844,0.802778,517.3967,476.3743,515.817368,498.384048,533.841705,499.484313
556,50000,,0.805545,40,0.805545,0.59608,0.799374,517.3967,405.8425,513.972142,498.373875,587.013595,500.902364
557,50000,,0.805545,50,0.805545,0.59608,0.796254,517.3967,405.8425,512.44266,498.373875,587.013595,502.311025
558,50000,,0.805545,50,0.805545,0.596545,0.798168,517.3967,406.3386,513.373709,498.373875,586.983991,501.442131
559,50000,,0.805545,50,0.805545,0.59608,0.799041,517.3967,405.8425,513.845944,498.311979,587.013595,501.077443
560,50000,,0.805853,16,0.805853,0.76104,0.803878,517.5927,493.227,516.438552,498.274868,516.902079,499.042278
561,50000,,0.805853,11,0.805853,0.799037,0.804471,517.5927,512.5231,516.77286,498.274868,500.194621,498.803603
562,50000,,0.805853,15,0.805853,0.596051,0.802586,517.5927,405.8425,515.786048,498.274868,587.036543,499.612766
563,50000,,0.806838,48,0.806838,0.59608,0.798433,517.9052,405.8425,513.54952,497.716082,587.013595,501.353346
564,50000,,0.806838,50,0.805853,0.59608,0.793017,517.5927,405.8425,510.625565,498.274868,587.013595,503.618215
565,50000,,0.806838,50,0.805853,0.59608,0.795988,517.5927,405.8425,512.285437,498.274868,587.013595,502.41321
566,50000,,0.806838,50,0.805876,0.59608,0.796175,517.5927,405.8425,512.479091,498.257177,587.013595,502.39729
567,50000,,0.806838,50,0.805876,0.59608,0.792494,517.5927,405.8425,510.503457,498.257177,587.013595,503.944727
568,50000,,0.806838,50,0.805876,0.59608,0.791634,517.5927,405.8425,509.94073,498.257177,587.013595,504.238644
569,50000,,0.806838,50,0.805876,0.59608,0.795094,517.5927,405.8425,511.738634,498.257177,587.013595,502.744359
570,50000,,0.806838,50,0.805876,0.592214,0.797005,517.5927,404.0826,512.73855,498.257177,588.850434,501.923711
571,50000,,0.806838,50,0.805876,0.59608,0.79723,517.5927,405.8425,512.923931,498.257177,587.013595,501.87229
572,50000,,0.806838,50,0.805876,0.593122,0.798599,517.5927,404.466,513.672206,498.257177,588.398678,501.305754
573,50000,,0.806838,40,0.805876,0.593122,0.80083,517.5927,404.466,514.877668,498.257177,588.398678,500.373967
574,50000,,0.806838,50,0.80596,0.596083,0.801139,517.5927,405.8425,515.115203,498.191352,587.011891,500.291988
575,50000,,0.806838,23,0.80596,0.59608,0.803014,517.5927,405.8425,516.095604,498.191352,587.013595,499.486244
576,50000,,0.806838,41,0.80596,0.59608,0.796787,517.5927,405.8425,512.800349,498.191352,587.013595,502.13561
577,50000,,0.806838,50,0.806229,0.59608,0.797752,517.8797,405.8425,513.284369,498.173899,587.013595,501.706509
578,50000,,0.806838,50,0.80596,0.59608,0.801647,517.5927,405.8425,515.353523,498.191352,587.013595,500.055623
579,50000,,0.806838,50,0.805983,0.59608,0.798339,517.5927,405.8425,513.552286,498.17366,587.013595,501.428363
580,50000,,0.806838,50,0.805983,0.596206,0.79884,517.5927,405.8495,513.83739,498.17366,586.920473,501.229196
581,50000,,0.806838,19,0.805983,0.804949,0.805838,517.5927,517.1436,517.568609,498.17366,498.679646,498.270703
582,50000,,0.806838,45,0.805983,0.59608,0.79956,517.5927,405.8425,514.220594,498.17366,587.013595,500.924273
583,50000,,0.806838,50,0.805983,0.59608,0.79595,517.5927,405.8425,512.308284,498.17366,587.013595,502.458691
584,50000,,0.806838,50,0.805983,0.59608,0.798497,517.5927,405.8425,513.636788,498.17366,587.013595,501.361978
585,50000,,0.806838,50,0.805983,0.59608,0.801672,517.5927,405.8425,515.340964,498.048786,587.013595,500.027673
586,50000,,0.806838,50,0.805983,0.59608,0.800228,517.5927,405.8425,514.536458,498.048786,587.013595,500.614563
587,50000,,0.806838,50,0.805983,0.638362,0.800625,517.5927,428.8432,514.786838,498.048786,569.446594,500.472692
588,50000,,0.806838,39,0.805983,0.596998,0.802079,517.5927,406.2594,515.551721,498.048786,586.577078,499.851188
589,50000,,0.806838,39,0.805983,0.59608,0.794103,517.5927,405.8425,511.268064,498.048786,587.013595,503.202203
590,50000,,0.806838,23,0.805983,0.594112,0.79728,517.5927,404.8345,512.966752,498.048786,587.873839,501.862089
591,50000,,0.806838,50,0.805983,0.59608,0.793722,517.5927,405.8425,511.018692,498.048786,587.013595,503.332311
592,50000,,0.806838,50,0.805983,0.59554,0.790529,517.5927,405.4107,509.378075,498.048786,587.145663,504.72287
593,50000,,0.806838,50,0.805999,0.596187,0.791924,517.5927,405.8425,510.060443,498.048786,586.930079,504.092622
594,50000,,0.806838,50,0.806083,0.596203,0.795598,517.5927,405.8425,512.071418,498.095498,586.917741,502.574314
595,50000,,0.80879,50,0.80879,0.596021,0.795821,519.6262,405.8425,512.096562,496.195766,587.060228,502.416858
596,50000,,0.80879,50,0.80879,0.596187,0.794068,519.6262,405.8425,511.297808,496.661265,586.930079,503.248903
597,50000,,0.80879,28,0.80879,0.598596,0.800233,519.6262,407.4576,514.576199,496.885656,586.192109,500.637178
598,50000,,0.80879,50,0.80879,0.596203,0.791733,519.6262,405.8425,510.048896,496.885656,586.917741,504.233797
599,50000,,0.80879,50,0.80879,0.596187,0.797029,519.6262,405.8425,512.916236,496.885656,586.930079,502.024307
600,50000,,0.80879,50,0.80879,0.596203,0.800116,519.6262,405.8425,514.593877,496.885656,586.917741,500.740729
601,50000,,0.80879,31,0.80879,0.601505,0.803262,519.6262,409.3912,516.221878,496.885656,585.160497,499.37768
602,50000,,0.80879,43,0.80879,0.596187,0.795591,519.6262,405.8425,512.101811,496.885656,586.930079,502.599784
603,50000,,0.80879,30,0.80879,0.596187,0.799468,519.6262,405.8425,514.27043,496.885656,586.930079,501.029179
604,50000,,0.80879,50,0.80879,0.598752,0.799698,519.6262,407.6602,514.403459,496.885656,586.14766,500.938913
605,50000,,0.809061,50,0.809061,0.598102,0.796769,520.2641,407.7002,512.984193,496.885656,586.681684,502.272499
606,50000,,0.809061,22,0.809061,0.596226,0.801088,520.2641,405.3744,515.220554,496.885656,586.585982,500.402291
607,50000,,0.809061,14,0.809061,0.598678,0.802831,520.2641,407.1052,516.143495,496.885656,585.833372,499.66121
608,50000,,0.809089,48,0.809089,0.598678,0.798089,520.2641,407.1052,513.698977,496.885656,585.833372,501.721785
609,50000,,0.809089,50,0.809089,0.598752,0.793523,520.2641,407.2794,511.383954,496.885656,586.14766,503.731754
610,50000,,0.80919,50,0.80919,0.596594,0.789652,520.2641,406.2298,509.303855,496.885656,587.983106,505.357508
611,50000,,0.80919,50,0.80919,0.59631,0.793067,520.2641,405.8425,511.080522,496.885656,586.875378,503.884758
612,50000,,0.80919,50,0.809089,0.594622,0.790161,520.2641,404.2476,509.570514,496.885656,587.08222,505.139422
613,50000,,0.80919,50,0.809089,0.598351,0.790617,520.2641,407.2794,509.797025,496.885656,586.20517,504.935455
614,50000,,0.80919,50,0.809089,0.596216,0.791545,520.2641,405.8425,510.378611,496.885656,586.908181,504.601573
615,50000,,0.809457,50,0.809457,0.598272,0.790513,520.2641,407.2794,509.858266,496.787592,586.266788,505.057458
616,50000,,0.809457,50,0.809457,0.595876,0.793914,520.2641,406.0167,511.626855,496.787592,587.289538,503.589542
617,50000,,0.809457,50,0.809457,0.604088,0.787814,520.2641,410.7539,508.432453,496.787592,584.059012,506.207327
618,50000,,0.809457,32,0.809457,0.672015,0.79691,520.2641,443.3881,513.233268,496.787592,552.944086,502.329351
619,50000,,0.809457,14,0.809457,0.672015,0.803628,520.2641,443.3881,516.878022,496.787592,552.944086,499.53159
620,50000,,0.809457,26,0.809457,0.685018,0.801968,520.2641,451.4667,516.10165,496.787592,548.214962,500.306221
621,50000,,0.809485,50,0.809485,0.600094,0.801019,520.2641,409.1476,515.504192,496.765694,586.097771,500.645898
622,50000,,0.809485,50,0.809485,0.709024,0.803898,520.3826,466.9006,516.924601,496.765694,541.100748,499.351994
623,50000,,0.809485,50,0.809485,0.598556,0.799552,520.3826,407.3489,514.725204,496.765694,586.092008,501.268241
624,50000,,0.809485,50,0.809485,0.599129,0.796576,520.3826,407.6691,513.296545,496.765694,585.859424,502.632613
625,50000,,0.809485,50,0.809485,0.600951,0.792812,520.3826,409.387,511.31361,496.765694,585.58982,504.239801
626,50000,,0.809485,50,0.809485,0.628377,0.799829,520.3826,421.7073,515.029524,496.765694,572.453578,501.256604
627,50000,,0.810397,50,0.810397,0.600201,0.800782,520.8646,409.1476,515.538606,496.765694,586.014254,500.8538
628,50000,,0.810397,50,0.809796,0.539847,0.797347,520.5402,374.7464,513.663627,496.765694,610.038154,502.277282
629,50000,,0.810397,50,0.809796,0.705268,0.797791,520.5402,465.3499,514.002177,496.765694,542.626787,502.157533
630,50000,,0.810397,50,0.809796,0.597585,0.799656,520.5402,407.6438,514.938993,496.765694,587.047126,501.330332
631,50000,,0.810397,50,0.810397,0.601563,0.79742,520.8646,409.2576,513.734244,496.765694,585.02547,502.267311
632,50000,,0.810397,50,0.810397,0.599474,0.798545,520.8646,408.5241,514.297675,496.765694,586.163398,501.767512
633,50000,,0.810397,50,0.810397,0.598379,0.794768,520.8646,407.2794,512.430199,496.765694,586.183272,503.462235
634,50000,,0.810397,32,0.810397,0.598518,0.799096,520.8646,407.2794,514.727827,496.750113,586.075111,501.62561
635,50000,,0.810397,37,0.810397,0.598284,0.796137,520.8646,406.9939,513.155355,496.666597,586.183272,502.879914
636,50000,,0.810397,50,0.810397,0.596858,0.794848,520.8646,407.0203,512.550232,496.666597,587.19627,503.480079
637,50000,,0.810419,50,0.810419,0.599243,0.796617,520.8646,407.6792,513.324816,496.666597,585.777896,502.619253
638,50000,,0.810419,50,0.810419,0.618905,0.796566,520.8646,414.7864,513.376636,496.666597,575.203677,502.693971
639,50000,,0.810419,50,0.810419,0.678057,0.795352,520.8646,448.845,512.761876,496.666597,551.888034,503.228703
640,50000,,0.810419,50,0.810419,0.678057,0.798995,520.8646,448.845,514.590417,496.666597,551.888034,501.612588
641,50000,,0.810419,50,0.810419,0.596858,0.799592,520.8646,407.0203,514.982996,496.666597,587.19627,501.40986
642,50000,,0.810419,29,0.810419,0.598445,0.799467,520.8646,407.9666,514.878391,496.666597,586.592193,501.437731
643,50000,,0.810419,42,0.810419,0.601163,0.797681,520.8646,409.0931,513.909508,496.666597,585.227612,502.181143
644,50000,,0.810419,50,0.810419,0.598379,0.802671,520.8646,407.2794,516.511523,496.666597,586.183272,500.032298
645,50000,,0.810419,50,0.810419,0.611383,0.801476,520.8646,415.358,515.917194,496.666597,581.454148,500.566588
646,50000,,0.810419,30,0.810419,0.704975,0.805758,520.8646,466.6192,518.21663,496.648905,542.802385,498.767567
647,50000,,0.810419,50,0.810419,0.679181,0.803409,520.8646,452.0533,516.964918,496.648905,553.16141,499.760501
648,50000,,0.810419,50,0.810419,0.600558,0.799255,520.8646,408.4461,514.726704,496.586454,585.265789,501.500731
649,50000,,0.811264,16,0.811264,0.70668,0.807418,521.621,467.1395,519.031979,496.551513,541.821389,498.019169
650,50000,,0.812057,25,0.812057,0.706814,0.805666,521.9619,467.261,518.128574,496.364124,541.798428,498.779746
651,50000,,0.812057,50,0.812057,0.702293,0.801152,521.9619,464.9361,515.803561,496.364124,543.766617,500.742677
652,50000,,0.812057,50,0.812057,0.703514,0.798589,521.9619,465.6589,514.466889,496.364124,543.298628,501.846313
653,50000,,0.812334,50,0.812334,0.605388,0.799694,521.9862,411.6869,514.983872,496.164276,583.670049,501.33108
654,50000,,0.812334,50,0.812334,0.647563,0.801567,521.9862,434.6876,515.982764,496.164276,566.186564,500.539707
655,50000,,0.812334,50,0.812334,0.697787,0.795556,521.9862,464.3453,512.995913,496.164276,546.88522,503.226217
656,50000,,0.812334,50,0.812334,0.697787,0.796895,521.9862,464.3453,513.747948,496.164276,546.88522,502.685939
657,50000,,0.812334,50,0.812334,0.70668,0.801792,521.9862,467.1395,516.254669,496.164276,541.821389,500.545848
658,50000,,0.812334,50,0.812334,0.704975,0.802036,521.9862,466.6192,516.458579,496.164276,542.802385,500.492289
659,50000,,0.812334,33,0.812334,0.706125,0.804317,521.9862,466.7682,517.588058,496.164276,542.379276,499.470118
660,50000,,0.812334,18,0.812334,0.710715,0.808155,521.9862,469.8817,519.587713,496.164276,540.511665,497.816387
661,50000,,0.812334,50,0.812334,0.708234,0.80741,521.9862,467.9866,519.168712,496.164276,541.176857,498.117017
662,50000,,0.812334,50,0.812334,0.70668,0.807406,521.9862,467.1395,519.19223,496.164276,541.821389,498.135425
663,50000,,0.812334,50,0.812334,0.708629,0.807961,521.9862,468.3229,519.55382,496.164276,541.093854,497.945274
664,50000,,0.812334,35,0.812334,0.705552,0.806069,521.9862,466.3122,518.563308,496.164276,542.146312,498.7572
665,50000,,0.812461,13,0.812461,0.705514,0.808345,521.9862,467.1013,519.805586,496.065178,542.704993,497.814559
666,50000,,0.812461,33,0.812461,0.706444,0.805156,521.9862,467.0678,518.164095,496.065178,541.957119,499.201309
667,50000,,0.812461,50,0.812461,0.706427,0.798869,521.9862,467.1395,514.973278,496.065178,542.161547,501.967428
668,50000,,0.812461,50,0.812334,0.705514,0.799996,521.9862,467.1013,515.560908,496.164276,542.704993,501.482439
669,50000,,0.812461,50,0.812334,0.705514,0.804986,521.9862,466.7953,518.103383,496.164276,542.704993,499.293539
670,50000,,0.812461,50,0.812334,0.70743,0.806691,521.9862,467.5292,518.957556,496.164276,541.497541,498.536047
671,50000,,0.812461,50,0.812334,0.705988,0.803053,521.9862,466.879,517.043744,496.164276,542.186692,500.091265
672,50000,,0.812461,50,0.812334,0.70714,0.80357,521.9862,467.6971,517.322068,496.164276,541.905744,499.874736
673,50000,,0.812461,50,0.812334,0.597601,0.798685,522.4538,408.194,514.812747,496.164276,587.403543,502.003518
674,50000,,0.812461,50,0.812334,0.601146,0.798366,522.4538,409.0097,514.503668,496.164276,585.184973,502.045107
675,50000,,0.812461,50,0.812334,0.673514,0.801037,522.4538,445.8318,515.894546,496.164276,553.411959,500.893567
676,50000,,0.812461,50,0.812334,0.673514,0.798286,522.4538,445.8318,514.528583,496.164276,553.411959,502.124247
677,50000,,0.812461,50,0.812334,0.673514,0.804658,522.4538,445.8318,517.943383,496.164276,553.411959,499.442439
678,50000,,0.812461,40,0.812342,0.633294,0.804371,521.9862,426.4235,517.812624,496.15777,571.778653,499.578719
679,50000,,0.812461,50,0.812342,0.70668,0.805593,521.9862,467.1395,518.449593,496.15777,541.864418,499.051756
680,50000,,0.817188,50,0.817188,0.706435,0.803525,524.4741,467.1395,517.328271,493.373222,542.155041,499.913807
681,50000,,0.817188,11,0.817188,0.778343,0.811178,524.4741,502.34,521.258048,493.373222,509.511909,496.577829
682,50000,,0.817188,16,0.817188,0.706265,0.80851,524.4741,466.9216,519.949893,493.373222,541.998926,497.782157
683,50000,,0.817188,28,0.817188,0.68254,0.806244,524.815,451.825,518.74367,493.373222,552.229266,498.741077
684,50000,,0.817188,50,0.817188,0.601058,0.798123,524.4741,408.9646,514.365925,493.373222,585.223048,502.142305
685,50000,,0.817188,50,0.817188,0.683562,0.803861,524.4741,455.6603,517.428433,493.373222,552.161161,499.718949
686,50000,,0.817188,50,0.817188,0.706932,0.804595,524.4741,466.7103,517.837557,493.373222,541.666296,499.420714
687,50000,,0.817188,50,0.817188,0.681957,0.80221,524.4741,454.073,516.677875,493.373222,552.34954,500.503794
688,50000,,0.817188,50,0.817188,0.607876,0.802519,524.4741,412.8482,516.786516,493.373222,582.507424,500.335077
689,50000,,0.817188,50,0.817188,0.619334,0.801895,524.4741,417.0387,516.40769,493.373222,576.378702,500.568528
690,50000,,0.817188,50,0.817188,0.652647,0.80431,524.645,436.911,517.698745,493.373222,563.710663,499.549483
691,50000,,0.817188,50,0.817188,0.603912,0.802637,524.645,411.4713,516.972086,493.373222,584.67682,500.367374
692,50000,,0.817188,41,0.817188,0.684166,0.800512,524.645,454.9325,515.793648,493.373222,551.689623,501.23563
693,50000,,0.817188,18,0.817188,0.685537,0.808675,524.645,456.3894,519.977047,493.373222,551.109291,497.671716
694,50000,,0.817188,44,0.817188,0.684493,0.805721,524.645,454.961,518.410993,493.373222,550.966101,498.92665
695,50000,,0.817188,50,0.817188,0.684166,0.80406,524.645,454.6506,517.598492,493.373222,551.689623,499.677385
696,50000,,0.817387,34,0.817387,0.684033,0.804262,524.645,455.404,517.812661,493.373222,551.689623,499.663178
697,50000,,0.817387,50,0.817188,0.708337,0.807247,524.8791,467.5366,519.530901,493.373222,541.252846,498.486249
698,50000,,0.817387,23,0.817188,0.709262,0.810535,524.645,469.2969,521.124672,493.373222,541.252846,496.990082
699,50000,,0.817387,14,0.817188,0.7092,0.812061,524.8791,469.1706,521.987435,493.274433,541.216357,496.377895
700,50000,,0.817387,50,0.817188,0.706226,0.808779,525.2412,466.7246,520.267107,493.342218,541.897686,497.784928
701,50000,,0.817387,50,0.817188,0.684698,0.808251,524.815,455.1395,519.960698,493.373222,551.428608,497.99174
702,50000,,0.817387,50,0.817188,0.608188,0.803303,524.815,413.2762,517.342854,493.373222,582.550855,500.09697
703,50000,,0.817387,29,0.817188,0.68432,0.806246,524.815,454.6506,518.855439,493.373222,550.892864,498.815083
704,50000,,0.817387,11,0.817188,0.684166,0.810037,524.9203,455.6603,520.92874,493.373222,551.689623,497.246961
705,50000,,0.817387,48,0.817188,0.605863,0.801944,524.815,411.4544,516.590954,493.373222,583.143807,500.653114
706,50000,,0.817387,50,0.817344,0.683811,0.803778,524.815,455.1726,517.462767,493.314929,551.639716,499.8062
707,50000,,0.817387,50,0.817344,0.70758,0.807689,524.815,468.5532,519.465661,493.236634,542.06685,498.097767
708,50000,,0.818346,42,0.818346,0.706449,0.809467,525.4634,466.6706,520.53272,493.314929,541.686922,497.426681
709,50000,,0.818346,28,0.818346,0.681366,0.810075,525.4634,453.5298,520.938048,493.314929,552.446452,497.223351
710,50000,,0.818555,32,0.818555,0.68324,0.810991,525.4634,454.6508,521.343493,493.298048,551.736072,496.78123
711,50000,,0.818555,14,0.818555,0.683248,0.811551,525.4634,454.6508,521.628287,493.298048,551.729566,496.534732
712,50000,,0.818583,33,0.818583,0.683248,0.810248,525.4634,454.6508,520.921933,493.199259,551.729566,497.077904
713,50000,,0.818583,50,0.818555,0.683248,0.81044,525.4634,454.6508,520.975534,493.199259,551.729566,496.96399
714,50000,,0.818583,50,0.818555,0.682588,0.806688,525.4634,454.0974,518.783854,493.199259,551.873357,498.422363
715,50000,,0.818583,50,0.818555,0.682201,0.806025,525.4634,453.2732,518.353702,493.199259,551.736072,498.650701
716,50000,,0.818583,32,0.818583,0.615098,0.808256,525.4634,417.1876,519.477319,493.199259,579.782018,497.66332
717,50000,,0.818583,30,0.818583,0.68324,0.811151,525.4634,454.6508,520.979629,493.199259,551.759072,496.412292
718,50000,,0.818737,50,0.818737,0.683868,0.814118,525.7924,454.9902,522.41352,493.177362,551.473082,495.059069
719,50000,,0.81901,42,0.81901,0.611445,0.81166,525.4634,414.8293,521.116164,492.992747,581.05122,496.106668
720,50000,,0.81901,22,0.81901,0.711379,0.81456,525.4688,469.7704,522.590485,492.992747,539.91882,494.833055
721,50000,,0.81901,50,0.81901,0.754697,0.813675,525.5329,489.4933,522.063546,492.992747,519.370342,495.169657
722,50000,,0.81901,50,0.81901,0.709744,0.81379,525.7029,468.2715,522.127115,492.992747,540.189788,495.122916
723,50000,,0.81901,25,0.81901,0.758295,0.814501,525.7029,491.2638,522.543611,492.992747,517.726912,494.847608
724,50000,,0.81901,42,0.81901,0.758908,0.816065,525.7924,490.5675,523.440407,492.992747,517.193833,494.228377
725,50000,,0.81901,19,0.81901,0.757626,0.81596,525.7924,489.8369,523.424765,492.992747,517.293212,494.299745
726,50000,,0.819101,50,0.819101,0.693156,0.812751,525.7924,459.9066,521.630644,492.992747,547.523242,495.60025
727,50000,,0.819101,34,0.81901,0.605767,0.811797,525.7924,411.1315,521.21383,492.992747,583.002045,496.065727
728,50000,,0.819483,22,0.819483,0.603173,0.810821,526.172,410.023,520.761237,492.992747,584.282615,496.523117
729,50000,,0.819483,50,0.819483,0.605767,0.812367,526.172,411.1315,521.668018,492.992747,583.002045,495.925059
730,50000,,0.819483,41,0.819483,0.610246,0.811477,526.172,412.1364,521.091257,492.992747,580.182357,496.233
731,50000,,0.819483,39,0.819483,0.708879,0.813396,526.172,468.6986,522.184777,492.992747,541.150685,495.468716
732,50000,,0.819483,50,0.819483,0.683404,0.808527,526.172,454.3807,519.549917,492.992747,551.426878,497.500879
733,50000,,0.819483,32,0.819483,0.757452,0.812891,526.172,490.7395,521.9012,492.992747,518.033585,495.672865
734,50000,,0.819483,32,0.819483,0.759229,0.815628,526.172,491.4758,523.501192,492.992747,517.260421,494.60975
735,50000,,0.819563,41,0.819563,0.606856,0.812813,526.172,412.3859,522.012536,492.992747,582.993384,495.808254
736,50000,,0.819664,18,0.819664,0.760372,0.817516,526.1774,491.955,524.605776,492.992747,516.570098,493.877632
737,50000,,0.819664,41,0.819664,0.757125,0.816846,526.1774,490.2951,524.200706,492.992747,518.178321,494.128294
738,50000,,0.819664,50,0.819664,0.709205,0.81707,526.4115,468.2542,524.470795,492.992747,540.598771,494.13522
739,50000,,0.81977,46,0.81977,0.708879,0.811461,526.4115,468.6986,521.457676,492.750314,541.181837,496.490822
740,50000,,0.81977,28,0.819664,0.722251,0.813848,526.1774,471.8736,522.725903,492.992747,532.848412,495.479043
741,50000,,0.81977,50,0.819664,0.683189,0.810609,526.1774,453.9944,521.013157,492.992747,551.335611,496.857268
742,50000,,0.819819,40,0.819819,0.683189,0.812917,526.1774,453.9944,522.277089,492.586924,551.335611,495.904399
743,50000,,0.819819,25,0.819819,0.683189,0.812702,526.1774,453.9944,522.075812,492.586924,551.335611,495.936973
744,50000,,0.819819,18,0.819819,0.75532,0.816046,526.1774,488.8262,523.856336,492.586924,518.414104,494.521585
745,50000,,0.819819,50,0.819819,0.604492,0.811797,526.501,411.1722,521.520123,492.586924,584.024379,496.270637
746,50000,,0.819819,50,0.819819,0.709382,0.815161,526.5064,468.0024,523.26606,492.586924,540.292107,494.817015
747,50000,,0.819856,50,0.819856,0.75532,0.81638,526.5064,488.8262,523.884535,492.586924,518.414104,494.279962
748,50000,,0.819856,45,0.819856,0.685737,0.815313,526.5064,456.0413,523.333735,492.586924,550.7195,494.743756
749,50000,,0.819856,36,0.819856,0.757966,0.815694,526.5064,490.2951,523.505116,492.586924,517.759157,494.56145
750,50000,,0.820042,18,0.820042,0.731788,0.816955,526.5064,476.1283,524.248701,492.586924,528.260714,494.075572
751,50000,,0.820042,40,0.820042,0.800644,0.81902,526.5064,517.1851,525.46217,492.586924,502.065275,493.278376
752,50000,,0.820042,50,0.820042,0.757452,0.81675,526.5064,490.7395,524.155709,492.586924,518.033585,494.173614
753,50000,,0.820042,50,0.820042,0.758844,0.817484,526.5064,491.4262,524.602627,492.586924,517.844325,493.90053
754,50000,,0.820042,24,0.820042,0.709949,0.816224,526.5064,469.5331,523.899009,492.586924,540.875694,494.411645
755,50000,,0.820042,50,0.820042,0.710737,0.815911,526.5064,468.5906,523.823192,492.586924,539.629269,494.604787
756,50000,,0.82037,39,0.82037,0.710737,0.815138,526.5064,468.5906,523.373329,492.291796,539.629269,494.90653
757,50000,,0.82037,33,0.820198,0.716286,0.813624,526.5064,472.2159,522.459692,492.291796,537.730492,495.474961
758,50000,,0.82037,50,0.820198,0.757166,0.814606,526.5064,490.6591,522.954832,492.291796,518.202759,495.04078
759,50000,,0.82037,25,0.820198,0.610309,0.813367,526.5064,414.2696,522.366428,492.291796,581.562248,495.612977
760,50000,,0.82037,50,0.820198,0.603165,0.812444,526.5064,410.2447,521.908581,492.291796,584.437654,496.02658
761,50000,,0.82037,37,0.820198,0.603165,0.812083,526.5064,410.2447,521.740889,492.291796,584.437654,496.195209
762,50000,,0.82037,17,0.820198,0.709819,0.815404,526.5064,469.3685,523.57108,492.291796,540.86644,494.831561
763,50000,,0.82037,50,0.820352,0.757423,0.815147,526.5064,490.6315,523.40831,492.291796,518.060477,494.92302
764,50000,,0.82037,50,0.820352,0.758874,0.81845,526.5064,492.078,525.222035,492.291796,517.821625,493.561846
765,50000,,0.82092,35,0.82092,0.757773,0.817729,527.8617,490.4434,524.748799,491.821929,518.05019,493.806885
766,50000,,0.82092,45,0.82092,0.758626,0.814264,527.8617,490.3752,522.73778,491.821929,517.821625,495.16216
767,50000,,0.820967,21,0.820967,0.608559,0.816064,527.8617,414.0073,523.85573,491.381895,582.751257,494.507184
768,50000,,0.821032,14,0.821032,0.77431,0.819498,527.8617,501.2105,525.734858,491.381895,511.900732,493.088163
769,50000,,0.821032,49,0.821032,0.7582,0.818768,527.7519,489.5228,525.230141,491.381895,516.768903,493.319542
770,50000,,0.821032,50,0.821032,0.758173,0.816718,527.7519,490.6315,524.034779,491.381895,518.115339,494.116993
771,50000,,0.821032,50,0.821032,0.710737,0.816201,527.7519,468.5906,523.784784,491.381895,539.629269,494.353074
772,50000,,0.821032,33,0.821032,0.757491,0.816631,527.7519,490.6315,523.923834,491.381895,518.002741,494.110898
773,50000,,0.821032,38,0.821032,0.757353,0.81748,527.7519,489.5048,524.415803,491.381895,517.283556,493.777925
774,50000,,0.821121,30,0.821121,0.758131,0.81746,527.7519,491.3014,524.427807,491.381895,518.147408,493.802085
775,50000,,0.821139,15,0.821139,0.759103,0.818477,527.7519,490.7573,524.982746,491.377426,516.757811,493.380281
776,50000,,0.82115,50,0.82115,0.711109,0.815999,527.7519,470.0337,523.562269,491.377426,540.305967,494.361854
777,50000,,0.82115,50,0.82115,0.683171,0.814773,527.7519,454.3654,522.862774,491.377426,551.598189,494.848722
778,50000,,0.821518,50,0.821518,0.682501,0.816657,527.9522,453.4354,523.949505,491.306965,551.497982,494.107961
779,50000,,0.821801,24,0.821801,0.685282,0.815744,527.9522,455.1198,523.427599,491.306965,550.457194,494.470216
780,50000,,0.821801,50,0.821801,0.685282,0.816868,527.9522,455.1198,524.082486,491.247761,550.457194,494.032644
781,50000,,0.821801,16,0.821801,0.684313,0.817486,527.9522,454.4499,524.438105,491.247761,550.764139,493.788683
782,50000,,0.821801,31,0.821801,0.756611,0.819472,527.9522,490.5742,525.464774,491.247761,518.578533,492.92756
783,50000,,0.821801,50,0.821801,0.710737,0.818027,527.9522,468.5906,524.671889,491.247761,539.629269,493.522823
784,50000,,0.821801,50,0.821801,0.608392,0.814824,527.9522,412.8402,522.976411,491.247761,582.099933,494.885658
785,50000,,0.822198,49,0.822198,0.756475,0.816635,527.9522,489.082,523.829964,491.247761,517.835121,494.044867
786,50000,,0.822198,24,0.822198,0.68467,0.816595,527.9522,455.6672,523.918466,491.247761,551.301668,494.135425
787,50000,,0.822198,50,0.822198,0.719785,0.817864,527.9522,470.1455,524.439493,491.247761,533.613812,493.494771
788,50000,,0.822237,24,0.822237,0.754989,0.818729,527.9522,488.1159,524.875506,491.247761,518.196342,493.111811
789,50000,,0.822237,10,0.822237,0.683695,0.81935,527.9522,454.6946,525.33252,491.247761,551.410159,492.933595
790,50000,,0.822237,49,0.822237,0.757988,0.818343,527.9522,490.4556,524.718687,491.247761,517.425009,493.30823
791,50000,,0.822237,50,0.822237,0.693576,0.817473,527.9522,459.2847,524.319271,491.247761,546.779171,493.719214
792,50000,,0.822237,50,0.822237,0.683701,0.816657,527.9522,454.9973,523.850765,491.439632,551.608614,494.041926
793,50000,,0.822237,50,0.822237,0.609136,0.81537,527.9522,414.2528,523.280804,491.439632,582.465662,494.6636
794,50000,,0.822237,23,0.822237,0.68467,0.81796,527.9522,455.6672,524.79575,491.439632,551.301668,493.658489
795,50000,,0.822237,50,0.822237,0.755816,0.81907,527.9522,488.5423,525.450577,491.439632,519.714983,493.231269
796,50000,,0.822237,41,0.822237,0.604798,0.816472,527.9522,411.1015,524.04648,491.439632,583.738094,494.317236
797,50000,,0.822237,33,0.822237,0.604798,0.818313,527.9522,411.1015,525.147779,491.439632,583.738094,493.619318
798,50000,,0.822243,50,0.822243,0.63943,0.815971,527.9522,430.7613,524.002915,491.439632,569.899346,494.678576
799,50000,,0.822243,27,0.822243,0.758162,0.820096,527.9522,490.7585,526.197483,491.575979,517.492486,492.931479
800,50000,,0.822243,12,0.822243,0.757999,0.821283,527.9522,490.7585,526.874121,491.575979,517.619317,492.459496
801,50000,,0.822243,33,0.822243,0.75607,0.819979,527.9522,488.6858,526.107647,491.520025,517.735345,492.962821
802,50000,,0.822243,50,0.822243,0.755237,0.819995,527.9522,488.035,526.113056,491.520025,517.948845,492.954016
803,50000,,0.822243,50,0.822243,0.764401,0.8214,527.9522,492.4926,526.913959,491.520025,513.788218,492.394579
804,50000,,0.822243,50,0.822243,0.650984,0.817044,527.7928,437.0323,524.551291,491.520025,565.088824,494.209131
805,50000,,0.822243,50,0.822243,0.683701,0.815564,527.7928,454.9973,523.786923,491.520025,551.608614,494.851506
806,50000,,0.822243,50,0.822243,0.705809,0.81712,527.7928,463.2816,524.51712,491.884445,539.915604,494.126711
807,50000,,0.822243,39,0.822243,0.758162,0.81959,527.7928,490.7585,525.863856,491.884445,517.771377,493.102817
808,50000,,0.822243,14,0.822243,0.780567,0.821679,527.7928,500.8433,527.040089,491.884445,506.774269,492.261782
809,50000,,0.822243,34,0.822243,0.759074,0.8215,527.4899,490.9025,526.939906,491.751778,516.87774,492.333885
810,50000,,0.822243,50,0.822243,0.759171,0.820017,527.4899,491.269,526.102169,491.751778,517.047881,492.929201
811,50000,,0.822243,50,0.822243,0.758162,0.819161,527.4899,490.5991,525.609757,492.016322,517.492486,493.267077
812,50000,,0.822243,50,0.822243,0.75911,0.81976,527.4899,491.293,525.946351,492.016322,517.111191,493.025473
813,50000,,0.822243,32,0.822243,0.71008,0.820734,527.4899,469.0992,526.562718,492.016322,540.482319,492.678903
814,50000,,0.822243,31,0.822243,0.604613,0.81622,527.4899,411.1186,523.984969,492.016322,583.893372,494.472724
815,50000,,0.822243,50,0.822243,0.626663,0.814854,527.4899,424.0562,523.187599,492.016322,575.364036,495.003602
816,50000,,0.822243,50,0.822243,0.675449,0.816638,527.4899,452.4967,524.37713,492.016322,556.369173,494.409029
817,50000,,0.822243,20,0.822243,0.760615,0.821306,527.4899,492.1297,526.813895,492.016322,516.498206,492.400886
818,50000,,0.822243,12,0.822243,0.82095,0.822211,527.4899,526.5502,527.32153,492.016322,492.546726,492.034986
819,50000,,0.822243,46,0.822243,0.758122,0.819647,527.4899,490.5991,525.854137,492.016322,517.416929,493.052175
820,50000,,0.822243,50,0.822243,0.684112,0.816012,527.3305,455.5226,523.865339,492.016322,551.639908,494.554509
821,50000,,0.822243,50,0.822243,0.684646,0.818991,527.3305,455.186,525.487887,492.016322,550.998055,493.318357
822,50000,,0.822243,50,0.822243,0.703608,0.819442,527.3305,465.757,525.767564,492.016322,543.291272,493.154082
823,50000,,0.822243,50,0.822243,0.75808,0.820676,527.3305,490.5991,526.403339,492.016322,517.449454,492.617569
824,50000,,0.822243,25,0.822243,0.75754,0.821068,527.3305,490.0456,526.658992,492.016322,517.499482,492.482933
825,50000,,0.822243,47,0.822243,0.758201,0.819057,527.3305,490.5991,525.523828,492.016322,517.354826,493.290933
826,50000,,0.822243,31,0.822243,0.75538,0.817417,527.3305,488.4063,524.566227,492.016322,518.522545,493.927881
827,50000,,0.822243,12,0.822243,0.684216,0.819789,527.3305,455.3951,525.983705,492.016322,551.473292,493.027577
828,50000,,0.822243,45,0.822243,0.757139,0.820905,527.3305,490.1673,526.561262,492.016322,517.894272,492.544109
829,50000,,0.822243,50,0.822243,0.756076,0.819374,527.3305,488.6858,525.679005,492.016322,517.730876,493.147405
830,50000,,0.822243,50,0.822243,0.756076,0.820235,527.3305,488.6858,526.1793,492.016322,517.730876,492.81139
831,50000,,0.822243,42,0.822243,0.756076,0.819812,527.3305,488.6858,525.936394,492.016322,517.730876,492.978457
832,50000,,0.822243,15,0.822243,0.781226,0.821491,527.3305,503.9109,526.897231,492.016322,508.316024,492.312247
833,50000,,0.822243,45,0.822243,0.683532,0.817533,527.3305,454.9219,524.686006,491.926346,551.689572,493.918029
834,50000,,0.822243,50,0.822243,0.756076,0.819289,527.3305,488.6858,525.601963,491.926346,517.730876,493.162181
835,50000,,0.822243,50,0.822243,0.758601,0.819611,527.3305,490.9194,525.806919,492.016322,517.257687,493.047928
836,50000,,0.822243,17,0.822243,0.758207,0.821365,527.3305,490.5991,526.815551,492.016322,517.350356,492.355861
837,50000,,0.822243,16,0.822243,0.606488,0.818205,527.3305,412.7037,525.103924,492.016322,583.493269,493.674234
838,50000,,0.822243,28,0.822243,0.604613,0.816475,527.3305,411.1186,524.195258,492.016322,583.893372,494.414088
839,50000,,0.822243,50,0.822243,0.662287,0.818272,527.3305,436.917,525.082876,492.016322,556.195408,493.607353
840,50000,,0.822243,50,0.822243,0.662287,0.817148,527.3305,436.917,524.407918,492.016322,556.195408,494.031877
841,50000,,0.822243,50,0.822243,0.710086,0.817633,527.3305,469.0992,524.721962,492.016322,540.477849,493.864006
842,50000,,0.822243,50,0.822243,0.677561,0.819016,527.3305,451.4869,525.529635,492.016322,554.0455,493.326166
843,50000,,0.822243,50,0.822243,0.677561,0.817599,527.3305,451.4869,524.732518,492.016322,554.0455,493.897316
844,50000,,0.822243,50,0.822243,0.569098,0.815148,527.3305,391.8943,523.443769,492.016322,598.713255,494.945617
845,50000,,0.822243,32,0.822243,0.569098,0.815043,527.3305,391.8943,523.444287,492.016322,598.713255,495.027738
846,50000,,0.822243,40,0.822243,0.604613,0.813686,527.3305,411.1186,522.736987,492.016322,583.893372,495.612329
847,50000,,0.822243,50,0.822243,0.658758,0.817335,527.3305,441.1374,524.561382,492.016322,561.776197,493.988667
848,50000,,0.822243,38,0.822243,0.677879,0.819483,527.3305,446.3379,525.734649,492.016322,550.346758,493.099985
849,50000,,0.822243,14,0.822243,0.757405,0.821271,527.3305,490.3386,526.783946,492.016322,517.801128,492.408374
850,50000,,0.823754,16,0.823754,0.793109,0.821979,528.4469,511.8795,527.20412,490.996491,504.386945,492.1374
851,50000,,0.823754,50,0.823754,0.61454,0.816107,528.4469,417.3053,524.047387,490.996491,580.296358,494.602137
852,50000,,0.823754,50,0.823754,0.683994,0.816572,528.4469,455.0049,524.178766,490.996491,551.384522,494.327339
853,50000,,0.823754,50,0.823754,0.598639,0.814114,528.4469,408.685,522.884504,490.996491,586.922418,495.377315
854,50000,,0.823754,50,0.823754,0.603639,0.813949,528.4469,411.5504,522.824914,490.996491,584.94252,495.466082
855,50000,,0.823754,50,0.823754,0.710086,0.815964,528.4469,469.0992,523.799513,490.996491,540.477849,494.54783
856,50000,,0.823754,49,0.823754,0.710086,0.816185,528.4469,469.0992,524.001109,490.996491,540.477849,494.510726
857,50000,,0.823754,15,0.823754,0.682865,0.818534,528.4469,453.4759,525.18759,490.996491,551.24052,493.473337
858,50000,,0.823754,50,0.823754,0.758306,0.818321,528.4469,490.7442,525.01909,490.996491,517.370765,493.526298
859,50000,,0.823754,31,0.823754,0.758446,0.821,528.4469,490.9612,526.599889,490.996491,517.406492,492.496011
860,50000,,0.823782,50,0.823782,0.759018,0.820133,528.4469,491.016,526.085778,490.996491,516.997356,492.828337
861,50000,,0.823782,40,0.823782,0.758194,0.81991,528.4469,490.1259,525.957679,490.996491,517.346201,492.916133
862,50000,,0.823782,14,0.823782,0.757784,0.821942,528.4469,489.9922,527.152349,490.996491,517.2741,492.131652
863,50000,,0.823782,45,0.823782,0.757561,0.820078,528.4469,489.7895,526.043976,490.996491,517.622518,492.843157
864,50000,,0.823782,50,0.823782,0.758718,0.820044,528.4469,490.6327,526.082039,490.996491,517.171207,492.894757
865,50000,,0.823782,42,0.823782,0.70928,0.820345,528.4469,468.388,526.299693,490.996491,540.629504,492.805842
866,50000,,0.823782,16,0.823782,0.758759,0.821167,528.4469,490.9612,526.753032,490.996491,517.162567,492.468492
867,50000,,0.823862,25,0.823862,0.7091,0.821123,528.4469,468.4671,526.746403,490.965791,540.823518,492.498321
868,50000,,0.823929,50,0.823929,0.685254,0.819679,528.9855,455.6197,525.946159,490.965791,550.814436,493.088828
869,50000,,0.823929,50,0.823929,0.758002,0.818852,528.9855,489.6301,525.452105,490.965791,517.028808,493.402443
870,50000,,0.823959,50,0.823959,0.75822,0.818045,528.9855,490.6075,524.91562,490.965791,517.599392,493.672503
871,50000,,0.823959,50,0.823959,0.756419,0.82089,528.9855,488.3754,526.541661,490.965791,517.255422,492.542859
872,50000,,0.823959,16,0.823959,0.709647,0.821221,528.9855,468.6517,526.896513,490.965791,540.520671,492.5228
873,50000,,0.823959,15,0.823959,0.68207,0.821369,528.9855,453.6638,526.979106,490.942763,551.987226,492.462547
874,50000,,0.825032,12,0.825032,0.757784,0.822647,528.9855,489.9922,527.612798,490.479067,517.2741,491.890496
875,50000,,0.825032,44,0.824888,0.758958,0.822006,528.9855,490.2466,527.271885,490.591998,517.194094,492.161956
876,50000,,0.825032,50,0.824888,0.685983,0.816777,528.9855,455.699,524.388172,490.591998,550.298699,494.308277
877,50000,,0.825032,50,0.824888,0.702432,0.819056,528.9855,465.3125,525.599728,490.591998,543.910147,493.342104
878,50000,,0.825032,50,0.824888,0.693266,0.817547,528.9855,460.3869,524.792932,490.591998,547.758907,493.978587
879,50000,,0.825032,50,0.824914,0.608813,0.817286,528.9855,413.7053,524.552425,490.571703,582.351451,494.020894
880,50000,,0.825032,50,0.824914,0.59939,0.814685,528.9855,409.5841,523.203049,490.571703,586.939471,495.146062
881,50000,,0.825032,50,0.824953,0.59939,0.813333,528.9855,409.5841,522.399948,490.541003,586.939471,495.662261
882,50000,,0.825032,38,0.824927,0.709371,0.813714,528.9855,468.1981,522.63075,490.561298,540.431514,495.519629
883,50000,,0.825032,12,0.824927,0.751149,0.819697,528.9855,486.0835,525.731788,490.561298,519.830004,492.930495
884,50000,,0.825032,11,0.824927,0.757303,0.820596,528.9855,489.5702,526.210076,490.561298,517.366509,492.550401
885,50000,,0.825032,34,0.824964,0.758172,0.82107,528.9855,490.0638,526.551151,490.532794,517.092368,492.408626
886,50000,,0.825032,50,0.82499,0.612063,0.820458,528.6681,416.0341,526.286855,490.439572,581.376295,492.709327
887,50000,,0.825032,50,0.82499,0.6072,0.816417,528.6681,413.4995,523.951213,490.505162,583.470995,494.295961
888,50000,,0.825032,50,0.82499,0.608295,0.814996,528.6681,414.2862,523.2221,490.512499,583.144368,494.916166
889,50000,,0.825032,50,0.825003,0.613196,0.816147,528.6681,416.0634,523.802502,490.502094,580.512443,494.407399
890,50000,,0.825043,42,0.825043,0.684628,0.818713,528.6681,449.8478,525.033808,490.470954,547.434707,493.230794
891,50000,,0.825043,18,0.825043,0.719849,0.822112,528.5728,469.0156,526.953271,490.470954,532.806479,491.865721
892,50000,,0.825043,50,0.825043,0.758371,0.822031,528.5728,490.4259,526.842478,490.470954,517.106241,491.854963
893,50000,,0.825043,50,0.825043,0.758433,0.820991,528.5728,490.4838,526.193178,490.470954,517.097102,492.230548
894,50000,,0.825043,15,0.825043,0.759897,0.82204,528.5728,490.5485,526.703603,490.470954,515.998173,491.754488
895,50000,,0.825043,50,0.825029,0.75889,0.820178,528.5728,490.5485,525.613518,490.481799,516.910526,492.476103
896,50000,,0.825043,34,0.825029,0.760293,0.820786,528.5728,491.0229,525.963877,490.481799,516.007177,492.236982
897,50000,,0.825043,46,0.825029,0.758798,0.818794,528.5728,489.9354,524.79075,490.481799,516.899236,493.004856
898,50000,,0.825043,31,0.825043,0.758904,0.820646,528.5728,490.7371,525.885243,490.470954,516.899236,492.293642
899,50000,,0.825043,29,0.825043,0.758904,0.822651,528.5728,490.7371,527.015869,490.380369,516.899236,491.487401
900,50000,,0.825043,50,0.825043,0.686849,0.820776,528.5728,456.7646,526.083951,490.380369,550.337361,492.325136
901,50000,,0.825043,33,0.825043,0.758346,0.822435,528.5728,490.4259,526.876041,490.329374,517.125651,491.562162
902,50000,,0.825043,21,0.825043,0.683999,0.819777,528.5728,454.4815,525.430131,490.329374,551.03005,492.666185
903,50000,,0.825043,50,0.825043,0.740587,0.819465,528.5728,488.1826,525.162149,490.329374,529.475034,492.729725
904,50000,,0.825043,50,0.825043,0.740601,0.822351,528.5728,488.1826,526.784144,490.329374,529.464189,491.565551
905,50000,,0.825043,50,0.825043,0.71204,0.819832,528.5728,469.523,525.433573,490.318529,539.237849,492.625865
906,50000,,0.825043,19,0.825043,0.614319,0.821517,528.2835,417.3358,526.366536,490.318529,580.488887,491.936821
907,50000,,0.825087,15,0.825087,0.686243,0.821132,528.4882,458.6949,526.202654,490.318529,552.10347,492.126911
908,50000,,0.825087,32,0.825087,0.761559,0.822011,528.4882,491.9032,526.702647,490.318529,519.785609,491.776475
909,50000,,0.825087,50,0.825087,0.685866,0.820067,528.8326,455.3986,525.600401,490.318529,550.188333,492.554397
910,50000,,0.825087,50,0.825087,0.758842,0.821526,528.4882,488.956,526.234904,490.318529,515.928563,491.841313
911,50000,,0.825087,50,0.825087,0.687422,0.820341,528.4882,456.1387,525.660289,490.318529,549.471135,492.380376
912,50000,,0.825098,50,0.825098,0.760428,0.823447,528.4882,491.0229,527.375033,490.318529,515.902018,491.107176
913,50000,,0.825098,50,0.825098,0.686097,0.822676,528.4882,455.8231,527.003038,490.318529,550.292543,491.459447
914,50000,,0.825098,50,0.825098,0.686097,0.818981,528.4882,455.8231,524.982676,490.318529,550.292543,492.987163
915,50000,,0.825098,15,0.825098,0.702646,0.821624,528.4882,465.1238,526.368958,490.428255,543.616818,491.854998
916,50000,,0.825098,50,0.825098,0.710996,0.820491,528.4882,470.0739,525.813343,490.428255,540.421277,492.366036
917,50000,,0.825098,50,0.825098,0.75814,0.821265,528.4882,491.0229,526.165477,490.428255,520.671051,491.99844
918,50000,,0.825106,37,0.825106,0.610655,0.821037,528.4882,414.8778,526.101636,490.421565,581.700347,492.133261
919,50000,,0.825106,46,0.825106,0.730859,0.821628,528.4882,474.4926,526.421036,490.421565,527.888664,491.886359
920,50000,,0.825156,21,0.825156,0.760433,0.823063,528.4882,491.0229,527.162048,490.41741,515.897862,491.263665
921,50000,,0.825156,14,0.825156,0.760433,0.824372,528.4882,491.0229,527.917567,490.41741,515.897862,490.749163
922,50000,,0.825156,30,0.825156,0.685875,0.823651,528.4882,455.332,527.591072,490.41741,550.136775,491.09226
923,50000,,0.825156,50,0.825156,0.685875,0.821367,528.4882,455.332,526.368988,490.41741,550.136775,492.055431
924,50000,,0.825156,50,0.825156,0.738491,0.821003,528.4882,482.1205,525.9988,490.41741,527.047219,492.090761
925,50000,,0.825156,50,0.825156,0.760409,0.824178,528.4882,491.0229,527.813869,490.41741,515.917272,490.830656
926,50000,,0.825156,50,0.825156,0.760399,0.823719,528.4882,491.2276,527.558692,490.41741,516.062042,491.017638
927,50000,,0.825156,50,0.825156,0.685866,0.821689,528.4882,455.3986,526.459208,490.41741,550.188333,491.864706
928,50000,,0.825156,50,0.825156,0.696677,0.821971,528.4882,461.6,526.664155,490.41741,545.91124,491.782187
929,50000,,0.825212,21,0.825212,0.701563,0.823133,528.4882,465.1238,527.317212,490.41741,544.461601,491.313227
930,50000,,0.825212,13,0.825212,0.760492,0.824446,528.4882,491.2276,527.998618,490.41741,515.989543,490.745607
931,50000,,0.825212,11,0.825212,0.824456,0.825104,528.4882,527.7569,528.388772,490.41741,490.575587,490.493714
932,50000,,0.825212,33,0.825212,0.717173,0.822103,528.4882,472.1605,526.721562,490.41741,537.000888,491.717634
933,50000,,0.825212,50,0.825212,0.613333,0.819814,528.4882,417.0523,525.520393,490.41741,581.068513,492.698173
934,50000,,0.825212,50,0.825212,0.623409,0.818632,528.4882,418.7449,524.936721,490.41741,574.343615,493.228857
935,50000,,0.825269,50,0.825269,0.648127,0.8212,528.9038,433.3555,526.339349,490.380248,564.853497,492.165577
936,50000,,0.825443,50,0.825443,0.648127,0.821151,528.8085,433.3555,526.252047,490.370287,564.853497,492.145617
937,50000,,0.825763,50,0.825763,0.654858,0.818489,529.0175,439.5384,524.675564,490.370287,563.746792,493.165027
938,50000,,0.825763,50,0.825443,0.726273,0.820234,528.8085,473.3173,525.671683,490.326146,530.678572,492.471366
939,50000,,0.825763,50,0.825443,0.760847,0.822936,528.8085,491.5479,527.158391,490.370287,515.926979,491.360471
940,50000,,0.825763,50,0.825443,0.682196,0.821343,528.8085,453.7005,526.344334,490.336108,551.913221,492.057319
941,50000,,0.825763,50,0.825443,0.760492,0.823043,528.8085,491.2276,527.237996,490.370287,515.989543,491.330085
942,50000,,0.825763,31,0.825499,0.686705,0.822643,528.8085,456.1358,527.033528,490.370287,550.027741,491.505442
943,50000,,0.825763,14,0.825499,0.76056,0.824065,528.8085,491.2276,527.794173,490.370287,515.935999,490.905541
944,50000,,0.825763,22,0.825499,0.808259,0.824997,528.8085,517.8117,528.35006,490.336108,496.545161,490.551037
945,50000,,0.825763,50,0.825443,0.808259,0.82495,528.8085,517.8117,528.319664,490.282564,496.545161,490.56766
946,50000,,0.825763,50,0.825443,0.610452,0.81993,528.8085,414.5185,525.589644,490.336108,581.617696,492.654001
947,50000,,0.825763,50,0.825499,0.760409,0.822143,528.8085,491.0229,526.694598,490.336108,515.935999,491.66776
948,50000,,0.825763,50,0.825675,0.760472,0.821901,528.878,491.0229,526.538024,490.336108,515.935999,491.752004
949,50000,,0.825763,33,0.825675,0.711962,0.821263,528.878,469.8433,526.304964,490.348293,539.512772,492.093271
950,50000,,0.825763,30,0.825675,0.749501,0.821851,528.878,485.6544,526.574027,490.348293,520.827541,491.815122
951,50000,,0.825763,50,0.825675,0.687625,0.823652,528.878,456.3976,527.678181,490.361267,549.485948,491.150403
952,50000,,0.825763,50,0.825675,0.604124,0.819857,528.878,411.8403,525.506888,490.361267,584.758799,492.655427
953,50000,,0.825763,29,0.825675,0.76056,0.823705,528.878,491.2276,527.630699,490.330302,515.935999,491.077241
954,50000,,0.825763,50,0.825675,0.632069,0.820864,528.878,427.4561,526.112839,490.317126,573.425848,492.276067
955,50000,,0.825763,22,0.825675,0.760954,0.822852,528.878,491.5479,527.140656,490.326146,515.84333,491.413821
956,50000,,0.825763,50,0.825675,0.738538,0.822676,528.878,483.5518,527.106039,490.326146,527.969644,491.528312
957,50000,,0.825763,50,0.825675,0.758184,0.82253,528.878,489.5005,526.983405,490.317126,516.632122,491.559478
958,50000,,0.825763,15,0.825675,0.712377,0.823583,528.878,469.6508,527.641013,490.273544,539.060534,491.179391
959,50000,,0.825763,50,0.825675,0.761023,0.823275,528.878,491.6174,527.393013,490.273544,515.875701,491.25285
960,50000,,0.825763,50,0.825675,0.613082,0.81823,528.878,416.3745,524.609897,490.273544,580.810113,493.32344
961,50000,,0.825763,23,0.825675,0.760634,0.819095,528.878,490.7784,524.993096,490.273544,515.980232,492.905594
962,50000,,0.825763,24,0.825675,0.760634,0.823018,528.878,491.2971,527.208313,490.273544,515.925416,491.329605
963,50000,,0.825763,50,0.825675,0.761024,0.823947,528.878,491.6174,527.79473,490.273544,515.835715,490.998487
964,50000,,0.825763,50,0.825675,0.761024,0.822383,528.878,491.6174,526.888114,490.273544,515.835715,491.610225
965,50000,,0.825763,38,0.825675,0.759017,0.823109,528.878,490.1037,527.363541,490.273544,516.386743,491.362995
966,50000,,0.825763,13,0.825675,0.761024,0.823554,528.878,490.984,527.568107,490.273544,515.835715,491.152525
967,50000,,0.825763,15,0.825675,0.824976,0.82558,528.878,528.1467,528.763988,490.273544,490.431721,490.374001
968,50000,,0.825763,50,0.825675,0.761024,0.824923,528.878,491.6174,528.396021,490.273544,515.835715,490.639822
969,50000,,0.825763,50,0.825675,0.760731,0.82245,528.878,491.3554,526.966794,490.273544,515.888876,491.61079
970,50000,,0.825763,50,0.825675,0.686598,0.81993,528.878,456.3462,525.610205,490.273544,550.25281,492.667524
971,50000,,0.825763,50,0.825675,0.711849,0.818118,528.878,469.369,524.55498,490.273544,539.28305,493.373491
972,50000,,0.825763,50,0.825675,0.609912,0.818565,528.878,414.5185,524.885411,490.273544,582.038833,493.24635
973,50000,,0.825763,32,0.825675,0.628869,0.820053,528.878,420.6435,525.663155,490.273544,571.356462,492.607351
974,50000,,0.825763,41,0.825675,0.604495,0.818397,528.878,412.2465,524.862781,490.273544,584.741366,493.362854
975,50000,,0.825763,50,0.825675,0.706051,0.818678,528.878,461.6447,524.962822,490.317684,538.630101,493.210174
976,50000,,0.825763,19,0.825675,0.610102,0.821399,528.878,414.5014,526.485477,490.317684,581.879086,492.108577
977,50000,,0.825763,45,0.825675,0.610102,0.822311,528.878,414.5014,527.016628,490.317684,581.879086,491.753032
978,50000,,0.825763,50,0.825675,0.761024,0.823677,528.878,491.6174,527.725107,490.317684,515.835715,491.161804
979,50000,,0.825763,37,0.825675,0.758729,0.823633,528.878,490.3381,527.684717,490.317684,516.768834,491.16981
980,50000,,0.825763,42,0.825675,0.702777,0.820485,528.878,465.5136,525.958082,490.37607,543.776221,492.467817
981,50000,,0.825763,15,0.825675,0.684134,0.822335,528.878,454.8713,527.046449,490.37607,551.186333,491.753982
982,50000,,0.825763,48,0.825675,0.712139,0.821009,528.878,469.9128,526.221199,490.37607,539.421509,492.235393
983,50000,,0.825763,50,0.825675,0.611591,0.814631,528.878,415.2271,522.931932,490.37607,581.203599,495.006206
984,50000,,0.825763,50,0.825675,0.611591,0.816173,528.878,415.2271,523.899931,490.37607,581.203599,494.452381
985,50000,,0.825763,41,0.825675,0.695155,0.818987,528.878,457.5237,525.26908,490.37607,544.366842,493.174486
986,50000,,0.825763,24,0.825675,0.686501,0.821216,528.878,456.2644,526.417755,490.37607,550.273217,492.205976
987,50000,,0.825763,50,0.825675,0.758557,0.820977,528.878,489.542,526.12859,490.37607,516.477552,492.198134
988,50000,,0.825763,50,0.825675,0.611023,0.816062,528.878,415.4036,523.487789,490.37607,581.765112,494.262615
989,50000,,0.825763,30,0.825675,0.611814,0.820153,528.878,416.1036,525.790533,490.37607,581.617773,492.614335
990,50000,,0.825763,42,0.825675,0.761024,0.823682,528.878,491.6174,527.755198,490.37607,515.835715,491.178293
991,50000,,0.825763,11,0.825675,0.81099,0.825528,528.878,523.0288,528.819508,490.37607,497.910635,490.451415
992,50000,,0.825763,13,0.825675,0.825675,0.825675,528.878,528.878,528.878,490.37607,490.37607,490.37607
993,50000,,0.825763,13,0.825675,0.761024,0.825029,528.878,491.6174,528.505394,490.37607,515.835715,490.630666
994,50000,,0.825763,14,0.825675,0.825085,0.825665,528.878,528.471,528.87062,490.37607,490.563711,490.379225
995,50000,,0.825763,16,0.825675,0.713997,0.824554,528.878,471.8752,528.304662,490.37607,539.287596,490.866464
996,50000,,0.825763,50,0.825675,0.713997,0.823593,528.878,471.8752,527.782282,490.37607,539.287596,491.266321
997,50000,,0.825763,50,0.825675,0.716227,0.82326,528.878,473.7885,527.566859,490.37607,538.830429,491.381531
998,50000,,0.825763,50,0.825675,0.759957,0.822615,528.878,491.085,527.137974,490.37607,516.820943,491.597305
999,50000,,0.825763,50,0.825675,0.689248,0.821343,528.878,457.7664,526.494984,490.37607,549.136969,492.158445
1000,50000,,0.825763,50,0.825675,0.746327,0.822056,528.878,491.6174,526.890083,490.37607,527.336147,491.866758
1001,50000,,0.825763,50,0.825675,0.761024,0.821617,528.878,491.6174,526.615948,490.37607,515.835715,492.025507
1002,50000,,0.825763,50,0.825675,0.761024,0.823032,528.878,491.6174,527.394918,490.37607,515.835715,491.444319
1003,50000,,0.825763,50,0.825675,0.689248,0.821138,528.878,457.7664,526.367294,490.37607,549.136969,492.232693
1004,50000,,0.825771,50,0.825771,0.744554,0.821813,528.878,482.744,526.625186,490.30179,522.735994,491.879317
1005,50000,,0.825771,50,0.825771,0.76178,0.823405,528.878,492.2492,527.493047,490.30179,515.669166,491.218485
1006,50000,,0.825771,50,0.825771,0.609245,0.821857,528.878,414.3706,526.755037,490.30179,582.459845,491.931402
1007,50000,,0.825771,50,0.825771,0.609245,0.818658,528.878,414.3706,524.970094,490.30179,582.459845,493.231037
1008,50000,,0.825771,50,0.825771,0.717645,0.82033,528.878,473.3553,525.822582,490.30179,537.433941,492.498094
1009,50000,,0.825771,46,0.825771,0.759758,0.822618,528.878,489.9584,527.128392,490.30179,518.679388,491.588042
1010,50000,,0.825771,16,0.825771,0.761024,0.824412,528.878,491.6174,528.22359,490.30179,518.679388,490.923207
1011,50000,,0.825771,40,0.825771,0.761024,0.82385,528.878,491.6174,527.880125,490.30179,515.835715,491.131489
1012,50000,,0.825771,50,0.825771,0.761024,0.822677,528.878,491.6174,527.164344,490.30179,515.835715,491.566093
1013,50000,,0.825771,50,0.825771,0.609144,0.819976,528.878,414.3706,525.791556,490.30179,582.538567,492.753569
1014,50000,,0.825771,24,0.825771,0.753282,0.824651,528.878,487.3142,528.295877,490.30179,518.99078,490.784761
1015,50000,,0.825771,50,0.825771,0.761024,0.823763,528.878,491.6174,527.763525,490.30179,515.835715,491.120715
1016,50000,,0.825771,50,0.825771,0.762043,0.824164,528.878,492.1701,527.969803,490.30179,515.41108,490.946033
1017,50000,,0.825771,16,0.825771,0.761024,0.823777,528.878,491.6174,527.765709,490.30179,515.835715,491.111017
1018,50000,,0.825771,50,0.825771,0.684732,0.822782,528.878,455.1795,527.260387,490.30179,550.926598,491.548746
1019,50000,,0.825771,50,0.825771,0.695543,0.821628,528.878,461.3809,526.634704,490.30179,546.649505,492.029893
1020,50000,,0.82594,23,0.82594,0.759764,0.8243,529.0175,490.2419,528.032448,490.105259,515.89656,490.882382
1021,50000,,0.826049,13,0.826049,0.738854,0.823535,529.3378,485.0577,527.666593,490.105259,528.732558,491.233846
1022,50000,,0.826049,40,0.826049,0.68548,0.822523,529.3378,455.6308,527.068045,490.105259,550.645206,491.622314
1023,50000,,0.826205,50,0.826205,0.712261,0.821492,529.3378,469.9128,526.535922,490.105259,539.326273,492.06931
1024,50000,,0.826205,50,0.826205,0.687137,0.821393,529.3378,456.5901,526.46461,490.105259,549.995952,492.099222
1025,50000,,0.826205,50,0.826205,0.686867,0.820488,529.3378,456.5465,526.003379,490.105259,550.176987,492.496183
1026,50000,,0.826226,50,0.826226,0.686941,0.818295,529.3378,456.5465,524.735502,490.096239,550.119222,493.356736
1027,50000,,0.826226,43,0.826226,0.711962,0.816299,529.3378,469.8433,523.50295,490.096239,539.512772,494.087712
1028,50000,,0.826226,29,0.826226,0.731579,0.822356,529.3378,475.1918,526.868888,490.096239,527.795552,491.618414
1029,50000,,0.826226,42,0.826226,0.760538,0.822292,529.3378,491.3018,526.831115,490.096239,516.003569,491.643288
1030,50000,,0.826226,18,0.826226,0.603105,0.822659,529.3378,411.7971,527.211517,490.096239,585.524522,491.612274
1031,50000,,0.826226,15,0.826226,0.738658,0.82384,529.3378,482.8366,527.859686,490.096239,527.39722,491.124855
1032,50000,,0.826226,50,0.826226,0.757677,0.820033,529.3378,489.6319,525.622271,490.096239,517.115677,492.595408
1033,50000,,0.826226,50,0.826226,0.760942,0.821416,529.3378,491.5479,526.409746,490.096239,515.8527,492.044425
1034,50000,,0.826226,50,0.826226,0.760942,0.820771,529.3378,491.5479,526.068399,490.096239,515.8527,492.318769
1035,50000,,0.8263,50,0.8263,0.687026,0.820534,529.3378,456.669,526.069793,490.038474,550.135342,492.504841
1036,50000,,0.8263,28,0.8263,0.761218,0.824183,529.3378,491.7625,528.032803,490.038474,515.781845,490.973539
1037,50000,,0.8263,49,0.826226,0.609411,0.820158,529.3378,414.5749,525.818124,490.096239,582.467534,492.629177
1038,50000,,0.8263,37,0.826226,0.668924,0.820321,529.3378,448.6335,525.88948,490.096239,558.870279,492.5494
1039,50000,,0.8263,17,0.826226,0.706609,0.822717,529.3378,467.0995,527.214383,490.096239,541.84979,491.568559
1040,50000,,0.8263,16,0.8263,0.716596,0.823102,529.3378,471.9114,527.4815,490.038474,537.28406,491.447289
1041,50000,,0.8263,34,0.8263,0.609234,0.822449,529.3378,414.5054,527.117296,490.038474,582.558798,491.712396
1042,50000,,0.8263,50,0.8263,0.609748,0.820007,529.3378,414.6582,525.80659,490.038474,582.260679,492.739031
1043,50000,,0.8263,50,0.8263,0.705729,0.823059,529.3378,460.985,527.440998,490.038474,538.438799,491.454168
1044,50000,,0.8263,50,0.8263,0.705729,0.82248,529.3378,460.985,527.048238,490.038474,538.438799,491.642248
1045,50000,,0.8263,50,0.8263,0.739877,0.822192,529.3378,482.7868,526.832401,490.038474,526.412516,491.722412
1046,50000,,0.8263,50,0.8263,0.688234,0.819898,529.3378,456.7672,525.554332,490.038474,549.258318,492.655479
1047,50000,,0.8263,50,0.8263,0.686541,0.81867,529.3378,456.0594,524.835555,490.038474,550.104657,493.131656
1048,50000,,0.8263,24,0.8263,0.713844,0.821029,529.3378,470.6926,526.22552,490.038474,538.614225,492.222854
1049,50000,,0.8263,31,0.8263,0.720891,0.820528,529.3378,469.7474,525.884538,490.038474,532.484161,492.384899
1050,50000,,0.8263,50,0.8263,0.688037,0.818368,529.3378,457.1662,524.639522,490.038474,549.67939,493.235501
1051,50000,,0.8263,50,0.8263,0.720891,0.818976,529.3378,469.7474,524.954316,490.038474,532.484161,492.972234
1052,50000,,0.8263,32,0.8263,0.687221,0.820922,529.3378,456.3941,526.108273,490.038474,549.798574,492.227887
1053,50000,,0.8263,15,0.8263,0.760908,0.824167,529.3378,491.5479,527.877684,490.038474,515.879245,490.882286
1054,50000,,0.8263,16,0.8263,0.761492,0.823786,529.3378,491.8413,527.656563,490.038474,515.620517,491.031445
1055,50000,,0.8263,50,0.8263,0.759457,0.824289,529.3378,490.3315,527.974405,490.038474,516.196164,490.851591
1056,50000,,0.8263,50,0.8263,0.761566,0.82355,529.3378,491.8413,527.547963,490.038474,515.562752,491.142695
1057,50000,,0.8263,50,0.8263,0.761566,0.821665,529.3378,491.8413,526.407891,490.038474,515.562752,491.849082
1058,50000,,0.8263,50,0.8263,0.761566,0.822893,529.3378,491.8413,527.152265,490.038474,515.562752,491.38994
1059,50000,,0.8263,44,0.8263,0.761566,0.824028,529.3378,491.8413,527.818908,490.038474,515.562752,490.951245
1060,50000,,0.8263,14,0.8263,0.820856,0.826222,529.3378,527.5752,529.075975,490.038474,493.261965,490.082053
1061,50000,,0.8263,29,0.8263,0.760823,0.824292,529.1019,491.0622,527.936548,490.038474,515.620518,490.824146
1062,50000,,0.8263,50,0.8263,0.611012,0.822489,529.1019,415.1563,527.056211,490.038474,581.60791,491.640632
1063,50000,,0.8263,50,0.8263,0.698002,0.821533,529.1019,462.3259,526.606623,490.038474,545.364769,492.084861
1064,50000,,0.8263,50,0.8263,0.739356,0.823062,529.1019,483.8452,527.418312,490.038474,527.528769,491.436016
1065,50000,,0.8263,49,0.8263,0.761665,0.823346,529.1019,491.9864,527.605995,490.038474,515.74218,491.340249
1066,50000,,0.8263,10,0.8263,0.686926,0.824159,529.1019,456.1504,527.950159,490.038474,549.865323,490.937357
1067,50000,,0.8263,13,0.8263,0.718429,0.82385,529.1019,472.9789,527.763388,490.038474,536.569719,491.05251
1068,50000,,0.8263,42,0.8263,0.774155,0.825683,529.1019,499.9754,528.763239,490.038474,511.194343,490.293427
1069,50000,,0.8263,50,0.8263,0.632146,0.823387,529.1019,427.7352,527.541714,490.038474,573.553177,491.265448
1070,50000,,0.8263,50,0.8263,0.632146,0.822084,529.1019,427.7352,526.788461,490.038474,573.553177,491.77721
1071,50000,,0.8263,50,0.8263,0.686926,0.822922,529.1019,456.1504,527.236575,490.038474,549.865323,491.423794
1072,50000,,0.8263,50,0.8263,0.713296,0.822705,529.1019,470.3414,527.11883,490.038474,538.80668,491.514113
1073,50000,,0.8263,50,0.8263,0.787197,0.825185,529.1019,503.9764,528.480616,490.038474,504.217424,490.492249
1074,50000,,0.8263,32,0.8263,0.761566,0.82501,529.1019,491.8413,528.359174,490.038474,515.562752,490.547355
1075,50000,,0.8263,36,0.8263,0.761566,0.825001,529.1019,491.8413,528.351577,490.038474,515.562752,490.549254
1076,50000,,0.8263,50,0.8263,0.75923,0.824979,529.1019,490.4388,528.343541,490.038474,516.444803,490.561028
1077,50000,,0.8263,42,0.8263,0.785489,0.825873,529.1019,508.0261,528.876668,490.038474,507.748458,490.220783
1078,50000,,0.8263,14,0.8263,0.824389,0.826281,529.1019,527.6545,529.087426,490.038474,490.559406,490.043683
1079,50000,,0.8263,31,0.8263,0.824389,0.826277,529.1019,527.6545,529.084223,490.038474,490.559406,490.045074
1080,50000,,0.8263,50,0.8263,0.73606,0.824731,529.1019,482.715,528.250951,490.038474,529.342133,490.692427
1081,50000,,0.8263,50,0.8263,0.687148,0.820619,529.1019,456.6415,526.019633,490.038474,550.021091,492.404281
1082,50000,,0.8263,50,0.8263,0.737015,0.820907,529.1019,483.0038,526.125172,490.038474,528.790769,492.250783
1083,50000,,0.8263,50,0.8263,0.761566,0.82119,529.1019,491.8413,526.181654,490.038474,515.562752,492.067489
1084,50000,,0.8263,24,0.8263,0.761566,0.824691,529.1019,491.8413,528.166104,490.038474,515.562752,490.666622
1085,50000,,0.8263,22,0.8263,0.759271,0.824325,529.1019,490.562,527.966971,490.038474,516.49587,490.818972
1086,50000,,0.8263,50,0.8263,0.760498,0.823217,529.1019,491.4095,527.354994,490.038474,516.106668,491.272661
1087,50000,,0.8263,50,0.8263,0.702904,0.824367,529.1019,465.1603,528.075542,490.038474,543.440274,490.858979
1088,50000,,0.8263,50,0.8263,0.702904,0.821623,529.1019,465.1603,526.481543,490.038474,543.440274,491.930617
1089,50000,,0.8263,29,0.8263,0.761566,0.824323,529.1019,491.8413,527.959483,490.038474,515.562752,490.81496
1090,50000,,0.8263,13,0.8263,0.685121,0.824241,529.1019,455.2999,527.991274,490.038474,550.703549,490.900367
1091,50000,,0.8263,44,0.8263,0.761566,0.824902,529.1019,491.8413,528.291485,490.038474,515.562752,490.585938
1092,50000,,0.8263,50,0.8263,0.737333,0.824742,529.1019,482.4547,528.244933,490.038474,528.174388,490.679998
1093,50000,,0.8263,50,0.8263,0.761566,0.823856,529.1019,491.8413,527.712216,490.038474,515.562752,491.013739
1094,50000,,0.8263,50,0.8263,0.610899,0.821217,529.1019,414.9471,526.373959,490.038474,581.55605,492.17517
1095,50000,,0.8263,42,0.8263,0.610499,0.817261,529.1019,415.0035,524.108782,490.038474,581.906028,493.743039
1096,50000,,0.8263,18,0.8263,0.61464,0.820701,529.1019,418.3456,526.060127,490.038474,580.915826,492.367525
1097,50000,,0.8263,13,0.8263,0.61186,0.82261,529.1019,415.8087,527.120003,490.038474,581.384092,491.588943
1098,50000,,0.8263,49,0.8263,0.604193,0.822139,529.1019,412.2257,526.792614,490.038474,584.963016,491.736835
1099,50000,,0.8263,50,0.8263,0.605548,0.818869,529.1019,412.8139,525.010145,490.038474,584.300179,493.093039
1100,50000,,0.8263,50,0.8263,0.678936,0.817752,529.1019,447.3114,524.411372,490.038474,550.174986,493.563245
1101,50000,,0.8263,50,0.8263,0.698815,0.81893,529.1019,459.4147,525.035122,490.038474,545.231842,493.062534
1102,50000,,0.8263,50,0.8263,0.702244,0.819897,529.1019,464.7551,525.731486,490.038474,543.683833,492.774647
1103,50000,,0.8263,35,0.8263,0.706881,0.820071,529.1019,468.3714,525.871169,490.038474,542.489614,492.732783
1104,50000,,0.8263,40,0.8263,0.713296,0.822514,529.1019,470.3414,527.078459,490.038474,538.80668,491.63581
1105,50000,,0.8263,50,0.8263,0.713296,0.821685,529.4573,470.3414,526.614965,490.038474,538.80668,491.971782
1106,50000,,0.8263,27,0.8263,0.738429,0.823155,529.1019,485.8783,527.425614,490.038474,529.613653,491.368771
1107,50000,,0.8263,38,0.8263,0.73792,0.822747,529.1019,485.4851,527.13841,490.038474,529.7477,491.494266
1108,50000,,0.8263,50,0.8263,0.761566,0.823725,529.1019,491.8413,527.638385,490.038474,515.562752,491.066314
1109,50000,,0.8263,43,0.8263,0.761566,0.823984,529.1019,491.8413,527.763476,490.038474,515.562752,490.948049
1110,50000,,0.8263,15,0.8263,0.688628,0.824256,529.1019,457.2596,527.990731,490.038474,549.281111,490.888882
1111,50000,,0.8263,47,0.8263,0.69076,0.821712,529.1019,459.1729,526.535901,490.038474,548.900592,491.898206
1112,50000,,0.8263,50,0.8263,0.688473,0.821183,529.1019,456.9571,526.265781,490.038474,549.199683,492.129692
1113,50000,,0.8263,47,0.8263,0.687834,0.821174,529.1019,456.9751,526.24203,490.038474,549.710149,492.120384
1114,50000,,0.8263,14,0.8263,0.761566,0.824764,529.1019,491.8413,528.196621,490.038474,515.562752,490.630167
1115,50000,,0.8263,15,0.8263,0.813932,0.825912,529.1019,521.3866,528.847451,490.038474,494.515874,490.170618
1116,50000,,0.8263,35,0.8263,0.762475,0.825501,529.1019,492.5352,528.628838,490.038474,515.319117,490.344722
1117,50000,,0.8263,50,0.8263,0.713293,0.823699,529.1019,470.1179,527.668503,490.038474,538.659201,491.107464
1118,50000,,0.8263,50,0.8263,0.76124,0.822959,529.1019,491.6771,527.160911,490.038474,515.707488,491.344481
1119,50000,,0.8263,50,0.8263,0.737592,0.821263,529.1019,483.6231,526.226952,490.038474,528.755931,492.040949
1120,50000,,0.8263,50,0.8263,0.761566,0.821709,529.1019,491.8413,526.541285,490.038474,519.368289,491.903643
1121,50000,,0.8263,50,0.8263,0.688273,0.820509,529.1019,457.4592,525.99807,490.038474,549.691947,492.476079
1122,50000,,0.8263,22,0.8263,0.713296,0.822147,529.1019,470.3414,526.860687,490.038474,538.80668,491.776682
1123,50000,,0.8263,50,0.8263,0.713296,0.822116,529.1019,470.3414,526.745434,490.038474,538.80668,491.723004
1124,50000,,0.8263,33,0.8263,0.698028,0.821179,529.1019,462.3259,526.373617,490.038474,545.343812,492.204985
1125,50000,,0.8263,35,0.8263,0.761845,0.825218,529.1019,492.4097,528.49007,490.038474,515.726379,490.472716
1126,50000,,0.8263,50,0.8263,0.687462,0.822965,529.1019,456.693,527.258227,490.038474,549.81139,491.404352
1127,50000,,0.8263,50,0.8263,0.760915,0.823938,529.1019,491.4953,527.745786,490.038474,515.839069,490.972391
1128,50000,,0.8263,25,0.8263,0.761566,0.825013,529.1019,491.8413,528.34786,490.038474,515.562752,490.537607
1129,50000,,0.8263,50,0.8263,0.761566,0.825368,529.1019,491.8413,528.584507,490.038474,515.562752,490.419303
1130,50000,,0.8263,28,0.8263,0.761566,0.825627,529.1019,491.8413,528.714505,490.038474,515.562752,490.303888
1131,50000,,0.8263,10,0.8263,0.8263,0.8263,529.1019,529.1019,529.1019,490.038474,490.038474,490.038474
1132,50000,,0.8263,50,0.8263,0.761566,0.825612,529.1019,491.8413,528.704044,490.038474,515.562752,490.308779
1133,50000,,0.8263,50,0.8263,0.761566,0.823047,529.1019,491.8413,527.222027,490.038474,515.562752,491.316214
1134,50000,,0.8263,50,0.8263,0.761566,0.823691,529.1019,491.8413,527.598986,490.038474,515.562752,491.066712
1135,50000,,0.8263,50,0.8263,0.683218,0.821318,529.1019,454.4532,526.330296,490.038474,551.620719,492.067638
1136,50000,,0.8263,33,0.8263,0.687462,0.822511,529.1019,456.693,527.016482,490.038474,549.81139,491.596903
1137,50000,,0.8263,32,0.8263,0.761566,0.824666,529.1019,491.8413,528.197261,490.038474,515.562752,490.706885
1138,50000,,0.8263,50,0.8263,0.761507,0.824523,529.1019,491.8413,528.098728,490.038474,515.609028,490.752385
1139,50000,,0.8263,41,0.8263,0.759151,0.823675,529.1019,489.853,527.584326,490.038474,516.114026,491.069092
1140,50000,,0.8263,38,0.8263,0.604166,0.820994,529.1019,412.2257,526.127473,490.038474,584.983973,492.184435
1141,50000,,0.8263,24,0.8263,0.604166,0.822852,529.1019,412.2257,527.212318,490.038474,584.983973,491.462167
1142,50000,,0.8263,50,0.8263,0.629856,0.823659,529.1019,421.0721,527.632341,490.038474,570.873678,491.114325
1143,50000,,0.8263,50,0.8263,0.688087,0.821586,529.1019,457.0976,526.48014,490.038474,549.594793,491.95924
1144,50000,,0.8263,25,0.8263,0.759261,0.824629,529.1019,490.6096,528.12821,490.038474,516.535584,490.689611
1145,50000,,0.8263,14,0.8263,0.763558,0.82562,529.1019,492.8111,528.707281,490.038474,514.659008,490.304759
1146,50000,,0.8263,19,0.8263,0.824217,0.826274,529.1019,528.0899,529.089754,490.038474,490.985466,490.051182
1147,50000,,0.8263,50,0.8263,0.761384,0.824825,529.1019,491.8413,528.242957,490.038474,515.705239,490.613838
1148,50000,,0.8263,50,0.8263,0.760524,0.824191,529.1019,491.6387,527.862279,490.038474,516.312914,490.853077
1149,50000,,0.8263,50,0.8263,0.739356,0.823558,529.1019,483.8452,527.547949,490.038474,527.528769,491.136341
1150,50000,,0.8263,50,0.8263,0.761566,0.823013,529.1019,491.8413,527.168433,490.038474,515.562752,491.307188
1151,50000,,0.8263,50,0.8263,0.736988,0.823795,529.1019,483.0038,527.731062,490.038474,528.811726,491.07407
1152,50000,,0.8263,33,0.8263,0.759435,0.82412,529.1019,489.928,527.85266,490.038474,515.943271,490.901785
1153,50000,,0.8263,40,0.8263,0.702877,0.821413,529.1019,465.9422,526.405629,490.038474,543.985219,492.044051
1154,50000,,0.8263,49,0.8263,0.611238,0.821928,529.1019,415.3751,526.757795,490.038474,581.578524,491.878143
1155,50000,,0.8263,13,0.8263,0.764025,0.825558,529.1019,493.0415,528.671676,490.038474,514.449412,490.329512
1156,50000,,0.8263,43,0.8263,0.761566,0.824316,529.1019,491.8413,527.952364,490.038474,515.562752,490.815651
1157,50000,,0.8263,50,0.8263,0.761566,0.824989,529.1019,491.8413,528.316914,490.038474,515.562752,490.535318
1158,50000,,0.8263,50,0.8263,0.761566,0.823312,529.1019,491.8413,527.366434,490.038474,515.562752,491.206537
1159,50000,,0.8263,22,0.8263,0.761566,0.824359,529.1019,491.8413,527.983373,490.038474,515.562752,490.803244
1160,50000,,0.8263,23,0.8263,0.690236,0.823645,529.1019,458.195,527.648886,490.038474,548.654186,491.136124
1161,50000,,0.8263,50,0.8263,0.611833,0.818501,529.1019,415.8087,524.844005,490.038474,581.405049,493.268633
1162,50000,,0.8263,50,0.8263,0.688086,0.820082,529.1019,456.9235,525.629731,490.038474,549.478608,492.561995
1163,50000,,0.8263,50,0.8263,0.685719,0.819358,529.1019,455.6081,525.324601,490.038474,550.443814,492.922144
1164,50000,,0.8263,32,0.8263,0.736033,0.822536,529.1019,482.715,527.07728,490.038474,529.36309,491.617941
1165,50000,,0.8263,16,0.8263,0.741503,0.823185,529.1019,485.6821,527.386937,490.038474,527.084667,491.319308
1166,50000,,0.8263,50,0.8263,0.741503,0.822433,529.1019,485.6821,526.903445,490.038474,527.084667,491.582133
1167,50000,,0.8263,50,0.8263,0.632119,0.821397,529.1019,427.7352,526.353123,490.038474,573.574134,492.020928
1168,50000,,0.8263,50,0.8263,0.761566,0.822951,529.1019,491.8413,527.154407,490.038474,515.562752,491.346047
1169,50000,,0.8263,41,0.8263,0.736988,0.823239,529.1019,483.0038,527.409256,490.038474,528.811726,491.292387
1170,50000,,0.8263,14,0.8263,0.773571,0.824805,529.1019,498.1295,528.261512,490.038474,511.167389,490.642068
1171,50000,,0.8263,50,0.8263,0.737015,0.823634,529.1019,483.0038,527.647225,490.038474,528.790769,491.143604
1172,50000,,0.8263,50,0.8263,0.713293,0.823724,529.1019,470.1179,527.704959,490.038474,538.659201,491.111822
1173,50000,,0.8263,50,0.8263,0.761566,0.825198,529.1019,491.8413,528.460483,490.038474,515.562752,490.468519
1174,50000,,0.8263,33,0.8263,0.761566,0.823951,529.1019,491.8413,527.750978,490.038474,515.562752,490.965876
1175,50000,,0.8263,41,0.8263,0.762602,0.82522,529.1019,492.6928,528.452327,490.038474,515.325501,490.445974
1176,50000,,0.8263,42,0.8263,0.683191,0.822925,529.1019,454.4532,527.30306,490.038474,551.641676,491.465587
1177,50000,,0.8263,33,0.8263,0.752068,0.824724,529.1019,493.9193,528.265677,490.038474,524.364029,490.708093
1178,50000,,0.8263,50,0.8263,0.688066,0.822675,529.1019,456.8759,527.153141,490.038474,549.462703,491.56063
1179,50000,,0.8263,42,0.8263,0.736089,0.822795,529.1019,483.5719,527.150423,490.038474,529.893878,491.465325
1180,50000,,0.8263,18,0.8263,0.770927,0.825747,529.1019,496.7347,528.778228,490.038474,511.54022,490.253491
1181,50000,,0.8263,50,0.8263,0.757056,0.824198,529.1019,488.8787,527.8686,490.038474,517.095462,490.852075
1182,50000,,0.8263,50,0.8263,0.761507,0.823081,529.1019,491.8413,527.222327,490.038474,515.609028,491.289952
1183,50000,,0.8263,38,0.8263,0.761566,0.824274,529.1019,491.8413,527.911112,490.038474,515.562752,490.820965
1184,50000,,0.8263,16,0.8263,0.823935,0.826253,529.1019,527.2896,529.065654,490.038474,490.669348,490.051091
1185,50000,,0.8263,24,0.8263,0.815672,0.826131,529.1019,521.5691,528.984519,490.038474,493.280835,490.092348
1186,50000,,0.8263,50,0.8263,0.761566,0.824974,529.1019,491.8413,528.335994,490.038474,515.562752,490.559607
1187,50000,,0.8263,50,0.8263,0.761566,0.82496,529.1019,491.8413,528.311587,490.038474,515.562752,490.554773
1188,50000,,0.8263,50,0.8263,0.757358,0.824427,529.1019,487.7935,527.986661,490.038474,516.132593,490.752532
1189,50000,,0.8263,50,0.8263,0.761566,0.824581,529.1019,491.8413,528.094444,490.038474,515.562752,490.704652
1190,50000,,0.826369,29,0.826369,0.761566,0.823986,529.2214,491.8413,527.7812,489.985223,515.562752,490.958989
1191,50000,,0.826369,23,0.826369,0.761566,0.823948,529.2214,491.8413,527.763731,489.985223,515.562752,490.976708
1192,50000,,0.826369,50,0.826369,0.761384,0.823505,529.2214,491.8413,527.480178,489.985223,515.705239,491.132426
1193,50000,,0.826369,50,0.826369,0.697032,0.824245,529.2214,461.6032,527.958812,489.985223,545.637144,490.8758
1194,50000,,0.826369,44,0.826369,0.74262,0.822646,529.2214,481.6229,526.975056,489.985223,523.493746,491.464125
1195,50000,,0.826369,14,0.826369,0.804773,0.826024,529.2214,514.8623,528.912036,489.985223,497.288091,490.126954
1196,50000,,0.826369,16,0.826369,0.761566,0.825641,529.2214,491.8413,528.717457,489.985223,515.562752,490.295609
1197,50000,,0.826369,27,0.826369,0.761566,0.824387,529.2214,491.8413,528.00299,489.985223,515.562752,490.794874
1198,50000,,0.826369,50,0.826369,0.761566,0.825449,529.2214,491.8413,528.639047,489.985223,515.562752,490.392196
1199,50000,,0.826369,50,0.826369,0.761566,0.824933,529.2214,491.8413,528.325775,489.985223,515.562752,490.584638
1200,50000,,0.826369,50,0.826369,0.703933,0.824607,529.2214,465.9422,528.190523,489.985223,543.161392,490.748912
1201,50000,,0.826369,50,0.826369,0.718828,0.824371,529.2214,473.7839,528.056941,489.985223,536.798156,490.843074
1202,50000,,0.826369,50,0.826369,0.713231,0.82167,529.2214,470.3414,526.592407,489.985223,538.856783,491.9683
1203,50000,,0.826369,50,0.826369,0.718801,0.819275,529.2214,473.7839,525.14741,489.985223,536.819112,492.868185
1204,50000,,0.826369,49,0.826369,0.751397,0.822336,529.2214,491.8413,526.823621,489.985223,524.577947,491.603929
1205,50000,,0.826369,25,0.826369,0.761566,0.823757,529.2214,491.8413,527.625878,489.985223,515.562752,491.033231
1206,50000,,0.826369,50,0.826369,0.71793,0.823142,529.2214,472.7618,527.318509,489.985223,536.813355,491.30713
1207,50000,,0.826389,25,0.826389,0.7616,0.824619,529.2214,491.8413,528.141746,489.985223,515.536207,490.70639
1208,50000,,0.826389,12,0.826389,0.820924,0.826278,529.2214,527.5752,529.093979,489.985223,493.208714,490.050817
1209,50000,,0.826389,50,0.826389,0.759264,0.824394,529.2214,490.4388,527.996892,489.985223,516.418258,490.784717
1210,50000,,0.826389,50,0.826389,0.704678,0.820594,529.2214,466.2099,525.971081,489.985223,542.760182,492.391608
1211,50000,,0.826389,50,0.826389,0.683191,0.818597,529.2214,454.4532,524.965052,489.985223,551.641676,493.274969
1212,50000,,0.826389,50,0.826389,0.683191,0.814636,529.2214,454.4532,522.6863,489.985223,551.641676,494.837802
1213,50000,,0.826389,34,0.826389,0.761535,0.818568,529.2214,491.8413,524.792389,489.985223,520.554967,493.181578
1214,50000,,0.826389,21,0.826389,0.688087,0.8203,529.2214,457.0976,525.810892,489.985223,549.594793,492.51335
1215,50000,,0.826389,50,0.826389,0.704123,0.822599,529.2214,465.8005,527.092015,489.985223,542.918347,491.578548
1216,50000,,0.826389,50,0.826389,0.759609,0.823424,529.2214,491.8413,527.439839,489.985223,517.089092,491.168065
1217,50000,,0.826389,25,0.826389,0.759598,0.82439,529.2214,489.786,528.045846,489.985223,515.720802,490.821136
1218,50000,,0.826389,17,0.826389,0.776576,0.825777,529.2214,502.5178,528.852131,489.985223,511.009197,490.279429
1219,50000,,0.826389,14,0.826389,0.8263,0.826365,529.2214,529.1019,529.162845,489.985223,490.103109,490.028829
1220,50000,,0.826389,10,0.826389,0.687916,0.824984,529.2214,456.9526,528.449717,489.985223,549.630759,490.627946
1221,50000,,0.826389,40,0.826389,0.761498,0.825064,529.2214,491.8413,528.422491,489.985223,515.695745,490.547794
1222,50000,,0.826389,50,0.826389,0.761432,0.822012,529.2214,491.9608,526.678613,489.985223,515.747533,491.759482
1223,50000,,0.826389,50,0.826389,0.761583,0.822233,529.2214,491.8413,526.785534,489.985223,515.600842,491.658821
1224,50000,,0.826389,50,0.826389,0.7616,0.824274,529.2214,491.8413,528.00493,489.985223,515.536207,490.884394
1225,50000,,0.826389,50,0.826389,0.774223,0.82531,529.2214,499.9754,528.582643,489.985223,511.140844,490.462979
1226,50000,,0.826389,50,0.826389,0.761526,0.823288,529.2214,491.8413,527.390457,489.985223,515.600842,491.241573
1227,50000,,0.826389,50,0.826389,0.759874,0.820365,529.2214,491.2408,525.700687,489.985223,516.480166,492.388831
1228,50000,,0.826389,50,0.826389,0.759874,0.822393,529.2214,491.2408,526.813777,489.985223,516.480166,491.553151
1229,50000,,0.826389,39,0.826389,0.761183,0.82404,529.2214,491.873,527.813281,489.985223,515.882519,490.937978
1230,50000,,0.826389,13,0.826389,0.76162,0.825275,529.2214,491.9608,528.60014,489.985223,515.600842,490.502322
1231,50000,,0.826389,30,0.826389,0.633278,0.821447,529.2214,428.205,526.482112,489.985223,572.984772,492.068997
1232,50000,,0.826389,50,0.826389,0.633278,0.819549,529.2214,428.205,525.482382,490.049858,572.984772,492.879041
1233,50000,,0.826389,50,0.826389,0.633278,0.820884,529.2214,428.205,526.155091,490.049858,572.984772,492.288621
1234,50000,,0.826389,50,0.826389,0.631378,0.817916,529.2214,427.2852,524.58517,490.049858,573.850559,493.552042
1235,50000,,0.826389,44,0.826389,0.634633,0.818572,529.2214,428.7932,525.077259,490.049858,572.321934,493.369383
1236,50000,,0.826389,15,0.826389,0.711896,0.821958,529.2214,469.8727,526.82143,490.049858,539.584256,491.897644
1237,50000,,0.826389,19,0.826389,0.76162,0.824147,529.2214,491.9608,528.017309,490.049858,515.600842,490.991263
1238,50000,,0.826389,50,0.826389,0.760865,0.824921,529.2214,491.2185,528.345613,490.049858,515.692311,490.607831
1239,50000,,0.826389,50,0.826389,0.760229,0.825342,529.2214,491.3589,528.594043,490.049858,516.28282,490.445622
1240,50000,,0.826389,50,0.826389,0.760658,0.823344,529.2214,490.946,527.445266,490.049858,515.670887,491.234399
1241,50000,,0.826389,50,0.826389,0.610407,0.821392,529.2214,415.0035,526.446912,490.049858,581.977712,492.087727
1242,50000,,0.826389,42,0.826389,0.633675,0.822307,529.2214,424.0523,526.960861,490.049858,569.8919,491.718599
1243,50000,,0.826389,40,0.826389,0.76162,0.823591,529.2214,491.4529,527.61054,490.049858,515.600842,491.152289
1244,50000,,0.826389,37,0.826389,0.713251,0.824633,529.2214,470.4609,528.30154,490.049858,538.921418,490.803028
1245,50000,,0.826389,33,0.826389,0.778587,0.825571,529.2214,502.6373,528.767433,490.049858,509.520946,490.383244
1246,50000,,0.826389,50,0.826389,0.611146,0.822708,529.2214,415.3751,527.183441,490.049858,581.650208,491.555333
1247,50000,,0.826389,33,0.826389,0.76412,0.825466,529.2214,493.9722,528.710157,490.049858,514.999088,490.426701
1248,50000,,0.826389,15,0.826389,0.76162,0.825614,529.2214,491.9608,528.771374,490.049858,515.600842,490.352031
1249,50000,,0.826389,25,0.826389,0.817209,0.826289,529.2214,522.7993,529.152198,490.049858,492.906668,490.081212
1250,50000,,0.826389,50,0.826389,0.76162,0.824976,529.2214,491.9608,528.393851,490.049858,515.600842,490.596761
1251,50000,,0.826389,50,0.826389,0.756303,0.823322,529.2214,489.4991,527.488952,490.049858,518.098602,491.280932
1252,50000,,0.826389,50,0.826389,0.703893,0.821891,529.2214,466.0617,526.76832,490.049858,543.27281,491.913777
1253,50000,,0.826389,50,0.826389,0.713251,0.820739,529.2214,470.4609,526.125575,490.049858,538.921418,492.381814
1254,50000,,0.826389,50,0.826389,0.611146,0.81882,529.2214,415.3751,525.158497,490.049858,581.650208,493.230903
1255,50000,,0.826389,32,0.826389,0.728979,0.823462,529.2214,474.4126,527.625726,490.049858,529.301987,491.263414
1256,50000,,0.826389,33,0.826389,0.687952,0.824151,529.2214,456.9235,528.040561,490.049858,549.58302,491.003834
1257,50000,,0.826389,50,0.826389,0.701104,0.823743,529.2214,459.1101,527.717487,490.049858,540.789644,491.105213
1258,50000,,0.826389,50,0.826389,0.688166,0.823107,529.2214,457.4592,527.374827,490.049858,549.775402,491.372308
1259,50000,,0.826389,32,0.826389,0.763132,0.825184,529.2214,493.0185,528.486583,490.049858,515.130535,490.497289
1260,50000,,0.826389,23,0.826389,0.762377,0.825746,529.2214,492.3245,528.852431,490.049858,515.254065,490.303646
1261,50000,,0.826389,50,0.826389,0.697961,0.824469,529.2214,462.4454,528.188301,490.049858,545.476186,490.855018
1262,50000,,0.826389,50,0.826389,0.761368,0.825404,529.2214,491.3265,528.660065,490.049858,515.372492,490.441246
1263,50000,,0.826389,50,0.826389,0.76162,0.824454,529.2214,491.9608,528.084634,490.049858,515.600842,490.796984
1264,50000,,0.826389,17,0.826389,0.75992,0.825502,529.2214,491.3603,528.690412,490.049858,516.524156,490.385416
1265,50000,,0.826389,31,0.826389,0.76162,0.824467,529.2214,491.9608,528.10638,490.049858,515.600842,490.801118
1266,50000,,0.826389,50,0.826389,0.763818,0.82506,529.2214,492.2406,528.460695,490.049858,514.49678,490.576735
1267,50000,,0.826389,50,0.826389,0.713251,0.823221,529.2214,470.4609,527.459494,490.049858,538.921418,491.339704
1268,50000,,0.826389,50,0.826389,0.713251,0.823209,529.2214,470.4609,527.447005,490.049858,538.921418,491.340525
1269,50000,,0.826389,19,0.826389,0.662156,0.824115,529.2214,442.9085,527.995296,490.049858,560.313028,491.001608
1270,50000,,0.826389,45,0.826389,0.66626,0.824288,529.2214,443.7888,528.089339,490.049858,557.701699,490.929691
1271,50000,,0.826389,50,0.826389,0.76162,0.824697,529.2214,491.9608,528.261198,490.049858,515.600842,490.725706
1272,50000,,0.826389,49,0.826389,0.612709,0.821538,529.2214,416.5322,526.525921,490.049858,581.206674,492.027255
1273,50000,,0.826389,15,0.826389,0.764034,0.825064,529.2214,493.161,528.473759,490.049858,514.713747,490.582226
1274,50000,,0.826389,22,0.826389,0.760436,0.823762,529.2214,490.3605,527.702926,490.049858,515.600842,491.081333
1275,50000,,0.826829,50,0.826829,0.612709,0.823353,529.7707,416.5322,527.558615,489.985223,581.206674,491.303491
1276,50000,,0.826829,50,0.826648,0.684274,0.823274,529.4095,450.219,527.417974,489.973412,547.959482,491.270984
1277,50000,,0.826829,50,0.826614,0.684274,0.821118,529.4095,450.219,526.185746,489.985223,547.959482,492.126559
1278,50000,,0.826829,50,0.826648,0.613919,0.818921,529.4095,417.2616,525.174728,489.973412,580.75175,493.162499
1279,50000,,0.826829,31,0.826614,0.613919,0.819714,529.4095,417.2616,525.632362,490.000118,580.75175,492.850784
1280,50000,,0.826829,50,0.826614,0.682094,0.821214,529.4095,448.9173,526.392942,490.000118,548.787686,492.190648
1281,50000,,0.826829,40,0.826648,0.612514,0.81998,529.4095,415.6557,525.68915,489.973412,580.771543,492.681495
1282,50000,,0.826829,14,0.826648,0.763267,0.825593,529.4095,492.9239,528.758425,489.973412,514.961746,490.360428
1283,50000,,0.826829,33,0.826648,0.611224,0.82235,529.4095,415.3759,526.96631,489.973412,581.58993,491.688705
1284,50000,,0.826829,50,0.826648,0.623978,0.820686,529.4095,419.243,526.008854,489.973412,574.233198,492.345426
1285,50000,,0.826829,50,0.826648,0.623978,0.820503,529.4095,419.243,525.868571,489.973412,574.233198,492.394126
1286,50000,,0.826829,50,0.826648,0.623978,0.819899,529.4095,419.243,525.632936,489.973412,574.233198,492.707273
1287,50000,,0.826829,50,0.826648,0.681832,0.82098,529.4095,452.3852,526.200873,489.973412,551.315478,492.24478
1288,50000,,0.826829,28,0.826648,0.760627,0.823537,529.4095,491.2936,527.580224,489.973412,516.080095,491.174332
1289,50000,,0.826829,14,0.826648,0.76095,0.825747,529.4095,491.2936,528.858627,489.973412,515.676675,490.307341
1290,50000,,0.826829,47,0.826648,0.76162,0.824437,529.4095,491.9608,528.119167,489.973412,515.600842,490.833583
1291,50000,,0.826829,50,0.826648,0.686758,0.819145,529.4095,455.9157,525.176412,489.973412,549.839251,492.989592
1292,50000,,0.826829,50,0.826648,0.758792,0.824908,529.4095,493.4119,528.40959,489.973412,521.291948,490.660953
1293,50000,,0.826829,42,0.826648,0.712558,0.822063,529.4095,470.0951,526.782747,489.973412,539.216879,491.789294
1294,50000,,0.826829,36,0.826648,0.697961,0.820976,529.4095,462.4454,526.172968,489.973412,545.476186,492.228495
1295,50000,,0.826829,50,0.826648,0.688267,0.818674,529.4095,457.0882,524.974336,489.973412,549.447594,493.221263
1296,50000,,0.826829,20,0.826648,0.755676,0.821884,529.4095,489.4629,526.677485,489.973412,518.56309,491.858818
1297,50000,,0.826829,27,0.826648,0.760897,0.82125,529.4095,490.7106,526.33335,489.973412,516.02156,492.122289
1298,50000,,0.826829,50,0.826648,0.762279,0.822784,529.4095,491.9608,527.153733,489.973412,515.086795,491.475588
1299,50000,,0.826829,50,0.826648,0.758601,0.822864,529.4095,489.8303,527.149223,489.973412,516.528136,491.410306
1300,50000,,0.826829,31,0.826648,0.760839,0.824467,529.4095,491.7081,528.099689,489.973412,516.04069,490.797154
1301,50000,,0.826829,43,0.826648,0.713511,0.823308,529.4095,470.649,527.525892,489.973412,538.844973,491.31656
1302,50000,,0.826829,18,0.826648,0.76188,0.824398,529.4095,492.1489,528.130391,489.973412,515.524397,490.871634
1303,50000,,0.826829,45,0.826722,0.762502,0.824044,529.4095,492.5316,527.944304,489.915647,515.295301,491.022566
1304,50000,,0.826829,50,0.826722,0.604101,0.817944,529.4095,412.2257,524.629023,489.915647,585.0347,493.559082
1305,50000,,0.826829,50,0.826722,0.637843,0.820029,529.4095,425.6737,525.726898,489.915647,567.727495,492.66842
1306,50000,,0.826829,32,0.826722,0.650557,0.820991,529.4095,433.6287,526.274734,489.915647,563.141283,492.28529
1307,50000,,0.826829,50,0.826722,0.673916,0.819984,529.4095,444.4443,525.622732,489.915647,552.169184,492.633583
1308,50000,,0.826829,24,0.826722,0.76188,0.824424,529.4095,492.1489,528.081085,489.915647,515.524397,490.818281
1309,50000,,0.826829,50,0.826722,0.614359,0.822087,529.4095,417.5707,526.840273,489.915647,580.615018,491.809066
1310,50000,,0.826829,34,0.826722,0.764338,0.824501,529.4095,493.0292,528.078286,489.915647,514.411056,490.756174
1311,50000,,0.826829,38,0.826722,0.762502,0.824851,529.4095,492.5316,528.276947,489.915647,515.295301,490.615891
1312,50000,,0.826829,50,0.826722,0.689126,0.820902,529.4095,457.4052,526.06963,489.915647,548.99023,492.217207
1313,50000,,0.826829,17,0.826722,0.762502,0.825496,529.4095,492.5316,528.690429,489.915647,515.295301,490.390506
1314,50000,,0.826829,49,0.826722,0.685612,0.823517,529.4095,455.6081,527.671135,489.915647,550.52727,491.250693
1315,50000,,0.826829,50,0.826722,0.757356,0.822169,529.4095,489.4249,526.84553,489.915647,517.227245,491.74915
1316,50000,,0.826829,37,0.826722,0.759398,0.823236,529.4095,489.9117,527.402254,489.915647,515.961069,491.290155
1317,50000,,0.826829,27,0.826722,0.68772,0.823752,529.4095,456.15,527.791802,489.915647,549.24623,491.14834
1318,50000,,0.826829,50,0.826722,0.76188,0.824059,529.4095,492.1489,527.864553,489.915647,515.524397,490.95743
1319,50000,,0.826829,41,0.826722,0.761954,0.825013,529.4095,492.1489,528.409018,489.915647,515.466631,490.578455
1320,50000,,0.826829,16,0.826722,0.760269,0.826003,529.4095,491.3497,529.021378,489.915647,516.245108,490.216659
1321,50000,,0.826829,50,0.826722,0.761954,0.82526,529.4095,492.1489,528.59066,489.915647,515.466631,490.507618
1322,50000,,0.826829,50,0.826722,0.689178,0.823825,529.4095,457.0748,527.873707,489.915647,548.728034,491.146592
1323,50000,,0.826829,50,0.826722,0.689178,0.822989,529.4095,457.0748,527.356843,489.915647,548.728034,491.451646
1324,50000,,0.826829,19,0.826722,0.756318,0.825286,529.4095,487.5805,528.650144,489.915647,516.800832,490.526662
1325,50000,,0.826829,15,0.826722,0.715442,0.824806,529.4095,472.6114,528.389518,489.915647,538.653295,490.726965
1326,50000,,0.826829,32,0.826722,0.697884,0.82315,529.4095,461.9108,527.49757,489.915647,545.178385,491.421032
1327,50000,,0.826829,50,0.826722,0.689319,0.820076,529.4095,457.3958,525.789709,489.915647,548.833855,492.674212
1328,50000,,0.826829,50,0.826722,0.614381,0.820879,529.4095,417.5707,526.168509,489.915647,580.598504,492.301892
1329,50000,,0.826829,50,0.826722,0.654214,0.823034,529.4095,439.2466,527.396471,489.915647,564.053523,491.443437
1330,50000,,0.826829,50,0.826722,0.713511,0.822018,529.4095,470.649,526.827258,489.915647,538.844973,491.854824
1331,50000,,0.826829,50,0.826722,0.728568,0.823061,529.4095,473.9294,527.329648,489.825671,529.2987,491.377528
1332,50000,,0.826829,40,0.826722,0.761954,0.826061,529.4095,492.1489,529.036245,489.915647,515.466631,490.181513
1333,50000,,0.826829,39,0.826722,0.761954,0.824709,529.4095,492.1489,528.222377,489.915647,515.466631,490.690726
1334,50000,,0.826829,42,0.826722,0.687856,0.822414,529.4095,456.5246,526.99113,489.915647,549.390752,491.655854
1335,50000,,0.826829,39,0.826722,0.761954,0.825187,529.4095,492.1489,528.532102,489.915647,515.466631,490.525121
1336,50000,,0.826829,41,0.826722,0.761792,0.824614,529.4095,492.1489,528.177705,489.915647,515.592674,490.734296
1337,50000,,0.826829,13,0.826722,0.814727,0.826558,529.4095,521.7172,529.294944,489.915647,494.117286,489.96675
1338,50000,,0.826829,23,0.826722,0.825008,0.826704,529.4095,528.334,529.398745,489.915647,490.531919,489.922387
1339,50000,,0.826829,50,0.826722,0.760562,0.825395,529.4095,491.547,528.647514,489.915647,516.14861,490.440227
1340,50000,,0.826829,50,0.826722,0.760562,0.824305,529.4095,491.547,528.004889,489.915647,516.14861,490.859896
1341,50000,,0.826829,50,0.826722,0.761954,0.825176,529.4095,492.1489,528.495869,489.915647,515.466631,490.509235
1342,50000,,0.826829,50,0.826722,0.612201,0.821483,529.4095,416.269,526.469164,489.915647,581.426708,492.032253
1343,50000,,0.826829,37,0.826722,0.761954,0.824033,529.4095,492.1489,527.888047,489.915647,515.466631,490.993437
1344,50000,,0.826829,23,0.826722,0.761954,0.824853,529.4095,492.1489,528.361533,489.915647,515.466631,490.671555
1345,50000,,0.826829,50,0.826722,0.761954,0.824733,529.4095,492.1489,528.31356,489.915647,515.466631,490.733011
1346,50000,,0.826829,41,0.826722,0.805194,0.826298,529.4095,515.1699,529.157947,489.915647,497.165265,490.077838
1347,50000,,0.826829,22,0.826722,0.761954,0.825249,529.4095,492.1489,528.592326,489.915647,515.466631,490.516745
1348,50000,,0.826829,50,0.826722,0.765627,0.825736,529.6314,494.4387,528.891357,489.915647,514.136004,490.337859
1349,50000,,0.826829,50,0.826722,0.814099,0.826252,529.6314,521.2754,529.205159,489.915647,494.31101,490.145335
1350,50000,,0.826829,23,0.826722,0.763979,0.826095,529.4095,493.4473,529.049878,489.915647,514.756891,490.164059
1351,50000,,0.826829,16,0.826722,0.765305,0.825427,529.4095,493.6684,528.656334,489.915647,514.136004,490.42145
1352,50000,,0.826829,36,0.826722,0.76208,0.82552,529.4095,492.1489,528.713562,489.915647,515.368158,490.387155
1353,50000,,0.826829,50,0.826722,0.603593,0.817745,529.4095,411.9625,524.553813,489.915647,585.254734,493.663839
1354,50000,,0.826829,50,0.826722,0.603593,0.820928,529.4095,411.9625,526.245739,489.915647,585.254734,492.314679
1355,50000,,0.826829,50,0.826722,0.603593,0.822328,529.4095,411.9625,527.069294,489.915647,585.254734,491.774935
1356,50000,,0.826829,50,0.826722,0.704925,0.821833,529.4095,461.0967,526.702405,489.878107,539.140892,491.915272
1357,50000,,0.826829,50,0.826722,0.704925,0.822138,529.4095,461.0967,526.77786,489.915647,539.140892,491.727862
1358,50000,,0.826829,22,0.826722,0.704925,0.822498,529.4095,461.0967,527.002337,489.915647,539.140892,491.59724
1359,50000,,0.826829,40,0.826722,0.706262,0.822484,529.4095,461.86,527.006702,489.915647,538.609344,491.611552
1360,50000,,0.826864,50,0.826864,0.688924,0.823172,529.7707,457.2602,527.484133,489.878107,549.050372,491.394262
1361,50000,,0.826864,50,0.826864,0.760066,0.822625,529.7707,490.9537,527.093305,489.878107,516.138449,491.559668
1362,50000,,0.826864,14,0.826864,0.762785,0.82387,529.7707,492.7808,527.836889,489.878107,515.241727,491.086492
1363,50000,,0.826864,44,0.826864,0.761954,0.822944,529.7707,492.1489,527.20777,489.878107,515.466631,491.387545
1364,50000,,0.826864,50,0.826864,0.761954,0.823379,529.7707,492.1489,527.496864,489.878107,515.491691,491.241877
1365,50000,,0.826864,23,0.826864,0.763538,0.825756,529.7707,493.3831,528.908066,489.915647,515.05805,490.333559
1366,50000,,0.826864,50,0.826864,0.762095,0.824566,529.7707,492.5101,528.235727,489.915647,515.598257,490.810998
1367,50000,,0.826864,35,0.826864,0.761954,0.825568,529.7707,492.1489,528.861156,489.915647,515.466631,490.448146
1368,50000,,0.826864,13,0.826864,0.761954,0.825439,529.7707,492.1489,528.756851,489.915647,515.532057,490.478872
1369,50000,,0.826864,13,0.826864,0.761954,0.825433,529.7707,492.1489,528.765935,489.915647,515.466631,490.490075
1370,50000,,0.826864,49,0.826864,0.762095,0.823668,529.7707,492.5101,527.791653,489.915647,515.598257,491.213818
1371,50000,,0.826864,50,0.826864,0.762095,0.825394,529.7707,492.5101,528.763783,489.915647,515.598257,490.51877
1372,50000,,0.826864,50,0.826864,0.68901,0.821943,529.7707,457.1835,526.854784,489.915647,548.932419,491.931608
1373,50000,,0.826864,50,0.826864,0.612045,0.822278,529.7707,416.4723,527.103933,489.915647,581.684107,491.836932
1374,50000,,0.826864,50,0.826864,0.684027,0.821232,529.7707,457.8314,526.527291,489.915647,553.253467,492.266516
1375,50000,,0.826864,42,0.826864,0.685572,0.823865,529.7707,455.7674,528.005081,489.915647,550.66508,491.202793
1376,50000,,0.826864,37,0.826864,0.762095,0.825409,529.7707,492.5101,528.837775,489.915647,515.598257,490.556944
1377,50000,,0.826864,32,0.826864,0.687485,0.824083,529.7707,456.367,528.142876,489.915647,549.574372,491.125731
1378,50000,,0.826864,14,0.826864,0.762095,0.825106,529.7707,492.5101,528.717872,489.915647,515.598257,490.713043
1379,50000,,0.826864,13,0.826864,0.705693,0.825207,529.7707,467.3402,528.872841,489.915647,542.725377,490.737869
1380,50000,,0.826864,50,0.826864,0.736464,0.824319,529.7707,483.3838,528.384865,489.915647,529.475243,491.103179
1381,50000,,0.826864,50,0.826864,0.604404,0.822093,529.7707,412.5129,527.168301,489.915647,584.991237,492.024306
1382,50000,,0.826864,50,0.826864,0.762502,0.824156,529.7707,492.5316,528.236487,489.915647,515.295301,491.131334
1383,50000,,0.826864,50,0.826864,0.796497,0.826151,529.7707,513.8358,529.385482,489.915647,503.05517,490.345447
1384,50000,,0.826864,50,0.826864,0.762095,0.82608,529.7707,492.5101,529.313192,490.047273,515.598257,490.352199
1385,50000,,0.826864,50,0.826864,0.613921,0.822961,529.7707,417.7097,527.639037,490.047273,581.049994,491.663031
1386,50000,,0.826864,42,0.826864,0.613921,0.824371,529.7707,417.7097,528.453026,490.047273,581.049994,491.108615
1387,50000,,0.826864,13,0.826864,0.821418,0.826809,529.7707,526.3322,529.736315,490.047273,491.99078,490.066708
1388,50000,,0.826864,34,0.826864,0.687669,0.822745,529.7707,456.9353,527.535956,490.047273,549.811886,491.761987
1389,50000,,0.826864,50,0.826864,0.656263,0.821227,529.7707,440.5161,526.609264,490.047273,563.30635,492.325708
1390,50000,,0.826864,50,0.826864,0.610159,0.821874,529.7707,414.9585,526.97734,490.047273,582.140643,492.067256
1391,50000,,0.826864,50,0.826864,0.662175,0.822013,529.7707,443.0678,527.038609,490.047273,560.404926,492.000045
1392,50000,,0.826864,50,0.826864,0.684974,0.821496,529.7707,455.4592,526.756927,490.047273,550.924815,492.214642
1393,50000,,0.826864,32,0.826864,0.715161,0.823995,529.7707,467.274,528.126629,490.047273,535.296552,491.183058
1394,50000,,0.827415,50,0.827415,0.686993,0.82127,530.3,457.3538,526.773011,489.972342,550.619593,492.40176
1395,50000,,0.827415,22,0.827415,0.688134,0.822127,530.3,457.3836,527.179756,489.972342,549.749264,492.00602
1396,50000,,0.827415,50,0.826864,0.688134,0.821527,529.7707,457.3836,526.961261,490.047273,549.749264,492.326981
1397,50000,,0.827415,50,0.826864,0.697804,0.819034,529.7707,463.5552,525.455017,490.047273,546.3425,493.262263
1398,50000,,0.827415,30,0.826864,0.687002,0.820405,529.7707,456.8008,526.169494,490.047273,550.242357,492.671843
1399,50000,,0.827415,41,0.826864,0.714198,0.821677,529.7707,468.0249,526.880516,490.047273,536.550252,492.155843
1400,50000,,0.827415,50,0.826864,0.724627,0.822586,529.7707,479.9583,527.452444,490.047273,536.412637,491.830658
1401,50000,,0.827415,28,0.826864,0.70277,0.822197,529.7707,466.221,527.324041,490.047273,544.255403,492.047887
1402,50000,,0.827415,44,0.826864,0.762095,0.823704,529.7707,492.5101,527.991668,490.047273,515.598257,491.319675
1403,50000,,0.827415,50,0.826864,0.738383,0.821414,529.7707,483.9269,526.750612,490.047273,528.342176,492.274672
1404,50000,,0.827415,24,0.826864,0.754154,0.822778,529.7707,490.5218,527.430656,490.047273,520.785727,491.666228
1405,50000,,0.827415,29,0.826864,0.754154,0.824618,529.7707,491.0079,528.527903,490.047273,520.785727,490.966075
1406,50000,,0.827415,50,0.826864,0.713731,0.823842,529.7707,471.0102,528.130975,490.047273,538.91527,491.305384
1407,50000,,0.827415,50,0.826864,0.762095,0.82517,529.7707,492.5101,528.798641,490.047273,515.598257,490.716893
1408,50000,,0.827415,41,0.826908,0.762095,0.825743,529.9754,492.5101,529.132637,490.047273,515.598257,490.494203
1409,50000,,0.827415,39,0.826908,0.610015,0.822201,529.9754,414.779,527.257423,490.047273,582.132641,492.000382
1410,50000,,0.827415,50,0.826908,0.76229,0.82445,529.9754,492.5101,528.364756,490.047273,515.446152,490.987631
1411,50000,,0.827415,24,0.826908,0.762095,0.82501,529.9754,492.5101,528.71659,490.047273,515.598257,490.786849
1412,50000,,0.827415,50,0.826908,0.762095,0.824361,529.9754,492.5101,528.350933,490.047273,515.598257,491.048369
1413,50000,,0.827415,26,0.826908,0.686638,0.824198,529.9754,456.4454,528.3529,490.047273,550.288205,491.176469
1414,50000,,0.827415,45,0.826908,0.713731,0.822785,529.9754,471.0102,527.507756,490.047273,538.91527,491.712017
1415,50000,,0.827415,50,0.826908,0.688126,0.822204,529.9754,457.6185,527.239299,490.047273,549.913213,491.98561
1416,50000,,0.827415,32,0.826908,0.762095,0.823097,529.9754,492.5101,527.581385,490.047273,515.598257,491.518122
1417,50000,,0.827415,39,0.826908,0.759141,0.824672,529.9754,490.7366,528.513406,490.047273,516.714475,490.913998
1418,50000,,0.827415,42,0.826908,0.762806,0.825539,529.9754,493.1566,529.063563,490.047273,515.476805,490.606365
1419,50000,,0.827415,13,0.826908,0.764601,0.825639,529.9754,493.9156,529.131924,490.047273,514.585726,490.574596
1420,50000,,0.827415,36,0.826908,0.809897,0.826411,529.9754,519.0942,529.649267,490.047273,497.596877,490.319038
1421,50000,,0.827415,50,0.826908,0.687458,0.824787,529.9754,457.3255,528.782274,490.047273,550.238144,491.004963
1422,50000,,0.827415,50,0.826908,0.713036,0.821826,529.9754,470.6444,527.167604,490.047273,539.212567,492.232224
1423,50000,,0.827415,50,0.826908,0.609993,0.815335,529.9754,415.1628,523.568586,490.047273,582.407098,494.88347
1424,50000,,0.827415,31,0.826908,0.61081,0.817536,529.9754,415.5352,524.892195,490.047273,582.019316,494.053536
1425,50000,,0.827415,33,0.826908,0.713298,0.82441,529.9754,471.0102,528.585067,490.047273,539.252758,491.166324
1426,50000,,0.827415,50,0.826908,0.737502,0.823415,529.9754,483.8773,527.987603,490.047273,528.99615,491.542265
1427,50000,,0.827415,50,0.826908,0.759949,0.825515,529.9754,490.8015,529.145143,490.047273,516.127696,490.679869
1428,50000,,0.827415,33,0.826908,0.713298,0.825088,529.9754,471.0102,528.981776,490.047273,539.252758,490.90363
1429,50000,,0.827415,30,0.826908,0.762178,0.825597,529.9754,492.7148,529.217273,490.047273,515.670528,490.664546
1430,50000,,0.827415,50,0.826908,0.68748,0.823327,529.9754,457.0828,527.982029,490.149799,550.058318,491.607252
1431,50000,,0.827415,50,0.826908,0.604479,0.820651,529.9754,412.7761,526.441617,490.149799,585.108691,492.662435
1432,50000,,0.827415,28,0.826908,0.761377,0.825078,529.9754,492.4543,528.888728,490.149799,516.1213,490.848886
1433,50000,,0.827415,17,0.826908,0.761527,0.825278,529.9754,492.3688,529.038335,490.149799,515.946845,490.793691
1434,50000,,0.827415,43,0.826908,0.762277,0.825002,529.9754,492.8599,528.868126,490.149799,515.690937,490.894903
1435,50000,,0.827415,50,0.826908,0.761377,0.824878,529.9754,492.4543,528.819056,490.149799,516.1213,490.958173
1436,50000,,0.827415,50,0.826908,0.613505,0.821854,529.9754,417.4209,527.222674,490.149799,581.181135,492.24721
1437,50000,,0.827415,50,0.826908,0.686978,0.819352,529.9754,456.9341,525.765633,490.149799,550.349737,493.222763
1438,50000,,0.827415,39,0.826908,0.609993,0.817647,529.9754,415.1628,524.716228,490.149799,582.407098,493.849139
1439,50000,,0.827415,21,0.826908,0.609993,0.818061,529.9754,415.1628,525.265776,490.149799,582.407098,493.894492
1440,50000,,0.827415,33,0.826908,0.67,0.819382,529.9754,442.0933,525.793999,490.149799,553.647852,493.218018
1441,50000,,0.827415,50,0.826908,0.762178,0.821732,529.9754,492.7148,527.076719,490.149799,515.670528,492.245124
1442,50000,,0.827415,39,0.826908,0.737847,0.822115,529.9754,483.3282,527.316212,490.149799,528.358813,492.106271
1443,50000,,0.827415,16,0.826908,0.760252,0.824575,529.9754,491.6857,528.636844,490.103406,516.483361,491.072623
1444,50000,,0.827415,50,0.826908,0.760252,0.823058,529.9754,491.6857,527.745536,490.103406,516.483361,491.659026
1445,50000,,0.828041,50,0.828041,0.762245,0.823772,530.6138,492.7148,528.244086,489.69376,515.7585,491.436015
1446,50000,,0.828041,35,0.828041,0.71766,0.824027,530.6138,473.0088,528.378706,489.69376,537.189588,491.326841
1447,50000,,0.828041,41,0.828041,0.71766,0.824053,530.6138,473.0088,528.410925,489.69376,537.189588,491.328332
1448,50000,,0.828041,13,0.828041,0.762178,0.825663,530.6138,492.7148,529.26416,489.69376,515.670528,490.644281
1449,50000,,0.828041,50,0.828041,0.611354,0.822041,530.6138,415.968,527.250318,489.69376,581.885162,492.11986
1450,50000,,0.828041,50,0.828041,0.76029,0.824433,530.6138,491.5196,528.614753,489.69376,520.852438,491.168646
1451,50000,,0.828041,42,0.828041,0.707158,0.821388,530.6138,467.8069,526.962107,489.69376,541.895956,492.436495
1452,50000,,0.828041,33,0.828041,0.71141,0.823629,530.6138,469.815,528.235408,489.69376,539.924575,491.541526
1453,50000,,0.828041,50,0.828041,0.71141,0.822856,530.6138,469.815,527.723513,489.69376,539.924575,491.801404
1454,50000,,0.828041,16,0.828041,0.822263,0.827309,530.6138,526.0068,530.204063,489.69376,491.113472,489.990052
1455,50000,,0.828041,49,0.828041,0.757837,0.825919,530.6138,489.4442,529.394691,489.69376,516.86528,490.532495
1456,50000,,0.828041,50,0.828041,0.587824,0.821662,530.7254,401.9903,527.033434,489.69376,590.872211,492.270252
1457,50000,,0.828041,33,0.828041,0.73953,0.823199,530.7254,485.0909,527.894091,489.69376,528.22732,491.648545
1458,50000,,0.828041,50,0.828041,0.762095,0.824185,530.7254,492.5101,528.380464,489.69376,515.670528,491.204955
1459,50000,,0.828548,14,0.828548,0.762095,0.826306,530.9384,492.5101,529.636535,489.516304,515.598257,490.392461
1460,50000,,0.828548,40,0.828548,0.759865,0.826507,530.9384,490.5968,529.760542,489.516304,516.055425,490.318712
1461,50000,,0.828548,50,0.828548,0.760389,0.824155,530.9384,491.6647,528.424913,489.516304,516.362755,491.258651
1462,50000,,0.828548,43,0.828548,0.759391,0.820399,530.9384,490.4105,526.171016,489.516304,516.300884,492.677234
1463,50000,,0.828548,21,0.828548,0.762178,0.824383,530.9384,492.7148,528.536008,489.516304,515.670528,491.154953
1464,50000,,0.828548,50,0.828548,0.687913,0.82256,530.9384,457.0828,527.59028,489.516304,549.72083,491.942877
1465,50000,,0.828548,34,0.828548,0.684459,0.821877,530.9384,455.1145,527.231564,489.516304,551.095894,492.235706
1466,50000,,0.828548,32,0.828548,0.687503,0.821973,530.9384,456.8965,527.241689,489.516304,549.915602,492.16726
1467,50000,,0.828548,50,0.828548,0.759316,0.824015,530.9384,491.0788,528.388482,489.516304,516.806609,491.34293
1468,50000,,0.828548,30,0.828548,0.762095,0.8263,530.9384,492.5101,529.654403,489.516304,515.598257,490.408845
1469,50000,,0.828548,25,0.828548,0.797601,0.827123,530.9384,514.3776,530.167796,489.516304,502.557079,490.11106
1470,50000,,0.828548,50,0.828548,0.759897,0.824837,530.9384,491.3912,528.861047,489.516304,516.563412,491.018239
1471,50000,,0.828548,50,0.828548,0.761522,0.824849,530.9384,492.0455,528.843712,489.516304,515.734226,490.997775
1472,50000,,0.828548,20,0.828548,0.76029,0.822606,530.9384,491.5196,527.504545,489.516304,516.342346,491.849815
1473,50000,,0.828548,38,0.828548,0.760207,0.825912,530.9384,491.3149,529.39743,489.516304,516.270075,490.539853
1474,50000,,0.828548,50,0.828548,0.604479,0.822311,530.9384,412.7761,527.472411,489.516304,585.108691,492.058441
1475,50000,,0.828548,41,0.828548,0.609479,0.824878,530.9384,415.6415,528.943188,489.516304,583.128792,491.041511
1476,50000,,0.828548,17,0.828548,0.604479,0.82532,530.9384,412.7761,529.183163,489.516304,585.108691,490.857821
1477,50000,,0.828548,42,0.828548,0.672601,0.824666,530.9384,451.7977,528.805767,489.516304,558.122513,491.114944
1478,50000,,0.828548,50,0.828548,0.735531,0.825648,530.9384,482.4774,529.271595,489.516304,529.595697,490.661452
1479,50000,,0.828548,50,0.828548,0.735531,0.821615,530.9384,482.4774,527.023916,489.516304,529.595697,492.300943
1480,50000,,0.828548,33,0.828548,0.715772,0.824448,530.9384,471.8136,528.599956,489.516304,537.861405,491.146908
1481,50000,,0.828548,49,0.828548,0.711843,0.823411,530.9384,469.815,528.019188,489.516304,539.587087,491.567062
1482,50000,,0.828548,31,0.828548,0.760646,0.825467,530.9384,491.3149,529.089425,489.516304,515.927846,490.680342
1483,50000,,0.828548,41,0.828548,0.71141,0.823181,530.9384,469.815,527.919431,489.516304,539.924575,491.679335
1484,50000,,0.828548,41,0.828548,0.759009,0.824852,530.9384,490.2776,528.843554,489.516304,516.509523,490.994826
1485,50000,,0.828548,32,0.828548,0.754209,0.826095,530.9384,487.5066,529.494701,489.516304,518.396353,490.461869
1486,50000,,0.828548,50,0.828548,0.759009,0.825625,530.9384,490.2776,529.26413,489.516304,516.711474,490.674138
1487,50000,,0.828548,20,0.828548,0.760207,0.827351,530.9384,491.3149,530.245767,489.516304,516.270075,489.985886
1488,50000,,0.828548,12,0.828548,0.825813,0.828486,530.9384,529.3351,530.899898,489.516304,490.575269,489.538972
1489,50000,,0.828548,17,0.828548,0.711843,0.827306,530.9384,469.815,530.278707,489.516304,539.587087,490.042373
1490,50000,,0.828548,50,0.828548,0.759955,0.823686,530.9384,490.6806,528.102912,489.516304,516.396118,491.408446
1491,50000,,0.828548,50,0.828548,0.760207,0.824116,530.9384,491.3149,528.375802,489.516304,516.270075,491.255852
1492,50000,,0.828548,50,0.828548,0.760207,0.824137,530.9384,491.3149,528.361094,489.516304,516.270075,491.229536
1493,50000,,0.828548,50,0.828548,0.706214,0.821941,530.9384,466.4646,527.220956,489.516304,541.732357,492.178311
1494,50000,,0.828548,50,0.828548,0.712183,0.821526,530.9384,469.815,526.920242,489.516304,539.321408,492.300294
1495,50000,,0.828548,50,0.828548,0.731316,0.821155,530.9384,477.3381,526.733315,489.516304,532.755091,492.464775
1496,50000,,0.828548,38,0.828548,0.75825,0.821957,530.9384,491.3149,527.226217,489.516304,517.796415,492.169225
1497,50000,,0.828548,15,0.828548,0.760207,0.827612,530.9384,491.3149,530.386887,489.516304,516.270075,489.876415
1498,50000,,0.828548,13,0.828548,0.760207,0.827856,530.9384,491.3149,530.536415,489.516304,516.270075,489.786328
1499,50000,,0.828548,32,0.828548,0.717348,0.826092,530.9384,473.2575,529.580561,489.516304,537.599519,490.522186
1500,50000,,0.828548,50,0.828548,0.587824,0.824274,530.9384,401.9903,528.620879,489.516304,590.872211,491.296394
1501,50000,,0.828548,50,0.828548,0.722338,0.824206,530.9384,470.0095,528.493073,489.516304,531.531513,491.264287
1502,50000,,0.828548,50,0.828548,0.752266,0.825807,530.9384,489.8127,529.340539,489.516304,521.457544,490.583294
1503,50000,,0.828548,50,0.828548,0.760207,0.824439,530.9384,491.3149,528.576443,489.516304,516.270075,491.13815
1504,50000,,0.828548,50,0.828548,0.611243,0.820489,530.9384,415.5352,526.351947,489.516304,581.681828,492.728679
1505,50000,,0.828548,49,0.828548,0.610853,0.816697,530.9384,415.1064,524.250366,489.516304,581.698675,494.278407
1506,50000,,0.828548,14,0.828548,0.760207,0.826384,530.9384,491.3149,529.682976,489.516304,516.270075,490.362337
1507,50000,,0.828548,32,0.828548,0.75778,0.826529,530.9384,489.6614,529.742712,489.516304,517.055538,490.289262
1508,50000,,0.828548,50,0.828548,0.761116,0.8273,530.9384,492.0088,530.190738,489.516304,516.02644,489.988827
1509,50000,,0.828548,50,0.828548,0.734576,0.825075,530.9384,482.1886,528.945783,489.516304,530.147061,490.889962
1510,50000,,0.828548,40,0.828548,0.758856,0.826244,530.9384,490.7038,529.616994,489.516304,516.914341,490.427826
1511,50000,,0.828548,14,0.828548,0.611165,0.825891,530.9384,415.5344,529.511392,489.516304,581.742106,490.632148
1512,50000,,0.828548,41,0.828548,0.691051,0.826674,530.9384,453.7477,529.88938,489.516304,545.037812,490.274423
1513,50000,,0.828548,50,0.828548,0.681179,0.826479,530.9384,453.483,529.812016,489.516304,552.560725,490.375251
1514,50000,,0.828548,50,0.828548,0.760207,0.826023,530.9384,491.3149,529.485745,489.516304,516.270075,490.512428
1515,50000,,0.828548,50,0.828548,0.760207,0.824407,530.9384,491.3149,528.562484,489.516304,516.270075,491.153541
1516,50000,,0.828548,19,0.828548,0.760207,0.824584,530.9384,491.3149,528.591268,489.516304,516.270075,491.035002
1517,50000,,0.828548,17,0.828548,0.633297,0.82639,530.9384,428.3643,529.823011,489.516304,573.076669,490.451967
1518,50000,,0.828548,11,0.828548,0.827156,0.828534,530.9384,529.5169,530.924185,489.516304,489.649004,489.517631
1519,50000,,0.828548,50,0.828548,0.760207,0.827838,530.9384,491.3149,530.527341,489.516304,516.270075,489.794429
1520,50000,,0.828548,50,0.828548,0.736894,0.825561,530.9384,483.0326,529.254569,489.516304,528.904028,490.717861
1521,50000,,0.828548,50,0.828548,0.755791,0.826678,530.9384,487.5855,529.842197,489.516304,517.215256,490.239958
1522,50000,,0.828548,50,0.828548,0.701965,0.826208,530.9384,465.0258,529.641314,489.516304,544.082438,490.471699
1523,50000,,0.828548,50,0.828548,0.704195,0.824711,530.9384,466.9391,528.805706,489.516304,543.625271,491.079902
1524,50000,,0.828548,50,0.828548,0.705504,0.823392,530.9384,467.5713,528.058749,489.516304,543.027624,491.607935
1525,50000,,0.828548,50,0.828548,0.760207,0.825939,530.9384,491.3149,529.538121,489.516304,516.270075,490.612799
1526,50000,,0.828548,50,0.828548,0.633297,0.823542,530.9384,428.3643,528.323051,489.516304,573.076669,491.668135
1527,50000,,0.828548,15,0.828548,0.760207,0.827861,530.9384,491.3149,530.542165,489.516304,516.270075,489.786302
1528,50000,,0.828548,33,0.828548,0.760314,0.827173,530.9384,491.3149,530.142524,489.516304,516.186426,490.055047
1529,50000,,0.828548,50,0.828548,0.803217,0.828168,530.9384,519.0059,530.759053,489.516304,501.277811,489.692531
1530,50000,,0.831416,50,0.831416,0.760207,0.827035,533.1021,491.3149,530.111294,488.728545,516.270075,490.141847
1531,50000,,0.831416,50,0.830486,0.711843,0.824601,532.4904,469.815,528.73947,488.958092,539.587087,491.121025
1532,50000,,0.831416,28,0.830486,0.737642,0.823892,532.4904,483.8957,528.269543,488.958092,528.899137,491.359459
1533,50000,,0.831416,28,0.830486,0.74154,0.82585,532.4904,484.776,529.456282,488.958092,526.448935,490.626932
1534,50000,,0.831416,50,0.830486,0.686438,0.825636,532.4904,455.9212,529.349356,488.958092,550.092766,490.722274
1535,50000,,0.831416,50,0.830486,0.694108,0.823679,532.4904,456.9164,528.188634,488.958092,544.777142,491.471497
1536,50000,,0.831416,21,0.830486,0.771908,0.827627,532.4904,498.4834,530.443231,488.958092,511.94688,489.902431
1537,50000,,0.831416,15,0.830486,0.760357,0.828178,532.4904,491.7928,530.813641,488.958092,516.473665,489.721169
1538,50000,,0.831416,13,0.830486,0.762815,0.828695,532.4904,492.993,531.19388,488.958092,515.360325,489.572505
1539,50000,,0.831416,26,0.830486,0.827259,0.829489,532.4904,530.1302,531.668195,488.958092,490.095716,489.270926
1540,50000,,0.831416,50,0.830486,0.614572,0.822451,532.4904,417.7616,527.853983,488.958092,580.577363,492.204732
1541,50000,,0.831416,50,0.830486,0.685114,0.819767,532.4904,455.6056,526.371004,488.958092,550.914175,493.304796
1542,50000,,0.831416,50,0.831416,0.696033,0.821588,533.1021,461.4095,527.391974,488.728545,546.285814,492.568174
1543,50000,,0.831416,50,0.831416,0.611658,0.820176,533.1021,415.1412,526.607141,488.728545,581.094307,493.143596
1544,50000,,0.831416,50,0.831416,0.612482,0.822626,533.1021,415.1412,528.04411,488.728545,580.451554,492.195909
1545,50000,,0.831416,50,0.831416,0.612482,0.821642,533.1021,415.1412,527.43248,488.728545,580.451554,492.553486
1546,50000,,0.831416,50,0.831416,0.686438,0.822959,533.1021,455.9212,528.106943,488.728545,550.092766,491.978147
1547,50000,,0.831416,14,0.831416,0.761078,0.827249,533.1021,491.9078,530.450146,488.728545,515.988399,490.202308
1548,50000,,0.831416,32,0.831416,0.687258,0.827223,533.1021,456.1042,530.565562,488.728545,549.575461,490.299336
1549,50000,,0.831416,50,0.831416,0.752331,0.826242,533.1021,486.9066,529.997321,488.728545,519.45964,490.684194
1550,50000,,0.831416,50,0.831416,0.686536,0.826004,533.1021,456.3097,529.900678,488.728545,550.276699,490.804793
1551,50000,,0.831416,24,0.831416,0.615545,0.827191,533.1021,418.0451,530.57689,488.728545,580.007977,490.331946
1552,50000,,0.831416,15,0.831416,0.762473,0.829074,533.1021,492.779,531.549127,488.728545,515.483462,489.514936
1553,50000,,0.831416,13,0.831416,0.80822,0.829931,533.1021,517.3741,532.073701,488.728545,496.28264,489.19799
1554,50000,,0.831416,41,0.831416,0.611658,0.82736,533.1021,415.1412,530.71484,488.728545,581.09444,490.292815
1555,50000,,0.831416,50,0.831416,0.713212,0.826287,533.1021,466.5892,530.071156,488.728545,536.357815,490.69831
1556,50000,,0.831416,50,0.831416,0.713212,0.8276,533.1021,466.5892,530.753794,488.728545,536.357815,490.131687
1557,50000,,0.831416,50,0.831416,0.755721,0.827746,533.1021,489.5899,530.831281,488.728545,518.613014,490.069649
1558,50000,,0.831416,50,0.831416,0.737035,0.826989,533.1021,483.3449,530.444438,488.728545,529.003616,490.400885
1559,50000,,0.831416,50,0.831416,0.737035,0.82784,533.1021,483.3449,530.984928,488.728545,529.003616,490.099311
1560,50000,,0.831416,50,0.831416,0.760791,0.82861,533.1021,491.9078,531.380083,488.728545,516.212238,489.763783
1561,50000,,0.831416,18,0.831416,0.686884,0.827988,533.1021,456.2403,531.115879,488.728545,549.958691,490.071886
1562,50000,,0.831416,49,0.831416,0.75891,0.828521,533.1021,491.9078,531.400479,488.728545,521.498466,489.846414
1563,50000,,0.831416,50,0.831416,0.737576,0.825194,533.1021,482.4672,529.525449,488.728545,527.993394,491.185097
1564,50000,,0.831416,30,0.831416,0.760683,0.828988,533.1021,491.9078,531.59351,488.728545,516.295887,489.61195
1565,50000,,0.831416,44,0.831416,0.605562,0.828122,533.1021,412.828,531.263296,488.728545,584.298572,490.065902
1566,50000,,0.831416,40,0.831416,0.765274,0.829957,533.1021,494.5848,532.233275,488.728545,514.509002,489.284873
1567,50000,,0.831416,34,0.831416,0.685341,0.82921,533.1021,454.8457,531.888091,488.728545,550.227684,489.636296
1568,50000,,0.831416,50,0.831416,0.736352,0.829725,533.1021,482.5212,532.166663,488.728545,528.984172,489.421394
1569,50000,,0.831416,33,0.831416,0.757946,0.829217,533.1021,489.8128,531.812439,488.728545,517.027216,489.579714
1570,50000,,0.831416,50,0.831416,0.760683,0.827321,533.1021,490.6931,530.665431,488.728545,516.295887,490.289843
1571,50000,,0.831416,24,0.831416,0.611894,0.824887,533.1021,415.5871,529.380487,488.728545,581.209197,491.327333
1572,50000,,0.831416,50,0.831416,0.760683,0.826093,533.1021,491.9078,529.998584,488.728545,516.295887,490.801531
1573,50000,,0.831416,33,0.831416,0.760683,0.825519,533.1021,491.9078,529.642858,488.728545,516.295887,491.010497
1574,50000,,0.831416,21,0.831416,0.782606,0.830877,533.1021,501.7597,532.760786,488.728545,505.797989,488.920203
1575,50000,,0.831416,50,0.831416,0.759642,0.830211,533.1021,491.8146,532.363932,488.728545,517.046049,489.173875
1576,50000,,0.831416,50,0.831416,0.760683,0.829971,533.1021,491.9078,532.244447,488.728545,516.295887,489.281241
1577,50000,,0.831416,40,0.831416,0.82913,0.83136,533.1021,530.715,533.058222,488.728545,489.449223,488.743189
1578,50000,,0.831416,43,0.831416,0.763191,0.830695,533.1021,492.9061,532.676145,488.728545,515.008922,489.006078
1579,50000,,0.831416,31,0.831416,0.68281,0.825904,533.1021,453.8377,530.051807,488.728545,551.526061,490.984468
1580,50000,,0.831416,32,0.831416,0.612437,0.824815,533.1021,415.8669,529.43253,488.728545,581.075043,491.418538
1581,50000,,0.831416,50,0.831416,0.760683,0.829397,533.1021,491.9078,531.893255,488.728545,516.295887,489.493894
1582,50000,,0.831416,50,0.831416,0.760683,0.829449,533.1021,491.9078,531.913362,488.728545,516.295887,489.466611
1583,50000,,0.831416,29,0.831416,0.760683,0.830378,533.1021,491.9078,532.462822,488.728545,516.295887,489.110306
1584,50000,,0.831416,50,0.831416,0.758757,0.827204,533.1021,490.8787,530.640147,488.728545,517.10872,490.364824
1585,50000,,0.831416,27,0.831416,0.614588,0.827578,533.1021,417.4728,530.94762,488.728545,580.371017,490.278966
1586,50000,,0.831416,14,0.831416,0.763156,0.830358,533.1021,492.8984,532.461478,488.728545,515.030826,489.124803
1587,50000,,0.831416,44,0.831416,0.758268,0.827943,533.1021,489.9195,531.054672,488.728545,516.847161,490.065889
1588,50000,,0.831416,50,0.831416,0.764436,0.829686,533.1021,493.3815,532.081956,488.728545,514.356214,489.394925
1589,50000,,0.831416,50,0.831416,0.760683,0.830397,533.1021,491.9078,532.510922,488.728545,516.295887,489.127337
1590,50000,,0.831416,50,0.831416,0.760607,0.827804,533.1021,491.9078,531.007253,488.728545,516.355091,490.14277
1591,50000,,0.831416,33,0.831416,0.760683,0.830384,533.1021,491.9078,532.526056,488.728545,516.295887,489.147949
1592,50000,,0.831416,50,0.831416,0.712761,0.827471,533.1021,469.8669,530.90348,488.728545,538.905325,490.332335
1593,50000,,0.831416,20,0.831416,0.825766,0.831324,533.1021,531.5754,533.065936,488.728545,492.113163,488.776415
1594,50000,,0.831416,19,0.831416,0.827167,0.831299,533.1021,529.3388,533.030152,488.728545,490.541845,488.771928
1595,50000,,0.831416,50,0.831416,0.762529,0.830608,533.1021,493.2366,532.630526,488.728545,515.746804,489.043398
1596,50000,,0.831416,50,0.831416,0.758661,0.828466,533.1021,489.733,531.382623,488.728545,516.415847,489.877332
1597,50000,,0.831416,50,0.831416,0.758661,0.830369,533.1021,489.733,532.489052,488.728545,516.415847,489.134717
1598,50000,,0.831416,42,0.831416,0.760683,0.828166,533.1021,491.9078,531.248847,488.728545,516.295887,490.022381
1599,50000,,0.831416,17,0.831416,0.799193,0.831094,533.1021,515.663,532.927709,488.728545,502.176667,488.863026
1600,50000,,0.831416,25,0.831416,0.799193,0.831094,533.1021,515.663,532.927709,488.728545,502.176667,488.863026
1601,50000,,0.831416,50,0.831416,0.760683,0.82993,533.1021,491.9078,532.228706,488.728545,516.295887,489.302463
1602,50000,,0.831416,50,0.831416,0.758307,0.827019,533.1021,489.715,530.502512,488.728545,517.946902,490.416876
1603,50000,,0.831416,50,0.831416,0.758307,0.824715,533.1021,489.3382,529.135325,488.728545,517.946902,491.297517
1604,50000,,0.831416,42,0.831416,0.758454,0.826889,533.1021,489.9945,530.492956,488.728545,516.854382,490.51181
1605,50000,,0.831416,39,0.831416,0.760703,0.827344,533.1021,491.9078,530.771626,488.728545,516.280444,490.343025
1606,50000,,0.831416,24,0.831416,0.760683,0.829871,533.1021,491.9078,532.177649,488.728545,516.295887,489.31469
1607,50000,,0.831416,50,0.831416,0.760641,0.829085,533.1021,491.9078,531.721002,488.728545,516.328999,489.621788
1608,50000,,0.831416,31,0.831416,0.575395,0.82781,533.1021,395.934,531.08734,488.728545,596.508329,490.191755
1609,50000,,0.831416,21,0.831416,0.575395,0.827597,533.1021,395.934,531.009595,488.728545,596.508329,490.305862
1610,50000,,0.831416,50,0.831416,0.760962,0.830665,533.1021,492.4762,532.669187,488.728545,516.459514,489.024735
1611,50000,,0.831416,50,0.831416,0.760683,0.829997,533.1021,491.9078,532.278971,488.728545,516.295887,489.283875
1612,50000,,0.831416,50,0.831416,0.615063,0.827111,533.1021,417.9932,530.777264,488.728545,580.349118,490.529207
1613,50000,,0.831416,46,0.831416,0.613183,0.826205,533.1021,415.8669,530.135294,488.728545,580.390809,490.80547
1614,50000,,0.831416,19,0.831416,0.763702,0.830426,533.1021,493.6124,532.537894,488.728545,515.083471,489.123152
1615,50000,,0.831416,50,0.831416,0.760683,0.829987,533.1021,491.9078,532.268066,488.728545,516.295887,489.284784
1616,50000,,0.831416,50,0.831416,0.760683,0.829477,533.1021,491.9078,532.002615,488.728545,516.295887,489.504162
1617,50000,,0.831416,24,0.831416,0.818367,0.831133,533.1021,527.5378,532.972466,488.728545,495.422056,488.863034
1618,50000,,0.831416,50,0.831416,0.686345,0.82842,533.1021,455.709,531.428397,488.728545,550.022711,489.944217
1619,50000,,0.831416,39,0.831416,0.686345,0.828854,533.1021,455.709,531.700632,488.728545,550.022711,489.788507
1620,50000,,0.831416,17,0.831416,0.712761,0.82905,533.1021,469.8669,531.853627,488.728545,538.905325,489.73764
1621,50000,,0.831416,26,0.831416,0.760683,0.830706,533.1021,491.9078,532.688816,488.728545,516.295887,489.006034
1622,50000,,0.831416,50,0.831416,0.759855,0.829042,533.1021,491.4983,531.71524,488.728545,516.667936,489.651616
1623,50000,,0.831416,50,0.831416,0.7613,0.828482,533.1021,492.2964,531.378474,488.728545,516.075654,489.862033
1624,50000,,0.831416,50,0.831416,0.684602,0.826458,533.1021,454.6241,530.27184,488.728545,550.655136,490.699222
1625,50000,,0.831416,50,0.831416,0.689119,0.826706,533.1021,457.211,530.43665,488.728545,548.865507,490.61681
1626,50000,,0.831416,44,0.831416,0.604771,0.825351,533.1021,412.4369,529.689685,488.728545,584.653967,491.172743
1627,50000,,0.831416,28,0.831416,0.701801,0.828974,533.1021,465.0777,531.76325,488.728545,544.245459,489.736619
1628,50000,,0.831416,50,0.831416,0.75861,0.829293,533.1021,490.8743,531.867965,488.728545,517.220729,489.55817
1629,50000,,0.831416,33,0.831416,0.689119,0.827801,533.1021,457.211,531.039497,488.728545,548.865507,490.166613
1630,50000,,0.831416,24,0.831416,0.796927,0.830913,533.1021,514.3549,532.807248,488.728545,503.067492,488.923547
1631,50000,,0.831416,50,0.831416,0.686949,0.827786,533.1021,455.8919,531.052214,488.728545,549.674025,490.186749
1632,50000,,0.831416,50,0.831416,0.605529,0.826287,533.1021,412.7247,530.29881,488.728545,584.25509,490.85083
1633,50000,,0.831416,50,0.831416,0.605529,0.824498,533.1021,412.7247,529.242509,488.728545,584.25509,491.53845
1634,50000,,0.831416,38,0.831416,0.605529,0.823387,533.1021,412.7247,528.635513,488.728545,584.25509,491.99859
1635,50000,,0.831416,38,0.831416,0.760683,0.829292,533.1021,491.9078,531.862683,488.728545,516.295887,489.554833
1636,50000,,0.831416,32,0.831416,0.760604,0.828651,533.1021,491.9078,531.483895,488.728545,516.357783,489.800947
1637,50000,,0.831416,50,0.831416,0.759332,0.829299,533.1021,491.2967,531.862855,488.728545,516.940154,489.550064
1638,50000,,0.831416,38,0.831416,0.760683,0.830119,533.1021,491.9078,532.370218,488.728545,516.295887,489.249959
1639,50000,,0.831416,26,0.831416,0.760878,0.830596,533.1021,491.9078,532.610023,488.728545,516.143782,489.038354
1640,50000,,0.831416,50,0.831416,0.759992,0.828551,533.1021,491.6941,531.419365,488.728545,516.691948,489.835834
1641,50000,,0.831416,41,0.831416,0.761342,0.829517,533.1021,491.9078,532.000443,488.728545,516.026907,489.471503
1642,50000,,0.831416,11,0.831416,0.761722,0.830057,533.1021,492.5103,532.313603,488.728545,515.889341,489.26037
1643,50000,,0.831416,33,0.831416,0.696952,0.827387,533.1021,461.4614,530.869259,488.728545,545.604052,490.375229
1644,50000,,0.831416,50,0.831416,0.760683,0.828881,533.1021,491.9078,531.570469,488.728545,516.295887,489.679919
1645,50000,,0.831416,50,0.831416,0.758454,0.829629,533.1021,489.9945,532.008644,488.691005,516.753055,489.389667
1646,50000,,0.831416,50,0.831416,0.758454,0.82757,533.1021,489.9945,530.769417,488.728545,516.753055,490.165947
1647,50000,,0.831416,33,0.831416,0.761683,0.828963,533.1021,492.5181,531.637796,488.728545,515.925263,489.661227
1648,50000,,0.831416,21,0.831416,0.759292,0.829572,533.1021,491.3059,531.993731,488.728545,516.977866,489.424252
1649,50000,,0.831416,50,0.831416,0.75823,0.827523,533.1021,489.8324,530.818368,488.728545,516.977866,490.235117
1650,50000,,0.831416,50,0.831416,0.759292,0.827539,533.1021,491.1851,530.868788,488.728545,516.977866,490.256537
1651,50000,,0.831416,32,0.831416,0.760683,0.827215,533.1021,491.9078,530.694784,488.728545,516.295887,490.392733
1652,50000,,0.831416,14,0.831416,0.789108,0.830886,533.1021,511.0672,532.82632,488.728545,506.963327,488.957864
1653,50000,,0.831416,50,0.831416,0.760683,0.829419,533.1021,491.9078,531.969844,488.728545,516.295887,489.528077
1654,50000,,0.831416,50,0.831416,0.760683,0.829172,533.1021,491.9078,531.812163,488.728545,516.295887,489.615036
1655,50000,,0.831416,50,0.831416,0.770275,0.830049,533.1021,496.3982,532.29771,488.728545,511.823503,489.255847
1656,50000,,0.831416,25,0.831416,0.760683,0.82967,533.1021,491.9078,532.103874,488.728545,516.295887,489.422186
1657,50000,,0.831416,39,0.831416,0.760683,0.829635,533.1021,491.9078,532.05786,488.728545,516.295887,489.41801
1658,50000,,0.831416,50,0.831416,0.760683,0.826912,533.1021,491.9078,530.443838,488.728545,516.295887,490.460664
1659,50000,,0.831416,33,0.831416,0.760683,0.827698,533.1021,491.9078,530.896274,488.728545,516.295887,490.150698
1660,50000,,0.831416,18,0.831416,0.827413,0.831376,533.1021,530.4117,533.075196,488.728545,490.048595,488.741745
1661,50000,,0.831416,42,0.831416,0.762529,0.830687,533.1021,493.2366,532.665003,488.728545,515.746804,489.004526
1662,50000,,0.831416,50,0.831416,0.759109,0.829085,533.1021,491.1153,531.724175,488.728545,516.99265,489.623518
1663,50000,,0.831416,50,0.831416,0.696952,0.826403,533.1021,461.4614,530.274354,488.728545,545.604052,490.744163
1664,50000,,0.831416,41,0.831416,0.727928,0.828333,533.1021,473.6883,531.330888,488.728545,529.636476,489.946767
1665,50000,,0.831416,41,0.831416,0.760683,0.828222,533.1021,491.9078,531.253767,488.728545,516.295887,489.981875
1666,50000,,0.831416,33,0.831416,0.611569,0.827096,533.1021,415.3675,530.693228,488.728545,581.315348,490.484499
1667,50000,,0.831416,50,0.831416,0.759574,0.826433,533.1021,491.018,530.164621,488.728545,516.565038,490.647397
1668,50000,,0.831416,24,0.831416,0.764824,0.829022,533.1021,495.2499,531.702104,488.728545,515.305685,489.658281
1669,50000,,0.831416,46,0.831416,0.76004,0.829114,533.1021,491.1851,531.759159,488.728545,516.313499,489.624367
1670,50000,,0.831416,34,0.831416,0.687485,0.825506,533.1021,456.2756,529.704184,488.728545,549.513389,491.061649
1671,50000,,0.831416,31,0.831416,0.764824,0.82821,533.1021,495.2499,531.257407,488.728545,515.305685,489.993256
1672,50000,,0.831416,50,0.831416,0.759615,0.827699,533.1021,491.476,531.026665,488.728545,518.725968,490.237504
1673,50000,,0.831416,35,0.831416,0.758255,0.826505,533.1021,489.9131,530.240435,488.728545,516.853405,490.641616
1674,50000,,0.831416,20,0.831416,0.759928,0.829926,533.1021,491.1655,532.236189,488.728545,516.387356,489.310544
1675,50000,,0.831416,50,0.831416,0.760431,0.827187,533.1021,491.2735,530.634437,488.728545,516.295887,490.374026
1676,50000,,0.831416,50,0.831416,0.760683,0.827433,533.1021,491.9078,530.71584,488.728545,516.295887,490.236776
1677,50000,,0.831416,25,0.831416,0.717396,0.829304,533.1021,472.2873,531.929352,488.728545,536.912001,489.590101
1678,50000,,0.831416,49,0.831416,0.733307,0.828536,533.1021,476.78,531.412341,488.728545,527.512228,489.843023
1679,50000,,0.831416,50,0.831416,0.611569,0.823597,533.1021,415.3675,528.612631,488.728545,581.315348,491.819558
1680,50000,,0.831416,31,0.831416,0.703778,0.826594,533.1021,468.0425,530.416973,488.728545,544.690001,490.691116
1681,50000,,0.831416,31,0.831416,0.717396,0.830113,533.1021,472.2873,532.388828,488.728545,536.912001,489.267488
1682,50000,,0.831416,50,0.831416,0.615063,0.826544,533.1021,417.9932,530.445572,488.728545,580.349118,490.748749
1683,50000,,0.831416,40,0.831416,0.686442,0.825468,533.1021,455.7908,529.768615,488.728545,550.002305,491.134869
1684,50000,,0.831416,16,0.831416,0.757576,0.830508,533.1021,490.2163,532.597455,488.728545,517.585811,489.098606
1685,50000,,0.831416,50,0.831416,0.757576,0.827829,533.1021,490.2163,531.000116,488.728545,517.585811,490.118094
1686,50000,,0.831416,50,0.831416,0.75631,0.826332,533.1021,489.0221,530.131883,488.728545,517.773097,490.703831
1687,50000,,0.831416,50,0.831416,0.686817,0.825244,533.1021,456.3097,529.55906,488.728545,550.057328,491.169229
1688,50000,,0.831416,27,0.831416,0.70145,0.827235,533.1021,461.7809,530.685031,488.728545,542.309679,490.370312
1689,50000,,0.831416,29,0.831416,0.753863,0.829197,533.1021,491.9078,531.865455,488.728545,522.288896,489.630882
1690,50000,,0.831416,50,0.831416,0.760683,0.828792,533.1021,491.9078,531.601298,488.728545,516.295887,489.769763
1691,50000,,0.831416,50,0.831416,0.687157,0.827697,533.1021,456.4752,531.004776,488.728545,549.903269,490.223939
1692,50000,,0.831416,33,0.831416,0.712761,0.826966,533.1021,469.8669,530.541338,488.728545,538.905325,490.48389
1693,50000,,0.831416,19,0.831416,0.758268,0.830124,533.1021,489.9195,532.334597,488.728545,516.847161,489.221979
1694,50000,,0.831416,50,0.831416,0.758268,0.829919,533.1021,489.9195,532.215005,488.728545,516.847161,489.301756
1695,50000,,0.831416,50,0.831416,0.686949,0.827998,533.1021,455.8919,531.128689,488.728545,549.674025,490.072525
1696,50000,,0.831416,50,0.831416,0.711693,0.828477,533.1021,465.6802,531.377154,488.728545,536.933057,489.865363
1697,50000,,0.831416,16,0.831416,0.827951,0.83137,533.1021,530.201,533.059623,488.728545,489.487474,488.736593
1698,50000,,0.831416,36,0.831416,0.760683,0.829209,533.1021,491.9078,531.830679,488.728545,516.295887,489.598323
1699,50000,,0.831416,50,0.831416,0.712761,0.827927,533.1021,469.8669,531.13788,488.728545,538.905325,490.134244
