gen,seed,threads,best_global,picos,fit_best,fit_worst,fit_mean,green_best,green_worst,green_mean,emis_best,emis_worst,emis_mean
0,32500,,0.523599,,0.523599,0.367607,0.438731,338.8834,245.6062,288.002896,598.679442,662.599946,630.781184
1,32500,,0.523599,,0.523599,0.374554,0.45619,338.8834,249.3831,298.58097,598.679442,655.556787,624.251661
2,32500,,0.525592,,0.525592,0.411248,0.47003,343.5538,273.0221,306.244167,598.679442,644.153375,618.592082
3,32500,,0.525592,,0.525592,0.421655,0.479755,343.5538,273.0221,311.856456,598.564295,634.341271,614.767423
4,32500,,0.545853,,0.545853,0.432495,0.489577,356.694,278.333,318.065448,593.256712,630.008286,611.266651
5,32500,,0.545853,,0.545853,0.456676,0.495874,356.694,293.1095,321.738818,593.256712,625.970581,608.816574
6,32500,,0.545853,,0.545853,0.467571,0.501451,356.694,298.4644,325.510487,593.256712,622.77221,606.994138
7,32500,,0.545853,,0.545853,0.468225,0.505441,356.694,303.3168,328.184419,589.230244,622.77221,605.673061
8,32500,,0.545953,,0.545953,0.477929,0.51176,356.694,312.4387,331.99499,589.230244,618.512012,603.298351
9,32500,,0.545953,,0.545953,0.479307,0.516669,357.8179,312.4387,335.322902,589.230244,618.258448,601.699096
10,32500,,0.545953,,0.545953,0.496727,0.52093,357.9346,320.2821,338.153449,589.230244,607.926028,600.271885
11,32500,,0.56872,,0.56872,0.498526,0.525962,366.8645,322.9173,341.310472,582.235659,611.351748,598.462588
12,32500,,0.56872,,0.56872,0.50237,0.530016,369.0384,325.8362,343.968045,582.235659,607.19751,597.081237
13,32500,,0.572573,,0.572573,0.510987,0.535745,374.0549,330.6753,347.645617,582.235659,606.904647,595.077402
14,32500,,0.572573,,0.572573,0.516661,0.540287,374.0549,332.8562,350.735315,581.396484,606.651083,593.605079
15,32500,,0.572573,,0.572573,0.518329,0.544951,374.0549,335.2261,353.57621,581.396484,605.981637,591.870935
16,32500,,0.574749,,0.574749,0.520599,0.550276,375.8736,335.2261,357.053044,581.396484,604.255199,590.04696
17,32500,,0.58155,,0.58155,0.520599,0.55433,378.2847,335.2261,359.657829,579.734812,599.887754,588.630272
18,32500,,0.594951,,0.594951,0.528367,0.55846,387.6597,337.3309,362.082214,575.710177,599.887754,587.033475
19,32500,,0.594951,,0.594951,0.531183,0.563523,387.6597,344.4462,364.96688,573.637324,596.826849,585.017842
20,32500,,0.594951,,0.594951,0.533974,0.567361,387.6597,347.5326,367.127076,573.637324,596.382744,583.471228
21,32500,,0.594951,,0.594951,0.533974,0.571033,387.6597,347.5326,369.36708,572.517755,596.382744,582.107913
22,32500,,0.59569,,0.59569,0.549078,0.57446,388.4213,355.6077,371.383522,572.517755,590.591663,580.786098
23,32500,,0.596984,,0.596984,0.552971,0.577553,389.2399,355.6077,373.475455,572.517755,589.260526,579.775346
24,32500,,0.597866,,0.597866,0.556994,0.580696,390.24,357.3948,375.914296,572.517755,588.905761,578.958837
25,32500,,0.603876,,0.603876,0.557582,0.583972,391.5456,357.3948,378.162545,571.352356,588.905761,577.910113
26,32500,,0.605388,,0.605388,0.557747,0.586911,394.4284,357.3948,379.956984,571.066538,586.598343,576.819467
27,32500,,0.607564,,0.607564,0.5628,0.59013,396.2471,363.0872,382.135492,569.640432,585.188091,575.769066
28,32500,,0.607564,,0.607564,0.56555,0.592671,396.2471,363.0872,383.870171,569.640432,584.296876,574.949543
29,32500,,0.608164,,0.608164,0.576815,0.596158,396.2471,372.3908,386.441888,568.825395,581.06993,573.95233
30,32500,,0.608164,,0.608164,0.576815,0.598301,396.2471,372.5863,387.662663,568.825395,579.755917,573.099215
31,32500,,0.621448,,0.621448,0.587441,0.601204,402.4135,380.4045,389.578548,564.928742,577.323783,572.118704
32,32500,,0.621448,,0.621448,0.592289,0.603346,402.4135,380.4045,391.01518,564.928742,576.329918,571.410772
33,32500,,0.621448,,0.621448,0.595984,0.60497,402.4135,386.1106,392.080896,564.928742,575.427436,570.858208
34,32500,,0.623889,,0.623889,0.597193,0.607066,403.9126,386.1106,393.534475,563.60488,574.917439,570.197087
35,32500,,0.624974,,0.624974,0.598204,0.60931,406.5366,386.3287,394.715932,563.60488,574.917439,569.238505
36,32500,,0.624974,,0.624974,0.599075,0.611375,406.5366,387.2573,395.918872,562.313454,574.917439,568.434206
37,32500,,0.626371,,0.626371,0.599075,0.613624,406.8462,388.3868,397.22424,562.313454,574.917439,567.554634
38,32500,,0.627376,,0.627376,0.599075,0.615765,408.3553,389.172,398.696233,562.313454,574.917439,566.871016
39,32500,,0.62765,,0.62765,0.600193,0.617561,408.7623,388.8915,399.754936,562.313454,572.446756,566.179769
40,32500,,0.628165,,0.628165,0.604917,0.619524,408.8982,389.172,401.052173,561.975667,571.244775,565.517859
41,32500,,0.63433,,0.63433,0.604917,0.621144,408.9207,389.172,402.102911,559.179316,570.509966,564.957804
42,32500,,0.63433,,0.63433,0.614351,0.622461,409.3926,395.0591,402.902457,559.179316,567.674094,564.4667
43,32500,,0.634835,,0.634835,0.614351,0.623938,409.6359,395.0591,403.979139,558.494966,567.674094,564.035716
44,32500,,0.636604,,0.636604,0.614351,0.625479,409.7492,395.0591,404.764861,557.905871,567.674094,563.360454
45,32500,,0.636604,,0.636604,0.614351,0.627042,409.958,395.0591,405.675717,557.905871,567.674094,562.751406
46,32500,,0.636604,,0.636604,0.614517,0.628051,410.4899,396.6679,406.062361,557.905871,567.498111,562.224197
47,32500,,0.637581,,0.637581,0.617673,0.629644,411.6174,396.6679,406.813752,557.838747,567.018996,561.484457
48,32500,,0.643946,,0.643946,0.619361,0.630737,416.0016,396.5321,407.288396,556.485691,564.410429,560.950549
49,32500,,0.643946,,0.643946,0.619483,0.631764,416.0016,397.3158,407.565793,556.485691,564.410429,560.33514
50,32500,,0.643946,,0.643946,0.62102,0.633128,416.0016,397.3158,408.349625,556.485691,564.035144,559.796172
51,32500,,0.645155,,0.645155,0.622725,0.634549,417.0389,398.3795,409.345883,556.237956,563.718519,559.355541
52,32500,,0.645155,,0.645155,0.624121,0.635834,417.0389,399.7499,410.060066,556.107729,561.811834,558.832246
53,32500,,0.645155,,0.645155,0.631244,0.637284,417.0389,406.5379,410.854211,556.058751,561.077098,558.232842
54,32500,,0.645473,,0.645473,0.631708,0.63848,417.0389,406.8891,411.50777,555.757915,561.077098,557.738047
55,32500,,0.64589,,0.64589,0.631708,0.639568,417.3901,408.3604,412.191583,555.009568,561.077098,557.348179
56,32500,,0.650211,,0.650211,0.632942,0.640817,418.078,409.2987,412.883173,552.990524,560.879153,556.836998
57,32500,,0.650211,,0.650211,0.633862,0.642069,418.078,409.4628,413.561222,552.873347,560.078557,556.314781
58,32500,,0.650211,,0.650211,0.636723,0.642969,419.1561,409.4628,414.037165,552.200579,558.234558,555.931903
59,32500,,0.650304,,0.650304,0.636749,0.644027,419.5891,409.4628,414.603071,552.200579,558.234558,555.486086
60,32500,,0.652611,,0.652611,0.637598,0.645059,419.9667,410.3829,415.193045,551.141846,557.831012,555.076312
61,32500,,0.657775,,0.657775,0.637794,0.646002,422.0834,410.3829,415.71402,549.774732,557.690154,554.689538
62,32500,,0.657775,,0.657775,0.638402,0.646991,422.0834,410.7579,416.213047,549.193472,557.296905,554.252819
63,32500,,0.657775,,0.657775,0.641092,0.648251,422.4675,412.0935,416.983812,549.193472,556.238262,553.786264
64,32500,,0.660841,,0.660841,0.641092,0.650181,424.6033,412.0935,417.96681,549.072069,556.093085,552.939996
65,32500,,0.660841,,0.660841,0.6433,0.651628,424.6033,412.2492,418.728149,549.072069,555.928,552.321303
66,32500,,0.660841,,0.660841,0.643345,0.652943,424.6033,412.2492,419.416682,549.072069,555.637136,551.756701
67,32500,,0.660841,,0.660841,0.643441,0.653857,424.6033,412.5657,419.91823,549.072069,554.840618,551.380148
68,32500,,0.662748,,0.662748,0.643441,0.655104,424.8671,412.5657,420.610378,546.664276,554.840618,550.871053
69,32500,,0.664526,,0.664526,0.646727,0.656188,425.7459,414.2069,421.153056,546.664276,554.592528,550.389591
70,32500,,0.666615,,0.666615,0.646727,0.657395,427.7288,414.2069,421.891785,546.662467,553.464497,549.942623
71,32500,,0.666615,,0.666615,0.646727,0.658166,427.7288,414.2069,422.243249,546.65682,553.114048,549.57731
72,32500,,0.666693,,0.666693,0.652916,0.659276,427.7288,417.1847,422.80542,545.379709,552.094194,549.087594
73,32500,,0.666693,,0.666693,0.654157,0.660598,427.7288,419.3064,423.461499,545.211484,552.094194,548.496711
74,32500,,0.668389,,0.668389,0.655695,0.661701,428.6026,420.9699,424.165186,544.956091,551.598037,548.107931
75,32500,,0.672136,,0.672136,0.657369,0.662853,428.6026,421.1022,424.75014,542.670099,551.252626,547.601166
76,32500,,0.672136,,0.672136,0.657957,0.663911,429.6303,421.2172,425.298493,542.670099,550.099982,547.143279
77,32500,,0.672136,,0.672136,0.658261,0.665145,429.6303,421.7465,426.004853,542.670099,549.612213,546.654206
78,32500,,0.673612,,0.673612,0.658401,0.666546,431.4565,421.8532,426.788656,542.32873,549.308252,546.086578
79,32500,,0.674647,,0.674647,0.659539,0.667946,431.7993,422.7404,427.580481,542.32873,549.308252,545.525054
80,32500,,0.676316,,0.676316,0.659539,0.668757,431.6866,422.7404,427.900685,541.725991,549.308252,545.107246
81,32500,,0.6787,,0.6787,0.660776,0.669966,434.0381,423.3883,428.660944,541.464232,549.399831,544.673221
82,32500,,0.6787,,0.6787,0.662849,0.671496,434.0381,423.3883,429.477041,541.118837,548.619098,544.026996
83,32500,,0.679918,,0.679918,0.665791,0.672505,434.0381,424.5104,429.928419,539.181303,545.863647,543.542777
84,32500,,0.681576,,0.681576,0.665791,0.673653,434.5944,424.5104,430.455192,539.181303,545.669996,543.000171
85,32500,,0.681576,,0.681576,0.651782,0.673856,435.0188,412.8605,430.374343,539.593621,552.648088,542.787784
86,32500,,0.681576,,0.681576,0.658329,0.675514,435.0188,425.0991,431.481908,539.593621,552.648088,542.23671
87,32500,,0.685577,,0.685577,0.661414,0.676949,436.3464,424.5077,432.135512,537.646845,548.560917,541.554813
88,32500,,0.686528,,0.686528,0.668011,0.678017,436.8744,425.0991,432.713101,536.802933,543.811449,541.108808
89,32500,,0.686528,,0.686528,0.670745,0.679097,436.8744,427.5459,433.300506,536.802933,543.318991,540.660082
90,32500,,0.688407,,0.688407,0.673855,0.680118,437.6977,429.3293,433.775071,536.344952,542.917341,540.181922
91,32500,,0.688407,,0.688407,0.673855,0.680697,437.6977,429.3293,433.965471,536.344952,542.530403,539.858024
92,32500,,0.688407,,0.688407,0.675293,0.681613,437.6977,430.366,434.377797,536.344952,542.530403,539.4198
93,32500,,0.688407,,0.688407,0.675908,0.682381,437.6977,430.2197,434.784746,536.344952,542.530403,539.093384
94,32500,,0.689737,,0.689737,0.677762,0.683407,438.7391,430.8686,435.368204,536.005385,542.530403,538.684466
95,32500,,0.689737,,0.689737,0.679056,0.684112,438.7391,431.3563,435.824718,536.005385,540.991274,538.440491
96,32500,,0.689737,,0.689737,0.679056,0.684757,439.7201,432.639,436.198606,536.005385,540.819857,538.187635
97,32500,,0.692529,,0.692529,0.680727,0.685376,440.642,432.639,436.507514,534.684463,540.230061,537.911868
98,32500,,0.692529,,0.692529,0.680727,0.686214,440.642,432.639,437.103987,534.684463,540.230061,537.657563
99,32500,,0.692529,,0.692529,0.680727,0.687081,440.642,434.4619,437.657007,534.684463,540.230061,537.352326
100,32500,,0.692529,,0.692529,0.682554,0.687746,440.8197,435.0132,437.951897,534.684463,539.997862,537.031219
101,32500,,0.692701,,0.692701,0.682554,0.688358,440.8197,435.0132,438.251443,534.684463,539.997862,536.754395
102,32500,,0.693769,,0.693769,0.682864,0.68896,441.6105,435.9976,438.564801,534.684463,539.997862,536.495106
103,32500,,0.693769,,0.693769,0.684334,0.68963,442.5642,435.9976,438.845508,534.684463,539.579418,536.160047
104,32500,,0.693769,,0.693769,0.686081,0.690038,442.7414,435.9976,439.098583,534.684463,539.104766,536.011504
105,32500,,0.693843,,0.693843,0.687339,0.690482,442.5642,436.4274,439.384942,534.684463,537.750786,535.857316
106,32500,,0.693843,,0.693843,0.687389,0.690818,442.5642,436.4274,439.697814,534.684463,538.40093,535.804558
107,32500,,0.694096,,0.694096,0.687889,0.691108,442.5642,437.6208,439.907754,534.296678,537.671144,535.719287
108,32500,,0.694096,,0.694096,0.687889,0.691509,443.2648,437.6208,440.227366,533.985674,537.82325,535.620448
109,32500,,0.69602,,0.69602,0.687889,0.691896,443.2648,438.0863,440.489539,533.904881,537.671144,535.494822
110,32500,,0.69602,,0.69602,0.688491,0.692268,443.7208,438.0863,440.781884,533.512007,537.671144,535.400252
111,32500,,0.696463,,0.696463,0.688491,0.692683,443.7208,438.0863,441.091683,532.868983,538.167774,535.28424
112,32500,,0.696463,,0.696463,0.688491,0.692958,443.9558,438.0863,441.235492,532.868983,538.167774,535.166026
113,32500,,0.696463,,0.696463,0.688725,0.693457,444.6528,438.2927,441.415879,532.868983,537.578872,534.897743
114,32500,,0.697673,,0.697673,0.688725,0.693914,444.6528,438.2927,441.658125,532.868983,537.254228,534.703727
115,32500,,0.697673,,0.697673,0.688725,0.694286,444.9415,438.2927,441.915737,532.868983,536.851096,534.585781
116,32500,,0.697673,,0.697673,0.688725,0.694604,444.9415,438.2927,442.122552,532.868983,536.590534,534.476203
117,32500,,0.702184,,0.702184,0.689279,0.69516,445.8022,438.2927,442.418152,531.029531,536.590534,534.240804
118,32500,,0.702184,,0.702184,0.689279,0.69571,445.8022,438.2927,442.663935,531.029531,536.063933,533.976832
119,32500,,0.702184,,0.702184,0.692202,0.696069,445.8022,440.2187,442.866725,531.029531,535.672169,533.832772
120,32500,,0.702184,,0.702184,0.693059,0.69652,445.8022,440.3549,443.191038,531.029531,535.672169,533.697779
121,32500,,0.702184,,0.702184,0.693098,0.696931,445.8022,441.3165,443.393105,531.029531,535.672169,533.512539
122,32500,,0.702184,,0.702184,0.694238,0.697301,446.0819,441.8866,443.542333,531.029531,535.568874,533.324054
123,32500,,0.702184,,0.702184,0.695775,0.697616,446.0819,441.8866,443.670474,531.029531,534.959914,533.164512
124,32500,,0.702184,,0.702184,0.695775,0.698014,445.8022,441.8866,443.893947,531.029531,534.288637,533.003971
125,32500,,0.702184,,0.702184,0.69602,0.6984,446.4996,441.8866,444.168797,531.029531,534.288637,532.886522
126,32500,,0.702184,,0.702184,0.69602,0.698745,446.5186,441.8873,444.343986,531.029531,534.088603,532.735164
127,32500,,0.702572,,0.702572,0.69602,0.699295,446.5186,443.0077,444.658905,530.886609,534.088603,532.517122
128,32500,,0.703023,,0.703023,0.69602,0.699768,446.5186,443.0077,444.872231,530.62656,534.088603,532.290944
129,32500,,0.703025,,0.703025,0.69602,0.700217,447.6146,443.0077,445.134434,530.62656,533.965017,532.116556
130,32500,,0.703025,,0.703025,0.696886,0.700573,447.6146,443.0077,445.286114,530.62656,533.290012,531.940846
131,32500,,0.703025,,0.703025,0.696886,0.700988,447.6146,443.0077,445.538595,530.62656,533.290012,531.786477
132,32500,,0.703855,,0.703855,0.698359,0.701281,447.6146,443.7252,445.683308,530.565072,532.934165,531.654613
133,32500,,0.705319,,0.705319,0.698359,0.701629,448.0155,443.7252,445.775187,530.067734,532.934165,531.444357
134,32500,,0.705319,,0.705319,0.698359,0.701949,448.0155,444.1205,445.952308,530.067734,532.934165,531.313904
135,32500,,0.706037,,0.706037,0.698557,0.702296,448.5682,444.1205,446.137256,529.878437,532.836773,531.167236
136,32500,,0.706037,,0.706037,0.698899,0.702779,448.5682,444.6334,446.412808,529.878437,532.836773,530.975022
137,32500,,0.706037,,0.706037,0.699057,0.703146,448.5682,444.6334,446.636618,529.878437,532.685697,530.838599
138,32500,,0.706037,,0.706037,0.699057,0.703567,448.5682,444.6334,446.868199,529.878437,532.685697,530.665636
139,32500,,0.706037,,0.706037,0.699596,0.703871,448.6138,444.6879,447.102684,529.878437,532.588305,530.585891
140,32500,,0.708349,,0.708349,0.702159,0.704267,451.0801,445.8022,447.401658,529.749293,531.382117,530.476827
141,32500,,0.708349,,0.708349,0.702795,0.704657,451.0801,445.9189,447.680319,529.454378,531.408177,530.359122
142,32500,,0.708714,,0.708714,0.702795,0.705148,451.1151,446.0783,448.013839,529.454378,531.382117,530.19991
143,32500,,0.708714,,0.708714,0.702884,0.705538,451.1151,446.0783,448.240132,529.469099,531.162503,530.047583
144,32500,,0.708714,,0.708714,0.702884,0.70595,451.1151,446.0783,448.571451,529.469099,531.162503,529.947886
145,32500,,0.710004,,0.710004,0.702884,0.706342,452.5366,446.0783,448.901759,529.442821,530.66885,529.86342
146,32500,,0.710004,,0.710004,0.702884,0.706645,452.5366,446.0783,449.154642,528.996346,530.66885,529.796568
147,32500,,0.710004,,0.710004,0.702884,0.707028,452.5366,446.0783,449.498219,528.996346,530.66885,529.728131
148,32500,,0.710004,,0.710004,0.702884,0.70739,452.5366,446.0783,449.806967,528.996346,530.66885,529.652697
149,32500,,0.711177,,0.711177,0.704958,0.707745,453.4957,446.8131,450.109685,528.996346,530.325484,529.578934
150,32500,,0.711177,,0.711177,0.704958,0.70807,453.4957,446.8131,450.405829,528.830052,530.495693,529.523838
151,32500,,0.711965,,0.711965,0.705215,0.708373,453.7061,446.8131,450.685192,528.697352,530.304576,529.474809
152,32500,,0.711965,,0.711965,0.705435,0.708728,453.7061,448.172,450.961775,528.697352,530.082071,529.383367
153,32500,,0.711965,,0.711965,0.706276,0.709138,453.8585,448.8164,451.323071,528.26429,530.061163,529.305327
154,32500,,0.713751,,0.713751,0.706424,0.709535,455.7398,448.8443,451.663604,528.26429,530.037744,529.223806
155,32500,,0.713751,,0.713751,0.706424,0.709976,455.7398,448.8443,452.073744,528.336775,529.783982,529.155098
156,32500,,0.713751,,0.713751,0.707744,0.710213,455.7398,450.1009,452.281382,528.336775,529.694771,529.108853
157,32500,,0.713751,,0.713751,0.708424,0.710482,455.7398,450.6536,452.493312,528.328811,529.694771,529.040981
158,32500,,0.714212,,0.714212,0.708424,0.710795,455.7398,450.4673,452.742773,528.278804,529.727456,528.964266
159,32500,,0.714469,,0.714469,0.708424,0.71111,456.2925,450.4673,453.010099,528.278804,529.727456,528.89767
160,32500,,0.714469,,0.714469,0.708424,0.711403,456.2925,450.4673,453.247281,527.912716,529.727456,528.827797
161,32500,,0.715803,,0.715803,0.708424,0.711854,456.5037,450.6536,453.593727,527.578126,529.413517,528.708271
162,32500,,0.715803,,0.715803,0.709613,0.712342,456.5323,451.4143,453.98568,527.578126,529.571131,528.590261
163,32500,,0.715803,,0.715803,0.710365,0.712693,456.6811,451.531,454.29503,527.578126,529.571131,528.524307
164,32500,,0.715803,,0.715803,0.710961,0.713078,456.6819,452.2068,454.652096,527.578126,529.10324,528.462673
165,32500,,0.715933,,0.715933,0.710961,0.713593,456.8891,452.2068,455.130709,527.479958,529.577674,528.381866
166,32500,,0.716202,,0.716202,0.710961,0.713967,456.8891,452.3235,455.404491,527.428944,529.020938,528.27338
167,32500,,0.716521,,0.716521,0.711248,0.714322,457.407,452.3717,455.665523,527.388828,529.020938,528.171679
168,32500,,0.71713,,0.71713,0.711248,0.714651,457.5535,452.3717,455.888944,527.174018,529.020938,528.064727
169,32500,,0.71746,,0.71746,0.711867,0.71504,457.6816,452.7595,456.140391,527.07511,528.737632,527.92987
170,32500,,0.725593,,0.725455,0.70809,0.715716,468.0583,452.7121,456.810338,523.693593,531.053265,527.851784
171,32500,,0.727867,,0.727867,0.711867,0.71637,469.3202,452.7595,457.425928,523.693593,530.7277,527.75429
172,32500,,0.728526,,0.728526,0.711867,0.717159,469.3202,452.7595,458.157233,523.693593,531.40285,527.628556
173,32500,,0.728789,,0.728789,0.7125,0.717845,469.3202,452.8762,459.037799,524.426054,531.40285,527.68341
174,32500,,0.728789,,0.728789,0.7125,0.718739,469.3202,452.8762,459.888216,524.426054,531.479032,527.556018
175,32500,,0.728789,,0.728789,0.714225,0.719539,469.3202,455.2177,460.606089,524.426054,531.479032,527.413402
176,32500,,0.729702,,0.729702,0.714553,0.720411,469.3202,455.5516,461.340652,524.426054,531.479032,527.22496
177,32500,,0.729702,,0.729702,0.714553,0.721263,469.8816,455.5516,461.979499,524.03344,529.866286,526.988907
178,32500,,0.730663,,0.730663,0.714553,0.722165,469.8816,455.5516,462.824678,524.03344,529.866286,526.851682
179,32500,,0.730663,,0.730663,0.715122,0.723108,469.8816,456.6438,463.630895,524.03344,529.421442,526.655926
180,32500,,0.730663,,0.730663,0.715717,0.723852,469.8816,456.6796,464.477036,524.03344,529.866286,526.642727
181,32500,,0.730663,,0.730663,0.71746,0.724243,469.8816,457.6816,464.879001,524.03344,530.740734,526.607238
182,32500,,0.730663,,0.730663,0.71746,0.724807,469.8816,457.6816,465.313629,524.03344,529.103203,526.458954
183,32500,,0.730663,,0.730663,0.717525,0.725523,469.9656,457.6816,465.888856,524.605996,528.536315,526.285314
184,32500,,0.733445,,0.733445,0.717525,0.726075,471.0479,457.6816,466.262673,523.50649,528.428343,526.105319
185,32500,,0.733445,,0.733445,0.717525,0.727027,471.0479,457.6956,467.24829,523.50649,529.021503,526.023211
186,32500,,0.734078,,0.734078,0.717555,0.72763,473.8138,457.6956,467.796445,523.50649,529.021503,525.920086
187,32500,,0.735197,,0.735197,0.717555,0.728086,474.9283,457.6956,468.167133,523.296025,528.998066,525.813226
188,32500,,0.735508,,0.735508,0.717555,0.728694,475.2171,457.6956,468.505576,523.296025,528.998066,525.565518
189,32500,,0.735508,,0.735508,0.717555,0.729171,475.2171,457.6956,468.901736,523.191806,528.998066,525.459277
190,32500,,0.735508,,0.735508,0.717555,0.729982,475.2171,457.6956,469.519476,523.191806,528.998066,525.2402
191,32500,,0.737521,,0.737521,0.723486,0.730905,475.7365,463.8493,470.216357,523.191806,527.089935,524.987436
192,32500,,0.737522,,0.737522,0.723658,0.731447,476.9448,463.8493,470.679873,523.157796,526.549711,524.875306
193,32500,,0.737522,,0.737522,0.723658,0.732004,476.9448,463.8493,471.204712,522.991537,526.549711,524.792349
194,32500,,0.737522,,0.737522,0.727527,0.732656,476.9448,466.6682,471.627269,522.991537,526.523597,524.567569
195,32500,,0.739247,,0.739247,0.727527,0.733255,477.6583,466.6682,472.147016,522.991154,526.523597,524.448569
196,32500,,0.740429,,0.740429,0.728226,0.733782,478.9962,467.8476,472.604136,522.991154,526.999386,524.343365
197,32500,,0.742479,,0.742479,0.72895,0.734627,479.9542,467.8476,473.509827,522.485152,526.999386,524.291559
198,32500,,0.742479,,0.742479,0.72895,0.7353,479.9542,467.8476,474.114236,522.485152,526.678483,524.171134
199,32500,,0.742479,,0.742479,0.729076,0.736128,479.9542,467.8476,474.780347,522.485152,526.678483,523.972032
200,32500,,0.742479,,0.742479,0.730705,0.736775,479.9542,468.7076,475.403052,522.485152,526.678483,523.884451
201,32500,,0.742479,,0.742479,0.732283,0.737383,479.9542,470.4011,475.864384,522.485152,525.0103,523.719269
202,32500,,0.742479,,0.742479,0.732409,0.737889,480.3649,470.4011,476.324849,522.485152,525.0103,523.633178
203,32500,,0.742479,,0.742479,0.733445,0.738402,480.3649,470.9625,476.788152,522.485152,525.0103,523.543877
204,32500,,0.744698,,0.744698,0.733445,0.739132,481.6301,470.9625,477.392811,521.877277,525.0103,523.379217
205,32500,,0.744698,,0.744698,0.733445,0.739583,482.0476,470.9625,477.752374,521.877277,524.772996,523.268376
206,32500,,0.744698,,0.744698,0.734532,0.740335,482.0476,472.9469,478.377403,521.877277,524.772996,523.10109
207,32500,,0.744698,,0.744698,0.734532,0.740927,482.0476,472.9469,478.841671,521.877277,524.39245,522.950424
208,32500,,0.74557,,0.74557,0.736381,0.741494,482.609,474.771,479.298608,521.504589,523.945588,522.813999
209,32500,,0.74557,,0.74557,0.737388,0.742061,482.609,474.7836,479.827333,521.504589,524.465467,522.725983
210,32500,,0.74557,,0.74557,0.737911,0.742559,482.609,475.8855,480.243427,521.504589,524.465467,522.616239
211,32500,,0.745718,,0.745718,0.739421,0.743193,483.1621,476.8487,480.741371,521.504589,524.465467,522.455857
212,32500,,0.746068,,0.746068,0.73997,0.743624,483.1621,477.5089,481.069575,521.504589,522.977235,522.339227
213,32500,,0.746068,,0.746068,0.741637,0.743956,483.1621,478.7602,481.359713,521.504589,522.864977,522.275093
214,32500,,0.746767,,0.746767,0.741637,0.744259,483.7235,478.7602,481.654694,521.504589,523.329116,522.236185
215,32500,,0.747968,,0.747968,0.742297,0.744679,484.3657,478.7602,482.06492,521.159917,523.329116,522.183794
216,32500,,0.747968,,0.747968,0.742297,0.744972,484.3657,479.9474,482.301083,521.159917,522.853936,522.113493
217,32500,,0.747968,,0.747968,0.742297,0.745188,484.3657,479.9474,482.457469,521.159917,522.853936,522.049779
218,32500,,0.747968,,0.747968,0.742297,0.745504,484.3657,479.9474,482.720897,521.159917,522.853936,521.979581
219,32500,,0.747968,,0.747968,0.742297,0.745771,484.3657,479.9474,482.93323,521.159917,522.853936,521.913576
220,32500,,0.747968,,0.747968,0.742297,0.746014,484.3657,479.9474,483.09194,521.159917,522.62295,521.830463
221,32500,,0.748404,,0.748404,0.742297,0.746223,484.753,479.9474,483.241238,521.079435,522.663415,521.767415
222,32500,,0.748404,,0.748404,0.743711,0.746399,484.753,481.6545,483.357867,521.079435,522.663415,521.708436
223,32500,,0.748404,,0.748404,0.744164,0.746573,484.753,482.0145,483.499353,521.079435,522.568862,521.667306
224,32500,,0.748404,,0.748404,0.744352,0.74679,484.753,482.0408,483.646961,521.079435,522.422298,521.597292
225,32500,,0.748404,,0.748404,0.744352,0.746953,484.753,482.0408,483.750309,521.079435,522.422298,521.539494
226,32500,,0.74863,,0.74863,0.744352,0.747124,484.753,482.0408,483.871367,520.839931,522.422298,521.486657
227,32500,,0.74863,,0.74863,0.746068,0.747279,484.753,482.9564,483.947767,520.839931,521.697842,521.416924
228,32500,,0.74863,,0.74863,0.746068,0.747375,484.753,482.9564,484.010955,520.813992,521.697842,521.384571
229,32500,,0.748903,,0.748903,0.746479,0.747495,485.2796,483.0839,484.082103,520.813992,521.676625,521.338713
230,32500,,0.748903,,0.748903,0.746505,0.747591,485.2796,483.0839,484.135285,520.813992,521.676625,521.299878
231,32500,,0.748903,,0.748903,0.746505,0.747696,485.2796,483.0839,484.198533,520.813992,521.676625,521.260165
232,32500,,0.748903,,0.748903,0.746505,0.747833,485.2796,483.0839,484.29076,520.756946,521.676625,521.215002
233,32500,,0.748903,,0.748903,0.746754,0.747956,485.2796,483.6784,484.388015,520.756946,521.676625,521.184268
234,32500,,0.748903,,0.748903,0.747133,0.748088,485.2796,483.6784,484.468945,520.756946,521.62385,521.135206
235,32500,,0.748903,,0.748903,0.747133,0.748194,485.2796,483.6784,484.539499,520.756946,521.62385,521.100486
236,32500,,0.749844,,0.749844,0.747133,0.748316,485.3007,483.6784,484.614151,520.323223,521.62385,521.054621
237,32500,,0.749844,,0.749844,0.747167,0.748457,485.3007,483.6784,484.685501,520.323223,521.543367,520.992414
238,32500,,0.749844,,0.749844,0.747167,0.748604,485.6445,483.6784,484.782651,520.323223,521.354137,520.942966
239,32500,,0.749844,,0.749844,0.747455,0.748724,485.6445,483.6784,484.870946,520.323223,521.301361,520.908698
240,32500,,0.749874,,0.749874,0.747547,0.748834,485.6445,484.0411,484.938603,520.299786,521.301361,520.868034
241,32500,,0.749874,,0.749874,0.747834,0.748975,485.6445,484.0411,485.021136,520.299786,521.107142,520.813631
242,32500,,0.75028,,0.75028,0.748347,0.749114,485.688,484.5526,485.123419,520.24274,521.107142,520.774048
243,32500,,0.750779,,0.750779,0.748347,0.749222,486.2146,484.5526,485.198177,520.15789,521.107142,520.739568
244,32500,,0.750779,,0.750779,0.748347,0.749288,486.2146,484.6585,485.244219,520.15789,521.107142,520.718727
245,32500,,0.750779,,0.750779,0.748783,0.749409,486.2146,484.7284,485.325374,520.15789,521.04303,520.679196
246,32500,,0.751495,,0.751495,0.748783,0.749521,486.9823,484.753,485.402412,520.15789,521.04303,520.64344
247,32500,,0.751495,,0.751495,0.748783,0.749684,486.9823,484.753,485.523745,520.162297,521.04303,520.5971
248,32500,,0.751636,,0.751636,0.748783,0.749826,486.9823,484.753,485.642768,519.782631,521.026659,520.566606
249,32500,,0.751901,,0.751901,0.748783,0.749936,487.3696,484.753,485.711487,519.782631,521.026659,520.526311
250,32500,,0.751901,,0.751901,0.748783,0.750048,487.3696,484.753,485.787538,519.782631,521.026659,520.490315
251,32500,,0.751931,,0.751931,0.748783,0.750221,487.3696,485.1157,485.925485,519.782631,521.026659,520.447729
252,32500,,0.751931,,0.751931,0.748783,0.750332,487.3696,485.1157,486.017767,519.782631,521.026659,520.423391
253,32500,,0.751931,,0.751931,0.748783,0.750445,487.3696,485.1157,486.087779,519.782631,521.026659,520.381448
254,32500,,0.752135,,0.752135,0.749316,0.750588,487.3696,485.2796,486.190461,519.746226,520.772808,520.338788
255,32500,,0.761743,,0.761743,0.745966,0.751076,495.1998,478.3433,486.310542,514.540724,520.772808,520.038836
256,32500,,0.76243,,0.76243,0.749696,0.751636,495.1998,484.3272,486.704511,513.865064,520.667766,519.866325
257,32500,,0.765032,,0.765032,0.749696,0.752081,496.7428,484.3272,487.097284,513.865064,522.007126,519.782001
258,32500,,0.765032,,0.765032,0.749696,0.752955,496.7428,484.3272,487.641978,513.865064,520.826523,519.46534
259,32500,,0.765032,,0.765032,0.749696,0.753988,496.7428,484.3272,488.402908,513.865064,520.885388,519.169704
260,32500,,0.765032,,0.765032,0.74971,0.755046,496.7428,485.5518,489.135215,513.828659,521.254786,518.834952
261,32500,,0.765032,,0.765032,0.74971,0.755876,496.7428,485.5518,489.516895,513.828659,521.319756,518.443833
262,32500,,0.765135,,0.765135,0.750259,0.756524,496.7428,485.8728,489.884305,513.635662,521.319756,518.184355
263,32500,,0.765135,,0.765135,0.751049,0.757602,496.7428,485.8728,490.503197,513.635662,521.826683,517.758325
264,32500,,0.76551,,0.76551,0.751049,0.758622,496.7428,485.8728,491.035692,513.524113,521.570157,517.319099
265,32500,,0.767342,,0.767342,0.751049,0.759453,496.7428,485.8728,491.494557,513.291653,521.570157,516.978735
266,32500,,0.767755,,0.767755,0.751158,0.760507,497.8978,486.5773,492.153194,512.969164,521.570157,516.597955
267,32500,,0.767755,,0.767755,0.751158,0.761286,498.0335,486.5773,492.724692,512.969164,521.570157,516.373048
268,32500,,0.767755,,0.767755,0.75403,0.762048,498.0335,487.8682,493.090693,512.742953,521.570157,516.02386
269,32500,,0.767755,,0.767755,0.754188,0.762742,498.0335,488.8641,493.62065,512.742953,521.570157,515.838186
270,32500,,0.770095,,0.770095,0.757181,0.76342,499.1885,488.8641,494.041548,512.742953,519.210329,515.591364
271,32500,,0.770095,,0.770095,0.758513,0.764074,499.1885,488.8641,494.43973,512.742953,519.210329,515.347606
272,32500,,0.770095,,0.770095,0.758513,0.764702,499.1885,488.8641,494.891231,512.969164,519.210329,515.160404
273,32500,,0.770095,,0.770095,0.759158,0.765178,499.1885,488.8641,495.108918,512.604573,519.210329,514.935389
274,32500,,0.771217,,0.771217,0.759813,0.765809,500.2451,489.5804,495.448681,512.604573,519.210329,514.67065
275,32500,,0.771217,,0.771217,0.760632,0.766346,500.2451,489.5804,495.642941,512.604573,519.109245,514.381994
276,32500,,0.771217,,0.771217,0.760806,0.766865,500.2451,490.171,495.959208,512.604573,519.109245,514.18915
277,32500,,0.771217,,0.771217,0.762761,0.767366,500.2451,491.3214,496.368093,512.604573,518.816027,514.072425
278,32500,,0.771217,,0.771217,0.76378,0.76783,500.2451,491.3214,496.733581,512.604573,518.249354,513.955327
279,32500,,0.771217,,0.771217,0.763951,0.768224,500.2451,493.7869,497.012059,512.263622,517.693175,513.834607
280,32500,,0.772068,,0.772068,0.763951,0.768624,500.7267,494.0197,497.293751,512.263622,517.693175,513.711361
281,32500,,0.772068,,0.772068,0.764996,0.769057,500.7267,494.0197,497.687086,512.263622,517.023293,513.636973
282,32500,,0.772068,,0.772068,0.764996,0.769432,500.7267,494.5013,498.106792,512.536126,517.023293,513.626258
283,32500,,0.772068,,0.772068,0.764996,0.769723,500.7267,494.5013,498.364958,512.536126,517.023293,513.571793
284,32500,,0.772068,,0.772068,0.764996,0.769975,500.7267,495.1519,498.52786,512.536126,515.106154,513.484297
285,32500,,0.772068,,0.772068,0.767755,0.770231,500.7267,495.1747,498.745089,512.47216,514.105162,513.430367
286,32500,,0.772068,,0.772068,0.767755,0.770376,500.7267,495.1747,498.870224,512.444212,514.105162,513.401056
287,32500,,0.772068,,0.772068,0.767755,0.770642,500.7267,495.1747,499.187627,512.444212,514.105162,513.406476
288,32500,,0.772068,,0.772068,0.767755,0.770898,500.7267,495.1747,499.510872,512.276608,514.105162,513.423562
289,32500,,0.772068,,0.772068,0.768627,0.771095,500.7267,496.0522,499.763541,512.276608,514.105162,513.439321
290,32500,,0.772068,,0.772068,0.769198,0.77132,500.7267,496.7816,499.944388,512.276608,514.094951,513.384561
291,32500,,0.772068,,0.772068,0.769198,0.771428,500.7267,496.7816,500.005801,512.276608,514.094951,513.341315
292,32500,,0.772068,,0.772068,0.769198,0.771554,500.7267,497.6591,500.084777,512.276608,514.094951,513.296297
293,32500,,0.773152,,0.773152,0.769826,0.77171,501.852,497.6591,500.283477,512.184695,513.666632,513.307513
294,32500,,0.773152,,0.773152,0.770541,0.771817,501.852,497.6591,500.372219,512.184695,513.666632,513.283912
295,32500,,0.773152,,0.773152,0.770562,0.771871,501.852,497.6591,500.426078,512.184695,513.666632,513.277778
296,32500,,0.773152,,0.773152,0.770562,0.771916,501.852,497.6591,500.468824,512.184695,513.666632,513.270871
297,32500,,0.773152,,0.773152,0.770562,0.771999,501.852,497.6591,500.550214,512.184695,513.666632,513.261332
298,32500,,0.773152,,0.773152,0.770562,0.772042,501.852,497.6591,500.582541,512.184695,513.666632,513.249066
299,32500,,0.773566,,0.773566,0.771217,0.772092,501.852,498.382,500.61915,512.184695,513.666632,513.234996
300,32500,,0.773566,,0.773566,0.771217,0.772167,501.852,498.382,500.675852,511.843743,513.666632,513.21413
301,32500,,0.773566,,0.773566,0.771217,0.772229,502.0389,498.2451,500.741281,511.843743,513.666632,513.209276
302,32500,,0.773566,,0.773566,0.771217,0.772293,502.0389,498.382,500.7632,511.843743,513.666632,513.174573
303,32500,,0.773566,,0.773566,0.771217,0.772394,502.0389,498.382,500.833382,511.843743,513.666632,513.142365
304,32500,,0.773566,,0.773566,0.771398,0.772454,502.0389,498.382,500.842215,511.843743,513.886689,513.101871
305,32500,,0.773566,,0.773566,0.771398,0.772532,502.0389,498.382,500.923748,511.843743,513.886689,513.095569
306,32500,,0.773693,,0.773693,0.772068,0.772638,502.5129,498.8636,501.054437,511.843743,513.886689,513.100388
307,32500,,0.773693,,0.773693,0.772068,0.772715,502.5129,498.8636,501.115352,511.843743,513.886689,513.0814
308,32500,,0.774496,,0.774496,0.772068,0.772804,502.5129,498.8636,501.197763,511.843743,513.886689,513.067151
309,32500,,0.774496,,0.774496,0.772068,0.772896,502.5129,498.8636,501.289286,511.843743,513.886689,513.056885
310,32500,,0.774496,,0.774496,0.772068,0.772997,502.5129,498.8636,501.367793,511.843743,513.886689,513.030124
311,32500,,0.774496,,0.774496,0.772068,0.773077,502.5129,498.8636,501.428198,511.843743,513.886689,513.008185
312,32500,,0.774496,,0.774496,0.772068,0.773212,502.5129,498.8636,501.534267,511.843743,513.886689,512.974522
313,32500,,0.774496,,0.774496,0.772068,0.773338,502.5129,498.8636,501.668636,511.843743,513.886689,512.965677
314,32500,,0.774697,,0.774697,0.772068,0.773456,502.5129,499.9889,501.79397,511.843743,513.886689,512.958353
315,32500,,0.774697,,0.774697,0.772068,0.773537,502.5129,500.7267,501.899663,512.362248,513.886689,512.965853
316,32500,,0.775929,,0.775929,0.772068,0.773689,503.6058,500.7267,502.0032,512.242941,513.886689,512.916261
317,32500,,0.775929,,0.775929,0.772068,0.773851,503.6058,500.7267,502.060197,512.242941,513.886689,512.828374
318,32500,,0.77613,,0.77613,0.772303,0.774019,503.7927,500.7267,502.142046,512.21173,513.886689,512.752063
319,32500,,0.77613,,0.77613,0.772303,0.774178,503.7927,500.9804,502.211864,512.21173,513.886689,512.675042
320,32500,,0.77613,,0.77613,0.772303,0.774357,503.7927,500.9804,502.29016,512.21173,513.312418,512.587389
321,32500,,0.776308,,0.776308,0.772303,0.774519,504.0575,500.9804,502.369514,512.21173,513.312418,512.514294
322,32500,,0.776308,,0.776308,0.772303,0.774754,504.0575,500.9804,502.513459,512.21173,513.312418,512.428034
323,32500,,0.776308,,0.776308,0.773411,0.77489,504.0575,501.0367,502.612812,512.21173,512.880068,512.388535
324,32500,,0.776308,,0.776308,0.773411,0.77502,504.0575,501.0367,502.720049,512.21173,512.739128,512.358837
325,32500,,0.776308,,0.776308,0.773411,0.775157,504.0575,501.0367,502.847283,512.21173,512.739128,512.33709
326,32500,,0.776509,,0.776509,0.773411,0.775254,504.2444,501.0367,502.94883,512.171875,512.739128,512.329831
327,32500,,0.776824,,0.776824,0.774318,0.775452,504.6044,502.162,503.147638,512.070791,512.739128,512.307869
328,32500,,0.776824,,0.776824,0.774318,0.775592,504.6044,502.162,503.276342,512.070791,512.739128,512.285464
329,32500,,0.776824,,0.776824,0.774318,0.775727,504.6044,502.162,503.403664,512.05215,512.739128,512.26566
330,32500,,0.776824,,0.776824,0.774318,0.775909,504.6044,502.162,503.577534,512.05215,512.739128,512.239726
331,32500,,0.776882,,0.776882,0.774318,0.776046,504.6044,502.162,503.703268,512.03958,512.739128,512.217436
332,32500,,0.777403,,0.777403,0.774701,0.776204,504.6558,502.162,503.858038,511.796712,512.607861,512.197749
333,32500,,0.777403,,0.777403,0.774839,0.776326,504.6558,502.5232,503.969289,511.796712,512.400703,512.177083
334,32500,,0.777403,,0.777403,0.775186,0.776412,504.7712,502.9025,504.05444,511.796712,512.351269,512.166899
335,32500,,0.777782,,0.777782,0.775186,0.776526,505.1075,502.9025,504.171283,511.796712,512.351269,512.156614
336,32500,,0.777782,,0.777782,0.775186,0.776617,505.1075,502.9025,504.269638,511.796712,512.351269,512.151213
337,32500,,0.778156,,0.778156,0.775186,0.776697,505.2743,502.9025,504.335186,511.624561,512.351269,512.132857
338,32500,,0.778156,,0.778156,0.77613,0.776802,505.2743,503.6782,504.427119,511.624561,512.238169,512.112831
339,32500,,0.778156,,0.778156,0.77613,0.776908,505.2743,503.7927,504.509157,511.624561,512.238169,512.084798
340,32500,,0.781926,,0.781926,0.77613,0.777295,507.2925,502.5739,504.641853,508.474193,512.238169,511.871778
341,32500,,0.781926,,0.781926,0.77613,0.777618,509.5931,502.5739,504.806675,508.474193,512.238169,511.730707
342,32500,,0.782667,,0.782667,0.776334,0.777922,510.1851,502.5739,504.975322,508.474193,512.238169,511.606442
343,32500,,0.782667,,0.782667,0.776334,0.778113,510.1851,502.5739,505.054973,508.474193,512.238169,511.510789
344,32500,,0.782667,,0.782667,0.776334,0.778396,510.1851,502.5739,505.291042,508.474193,512.304736,511.447975
345,32500,,0.782667,,0.782667,0.776334,0.778613,510.1851,502.5739,505.448499,508.474193,512.238169,511.384124
346,32500,,0.782667,,0.782667,0.776334,0.77887,510.1851,502.5739,505.728688,508.474193,512.780247,511.371806
347,32500,,0.782667,,0.782667,0.776334,0.779307,510.1851,502.5739,505.900868,508.474193,512.780247,511.145989
348,32500,,0.78284,,0.78284,0.77697,0.779775,510.1851,503.7048,506.118503,507.926141,512.780247,510.927165
349,32500,,0.78284,,0.78284,0.77697,0.779984,511.339,503.7048,506.340218,507.926141,512.910067,510.912958
350,32500,,0.783217,,0.783217,0.77697,0.780346,510.4809,503.7048,506.57558,507.926141,512.325863,510.787768
351,32500,,0.784698,,0.784698,0.77697,0.78089,510.4809,503.6949,506.944811,507.926141,512.325863,510.611015
352,32500,,0.784698,,0.784698,0.77697,0.781268,510.4809,503.6949,507.091448,507.926141,512.325863,510.414125
353,32500,,0.784698,,0.784698,0.77697,0.781643,510.2497,503.7048,507.40572,507.926141,512.10482,510.332502
354,32500,,0.785147,,0.785147,0.777987,0.782083,511.5123,504.1864,507.770265,507.926141,512.006976,510.233334
355,32500,,0.785614,,0.785614,0.778487,0.782548,511.6164,503.8129,508.18371,507.926141,512.006976,510.147687
356,32500,,0.786929,,0.786929,0.778487,0.78301,511.6164,503.8129,508.595478,507.585613,512.006976,510.063944
357,32500,,0.788184,,0.788184,0.780108,0.783525,511.6164,504.2535,509.122615,505.901129,512.006976,510.015016
358,32500,,0.788184,,0.788184,0.781427,0.784131,511.6164,505.2079,509.518862,505.901129,511.396656,509.807749
359,32500,,0.788311,,0.788311,0.781427,0.784673,511.693,505.2079,509.833285,505.901129,511.396656,509.595631
360,32500,,0.788311,,0.788311,0.78265,0.78501,511.693,506.2256,510.151892,505.901129,511.396656,509.546483
361,32500,,0.789059,,0.789059,0.78265,0.785468,512.9257,506.2256,510.402445,505.901129,510.939996,509.357397
362,32500,,0.789207,,0.789207,0.78265,0.785881,512.97,506.2256,510.623271,505.901129,510.680064,509.183427
363,32500,,0.789602,,0.789602,0.78265,0.786153,512.97,506.2256,510.723709,505.901129,510.680064,509.038187
364,32500,,0.789602,,0.789602,0.78448,0.786513,513.4986,508.4059,510.901792,505.901129,510.680064,508.876619
365,32500,,0.790314,,0.790314,0.784815,0.786818,513.4986,507.8941,510.877432,505.459125,510.680064,508.622207
366,32500,,0.790314,,0.790314,0.784815,0.787033,513.4986,507.4008,510.871011,505.459125,510.680064,508.450873
367,32500,,0.790401,,0.790401,0.784951,0.787299,513.4986,508.4059,510.965497,505.459125,510.585592,508.306534
368,32500,,0.790401,,0.790401,0.784951,0.787623,513.4986,508.4059,510.976635,505.459125,510.585592,508.061241
369,32500,,0.79061,,0.79061,0.785614,0.787871,513.6101,508.4059,511.164787,505.459125,510.585592,507.993734
370,32500,,0.79061,,0.79061,0.785614,0.78821,513.6101,508.4059,511.181138,505.459125,510.042412,507.74023
371,32500,,0.792372,,0.792372,0.785614,0.788502,513.6101,508.4059,511.226454,505.459125,510.029982,507.542862
372,32500,,0.792372,,0.792372,0.785614,0.788716,513.6101,508.4059,511.301731,505.459125,510.029982,507.426246
373,32500,,0.793014,,0.793014,0.785614,0.789145,514.3564,508.4059,511.451174,504.902946,510.029982,507.191992
374,32500,,0.793014,,0.793014,0.786424,0.789509,514.3564,508.2824,511.532952,504.902946,509.943921,506.962782
375,32500,,0.793014,,0.793014,0.786424,0.789664,514.3564,508.2824,511.598745,504.902946,509.943921,506.886285
376,32500,,0.793014,,0.793014,0.786424,0.789885,514.3564,508.2824,511.550053,504.902946,509.943921,506.68105
377,32500,,0.793014,,0.793014,0.786424,0.790138,514.3564,508.7606,511.763951,504.902946,509.943921,506.626762
378,32500,,0.793014,,0.793014,0.786424,0.790411,514.3564,509.2363,511.968018,504.902946,509.943921,506.551118
379,32500,,0.794136,,0.794136,0.786424,0.790705,515.5114,509.2363,512.092242,504.902946,509.621206,506.404715
380,32500,,0.794136,,0.794136,0.786424,0.790937,515.5114,509.2363,512.312755,504.902946,509.621206,506.37143
381,32500,,0.794136,,0.794136,0.787126,0.791163,515.5114,508.2824,512.543967,504.902946,508.404168,506.350357
382,32500,,0.794301,,0.794301,0.787126,0.791412,515.5358,508.2824,512.674226,504.902946,508.404168,506.242936
383,32500,,0.794301,,0.794301,0.788295,0.791748,515.5358,509.6897,512.971898,504.902946,508.011003,506.180625
384,32500,,0.794301,,0.794301,0.789131,0.791944,515.5358,509.6897,513.21361,504.902946,507.750326,506.189414
385,32500,,0.794301,,0.794301,0.790347,0.79218,515.5358,510.2258,513.49899,504.902946,507.67752,506.196856
386,32500,,0.794301,,0.794301,0.790347,0.792405,515.5358,510.2258,513.714849,504.902946,507.67752,506.165894
387,32500,,0.794301,,0.794301,0.790347,0.792569,515.6657,510.2258,513.867175,504.53536,507.67752,506.140322
388,32500,,0.795381,,0.795381,0.790347,0.792707,516.8207,510.2258,513.990371,504.53536,507.67752,506.115348
389,32500,,0.795381,,0.795381,0.790347,0.792951,516.8207,510.2258,514.219782,504.53536,507.252867,506.078369
390,32500,,0.795381,,0.795381,0.790361,0.793181,516.8207,510.8659,514.585191,504.902946,507.252867,506.144256
391,32500,,0.795381,,0.795381,0.790361,0.793368,516.8207,510.8659,514.71003,504.902946,507.252867,506.081974
392,32500,,0.795618,,0.795618,0.79099,0.7936,516.8207,510.8659,514.8646,504.902946,506.983543,506.004558
393,32500,,0.795618,,0.795618,0.791083,0.793769,516.8207,511.8759,515.036266,505.408511,506.983543,505.987493
394,32500,,0.795724,,0.795724,0.791257,0.793969,516.8207,512.516,515.200577,505.388275,506.983543,505.942033
395,32500,,0.795724,,0.795724,0.791257,0.79418,516.8207,512.516,515.35254,504.720652,506.983543,505.879106
396,32500,,0.795724,,0.795724,0.791784,0.794334,516.8207,512.516,515.438074,504.720652,506.702539,505.815967
397,32500,,0.795724,,0.795724,0.792474,0.794468,516.8207,513.6626,515.509563,504.456421,506.393913,505.759197
398,32500,,0.796836,,0.796836,0.792474,0.794691,517.4933,513.6626,515.709604,504.456421,506.393913,505.719467
399,32500,,0.796836,,0.796836,0.793513,0.794907,517.4933,513.6626,515.842937,504.456421,506.020091,505.640417
400,32500,,0.79693,,0.79693,0.793513,0.795047,517.6802,513.6626,515.965439,504.456421,506.020091,505.613026
401,32500,,0.797073,,0.797073,0.794136,0.795226,517.6802,513.6626,516.064439,504.114998,506.020091,505.539723
402,32500,,0.797073,,0.797073,0.794169,0.795407,517.6802,513.6626,516.218345,504.114998,505.993928,505.502437
403,32500,,0.797073,,0.797073,0.794213,0.795636,517.6802,513.6626,516.380835,504.114998,505.925619,505.432413
404,32500,,0.798082,,0.798082,0.794236,0.795864,518.5433,513.8495,516.582231,504.114998,506.117784,505.389418
405,32500,,0.798612,,0.798612,0.794334,0.796035,518.5433,513.8495,516.723504,504.222237,505.925619,505.350645
406,32500,,0.798612,,0.798612,0.794334,0.796327,518.5433,513.8495,516.909293,504.222237,505.925619,505.247798
407,32500,,0.798612,,0.798612,0.794334,0.796537,518.5433,513.8495,517.089613,503.794584,505.881527,505.204241
408,32500,,0.798612,,0.798612,0.795024,0.796807,518.5433,515.3852,517.314012,503.794584,505.628549,505.144158
409,32500,,0.799558,,0.799558,0.79519,0.797046,519.1285,515.3852,517.519962,503.794584,505.628549,505.09565
410,32500,,0.799558,,0.799558,0.795488,0.797321,519.1285,514.5221,517.684314,503.794584,505.628549,504.99169
411,32500,,0.79963,,0.79963,0.795684,0.797505,519.5596,514.5221,517.826653,503.763248,505.628549,504.943043
412,32500,,0.799723,,0.799723,0.795783,0.797731,519.5596,515.3852,517.980935,503.763248,505.628549,504.870059
413,32500,,0.799723,,0.799723,0.795783,0.79796,519.5596,516.2502,518.144169,503.442833,505.628549,504.801564
414,32500,,0.799723,,0.799723,0.795961,0.798191,519.5596,516.2502,518.223123,503.442833,505.473559,504.673584
415,32500,,0.802021,,0.802021,0.79693,0.798428,521.0079,516.2502,518.373614,503.442833,505.293803,504.5901
416,32500,,0.802021,,0.802021,0.79693,0.798638,521.0079,516.2502,518.46989,503.442833,505.293803,504.490955
417,32500,,0.802021,,0.802021,0.797332,0.798851,521.0079,517.1133,518.609224,502.921747,504.996733,504.418119
418,32500,,0.802021,,0.802021,0.797332,0.799168,521.0079,517.1133,518.814957,502.921747,504.996733,504.308646
419,32500,,0.802021,,0.802021,0.797332,0.799509,521.0079,517.7046,519.059523,502.921747,504.996733,504.206118
420,32500,,0.802021,,0.802021,0.797785,0.799782,521.0079,518.1234,519.220861,502.921747,504.924123,504.101644
421,32500,,0.802021,,0.802021,0.798319,0.799996,521.0079,518.251,519.33539,502.921747,504.78872,504.0116
422,32500,,0.802021,,0.802021,0.798319,0.80011,521.0079,518.2611,519.424041,502.921747,504.78872,503.981839
423,32500,,0.802186,,0.802186,0.798324,0.800331,521.0323,518.2611,519.54998,502.921747,504.784564,503.89363
424,32500,,0.802186,,0.802186,0.798851,0.800529,521.0323,518.2611,519.650339,502.921747,504.469515,503.806436
425,32500,,0.802186,,0.802186,0.794067,0.800243,521.0323,515.0887,519.470927,502.921747,506.822321,503.909846
426,32500,,0.802633,,0.802633,0.794067,0.800632,521.8028,515.1995,519.686774,502.921747,505.864888,503.75081
427,32500,,0.802633,,0.802633,0.794067,0.800788,521.8028,515.1995,519.778402,502.512972,505.864888,503.69078
428,32500,,0.802633,,0.802633,0.79887,0.801096,521.8028,518.0322,520.007787,502.512972,504.469515,503.604049
429,32500,,0.802633,,0.802633,0.79887,0.801331,521.8028,518.0322,520.137319,502.206441,504.469515,503.507087
430,32500,,0.802677,,0.802677,0.799158,0.801481,521.8028,516.7969,520.227918,501.94364,504.396905,503.451411
431,32500,,0.802987,,0.802987,0.799323,0.801674,521.8028,518.0322,520.379462,502.206441,504.396905,503.402037
432,32500,,0.803005,,0.803005,0.799323,0.801911,521.8028,518.0322,520.495867,502.206441,504.396905,503.29529
433,32500,,0.803224,,0.803224,0.799323,0.802192,521.8028,518.2611,520.635714,502.09404,504.396905,503.170181
434,32500,,0.803224,,0.803224,0.80047,0.802321,521.8028,518.2611,520.674928,502.09404,504.057014,503.095519
435,32500,,0.803815,,0.803815,0.801207,0.802454,521.8028,518.4714,520.743404,501.833648,503.608006,503.037766
436,32500,,0.803815,,0.803815,0.801207,0.802503,521.8028,518.4714,520.718494,501.833648,503.608006,502.982755
437,32500,,0.803815,,0.803815,0.801207,0.802597,521.4682,518.4714,520.706663,501.826649,503.60786,502.90141
438,32500,,0.804051,,0.804051,0.801207,0.802692,521.4682,518.5616,520.709113,501.648979,503.60786,502.82934
439,32500,,0.804116,,0.804116,0.802186,0.802788,521.7409,518.9787,520.690899,500.781433,503.495459,502.74192
440,32500,,0.804116,,0.804116,0.802186,0.802897,521.7409,518.9787,520.747565,500.781433,503.439927,502.69495
441,32500,,0.804116,,0.804116,0.802186,0.802952,521.7409,518.9787,520.780562,500.781433,503.439927,502.674377
442,32500,,0.805607,,0.805607,0.802186,0.803034,521.7409,519.3114,520.865783,500.242604,503.439927,502.667614
443,32500,,0.805607,,0.805607,0.802186,0.80309,521.887,519.3114,520.910735,500.242604,503.439927,502.653583
444,32500,,0.805607,,0.805607,0.802186,0.803184,521.887,519.3114,520.952868,500.242604,503.439927,502.608651
445,32500,,0.805844,,0.805844,0.802186,0.803298,521.887,519.3114,520.932804,500.057935,503.439927,502.506109
446,32500,,0.805844,,0.805844,0.802186,0.803396,521.887,519.3114,520.932705,500.057935,503.439927,502.429529
447,32500,,0.805844,,0.805844,0.802186,0.803516,521.887,519.3114,520.954306,500.057935,503.439927,502.35039
448,32500,,0.805844,,0.805844,0.802186,0.803643,521.887,519.3114,520.925191,500.057935,503.439927,502.231978
449,32500,,0.805844,,0.805844,0.802641,0.803788,521.887,517.8814,520.88586,499.435547,503.183089,502.092344
450,32500,,0.805844,,0.805844,0.802641,0.803895,521.887,517.8814,520.786965,499.435547,503.183089,501.94283
451,32500,,0.806715,,0.806715,0.802641,0.804064,522.1597,517.8814,520.736675,499.435547,503.183089,501.777247
452,32500,,0.806715,,0.806715,0.802641,0.804231,522.2665,517.8814,520.732725,499.323146,503.183089,501.644744
453,32500,,0.806715,,0.806715,0.803138,0.804329,522.2665,517.8814,520.720704,499.323146,502.958597,501.559735
454,32500,,0.806881,,0.806881,0.803224,0.804449,522.2665,517.8814,520.732107,499.435547,502.958597,501.474314
455,32500,,0.806881,,0.806881,0.803224,0.804616,522.2665,517.8814,520.788676,499.367325,502.958597,501.381836
456,32500,,0.806881,,0.806881,0.803224,0.804781,522.2665,517.8814,520.860525,499.367325,502.922996,501.300884
457,32500,,0.80757,,0.80757,0.803224,0.804938,522.2665,518.2321,520.864297,499.367325,502.922996,501.181046
458,32500,,0.80757,,0.80757,0.80343,0.805087,522.2665,518.2406,520.828994,499.275238,502.833615,501.041229
459,32500,,0.80757,,0.80757,0.80343,0.805259,523.0287,518.2406,520.928369,499.275238,502.833615,500.973753
460,32500,,0.80757,,0.80757,0.803566,0.805413,523.0287,519.1096,520.996799,499.275238,502.833615,500.899587
461,32500,,0.80757,,0.80757,0.803947,0.80556,523.0287,519.489,521.119326,499.611347,502.833615,500.866855
462,32500,,0.80815,,0.80815,0.803947,0.805714,523.0287,519.7302,521.213921,499.42004,502.833615,500.810382
463,32500,,0.80815,,0.80815,0.80431,0.805851,523.0287,519.7302,521.245603,499.42004,502.775849,500.724639
464,32500,,0.80815,,0.80815,0.804375,0.805985,523.0287,519.7302,521.302289,499.42004,502.775849,500.658213
465,32500,,0.808375,,0.808375,0.804375,0.806148,523.0287,519.8822,521.382297,499.236751,502.775849,500.584334
466,32500,,0.808375,,0.808375,0.804408,0.806262,523.3614,519.8822,521.445025,499.236751,502.621291,500.537502
467,32500,,0.808375,,0.808375,0.804573,0.806418,523.3614,519.2953,521.488562,498.76484,502.572181,500.444855
468,32500,,0.808954,,0.808954,0.804823,0.806596,523.3614,519.2953,521.518184,498.76484,502.232722,500.325866
469,32500,,0.808954,,0.808954,0.805069,0.806743,523.1664,519.2953,521.55631,498.76484,502.232722,500.236873
470,32500,,0.808954,,0.808954,0.805234,0.806945,523.0287,520.1507,521.60696,498.917938,502.232722,500.112954
471,32500,,0.809119,,0.809119,0.80556,0.807118,523.0287,520.2422,521.560159,498.917938,501.947575,499.946976
472,32500,,0.809119,,0.809119,0.805725,0.807278,523.0287,520.2422,521.575954,498.933042,501.947575,499.832672
473,32500,,0.809624,,0.809624,0.805725,0.807486,523.3061,520.2422,521.715073,498.933042,501.947575,499.764061
474,32500,,0.809624,,0.809624,0.805815,0.807681,523.3614,520.2422,521.845945,498.933042,501.947575,499.699453
475,32500,,0.809624,,0.809624,0.80582,0.807898,523.3614,520.2422,521.982459,498.78505,501.943419,499.621633
476,32500,,0.809624,,0.809624,0.80582,0.808148,523.3061,520.934,522.159536,498.78505,501.943419,499.544943
477,32500,,0.809893,,0.809893,0.80582,0.808265,523.6179,520.934,522.247568,498.78505,501.943419,499.513394
478,32500,,0.810029,,0.810029,0.805902,0.80847,523.6179,520.934,522.398933,498.782239,501.524924,499.454366
479,32500,,0.810029,,0.810029,0.805902,0.808693,523.6179,520.934,522.511872,498.782239,500.476247,499.35617
480,32500,,0.810029,,0.810029,0.806997,0.808851,523.6179,521.4692,522.619827,498.782239,500.173216,499.305427
481,32500,,0.810142,,0.810142,0.807171,0.809012,523.6179,521.5859,522.734742,498.694086,500.11545,499.256639
482,32500,,0.810142,,0.810142,0.807484,0.809161,523.6179,521.5859,522.827978,498.694086,499.871874,499.202712
483,32500,,0.810142,,0.810142,0.807721,0.809287,523.6343,521.5859,522.906959,498.694086,499.85134,499.157694
484,32500,,0.810142,,0.810142,0.807721,0.809411,523.6343,521.73,522.983497,498.694086,499.85134,499.112664
485,32500,,0.810142,,0.810142,0.808455,0.809555,523.6343,522.3763,523.079396,498.694086,499.66071,499.063977
486,32500,,0.810142,,0.810142,0.808455,0.809616,523.6343,522.3763,523.134846,498.694086,499.66071,499.054188
487,32500,,0.810145,,0.810145,0.80876,0.809701,523.8223,522.3763,523.194786,498.694086,499.417933,499.027712
488,32500,,0.810488,,0.810488,0.80899,0.809792,523.9538,522.3763,523.279986,498.669838,499.417933,499.013928
489,32500,,0.810653,,0.810653,0.80899,0.809877,523.9782,522.3763,523.34316,498.669838,499.417933,498.989426
490,32500,,0.810744,,0.810744,0.809119,0.80999,524.0365,522.3763,523.425722,498.618745,499.251992,498.957217
491,32500,,0.810744,,0.810744,0.809309,0.810091,524.0365,522.3763,523.479116,498.581685,499.161505,498.91431
492,32500,,0.810744,,0.810744,0.809309,0.810184,524.0365,522.3763,523.537212,498.581685,499.161505,498.880569
493,32500,,0.810744,,0.810744,0.809768,0.81024,524.0365,523.12,523.581261,498.581685,499.161505,498.86586
494,32500,,0.810744,,0.810744,0.809768,0.810296,524.0365,523.12,523.635816,498.581685,499.161505,498.858864
495,32500,,0.810744,,0.810744,0.809893,0.810361,524.0365,523.2101,523.711802,498.581685,499.161505,498.859355
496,32500,,0.810909,,0.810909,0.809893,0.810414,524.0609,523.2101,523.767262,498.666043,499.161505,498.855074
497,32500,,0.810909,,0.810909,0.810021,0.810451,524.0609,523.2101,523.803588,498.666043,499.072618,498.850668
498,32500,,0.810909,,0.810909,0.810021,0.810482,524.0609,523.2101,523.817041,498.666043,499.072618,498.835704
499,32500,,0.810909,,0.810909,0.810021,0.810512,524.0609,523.6016,523.852293,498.666043,499.072618,498.835603
500,32500,,0.810909,,0.810909,0.810021,0.810552,524.0609,523.6016,523.872873,498.666043,499.072618,498.81866
501,32500,,0.810909,,0.810909,0.810021,0.810588,524.0609,523.6016,523.893126,498.666043,499.072618,498.80414
502,32500,,0.811031,,0.811031,0.810211,0.810622,524.0609,523.6016,523.923873,498.523922,498.989607,498.797761
503,32500,,0.811031,,0.811031,0.810211,0.81066,524.0609,523.6016,523.946259,498.523922,498.924626,498.783476
504,32500,,0.811031,,0.811031,0.810211,0.810694,524.0609,523.6016,523.964854,498.523922,498.924626,498.768911
505,32500,,0.811031,,0.811031,0.810429,0.810714,524.0609,523.6016,523.97976,498.523922,498.922635,498.763465
506,32500,,0.811196,,0.811196,0.810429,0.810736,524.0609,523.6016,523.982203,498.411521,498.922635,498.748325
507,32500,,0.811196,,0.811196,0.810429,0.81075,524.0609,523.6016,523.982451,498.411521,498.922635,498.737532
508,32500,,0.811377,,0.811377,0.810429,0.810767,524.0609,523.6016,523.98375,498.300986,498.922635,498.724615
509,32500,,0.811377,,0.811377,0.810653,0.810797,524.0609,523.8164,523.991577,498.300986,498.810233,498.706775
510,32500,,0.811699,,0.811699,0.80709,0.810743,526.4675,522.0422,524.071967,498.300986,500.705538,498.802605
511,32500,,0.811699,,0.811699,0.810653,0.810896,526.4675,523.8164,524.124562,498.300986,500.269843,498.718947
512,32500,,0.811839,,0.811839,0.810653,0.810957,526.6711,523.8164,524.244837,498.300986,500.269843,498.751383
513,32500,,0.811839,,0.811839,0.810653,0.811008,526.6711,523.8164,524.278589,498.30046,500.269843,498.734368
514,32500,,0.812445,,0.812445,0.810653,0.811142,526.9858,523.8164,524.370892,498.117405,500.269843,498.692075
515,32500,,0.812445,,0.812445,0.810653,0.811282,526.9858,523.7713,524.466009,498.117405,499.775068,498.646436
516,32500,,0.812709,,0.812709,0.810653,0.811423,526.9858,523.4074,524.595646,498.117405,499.775068,498.623223
517,32500,,0.813267,,0.813267,0.810653,0.811544,526.9858,523.4074,524.694516,497.978742,499.775068,498.594974
518,32500,,0.813267,,0.813267,0.810653,0.811743,526.9858,523.6519,524.802376,497.978742,499.714146,498.51196
519,32500,,0.813465,,0.813465,0.810653,0.811861,526.9093,523.6519,524.810381,497.823907,499.689457,498.425389
520,32500,,0.813715,,0.813715,0.810915,0.812012,526.9093,523.6519,524.930039,497.823907,499.720738,498.388154
521,32500,,0.813715,,0.813715,0.811117,0.812127,526.9093,524.0158,525.003356,497.823907,499.720738,498.347354
522,32500,,0.815103,,0.815103,0.811196,0.812318,526.9093,524.0158,525.106082,497.179627,499.420567,498.267457
523,32500,,0.815103,,0.815103,0.811196,0.812469,526.9093,524.0158,525.179083,497.179627,499.420567,498.198535
524,32500,,0.816182,,0.816182,0.811377,0.812714,527.7035,524.0609,525.339421,496.993519,498.71874,498.114784
525,32500,,0.816182,,0.816182,0.811377,0.812923,527.7035,524.0609,525.475525,496.993519,498.680341,498.042896
526,32500,,0.816182,,0.816182,0.811377,0.813177,527.7623,524.0609,525.646657,496.993519,498.680341,497.959591
527,32500,,0.816805,,0.816805,0.811377,0.813453,528.0156,524.0609,525.842288,496.56899,498.611651,497.875321
528,32500,,0.816805,,0.816805,0.811377,0.813728,528.0156,524.0609,526.031404,496.56899,498.41865,497.787579
529,32500,,0.816805,,0.816805,0.811377,0.813883,528.0744,524.0609,526.137643,496.56899,498.489071,497.737737
530,32500,,0.816805,,0.816805,0.811377,0.81409,528.0744,524.0609,526.286322,496.56899,498.489071,497.675594
531,32500,,0.816805,,0.816805,0.811377,0.814356,528.0744,524.0609,526.484798,496.56899,498.489071,497.601366
532,32500,,0.817135,,0.817135,0.812016,0.814693,528.0744,524.4016,526.692612,496.498751,498.524943,497.477657
533,32500,,0.817135,,0.817135,0.812367,0.815051,528.0744,524.8129,526.901427,496.498751,498.364052,497.338275
534,32500,,0.817135,,0.817135,0.812367,0.815438,528.0744,524.8129,527.139908,496.498751,498.364052,497.196655
535,32500,,0.817135,,0.817135,0.812687,0.815712,528.0744,525.2754,527.305503,496.498751,498.092716,497.093529
536,32500,,0.817135,,0.817135,0.812687,0.816,528.0744,525.2754,527.495731,496.498751,498.092716,496.996441
537,32500,,0.817135,,0.817135,0.814069,0.816226,528.0744,526.1038,527.621861,496.377934,497.630032,496.904408
538,32500,,0.817908,,0.817908,0.814389,0.816441,528.7062,526.2127,527.752066,496.319159,497.630032,496.824557
539,32500,,0.817908,,0.817908,0.814389,0.816604,528.7062,526.5663,527.833134,496.28978,497.630032,496.751346
540,32500,,0.817908,,0.817908,0.814389,0.816736,528.7062,526.5663,527.905266,496.28978,497.630032,496.697188
541,32500,,0.818132,,0.818132,0.81514,0.816831,528.7062,526.642,527.950175,496.144855,497.095139,496.653072
542,32500,,0.818132,,0.818132,0.81514,0.816949,528.7062,526.642,528.015827,496.144855,497.095139,496.604431
543,32500,,0.818132,,0.818132,0.81514,0.817067,528.7062,526.642,528.075073,496.144855,497.095139,496.552769
544,32500,,0.818132,,0.818132,0.815253,0.817163,528.7062,526.642,528.125041,496.144855,497.006986,496.510942
545,32500,,0.818132,,0.818132,0.815253,0.817253,528.7062,526.642,528.170638,496.072409,497.006986,496.471812
546,32500,,0.818132,,0.818132,0.816805,0.817363,528.7062,527.8878,528.236587,496.072409,496.716943,496.429842
547,32500,,0.818132,,0.818132,0.816805,0.817436,528.7062,527.8878,528.269623,496.072409,496.716943,496.395237
548,32500,,0.818154,,0.818154,0.816805,0.817516,528.7062,527.8878,528.309612,495.984255,496.716943,496.359077
549,32500,,0.818154,,0.818154,0.816805,0.817576,528.7062,527.8878,528.340047,495.984255,496.716943,496.333233
550,32500,,0.818154,,0.818154,0.816805,0.817626,528.7062,527.8878,528.373037,495.984255,496.716943,496.316127
551,32500,,0.818154,,0.818154,0.816805,0.817676,528.7062,527.8878,528.400662,495.984255,496.716943,496.295575
552,32500,,0.818154,,0.818154,0.816805,0.817752,528.7062,527.8878,528.436514,495.984255,496.716943,496.260142
553,32500,,0.818154,,0.818154,0.816805,0.817816,528.7062,527.8878,528.472298,495.984255,496.716943,496.234112
554,32500,,0.818898,,0.818898,0.81713,0.817893,529.0904,527.8878,528.520947,495.804663,496.525189,496.206658
555,32500,,0.818927,,0.818927,0.81713,0.817948,529.2113,527.8878,528.557218,495.804663,496.525189,496.188689
556,32500,,0.818927,,0.818927,0.817135,0.818028,529.2113,528.0744,528.61199,495.804663,496.498751,496.162847
557,32500,,0.818927,,0.818927,0.817135,0.818101,529.2113,528.0744,528.658791,495.804663,496.498751,496.137118
558,32500,,0.818927,,0.818927,0.817135,0.818143,529.2113,528.0744,528.677786,495.804663,496.498751,496.117411
559,32500,,0.818927,,0.818927,0.817908,0.818226,529.2113,528.4586,528.721192,495.804663,496.319159,496.081569
560,32500,,0.818927,,0.818927,0.817908,0.818289,529.2113,528.4586,528.750897,495.804663,496.319159,496.052319
561,32500,,0.818927,,0.818927,0.817908,0.818362,529.2113,528.4586,528.803565,495.804663,496.319159,496.030214
562,32500,,0.818927,,0.818927,0.818012,0.818424,529.2113,528.4586,528.845957,495.804663,496.144855,496.010486
563,32500,,0.818927,,0.818927,0.818012,0.818494,529.2113,528.4586,528.897693,495.804663,496.144855,495.990684
564,32500,,0.81904,,0.81904,0.818012,0.818557,529.2113,528.4586,528.947189,495.774991,496.144855,495.974352
565,32500,,0.81904,,0.81904,0.818132,0.818625,529.2113,528.5795,528.99134,495.774991,496.144855,495.950916
566,32500,,0.81904,,0.81904,0.818132,0.818678,529.2113,528.5795,529.02974,495.774991,496.144855,495.935359
567,32500,,0.81904,,0.81904,0.818132,0.818745,529.2113,528.5795,529.074342,495.774991,496.144855,495.913607
568,32500,,0.81904,,0.81904,0.818132,0.818802,529.2113,528.5795,529.108548,495.774991,496.144855,495.891975
569,32500,,0.81904,,0.81904,0.818132,0.818858,529.2113,528.5795,529.142754,495.774991,496.144855,495.871226
570,32500,,0.81904,,0.81904,0.818132,0.818899,529.2113,528.5795,529.17027,495.774991,496.144855,495.857732
571,32500,,0.81904,,0.81904,0.818132,0.818936,529.2113,528.7062,529.191741,495.774991,496.144855,495.843077
572,32500,,0.81904,,0.81904,0.818785,0.818954,529.2113,529.0904,529.200419,495.774991,495.892817,495.834962
573,32500,,0.81904,,0.81904,0.818785,0.818971,529.2113,529.0904,529.205255,495.774991,495.892817,495.82496
574,32500,,0.81904,,0.81904,0.818898,0.818982,529.2113,529.0904,529.210091,495.774991,495.863145,495.819365
575,32500,,0.81904,,0.81904,0.818927,0.818989,529.2113,529.2113,529.2113,495.774991,495.863145,495.814661
576,32500,,0.81904,,0.81904,0.818927,0.818994,529.2113,529.2113,529.2113,495.774991,495.863145,495.811134
577,32500,,0.81904,,0.81904,0.818927,0.819,529.2113,529.2113,529.2113,495.774991,495.863145,495.805845
578,32500,,0.819275,,0.819275,0.818927,0.819007,529.465,529.2113,529.213837,495.761728,495.863145,495.802186
579,32500,,0.819275,,0.819275,0.818927,0.819015,529.465,529.2113,529.216374,495.761728,495.863145,495.797646
580,32500,,0.819275,,0.819275,0.818927,0.819023,529.465,529.2113,529.218911,495.761728,495.863145,495.793106
581,32500,,0.819275,,0.819275,0.818927,0.81903,529.465,529.2113,529.221448,495.761728,495.863145,495.789447
582,32500,,0.819275,,0.819275,0.818927,0.819038,529.465,529.2113,529.223985,495.761728,495.863145,495.784907
583,32500,,0.819275,,0.819275,0.818927,0.81905,529.465,529.2113,529.231596,495.761728,495.863145,495.780983
584,32500,,0.819275,,0.819275,0.818927,0.819056,529.465,529.2113,529.23667,495.761728,495.863145,495.779836
585,32500,,0.819275,,0.819275,0.818927,0.819061,529.465,529.2113,529.239207,495.761728,495.863145,495.777059
586,32500,,0.819308,,0.819308,0.818927,0.819079,529.465,529.2113,529.254429,495.735566,495.863145,495.773357
587,32500,,0.819308,,0.819308,0.81904,0.819085,529.465,529.2113,529.259503,495.735566,495.774991,495.77221
588,32500,,0.819308,,0.819308,0.81904,0.819092,529.465,529.2113,529.267114,495.735566,495.774991,495.77155
589,32500,,0.819308,,0.819308,0.81904,0.8191,529.465,529.2113,529.274725,495.735566,495.774991,495.770891
590,32500,,0.819308,,0.819308,0.81904,0.819103,529.465,529.2113,529.277262,495.735566,495.774991,495.770235
591,32500,,0.819308,,0.819308,0.81904,0.819106,529.465,529.2113,529.279799,495.735566,495.774991,495.769317
592,32500,,0.819308,,0.819308,0.81904,0.819118,529.465,529.2113,529.292484,495.735566,495.774991,495.768131
593,32500,,0.819308,,0.819308,0.81904,0.819133,529.465,529.2113,529.307706,495.735566,495.774991,495.767074
594,32500,,0.819308,,0.819308,0.81904,0.819152,529.465,529.2113,529.328002,495.735566,495.774991,495.765489
595,32500,,0.820342,,0.820342,0.81776,0.819207,531.49,529.2113,529.410849,494.919022,497.772947,495.778163
596,32500,,0.820369,,0.820369,0.818851,0.81927,531.49,529.2113,529.427202,494.842481,496.34266,495.740392
597,32500,,0.820548,,0.820548,0.818851,0.819358,531.49,529.2113,529.493482,494.842481,496.34266,495.7157
598,32500,,0.820548,,0.820548,0.81904,0.819456,531.5333,529.1228,529.590177,494.842481,496.621551,495.704201
599,32500,,0.820548,,0.820548,0.81904,0.819546,531.5333,529.1228,529.737662,494.842481,496.621551,495.732764
600,32500,,0.820561,,0.820561,0.81904,0.819657,531.787,529.1228,529.85486,494.795972,496.621551,495.724562
601,32500,,0.820933,,0.820933,0.81904,0.81976,531.787,529.1228,529.956691,494.795972,496.621551,495.712816
602,32500,,0.820933,,0.820933,0.81904,0.819867,531.787,529.1228,530.042776,494.795972,496.621551,495.687328
603,32500,,0.820938,,0.820938,0.81904,0.819965,531.787,529.1228,530.113459,494.795972,496.34266,495.658029
604,32500,,0.821313,,0.821313,0.81904,0.820126,531.787,529.1228,530.273342,494.635315,496.416009,495.639533
605,32500,,0.821313,,0.821313,0.81904,0.820244,531.787,529.1228,530.373303,494.635315,496.416009,495.614234
606,32500,,0.821313,,0.821313,0.81904,0.820387,531.787,529.1993,530.498619,494.635315,496.416009,495.587192
607,32500,,0.821313,,0.821313,0.81904,0.820497,532.5795,529.1993,530.593414,494.635315,496.490091,495.564322
608,32500,,0.82136,,0.82136,0.8195,0.82058,532.5795,529.1993,530.659631,494.635315,496.490091,495.544587
609,32500,,0.82136,,0.82136,0.819637,0.820675,532.5795,529.1993,530.717943,494.635315,496.490091,495.509408
610,32500,,0.821689,,0.821689,0.819637,0.820749,532.5795,529.5114,530.738972,494.635315,496.490091,495.465473
611,32500,,0.821823,,0.821823,0.819637,0.820874,533.1713,529.453,530.810397,494.635315,496.490091,495.415586
612,32500,,0.821823,,0.821823,0.820093,0.820995,533.1713,529.453,530.911962,494.635315,496.490091,495.389779
613,32500,,0.821823,,0.821823,0.820093,0.821082,533.1713,529.5114,531.011785,494.635315,496.490091,495.388309
614,32500,,0.822148,,0.822148,0.820093,0.821177,533.1713,529.5114,531.090187,494.635315,496.490091,495.367397
615,32500,,0.822148,,0.822148,0.820093,0.821247,533.1713,529.5114,531.148732,494.635315,496.490091,495.351546
616,32500,,0.822623,,0.822623,0.820093,0.821349,533.1713,529.7164,531.306946,494.361226,496.490091,495.378228
617,32500,,0.822705,,0.822705,0.820561,0.821468,533.7421,529.8061,531.44541,494.361226,496.490091,495.378312
618,32500,,0.822705,,0.822705,0.820561,0.821584,533.7421,529.8061,531.561133,494.361226,496.490091,495.365244
619,32500,,0.822705,,0.822705,0.820561,0.821715,533.7421,529.8061,531.71654,494.361226,496.490091,495.367325
620,32500,,0.823169,,0.823169,0.820561,0.821839,534.2382,529.8061,531.881513,494.361226,496.490091,495.38126
621,32500,,0.823169,,0.823169,0.820887,0.821961,534.2382,530.2768,532.03188,494.361226,496.248122,495.386549
622,32500,,0.823182,,0.823182,0.820887,0.822085,534.2382,531.072,532.157829,494.361226,496.228066,495.374441
623,32500,,0.823182,,0.823182,0.820887,0.822192,534.2382,531.072,532.254079,494.361226,496.25767,495.355162
624,32500,,0.823182,,0.823182,0.82092,0.822332,534.2382,531.072,532.392134,494.361226,496.228066,495.33895
625,32500,,0.823545,,0.823545,0.821697,0.822444,534.3147,531.1485,532.533847,494.361226,496.228066,495.346445
626,32500,,0.823545,,0.823545,0.821772,0.822569,534.3147,530.8433,532.649184,494.361226,496.228066,495.326166
627,32500,,0.823914,,0.823914,0.821772,0.822665,534.3147,530.8433,532.749502,494.361226,496.290057,495.318128
628,32500,,0.823914,,0.823914,0.821772,0.822775,534.3147,531.1485,532.831713,494.361226,496.228066,495.287894
629,32500,,0.823914,,0.823914,0.821772,0.822874,534.645,531.1485,532.9468,494.361226,496.228066,495.287549
630,32500,,0.823914,,0.823914,0.821772,0.822977,534.645,531.1485,533.123107,494.361226,495.986097,495.325666
631,32500,,0.824022,,0.824022,0.822148,0.823058,534.7215,531.1485,533.226738,494.361226,495.986097,495.331757
632,32500,,0.824022,,0.824022,0.822196,0.823143,534.7215,531.1485,533.273711,494.338526,495.986097,495.297122
633,32500,,0.824022,,0.824022,0.822196,0.823254,534.7215,531.1485,533.444228,494.338526,495.986097,495.324185
634,32500,,0.824022,,0.824022,0.822317,0.823374,534.7215,531.2726,533.580514,494.338526,495.986097,495.32192
635,32500,,0.824328,,0.824328,0.822346,0.823485,534.7215,531.2726,533.729683,494.361226,495.986097,495.335934
636,32500,,0.824328,,0.824328,0.822346,0.823582,534.7215,531.2726,533.838474,494.361226,495.822982,495.332539
637,32500,,0.824328,,0.824328,0.822346,0.823653,534.7215,531.2726,533.934583,494.361226,495.822982,495.341513
638,32500,,0.824328,,0.824328,0.822623,0.823752,534.7215,531.2726,534.05271,494.361226,495.822982,495.343499
639,32500,,0.824328,,0.824328,0.822975,0.823832,534.7215,533.6051,534.127205,495.045143,495.822982,495.331157
640,32500,,0.824328,,0.824328,0.822975,0.8239,534.7215,533.6051,534.166852,495.045143,495.680572,495.304901
641,32500,,0.824328,,0.824328,0.823173,0.823966,534.7215,533.6051,534.202934,495.045143,495.680572,495.277193
642,32500,,0.824328,,0.824328,0.823173,0.824015,534.7215,533.6051,534.218394,495.045143,495.680572,495.249941
643,32500,,0.824548,,0.824548,0.823173,0.824064,534.8251,533.6051,534.251903,495.045143,495.680572,495.233723
644,32500,,0.824548,,0.824548,0.823173,0.824101,534.8251,533.6051,534.270665,495.045143,495.680572,495.218022
645,32500,,0.824548,,0.824548,0.823446,0.824137,534.8251,533.796,534.289949,495.045143,495.680572,495.202389
646,32500,,0.824548,,0.824548,0.823446,0.82418,534.8251,533.796,534.311827,495.045143,495.680572,495.183793
647,32500,,0.824548,,0.824548,0.823446,0.824191,534.8251,533.796,534.314735,495.045143,495.680572,495.176865
648,32500,,0.824548,,0.824548,0.823545,0.824232,534.8251,533.796,534.35942,495.045143,495.680572,495.174901
649,32500,,0.824548,,0.824548,0.823545,0.824261,534.8251,533.796,534.387734,495.045143,495.680572,495.171227
650,32500,,0.824548,,0.824548,0.823914,0.824295,534.8251,533.796,534.410394,495.045143,495.581013,495.159957
651,32500,,0.824548,,0.824548,0.823914,0.824308,534.8251,533.796,534.417049,495.045143,495.581013,495.15399
652,32500,,0.824548,,0.824548,0.823914,0.824313,534.8251,533.796,534.426215,495.045143,495.581013,495.156188
653,32500,,0.824548,,0.824548,0.823914,0.824326,534.8251,533.796,534.450255,495.045143,495.581013,495.162227
654,32500,,0.824548,,0.824548,0.823914,0.824342,534.8251,533.796,534.457946,495.045143,495.581013,495.155454
655,32500,,0.824548,,0.824548,0.823914,0.824362,534.8251,533.796,534.474803,495.045143,495.581013,495.150879
656,32500,,0.824548,,0.824548,0.823914,0.824384,534.8251,533.796,534.509134,495.045143,495.581013,495.1568
657,32500,,0.824548,,0.824548,0.823914,0.824407,534.8251,533.796,534.546834,495.045143,495.581013,495.164023
658,32500,,0.824548,,0.824548,0.823914,0.82443,534.8251,533.796,534.584534,495.045143,495.285849,495.171246
659,32500,,0.824548,,0.824548,0.823914,0.824454,534.8251,533.796,534.630364,495.045143,495.240761,495.183043
660,32500,,0.824548,,0.824548,0.823914,0.824485,534.8251,533.796,534.691068,495.045143,495.240761,495.199969
661,32500,,0.824548,,0.824548,0.824328,0.824507,534.8251,534.3668,534.73344,495.078512,495.240761,495.211189
662,32500,,0.824549,,0.824549,0.824328,0.82452,534.8251,534.3668,534.760938,495.078512,495.240761,495.219341
663,32500,,0.824549,,0.824549,0.824328,0.824526,534.8251,534.3668,534.774687,495.078512,495.240761,495.223947
664,32500,,0.824549,,0.824549,0.824328,0.82453,534.8251,534.3668,534.783853,495.078512,495.240761,495.226916
665,32500,,0.824549,,0.824549,0.824328,0.824536,534.8251,534.3668,534.797602,495.078512,495.240761,495.231233
666,32500,,0.824549,,0.824549,0.824362,0.82454,534.8251,534.3668,534.806768,495.078512,495.240761,495.234176
667,32500,,0.824549,,0.824549,0.824362,0.824542,534.8251,534.3668,534.811351,495.078512,495.240761,495.235757
668,32500,,0.824549,,0.824549,0.824362,0.824542,534.8251,534.3668,534.811351,495.078512,495.240761,495.235703
669,32500,,0.824775,,0.824775,0.824548,0.82455,534.8251,534.8251,534.8251,495.063311,495.240761,495.238768
670,32500,,0.824775,,0.824775,0.824548,0.824555,534.8251,534.8251,534.8251,495.063311,495.240761,495.235178
671,32500,,0.824775,,0.824775,0.824548,0.824564,534.8251,534.8251,534.8251,495.063311,495.240761,495.228039
672,32500,,0.824775,,0.824775,0.824548,0.824569,534.8251,534.8251,534.8251,495.063311,495.240761,495.224436
673,32500,,0.824775,,0.824775,0.824548,0.824576,534.8251,534.8251,534.8251,495.063311,495.240761,495.219058
674,32500,,0.824777,,0.824777,0.824548,0.824585,534.8251,534.8251,534.8251,495.061947,495.240761,495.211892
675,32500,,0.824777,,0.824777,0.824548,0.824596,534.8251,534.8251,534.8251,495.061947,495.240761,495.202992
676,32500,,0.824777,,0.824777,0.824548,0.824612,534.8251,534.8251,534.8251,495.061947,495.240761,495.190502
677,32500,,0.824777,,0.824777,0.824548,0.824635,534.8251,534.8251,534.8251,495.061947,495.240761,495.172716
678,32500,,0.824777,,0.824777,0.824548,0.824655,534.8251,534.8251,534.8251,495.061947,495.240761,495.156664
679,32500,,0.824777,,0.824777,0.824548,0.824667,534.8251,534.8251,534.8251,495.061947,495.240761,495.147709
680,32500,,0.824966,,0.824966,0.823533,0.824654,534.8251,531.8237,534.687162,493.850233,495.240761,495.065489
681,32500,,0.825122,,0.825122,0.823586,0.824677,534.8331,532.3486,534.726083,493.850233,495.240761,495.073718
682,32500,,0.825122,,0.825122,0.823586,0.824731,534.8331,532.5962,534.775338,494.133814,495.239397,495.064489
683,32500,,0.825123,,0.825123,0.824015,0.824768,534.8912,533.6603,534.784112,494.133814,495.395823,495.041441
684,32500,,0.825123,,0.825123,0.824549,0.824801,534.8912,533.6603,534.773522,494.133814,495.239397,495.008713
685,32500,,0.82539,,0.82539,0.824549,0.824821,535.2524,533.6603,534.77316,494.133814,495.239397,494.993041
686,32500,,0.82539,,0.82539,0.824743,0.824831,535.2524,533.6603,534.770334,494.133814,495.063311,494.982771
687,32500,,0.825483,,0.825483,0.824753,0.824863,535.2524,533.6603,534.825591,494.133814,495.159256,494.995326
688,32500,,0.825492,,0.825492,0.824753,0.824907,535.2524,533.6603,534.844898,494.133814,495.159256,494.973904
689,32500,,0.825492,,0.825492,0.824775,0.824952,535.2524,534.4805,534.865648,494.444529,495.063311,494.952844
690,32500,,0.825497,,0.825497,0.824775,0.824976,535.2524,534.4805,534.862744,494.444529,495.063311,494.931902
691,32500,,0.825497,,0.825497,0.824777,0.824998,535.2524,534.4805,534.860444,494.444529,495.061947,494.913001
692,32500,,0.825521,,0.825521,0.824777,0.82504,535.2524,534.4805,534.866888,494.444529,495.061947,494.885
693,32500,,0.825944,,0.825944,0.824777,0.825103,535.2524,534.4805,534.870726,494.253222,495.061947,494.838267
694,32500,,0.825944,,0.825944,0.824777,0.825153,535.2524,534.4805,534.882298,494.253222,495.061947,494.80727
695,32500,,0.825944,,0.825944,0.824777,0.825244,535.4469,534.4805,534.913854,494.253222,495.061947,494.756987
696,32500,,0.825944,,0.825944,0.824777,0.825302,535.4469,534.4805,534.927228,494.253222,495.061947,494.720572
697,32500,,0.825944,,0.825944,0.824777,0.825345,535.4469,534.4805,534.93077,494.253222,495.061947,494.689433
698,32500,,0.825944,,0.825944,0.8248,0.825395,535.4469,534.4805,534.935209,494.253222,495.044301,494.653505
699,32500,,0.826243,,0.826243,0.82492,0.825436,536.0278,534.4805,534.948476,494.253222,494.895583,494.630866
700,32500,,0.826243,,0.826243,0.82492,0.82551,536.0278,534.588,534.956972,494.241068,494.895583,494.578596
701,32500,,0.826243,,0.826243,0.824946,0.82556,536.0278,534.588,534.985576,494.241068,494.895583,494.558639
702,32500,,0.826243,,0.826243,0.824946,0.825637,536.0278,534.588,535.006662,494.241068,494.895583,494.513093
703,32500,,0.826243,,0.826243,0.825271,0.825703,536.0278,534.588,535.062519,494.241068,494.753837,494.498933
704,32500,,0.826243,,0.826243,0.825271,0.825746,536.0278,534.588,535.092014,494.241068,494.753837,494.485055
705,32500,,0.826243,,0.826243,0.825365,0.825793,536.0278,534.588,535.128949,494.241068,494.732171,494.47294
706,32500,,0.826243,,0.826243,0.82538,0.825844,536.0278,534.588,535.165907,494.241068,494.732171,494.458145
707,32500,,0.826243,,0.826243,0.82538,0.8259,536.0278,534.588,535.209126,494.241068,494.767509,494.443071
708,32500,,0.826243,,0.826243,0.825483,0.825941,536.0278,534.7158,535.240293,494.241068,494.767509,494.432048
709,32500,,0.826412,,0.826412,0.825584,0.825972,536.0278,534.7158,535.269348,494.241068,494.767509,494.427615
710,32500,,0.826412,,0.826412,0.825584,0.825994,536.0278,534.7158,535.299576,494.241068,494.767509,494.430708
711,32500,,0.826412,,0.826412,0.825584,0.826035,536.174,534.7158,535.374744,494.241068,494.767509,494.448734
712,32500,,0.826412,,0.826412,0.825584,0.826061,536.174,534.7158,535.429442,494.241068,494.762244,494.465515
713,32500,,0.826412,,0.826412,0.825738,0.826089,536.174,534.9766,535.477371,494.241068,494.762244,494.475811
714,32500,,0.826412,,0.826412,0.825738,0.826124,536.174,534.9766,535.562987,494.241068,494.762244,494.505802
715,32500,,0.826418,,0.826418,0.825954,0.82616,536.174,534.9766,535.652725,494.241068,494.762244,494.53737
716,32500,,0.826418,,0.826418,0.825954,0.826183,536.174,534.9766,535.703198,494.241068,494.762244,494.55372
717,32500,,0.826418,,0.826418,0.825954,0.826208,536.174,534.9766,535.741634,494.241068,494.762244,494.560243
718,32500,,0.826418,,0.826418,0.825954,0.826226,536.174,534.9766,535.77201,494.241068,494.762244,494.565877
719,32500,,0.826489,,0.826489,0.825954,0.826243,536.174,534.9766,535.79802,494.241068,494.762244,494.570403
720,32500,,0.826499,,0.826499,0.825954,0.82626,536.174,534.9766,535.834347,494.241068,494.762244,494.581401
721,32500,,0.826499,,0.826499,0.825959,0.826287,536.174,534.9766,535.890377,494.241068,494.762244,494.598128
722,32500,,0.826499,,0.826499,0.825959,0.826317,536.174,534.9766,535.951767,494.241068,494.762244,494.615395
723,32500,,0.826505,,0.826505,0.825959,0.826332,536.174,534.9766,535.965796,494.241068,494.762244,494.613121
724,32500,,0.826505,,0.826505,0.825959,0.826354,536.174,534.9766,535.998364,494.241068,494.762244,494.617823
725,32500,,0.826505,,0.826505,0.826041,0.82637,536.174,535.1228,536.025153,494.271141,494.762244,494.623544
726,32500,,0.826505,,0.826505,0.826047,0.826378,536.174,535.1228,536.024555,494.271141,494.762244,494.616864
727,32500,,0.826505,,0.826505,0.826047,0.82639,536.174,535.1228,536.026366,494.271141,494.762244,494.60884
728,32500,,0.826653,,0.826653,0.826047,0.8264,536.23,535.1228,536.024866,494.271141,494.758089,494.599561
729,32500,,0.826653,,0.826653,0.826047,0.826419,536.23,535.1228,536.038846,494.271141,494.758089,494.594784
730,32500,,0.826653,,0.826653,0.826047,0.826441,536.23,535.1228,536.05734,494.271141,494.758089,494.589522
731,32500,,0.826653,,0.826653,0.826325,0.826462,536.23,535.8688,536.078758,494.3249,494.758089,494.587464
732,32500,,0.826653,,0.826653,0.826336,0.82648,536.23,535.8688,536.080569,494.3249,494.75009,494.574485
733,32500,,0.826653,,0.826653,0.826336,0.826498,536.23,535.8688,536.089172,494.3249,494.75009,494.566201
734,32500,,0.826653,,0.826653,0.826336,0.826516,536.23,535.8688,536.095753,494.3249,494.75009,494.556912
735,32500,,0.826653,,0.826653,0.826418,0.826536,536.23,535.8688,536.102462,494.316936,494.583727,494.545874
736,32500,,0.826653,,0.826653,0.826418,0.826554,536.23,535.8688,536.106074,494.316936,494.583727,494.534345
737,32500,,0.826653,,0.826653,0.826418,0.826574,536.23,535.8688,536.114373,494.316936,494.583727,494.524537
738,32500,,0.826653,,0.826653,0.826418,0.826593,536.23,535.8688,536.124435,494.316936,494.583727,494.51585
739,32500,,0.826653,,0.826653,0.826418,0.826609,536.23,535.8688,536.133035,494.316936,494.583727,494.509423
740,32500,,0.826653,,0.826653,0.826505,0.826622,536.23,535.8688,536.143097,494.316936,494.583727,494.506177
741,32500,,0.826882,,0.826882,0.826505,0.826635,536.23,535.8688,536.155892,494.230581,494.583727,494.504355
742,32500,,0.826882,,0.826882,0.826505,0.826639,536.23,535.8688,536.168878,494.230581,494.583727,494.509953
743,32500,,0.826882,,0.826882,0.826505,0.826649,536.23,535.8688,536.175419,494.230581,494.583727,494.506846
744,32500,,0.826882,,0.826882,0.826505,0.826658,536.23,535.8688,536.18196,494.230581,494.583727,494.503739
745,32500,,0.826882,,0.826882,0.826505,0.826665,536.23,535.8688,536.203336,494.230581,494.583727,494.512548
746,32500,,0.826882,,0.826882,0.826629,0.826669,536.23,535.8688,536.209098,494.230581,494.54039,494.513677
747,32500,,0.826882,,0.826882,0.826629,0.826678,536.23,535.8688,536.204894,494.230581,494.54039,494.503599
748,32500,,0.826882,,0.826882,0.826653,0.82669,536.23,536.0346,536.198736,494.230581,494.54039,494.490422
749,32500,,0.826882,,0.826882,0.826653,0.826697,536.23,536.0346,536.192874,494.230581,494.54039,494.480969
750,32500,,0.826882,,0.826882,0.826653,0.826701,536.23,536.0346,536.188966,494.230581,494.54039,494.474773
751,32500,,0.826882,,0.826882,0.826653,0.826708,536.23,536.0346,536.183104,494.230581,494.54039,494.465399
752,32500,,0.826882,,0.826882,0.826653,0.826713,536.23,536.0346,536.179196,494.230581,494.54039,494.459123
753,32500,,0.826882,,0.826882,0.826653,0.826727,536.23,536.0346,536.167472,494.230581,494.54039,494.440694
754,32500,,0.827016,,0.827016,0.826653,0.826733,536.23,536.0346,536.164779,494.20762,494.54039,494.434188
755,32500,,0.827016,,0.827016,0.826653,0.826741,536.23,536.0346,536.156963,494.20762,494.54039,494.422114
756,32500,,0.827016,,0.827016,0.826653,0.826748,536.23,536.0346,536.151101,494.20762,494.54039,494.4129
757,32500,,0.827016,,0.827016,0.826653,0.82676,536.23,536.0346,536.141331,494.20762,494.54039,494.397489
758,32500,,0.827016,,0.827016,0.826653,0.826777,536.23,536.0346,536.128868,494.20762,494.54039,494.375573
759,32500,,0.827016,,0.827016,0.826653,0.826792,536.23,536.0346,536.122743,494.20762,494.54039,494.359712
760,32500,,0.827016,,0.827016,0.826653,0.826808,536.23,536.0346,536.113449,494.20762,494.54039,494.340903
761,32500,,0.827016,,0.827016,0.826653,0.826823,536.23,536.0346,536.107324,494.20762,494.54039,494.324883
762,32500,,0.827016,,0.827016,0.826653,0.826833,536.23,536.0346,536.103892,494.20762,494.54039,494.315289
763,32500,,0.827016,,0.827016,0.826653,0.826841,536.23,536.0346,536.099245,494.20762,494.54039,494.305685
764,32500,,0.827016,,0.827016,0.826653,0.826856,536.23,536.0346,536.09312,494.20762,494.54039,494.289665
765,32500,,0.828446,,0.828446,0.826149,0.826943,537.1869,535.0981,536.109373,493.277174,494.54039,494.233183
766,32500,,0.828776,,0.828776,0.826653,0.826977,537.1869,535.9028,536.137003,493.277174,494.54039,494.225205
767,32500,,0.828776,,0.828776,0.826653,0.827076,537.1869,535.9028,536.193562,493.277174,494.54039,494.185559
768,32500,,0.828776,,0.828776,0.826653,0.827214,537.1869,535.9028,536.267378,493.277174,494.54039,494.127681
769,32500,,0.828786,,0.828786,0.826653,0.827354,537.1869,535.9028,536.353066,493.366908,494.54039,494.075805
770,32500,,0.83036,,0.83036,0.826872,0.827563,538.3167,535.9028,536.478423,493.046676,494.308097,493.996336
771,32500,,0.83036,,0.83036,0.826872,0.827757,538.3167,535.9028,536.586482,493.046676,494.308097,493.917771
772,32500,,0.83036,,0.83036,0.826872,0.827978,538.3167,535.9028,536.736834,493.046676,494.300133,493.846425
773,32500,,0.83036,,0.83036,0.826882,0.828222,538.3167,535.9028,536.918492,493.046676,494.300133,493.777768
774,32500,,0.83036,,0.83036,0.826882,0.828539,538.6133,535.9028,537.136552,493.046676,494.230581,493.6766
775,32500,,0.83036,,0.83036,0.826882,0.828809,538.6133,535.9028,537.303206,492.905068,494.230581,493.57774
776,32500,,0.830492,,0.830492,0.826892,0.829068,538.6133,535.9028,537.508646,493.0462,494.222352,493.51315
777,32500,,0.830492,,0.830492,0.826892,0.829246,538.6133,535.9028,537.631975,493.0462,494.222352,493.457053
778,32500,,0.83072,,0.83072,0.826892,0.829356,538.6133,536.0346,537.715068,492.924207,494.222352,493.426805
779,32500,,0.83072,,0.83072,0.827943,0.829522,538.6133,536.48,537.802519,492.924207,493.842146,493.356246
780,32500,,0.831011,,0.831011,0.828496,0.829675,538.8521,536.887,537.913456,492.898132,493.815387,493.311292
781,32500,,0.831011,,0.831011,0.828496,0.829736,538.8521,536.887,537.948805,492.898132,493.815387,493.28718
782,32500,,0.831011,,0.831011,0.828496,0.829866,538.8521,536.887,538.028391,492.898132,493.815387,493.239147
783,32500,,0.831011,,0.831011,0.828593,0.830038,538.8521,536.887,538.143704,492.897656,493.815387,493.182098
784,32500,,0.831011,,0.831011,0.828593,0.830192,538.8521,536.887,538.256528,492.897656,493.815387,493.137338
785,32500,,0.831011,,0.831011,0.828593,0.830299,538.8521,537.1644,538.335187,492.897656,493.815387,493.10699
786,32500,,0.831011,,0.831011,0.828786,0.830391,538.8521,537.1644,538.384659,492.897656,493.637937,493.068278
787,32500,,0.831011,,0.831011,0.829482,0.830497,538.8521,537.7496,538.458842,492.897656,493.571574,493.035105
788,32500,,0.831197,,0.831197,0.829482,0.830566,538.959,537.7496,538.502165,492.824648,493.571574,493.010238
789,32500,,0.831197,,0.831197,0.829482,0.83063,538.959,537.9457,538.55092,492.824648,493.571574,492.993392
790,32500,,0.831197,,0.831197,0.829482,0.830695,538.959,537.9457,538.594652,492.824648,493.571574,492.971813
791,32500,,0.831197,,0.831197,0.829482,0.830753,538.959,538.0779,538.635164,492.824648,493.571574,492.953839
792,32500,,0.831197,,0.831197,0.830318,0.830787,538.959,538.285,538.655317,492.824648,493.164679,492.940767
793,32500,,0.831197,,0.831197,0.830318,0.830844,538.973,538.285,538.703888,492.824648,493.164679,492.928847
794,32500,,0.831197,,0.831197,0.830318,0.830898,538.959,538.285,538.747754,492.824648,493.164679,492.916263
795,32500,,0.831197,,0.831197,0.830318,0.830947,538.959,538.285,538.784742,492.824648,493.164679,492.903003
796,32500,,0.831197,,0.831197,0.83035,0.83103,538.959,538.3167,538.849707,492.824648,493.164679,492.881644
797,32500,,0.831197,,0.831197,0.83036,0.831074,538.959,538.3167,538.883592,492.824648,493.046676,492.869957
798,32500,,0.8313,,0.8313,0.831011,0.831096,539.0805,538.8381,538.90114,492.824648,492.898132,492.864193
799,32500,,0.831331,,0.831331,0.831011,0.831104,539.0805,538.8381,538.906917,492.801687,492.898132,492.861967
800,32500,,0.831331,,0.831331,0.831011,0.831112,539.0805,538.8521,538.914049,492.801687,492.898132,492.860419
801,32500,,0.831331,,0.831331,0.831011,0.831122,539.0805,538.8521,538.922256,492.801687,492.898132,492.858202
802,32500,,0.831331,,0.831331,0.831011,0.831134,539.0805,538.8521,538.931544,492.801687,492.898132,492.855386
803,32500,,0.831331,,0.831331,0.831011,0.83115,539.0805,538.8521,538.945686,492.801687,492.898132,492.852521
804,32500,,0.831331,,0.831331,0.831011,0.831168,539.0805,538.8521,538.95967,492.801687,492.898132,492.847376
805,32500,,0.831331,,0.831331,0.831011,0.831182,539.0805,538.8521,538.971516,492.801687,492.898132,492.844548
806,32500,,0.831331,,0.831331,0.831011,0.831195,539.0805,538.8521,538.982019,492.801687,492.898132,492.841267
807,32500,,0.831331,,0.831331,0.831011,0.831218,539.0805,538.8521,538.999648,492.801687,492.898132,492.835668
808,32500,,0.831331,,0.831331,0.831011,0.83123,539.0805,538.8521,539.010285,492.801687,492.898132,492.832849
809,32500,,0.831331,,0.831331,0.831011,0.831248,539.0805,538.8521,539.024409,492.801687,492.898132,492.828611
810,32500,,0.831331,,0.831331,0.831011,0.831266,539.0805,538.8521,539.038399,492.801687,492.898132,492.823533
811,32500,,0.831331,,0.831331,0.831011,0.831277,539.0805,538.8521,539.045397,492.801687,492.898132,492.819973
812,32500,,0.831331,,0.831331,0.831011,0.831284,539.0805,538.8521,539.049965,492.801687,492.898132,492.817575
813,32500,,0.831331,,0.831331,0.831011,0.831292,539.0805,538.8521,539.055608,492.801687,492.898132,492.814744
814,32500,,0.831331,,0.831331,0.831011,0.831301,539.0805,538.8521,539.061263,492.801687,492.898132,492.811813
815,32500,,0.831331,,0.831331,0.831011,0.83131,539.0805,538.8521,539.066912,492.801687,492.898132,492.808346
816,32500,,0.831331,,0.831331,0.831011,0.83132,539.0805,538.8521,539.073776,492.801687,492.898132,492.805353
817,32500,,0.831331,,0.831331,0.831153,0.831327,539.0805,538.973,539.07835,492.801687,492.86846,492.803257
818,32500,,0.831331,,0.831331,0.831153,0.831329,539.0805,538.973,539.079425,492.801687,492.86846,492.802354
819,32500,,0.831331,,0.831331,0.831331,0.831331,539.0805,539.0805,539.0805,492.801687,492.801687,492.801687
820,32500,,0.831331,,0.831331,0.831331,0.831331,539.0805,539.0805,539.0805,492.801687,492.801687,492.801687
821,32500,,0.831331,,0.831331,0.831331,0.831331,539.0805,539.0805,539.0805,492.801687,492.801687,492.801687
822,32500,,0.831331,,0.831331,0.831331,0.831331,539.0805,539.0805,539.0805,492.801687,492.801687,492.801687
823,32500,,0.831331,,0.831331,0.831331,0.831331,539.0805,539.0805,539.0805,492.801687,492.801687,492.801687
824,32500,,0.831331,,0.831331,0.831331,0.831331,539.0805,539.0805,539.0805,492.801687,492.801687,492.801687
825,32500,,0.831331,,0.831331,0.831331,0.831331,539.0805,539.0805,539.0805,492.801687,492.801687,492.801687
826,32500,,0.831331,,0.831331,0.831331,0.831331,539.0805,539.0805,539.0805,492.801687,492.801687,492.801687
827,32500,,0.831331,,0.831331,0.831331,0.831331,539.0805,539.0805,539.0805,492.801687,492.801687,492.801687
828,32500,,0.831331,,0.831331,0.831331,0.831331,539.0805,539.0805,539.0805,492.801687,492.801687,492.801687
829,32500,,0.831489,,0.831489,0.831331,0.831332,539.2127,539.0805,539.081822,492.766545,492.801687,492.801335
830,32500,,0.831489,,0.831489,0.831331,0.831337,539.2127,539.0805,539.085788,492.766545,492.801687,492.800281
831,32500,,0.831489,,0.831489,0.831331,0.83134,539.2127,539.0805,539.088432,492.766545,492.801687,492.799578
832,32500,,0.831489,,0.831489,0.831331,0.831347,539.2127,539.0805,539.095042,492.766545,492.813105,492.798287
833,32500,,0.831489,,0.831489,0.831331,0.831353,539.2127,539.0805,539.10033,492.766545,492.813105,492.797347
834,32500,,0.831489,,0.831489,0.831331,0.831355,539.2127,539.0805,539.101652,492.766545,492.813105,492.796995
835,32500,,0.831489,,0.831489,0.831331,0.831363,539.2127,539.0805,539.108262,492.766545,492.813105,492.794773
836,32500,,0.831489,,0.831489,0.831331,0.831367,539.2127,539.0805,539.110906,492.766545,492.801687,492.793604
837,32500,,0.831489,,0.831489,0.831331,0.831375,539.2127,539.0805,539.117516,492.766545,492.801687,492.791847
838,32500,,0.831489,,0.831489,0.831331,0.831383,539.2127,539.0805,539.124126,492.766545,492.801687,492.79009
839,32500,,0.831489,,0.831489,0.831331,0.831392,539.2127,539.0805,539.132058,492.766545,492.801687,492.787981
840,32500,,0.831489,,0.831489,0.831331,0.831399,539.2127,539.0805,539.137346,492.766545,492.801687,492.786576
841,32500,,0.831489,,0.831489,0.831331,0.831411,539.2127,539.0805,539.147922,492.766545,492.801687,492.783764
842,32500,,0.831489,,0.831489,0.831331,0.831424,539.2127,539.0805,539.158498,492.766545,492.801687,492.780953
843,32500,,0.831489,,0.831489,0.831331,0.831435,539.2127,539.0805,539.167752,492.766545,492.801687,492.778493
844,32500,,0.831489,,0.831489,0.831331,0.831445,539.2127,539.0805,539.175684,492.766545,492.801687,492.776385
845,32500,,0.831489,,0.831489,0.831331,0.831456,539.2127,539.0805,539.184938,492.766545,492.801687,492.773925
846,32500,,0.831489,,0.831489,0.831331,0.831465,539.2127,539.0805,539.19287,492.766545,492.801687,492.771816
847,32500,,0.831489,,0.831489,0.831331,0.83147,539.2127,539.0805,539.196836,492.766545,492.801687,492.770762
848,32500,,0.831489,,0.831489,0.831331,0.831476,539.2127,539.0805,539.202124,492.766545,492.801687,492.769356
849,32500,,0.831489,,0.831489,0.831331,0.831481,539.2127,539.0805,539.20609,492.766545,492.801687,492.768302
850,32500,,0.831489,,0.831489,0.82971,0.831438,539.2127,537.7061,539.168591,492.572532,493.305259,492.777249
851,32500,,0.831489,,0.831489,0.831331,0.831484,539.2127,539.0805,539.208734,492.766545,492.801687,492.767599
852,32500,,0.831489,,0.831489,0.831331,0.831488,539.2127,539.0805,539.211378,492.766545,492.801687,492.766896
853,32500,,0.831489,,0.831489,0.831331,0.831488,539.2127,539.0805,539.211378,492.766545,492.801687,492.766896
854,32500,,0.831489,,0.831489,0.831489,0.831489,539.2127,539.2127,539.2127,492.766545,492.766545,492.766545
855,32500,,0.831489,,0.831489,0.831489,0.831489,539.2127,539.2127,539.2127,492.766545,492.766545,492.766545
856,32500,,0.831489,,0.831489,0.831489,0.831489,539.2127,539.2127,539.2127,492.766545,492.766545,492.766545
857,32500,,0.831489,,0.831489,0.831489,0.831489,539.2127,539.2127,539.2127,492.766545,492.766545,492.766545
858,32500,,0.831489,,0.831489,0.831489,0.831489,539.2127,539.2127,539.2127,492.766545,492.766545,492.766545
859,32500,,0.831489,,0.831489,0.831489,0.831489,539.2127,539.2127,539.2127,492.766545,492.766545,492.766545
860,32500,,0.831489,,0.831489,0.831489,0.831489,539.2127,539.2127,539.2127,492.766545,492.766545,492.766545
861,32500,,0.831489,,0.831489,0.831489,0.831489,539.2127,539.2127,539.2127,492.766545,492.766545,492.766545
862,32500,,0.831489,,0.831489,0.831489,0.831489,539.2127,539.2127,539.2127,492.766545,492.766545,492.766545
863,32500,,0.831489,,0.831489,0.831489,0.831489,539.2127,539.2127,539.2127,492.766545,492.766545,492.766545
864,32500,,0.831489,,0.831489,0.831489,0.831489,539.2127,539.2127,539.2127,492.766545,492.766545,492.766545
865,32500,,0.831489,,0.831489,0.831489,0.831489,539.2127,539.2127,539.2127,492.766545,492.766545,492.766545
866,32500,,0.831489,,0.831489,0.831489,0.831489,539.2127,539.2127,539.2127,492.766545,492.766545,492.766545
867,32500,,0.831489,,0.831489,0.831489,0.831489,539.2127,539.2127,539.2127,492.766545,492.766545,492.766545
868,32500,,0.831489,,0.831489,0.831489,0.831489,539.2127,539.2127,539.2127,492.766545,492.766545,492.766545
869,32500,,0.831489,,0.831489,0.831489,0.831489,539.2127,539.2127,539.2127,492.766545,492.766545,492.766545
870,32500,,0.831489,,0.831489,0.831489,0.831489,539.2127,539.2127,539.2127,492.766545,492.766545,492.766545
871,32500,,0.831489,,0.831489,0.831489,0.831489,539.2127,539.2127,539.2127,492.766545,492.766545,492.766545
872,32500,,0.831489,,0.831489,0.831489,0.831489,539.2127,539.2127,539.2127,492.766545,492.766545,492.766545
873,32500,,0.831489,,0.831489,0.831489,0.831489,539.2127,539.2127,539.2127,492.766545,492.766545,492.766545
874,32500,,0.831489,,0.831489,0.831489,0.831489,539.2127,539.2127,539.2127,492.766545,492.766545,492.766545
875,32500,,0.831489,,0.831489,0.831489,0.831489,539.2127,539.2127,539.2127,492.766545,492.766545,492.766545
876,32500,,0.831489,,0.831489,0.831489,0.831489,539.2127,539.2127,539.2127,492.766545,492.766545,492.766545
877,32500,,0.831489,,0.831489,0.831489,0.831489,539.2127,539.2127,539.2127,492.766545,492.766545,492.766545
878,32500,,0.831489,,0.831489,0.831489,0.831489,539.2127,539.2127,539.2127,492.766545,492.766545,492.766545
879,32500,,0.831489,,0.831489,0.831489,0.831489,539.2127,539.2127,539.2127,492.766545,492.766545,492.766545
880,32500,,0.831489,,0.831489,0.831489,0.831489,539.2127,539.2127,539.2127,492.766545,492.766545,492.766545
881,32500,,0.831489,,0.831489,0.831489,0.831489,539.2127,539.2127,539.2127,492.766545,492.766545,492.766545
882,32500,,0.831489,,0.831489,0.831489,0.831489,539.2127,539.2127,539.2127,492.766545,492.766545,492.766545
883,32500,,0.831489,,0.831489,0.831489,0.831489,539.2127,539.2127,539.2127,492.766545,492.766545,492.766545
884,32500,,0.831489,,0.831489,0.831489,0.831489,539.2127,539.2127,539.2127,492.766545,492.766545,492.766545
885,32500,,0.831489,,0.831489,0.831489,0.831489,539.2127,539.2127,539.2127,492.766545,492.766545,492.766545
886,32500,,0.831489,,0.831489,0.831489,0.831489,539.2127,539.2127,539.2127,492.766545,492.766545,492.766545
887,32500,,0.831489,,0.831489,0.831489,0.831489,539.2127,539.2127,539.2127,492.766545,492.766545,492.766545
888,32500,,0.831489,,0.831489,0.831489,0.831489,539.2127,539.2127,539.2127,492.766545,492.766545,492.766545
889,32500,,0.831489,,0.831489,0.831489,0.831489,539.2127,539.2127,539.2127,492.766545,492.766545,492.766545
890,32500,,0.831489,,0.831489,0.831489,0.831489,539.2127,539.2127,539.2127,492.766545,492.766545,492.766545
891,32500,,0.831489,,0.831489,0.831489,0.831489,539.2127,539.2127,539.2127,492.766545,492.766545,492.766545
892,32500,,0.831489,,0.831489,0.831489,0.831489,539.2127,539.2127,539.2127,492.766545,492.766545,492.766545
893,32500,,0.831489,,0.831489,0.831489,0.831489,539.2127,539.2127,539.2127,492.766545,492.766545,492.766545
894,32500,,0.831489,,0.831489,0.831489,0.831489,539.2127,539.2127,539.2127,492.766545,492.766545,492.766545
895,32500,,0.831489,,0.831489,0.831489,0.831489,539.2127,539.2127,539.2127,492.766545,492.766545,492.766545
896,32500,,0.831489,,0.831489,0.831489,0.831489,539.2127,539.2127,539.2127,492.766545,492.766545,492.766545
897,32500,,0.831489,,0.831489,0.831489,0.831489,539.2127,539.2127,539.2127,492.766545,492.766545,492.766545
898,32500,,0.831489,,0.831489,0.831489,0.831489,539.2127,539.2127,539.2127,492.766545,492.766545,492.766545
899,32500,,0.831489,,0.831489,0.831489,0.831489,539.2127,539.2127,539.2127,492.766545,492.766545,492.766545
900,32500,,0.831489,,0.831489,0.831489,0.831489,539.2127,539.2127,539.2127,492.766545,492.766545,492.766545
901,32500,,0.831489,,0.831489,0.831489,0.831489,539.2127,539.2127,539.2127,492.766545,492.766545,492.766545
902,32500,,0.831489,,0.831489,0.831489,0.831489,539.2127,539.2127,539.2127,492.766545,492.766545,492.766545
903,32500,,0.831489,,0.831489,0.831489,0.831489,539.2127,539.2127,539.2127,492.766545,492.766545,492.766545
904,32500,,0.831489,,0.831489,0.831489,0.831489,539.2127,539.2127,539.2127,492.766545,492.766545,492.766545
905,32500,,0.831489,,0.831489,0.831489,0.831489,539.2127,539.2127,539.2127,492.766545,492.766545,492.766545
906,32500,,0.831489,,0.831489,0.831489,0.831489,539.2127,539.2127,539.2127,492.766545,492.766545,492.766545
907,32500,,0.831489,,0.831489,0.831489,0.831489,539.2127,539.2127,539.2127,492.766545,492.766545,492.766545
908,32500,,0.831489,,0.831489,0.831489,0.831489,539.2127,539.2127,539.2127,492.766545,492.766545,492.766545
909,32500,,0.831489,,0.831489,0.831489,0.831489,539.2127,539.2127,539.2127,492.766545,492.766545,492.766545
910,32500,,0.831489,,0.831489,0.831489,0.831489,539.2127,539.2127,539.2127,492.766545,492.766545,492.766545
911,32500,,0.831489,,0.831489,0.831489,0.831489,539.2127,539.2127,539.2127,492.766545,492.766545,492.766545
912,32500,,0.831489,,0.831489,0.831489,0.831489,539.2127,539.2127,539.2127,492.766545,492.766545,492.766545
913,32500,,0.831489,,0.831489,0.831489,0.831489,539.2127,539.2127,539.2127,492.766545,492.766545,492.766545
914,32500,,0.831489,,0.831489,0.831489,0.831489,539.2127,539.2127,539.2127,492.766545,492.766545,492.766545
915,32500,,0.831489,,0.831489,0.831489,0.831489,539.2127,539.2127,539.2127,492.766545,492.766545,492.766545
916,32500,,0.831489,,0.831489,0.831489,0.831489,539.2127,539.2127,539.2127,492.766545,492.766545,492.766545
917,32500,,0.831489,,0.831489,0.831489,0.831489,539.2127,539.2127,539.2127,492.766545,492.766545,492.766545
918,32500,,0.831489,,0.831489,0.831489,0.831489,539.2127,539.2127,539.2127,492.766545,492.766545,492.766545
919,32500,,0.831489,,0.831489,0.831489,0.831489,539.2127,539.2127,539.2127,492.766545,492.766545,492.766545
920,32500,,0.831489,,0.831489,0.831489,0.831489,539.2127,539.2127,539.2127,492.766545,492.766545,492.766545
921,32500,,0.831489,,0.831489,0.831489,0.831489,539.2127,539.2127,539.2127,492.766545,492.766545,492.766545
922,32500,,0.831489,,0.831489,0.831489,0.831489,539.2127,539.2127,539.2127,492.766545,492.766545,492.766545
923,32500,,0.831489,,0.831489,0.831489,0.831489,539.2127,539.2127,539.2127,492.766545,492.766545,492.766545
924,32500,,0.831489,,0.831489,0.831489,0.831489,539.2127,539.2127,539.2127,492.766545,492.766545,492.766545
925,32500,,0.831489,,0.831489,0.831489,0.831489,539.2127,539.2127,539.2127,492.766545,492.766545,492.766545
926,32500,,0.831489,,0.831489,0.831489,0.831489,539.2127,539.2127,539.2127,492.766545,492.766545,492.766545
927,32500,,0.831489,,0.831489,0.831489,0.831489,539.2127,539.2127,539.2127,492.766545,492.766545,492.766545
928,32500,,0.831489,,0.831489,0.831489,0.831489,539.2127,539.2127,539.2127,492.766545,492.766545,492.766545
929,32500,,0.831489,,0.831489,0.831489,0.831489,539.2127,539.2127,539.2127,492.766545,492.766545,492.766545
930,32500,,0.831489,,0.831489,0.831489,0.831489,539.2127,539.2127,539.2127,492.766545,492.766545,492.766545
931,32500,,0.831489,,0.831489,0.831489,0.831489,539.2127,539.2127,539.2127,492.766545,492.766545,492.766545
932,32500,,0.831489,,0.831489,0.831489,0.831489,539.2127,539.2127,539.2127,492.766545,492.766545,492.766545
933,32500,,0.831489,,0.831489,0.831489,0.831489,539.2127,539.2127,539.2127,492.766545,492.766545,492.766545
934,32500,,0.831489,,0.831489,0.831489,0.831489,539.2127,539.2127,539.2127,492.766545,492.766545,492.766545
935,32500,,0.831489,,0.831489,0.831489,0.831489,539.2127,539.2127,539.2127,492.766545,492.766545,492.766545
936,32500,,0.831489,,0.831489,0.831489,0.831489,539.2127,539.2127,539.2127,492.766545,492.766545,492.766545
937,32500,,0.831489,,0.831489,0.831489,0.831489,539.2127,539.2127,539.2127,492.766545,492.766545,492.766545
938,32500,,0.831489,,0.831489,0.831489,0.831489,539.2127,539.2127,539.2127,492.766545,492.766545,492.766545
939,32500,,0.831489,,0.831489,0.831489,0.831489,539.2127,539.2127,539.2127,492.766545,492.766545,492.766545
940,32500,,0.831489,,0.831489,0.831489,0.831489,539.2127,539.2127,539.2127,492.766545,492.766545,492.766545
941,32500,,0.831489,,0.831489,0.831489,0.831489,539.2127,539.2127,539.2127,492.766545,492.766545,492.766545
942,32500,,0.831489,,0.831489,0.831489,0.831489,539.2127,539.2127,539.2127,492.766545,492.766545,492.766545
943,32500,,0.831489,,0.831489,0.831489,0.831489,539.2127,539.2127,539.2127,492.766545,492.766545,492.766545
944,32500,,0.831489,,0.831489,0.831489,0.831489,539.2127,539.2127,539.2127,492.766545,492.766545,492.766545
945,32500,,0.831489,,0.831489,0.831489,0.831489,539.2127,539.2127,539.2127,492.766545,492.766545,492.766545
946,32500,,0.831489,,0.831489,0.831489,0.831489,539.2127,539.2127,539.2127,492.766545,492.766545,492.766545
947,32500,,0.831489,,0.831489,0.831489,0.831489,539.2127,539.2127,539.2127,492.766545,492.766545,492.766545
948,32500,,0.831489,,0.831489,0.831489,0.831489,539.2127,539.2127,539.2127,492.766545,492.766545,492.766545
949,32500,,0.831489,,0.831489,0.831489,0.831489,539.2127,539.2127,539.2127,492.766545,492.766545,492.766545
950,32500,,0.831489,,0.831489,0.831489,0.831489,539.2127,539.2127,539.2127,492.766545,492.766545,492.766545
951,32500,,0.831489,,0.831489,0.831489,0.831489,539.2127,539.2127,539.2127,492.766545,492.766545,492.766545
952,32500,,0.831489,,0.831489,0.831489,0.831489,539.2127,539.2127,539.2127,492.766545,492.766545,492.766545
953,32500,,0.831489,,0.831489,0.831489,0.831489,539.2127,539.2127,539.2127,492.766545,492.766545,492.766545
954,32500,,0.831489,,0.831489,0.831489,0.831489,539.2127,539.2127,539.2127,492.766545,492.766545,492.766545
955,32500,,0.831489,,0.831489,0.831489,0.831489,539.2127,539.2127,539.2127,492.766545,492.766545,492.766545
956,32500,,0.831489,,0.831489,0.831489,0.831489,539.2127,539.2127,539.2127,492.766545,492.766545,492.766545
957,32500,,0.831489,,0.831489,0.831489,0.831489,539.2127,539.2127,539.2127,492.766545,492.766545,492.766545
958,32500,,0.831489,,0.831489,0.831489,0.831489,539.2127,539.2127,539.2127,492.766545,492.766545,492.766545
959,32500,,0.831489,,0.831489,0.831489,0.831489,539.2127,539.2127,539.2127,492.766545,492.766545,492.766545
960,32500,,0.831489,,0.831489,0.831489,0.831489,539.2127,539.2127,539.2127,492.766545,492.766545,492.766545
961,32500,,0.831489,,0.831489,0.831489,0.831489,539.2127,539.2127,539.2127,492.766545,492.766545,492.766545
962,32500,,0.831489,,0.831489,0.831489,0.831489,539.2127,539.2127,539.2127,492.766545,492.766545,492.766545
963,32500,,0.831489,,0.831489,0.831489,0.831489,539.2127,539.2127,539.2127,492.766545,492.766545,492.766545
964,32500,,0.831489,,0.831489,0.831489,0.831489,539.2127,539.2127,539.2127,492.766545,492.766545,492.766545
965,32500,,0.831489,,0.831489,0.831489,0.831489,539.2127,539.2127,539.2127,492.766545,492.766545,492.766545
966,32500,,0.831489,,0.831489,0.831489,0.831489,539.2127,539.2127,539.2127,492.766545,492.766545,492.766545
967,32500,,0.831489,,0.831489,0.831489,0.831489,539.2127,539.2127,539.2127,492.766545,492.766545,492.766545
968,32500,,0.831489,,0.831489,0.831489,0.831489,539.2127,539.2127,539.2127,492.766545,492.766545,492.766545
969,32500,,0.831489,,0.831489,0.831489,0.831489,539.2127,539.2127,539.2127,492.766545,492.766545,492.766545
970,32500,,0.831489,,0.831489,0.831489,0.831489,539.2127,539.2127,539.2127,492.766545,492.766545,492.766545
971,32500,,0.831489,,0.831489,0.831489,0.831489,539.2127,539.2127,539.2127,492.766545,492.766545,492.766545
972,32500,,0.831489,,0.831489,0.831489,0.831489,539.2127,539.2127,539.2127,492.766545,492.766545,492.766545
973,32500,,0.831489,,0.831489,0.831489,0.831489,539.2127,539.2127,539.2127,492.766545,492.766545,492.766545
974,32500,,0.831489,,0.831489,0.831489,0.831489,539.2127,539.2127,539.2127,492.766545,492.766545,492.766545
975,32500,,0.831489,,0.831489,0.831489,0.831489,539.2127,539.2127,539.2127,492.766545,492.766545,492.766545
976,32500,,0.831489,,0.831489,0.831489,0.831489,539.2127,539.2127,539.2127,492.766545,492.766545,492.766545
977,32500,,0.831489,,0.831489,0.831489,0.831489,539.2127,539.2127,539.2127,492.766545,492.766545,492.766545
978,32500,,0.831489,,0.831489,0.831489,0.831489,539.2127,539.2127,539.2127,492.766545,492.766545,492.766545
979,32500,,0.831489,,0.831489,0.831489,0.831489,539.2127,539.2127,539.2127,492.766545,492.766545,492.766545
980,32500,,0.831489,,0.831489,0.831489,0.831489,539.2127,539.2127,539.2127,492.766545,492.766545,492.766545
981,32500,,0.831489,,0.831489,0.831489,0.831489,539.2127,539.2127,539.2127,492.766545,492.766545,492.766545
982,32500,,0.831489,,0.831489,0.831489,0.831489,539.2127,539.2127,539.2127,492.766545,492.766545,492.766545
983,32500,,0.831489,,0.831489,0.831489,0.831489,539.2127,539.2127,539.2127,492.766545,492.766545,492.766545
984,32500,,0.831489,,0.831489,0.831489,0.831489,539.2127,539.2127,539.2127,492.766545,492.766545,492.766545
985,32500,,0.831489,,0.831489,0.831489,0.831489,539.2127,539.2127,539.2127,492.766545,492.766545,492.766545
986,32500,,0.831489,,0.831489,0.831489,0.831489,539.2127,539.2127,539.2127,492.766545,492.766545,492.766545
987,32500,,0.831489,,0.831489,0.831489,0.831489,539.2127,539.2127,539.2127,492.766545,492.766545,492.766545
988,32500,,0.831489,,0.831489,0.831489,0.831489,539.2127,539.2127,539.2127,492.766545,492.766545,492.766545
989,32500,,0.831489,,0.831489,0.831489,0.831489,539.2127,539.2127,539.2127,492.766545,492.766545,492.766545
990,32500,,0.831489,,0.831489,0.831489,0.831489,539.2127,539.2127,539.2127,492.766545,492.766545,492.766545
991,32500,,0.831489,,0.831489,0.831489,0.831489,539.2127,539.2127,539.2127,492.766545,492.766545,492.766545
992,32500,,0.831489,,0.831489,0.831489,0.831489,539.2127,539.2127,539.2127,492.766545,492.766545,492.766545
993,32500,,0.831489,,0.831489,0.831489,0.831489,539.2127,539.2127,539.2127,492.766545,492.766545,492.766545
994,32500,,0.831489,,0.831489,0.831489,0.831489,539.2127,539.2127,539.2127,492.766545,492.766545,492.766545
995,32500,,0.831489,,0.831489,0.831489,0.831489,539.2127,539.2127,539.2127,492.766545,492.766545,492.766545
996,32500,,0.831489,,0.831489,0.831489,0.831489,539.2127,539.2127,539.2127,492.766545,492.766545,492.766545
997,32500,,0.831489,,0.831489,0.831489,0.831489,539.2127,539.2127,539.2127,492.766545,492.766545,492.766545
998,32500,,0.831489,,0.831489,0.831489,0.831489,539.2127,539.2127,539.2127,492.766545,492.766545,492.766545
999,32500,,0.831489,,0.831489,0.831489,0.831489,539.2127,539.2127,539.2127,492.766545,492.766545,492.766545
1000,32500,,0.831489,,0.831489,0.831489,0.831489,539.2127,539.2127,539.2127,492.766545,492.766545,492.766545
1001,32500,,0.831489,,0.831489,0.831489,0.831489,539.2127,539.2127,539.2127,492.766545,492.766545,492.766545
1002,32500,,0.831489,,0.831489,0.831489,0.831489,539.2127,539.2127,539.2127,492.766545,492.766545,492.766545
1003,32500,,0.831489,,0.831489,0.831489,0.831489,539.2127,539.2127,539.2127,492.766545,492.766545,492.766545
1004,32500,,0.831489,,0.831489,0.831489,0.831489,539.2127,539.2127,539.2127,492.766545,492.766545,492.766545
1005,32500,,0.831489,,0.831489,0.831489,0.831489,539.2127,539.2127,539.2127,492.766545,492.766545,492.766545
1006,32500,,0.831489,,0.831489,0.831489,0.831489,539.2127,539.2127,539.2127,492.766545,492.766545,492.766545
1007,32500,,0.831489,,0.831489,0.831489,0.831489,539.2127,539.2127,539.2127,492.766545,492.766545,492.766545
1008,32500,,0.831489,,0.831489,0.831489,0.831489,539.2127,539.2127,539.2127,492.766545,492.766545,492.766545
1009,32500,,0.831489,,0.831489,0.831489,0.831489,539.2127,539.2127,539.2127,492.766545,492.766545,492.766545
1010,32500,,0.831489,,0.831489,0.831489,0.831489,539.2127,539.2127,539.2127,492.766545,492.766545,492.766545
1011,32500,,0.831489,,0.831489,0.831489,0.831489,539.2127,539.2127,539.2127,492.766545,492.766545,492.766545
1012,32500,,0.831489,,0.831489,0.831489,0.831489,539.2127,539.2127,539.2127,492.766545,492.766545,492.766545
1013,32500,,0.831489,,0.831489,0.831489,0.831489,539.2127,539.2127,539.2127,492.766545,492.766545,492.766545
1014,32500,,0.831489,,0.831489,0.831489,0.831489,539.2127,539.2127,539.2127,492.766545,492.766545,492.766545
1015,32500,,0.831489,,0.831489,0.831489,0.831489,539.2127,539.2127,539.2127,492.766545,492.766545,492.766545
1016,32500,,0.831489,,0.831489,0.831489,0.831489,539.2127,539.2127,539.2127,492.766545,492.766545,492.766545
1017,32500,,0.831489,,0.831489,0.831489,0.831489,539.2127,539.2127,539.2127,492.766545,492.766545,492.766545
1018,32500,,0.831489,,0.831489,0.831489,0.831489,539.2127,539.2127,539.2127,492.766545,492.766545,492.766545
1019,32500,,0.831489,,0.831489,0.831489,0.831489,539.2127,539.2127,539.2127,492.766545,492.766545,492.766545
1020,32500,,0.831489,,0.831489,0.831489,0.831489,539.2127,539.2127,539.2127,492.766545,492.766545,492.766545
1021,32500,,0.831489,,0.831489,0.831489,0.831489,539.2127,539.2127,539.2127,492.766545,492.766545,492.766545
1022,32500,,0.831489,,0.831489,0.831489,0.831489,539.2127,539.2127,539.2127,492.766545,492.766545,492.766545
1023,32500,,0.831489,,0.831489,0.831489,0.831489,539.2127,539.2127,539.2127,492.766545,492.766545,492.766545
1024,32500,,0.831489,,0.831489,0.831489,0.831489,539.2127,539.2127,539.2127,492.766545,492.766545,492.766545
1025,32500,,0.831489,,0.831489,0.831489,0.831489,539.2127,539.2127,539.2127,492.766545,492.766545,492.766545
1026,32500,,0.831489,,0.831489,0.831489,0.831489,539.2127,539.2127,539.2127,492.766545,492.766545,492.766545
1027,32500,,0.831489,,0.831489,0.831489,0.831489,539.2127,539.2127,539.2127,492.766545,492.766545,492.766545
1028,32500,,0.831489,,0.831489,0.831489,0.831489,539.2127,539.2127,539.2127,492.766545,492.766545,492.766545
1029,32500,,0.831489,,0.831489,0.831489,0.831489,539.2127,539.2127,539.2127,492.766545,492.766545,492.766545
1030,32500,,0.831489,,0.831489,0.831489,0.831489,539.2127,539.2127,539.2127,492.766545,492.766545,492.766545
1031,32500,,0.831489,,0.831489,0.831489,0.831489,539.2127,539.2127,539.2127,492.766545,492.766545,492.766545
1032,32500,,0.831489,,0.831489,0.831489,0.831489,539.2127,539.2127,539.2127,492.766545,492.766545,492.766545
1033,32500,,0.831489,,0.831489,0.831489,0.831489,539.2127,539.2127,539.2127,492.766545,492.766545,492.766545
1034,32500,,0.831489,,0.831489,0.831489,0.831489,539.2127,539.2127,539.2127,492.766545,492.766545,492.766545
1035,32500,,0.831489,,0.831489,0.831489,0.831489,539.2127,539.2127,539.2127,492.766545,492.766545,492.766545
1036,32500,,0.831489,,0.831489,0.831489,0.831489,539.2127,539.2127,539.2127,492.766545,492.766545,492.766545
1037,32500,,0.831489,,0.831489,0.831489,0.831489,539.2127,539.2127,539.2127,492.766545,492.766545,492.766545
1038,32500,,0.831489,,0.831489,0.831489,0.831489,539.2127,539.2127,539.2127,492.766545,492.766545,492.766545
1039,32500,,0.831489,,0.831489,0.831489,0.831489,539.2127,539.2127,539.2127,492.766545,492.766545,492.766545
1040,32500,,0.831489,,0.831489,0.831489,0.831489,539.2127,539.2127,539.2127,492.766545,492.766545,492.766545
1041,32500,,0.831489,,0.831489,0.831489,0.831489,539.2127,539.2127,539.2127,492.766545,492.766545,492.766545
1042,32500,,0.831489,,0.831489,0.831489,0.831489,539.2127,539.2127,539.2127,492.766545,492.766545,492.766545
1043,32500,,0.831489,,0.831489,0.831489,0.831489,539.2127,539.2127,539.2127,492.766545,492.766545,492.766545
1044,32500,,0.831489,,0.831489,0.831489,0.831489,539.2127,539.2127,539.2127,492.766545,492.766545,492.766545
1045,32500,,0.831489,,0.831489,0.831489,0.831489,539.2127,539.2127,539.2127,492.766545,492.766545,492.766545
1046,32500,,0.831489,,0.831489,0.831489,0.831489,539.2127,539.2127,539.2127,492.766545,492.766545,492.766545
1047,32500,,0.831489,,0.831489,0.831489,0.831489,539.2127,539.2127,539.2127,492.766545,492.766545,492.766545
1048,32500,,0.831489,,0.831489,0.831489,0.831489,539.2127,539.2127,539.2127,492.766545,492.766545,492.766545
1049,32500,,0.831489,,0.831489,0.831489,0.831489,539.2127,539.2127,539.2127,492.766545,492.766545,492.766545
1050,32500,,0.831489,,0.831489,0.831489,0.831489,539.2127,539.2127,539.2127,492.766545,492.766545,492.766545
1051,32500,,0.831489,,0.831489,0.831489,0.831489,539.2127,539.2127,539.2127,492.766545,492.766545,492.766545
1052,32500,,0.831489,,0.831489,0.831489,0.831489,539.2127,539.2127,539.2127,492.766545,492.766545,492.766545
1053,32500,,0.831489,,0.831489,0.831489,0.831489,539.2127,539.2127,539.2127,492.766545,492.766545,492.766545
1054,32500,,0.831489,,0.831489,0.831489,0.831489,539.2127,539.2127,539.2127,492.766545,492.766545,492.766545
1055,32500,,0.831489,,0.831489,0.831489,0.831489,539.2127,539.2127,539.2127,492.766545,492.766545,492.766545
1056,32500,,0.831489,,0.831489,0.831489,0.831489,539.2127,539.2127,539.2127,492.766545,492.766545,492.766545
1057,32500,,0.831489,,0.831489,0.831489,0.831489,539.2127,539.2127,539.2127,492.766545,492.766545,492.766545
1058,32500,,0.831489,,0.831489,0.831489,0.831489,539.2127,539.2127,539.2127,492.766545,492.766545,492.766545
1059,32500,,0.831489,,0.831489,0.831489,0.831489,539.2127,539.2127,539.2127,492.766545,492.766545,492.766545
1060,32500,,0.831489,,0.831489,0.831489,0.831489,539.2127,539.2127,539.2127,492.766545,492.766545,492.766545
1061,32500,,0.831489,,0.831489,0.831489,0.831489,539.2127,539.2127,539.2127,492.766545,492.766545,492.766545
1062,32500,,0.831489,,0.831489,0.831489,0.831489,539.2127,539.2127,539.2127,492.766545,492.766545,492.766545
1063,32500,,0.831489,,0.831489,0.831489,0.831489,539.2127,539.2127,539.2127,492.766545,492.766545,492.766545
1064,32500,,0.831489,,0.831489,0.831489,0.831489,539.2127,539.2127,539.2127,492.766545,492.766545,492.766545
1065,32500,,0.831489,,0.831489,0.831489,0.831489,539.2127,539.2127,539.2127,492.766545,492.766545,492.766545
1066,32500,,0.831489,,0.831489,0.831489,0.831489,539.2127,539.2127,539.2127,492.766545,492.766545,492.766545
1067,32500,,0.831489,,0.831489,0.831489,0.831489,539.2127,539.2127,539.2127,492.766545,492.766545,492.766545
1068,32500,,0.831489,,0.831489,0.831489,0.831489,539.2127,539.2127,539.2127,492.766545,492.766545,492.766545
1069,32500,,0.831489,,0.831489,0.831489,0.831489,539.2127,539.2127,539.2127,492.766545,492.766545,492.766545
1070,32500,,0.831489,,0.831489,0.831489,0.831489,539.2127,539.2127,539.2127,492.766545,492.766545,492.766545
1071,32500,,0.831489,,0.831489,0.831489,0.831489,539.2127,539.2127,539.2127,492.766545,492.766545,492.766545
1072,32500,,0.831489,,0.831489,0.831489,0.831489,539.2127,539.2127,539.2127,492.766545,492.766545,492.766545
1073,32500,,0.831489,,0.831489,0.831489,0.831489,539.2127,539.2127,539.2127,492.766545,492.766545,492.766545
1074,32500,,0.831489,,0.831489,0.831489,0.831489,539.2127,539.2127,539.2127,492.766545,492.766545,492.766545
1075,32500,,0.831489,,0.831489,0.831489,0.831489,539.2127,539.2127,539.2127,492.766545,492.766545,492.766545
1076,32500,,0.831489,,0.831489,0.831489,0.831489,539.2127,539.2127,539.2127,492.766545,492.766545,492.766545
1077,32500,,0.831489,,0.831489,0.831489,0.831489,539.2127,539.2127,539.2127,492.766545,492.766545,492.766545
1078,32500,,0.831489,,0.831489,0.831489,0.831489,539.2127,539.2127,539.2127,492.766545,492.766545,492.766545
1079,32500,,0.831489,,0.831489,0.831489,0.831489,539.2127,539.2127,539.2127,492.766545,492.766545,492.766545
1080,32500,,0.831489,,0.831489,0.831489,0.831489,539.2127,539.2127,539.2127,492.766545,492.766545,492.766545
1081,32500,,0.831489,,0.831489,0.831489,0.831489,539.2127,539.2127,539.2127,492.766545,492.766545,492.766545
1082,32500,,0.831489,,0.831489,0.831489,0.831489,539.2127,539.2127,539.2127,492.766545,492.766545,492.766545
1083,32500,,0.831489,,0.831489,0.831489,0.831489,539.2127,539.2127,539.2127,492.766545,492.766545,492.766545
1084,32500,,0.831489,,0.831489,0.831489,0.831489,539.2127,539.2127,539.2127,492.766545,492.766545,492.766545
1085,32500,,0.831489,,0.831489,0.831489,0.831489,539.2127,539.2127,539.2127,492.766545,492.766545,492.766545
1086,32500,,0.831489,,0.831489,0.831489,0.831489,539.2127,539.2127,539.2127,492.766545,492.766545,492.766545
1087,32500,,0.831489,,0.831489,0.831489,0.831489,539.2127,539.2127,539.2127,492.766545,492.766545,492.766545
1088,32500,,0.831489,,0.831489,0.831489,0.831489,539.2127,539.2127,539.2127,492.766545,492.766545,492.766545
1089,32500,,0.831489,,0.831489,0.831489,0.831489,539.2127,539.2127,539.2127,492.766545,492.766545,492.766545
1090,32500,,0.831489,,0.831489,0.831489,0.831489,539.2127,539.2127,539.2127,492.766545,492.766545,492.766545
1091,32500,,0.831489,,0.831489,0.831489,0.831489,539.2127,539.2127,539.2127,492.766545,492.766545,492.766545
1092,32500,,0.831489,,0.831489,0.831489,0.831489,539.2127,539.2127,539.2127,492.766545,492.766545,492.766545
1093,32500,,0.831489,,0.831489,0.831489,0.831489,539.2127,539.2127,539.2127,492.766545,492.766545,492.766545
1094,32500,,0.831489,,0.831489,0.831489,0.831489,539.2127,539.2127,539.2127,492.766545,492.766545,492.766545
1095,32500,,0.831489,,0.831489,0.831489,0.831489,539.2127,539.2127,539.2127,492.766545,492.766545,492.766545
1096,32500,,0.831489,,0.831489,0.831489,0.831489,539.2127,539.2127,539.2127,492.766545,492.766545,492.766545
1097,32500,,0.831489,,0.831489,0.831489,0.831489,539.2127,539.2127,539.2127,492.766545,492.766545,492.766545
1098,32500,,0.831489,,0.831489,0.831489,0.831489,539.2127,539.2127,539.2127,492.766545,492.766545,492.766545
1099,32500,,0.831489,,0.831489,0.831489,0.831489,539.2127,539.2127,539.2127,492.766545,492.766545,492.766545
1100,32500,,0.831489,,0.831489,0.831489,0.831489,539.2127,539.2127,539.2127,492.766545,492.766545,492.766545
1101,32500,,0.831489,,0.831489,0.831489,0.831489,539.2127,539.2127,539.2127,492.766545,492.766545,492.766545
1102,32500,,0.831489,,0.831489,0.831489,0.831489,539.2127,539.2127,539.2127,492.766545,492.766545,492.766545
1103,32500,,0.831489,,0.831489,0.831489,0.831489,539.2127,539.2127,539.2127,492.766545,492.766545,492.766545
1104,32500,,0.831489,,0.831489,0.831489,0.831489,539.2127,539.2127,539.2127,492.766545,492.766545,492.766545
1105,32500,,0.831489,,0.831489,0.831489,0.831489,539.2127,539.2127,539.2127,492.766545,492.766545,492.766545
1106,32500,,0.831489,,0.831489,0.831489,0.831489,539.2127,539.2127,539.2127,492.766545,492.766545,492.766545
1107,32500,,0.831489,,0.831489,0.831489,0.831489,539.2127,539.2127,539.2127,492.766545,492.766545,492.766545
1108,32500,,0.831489,,0.831489,0.831489,0.831489,539.2127,539.2127,539.2127,492.766545,492.766545,492.766545
1109,32500,,0.831489,,0.831489,0.831489,0.831489,539.2127,539.2127,539.2127,492.766545,492.766545,492.766545
1110,32500,,0.831489,,0.831489,0.831489,0.831489,539.2127,539.2127,539.2127,492.766545,492.766545,492.766545
1111,32500,,0.831489,,0.831489,0.831489,0.831489,539.2127,539.2127,539.2127,492.766545,492.766545,492.766545
1112,32500,,0.831489,,0.831489,0.831489,0.831489,539.2127,539.2127,539.2127,492.766545,492.766545,492.766545
1113,32500,,0.831489,,0.831489,0.831489,0.831489,539.2127,539.2127,539.2127,492.766545,492.766545,492.766545
1114,32500,,0.831489,,0.831489,0.831489,0.831489,539.2127,539.2127,539.2127,492.766545,492.766545,492.766545
1115,32500,,0.831489,,0.831489,0.831489,0.831489,539.2127,539.2127,539.2127,492.766545,492.766545,492.766545
1116,32500,,0.831489,,0.831489,0.831489,0.831489,539.2127,539.2127,539.2127,492.766545,492.766545,492.766545
1117,32500,,0.831489,,0.831489,0.831489,0.831489,539.2127,539.2127,539.2127,492.766545,492.766545,492.766545
1118,32500,,0.831489,,0.831489,0.831489,0.831489,539.2127,539.2127,539.2127,492.766545,492.766545,492.766545
1119,32500,,0.831489,,0.831489,0.831489,0.831489,539.2127,539.2127,539.2127,492.766545,492.766545,492.766545
1120,32500,,0.831489,,0.831489,0.831489,0.831489,539.2127,539.2127,539.2127,492.766545,492.766545,492.766545
1121,32500,,0.831489,,0.831489,0.831489,0.831489,539.2127,539.2127,539.2127,492.766545,492.766545,492.766545
1122,32500,,0.831489,,0.831489,0.831489,0.831489,539.2127,539.2127,539.2127,492.766545,492.766545,492.766545
1123,32500,,0.831489,,0.831489,0.831489,0.831489,539.2127,539.2127,539.2127,492.766545,492.766545,492.766545
1124,32500,,0.831489,,0.831489,0.831489,0.831489,539.2127,539.2127,539.2127,492.766545,492.766545,492.766545
1125,32500,,0.831489,,0.831489,0.831489,0.831489,539.2127,539.2127,539.2127,492.766545,492.766545,492.766545
1126,32500,,0.831489,,0.831489,0.831489,0.831489,539.2127,539.2127,539.2127,492.766545,492.766545,492.766545
1127,32500,,0.831489,,0.831489,0.831489,0.831489,539.2127,539.2127,539.2127,492.766545,492.766545,492.766545
1128,32500,,0.831489,,0.831489,0.831489,0.831489,539.2127,539.2127,539.2127,492.766545,492.766545,492.766545
1129,32500,,0.831489,,0.831489,0.831489,0.831489,539.2127,539.2127,539.2127,492.766545,492.766545,492.766545
1130,32500,,0.831489,,0.831489,0.831489,0.831489,539.2127,539.2127,539.2127,492.766545,492.766545,492.766545
1131,32500,,0.831489,,0.831489,0.831489,0.831489,539.2127,539.2127,539.2127,492.766545,492.766545,492.766545
1132,32500,,0.831489,,0.831489,0.831489,0.831489,539.2127,539.2127,539.2127,492.766545,492.766545,492.766545
1133,32500,,0.831489,,0.831489,0.831489,0.831489,539.2127,539.2127,539.2127,492.766545,492.766545,492.766545
1134,32500,,0.831489,,0.831489,0.831489,0.831489,539.2127,539.2127,539.2127,492.766545,492.766545,492.766545
1135,32500,,0.831489,,0.831489,0.831489,0.831489,539.2127,539.2127,539.2127,492.766545,492.766545,492.766545
1136,32500,,0.831489,,0.831489,0.831489,0.831489,539.2127,539.2127,539.2127,492.766545,492.766545,492.766545
1137,32500,,0.831489,,0.831489,0.831489,0.831489,539.2127,539.2127,539.2127,492.766545,492.766545,492.766545
1138,32500,,0.831489,,0.831489,0.831489,0.831489,539.2127,539.2127,539.2127,492.766545,492.766545,492.766545
1139,32500,,0.831489,,0.831489,0.831489,0.831489,539.2127,539.2127,539.2127,492.766545,492.766545,492.766545
1140,32500,,0.831489,,0.831489,0.831489,0.831489,539.2127,539.2127,539.2127,492.766545,492.766545,492.766545
1141,32500,,0.831489,,0.831489,0.831489,0.831489,539.2127,539.2127,539.2127,492.766545,492.766545,492.766545
1142,32500,,0.831489,,0.831489,0.831489,0.831489,539.2127,539.2127,539.2127,492.766545,492.766545,492.766545
1143,32500,,0.831489,,0.831489,0.831489,0.831489,539.2127,539.2127,539.2127,492.766545,492.766545,492.766545
1144,32500,,0.831489,,0.831489,0.831489,0.831489,539.2127,539.2127,539.2127,492.766545,492.766545,492.766545
1145,32500,,0.831489,,0.831489,0.831489,0.831489,539.2127,539.2127,539.2127,492.766545,492.766545,492.766545
1146,32500,,0.831489,,0.831489,0.831489,0.831489,539.2127,539.2127,539.2127,492.766545,492.766545,492.766545
1147,32500,,0.831489,,0.831489,0.831489,0.831489,539.2127,539.2127,539.2127,492.766545,492.766545,492.766545
1148,32500,,0.831489,,0.831489,0.831489,0.831489,539.2127,539.2127,539.2127,492.766545,492.766545,492.766545
1149,32500,,0.831489,,0.831489,0.831489,0.831489,539.2127,539.2127,539.2127,492.766545,492.766545,492.766545
1150,32500,,0.831489,,0.831489,0.831489,0.831489,539.2127,539.2127,539.2127,492.766545,492.766545,492.766545
1151,32500,,0.831489,,0.831489,0.831489,0.831489,539.2127,539.2127,539.2127,492.766545,492.766545,492.766545
1152,32500,,0.831489,,0.831489,0.831489,0.831489,539.2127,539.2127,539.2127,492.766545,492.766545,492.766545
1153,32500,,0.831489,,0.831489,0.831489,0.831489,539.2127,539.2127,539.2127,492.766545,492.766545,492.766545
1154,32500,,0.831489,,0.831489,0.831489,0.831489,539.2127,539.2127,539.2127,492.766545,492.766545,492.766545
1155,32500,,0.831489,,0.831489,0.831489,0.831489,539.2127,539.2127,539.2127,492.766545,492.766545,492.766545
1156,32500,,0.831489,,0.831489,0.831489,0.831489,539.2127,539.2127,539.2127,492.766545,492.766545,492.766545
1157,32500,,0.831489,,0.831489,0.831489,0.831489,539.2127,539.2127,539.2127,492.766545,492.766545,492.766545
1158,32500,,0.831489,,0.831489,0.831489,0.831489,539.2127,539.2127,539.2127,492.766545,492.766545,492.766545
1159,32500,,0.831489,,0.831489,0.831489,0.831489,539.2127,539.2127,539.2127,492.766545,492.766545,492.766545
1160,32500,,0.831489,,0.831489,0.831489,0.831489,539.2127,539.2127,539.2127,492.766545,492.766545,492.766545
1161,32500,,0.831489,,0.831489,0.831489,0.831489,539.2127,539.2127,539.2127,492.766545,492.766545,492.766545
1162,32500,,0.831489,,0.831489,0.831489,0.831489,539.2127,539.2127,539.2127,492.766545,492.766545,492.766545
1163,32500,,0.831489,,0.831489,0.831489,0.831489,539.2127,539.2127,539.2127,492.766545,492.766545,492.766545
1164,32500,,0.831489,,0.831489,0.831489,0.831489,539.2127,539.2127,539.2127,492.766545,492.766545,492.766545
1165,32500,,0.831489,,0.831489,0.831489,0.831489,539.2127,539.2127,539.2127,492.766545,492.766545,492.766545
1166,32500,,0.831489,,0.831489,0.831489,0.831489,539.2127,539.2127,539.2127,492.766545,492.766545,492.766545
1167,32500,,0.831489,,0.831489,0.831489,0.831489,539.2127,539.2127,539.2127,492.766545,492.766545,492.766545
1168,32500,,0.831489,,0.831489,0.831489,0.831489,539.2127,539.2127,539.2127,492.766545,492.766545,492.766545
1169,32500,,0.831489,,0.831489,0.831489,0.831489,539.2127,539.2127,539.2127,492.766545,492.766545,492.766545
1170,32500,,0.831489,,0.831489,0.831489,0.831489,539.2127,539.2127,539.2127,492.766545,492.766545,492.766545
1171,32500,,0.831489,,0.831489,0.831489,0.831489,539.2127,539.2127,539.2127,492.766545,492.766545,492.766545
1172,32500,,0.831489,,0.831489,0.831489,0.831489,539.2127,539.2127,539.2127,492.766545,492.766545,492.766545
1173,32500,,0.831489,,0.831489,0.831489,0.831489,539.2127,539.2127,539.2127,492.766545,492.766545,492.766545
1174,32500,,0.831489,,0.831489,0.831489,0.831489,539.2127,539.2127,539.2127,492.766545,492.766545,492.766545
1175,32500,,0.831489,,0.831489,0.831489,0.831489,539.2127,539.2127,539.2127,492.766545,492.766545,492.766545
1176,32500,,0.831489,,0.831489,0.831489,0.831489,539.2127,539.2127,539.2127,492.766545,492.766545,492.766545
1177,32500,,0.831489,,0.831489,0.831489,0.831489,539.2127,539.2127,539.2127,492.766545,492.766545,492.766545
1178,32500,,0.831489,,0.831489,0.831489,0.831489,539.2127,539.2127,539.2127,492.766545,492.766545,492.766545
1179,32500,,0.831489,,0.831489,0.831489,0.831489,539.2127,539.2127,539.2127,492.766545,492.766545,492.766545
1180,32500,,0.831489,,0.831489,0.831489,0.831489,539.2127,539.2127,539.2127,492.766545,492.766545,492.766545
1181,32500,,0.831489,,0.831489,0.831489,0.831489,539.2127,539.2127,539.2127,492.766545,492.766545,492.766545
1182,32500,,0.831489,,0.831489,0.831489,0.831489,539.2127,539.2127,539.2127,492.766545,492.766545,492.766545
1183,32500,,0.831489,,0.831489,0.831489,0.831489,539.2127,539.2127,539.2127,492.766545,492.766545,492.766545
1184,32500,,0.831489,,0.831489,0.831489,0.831489,539.2127,539.2127,539.2127,492.766545,492.766545,492.766545
1185,32500,,0.831489,,0.831489,0.831489,0.831489,539.2127,539.2127,539.2127,492.766545,492.766545,492.766545
1186,32500,,0.831489,,0.831489,0.831489,0.831489,539.2127,539.2127,539.2127,492.766545,492.766545,492.766545
1187,32500,,0.831489,,0.831489,0.831489,0.831489,539.2127,539.2127,539.2127,492.766545,492.766545,492.766545
1188,32500,,0.831489,,0.831489,0.831489,0.831489,539.2127,539.2127,539.2127,492.766545,492.766545,492.766545
1189,32500,,0.831489,,0.831489,0.831489,0.831489,539.2127,539.2127,539.2127,492.766545,492.766545,492.766545
1190,32500,,0.831489,,0.831489,0.831489,0.831489,539.2127,539.2127,539.2127,492.766545,492.766545,492.766545
1191,32500,,0.831489,,0.831489,0.831489,0.831489,539.2127,539.2127,539.2127,492.766545,492.766545,492.766545
1192,32500,,0.831489,,0.831489,0.831489,0.831489,539.2127,539.2127,539.2127,492.766545,492.766545,492.766545
1193,32500,,0.831489,,0.831489,0.831489,0.831489,539.2127,539.2127,539.2127,492.766545,492.766545,492.766545
1194,32500,,0.831489,,0.831489,0.831489,0.831489,539.2127,539.2127,539.2127,492.766545,492.766545,492.766545
1195,32500,,0.831489,,0.831489,0.831489,0.831489,539.2127,539.2127,539.2127,492.766545,492.766545,492.766545
1196,32500,,0.831489,,0.831489,0.831489,0.831489,539.2127,539.2127,539.2127,492.766545,492.766545,492.766545
1197,32500,,0.831489,,0.831489,0.831489,0.831489,539.2127,539.2127,539.2127,492.766545,492.766545,492.766545
1198,32500,,0.831489,,0.831489,0.831489,0.831489,539.2127,539.2127,539.2127,492.766545,492.766545,492.766545
1199,32500,,0.831489,,0.831489,0.831489,0.831489,539.2127,539.2127,539.2127,492.766545,492.766545,492.766545
1200,32500,,0.831489,,0.831489,0.831489,0.831489,539.2127,539.2127,539.2127,492.766545,492.766545,492.766545
1201,32500,,0.831489,,0.831489,0.831489,0.831489,539.2127,539.2127,539.2127,492.766545,492.766545,492.766545
1202,32500,,0.831489,,0.831489,0.831489,0.831489,539.2127,539.2127,539.2127,492.766545,492.766545,492.766545
1203,32500,,0.831489,,0.831489,0.831489,0.831489,539.2127,539.2127,539.2127,492.766545,492.766545,492.766545
1204,32500,,0.831489,,0.831489,0.831489,0.831489,539.2127,539.2127,539.2127,492.766545,492.766545,492.766545
1205,32500,,0.831489,,0.831489,0.831489,0.831489,539.2127,539.2127,539.2127,492.766545,492.766545,492.766545
1206,32500,,0.831489,,0.831489,0.831489,0.831489,539.2127,539.2127,539.2127,492.766545,492.766545,492.766545
1207,32500,,0.831489,,0.831489,0.831489,0.831489,539.2127,539.2127,539.2127,492.766545,492.766545,492.766545
1208,32500,,0.831489,,0.831489,0.831489,0.831489,539.2127,539.2127,539.2127,492.766545,492.766545,492.766545
1209,32500,,0.831489,,0.831489,0.831489,0.831489,539.2127,539.2127,539.2127,492.766545,492.766545,492.766545
1210,32500,,0.831489,,0.831489,0.831489,0.831489,539.2127,539.2127,539.2127,492.766545,492.766545,492.766545
1211,32500,,0.831489,,0.831489,0.831489,0.831489,539.2127,539.2127,539.2127,492.766545,492.766545,492.766545
1212,32500,,0.831489,,0.831489,0.831489,0.831489,539.2127,539.2127,539.2127,492.766545,492.766545,492.766545
1213,32500,,0.831489,,0.831489,0.831489,0.831489,539.2127,539.2127,539.2127,492.766545,492.766545,492.766545
1214,32500,,0.831489,,0.831489,0.831489,0.831489,539.2127,539.2127,539.2127,492.766545,492.766545,492.766545
1215,32500,,0.831489,,0.831489,0.831489,0.831489,539.2127,539.2127,539.2127,492.766545,492.766545,492.766545
1216,32500,,0.831489,,0.831489,0.831489,0.831489,539.2127,539.2127,539.2127,492.766545,492.766545,492.766545
1217,32500,,0.831489,,0.831489,0.831489,0.831489,539.2127,539.2127,539.2127,492.766545,492.766545,492.766545
1218,32500,,0.831489,,0.831489,0.831489,0.831489,539.2127,539.2127,539.2127,492.766545,492.766545,492.766545
1219,32500,,0.831489,,0.831489,0.831489,0.831489,539.2127,539.2127,539.2127,492.766545,492.766545,492.766545
1220,32500,,0.831489,,0.831489,0.831489,0.831489,539.2127,539.2127,539.2127,492.766545,492.766545,492.766545
1221,32500,,0.831489,,0.831489,0.831489,0.831489,539.2127,539.2127,539.2127,492.766545,492.766545,492.766545
1222,32500,,0.831489,,0.831489,0.831489,0.831489,539.2127,539.2127,539.2127,492.766545,492.766545,492.766545
1223,32500,,0.831489,,0.831489,0.831489,0.831489,539.2127,539.2127,539.2127,492.766545,492.766545,492.766545
1224,32500,,0.831489,,0.831489,0.831489,0.831489,539.2127,539.2127,539.2127,492.766545,492.766545,492.766545
1225,32500,,0.831489,,0.831489,0.831489,0.831489,539.2127,539.2127,539.2127,492.766545,492.766545,492.766545
1226,32500,,0.831489,,0.831489,0.831489,0.831489,539.2127,539.2127,539.2127,492.766545,492.766545,492.766545
1227,32500,,0.831489,,0.831489,0.831489,0.831489,539.2127,539.2127,539.2127,492.766545,492.766545,492.766545
1228,32500,,0.831489,,0.831489,0.831489,0.831489,539.2127,539.2127,539.2127,492.766545,492.766545,492.766545
1229,32500,,0.831489,,0.831489,0.831489,0.831489,539.2127,539.2127,539.2127,492.766545,492.766545,492.766545
1230,32500,,0.831489,,0.831489,0.831489,0.831489,539.2127,539.2127,539.2127,492.766545,492.766545,492.766545
1231,32500,,0.831489,,0.831489,0.831489,0.831489,539.2127,539.2127,539.2127,492.766545,492.766545,492.766545
1232,32500,,0.831489,,0.831489,0.831489,0.831489,539.2127,539.2127,539.2127,492.766545,492.766545,492.766545
1233,32500,,0.831489,,0.831489,0.831489,0.831489,539.2127,539.2127,539.2127,492.766545,492.766545,492.766545
1234,32500,,0.831489,,0.831489,0.831489,0.831489,539.2127,539.2127,539.2127,492.766545,492.766545,492.766545
1235,32500,,0.831489,,0.831489,0.831489,0.831489,539.2127,539.2127,539.2127,492.766545,492.766545,492.766545
1236,32500,,0.831489,,0.831489,0.831489,0.831489,539.2127,539.2127,539.2127,492.766545,492.766545,492.766545
1237,32500,,0.831489,,0.831489,0.831489,0.831489,539.2127,539.2127,539.2127,492.766545,492.766545,492.766545
1238,32500,,0.831489,,0.831489,0.831489,0.831489,539.2127,539.2127,539.2127,492.766545,492.766545,492.766545
1239,32500,,0.831489,,0.831489,0.831489,0.831489,539.2127,539.2127,539.2127,492.766545,492.766545,492.766545
1240,32500,,0.831489,,0.831489,0.831489,0.831489,539.2127,539.2127,539.2127,492.766545,492.766545,492.766545
1241,32500,,0.831489,,0.831489,0.831489,0.831489,539.2127,539.2127,539.2127,492.766545,492.766545,492.766545
1242,32500,,0.831489,,0.831489,0.831489,0.831489,539.2127,539.2127,539.2127,492.766545,492.766545,492.766545
1243,32500,,0.831489,,0.831489,0.831489,0.831489,539.2127,539.2127,539.2127,492.766545,492.766545,492.766545
1244,32500,,0.831489,,0.831489,0.831489,0.831489,539.2127,539.2127,539.2127,492.766545,492.766545,492.766545
1245,32500,,0.831489,,0.831489,0.831489,0.831489,539.2127,539.2127,539.2127,492.766545,492.766545,492.766545
1246,32500,,0.831489,,0.831489,0.831489,0.831489,539.2127,539.2127,539.2127,492.766545,492.766545,492.766545
1247,32500,,0.831489,,0.831489,0.831489,0.831489,539.2127,539.2127,539.2127,492.766545,492.766545,492.766545
1248,32500,,0.831489,,0.831489,0.831489,0.831489,539.2127,539.2127,539.2127,492.766545,492.766545,492.766545
1249,32500,,0.831489,,0.831489,0.831489,0.831489,539.2127,539.2127,539.2127,492.766545,492.766545,492.766545
1250,32500,,0.831489,,0.831489,0.831489,0.831489,539.2127,539.2127,539.2127,492.766545,492.766545,492.766545
1251,32500,,0.831489,,0.831489,0.831489,0.831489,539.2127,539.2127,539.2127,492.766545,492.766545,492.766545
1252,32500,,0.831489,,0.831489,0.831489,0.831489,539.2127,539.2127,539.2127,492.766545,492.766545,492.766545
1253,32500,,0.831489,,0.831489,0.831489,0.831489,539.2127,539.2127,539.2127,492.766545,492.766545,492.766545
1254,32500,,0.831489,,0.831489,0.831489,0.831489,539.2127,539.2127,539.2127,492.766545,492.766545,492.766545
1255,32500,,0.831489,,0.831489,0.831489,0.831489,539.2127,539.2127,539.2127,492.766545,492.766545,492.766545
1256,32500,,0.831489,,0.831489,0.831489,0.831489,539.2127,539.2127,539.2127,492.766545,492.766545,492.766545
1257,32500,,0.831489,,0.831489,0.831489,0.831489,539.2127,539.2127,539.2127,492.766545,492.766545,492.766545
1258,32500,,0.831489,,0.831489,0.831489,0.831489,539.2127,539.2127,539.2127,492.766545,492.766545,492.766545
1259,32500,,0.831489,,0.831489,0.831489,0.831489,539.2127,539.2127,539.2127,492.766545,492.766545,492.766545
1260,32500,,0.831489,,0.831489,0.831489,0.831489,539.2127,539.2127,539.2127,492.766545,492.766545,492.766545
1261,32500,,0.831489,,0.831489,0.831489,0.831489,539.2127,539.2127,539.2127,492.766545,492.766545,492.766545
1262,32500,,0.831489,,0.831489,0.831489,0.831489,539.2127,539.2127,539.2127,492.766545,492.766545,492.766545
1263,32500,,0.831489,,0.831489,0.831489,0.831489,539.2127,539.2127,539.2127,492.766545,492.766545,492.766545
1264,32500,,0.831489,,0.831489,0.831489,0.831489,539.2127,539.2127,539.2127,492.766545,492.766545,492.766545
1265,32500,,0.831489,,0.831489,0.831489,0.831489,539.2127,539.2127,539.2127,492.766545,492.766545,492.766545
1266,32500,,0.831489,,0.831489,0.831489,0.831489,539.2127,539.2127,539.2127,492.766545,492.766545,492.766545
1267,32500,,0.831489,,0.831489,0.831489,0.831489,539.2127,539.2127,539.2127,492.766545,492.766545,492.766545
1268,32500,,0.831489,,0.831489,0.831489,0.831489,539.2127,539.2127,539.2127,492.766545,492.766545,492.766545
1269,32500,,0.831489,,0.831489,0.831489,0.831489,539.2127,539.2127,539.2127,492.766545,492.766545,492.766545
1270,32500,,0.831489,,0.831489,0.831489,0.831489,539.2127,539.2127,539.2127,492.766545,492.766545,492.766545
1271,32500,,0.831489,,0.831489,0.831489,0.831489,539.2127,539.2127,539.2127,492.766545,492.766545,492.766545
1272,32500,,0.831489,,0.831489,0.831489,0.831489,539.2127,539.2127,539.2127,492.766545,492.766545,492.766545
1273,32500,,0.831489,,0.831489,0.831489,0.831489,539.2127,539.2127,539.2127,492.766545,492.766545,492.766545
1274,32500,,0.831489,,0.831489,0.831489,0.831489,539.2127,539.2127,539.2127,492.766545,492.766545,492.766545
1275,32500,,0.831489,,0.831489,0.831489,0.831489,539.2127,539.2127,539.2127,492.766545,492.766545,492.766545
1276,32500,,0.831489,,0.831489,0.831489,0.831489,539.2127,539.2127,539.2127,492.766545,492.766545,492.766545
1277,32500,,0.831489,,0.831489,0.831489,0.831489,539.2127,539.2127,539.2127,492.766545,492.766545,492.766545
1278,32500,,0.831489,,0.831489,0.831489,0.831489,539.2127,539.2127,539.2127,492.766545,492.766545,492.766545
1279,32500,,0.831489,,0.831489,0.831489,0.831489,539.2127,539.2127,539.2127,492.766545,492.766545,492.766545
1280,32500,,0.831489,,0.831489,0.831489,0.831489,539.2127,539.2127,539.2127,492.766545,492.766545,492.766545
1281,32500,,0.831489,,0.831489,0.831489,0.831489,539.2127,539.2127,539.2127,492.766545,492.766545,492.766545
1282,32500,,0.831489,,0.831489,0.831489,0.831489,539.2127,539.2127,539.2127,492.766545,492.766545,492.766545
1283,32500,,0.831489,,0.831489,0.831489,0.831489,539.2127,539.2127,539.2127,492.766545,492.766545,492.766545
1284,32500,,0.831489,,0.831489,0.831489,0.831489,539.2127,539.2127,539.2127,492.766545,492.766545,492.766545
1285,32500,,0.831489,,0.831489,0.831489,0.831489,539.2127,539.2127,539.2127,492.766545,492.766545,492.766545
1286,32500,,0.831489,,0.831489,0.831489,0.831489,539.2127,539.2127,539.2127,492.766545,492.766545,492.766545
1287,32500,,0.831489,,0.831489,0.831489,0.831489,539.2127,539.2127,539.2127,492.766545,492.766545,492.766545
1288,32500,,0.831489,,0.831489,0.831489,0.831489,539.2127,539.2127,539.2127,492.766545,492.766545,492.766545
1289,32500,,0.831489,,0.831489,0.831489,0.831489,539.2127,539.2127,539.2127,492.766545,492.766545,492.766545
1290,32500,,0.831489,,0.831489,0.831489,0.831489,539.2127,539.2127,539.2127,492.766545,492.766545,492.766545
1291,32500,,0.831489,,0.831489,0.831489,0.831489,539.2127,539.2127,539.2127,492.766545,492.766545,492.766545
1292,32500,,0.831489,,0.831489,0.831489,0.831489,539.2127,539.2127,539.2127,492.766545,492.766545,492.766545
1293,32500,,0.831489,,0.831489,0.831489,0.831489,539.2127,539.2127,539.2127,492.766545,492.766545,492.766545
1294,32500,,0.831489,,0.831489,0.831489,0.831489,539.2127,539.2127,539.2127,492.766545,492.766545,492.766545
1295,32500,,0.831489,,0.831489,0.831489,0.831489,539.2127,539.2127,539.2127,492.766545,492.766545,492.766545
1296,32500,,0.831489,,0.831489,0.831489,0.831489,539.2127,539.2127,539.2127,492.766545,492.766545,492.766545
1297,32500,,0.831489,,0.831489,0.831489,0.831489,539.2127,539.2127,539.2127,492.766545,492.766545,492.766545
1298,32500,,0.831489,,0.831489,0.831489,0.831489,539.2127,539.2127,539.2127,492.766545,492.766545,492.766545
1299,32500,,0.831489,,0.831489,0.831489,0.831489,539.2127,539.2127,539.2127,492.766545,492.766545,492.766545
1300,32500,,0.831489,,0.831489,0.831489,0.831489,539.2127,539.2127,539.2127,492.766545,492.766545,492.766545
1301,32500,,0.831489,,0.831489,0.831489,0.831489,539.2127,539.2127,539.2127,492.766545,492.766545,492.766545
1302,32500,,0.831489,,0.831489,0.831489,0.831489,539.2127,539.2127,539.2127,492.766545,492.766545,492.766545
1303,32500,,0.831489,,0.831489,0.831489,0.831489,539.2127,539.2127,539.2127,492.766545,492.766545,492.766545
1304,32500,,0.831489,,0.831489,0.831489,0.831489,539.2127,539.2127,539.2127,492.766545,492.766545,492.766545
1305,32500,,0.831489,,0.831489,0.831489,0.831489,539.2127,539.2127,539.2127,492.766545,492.766545,492.766545
1306,32500,,0.831489,,0.831489,0.831489,0.831489,539.2127,539.2127,539.2127,492.766545,492.766545,492.766545
1307,32500,,0.831489,,0.831489,0.831489,0.831489,539.2127,539.2127,539.2127,492.766545,492.766545,492.766545
1308,32500,,0.831489,,0.831489,0.831489,0.831489,539.2127,539.2127,539.2127,492.766545,492.766545,492.766545
1309,32500,,0.831489,,0.831489,0.831489,0.831489,539.2127,539.2127,539.2127,492.766545,492.766545,492.766545
1310,32500,,0.831489,,0.831489,0.831489,0.831489,539.2127,539.2127,539.2127,492.766545,492.766545,492.766545
1311,32500,,0.831489,,0.831489,0.831489,0.831489,539.2127,539.2127,539.2127,492.766545,492.766545,492.766545
1312,32500,,0.831489,,0.831489,0.831489,0.831489,539.2127,539.2127,539.2127,492.766545,492.766545,492.766545
1313,32500,,0.831489,,0.831489,0.831489,0.831489,539.2127,539.2127,539.2127,492.766545,492.766545,492.766545
1314,32500,,0.831489,,0.831489,0.831489,0.831489,539.2127,539.2127,539.2127,492.766545,492.766545,492.766545
1315,32500,,0.831489,,0.831489,0.831489,0.831489,539.2127,539.2127,539.2127,492.766545,492.766545,492.766545
1316,32500,,0.831489,,0.831489,0.831489,0.831489,539.2127,539.2127,539.2127,492.766545,492.766545,492.766545
1317,32500,,0.831489,,0.831489,0.831489,0.831489,539.2127,539.2127,539.2127,492.766545,492.766545,492.766545
1318,32500,,0.831489,,0.831489,0.831489,0.831489,539.2127,539.2127,539.2127,492.766545,492.766545,492.766545
1319,32500,,0.831489,,0.831489,0.831489,0.831489,539.2127,539.2127,539.2127,492.766545,492.766545,492.766545
1320,32500,,0.831489,,0.831489,0.831489,0.831489,539.2127,539.2127,539.2127,492.766545,492.766545,492.766545
1321,32500,,0.831489,,0.831489,0.831489,0.831489,539.2127,539.2127,539.2127,492.766545,492.766545,492.766545
1322,32500,,0.831489,,0.831489,0.831489,0.831489,539.2127,539.2127,539.2127,492.766545,492.766545,492.766545
1323,32500,,0.831489,,0.831489,0.831489,0.831489,539.2127,539.2127,539.2127,492.766545,492.766545,492.766545
1324,32500,,0.831489,,0.831489,0.831489,0.831489,539.2127,539.2127,539.2127,492.766545,492.766545,492.766545
1325,32500,,0.831489,,0.831489,0.831489,0.831489,539.2127,539.2127,539.2127,492.766545,492.766545,492.766545
1326,32500,,0.831489,,0.831489,0.831489,0.831489,539.2127,539.2127,539.2127,492.766545,492.766545,492.766545
1327,32500,,0.831489,,0.831489,0.831489,0.831489,539.2127,539.2127,539.2127,492.766545,492.766545,492.766545
1328,32500,,0.831489,,0.831489,0.831489,0.831489,539.2127,539.2127,539.2127,492.766545,492.766545,492.766545
1329,32500,,0.831489,,0.831489,0.831489,0.831489,539.2127,539.2127,539.2127,492.766545,492.766545,492.766545
1330,32500,,0.831489,,0.831489,0.831489,0.831489,539.2127,539.2127,539.2127,492.766545,492.766545,492.766545
1331,32500,,0.831489,,0.831489,0.831489,0.831489,539.2127,539.2127,539.2127,492.766545,492.766545,492.766545
1332,32500,,0.831489,,0.831489,0.831489,0.831489,539.2127,539.2127,539.2127,492.766545,492.766545,492.766545
1333,32500,,0.831489,,0.831489,0.831489,0.831489,539.2127,539.2127,539.2127,492.766545,492.766545,492.766545
1334,32500,,0.831489,,0.831489,0.831489,0.831489,539.2127,539.2127,539.2127,492.766545,492.766545,492.766545
1335,32500,,0.831489,,0.831489,0.831489,0.831489,539.2127,539.2127,539.2127,492.766545,492.766545,492.766545
1336,32500,,0.831489,,0.831489,0.831489,0.831489,539.2127,539.2127,539.2127,492.766545,492.766545,492.766545
1337,32500,,0.831489,,0.831489,0.831489,0.831489,539.2127,539.2127,539.2127,492.766545,492.766545,492.766545
1338,32500,,0.831489,,0.831489,0.831489,0.831489,539.2127,539.2127,539.2127,492.766545,492.766545,492.766545
1339,32500,,0.831489,,0.831489,0.831489,0.831489,539.2127,539.2127,539.2127,492.766545,492.766545,492.766545
1340,32500,,0.831489,,0.831489,0.831489,0.831489,539.2127,539.2127,539.2127,492.766545,492.766545,492.766545
1341,32500,,0.831489,,0.831489,0.831489,0.831489,539.2127,539.2127,539.2127,492.766545,492.766545,492.766545
1342,32500,,0.831489,,0.831489,0.831489,0.831489,539.2127,539.2127,539.2127,492.766545,492.766545,492.766545
1343,32500,,0.831489,,0.831489,0.831489,0.831489,539.2127,539.2127,539.2127,492.766545,492.766545,492.766545
1344,32500,,0.831489,,0.831489,0.831489,0.831489,539.2127,539.2127,539.2127,492.766545,492.766545,492.766545
1345,32500,,0.831489,,0.831489,0.831489,0.831489,539.2127,539.2127,539.2127,492.766545,492.766545,492.766545
1346,32500,,0.831489,,0.831489,0.831489,0.831489,539.2127,539.2127,539.2127,492.766545,492.766545,492.766545
1347,32500,,0.831489,,0.831489,0.831489,0.831489,539.2127,539.2127,539.2127,492.766545,492.766545,492.766545
1348,32500,,0.831489,,0.831489,0.831489,0.831489,539.2127,539.2127,539.2127,492.766545,492.766545,492.766545
1349,32500,,0.831489,,0.831489,0.831489,0.831489,539.2127,539.2127,539.2127,492.766545,492.766545,492.766545
1350,32500,,0.831489,,0.831489,0.831489,0.831489,539.2127,539.2127,539.2127,492.766545,492.766545,492.766545
1351,32500,,0.831489,,0.831489,0.831489,0.831489,539.2127,539.2127,539.2127,492.766545,492.766545,492.766545
1352,32500,,0.831489,,0.831489,0.831489,0.831489,539.2127,539.2127,539.2127,492.766545,492.766545,492.766545
1353,32500,,0.831489,,0.831489,0.831489,0.831489,539.2127,539.2127,539.2127,492.766545,492.766545,492.766545
1354,32500,,0.831489,,0.831489,0.831489,0.831489,539.2127,539.2127,539.2127,492.766545,492.766545,492.766545
1355,32500,,0.831489,,0.831489,0.831489,0.831489,539.2127,539.2127,539.2127,492.766545,492.766545,492.766545
1356,32500,,0.831489,,0.831489,0.831489,0.831489,539.2127,539.2127,539.2127,492.766545,492.766545,492.766545
1357,32500,,0.831489,,0.831489,0.831489,0.831489,539.2127,539.2127,539.2127,492.766545,492.766545,492.766545
1358,32500,,0.831489,,0.831489,0.831489,0.831489,539.2127,539.2127,539.2127,492.766545,492.766545,492.766545
1359,32500,,0.831489,,0.831489,0.831489,0.831489,539.2127,539.2127,539.2127,492.766545,492.766545,492.766545
1360,32500,,0.831489,,0.831489,0.831489,0.831489,539.2127,539.2127,539.2127,492.766545,492.766545,492.766545
1361,32500,,0.831489,,0.831489,0.831489,0.831489,539.2127,539.2127,539.2127,492.766545,492.766545,492.766545
1362,32500,,0.831489,,0.831489,0.831489,0.831489,539.2127,539.2127,539.2127,492.766545,492.766545,492.766545
1363,32500,,0.831489,,0.831489,0.831489,0.831489,539.2127,539.2127,539.2127,492.766545,492.766545,492.766545
1364,32500,,0.831489,,0.831489,0.831489,0.831489,539.2127,539.2127,539.2127,492.766545,492.766545,492.766545
1365,32500,,0.831489,,0.831489,0.831489,0.831489,539.2127,539.2127,539.2127,492.766545,492.766545,492.766545
1366,32500,,0.831489,,0.831489,0.831489,0.831489,539.2127,539.2127,539.2127,492.766545,492.766545,492.766545
1367,32500,,0.831489,,0.831489,0.831489,0.831489,539.2127,539.2127,539.2127,492.766545,492.766545,492.766545
1368,32500,,0.831489,,0.831489,0.831489,0.831489,539.2127,539.2127,539.2127,492.766545,492.766545,492.766545
1369,32500,,0.831489,,0.831489,0.831489,0.831489,539.2127,539.2127,539.2127,492.766545,492.766545,492.766545
1370,32500,,0.831489,,0.831489,0.831489,0.831489,539.2127,539.2127,539.2127,492.766545,492.766545,492.766545
1371,32500,,0.831489,,0.831489,0.831489,0.831489,539.2127,539.2127,539.2127,492.766545,492.766545,492.766545
1372,32500,,0.831489,,0.831489,0.831489,0.831489,539.2127,539.2127,539.2127,492.766545,492.766545,492.766545
1373,32500,,0.831489,,0.831489,0.831489,0.831489,539.2127,539.2127,539.2127,492.766545,492.766545,492.766545
1374,32500,,0.831489,,0.831489,0.831489,0.831489,539.2127,539.2127,539.2127,492.766545,492.766545,492.766545
1375,32500,,0.831489,,0.831489,0.831489,0.831489,539.2127,539.2127,539.2127,492.766545,492.766545,492.766545
1376,32500,,0.831489,,0.831489,0.831489,0.831489,539.2127,539.2127,539.2127,492.766545,492.766545,492.766545
1377,32500,,0.831489,,0.831489,0.831489,0.831489,539.2127,539.2127,539.2127,492.766545,492.766545,492.766545
1378,32500,,0.831489,,0.831489,0.831489,0.831489,539.2127,539.2127,539.2127,492.766545,492.766545,492.766545
1379,32500,,0.831489,,0.831489,0.831489,0.831489,539.2127,539.2127,539.2127,492.766545,492.766545,492.766545
1380,32500,,0.831489,,0.831489,0.831489,0.831489,539.2127,539.2127,539.2127,492.766545,492.766545,492.766545
1381,32500,,0.831489,,0.831489,0.831489,0.831489,539.2127,539.2127,539.2127,492.766545,492.766545,492.766545
1382,32500,,0.831489,,0.831489,0.831489,0.831489,539.2127,539.2127,539.2127,492.766545,492.766545,492.766545
1383,32500,,0.831489,,0.831489,0.831489,0.831489,539.2127,539.2127,539.2127,492.766545,492.766545,492.766545
1384,32500,,0.831489,,0.831489,0.831489,0.831489,539.2127,539.2127,539.2127,492.766545,492.766545,492.766545
1385,32500,,0.831489,,0.831489,0.831489,0.831489,539.2127,539.2127,539.2127,492.766545,492.766545,492.766545
1386,32500,,0.831489,,0.831489,0.831489,0.831489,539.2127,539.2127,539.2127,492.766545,492.766545,492.766545
1387,32500,,0.831489,,0.831489,0.831489,0.831489,539.2127,539.2127,539.2127,492.766545,492.766545,492.766545
1388,32500,,0.831489,,0.831489,0.831489,0.831489,539.2127,539.2127,539.2127,492.766545,492.766545,492.766545
1389,32500,,0.831489,,0.831489,0.831489,0.831489,539.2127,539.2127,539.2127,492.766545,492.766545,492.766545
1390,32500,,0.831489,,0.831489,0.831489,0.831489,539.2127,539.2127,539.2127,492.766545,492.766545,492.766545
1391,32500,,0.831489,,0.831489,0.831489,0.831489,539.2127,539.2127,539.2127,492.766545,492.766545,492.766545
1392,32500,,0.831489,,0.831489,0.831489,0.831489,539.2127,539.2127,539.2127,492.766545,492.766545,492.766545
1393,32500,,0.831489,,0.831489,0.831489,0.831489,539.2127,539.2127,539.2127,492.766545,492.766545,492.766545
1394,32500,,0.831489,,0.831489,0.831489,0.831489,539.2127,539.2127,539.2127,492.766545,492.766545,492.766545
1395,32500,,0.831489,,0.831489,0.831489,0.831489,539.2127,539.2127,539.2127,492.766545,492.766545,492.766545
1396,32500,,0.831489,,0.831489,0.831489,0.831489,539.2127,539.2127,539.2127,492.766545,492.766545,492.766545
1397,32500,,0.831489,,0.831489,0.831489,0.831489,539.2127,539.2127,539.2127,492.766545,492.766545,492.766545
1398,32500,,0.831489,,0.831489,0.831489,0.831489,539.2127,539.2127,539.2127,492.766545,492.766545,492.766545
1399,32500,,0.831489,,0.831489,0.831489,0.831489,539.2127,539.2127,539.2127,492.766545,492.766545,492.766545
1400,32500,,0.831489,,0.831489,0.831489,0.831489,539.2127,539.2127,539.2127,492.766545,492.766545,492.766545
1401,32500,,0.831489,,0.831489,0.831489,0.831489,539.2127,539.2127,539.2127,492.766545,492.766545,492.766545
1402,32500,,0.831489,,0.831489,0.831489,0.831489,539.2127,539.2127,539.2127,492.766545,492.766545,492.766545
1403,32500,,0.831489,,0.831489,0.831489,0.831489,539.2127,539.2127,539.2127,492.766545,492.766545,492.766545
1404,32500,,0.831489,,0.831489,0.831489,0.831489,539.2127,539.2127,539.2127,492.766545,492.766545,492.766545
1405,32500,,0.831489,,0.831489,0.831489,0.831489,539.2127,539.2127,539.2127,492.766545,492.766545,492.766545
1406,32500,,0.831489,,0.831489,0.831489,0.831489,539.2127,539.2127,539.2127,492.766545,492.766545,492.766545
1407,32500,,0.831489,,0.831489,0.831489,0.831489,539.2127,539.2127,539.2127,492.766545,492.766545,492.766545
1408,32500,,0.831489,,0.831489,0.831489,0.831489,539.2127,539.2127,539.2127,492.766545,492.766545,492.766545
1409,32500,,0.831489,,0.831489,0.831489,0.831489,539.2127,539.2127,539.2127,492.766545,492.766545,492.766545
1410,32500,,0.831489,,0.831489,0.831489,0.831489,539.2127,539.2127,539.2127,492.766545,492.766545,492.766545
1411,32500,,0.831489,,0.831489,0.831489,0.831489,539.2127,539.2127,539.2127,492.766545,492.766545,492.766545
1412,32500,,0.831489,,0.831489,0.831489,0.831489,539.2127,539.2127,539.2127,492.766545,492.766545,492.766545
1413,32500,,0.831489,,0.831489,0.831489,0.831489,539.2127,539.2127,539.2127,492.766545,492.766545,492.766545
1414,32500,,0.831489,,0.831489,0.831489,0.831489,539.2127,539.2127,539.2127,492.766545,492.766545,492.766545
1415,32500,,0.831489,,0.831489,0.831489,0.831489,539.2127,539.2127,539.2127,492.766545,492.766545,492.766545
1416,32500,,0.831489,,0.831489,0.831489,0.831489,539.2127,539.2127,539.2127,492.766545,492.766545,492.766545
1417,32500,,0.831489,,0.831489,0.831489,0.831489,539.2127,539.2127,539.2127,492.766545,492.766545,492.766545
1418,32500,,0.831489,,0.831489,0.831489,0.831489,539.2127,539.2127,539.2127,492.766545,492.766545,492.766545
1419,32500,,0.831489,,0.831489,0.831489,0.831489,539.2127,539.2127,539.2127,492.766545,492.766545,492.766545
1420,32500,,0.831489,,0.831489,0.831489,0.831489,539.2127,539.2127,539.2127,492.766545,492.766545,492.766545
1421,32500,,0.831489,,0.831489,0.831489,0.831489,539.2127,539.2127,539.2127,492.766545,492.766545,492.766545
1422,32500,,0.831489,,0.831489,0.831489,0.831489,539.2127,539.2127,539.2127,492.766545,492.766545,492.766545
1423,32500,,0.831489,,0.831489,0.831489,0.831489,539.2127,539.2127,539.2127,492.766545,492.766545,492.766545
1424,32500,,0.831489,,0.831489,0.831489,0.831489,539.2127,539.2127,539.2127,492.766545,492.766545,492.766545
1425,32500,,0.831489,,0.831489,0.831489,0.831489,539.2127,539.2127,539.2127,492.766545,492.766545,492.766545
1426,32500,,0.831489,,0.831489,0.831489,0.831489,539.2127,539.2127,539.2127,492.766545,492.766545,492.766545
1427,32500,,0.831489,,0.831489,0.831489,0.831489,539.2127,539.2127,539.2127,492.766545,492.766545,492.766545
1428,32500,,0.831489,,0.831489,0.831489,0.831489,539.2127,539.2127,539.2127,492.766545,492.766545,492.766545
1429,32500,,0.831489,,0.831489,0.831489,0.831489,539.2127,539.2127,539.2127,492.766545,492.766545,492.766545
1430,32500,,0.831489,,0.831489,0.831489,0.831489,539.2127,539.2127,539.2127,492.766545,492.766545,492.766545
1431,32500,,0.831489,,0.831489,0.831489,0.831489,539.2127,539.2127,539.2127,492.766545,492.766545,492.766545
1432,32500,,0.831489,,0.831489,0.831489,0.831489,539.2127,539.2127,539.2127,492.766545,492.766545,492.766545
1433,32500,,0.831489,,0.831489,0.831489,0.831489,539.2127,539.2127,539.2127,492.766545,492.766545,492.766545
1434,32500,,0.831489,,0.831489,0.831489,0.831489,539.2127,539.2127,539.2127,492.766545,492.766545,492.766545
1435,32500,,0.831489,,0.831489,0.831489,0.831489,539.2127,539.2127,539.2127,492.766545,492.766545,492.766545
1436,32500,,0.831489,,0.831489,0.831489,0.831489,539.2127,539.2127,539.2127,492.766545,492.766545,492.766545
1437,32500,,0.831489,,0.831489,0.831489,0.831489,539.2127,539.2127,539.2127,492.766545,492.766545,492.766545
1438,32500,,0.831489,,0.831489,0.831489,0.831489,539.2127,539.2127,539.2127,492.766545,492.766545,492.766545
1439,32500,,0.831489,,0.831489,0.831489,0.831489,539.2127,539.2127,539.2127,492.766545,492.766545,492.766545
1440,32500,,0.831489,,0.831489,0.831489,0.831489,539.2127,539.2127,539.2127,492.766545,492.766545,492.766545
1441,32500,,0.831489,,0.831489,0.831489,0.831489,539.2127,539.2127,539.2127,492.766545,492.766545,492.766545
1442,32500,,0.831489,,0.831489,0.831489,0.831489,539.2127,539.2127,539.2127,492.766545,492.766545,492.766545
1443,32500,,0.831489,,0.831489,0.831489,0.831489,539.2127,539.2127,539.2127,492.766545,492.766545,492.766545
1444,32500,,0.831489,,0.831489,0.831489,0.831489,539.2127,539.2127,539.2127,492.766545,492.766545,492.766545
1445,32500,,0.831489,,0.831489,0.831489,0.831489,539.2127,539.2127,539.2127,492.766545,492.766545,492.766545
1446,32500,,0.831489,,0.831489,0.831489,0.831489,539.2127,539.2127,539.2127,492.766545,492.766545,492.766545
1447,32500,,0.831489,,0.831489,0.831489,0.831489,539.2127,539.2127,539.2127,492.766545,492.766545,492.766545
1448,32500,,0.831489,,0.831489,0.831489,0.831489,539.2127,539.2127,539.2127,492.766545,492.766545,492.766545
1449,32500,,0.831489,,0.831489,0.831489,0.831489,539.2127,539.2127,539.2127,492.766545,492.766545,492.766545
1450,32500,,0.831489,,0.831489,0.831489,0.831489,539.2127,539.2127,539.2127,492.766545,492.766545,492.766545
1451,32500,,0.831489,,0.831489,0.831489,0.831489,539.2127,539.2127,539.2127,492.766545,492.766545,492.766545
1452,32500,,0.831489,,0.831489,0.831489,0.831489,539.2127,539.2127,539.2127,492.766545,492.766545,492.766545
1453,32500,,0.831489,,0.831489,0.831489,0.831489,539.2127,539.2127,539.2127,492.766545,492.766545,492.766545
1454,32500,,0.831489,,0.831489,0.831489,0.831489,539.2127,539.2127,539.2127,492.766545,492.766545,492.766545
1455,32500,,0.831489,,0.831489,0.831489,0.831489,539.2127,539.2127,539.2127,492.766545,492.766545,492.766545
1456,32500,,0.831489,,0.831489,0.831489,0.831489,539.2127,539.2127,539.2127,492.766545,492.766545,492.766545
1457,32500,,0.831489,,0.831489,0.831489,0.831489,539.2127,539.2127,539.2127,492.766545,492.766545,492.766545
1458,32500,,0.831489,,0.831489,0.831489,0.831489,539.2127,539.2127,539.2127,492.766545,492.766545,492.766545
1459,32500,,0.831489,,0.831489,0.831489,0.831489,539.2127,539.2127,539.2127,492.766545,492.766545,492.766545
1460,32500,,0.831489,,0.831489,0.831489,0.831489,539.2127,539.2127,539.2127,492.766545,492.766545,492.766545
1461,32500,,0.831489,,0.831489,0.831489,0.831489,539.2127,539.2127,539.2127,492.766545,492.766545,492.766545
1462,32500,,0.831489,,0.831489,0.831489,0.831489,539.2127,539.2127,539.2127,492.766545,492.766545,492.766545
1463,32500,,0.831489,,0.831489,0.831489,0.831489,539.2127,539.2127,539.2127,492.766545,492.766545,492.766545
1464,32500,,0.831489,,0.831489,0.831489,0.831489,539.2127,539.2127,539.2127,492.766545,492.766545,492.766545
1465,32500,,0.831489,,0.831489,0.831489,0.831489,539.2127,539.2127,539.2127,492.766545,492.766545,492.766545
1466,32500,,0.831489,,0.831489,0.831489,0.831489,539.2127,539.2127,539.2127,492.766545,492.766545,492.766545
1467,32500,,0.831489,,0.831489,0.831489,0.831489,539.2127,539.2127,539.2127,492.766545,492.766545,492.766545
1468,32500,,0.831489,,0.831489,0.831489,0.831489,539.2127,539.2127,539.2127,492.766545,492.766545,492.766545
1469,32500,,0.831489,,0.831489,0.831489,0.831489,539.2127,539.2127,539.2127,492.766545,492.766545,492.766545
1470,32500,,0.831489,,0.831489,0.831489,0.831489,539.2127,539.2127,539.2127,492.766545,492.766545,492.766545
1471,32500,,0.831489,,0.831489,0.831489,0.831489,539.2127,539.2127,539.2127,492.766545,492.766545,492.766545
1472,32500,,0.831489,,0.831489,0.831489,0.831489,539.2127,539.2127,539.2127,492.766545,492.766545,492.766545
1473,32500,,0.831489,,0.831489,0.831489,0.831489,539.2127,539.2127,539.2127,492.766545,492.766545,492.766545
1474,32500,,0.831489,,0.831489,0.831489,0.831489,539.2127,539.2127,539.2127,492.766545,492.766545,492.766545
1475,32500,,0.831489,,0.831489,0.831489,0.831489,539.2127,539.2127,539.2127,492.766545,492.766545,492.766545
1476,32500,,0.831489,,0.831489,0.831489,0.831489,539.2127,539.2127,539.2127,492.766545,492.766545,492.766545
1477,32500,,0.831489,,0.831489,0.831489,0.831489,539.2127,539.2127,539.2127,492.766545,492.766545,492.766545
1478,32500,,0.831489,,0.831489,0.831489,0.831489,539.2127,539.2127,539.2127,492.766545,492.766545,492.766545
1479,32500,,0.831489,,0.831489,0.831489,0.831489,539.2127,539.2127,539.2127,492.766545,492.766545,492.766545
1480,32500,,0.831489,,0.831489,0.831489,0.831489,539.2127,539.2127,539.2127,492.766545,492.766545,492.766545
1481,32500,,0.831489,,0.831489,0.831489,0.831489,539.2127,539.2127,539.2127,492.766545,492.766545,492.766545
1482,32500,,0.831489,,0.831489,0.831489,0.831489,539.2127,539.2127,539.2127,492.766545,492.766545,492.766545
1483,32500,,0.831489,,0.831489,0.831489,0.831489,539.2127,539.2127,539.2127,492.766545,492.766545,492.766545
1484,32500,,0.831489,,0.831489,0.831489,0.831489,539.2127,539.2127,539.2127,492.766545,492.766545,492.766545
1485,32500,,0.831489,,0.831489,0.831489,0.831489,539.2127,539.2127,539.2127,492.766545,492.766545,492.766545
1486,32500,,0.831489,,0.831489,0.831489,0.831489,539.2127,539.2127,539.2127,492.766545,492.766545,492.766545
1487,32500,,0.831489,,0.831489,0.831489,0.831489,539.2127,539.2127,539.2127,492.766545,492.766545,492.766545
1488,32500,,0.831489,,0.831489,0.831489,0.831489,539.2127,539.2127,539.2127,492.766545,492.766545,492.766545
1489,32500,,0.831489,,0.831489,0.831489,0.831489,539.2127,539.2127,539.2127,492.766545,492.766545,492.766545
1490,32500,,0.831489,,0.831489,0.831489,0.831489,539.2127,539.2127,539.2127,492.766545,492.766545,492.766545
1491,32500,,0.831489,,0.831489,0.831489,0.831489,539.2127,539.2127,539.2127,492.766545,492.766545,492.766545
1492,32500,,0.831489,,0.831489,0.831489,0.831489,539.2127,539.2127,539.2127,492.766545,492.766545,492.766545
1493,32500,,0.831489,,0.831489,0.831489,0.831489,539.2127,539.2127,539.2127,492.766545,492.766545,492.766545
1494,32500,,0.831489,,0.831489,0.831489,0.831489,539.2127,539.2127,539.2127,492.766545,492.766545,492.766545
1495,32500,,0.831489,,0.831489,0.831489,0.831489,539.2127,539.2127,539.2127,492.766545,492.766545,492.766545
1496,32500,,0.831489,,0.831489,0.831489,0.831489,539.2127,539.2127,539.2127,492.766545,492.766545,492.766545
1497,32500,,0.831489,,0.831489,0.831489,0.831489,539.2127,539.2127,539.2127,492.766545,492.766545,492.766545
1498,32500,,0.831489,,0.831489,0.831489,0.831489,539.2127,539.2127,539.2127,492.766545,492.766545,492.766545
1499,32500,,0.831489,,0.831489,0.831489,0.831489,539.2127,539.2127,539.2127,492.766545,492.766545,492.766545
1500,32500,,0.831489,,0.831489,0.831489,0.831489,539.2127,539.2127,539.2127,492.766545,492.766545,492.766545
1501,32500,,0.831489,,0.831489,0.831489,0.831489,539.2127,539.2127,539.2127,492.766545,492.766545,492.766545
1502,32500,,0.831489,,0.831489,0.831489,0.831489,539.2127,539.2127,539.2127,492.766545,492.766545,492.766545
1503,32500,,0.831489,,0.831489,0.831489,0.831489,539.2127,539.2127,539.2127,492.766545,492.766545,492.766545
1504,32500,,0.831489,,0.831489,0.831489,0.831489,539.2127,539.2127,539.2127,492.766545,492.766545,492.766545
1505,32500,,0.831489,,0.831489,0.831489,0.831489,539.2127,539.2127,539.2127,492.766545,492.766545,492.766545
1506,32500,,0.831489,,0.831489,0.831489,0.831489,539.2127,539.2127,539.2127,492.766545,492.766545,492.766545
1507,32500,,0.831489,,0.831489,0.831489,0.831489,539.2127,539.2127,539.2127,492.766545,492.766545,492.766545
1508,32500,,0.831489,,0.831489,0.831489,0.831489,539.2127,539.2127,539.2127,492.766545,492.766545,492.766545
1509,32500,,0.831489,,0.831489,0.831489,0.831489,539.2127,539.2127,539.2127,492.766545,492.766545,492.766545
1510,32500,,0.831489,,0.831489,0.831489,0.831489,539.2127,539.2127,539.2127,492.766545,492.766545,492.766545
1511,32500,,0.831489,,0.831489,0.831489,0.831489,539.2127,539.2127,539.2127,492.766545,492.766545,492.766545
1512,32500,,0.831489,,0.831489,0.831489,0.831489,539.2127,539.2127,539.2127,492.766545,492.766545,492.766545
1513,32500,,0.831489,,0.831489,0.831489,0.831489,539.2127,539.2127,539.2127,492.766545,492.766545,492.766545
1514,32500,,0.831489,,0.831489,0.831489,0.831489,539.2127,539.2127,539.2127,492.766545,492.766545,492.766545
1515,32500,,0.831489,,0.831489,0.831489,0.831489,539.2127,539.2127,539.2127,492.766545,492.766545,492.766545
1516,32500,,0.831489,,0.831489,0.831489,0.831489,539.2127,539.2127,539.2127,492.766545,492.766545,492.766545
1517,32500,,0.831489,,0.831489,0.831489,0.831489,539.2127,539.2127,539.2127,492.766545,492.766545,492.766545
1518,32500,,0.831489,,0.831489,0.831489,0.831489,539.2127,539.2127,539.2127,492.766545,492.766545,492.766545
1519,32500,,0.831489,,0.831489,0.831489,0.831489,539.2127,539.2127,539.2127,492.766545,492.766545,492.766545
1520,32500,,0.831489,,0.831489,0.831489,0.831489,539.2127,539.2127,539.2127,492.766545,492.766545,492.766545
1521,32500,,0.831489,,0.831489,0.831489,0.831489,539.2127,539.2127,539.2127,492.766545,492.766545,492.766545
1522,32500,,0.831489,,0.831489,0.831489,0.831489,539.2127,539.2127,539.2127,492.766545,492.766545,492.766545
1523,32500,,0.831489,,0.831489,0.831489,0.831489,539.2127,539.2127,539.2127,492.766545,492.766545,492.766545
1524,32500,,0.831489,,0.831489,0.831489,0.831489,539.2127,539.2127,539.2127,492.766545,492.766545,492.766545
1525,32500,,0.831489,,0.831489,0.831489,0.831489,539.2127,539.2127,539.2127,492.766545,492.766545,492.766545
1526,32500,,0.831489,,0.831489,0.831489,0.831489,539.2127,539.2127,539.2127,492.766545,492.766545,492.766545
1527,32500,,0.831489,,0.831489,0.831489,0.831489,539.2127,539.2127,539.2127,492.766545,492.766545,492.766545
1528,32500,,0.831489,,0.831489,0.831489,0.831489,539.2127,539.2127,539.2127,492.766545,492.766545,492.766545
1529,32500,,0.831489,,0.831489,0.831489,0.831489,539.2127,539.2127,539.2127,492.766545,492.766545,492.766545
1530,32500,,0.831489,,0.831489,0.831489,0.831489,539.2127,539.2127,539.2127,492.766545,492.766545,492.766545
1531,32500,,0.831489,,0.831489,0.831489,0.831489,539.2127,539.2127,539.2127,492.766545,492.766545,492.766545
1532,32500,,0.831489,,0.831489,0.831489,0.831489,539.2127,539.2127,539.2127,492.766545,492.766545,492.766545
1533,32500,,0.831489,,0.831489,0.831489,0.831489,539.2127,539.2127,539.2127,492.766545,492.766545,492.766545
1534,32500,,0.831489,,0.831489,0.831489,0.831489,539.2127,539.2127,539.2127,492.766545,492.766545,492.766545
1535,32500,,0.831489,,0.831489,0.831489,0.831489,539.2127,539.2127,539.2127,492.766545,492.766545,492.766545
1536,32500,,0.831489,,0.831489,0.831489,0.831489,539.2127,539.2127,539.2127,492.766545,492.766545,492.766545
1537,32500,,0.831489,,0.831489,0.831489,0.831489,539.2127,539.2127,539.2127,492.766545,492.766545,492.766545
1538,32500,,0.831489,,0.831489,0.831489,0.831489,539.2127,539.2127,539.2127,492.766545,492.766545,492.766545
1539,32500,,0.831489,,0.831489,0.831489,0.831489,539.2127,539.2127,539.2127,492.766545,492.766545,492.766545
1540,32500,,0.831489,,0.831489,0.831489,0.831489,539.2127,539.2127,539.2127,492.766545,492.766545,492.766545
1541,32500,,0.831489,,0.831489,0.831489,0.831489,539.2127,539.2127,539.2127,492.766545,492.766545,492.766545
1542,32500,,0.831489,,0.831489,0.831489,0.831489,539.2127,539.2127,539.2127,492.766545,492.766545,492.766545
1543,32500,,0.831489,,0.831489,0.831489,0.831489,539.2127,539.2127,539.2127,492.766545,492.766545,492.766545
1544,32500,,0.831489,,0.831489,0.831489,0.831489,539.2127,539.2127,539.2127,492.766545,492.766545,492.766545
1545,32500,,0.831489,,0.831489,0.831489,0.831489,539.2127,539.2127,539.2127,492.766545,492.766545,492.766545
1546,32500,,0.831489,,0.831489,0.831489,0.831489,539.2127,539.2127,539.2127,492.766545,492.766545,492.766545
1547,32500,,0.831489,,0.831489,0.831489,0.831489,539.2127,539.2127,539.2127,492.766545,492.766545,492.766545
1548,32500,,0.831489,,0.831489,0.831489,0.831489,539.2127,539.2127,539.2127,492.766545,492.766545,492.766545
1549,32500,,0.831489,,0.831489,0.831489,0.831489,539.2127,539.2127,539.2127,492.766545,492.766545,492.766545
1550,32500,,0.831489,,0.831489,0.831489,0.831489,539.2127,539.2127,539.2127,492.766545,492.766545,492.766545
1551,32500,,0.831489,,0.831489,0.831489,0.831489,539.2127,539.2127,539.2127,492.766545,492.766545,492.766545
1552,32500,,0.831489,,0.831489,0.831489,0.831489,539.2127,539.2127,539.2127,492.766545,492.766545,492.766545
1553,32500,,0.831489,,0.831489,0.831489,0.831489,539.2127,539.2127,539.2127,492.766545,492.766545,492.766545
1554,32500,,0.831489,,0.831489,0.831489,0.831489,539.2127,539.2127,539.2127,492.766545,492.766545,492.766545
1555,32500,,0.831489,,0.831489,0.831489,0.831489,539.2127,539.2127,539.2127,492.766545,492.766545,492.766545
1556,32500,,0.831489,,0.831489,0.831489,0.831489,539.2127,539.2127,539.2127,492.766545,492.766545,492.766545
1557,32500,,0.831489,,0.831489,0.831489,0.831489,539.2127,539.2127,539.2127,492.766545,492.766545,492.766545
1558,32500,,0.831489,,0.831489,0.831489,0.831489,539.2127,539.2127,539.2127,492.766545,492.766545,492.766545
1559,32500,,0.831489,,0.831489,0.831489,0.831489,539.2127,539.2127,539.2127,492.766545,492.766545,492.766545
1560,32500,,0.831489,,0.831489,0.831489,0.831489,539.2127,539.2127,539.2127,492.766545,492.766545,492.766545
1561,32500,,0.831489,,0.831489,0.831489,0.831489,539.2127,539.2127,539.2127,492.766545,492.766545,492.766545
1562,32500,,0.831489,,0.831489,0.831489,0.831489,539.2127,539.2127,539.2127,492.766545,492.766545,492.766545
1563,32500,,0.831489,,0.831489,0.831489,0.831489,539.2127,539.2127,539.2127,492.766545,492.766545,492.766545
1564,32500,,0.831489,,0.831489,0.831489,0.831489,539.2127,539.2127,539.2127,492.766545,492.766545,492.766545
1565,32500,,0.831489,,0.831489,0.831489,0.831489,539.2127,539.2127,539.2127,492.766545,492.766545,492.766545
1566,32500,,0.831489,,0.831489,0.831489,0.831489,539.2127,539.2127,539.2127,492.766545,492.766545,492.766545
1567,32500,,0.831489,,0.831489,0.831489,0.831489,539.2127,539.2127,539.2127,492.766545,492.766545,492.766545
1568,32500,,0.831489,,0.831489,0.831489,0.831489,539.2127,539.2127,539.2127,492.766545,492.766545,492.766545
1569,32500,,0.831489,,0.831489,0.831489,0.831489,539.2127,539.2127,539.2127,492.766545,492.766545,492.766545
1570,32500,,0.831489,,0.831489,0.831489,0.831489,539.2127,539.2127,539.2127,492.766545,492.766545,492.766545
1571,32500,,0.831489,,0.831489,0.831489,0.831489,539.2127,539.2127,539.2127,492.766545,492.766545,492.766545
1572,32500,,0.831489,,0.831489,0.831489,0.831489,539.2127,539.2127,539.2127,492.766545,492.766545,492.766545
1573,32500,,0.831489,,0.831489,0.831489,0.831489,539.2127,539.2127,539.2127,492.766545,492.766545,492.766545
1574,32500,,0.831489,,0.831489,0.831489,0.831489,539.2127,539.2127,539.2127,492.766545,492.766545,492.766545
1575,32500,,0.831489,,0.831489,0.831489,0.831489,539.2127,539.2127,539.2127,492.766545,492.766545,492.766545
1576,32500,,0.831489,,0.831489,0.831489,0.831489,539.2127,539.2127,539.2127,492.766545,492.766545,492.766545
1577,32500,,0.831489,,0.831489,0.831489,0.831489,539.2127,539.2127,539.2127,492.766545,492.766545,492.766545
1578,32500,,0.831489,,0.831489,0.831489,0.831489,539.2127,539.2127,539.2127,492.766545,492.766545,492.766545
1579,32500,,0.831489,,0.831489,0.831489,0.831489,539.2127,539.2127,539.2127,492.766545,492.766545,492.766545
1580,32500,,0.831489,,0.831489,0.831489,0.831489,539.2127,539.2127,539.2127,492.766545,492.766545,492.766545
1581,32500,,0.831489,,0.831489,0.831489,0.831489,539.2127,539.2127,539.2127,492.766545,492.766545,492.766545
1582,32500,,0.831489,,0.831489,0.831489,0.831489,539.2127,539.2127,539.2127,492.766545,492.766545,492.766545
1583,32500,,0.831489,,0.831489,0.831489,0.831489,539.2127,539.2127,539.2127,492.766545,492.766545,492.766545
1584,32500,,0.831489,,0.831489,0.831489,0.831489,539.2127,539.2127,539.2127,492.766545,492.766545,492.766545
1585,32500,,0.831489,,0.831489,0.831489,0.831489,539.2127,539.2127,539.2127,492.766545,492.766545,492.766545
1586,32500,,0.831489,,0.831489,0.831489,0.831489,539.2127,539.2127,539.2127,492.766545,492.766545,492.766545
1587,32500,,0.831489,,0.831489,0.831489,0.831489,539.2127,539.2127,539.2127,492.766545,492.766545,492.766545
1588,32500,,0.831489,,0.831489,0.831489,0.831489,539.2127,539.2127,539.2127,492.766545,492.766545,492.766545
1589,32500,,0.831489,,0.831489,0.831489,0.831489,539.2127,539.2127,539.2127,492.766545,492.766545,492.766545
1590,32500,,0.831489,,0.831489,0.831489,0.831489,539.2127,539.2127,539.2127,492.766545,492.766545,492.766545
1591,32500,,0.831489,,0.831489,0.831489,0.831489,539.2127,539.2127,539.2127,492.766545,492.766545,492.766545
1592,32500,,0.831489,,0.831489,0.831489,0.831489,539.2127,539.2127,539.2127,492.766545,492.766545,492.766545
1593,32500,,0.831489,,0.831489,0.831489,0.831489,539.2127,539.2127,539.2127,492.766545,492.766545,492.766545
1594,32500,,0.831489,,0.831489,0.831489,0.831489,539.2127,539.2127,539.2127,492.766545,492.766545,492.766545
1595,32500,,0.831489,,0.831489,0.831489,0.831489,539.2127,539.2127,539.2127,492.766545,492.766545,492.766545
1596,32500,,0.831489,,0.831489,0.831489,0.831489,539.2127,539.2127,539.2127,492.766545,492.766545,492.766545
1597,32500,,0.831489,,0.831489,0.831489,0.831489,539.2127,539.2127,539.2127,492.766545,492.766545,492.766545
1598,32500,,0.831489,,0.831489,0.831489,0.831489,539.2127,539.2127,539.2127,492.766545,492.766545,492.766545
1599,32500,,0.831489,,0.831489,0.831489,0.831489,539.2127,539.2127,539.2127,492.766545,492.766545,492.766545
1600,32500,,0.831489,,0.831489,0.831489,0.831489,539.2127,539.2127,539.2127,492.766545,492.766545,492.766545
1601,32500,,0.831489,,0.831489,0.831489,0.831489,539.2127,539.2127,539.2127,492.766545,492.766545,492.766545
1602,32500,,0.831489,,0.831489,0.831489,0.831489,539.2127,539.2127,539.2127,492.766545,492.766545,492.766545
1603,32500,,0.831489,,0.831489,0.831489,0.831489,539.2127,539.2127,539.2127,492.766545,492.766545,492.766545
1604,32500,,0.831489,,0.831489,0.831489,0.831489,539.2127,539.2127,539.2127,492.766545,492.766545,492.766545
1605,32500,,0.831489,,0.831489,0.831489,0.831489,539.2127,539.2127,539.2127,492.766545,492.766545,492.766545
1606,32500,,0.831489,,0.831489,0.831489,0.831489,539.2127,539.2127,539.2127,492.766545,492.766545,492.766545
1607,32500,,0.831489,,0.831489,0.831489,0.831489,539.2127,539.2127,539.2127,492.766545,492.766545,492.766545
1608,32500,,0.831489,,0.831489,0.831489,0.831489,539.2127,539.2127,539.2127,492.766545,492.766545,492.766545
1609,32500,,0.831489,,0.831489,0.831489,0.831489,539.2127,539.2127,539.2127,492.766545,492.766545,492.766545
1610,32500,,0.831489,,0.831489,0.831489,0.831489,539.2127,539.2127,539.2127,492.766545,492.766545,492.766545
1611,32500,,0.831489,,0.831489,0.831489,0.831489,539.2127,539.2127,539.2127,492.766545,492.766545,492.766545
1612,32500,,0.831489,,0.831489,0.831489,0.831489,539.2127,539.2127,539.2127,492.766545,492.766545,492.766545
1613,32500,,0.831489,,0.831489,0.831489,0.831489,539.2127,539.2127,539.2127,492.766545,492.766545,492.766545
1614,32500,,0.831489,,0.831489,0.831489,0.831489,539.2127,539.2127,539.2127,492.766545,492.766545,492.766545
1615,32500,,0.831489,,0.831489,0.831489,0.831489,539.2127,539.2127,539.2127,492.766545,492.766545,492.766545
1616,32500,,0.831489,,0.831489,0.831489,0.831489,539.2127,539.2127,539.2127,492.766545,492.766545,492.766545
1617,32500,,0.831489,,0.831489,0.831489,0.831489,539.2127,539.2127,539.2127,492.766545,492.766545,492.766545
1618,32500,,0.831489,,0.831489,0.831489,0.831489,539.2127,539.2127,539.2127,492.766545,492.766545,492.766545
1619,32500,,0.831489,,0.831489,0.831489,0.831489,539.2127,539.2127,539.2127,492.766545,492.766545,492.766545
1620,32500,,0.831489,,0.831489,0.831489,0.831489,539.2127,539.2127,539.2127,492.766545,492.766545,492.766545
1621,32500,,0.831489,,0.831489,0.831489,0.831489,539.2127,539.2127,539.2127,492.766545,492.766545,492.766545
1622,32500,,0.831489,,0.831489,0.831489,0.831489,539.2127,539.2127,539.2127,492.766545,492.766545,492.766545
1623,32500,,0.831489,,0.831489,0.831489,0.831489,539.2127,539.2127,539.2127,492.766545,492.766545,492.766545
1624,32500,,0.831489,,0.831489,0.831489,0.831489,539.2127,539.2127,539.2127,492.766545,492.766545,492.766545
1625,32500,,0.831489,,0.831489,0.831489,0.831489,539.2127,539.2127,539.2127,492.766545,492.766545,492.766545
1626,32500,,0.831489,,0.831489,0.831489,0.831489,539.2127,539.2127,539.2127,492.766545,492.766545,492.766545
1627,32500,,0.831489,,0.831489,0.831489,0.831489,539.2127,539.2127,539.2127,492.766545,492.766545,492.766545
1628,32500,,0.831489,,0.831489,0.831489,0.831489,539.2127,539.2127,539.2127,492.766545,492.766545,492.766545
1629,32500,,0.831489,,0.831489,0.831489,0.831489,539.2127,539.2127,539.2127,492.766545,492.766545,492.766545
1630,32500,,0.831489,,0.831489,0.831489,0.831489,539.2127,539.2127,539.2127,492.766545,492.766545,492.766545
1631,32500,,0.831489,,0.831489,0.831489,0.831489,539.2127,539.2127,539.2127,492.766545,492.766545,492.766545
1632,32500,,0.831489,,0.831489,0.831489,0.831489,539.2127,539.2127,539.2127,492.766545,492.766545,492.766545
1633,32500,,0.831489,,0.831489,0.831489,0.831489,539.2127,539.2127,539.2127,492.766545,492.766545,492.766545
1634,32500,,0.831489,,0.831489,0.831489,0.831489,539.2127,539.2127,539.2127,492.766545,492.766545,492.766545
1635,32500,,0.831489,,0.831489,0.831489,0.831489,539.2127,539.2127,539.2127,492.766545,492.766545,492.766545
1636,32500,,0.831489,,0.831489,0.831489,0.831489,539.2127,539.2127,539.2127,492.766545,492.766545,492.766545
1637,32500,,0.831489,,0.831489,0.831489,0.831489,539.2127,539.2127,539.2127,492.766545,492.766545,492.766545
1638,32500,,0.831489,,0.831489,0.831489,0.831489,539.2127,539.2127,539.2127,492.766545,492.766545,492.766545
1639,32500,,0.831489,,0.831489,0.831489,0.831489,539.2127,539.2127,539.2127,492.766545,492.766545,492.766545
1640,32500,,0.831489,,0.831489,0.831489,0.831489,539.2127,539.2127,539.2127,492.766545,492.766545,492.766545
1641,32500,,0.831489,,0.831489,0.831489,0.831489,539.2127,539.2127,539.2127,492.766545,492.766545,492.766545
1642,32500,,0.831489,,0.831489,0.831489,0.831489,539.2127,539.2127,539.2127,492.766545,492.766545,492.766545
1643,32500,,0.831489,,0.831489,0.831489,0.831489,539.2127,539.2127,539.2127,492.766545,492.766545,492.766545
1644,32500,,0.831489,,0.831489,0.831489,0.831489,539.2127,539.2127,539.2127,492.766545,492.766545,492.766545
1645,32500,,0.831489,,0.831489,0.831489,0.831489,539.2127,539.2127,539.2127,492.766545,492.766545,492.766545
1646,32500,,0.831489,,0.831489,0.831489,0.831489,539.2127,539.2127,539.2127,492.766545,492.766545,492.766545
1647,32500,,0.831489,,0.831489,0.831489,0.831489,539.2127,539.2127,539.2127,492.766545,492.766545,492.766545
1648,32500,,0.831489,,0.831489,0.831489,0.831489,539.2127,539.2127,539.2127,492.766545,492.766545,492.766545
1649,32500,,0.831489,,0.831489,0.831489,0.831489,539.2127,539.2127,539.2127,492.766545,492.766545,492.766545
1650,32500,,0.831489,,0.831489,0.831489,0.831489,539.2127,539.2127,539.2127,492.766545,492.766545,492.766545
1651,32500,,0.831489,,0.831489,0.831489,0.831489,539.2127,539.2127,539.2127,492.766545,492.766545,492.766545
1652,32500,,0.831489,,0.831489,0.831489,0.831489,539.2127,539.2127,539.2127,492.766545,492.766545,492.766545
1653,32500,,0.831489,,0.831489,0.831489,0.831489,539.2127,539.2127,539.2127,492.766545,492.766545,492.766545
1654,32500,,0.831489,,0.831489,0.831489,0.831489,539.2127,539.2127,539.2127,492.766545,492.766545,492.766545
1655,32500,,0.831489,,0.831489,0.831489,0.831489,539.2127,539.2127,539.2127,492.766545,492.766545,492.766545
1656,32500,,0.831489,,0.831489,0.831489,0.831489,539.2127,539.2127,539.2127,492.766545,492.766545,492.766545
1657,32500,,0.831489,,0.831489,0.831489,0.831489,539.2127,539.2127,539.2127,492.766545,492.766545,492.766545
1658,32500,,0.831489,,0.831489,0.831489,0.831489,539.2127,539.2127,539.2127,492.766545,492.766545,492.766545
1659,32500,,0.831489,,0.831489,0.831489,0.831489,539.2127,539.2127,539.2127,492.766545,492.766545,492.766545
1660,32500,,0.831489,,0.831489,0.831489,0.831489,539.2127,539.2127,539.2127,492.766545,492.766545,492.766545
1661,32500,,0.831489,,0.831489,0.831489,0.831489,539.2127,539.2127,539.2127,492.766545,492.766545,492.766545
1662,32500,,0.831489,,0.831489,0.831489,0.831489,539.2127,539.2127,539.2127,492.766545,492.766545,492.766545
1663,32500,,0.831489,,0.831489,0.831489,0.831489,539.2127,539.2127,539.2127,492.766545,492.766545,492.766545
1664,32500,,0.831489,,0.831489,0.831489,0.831489,539.2127,539.2127,539.2127,492.766545,492.766545,492.766545
1665,32500,,0.831489,,0.831489,0.831489,0.831489,539.2127,539.2127,539.2127,492.766545,492.766545,492.766545
1666,32500,,0.831489,,0.831489,0.831489,0.831489,539.2127,539.2127,539.2127,492.766545,492.766545,492.766545
1667,32500,,0.831489,,0.831489,0.831489,0.831489,539.2127,539.2127,539.2127,492.766545,492.766545,492.766545
1668,32500,,0.831489,,0.831489,0.831489,0.831489,539.2127,539.2127,539.2127,492.766545,492.766545,492.766545
1669,32500,,0.831489,,0.831489,0.831489,0.831489,539.2127,539.2127,539.2127,492.766545,492.766545,492.766545
1670,32500,,0.831489,,0.831489,0.831489,0.831489,539.2127,539.2127,539.2127,492.766545,492.766545,492.766545
1671,32500,,0.831489,,0.831489,0.831489,0.831489,539.2127,539.2127,539.2127,492.766545,492.766545,492.766545
1672,32500,,0.831489,,0.831489,0.831489,0.831489,539.2127,539.2127,539.2127,492.766545,492.766545,492.766545
1673,32500,,0.831489,,0.831489,0.831489,0.831489,539.2127,539.2127,539.2127,492.766545,492.766545,492.766545
1674,32500,,0.831489,,0.831489,0.831489,0.831489,539.2127,539.2127,539.2127,492.766545,492.766545,492.766545
1675,32500,,0.831489,,0.831489,0.831489,0.831489,539.2127,539.2127,539.2127,492.766545,492.766545,492.766545
1676,32500,,0.831489,,0.831489,0.831489,0.831489,539.2127,539.2127,539.2127,492.766545,492.766545,492.766545
1677,32500,,0.831489,,0.831489,0.831489,0.831489,539.2127,539.2127,539.2127,492.766545,492.766545,492.766545
1678,32500,,0.831489,,0.831489,0.831489,0.831489,539.2127,539.2127,539.2127,492.766545,492.766545,492.766545
1679,32500,,0.831489,,0.831489,0.831489,0.831489,539.2127,539.2127,539.2127,492.766545,492.766545,492.766545
1680,32500,,0.831489,,0.831489,0.831489,0.831489,539.2127,539.2127,539.2127,492.766545,492.766545,492.766545
1681,32500,,0.831489,,0.831489,0.831489,0.831489,539.2127,539.2127,539.2127,492.766545,492.766545,492.766545
1682,32500,,0.831489,,0.831489,0.831489,0.831489,539.2127,539.2127,539.2127,492.766545,492.766545,492.766545
1683,32500,,0.831489,,0.831489,0.831489,0.831489,539.2127,539.2127,539.2127,492.766545,492.766545,492.766545
1684,32500,,0.831489,,0.831489,0.831489,0.831489,539.2127,539.2127,539.2127,492.766545,492.766545,492.766545
1685,32500,,0.831489,,0.831489,0.831489,0.831489,539.2127,539.2127,539.2127,492.766545,492.766545,492.766545
1686,32500,,0.831489,,0.831489,0.831489,0.831489,539.2127,539.2127,539.2127,492.766545,492.766545,492.766545
1687,32500,,0.831489,,0.831489,0.831489,0.831489,539.2127,539.2127,539.2127,492.766545,492.766545,492.766545
1688,32500,,0.831489,,0.831489,0.831489,0.831489,539.2127,539.2127,539.2127,492.766545,492.766545,492.766545
1689,32500,,0.831489,,0.831489,0.831489,0.831489,539.2127,539.2127,539.2127,492.766545,492.766545,492.766545
1690,32500,,0.831489,,0.831489,0.831489,0.831489,539.2127,539.2127,539.2127,492.766545,492.766545,492.766545
1691,32500,,0.831489,,0.831489,0.831489,0.831489,539.2127,539.2127,539.2127,492.766545,492.766545,492.766545
1692,32500,,0.831489,,0.831489,0.831489,0.831489,539.2127,539.2127,539.2127,492.766545,492.766545,492.766545
1693,32500,,0.831489,,0.831489,0.831489,0.831489,539.2127,539.2127,539.2127,492.766545,492.766545,492.766545
1694,32500,,0.831489,,0.831489,0.831489,0.831489,539.2127,539.2127,539.2127,492.766545,492.766545,492.766545
1695,32500,,0.831489,,0.831489,0.831489,0.831489,539.2127,539.2127,539.2127,492.766545,492.766545,492.766545
1696,32500,,0.831489,,0.831489,0.831489,0.831489,539.2127,539.2127,539.2127,492.766545,492.766545,492.766545
1697,32500,,0.831489,,0.831489,0.831489,0.831489,539.2127,539.2127,539.2127,492.766545,492.766545,492.766545
1698,32500,,0.831489,,0.831489,0.831489,0.831489,539.2127,539.2127,539.2127,492.766545,492.766545,492.766545
1699,32500,,0.831489,,0.831489,0.831489,0.831489,539.2127,539.2127,539.2127,492.766545,492.766545,492.766545
