gen,seed,threads,best_global,picos,fit_best,fit_worst,fit_mean,green_best,green_worst,green_mean,emis_best,emis_worst,emis_mean
0,25000,8,0.516466,,0.516466,0.360856,0.429804,326.1756,244.9862,282.828034,595.568587,662.698429,634.276503
1,25000,8,0.516466,,0.516466,0.360856,0.440186,326.1756,244.9862,288.826389,595.568587,662.698429,630.198047
2,25000,8,0.520796,,0.520796,0.400533,0.453554,328.0131,263.7795,296.429118,593.581484,649.777686,624.866024
3,25000,8,0.520796,,0.520796,0.420283,0.465188,329.2107,280.6375,302.599116,593.581484,640.65356,619.925794
4,25000,8,0.520796,,0.520796,0.431185,0.47593,333.0357,282.1917,308.801388,593.581484,634.586076,615.703495
5,25000,8,0.530904,,0.530904,0.431925,0.482321,342.0695,282.1917,312.612187,593.581484,632.35025,613.272268
6,25000,8,0.536923,,0.536923,0.431925,0.48876,342.0695,282.1917,315.993875,588.230932,632.196011,610.515901
7,25000,8,0.536923,,0.536923,0.465115,0.495776,342.0695,305.2773,320.025623,588.230932,622.438199,607.744819
8,25000,8,0.536923,,0.536923,0.477173,0.501035,342.0695,306.8337,323.00624,588.230932,617.600262,605.639868
9,25000,8,0.540237,,0.540237,0.477173,0.505106,348.4666,306.8337,325.437631,588.230932,614.351109,604.093862
10,25000,8,0.540237,,0.540237,0.485399,0.50881,350.0474,313.661,327.334026,588.230932,613.99426,602.476023
11,25000,8,0.544582,,0.544582,0.488201,0.514269,352.8378,314.8546,330.813453,588.230932,612.481231,600.549352
12,25000,8,0.544582,,0.544582,0.488201,0.518286,352.8378,314.495,333.508445,588.230932,610.453044,599.222257
13,25000,8,0.549899,,0.549899,0.488201,0.523307,353.5343,314.8546,337.253794,586.874862,611.020563,597.81561
14,25000,8,0.563657,,0.563657,0.500463,0.529462,359.4466,321.2248,340.828761,578.986805,609.356742,595.410243
15,25000,8,0.568227,,0.568227,0.50296,0.533687,364.6917,324.8034,343.504447,578.986805,607.895932,593.907746
16,25000,8,0.568227,,0.568227,0.505029,0.538617,364.6917,331.0217,346.457245,578.986805,607.895932,592.041077
17,25000,8,0.578769,,0.578769,0.512731,0.542743,371.7757,332.127,348.602914,577.688396,602.629523,590.260671
18,25000,8,0.578769,,0.578769,0.517298,0.546926,371.7757,332.5417,350.80263,577.688396,601.372182,588.471746
19,25000,8,0.578769,,0.578769,0.517863,0.552644,371.7757,332.1216,354.014907,577.688396,601.161277,586.164238
20,25000,8,0.578769,,0.578769,0.526223,0.557322,371.7757,332.1216,356.684269,577.688396,600.224041,584.304177
21,25000,8,0.587952,,0.587952,0.526223,0.562052,376.9021,337.3561,359.617473,573.960738,600.224041,582.579923
22,25000,8,0.591769,,0.591769,0.534877,0.565031,379.8393,341.7435,361.516823,572.951776,591.799416,581.528975
23,25000,8,0.593496,,0.593496,0.535717,0.568586,380.0402,342.2881,363.894335,571.738886,591.508942,580.34992
24,25000,8,0.593496,,0.593496,0.55295,0.572215,380.0402,351.1991,366.452762,571.738886,589.73775,579.233171
25,25000,8,0.593496,,0.593496,0.554947,0.575352,380.0402,354.8473,368.469024,571.738886,588.212325,578.137967
26,25000,8,0.593826,,0.593826,0.561042,0.578173,381.4499,357.5436,370.316317,571.738886,585.649933,577.174983
27,25000,8,0.593826,,0.593826,0.561331,0.580414,381.4499,357.5436,371.894975,571.738886,585.649933,576.484699
28,25000,8,0.5952,,0.5952,0.561331,0.582405,385.8014,360.3785,373.631008,571.481917,585.931789,576.095455
29,25000,8,0.597287,,0.597287,0.567832,0.58535,385.8014,359.9518,375.814878,570.013547,583.83514,575.261368
30,25000,8,0.600578,,0.600578,0.567832,0.587342,386.5164,360.3785,377.01716,569.400443,583.309171,574.513425
31,25000,8,0.601137,,0.601137,0.574591,0.589773,386.531,364.2664,378.887801,569.400443,582.812015,573.871025
32,25000,8,0.602166,,0.602166,0.574591,0.59161,390.259,364.2664,380.184571,569.400443,582.812015,573.306809
33,25000,8,0.610704,,0.610704,0.578532,0.593661,393.3286,370.2908,381.732026,565.806776,579.898012,572.744418
34,25000,8,0.610704,,0.610704,0.580037,0.595323,393.3286,371.3056,382.996589,565.806776,579.898012,572.295572
35,25000,8,0.620137,,0.620137,0.58203,0.597088,400.037,378.3464,384.190693,564.358831,579.659764,571.718987
36,25000,8,0.620137,,0.620137,0.584514,0.599383,400.037,379.1902,385.938717,563.944598,578.561322,571.099906
37,25000,8,0.624833,,0.624833,0.584514,0.602162,402.4574,379.1902,387.75528,562.148735,578.561322,570.149751
38,25000,8,0.624833,,0.624833,0.584514,0.604356,402.4574,379.5595,389.067762,561.902415,578.561322,569.318113
39,25000,8,0.626232,,0.626232,0.584514,0.606647,402.4574,379.7662,390.534165,560.598442,578.561322,568.513193
40,25000,8,0.627771,,0.627771,0.593396,0.608603,403.9317,381.5384,391.684291,560.598442,575.02942,567.758597
41,25000,8,0.628359,,0.628359,0.593396,0.610113,403.9317,381.3565,392.547608,559.821753,575.02942,567.158884
42,25000,8,0.628359,,0.628359,0.596896,0.611576,403.9317,381.8347,393.54512,559.821753,573.134521,566.686422
43,25000,8,0.628359,,0.628359,0.596896,0.613221,403.9317,381.8347,394.636137,559.821753,573.134521,566.134904
44,25000,8,0.628359,,0.628359,0.596896,0.614733,403.9317,381.8347,395.593017,559.821753,572.351414,565.596535
45,25000,8,0.628961,,0.628961,0.599974,0.616561,404.2858,383.1858,396.754402,559.821753,571.312334,564.948436
46,25000,8,0.628961,,0.628961,0.602175,0.618721,404.469,385.9243,398.113597,559.821753,570.617836,564.174431
47,25000,8,0.630658,,0.630658,0.602656,0.620643,407.3576,385.9243,399.214988,558.030198,570.617836,563.413792
48,25000,8,0.630658,,0.630658,0.608727,0.6224,407.3576,390.7144,400.278591,558.030198,570.617836,562.755993
49,25000,8,0.630658,,0.630658,0.609217,0.624105,407.5201,391.3525,401.229495,558.030198,569.490078,562.062975
50,25000,8,0.634144,,0.634144,0.609217,0.62587,409.6667,391.3525,402.387785,558.030198,568.059192,561.463058
51,25000,8,0.639295,,0.639295,0.613572,0.627165,412.4572,394.5988,403.240594,557.107411,566.190067,561.023774
52,25000,8,0.639295,,0.639295,0.613572,0.628046,412.4572,394.5988,403.802768,555.486879,566.190067,560.713519
53,25000,8,0.648359,,0.648359,0.613572,0.629299,415.6121,394.5988,404.60201,552.783186,565.835938,560.271705
54,25000,8,0.648359,,0.648359,0.613572,0.630648,415.6121,394.5988,405.637707,552.783186,565.835938,559.913776
55,25000,8,0.649658,,0.649658,0.622099,0.631965,416.3514,401.127,406.545491,552.265084,564.014726,559.494983
56,25000,8,0.649658,,0.649658,0.626075,0.632933,416.3514,401.127,407.30127,552.265084,562.976162,559.245996
57,25000,8,0.649658,,0.649658,0.626075,0.6348,416.3514,401.5056,408.650848,552.265084,562.976162,558.694583
58,25000,8,0.649658,,0.649658,0.626563,0.636486,416.3514,403.6399,409.75339,551.383457,562.418942,558.117897
59,25000,8,0.649658,,0.649658,0.626563,0.637954,416.3514,404.382,410.715603,551.383457,562.418942,557.61763
60,25000,8,0.650684,,0.650684,0.626563,0.639243,418.1694,404.382,411.577975,551.383457,562.418942,557.190154
61,25000,8,0.650684,,0.650684,0.626563,0.640598,418.1694,404.622,412.532979,551.383457,562.418942,556.772963
62,25000,8,0.655115,,0.655115,0.626563,0.642012,418.9683,404.622,413.434767,549.762358,562.418942,556.274465
63,25000,8,0.655115,,0.655115,0.626563,0.643684,418.9683,404.622,414.42132,549.762358,562.418942,555.631398
64,25000,8,0.655115,,0.655115,0.63502,0.644753,418.9683,407.5626,414.935156,549.762358,561.274596,555.142206
65,25000,8,0.655115,,0.655115,0.635297,0.645757,418.9683,407.5626,415.354424,549.762358,560.272045,554.639811
66,25000,8,0.655115,,0.655115,0.635297,0.646605,418.9683,411.0525,415.788209,549.762358,559.91576,554.269031
67,25000,8,0.655115,,0.655115,0.637567,0.647348,418.9683,412.3902,416.137646,549.762358,559.674351,553.924065
68,25000,8,0.655115,,0.655115,0.638283,0.648025,418.9683,412.6584,416.403823,549.762358,558.830607,553.574277
69,25000,8,0.655115,,0.655115,0.638283,0.649041,419.8162,412.8183,416.820998,549.762358,558.830607,553.0611
70,25000,8,0.655115,,0.655115,0.6388,0.649478,418.9683,413.0597,416.939919,549.762358,558.830607,552.800094
71,25000,8,0.655115,,0.655115,0.64109,0.650186,419.8932,413.5901,417.280782,549.762358,558.074142,552.476081
72,25000,8,0.655115,,0.655115,0.64109,0.650954,420.1268,413.5901,417.577539,549.762358,557.921369,552.076202
73,25000,8,0.657382,,0.657382,0.644326,0.651779,420.5339,414.529,417.951502,548.893106,556.102219,551.68325
74,25000,8,0.659188,,0.659188,0.645667,0.652456,421.069,414.529,418.289845,547.882664,556.102219,551.381568
75,25000,8,0.659188,,0.659188,0.6463,0.653143,421.069,414.529,418.676192,547.882664,555.26644,551.104854
76,25000,8,0.659188,,0.659188,0.647132,0.653851,421.2398,416.2672,419.030738,547.882664,554.995118,550.7904
77,25000,8,0.660579,,0.660579,0.647132,0.654689,421.8532,416.2672,419.434297,547.200686,554.995118,550.406921
78,25000,8,0.661625,,0.661625,0.649223,0.655464,422.2655,416.2672,419.836406,546.894028,552.821031,550.071635
79,25000,8,0.661625,,0.661625,0.65047,0.656167,422.5171,416.6903,420.273877,546.894028,552.821031,549.816864
80,25000,8,0.661625,,0.661625,0.65047,0.656941,422.5171,416.6903,420.626025,546.894028,552.302694,549.449061
81,25000,8,0.661729,,0.661729,0.65063,0.657463,422.9847,417.2028,420.865524,546.894028,552.821031,549.202376
82,25000,8,0.663032,,0.663032,0.651187,0.658126,423.4964,417.4088,421.182202,546.216311,552.821031,548.897432
83,25000,8,0.667621,,0.667621,0.651775,0.658754,425.5095,419.1519,421.488606,544.390536,552.821031,548.612334
84,25000,8,0.667621,,0.667621,0.654242,0.659253,425.5095,419.9124,421.732799,544.390536,551.71393,548.387103
85,25000,8,0.667621,,0.667621,0.654242,0.659822,425.5095,419.9124,421.976122,544.390536,551.71393,548.106426
86,25000,8,0.667621,,0.667621,0.655432,0.660723,425.5095,420.0275,422.424248,544.390536,551.022908,547.703691
87,25000,8,0.667621,,0.667621,0.655432,0.661495,425.5095,420.0275,422.78487,544.390536,551.022908,547.343346
88,25000,8,0.669345,,0.669345,0.656508,0.662381,426.634,420.8559,423.222471,543.799647,550.424584,546.945623
89,25000,8,0.669345,,0.669345,0.656833,0.663128,426.634,420.8559,423.61386,543.266715,549.687145,546.625018
90,25000,8,0.672019,,0.672019,0.660579,0.664186,428.1534,421.506,424.09284,542.731914,548.226763,546.120926
91,25000,8,0.672267,,0.672267,0.660579,0.664951,428.6218,421.506,424.439492,542.731914,548.206468,545.75635
92,25000,8,0.679964,,0.679964,0.661131,0.665839,431.3384,421.9276,424.855065,538.669588,548.079919,545.342443
93,25000,8,0.679964,,0.679964,0.661131,0.666503,431.3384,422.9133,425.209335,538.669588,548.079919,545.061412
94,25000,8,0.679964,,0.679964,0.662174,0.667473,431.3384,423.3349,425.705596,538.669588,547.647015,544.637747
95,25000,8,0.679964,,0.679964,0.663006,0.668091,432.9675,422.9108,426.019891,538.669588,546.856029,544.366194
96,25000,8,0.679964,,0.679964,0.663205,0.669275,432.9675,423.3349,426.641165,538.567074,546.856029,543.858922
97,25000,8,0.679964,,0.679964,0.663205,0.670441,432.9675,423.3349,427.249141,538.567074,546.856029,543.356788
98,25000,8,0.681373,,0.681373,0.6636,0.671902,432.9675,424.0919,427.974938,538.17785,546.736545,542.703751
99,25000,8,0.684165,,0.684165,0.664648,0.673302,434.9552,423.4514,428.643409,537.70813,545.331008,542.059843
100,25000,8,0.684165,,0.684165,0.665768,0.674548,434.9552,424.0919,429.295581,537.40387,544.964114,541.524881
101,25000,8,0.687344,,0.687344,0.665829,0.675668,436.3798,424.2789,429.841311,536.071407,544.964114,541.016854
102,25000,8,0.687344,,0.687344,0.666428,0.677048,436.3798,424.901,430.456611,536.071407,544.913366,540.352925
103,25000,8,0.688065,,0.688065,0.667896,0.678005,436.3798,425.8263,430.925914,534.972632,544.388669,539.921068
104,25000,8,0.688065,,0.688065,0.667896,0.678851,436.3798,425.8263,431.32697,534.972632,544.388669,539.529717
105,25000,8,0.688065,,0.688065,0.667896,0.67983,436.3798,425.8263,431.847303,534.972632,544.388669,539.114448
106,25000,8,0.688065,,0.688065,0.667896,0.681127,436.5232,425.8263,432.652813,534.711712,544.388669,538.642635
107,25000,8,0.688065,,0.688065,0.671494,0.682319,436.5232,427.6435,433.232322,534.711712,543.09679,538.101745
108,25000,8,0.688065,,0.688065,0.671824,0.683224,436.6041,427.6435,433.61723,534.711712,543.033115,537.65372
109,25000,8,0.688065,,0.688065,0.673131,0.684358,436.999,427.6435,434.172995,534.711712,541.523332,537.141612
110,25000,8,0.690539,,0.690539,0.675655,0.68532,436.999,429.1172,434.683388,533.63795,540.864748,536.733109
111,25000,8,0.690539,,0.690539,0.676205,0.68614,437.4673,429.1172,435.198268,533.63795,540.297585,536.43859
112,25000,8,0.690539,,0.690539,0.679717,0.686991,437.6542,431.1967,435.685648,533.63795,538.766906,536.101332
113,25000,8,0.691021,,0.691021,0.684208,0.687654,437.8259,433.4401,435.931912,533.575938,537.833443,535.749591
114,25000,8,0.691021,,0.691021,0.68552,0.688163,437.8259,433.4401,436.140686,533.575938,537.833443,535.491817
115,25000,8,0.691021,,0.691021,0.68552,0.688455,438.1299,434.6778,436.356168,533.575938,536.74952,535.408785
116,25000,8,0.692426,,0.692426,0.686712,0.688739,438.1299,434.6778,436.509382,532.558633,536.74952,535.290033
117,25000,8,0.692706,,0.692706,0.686712,0.689076,439.433,434.6778,436.727931,532.558633,536.74952,535.173103
118,25000,8,0.694927,,0.694927,0.687048,0.689514,440.0001,434.6778,436.885979,532.558633,536.741522,534.937572
119,25000,8,0.694927,,0.694927,0.687355,0.689858,440.0001,434.6778,437.030433,532.558633,536.556847,534.76622
120,25000,8,0.694927,,0.694927,0.687355,0.690094,440.0001,434.6778,437.157552,532.558633,536.434864,534.66746
121,25000,8,0.695639,,0.695639,0.688065,0.690653,440.0956,434.6778,437.456488,532.250784,536.434864,534.431631
122,25000,8,0.697321,,0.697321,0.688587,0.691249,441.121,436.1393,437.784393,531.640483,536.175606,534.186521
123,25000,8,0.697321,,0.697321,0.688597,0.691807,441.121,436.1393,438.026838,531.640483,536.167608,533.913751
124,25000,8,0.697655,,0.697655,0.688597,0.692192,441.512,436.1393,438.19827,531.056784,536.167608,533.728501
125,25000,8,0.69782,,0.69782,0.688834,0.692909,441.512,436.1515,438.449322,531.056784,536.097999,533.337137
126,25000,8,0.69782,,0.69782,0.689564,0.693647,441.512,436.1515,438.796531,531.056784,535.402904,532.994099
127,25000,8,0.69782,,0.69782,0.689564,0.694321,441.512,436.1515,439.235321,530.787689,535.402904,532.762431
128,25000,8,0.698676,,0.698676,0.690922,0.694976,442.3086,436.1515,439.630637,530.787689,534.928416,532.516942
129,25000,8,0.698676,,0.698676,0.690922,0.695552,442.3086,436.1515,439.992225,530.787689,534.913544,532.30998
130,25000,8,0.698676,,0.698676,0.691465,0.695941,442.3086,436.1515,440.237656,530.787689,534.54932,532.170641
131,25000,8,0.700258,,0.700258,0.691465,0.696502,442.5535,437.266,440.671896,530.355487,534.54932,532.024316
132,25000,8,0.700258,,0.700258,0.691465,0.696849,442.5535,437.266,440.883836,530.355487,534.54932,531.895086
133,25000,8,0.701113,,0.701113,0.691465,0.697373,444.0948,437.266,441.224603,530.355487,534.54932,531.714964
134,25000,8,0.701113,,0.701113,0.693016,0.697796,444.0948,439.9482,441.568293,530.136093,534.35698,531.615142
135,25000,8,0.702825,,0.702825,0.693016,0.698181,444.7429,439.9482,441.806911,529.819979,534.35698,531.475287
136,25000,8,0.702825,,0.702825,0.693016,0.698639,444.7429,439.9482,442.074386,529.819979,534.35698,531.296806
137,25000,8,0.702825,,0.702825,0.693016,0.698923,444.7429,439.9482,442.267216,529.819979,534.35698,531.204792
138,25000,8,0.702825,,0.702825,0.697831,0.699454,444.7429,440.7673,442.587466,529.819979,531.53334,531.005494
139,25000,8,0.70284,,0.70284,0.698676,0.699842,444.7429,441.8706,442.894163,529.732287,531.753563,530.907914
140,25000,8,0.70284,,0.70284,0.698676,0.700033,445.0828,441.8706,443.051761,529.732287,531.753563,530.864693
141,25000,8,0.70284,,0.70284,0.698676,0.700281,445.0828,441.8953,443.242755,529.732287,531.753563,530.798925
142,25000,8,0.70284,,0.70284,0.698676,0.70058,445.0828,441.8721,443.467654,529.732287,531.478499,530.717035
143,25000,8,0.702859,,0.702859,0.698676,0.700765,445.0828,442.3086,443.592055,529.562304,531.478499,530.655926
144,25000,8,0.704041,,0.704041,0.698676,0.701033,446.0895,442.3086,443.750084,529.562304,531.424879,530.552773
145,25000,8,0.704219,,0.704219,0.699221,0.701366,446.255,442.3086,443.9997,529.537385,531.378958,530.460076
146,25000,8,0.704219,,0.704219,0.699414,0.701675,446.255,442.4711,444.263499,529.537385,531.378958,530.395842
147,25000,8,0.704219,,0.704219,0.699892,0.70187,446.255,442.4711,444.413383,529.537385,531.378958,530.344024
148,25000,8,0.705518,,0.705518,0.699892,0.702143,446.587,442.4711,444.609958,528.955003,531.378958,530.26324
149,25000,8,0.705518,,0.705518,0.699892,0.702507,446.587,442.4711,444.916119,528.955003,531.378958,530.184317
150,25000,8,0.705518,,0.705518,0.700437,0.702789,446.587,443.6552,445.171083,528.955003,531.034665,530.135018
151,25000,8,0.705518,,0.705518,0.700437,0.702949,446.587,443.6552,445.310257,528.955003,531.034665,530.103253
152,25000,8,0.705518,,0.705518,0.700437,0.70317,446.587,443.6552,445.476873,528.955003,531.034665,530.042671
153,25000,8,0.705518,,0.705518,0.700437,0.703373,446.587,443.6552,445.643406,528.955003,531.034665,529.995763
154,25000,8,0.705518,,0.705518,0.700437,0.703645,446.587,443.6552,445.787026,528.955003,531.034665,529.880063
155,25000,8,0.705518,,0.705518,0.700541,0.703858,446.587,443.8971,445.945633,528.955003,531.034665,529.820215
156,25000,8,0.705594,,0.705594,0.702044,0.704045,446.587,445.252,446.02846,528.71184,530.770287,529.730166
157,25000,8,0.705594,,0.705594,0.702329,0.704216,446.587,445.4414,446.107354,528.71184,530.674903,529.649809
158,25000,8,0.705594,,0.705594,0.702339,0.704381,446.587,445.4414,446.182947,528.71184,530.666904,529.571049
159,25000,8,0.705594,,0.705594,0.702339,0.704529,446.587,445.4414,446.238003,528.71184,530.666904,529.492479
160,25000,8,0.706465,,0.706465,0.702978,0.70467,447.4768,445.5206,446.288274,528.71184,530.33061,529.416472
161,25000,8,0.707662,,0.707662,0.702978,0.704834,447.7716,445.5206,446.377673,528.076769,530.33061,529.348545
162,25000,8,0.707662,,0.707662,0.703228,0.704979,447.7716,445.5206,446.450422,528.076769,530.026983,529.28439
163,25000,8,0.707662,,0.707662,0.703228,0.705137,447.7716,445.5206,446.536674,528.076769,530.026983,529.218787
164,25000,8,0.707662,,0.707662,0.703862,0.705359,447.7716,445.7122,446.667302,528.076769,529.74598,529.133464
165,25000,8,0.707662,,0.707662,0.70405,0.705553,447.7716,445.9755,446.775919,527.964579,529.74598,529.054764
166,25000,8,0.708609,,0.708609,0.70405,0.705836,448.6614,445.9755,446.926538,527.934449,529.74598,528.934454
167,25000,8,0.708609,,0.708609,0.704219,0.706133,448.6614,446.255,447.079144,527.934449,529.74598,528.805197
168,25000,8,0.708609,,0.708609,0.704219,0.7064,448.6614,446.255,447.215606,527.934449,529.74598,528.688286
169,25000,8,0.708609,,0.708609,0.704681,0.706673,448.6614,446.3247,447.343922,527.863252,529.44703,528.561361
170,25000,8,0.708609,,0.708609,0.704681,0.706924,448.6614,446.3247,447.437027,527.821534,529.44703,528.427876
171,25000,8,0.708719,,0.708719,0.705056,0.70728,448.6614,446.7415,447.599833,527.539731,529.418953,528.259729
172,25000,8,0.708719,,0.708719,0.705056,0.707493,448.6614,446.7415,447.721186,527.652459,529.418953,528.17453
173,25000,8,0.708719,,0.708719,0.705056,0.707669,448.6614,446.1326,447.82589,527.422189,529.418953,528.107675
174,25000,8,0.708719,,0.708719,0.705056,0.707816,448.6614,446.1326,447.892388,527.422189,529.418953,528.037653
175,25000,8,0.709154,,0.709154,0.706264,0.708014,448.9033,446.8094,447.993757,527.029261,528.948356,527.951045
176,25000,8,0.709154,,0.709154,0.706744,0.708243,448.6796,446.8094,448.088624,527.029261,528.582436,527.836223
177,25000,8,0.709354,,0.709354,0.706744,0.708411,449.1479,447.4099,448.167779,527.029261,528.582436,527.758164
178,25000,8,0.710004,,0.710004,0.706744,0.708545,449.1479,447.4099,448.231965,526.801796,528.582436,527.696496
179,25000,8,0.710211,,0.710211,0.707834,0.708733,449.1479,447.4099,448.328085,526.60653,527.942448,527.614097
180,25000,8,0.711303,,0.711303,0.707977,0.708919,450.254,447.5257,448.423564,526.60653,527.942448,527.533258
181,25000,8,0.711303,,0.711303,0.708433,0.709031,450.254,447.8287,448.478798,526.60653,527.942448,527.482507
182,25000,8,0.711303,,0.711303,0.708433,0.709133,450.254,447.5257,448.491143,526.60653,527.934449,527.411321
183,25000,8,0.711303,,0.711303,0.708433,0.709315,450.254,447.5257,448.554835,526.60653,527.934449,527.312388
184,25000,8,0.712817,,0.712817,0.708433,0.709531,451.3228,447.5257,448.682178,526.435813,527.934449,527.228888
185,25000,8,0.712817,,0.712817,0.708609,0.709729,451.3228,447.9445,448.784204,526.435813,527.934449,527.143208
186,25000,8,0.712817,,0.712817,0.708609,0.709951,451.3228,447.9445,448.930384,526.435813,527.934449,527.068124
187,25000,8,0.712817,,0.712817,0.708609,0.710144,451.3228,447.9445,449.021717,526.422492,527.934449,526.978414
188,25000,8,0.712817,,0.712817,0.708609,0.710295,451.3228,448.4155,449.095168,526.422492,527.934449,526.910248
189,25000,8,0.712817,,0.712817,0.708719,0.710507,451.3228,448.4155,449.184416,526.422492,527.848367,526.804379
190,25000,8,0.712817,,0.712817,0.708719,0.710702,451.3228,448.4155,449.351411,526.422492,527.848367,526.764026
191,25000,8,0.712817,,0.712817,0.708719,0.710879,451.3228,448.1262,449.473776,526.422492,527.848367,526.708104
192,25000,8,0.71283,,0.71283,0.708719,0.711092,451.3228,448.4155,449.629679,526.422492,527.848367,526.646477
193,25000,8,0.71283,,0.71283,0.70961,0.711318,451.3228,448.4155,449.826399,526.422492,526.988521,526.602103
194,25000,8,0.71283,,0.71283,0.70961,0.711487,451.3228,448.4155,449.970013,526.353683,526.988521,526.566768
195,25000,8,0.713651,,0.713651,0.710211,0.711663,451.9954,448.545,450.142554,526.235582,526.900262,526.545041
196,25000,8,0.713651,,0.713651,0.71029,0.711826,451.9954,448.9978,450.279692,526.235582,526.848923,526.509278
197,25000,8,0.713651,,0.713651,0.71029,0.71193,451.9954,448.9978,450.368016,526.235582,526.848923,526.487767
198,25000,8,0.713651,,0.713651,0.71029,0.712053,451.9954,448.9978,450.492435,526.169014,526.897769,526.475363
199,25000,8,0.713651,,0.713651,0.710469,0.712229,451.9954,449.016,450.656875,526.169014,526.897769,526.448029
200,25000,8,0.713651,,0.713651,0.710469,0.712341,451.9954,449.016,450.764457,526.169014,526.897769,526.432865
201,25000,8,0.713651,,0.713651,0.71095,0.712444,451.9954,449.4843,450.867919,526.169014,526.897769,526.421781
202,25000,8,0.713651,,0.713651,0.711614,0.712614,451.9954,449.9031,451.04115,526.169014,526.590481,526.404891
203,25000,8,0.713651,,0.713651,0.711614,0.712725,451.9954,449.9031,451.159245,526.235582,526.590481,526.397712
204,25000,8,0.713745,,0.713745,0.711614,0.712877,452.0024,449.9031,451.308384,526.166772,526.590481,526.37872
205,25000,8,0.713745,,0.713745,0.711763,0.712977,452.0024,450.1569,451.400111,526.166772,526.590481,526.362827
206,25000,8,0.713745,,0.713745,0.711763,0.713088,452.2261,450.1753,451.504674,526.166772,526.590481,526.346126
207,25000,8,0.713745,,0.713745,0.711763,0.713189,452.2261,450.2709,451.599695,526.166772,526.590481,526.33095
208,25000,8,0.714219,,0.714219,0.711763,0.713283,452.5847,450.2709,451.670579,526.166772,526.590481,526.305224
209,25000,8,0.714859,,0.714859,0.712313,0.713407,453.0119,450.7462,451.76818,525.974403,526.532692,526.274143
210,25000,8,0.714859,,0.714859,0.712817,0.713485,453.0119,451.3228,451.82992,525.974403,526.435813,526.254644
211,25000,8,0.714859,,0.714859,0.712817,0.713585,453.0119,451.3228,451.914284,525.974403,526.435813,526.232667
212,25000,8,0.714859,,0.714859,0.712924,0.713658,453.0119,451.3298,451.975342,525.974403,526.356412,526.216457
213,25000,8,0.715007,,0.715007,0.712924,0.713743,453.0903,451.3298,452.044983,525.856904,526.356412,526.196874
214,25000,8,0.715603,,0.715603,0.712943,0.713845,453.791,451.3298,452.13615,525.856904,526.342085,526.178635
215,25000,8,0.715603,,0.715603,0.712943,0.71394,453.791,451.3298,452.208043,525.218264,526.342085,526.152811
216,25000,8,0.715603,,0.715603,0.712943,0.714083,453.791,451.3298,452.32541,525.218264,526.342085,526.119998
217,25000,8,0.716533,,0.716533,0.712943,0.714263,454.101,451.3298,452.457685,525.218264,526.342085,526.068528
218,25000,8,0.716533,,0.716533,0.713732,0.714431,454.101,451.3298,452.597974,525.053542,526.212621,526.030941
219,25000,8,0.716533,,0.716533,0.713732,0.714649,454.101,451.3298,452.761244,525.053542,526.212621,525.970559
220,25000,8,0.716533,,0.716533,0.713732,0.714802,454.101,452.0024,452.862853,525.053542,526.212621,525.919146
221,25000,8,0.716548,,0.716548,0.713732,0.714917,454.101,452.0024,452.921601,524.458675,526.212621,525.86855
222,25000,8,0.71703,,0.71703,0.713732,0.715068,454.101,452.0024,453.015143,524.458675,526.282556,525.81402
223,25000,8,0.71703,,0.71703,0.713745,0.715194,454.101,452.0024,453.112777,524.458675,526.340322,525.781115
224,25000,8,0.717044,,0.717044,0.713745,0.715316,454.101,452.0024,453.173512,524.458675,526.340322,525.726405
225,25000,8,0.717044,,0.717044,0.714485,0.715447,454.101,452.3505,453.230874,524.458675,526.282556,525.662515
226,25000,8,0.717292,,0.717292,0.714485,0.715565,454.101,452.3505,453.267857,524.400909,526.282556,525.595195
227,25000,8,0.717292,,0.717292,0.715,0.715693,454.101,452.7088,453.343737,524.400909,525.916637,525.546417
228,25000,8,0.717292,,0.717292,0.715,0.71582,454.101,452.7088,453.401551,524.400909,525.985446,525.485838
229,25000,8,0.717306,,0.717306,0.715007,0.715985,455.3664,452.7158,453.479082,524.13052,525.985446,525.409764
230,25000,8,0.717712,,0.717712,0.715023,0.716145,455.3664,452.7158,453.521132,524.072754,525.985446,525.312874
231,25000,8,0.717974,,0.717974,0.715023,0.716335,455.3664,452.7158,453.54873,524.072754,525.985446,525.183211
232,25000,8,0.718014,,0.718014,0.715023,0.716544,455.3664,452.7158,453.607351,524.072754,525.916637,525.059233
233,25000,8,0.718014,,0.718014,0.715305,0.716696,455.3664,452.7158,453.684087,524.072754,525.916637,524.992098
234,25000,8,0.718014,,0.718014,0.715305,0.716836,455.3664,452.7158,453.729146,524.072754,525.853867,524.913312
235,25000,8,0.718725,,0.718725,0.715305,0.71697,455.3664,452.7158,453.747966,523.883089,525.853867,524.821469
236,25000,8,0.718725,,0.718725,0.715305,0.717126,455.3664,452.7158,453.787415,523.883089,525.853867,524.725969
237,25000,8,0.718747,,0.718747,0.715568,0.717311,455.4879,452.7158,453.861105,523.883089,525.894748,524.63084
238,25000,8,0.719012,,0.719012,0.715568,0.717483,455.4879,452.7158,453.863965,523.858901,525.830906,524.498587
239,25000,8,0.719012,,0.719012,0.715884,0.717621,455.4879,452.7158,453.914416,523.858901,525.830906,524.425028
240,25000,8,0.719268,,0.719268,0.715884,0.717822,455.4879,452.7158,453.953658,523.554934,525.830906,524.294961
241,25000,8,0.719722,,0.719722,0.715979,0.717968,455.8367,452.7158,454.036732,523.554934,525.762096,524.23626
242,25000,8,0.719722,,0.719722,0.716667,0.718174,455.8367,452.7158,454.17375,523.554934,525.620629,524.167735
243,25000,8,0.719722,,0.719722,0.716667,0.718344,455.8367,452.7158,454.270047,523.554934,525.375855,524.099513
244,25000,8,0.720198,,0.720198,0.717425,0.718515,455.8367,453.4949,454.372612,523.344657,524.794581,524.035122
245,25000,8,0.720198,,0.720198,0.717712,0.718651,455.8367,453.4949,454.490058,523.344657,524.794581,524.007767
246,25000,8,0.720198,,0.720198,0.717712,0.718771,455.8367,453.4949,454.585104,523.344657,524.51977,523.977268
247,25000,8,0.720281,,0.720281,0.717712,0.718919,456.4755,453.4949,454.718879,523.344657,524.276761,523.951535
248,25000,8,0.721114,,0.721114,0.717712,0.719048,456.4755,453.4949,454.826922,522.841772,524.276761,523.923635
249,25000,8,0.721114,,0.721114,0.717712,0.719203,456.4755,453.4949,454.949291,522.841772,524.276761,523.884223
250,25000,8,0.721114,,0.721114,0.717924,0.719335,456.4755,453.5128,455.064483,522.841772,524.245163,523.858943
251,25000,8,0.721278,,0.721278,0.717932,0.719529,457.3337,453.6271,455.214281,522.841772,524.245163,523.80794
252,25000,8,0.721278,,0.721278,0.717932,0.719704,457.3337,453.6271,455.375362,522.841772,524.245163,523.77924
253,25000,8,0.721985,,0.721985,0.717932,0.719867,457.3337,453.6271,455.522271,522.841772,524.245163,523.750898
254,25000,8,0.722175,,0.722175,0.718766,0.720074,458.1709,454.2613,455.686404,522.841772,524.245163,523.699297
255,25000,8,0.722175,,0.722175,0.718766,0.720287,458.1709,454.2613,455.82768,522.841772,524.245163,523.627623
256,25000,8,0.722175,,0.722175,0.718971,0.720489,458.1709,454.2613,456.011795,522.717273,524.066484,523.593308
257,25000,8,0.722489,,0.722489,0.718971,0.720733,458.2171,454.2613,456.255959,522.810174,524.066484,523.566658
258,25000,8,0.722489,,0.722489,0.718971,0.720934,458.2171,454.2613,456.429726,522.607692,524.042681,523.526588
259,25000,8,0.722489,,0.722489,0.71953,0.721107,458.2171,454.9995,456.5613,522.607692,524.042681,523.479944
260,25000,8,0.723056,,0.723056,0.719763,0.721297,458.2171,454.9995,456.646662,522.607692,524.042681,523.389033
261,25000,8,0.723056,,0.723056,0.719763,0.721487,458.2171,455.3019,456.764239,522.607692,524.042681,523.319494
262,25000,8,0.723056,,0.723056,0.719763,0.721708,458.5271,455.5465,456.918832,522.607692,524.042681,523.250298
263,25000,8,0.723212,,0.723212,0.719763,0.721903,458.5271,455.6175,457.100283,522.607692,524.231762,523.219831
264,25000,8,0.723895,,0.723895,0.720723,0.722183,459.3643,455.6175,457.330524,522.303341,523.864002,523.155972
265,25000,8,0.723895,,0.723895,0.720727,0.722391,459.3643,455.6175,457.511961,522.303341,523.864002,523.115534
266,25000,8,0.723895,,0.723895,0.720727,0.722574,459.3643,455.7583,457.636266,522.303341,523.864002,523.055752
267,25000,8,0.724087,,0.724087,0.721278,0.722774,459.3643,456.4757,457.738599,522.100859,523.864002,522.967965
268,25000,8,0.724087,,0.724087,0.721278,0.722948,459.3643,456.4757,457.858775,522.100859,523.864002,522.913375
269,25000,8,0.724087,,0.724087,0.721616,0.72317,459.3643,456.5887,458.005655,522.031345,523.693683,522.838218
270,25000,8,0.724316,,0.724316,0.722215,0.72338,459.3643,456.7857,458.156997,522.031345,523.693683,522.776252
271,25000,8,0.724316,,0.724316,0.722489,0.723519,459.3643,457.1145,458.202976,522.031345,523.669495,522.698428
272,25000,8,0.724316,,0.724316,0.722635,0.723634,459.5669,457.1145,458.234266,522.031345,523.578776,522.629866
273,25000,8,0.724316,,0.724316,0.722635,0.723741,459.5669,457.1145,458.256915,521.978885,523.547522,522.561786
274,25000,8,0.724316,,0.724316,0.723056,0.723848,459.5669,457.9727,458.328632,521.978885,523.544527,522.526083
275,25000,8,0.724473,,0.724473,0.723166,0.723916,459.5669,457.9727,458.337223,521.964475,523.544527,522.478511
276,25000,8,0.725174,,0.725174,0.723257,0.72404,460.041,457.9727,458.380957,521.461065,523.183273,522.410933
277,25000,8,0.725174,,0.725174,0.723257,0.724117,460.041,457.9727,458.417062,521.461065,523.183273,522.375291
278,25000,8,0.725174,,0.725174,0.723257,0.724199,460.041,457.9727,458.472667,521.461065,523.183273,522.348431
279,25000,8,0.725536,,0.725536,0.723257,0.724303,460.041,457.9727,458.517692,521.429467,523.049701,522.29773
280,25000,8,0.725536,,0.725536,0.723641,0.72436,460.041,457.9727,458.533187,521.429467,523.049701,522.263498
281,25000,8,0.725536,,0.725536,0.723641,0.724457,460.041,457.9727,458.603636,521.429467,523.049701,522.235041
282,25000,8,0.725536,,0.725536,0.723641,0.724547,460.041,457.9727,458.614437,521.429467,522.855118,522.172244
283,25000,8,0.725739,,0.725739,0.723707,0.724671,460.041,457.9727,458.70372,521.363669,522.855118,522.135276
284,25000,8,0.725739,,0.725739,0.724128,0.724791,460.041,457.9727,458.760567,521.363669,522.782073,522.07998
285,25000,8,0.725739,,0.725739,0.724128,0.724912,460.041,457.9727,458.835361,521.363669,522.782073,522.035299
286,25000,8,0.72629,,0.72629,0.724128,0.725017,460.7203,457.9727,458.945556,521.149026,522.782073,522.027695
287,25000,8,0.72629,,0.72629,0.724244,0.725141,460.7203,457.9727,459.030394,521.149026,522.782073,521.987365
288,25000,8,0.72629,,0.72629,0.724284,0.725285,460.7203,457.9727,459.104674,521.149026,522.610016,521.925083
289,25000,8,0.726826,,0.726826,0.724528,0.725458,460.7203,457.8476,459.229436,520.723875,522.610016,521.874061
290,25000,8,0.726826,,0.726826,0.724611,0.725564,460.7203,458.1576,459.30167,520.723875,522.610016,521.839411
291,25000,8,0.72686,,0.72686,0.724611,0.725671,460.7203,458.1576,459.34084,520.723875,522.610016,521.782334
292,25000,8,0.727208,,0.727208,0.725049,0.725805,460.7203,458.2827,459.36886,520.723875,522.610016,521.696515
293,25000,8,0.727208,,0.727208,0.725049,0.72593,460.7203,458.2827,459.425742,520.723875,522.610016,521.63754
294,25000,8,0.727397,,0.727397,0.725233,0.72603,460.8605,458.2827,459.465419,520.965604,522.448453,521.585969
295,25000,8,0.727397,,0.727397,0.725347,0.726126,460.8605,458.4853,459.49357,520.965604,522.448453,521.52956
296,25000,8,0.728091,,0.728091,0.725347,0.72628,461.2898,458.4853,459.643172,520.927688,522.448453,521.509853
297,25000,8,0.728091,,0.728091,0.725347,0.726423,461.2898,458.4853,459.752972,520.258151,522.448453,521.472155
298,25000,8,0.728091,,0.728091,0.725347,0.72657,461.2898,458.4853,459.899224,520.179892,522.448453,521.455251
299,25000,8,0.729049,,0.729049,0.72556,0.726742,461.2898,458.4853,460.029644,520.25266,522.03515,521.408329
300,25000,8,0.729049,,0.729049,0.72556,0.726908,461.2898,458.4853,460.17477,520.25266,522.03515,521.376342
301,25000,8,0.729049,,0.729049,0.725861,0.727103,461.2898,458.8996,460.325662,520.206104,521.907042,521.325078
302,25000,8,0.729246,,0.729246,0.726017,0.727249,461.2898,459.0146,460.42916,520.206104,521.901577,521.280601
303,25000,8,0.729246,,0.729246,0.726017,0.727423,461.8191,459.0146,460.526868,520.206104,521.895443,521.210339
304,25000,8,0.729246,,0.729246,0.726342,0.72765,461.8191,459.7771,460.635682,520.206104,521.863845,521.106259
305,25000,8,0.729667,,0.729667,0.726396,0.727899,463.0622,459.7771,460.765556,520.139549,521.861607,520.999138
306,25000,8,0.729667,,0.729667,0.726396,0.728171,463.0622,459.8921,460.909506,520.139549,521.861607,520.883686
307,25000,8,0.729667,,0.729667,0.726396,0.728349,463.0622,459.8921,461.04374,520.139549,521.861607,520.834641
308,25000,8,0.730447,,0.730447,0.726396,0.728579,463.8187,460.0974,461.197426,520.139549,521.861607,520.758017
309,25000,8,0.731406,,0.731406,0.726396,0.728813,463.8187,460.0974,461.399159,519.961662,521.861607,520.710492
310,25000,8,0.731406,,0.731406,0.7268,0.728942,463.8187,460.0974,461.51192,519.961662,521.861607,520.686012
311,25000,8,0.731595,,0.731595,0.7268,0.729091,464.0213,460.2875,461.601678,519.613641,521.861607,520.629806
312,25000,8,0.731595,,0.731595,0.727392,0.729263,464.1514,460.2875,461.704123,519.613641,521.66056,520.564284
313,25000,8,0.731595,,0.731595,0.727427,0.729509,464.0213,460.6221,461.891971,519.613641,521.66056,520.498479
314,25000,8,0.731595,,0.731595,0.728341,0.729697,464.0213,460.7398,462.030836,519.571777,521.422394,520.444825
315,25000,8,0.731751,,0.731751,0.728659,0.729889,464.0213,460.7398,462.099285,519.613641,521.055148,520.340799
316,25000,8,0.731823,,0.731823,0.728695,0.730057,464.0213,460.7398,462.147488,519.480069,521.055148,520.242366
317,25000,8,0.731974,,0.731974,0.72918,0.730256,464.0213,460.9424,462.29603,519.480069,521.055148,520.185993
318,25000,8,0.732078,,0.732078,0.72918,0.730475,464.5506,460.9424,462.397103,519.480069,521.021312,520.083532
319,25000,8,0.732132,,0.732132,0.72918,0.730649,464.5506,460.9424,462.558303,519.480069,520.90155,520.055456
320,25000,8,0.732132,,0.732132,0.72918,0.73082,464.5506,460.9424,462.717051,519.480069,520.90155,520.02856
321,25000,8,0.732132,,0.732132,0.729286,0.730939,464.5506,460.9424,462.815717,519.480069,520.600383,520.001683
322,25000,8,0.732132,,0.732132,0.729999,0.731124,464.5506,460.9424,462.994548,519.480069,520.423409,519.977599
323,25000,8,0.732307,,0.732307,0.730016,0.731279,464.5506,461.254,463.16225,519.546624,520.423409,519.968683
324,25000,8,0.732307,,0.732307,0.730028,0.731391,464.5506,462.0192,463.291957,519.559311,520.423409,519.968103
325,25000,8,0.732307,,0.732307,0.730293,0.731481,464.5506,461.9015,463.315231,519.559311,520.383502,519.914003
326,25000,8,0.732943,,0.732943,0.730303,0.731562,464.8833,461.9175,463.373377,519.559311,520.275822,519.88977
327,25000,8,0.733062,,0.733062,0.730303,0.731654,465.4744,461.9175,463.483696,519.542896,520.275822,519.891378
328,25000,8,0.733062,,0.733062,0.730623,0.731774,465.4744,462.0192,463.622227,519.542896,520.296116,519.890739
329,25000,8,0.734648,,0.734648,0.730866,0.731907,466.8452,462.2218,463.801451,519.449517,520.296116,519.907608
330,25000,8,0.734648,,0.734648,0.730968,0.732079,466.8452,462.2218,464.003452,519.449517,520.296116,519.908477
331,25000,8,0.734648,,0.734648,0.730968,0.732219,466.8452,462.2218,464.178499,519.411532,520.296116,519.916561
332,25000,8,0.734701,,0.734701,0.730968,0.732381,466.8452,462.2218,464.387523,519.369669,520.296116,519.93034
333,25000,8,0.734701,,0.734701,0.731298,0.732524,466.8452,462.4958,464.565643,519.369669,520.264473,519.937927
334,25000,8,0.735632,,0.735632,0.731346,0.732692,467.769,462.4958,464.764032,519.391238,520.264473,519.939865
335,25000,8,0.735632,,0.735632,0.731346,0.732905,467.769,462.4958,465.025832,519.411532,520.264473,519.949032
336,25000,8,0.735632,,0.735632,0.731788,0.733085,467.769,463.059,465.181652,519.445606,520.264473,519.91334
337,25000,8,0.735632,,0.735632,0.731788,0.733286,467.769,463.059,465.358204,519.445606,520.264473,519.874576
338,25000,8,0.735632,,0.735632,0.731788,0.733465,467.769,463.059,465.556642,519.440366,520.264473,519.867903
339,25000,8,0.735632,,0.735632,0.731814,0.733658,467.769,463.059,465.735364,519.440366,520.264473,519.837233
340,25000,8,0.735734,,0.735734,0.731868,0.733993,467.769,463.059,466.085046,519.440366,520.264473,519.810875
341,25000,8,0.735788,,0.735788,0.732526,0.734222,467.769,464.6435,466.315335,519.445606,520.17709,519.786514
342,25000,8,0.735788,,0.735788,0.732526,0.734459,467.769,464.6435,466.539326,519.445606,520.17709,519.751468
343,25000,8,0.735911,,0.735911,0.732526,0.734676,468.1254,464.8709,466.744649,519.445606,520.148335,519.719892
344,25000,8,0.735911,,0.735911,0.733022,0.735041,468.1254,465.2397,467.107512,519.429144,520.039091,519.678158
345,25000,8,0.736026,,0.736026,0.7331,0.735249,468.1254,465.2397,467.316915,519.429144,520.039091,519.656572
346,25000,8,0.736546,,0.736546,0.733361,0.735362,468.337,465.3402,467.429891,519.328313,519.956403,519.644026
347,25000,8,0.736598,,0.736598,0.733416,0.735552,468.3391,465.3402,467.608877,519.289108,519.915906,519.615979
348,25000,8,0.736879,,0.736879,0.733782,0.735744,468.6934,465.5389,467.782025,519.289108,519.894249,519.582218
349,25000,8,0.736879,,0.736879,0.735632,0.735901,468.6934,467.769,467.920434,519.247244,519.681662,519.55213
350,25000,8,0.736879,,0.736879,0.735632,0.735972,468.6934,467.769,467.969552,519.125271,519.693839,519.529472
351,25000,8,0.737273,,0.737273,0.735632,0.736035,469.0137,467.769,468.003543,519.125271,519.693839,519.503073
352,25000,8,0.737273,,0.737273,0.73573,0.736126,469.0137,467.769,468.065069,519.125271,519.693839,519.473415
353,25000,8,0.737566,,0.737566,0.735788,0.736245,469.0137,467.769,468.142612,518.914828,519.568059,519.432403
354,25000,8,0.738011,,0.738011,0.735788,0.736347,469.303,467.769,468.211669,518.57657,519.568059,519.399148
355,25000,8,0.738011,,0.738011,0.735788,0.736501,469.303,467.769,468.299378,518.57657,519.568059,519.33818
356,25000,8,0.738011,,0.738011,0.735788,0.736603,469.303,467.769,468.357229,518.57657,519.568059,519.297639
357,25000,8,0.738011,,0.738011,0.735788,0.73675,469.303,467.769,468.449695,518.57657,519.568059,519.244803
358,25000,8,0.738033,,0.738033,0.735788,0.736954,469.303,467.769,468.559259,518.560056,519.568059,519.158788
359,25000,8,0.738431,,0.738431,0.735788,0.737062,469.303,467.769,468.630756,518.453843,519.568059,519.122534
360,25000,8,0.738568,,0.738568,0.735788,0.737196,469.391,467.769,468.71035,518.453843,519.568059,519.071493
361,25000,8,0.738568,,0.738568,0.736026,0.737346,469.391,467.9332,468.788516,518.387329,519.568059,519.006946
362,25000,8,0.738947,,0.738947,0.736026,0.737504,469.5468,467.9332,468.861874,518.22764,519.568059,518.932363
363,25000,8,0.738947,,0.738947,0.736026,0.73765,469.5468,467.9332,468.942124,518.22764,519.568059,518.872517
364,25000,8,0.738947,,0.738947,0.736026,0.737742,469.5468,467.9332,469.007578,518.22764,519.568059,518.844687
365,25000,8,0.738947,,0.738947,0.736026,0.737838,469.5468,468.0893,469.074126,518.22764,519.568059,518.814385
366,25000,8,0.739126,,0.739126,0.736818,0.737985,469.5468,468.3509,469.152658,518.115766,519.286762,518.752237
367,25000,8,0.739126,,0.739126,0.7369,0.738118,469.5468,468.4019,469.220004,518.115766,519.214713,518.693365
368,25000,8,0.739163,,0.739163,0.7369,0.738231,469.8093,468.4019,469.281427,518.115766,519.214713,518.646982
369,25000,8,0.739172,,0.739172,0.737213,0.738374,469.8093,468.8078,469.356268,518.115766,519.151038,518.585528
370,25000,8,0.739172,,0.739172,0.737213,0.738454,469.8093,468.8078,469.38704,518.115766,519.151038,518.543814
371,25000,8,0.739329,,0.739329,0.737213,0.738594,469.8093,468.8078,469.454808,518.07929,519.151038,518.480127
372,25000,8,0.739771,,0.739771,0.737603,0.738724,469.9729,469.1154,469.511026,517.906077,519.151038,518.416385
373,25000,8,0.740009,,0.740009,0.737603,0.738835,470.2932,469.1154,469.557583,517.906077,519.151038,518.360923
374,25000,8,0.740009,,0.740009,0.738249,0.738977,470.2932,469.2257,469.627247,517.906077,518.758484,518.296368
375,25000,8,0.740094,,0.740094,0.73829,0.7391,470.2932,469.2257,469.694319,517.741486,518.758484,518.245937
376,25000,8,0.740109,,0.740109,0.73829,0.739185,470.2932,469.2257,469.732279,517.740469,518.758484,518.204562
377,25000,8,0.740212,,0.740212,0.738405,0.739302,470.4412,469.2257,469.779874,517.740469,518.497562,518.145538
378,25000,8,0.740482,,0.740482,0.738405,0.739426,470.5987,469.2257,469.845266,517.740469,518.497562,518.092766
379,25000,8,0.740482,,0.740482,0.73869,0.739535,470.5987,469.2257,469.910171,517.740469,518.497562,518.050608
380,25000,8,0.740559,,0.740559,0.73869,0.739658,470.6067,469.2257,469.994071,517.718899,518.497562,518.01091
381,25000,8,0.740685,,0.740685,0.73869,0.739782,470.7467,469.5312,470.067698,517.714355,518.497562,517.96368
382,25000,8,0.740842,,0.740842,0.738805,0.739919,470.7467,469.5312,470.146773,517.592381,518.486732,517.909987
383,25000,8,0.740842,,0.740842,0.738805,0.740027,470.7467,469.5312,470.21587,517.592381,518.486732,517.872345
384,25000,8,0.740842,,0.740842,0.738805,0.740109,470.7467,469.5312,470.274853,517.592381,518.486732,517.847468
385,25000,8,0.740872,,0.740872,0.739317,0.740193,470.7467,469.6967,470.33964,517.475088,518.165146,517.825725
386,25000,8,0.740917,,0.740917,0.739317,0.740288,470.9021,469.6967,470.40206,517.475088,518.165146,517.79311
387,25000,8,0.741175,,0.741175,0.739604,0.74039,471.1031,469.9748,470.465334,517.475088,518.165146,517.75576
388,25000,8,0.741175,,0.741175,0.739711,0.740476,471.1031,470.017,470.527539,517.475088,518.035911,517.731059
389,25000,8,0.741175,,0.741175,0.739711,0.740554,471.1031,470.017,470.580513,517.475088,518.035911,517.705446
390,25000,8,0.741175,,0.741175,0.739711,0.740615,471.1031,470.017,470.620429,517.348571,518.035911,517.684535
391,25000,8,0.741532,,0.741532,0.740146,0.740678,471.3985,470.4195,470.650612,517.348571,518.035911,517.655303
392,25000,8,0.741532,,0.741532,0.740482,0.740728,471.3985,470.4195,470.678329,517.327641,517.774826,517.635541
393,25000,8,0.741532,,0.741532,0.740482,0.740766,471.3985,470.4195,470.697749,517.327641,517.774826,517.61874
394,25000,8,0.741532,,0.741532,0.740482,0.740822,471.3985,470.4195,470.734194,517.327641,517.774826,517.599144
395,25000,8,0.741845,,0.741845,0.740482,0.740887,471.3985,470.4195,470.786651,517.246433,517.774826,517.583449
396,25000,8,0.741845,,0.741845,0.740487,0.740943,471.3985,470.4195,470.820941,517.246433,517.774826,517.563352
397,25000,8,0.741845,,0.741845,0.740639,0.741002,471.3985,470.5987,470.858154,517.246433,517.651468,517.541876
398,25000,8,0.741845,,0.741845,0.740639,0.741077,471.3985,470.5987,470.924094,517.246433,517.651468,517.527778
399,25000,8,0.741845,,0.741845,0.740639,0.741152,471.3985,470.5987,470.961892,517.246433,517.651468,517.494651
400,25000,8,0.742055,,0.742055,0.740639,0.741226,471.3985,470.5987,471.005322,516.915014,517.651468,517.466164
401,25000,8,0.742055,,0.742055,0.740639,0.74129,471.6101,470.5987,471.046824,516.915014,517.651468,517.443359
402,25000,8,0.742055,,0.742055,0.740842,0.74134,471.6101,470.5987,471.077966,516.915014,517.592381,517.425512
403,25000,8,0.742065,,0.742065,0.740842,0.741417,471.8029,470.5987,471.135082,516.915014,517.592381,517.403754
404,25000,8,0.742065,,0.742065,0.740842,0.741488,471.8029,470.5987,471.183088,516.915014,517.592381,517.380776
405,25000,8,0.742288,,0.742288,0.740842,0.741554,471.8029,470.5987,471.219592,516.915014,517.592381,517.353397
406,25000,8,0.742464,,0.742464,0.740842,0.741643,471.8029,470.5987,471.292626,516.835083,517.592381,517.333102
407,25000,8,0.742464,,0.742464,0.740842,0.741689,471.8029,470.5987,471.328452,516.835083,517.592381,517.321251
408,25000,8,0.742876,,0.742876,0.740842,0.741803,471.9055,470.5987,471.412203,516.525302,517.592381,517.288668
409,25000,8,0.742876,,0.742876,0.740842,0.74187,471.9055,470.7467,471.457083,516.525302,517.592381,517.266092
410,25000,8,0.742876,,0.742876,0.740842,0.741984,471.9055,470.7467,471.524623,516.525302,517.592381,517.222852
411,25000,8,0.743398,,0.743398,0.740842,0.742099,472.3073,470.7467,471.583258,516.504373,517.592381,517.172282
412,25000,8,0.743398,,0.743398,0.740842,0.742166,472.3073,470.7467,471.608328,516.504373,517.592381,517.136481
413,25000,8,0.743398,,0.743398,0.741175,0.742292,472.3217,471.0421,471.681922,516.504373,517.571452,517.088121
414,25000,8,0.743398,,0.743398,0.741175,0.742408,472.3217,471.1031,471.731922,516.504373,517.571452,517.030854
415,25000,8,0.743787,,0.743787,0.741532,0.742546,472.7261,471.3985,471.811956,516.504373,517.490244,516.976417
416,25000,8,0.743787,,0.743787,0.742065,0.742709,472.7261,471.5049,471.869578,516.504373,517.346069,516.888302
417,25000,8,0.743787,,0.743787,0.742065,0.742821,472.7261,471.5049,471.922086,516.311319,517.346069,516.83594
418,25000,8,0.743787,,0.743787,0.742065,0.742916,472.7261,471.5219,471.982096,516.311319,517.346069,516.801856
419,25000,8,0.743787,,0.743787,0.742065,0.743011,472.7261,471.5219,472.045554,516.311319,517.346069,516.77092
420,25000,8,0.744763,,0.744763,0.742065,0.743126,473.1279,471.7075,472.114744,516.126511,517.346069,516.727242
421,25000,8,0.746354,,0.746354,0.742065,0.743255,474.3899,471.7075,472.184896,515.733863,517.346069,516.673347
422,25000,8,0.746354,,0.746354,0.742065,0.743394,474.3899,471.7075,472.277198,515.733863,517.346069,516.627364
423,25000,8,0.746354,,0.746354,0.742065,0.743611,474.3899,471.7075,472.40252,515.733863,517.346069,516.542173
424,25000,8,0.746354,,0.746354,0.742065,0.74381,474.3899,471.7075,472.532841,515.733863,517.346069,516.474138
425,25000,8,0.746354,,0.746354,0.742454,0.743947,474.3899,471.7075,472.607933,515.733863,517.042413,516.417613
426,25000,8,0.746354,,0.746354,0.743041,0.744146,474.3899,471.7075,472.726447,515.733863,516.853511,516.341726
427,25000,8,0.746354,,0.746354,0.743041,0.744291,474.3899,471.7075,472.810627,515.733863,516.853511,516.285096
428,25000,8,0.746354,,0.746354,0.743041,0.744415,474.3899,471.7075,472.885637,515.733863,516.853511,516.238076
429,25000,8,0.746354,,0.746354,0.743278,0.744603,474.3899,472.2047,473.028114,515.733863,516.832992,516.187195
430,25000,8,0.746943,,0.746943,0.743322,0.744744,474.5925,472.3073,473.103529,515.410011,516.832992,516.128031
431,25000,8,0.746943,,0.746943,0.743398,0.744841,474.5925,472.3073,473.161688,515.410011,516.648183,516.091238
432,25000,8,0.746943,,0.746943,0.743398,0.745013,474.5925,472.3073,473.258366,515.410011,516.648183,516.021807
433,25000,8,0.746943,,0.746943,0.74374,0.745248,474.5925,472.3073,473.409135,515.410011,516.621635,515.939772
434,25000,8,0.746943,,0.746943,0.74374,0.745386,474.5925,472.3073,473.47666,515.410011,516.621635,515.877202
435,25000,8,0.74718,,0.74718,0.743787,0.745533,474.5925,472.3217,473.573127,515.225202,516.621635,515.827137
436,25000,8,0.74718,,0.74718,0.74406,0.745736,474.5925,472.3217,473.692135,515.225202,516.275474,515.748353
437,25000,8,0.74718,,0.74718,0.744319,0.745886,474.5925,472.644,473.795249,515.225202,516.275474,515.70027
438,25000,8,0.74718,,0.74718,0.744442,0.746002,474.5925,472.644,473.869337,515.225202,516.055643,515.659474
439,25000,8,0.74718,,0.74718,0.744442,0.74614,474.7818,472.644,473.950012,515.225202,516.055643,515.606098
440,25000,8,0.74718,,0.74718,0.744442,0.746281,474.7818,472.644,474.035189,515.225202,516.055643,515.55299
441,25000,8,0.74718,,0.74718,0.744442,0.746415,474.7818,472.644,474.120964,515.225202,516.055643,515.506299
442,25000,8,0.747356,,0.747356,0.744442,0.746616,474.7818,472.644,474.245651,515.088116,516.055643,515.432712
443,25000,8,0.747356,,0.747356,0.745574,0.746727,474.7818,473.3646,474.303197,515.084368,515.733863,515.384815
444,25000,8,0.747356,,0.747356,0.745574,0.746822,474.7818,473.3646,474.364448,515.084368,515.658552,515.351705
445,25000,8,0.747356,,0.747356,0.745574,0.746911,474.7818,473.3646,474.414335,515.084368,515.658552,515.316059
446,25000,8,0.747356,,0.747356,0.745574,0.746984,474.7818,473.3646,474.458747,515.084368,515.658552,515.288472
447,25000,8,0.747883,,0.747883,0.745574,0.747076,474.9844,473.3646,474.521787,514.939485,515.658552,515.259176
448,25000,8,0.747883,,0.747883,0.745574,0.747174,474.9844,473.3646,474.580471,514.939485,515.658552,515.222393
449,25000,8,0.747883,,0.747883,0.745703,0.74723,474.9844,473.5198,474.619772,514.939485,515.658552,515.204587
450,25000,8,0.747883,,0.747883,0.745703,0.747265,474.9844,473.5198,474.634799,514.939485,515.658552,515.187269
451,25000,8,0.747883,,0.747883,0.747118,0.747306,474.9844,474.3997,474.658902,514.939485,515.400424,515.171488
452,25000,8,0.747883,,0.747883,0.747118,0.747332,474.9844,474.3997,474.671431,514.939485,515.400424,515.160125
453,25000,8,0.747883,,0.747883,0.747165,0.747394,474.9844,474.3997,474.698369,514.939485,515.263338,515.129666
454,25000,8,0.747883,,0.747883,0.747165,0.747455,474.9844,474.3997,474.721389,514.939485,515.263338,515.097522
455,25000,8,0.747883,,0.747883,0.747165,0.747522,474.9844,474.5338,474.761089,514.939485,515.263338,515.071684
456,25000,8,0.747883,,0.747883,0.74718,0.747571,474.9844,474.5338,474.770519,514.935995,515.263338,515.039833
457,25000,8,0.74792,,0.74792,0.747294,0.74761,474.9844,474.5338,474.787389,514.910542,515.263338,515.02056
458,25000,8,0.74792,,0.74792,0.747294,0.747642,474.9844,474.5338,474.802952,514.910542,515.263338,515.00623
459,25000,8,0.74792,,0.74792,0.747294,0.747667,474.9844,474.5338,474.818137,514.910542,515.263338,514.997107
460,25000,8,0.74792,,0.74792,0.747356,0.74769,474.9844,474.5338,474.83044,514.910542,515.088116,514.987301
461,25000,8,0.74792,,0.74792,0.747356,0.747722,474.9844,474.5338,474.856093,514.910542,515.088116,514.979629
462,25000,8,0.74802,,0.74802,0.747356,0.747754,474.9844,474.5338,474.876275,514.725039,515.088116,514.968084
463,25000,8,0.74802,,0.74802,0.747356,0.747783,474.9844,474.5338,474.894407,514.725039,515.088116,514.95715
464,25000,8,0.74802,,0.74802,0.747356,0.7478,474.9844,474.5338,474.900571,514.725039,515.088116,514.947974
465,25000,8,0.74802,,0.74802,0.747356,0.747818,474.9844,474.5338,474.905998,514.725039,515.088116,514.937688
466,25000,8,0.74802,,0.74802,0.747356,0.74784,474.9844,474.5338,474.919096,514.725039,515.088116,514.929895
467,25000,8,0.74802,,0.74802,0.747356,0.747859,474.9844,474.5338,474.924234,514.725039,515.088116,514.917794
468,25000,8,0.74802,,0.74802,0.747356,0.747876,474.9844,474.5338,474.932598,514.725039,515.088116,514.910508
469,25000,8,0.74802,,0.74802,0.747397,0.747889,474.9844,474.5338,474.931678,514.725039,515.017203,514.899525
470,25000,8,0.74802,,0.74802,0.747397,0.747918,474.9844,474.5338,474.94958,514.725039,515.017203,514.889166
471,25000,8,0.750157,,0.750157,0.747883,0.747957,476.2485,474.8231,474.968007,514.012906,514.939485,514.870921
472,25000,8,0.750157,,0.750157,0.747883,0.74797,476.2485,474.8231,474.961555,514.012906,514.939485,514.856662
473,25000,8,0.750157,,0.750157,0.747883,0.748002,476.2485,474.8231,474.969357,514.012906,514.939485,514.836673
474,25000,8,0.750157,,0.750157,0.747883,0.748038,476.2485,474.8231,474.980385,514.012906,514.939485,514.816255
475,25000,8,0.750157,,0.750157,0.747883,0.748108,476.2485,474.8231,475.004054,514.012906,514.939485,514.777768
476,25000,8,0.750157,,0.750157,0.747883,0.748245,476.2485,474.8231,475.0686,514.012906,514.939485,514.71419
477,25000,8,0.750157,,0.750157,0.747883,0.748313,476.2485,474.8231,475.101403,514.012906,514.939485,514.682552
478,25000,8,0.750157,,0.750157,0.747883,0.74845,476.2485,474.8231,475.173198,514.012906,514.939485,514.623905
479,25000,8,0.750159,,0.750159,0.747883,0.748526,476.2485,474.8231,475.19848,514.011785,514.939485,514.581715
480,25000,8,0.750159,,0.750159,0.747883,0.748671,476.2485,474.8231,475.280234,514.011785,514.939485,514.523389
481,25000,8,0.750652,,0.750652,0.747922,0.748824,476.3826,474.8231,475.368421,513.717252,514.909421,514.46309
482,25000,8,0.750652,,0.750652,0.747922,0.748938,476.3826,474.8231,475.433483,513.717252,514.909421,514.417856
483,25000,8,0.750652,,0.750652,0.747922,0.749027,476.3826,474.8231,475.485116,513.645825,514.909421,514.383292
484,25000,8,0.750652,,0.750652,0.747922,0.749132,476.3826,474.8231,475.541588,513.645825,514.909421,514.338702
485,25000,8,0.750921,,0.750921,0.747922,0.749291,476.3826,474.8231,475.620527,513.417335,514.909421,514.26809
486,25000,8,0.750921,,0.750921,0.747922,0.749387,476.3826,474.8231,475.649316,513.417335,514.909421,514.212188
487,25000,8,0.750921,,0.750921,0.747922,0.749524,476.3826,474.8231,475.714412,513.417335,514.909421,514.149035
488,25000,8,0.751397,,0.751397,0.747922,0.749672,477.1447,474.8231,475.792387,513.417335,514.909421,514.085844
489,25000,8,0.751397,,0.751397,0.747922,0.749809,477.1447,474.8231,475.865376,513.417335,514.909421,514.028063
490,25000,8,0.751397,,0.751397,0.748176,0.749935,477.1447,474.8231,475.928439,513.417335,514.710996,513.971694
491,25000,8,0.751397,,0.751397,0.748176,0.75004,477.1447,474.8231,475.973424,513.417335,514.710996,513.919979
492,25000,8,0.75201,,0.75201,0.748176,0.750151,477.574,474.8231,476.038542,513.417335,514.710996,513.877086
493,25000,8,0.75201,,0.75201,0.74849,0.750274,477.574,474.8231,476.117496,513.417335,514.540554,513.833946
494,25000,8,0.75201,,0.75201,0.74849,0.750422,477.574,474.8231,476.217454,513.300348,514.633644,513.785786
495,25000,8,0.75201,,0.75201,0.74849,0.750564,477.574,474.8231,476.308174,513.300348,514.633644,513.735714
496,25000,8,0.75201,,0.75201,0.74849,0.750723,477.574,474.8231,476.421983,513.300348,514.633644,513.68779
497,25000,8,0.75201,,0.75201,0.74861,0.750839,477.574,474.8231,476.505886,513.300348,514.633644,513.653472
498,25000,8,0.75201,,0.75201,0.74861,0.750954,477.574,474.8231,476.589719,513.300348,514.633644,513.620428
499,25000,8,0.75201,,0.75201,0.74861,0.751077,477.574,474.8231,476.662364,513.300348,514.633644,513.57305
500,25000,8,0.752303,,0.752303,0.748792,0.751202,477.6014,475.1596,476.76491,513.227422,514.540554,513.543969
501,25000,8,0.752303,,0.752303,0.748792,0.75135,477.7081,475.1596,476.873477,513.227422,514.34777,513.501744
502,25000,8,0.752486,,0.752486,0.748912,0.751482,477.9379,475.1596,476.978091,512.933266,514.25468,513.468266
503,25000,8,0.752486,,0.752486,0.750652,0.751601,477.9379,476.2485,477.046881,512.933266,513.717252,513.421545
504,25000,8,0.752486,,0.752486,0.750954,0.751694,477.9379,476.3826,477.110434,512.933266,513.707064,513.391977
505,25000,8,0.752486,,0.752486,0.750954,0.751745,477.9379,476.3826,477.158404,512.933266,513.707064,513.384278
506,25000,8,0.752514,,0.752514,0.750954,0.751825,478.0446,476.3826,477.207675,512.933266,513.707064,513.355136
507,25000,8,0.752514,,0.752514,0.750954,0.751899,478.0446,476.3826,477.272816,512.933266,513.707064,513.340726
508,25000,8,0.752807,,0.752807,0.751122,0.751995,478.0446,476.3826,477.36358,512.933266,513.665413,513.326414
509,25000,8,0.752807,,0.752807,0.751122,0.752058,478.0446,476.3826,477.411993,512.808298,513.598248,513.310249
510,25000,8,0.752807,,0.752807,0.751397,0.752109,478.0446,476.5468,477.452019,512.808298,513.598248,513.297166
511,25000,8,0.753061,,0.753061,0.751397,0.752205,478.3672,476.7191,477.521717,512.808298,513.598248,513.268767
512,25000,8,0.753099,,0.753099,0.751486,0.752299,478.3672,476.8393,477.590819,512.808298,513.598248,513.241893
513,25000,8,0.753099,,0.753099,0.751486,0.752346,478.3672,476.8393,477.633533,512.808298,513.598248,513.233679
514,25000,8,0.753099,,0.753099,0.751486,0.752414,478.3672,476.8804,477.698312,512.808298,513.598248,513.224307
515,25000,8,0.753099,,0.753099,0.751486,0.752502,478.3672,476.8804,477.764428,512.808298,513.598248,513.200249
516,25000,8,0.754869,,0.754869,0.751486,0.75261,478.3672,477.0988,477.827158,511.516733,513.598248,513.157967
517,25000,8,0.754869,,0.754869,0.751486,0.752716,478.3672,477.0988,477.892148,511.516733,513.598248,513.11858
518,25000,8,0.754869,,0.754869,0.75229,0.752789,478.5013,477.34,477.943281,511.516733,513.378558,513.095621
519,25000,8,0.754869,,0.754869,0.752303,0.752878,478.5109,477.4353,477.975126,511.516733,513.328689,513.047814
520,25000,8,0.754869,,0.754869,0.752486,0.752992,478.5109,477.4353,478.015087,511.516733,513.328689,512.985986
521,25000,8,0.754869,,0.754869,0.752486,0.753143,478.5109,476.8814,478.056648,511.516733,513.328689,512.896088
522,25000,8,0.755102,,0.755102,0.752486,0.753253,478.9524,476.8814,478.103364,511.516733,513.328689,512.841334
523,25000,8,0.755394,,0.755394,0.752486,0.753418,478.9524,476.8814,478.172671,511.366607,513.328689,512.759183
524,25000,8,0.755404,,0.755404,0.752687,0.753565,478.9524,476.8814,478.242554,511.299442,513.261524,512.691257
525,25000,8,0.755404,,0.755404,0.752687,0.753721,478.9402,477.7336,478.295751,511.299442,513.261524,512.605402
526,25000,8,0.755404,,0.755404,0.752807,0.753831,478.9402,478.0083,478.33773,511.299442,513.150069,512.547565
527,25000,8,0.755595,,0.755595,0.752807,0.754011,479.0743,478.0083,478.394192,511.299442,513.150069,512.445143
528,25000,8,0.756181,,0.756181,0.752807,0.754253,479.0743,477.3222,478.450181,511.053937,513.150069,512.293713
529,25000,8,0.756181,,0.756181,0.752807,0.754476,479.0743,477.5873,478.503411,511.053937,513.150069,512.155591
530,25000,8,0.756181,,0.756181,0.752807,0.754664,479.0743,477.5873,478.570262,511.053937,513.150069,512.053652
531,25000,8,0.756181,,0.756181,0.752807,0.754842,479.2385,478.0446,478.656262,511.053937,513.150069,511.971895
532,25000,8,0.756514,,0.756514,0.752807,0.755097,479.2385,478.0446,478.737978,510.903811,513.150069,511.828288
533,25000,8,0.756716,,0.756716,0.752807,0.755342,479.2385,478.0446,478.826418,510.836646,513.150069,511.695988
534,25000,8,0.756716,,0.756716,0.753633,0.755589,479.3029,478.3066,478.922994,510.836646,512.921191,511.568179
535,25000,8,0.757723,,0.757723,0.753633,0.755799,480.0195,478.3066,479.027858,510.638243,512.921191,511.474662
536,25000,8,0.757723,,0.757723,0.755102,0.755941,480.0195,478.3066,479.089798,510.638243,511.743724,511.405702
537,25000,8,0.757723,,0.757723,0.755102,0.756103,480.0744,478.3066,479.180153,510.588557,511.743724,511.339977
538,25000,8,0.757723,,0.757723,0.755394,0.75624,480.0744,478.8442,479.254376,510.512887,511.732137,511.28239
539,25000,8,0.757723,,0.757723,0.755394,0.756344,480.0744,478.8442,479.295708,510.512887,511.732137,511.229504
540,25000,8,0.757723,,0.757723,0.755595,0.756479,480.0744,479.0084,479.354901,510.512887,511.664972,511.163305
541,25000,8,0.758423,,0.758423,0.755595,0.756616,480.4405,479.0084,479.43107,510.374445,511.664972,511.108054
542,25000,8,0.758423,,0.758423,0.755595,0.756749,480.4405,478.5743,479.506679,510.374445,511.664972,511.054597
543,25000,8,0.758423,,0.758423,0.755929,0.756931,480.4405,478.5743,479.608759,510.374445,511.514846,510.981258
544,25000,8,0.758423,,0.758423,0.755929,0.757108,480.4405,479.1425,479.708361,510.374445,511.514846,510.909677
545,25000,8,0.758423,,0.758423,0.756404,0.757277,480.4405,479.1425,479.826121,510.374445,511.277419,510.856851
546,25000,8,0.758423,,0.758423,0.756404,0.757445,480.4762,479.3055,479.923612,510.374445,511.277419,510.791395
547,25000,8,0.758489,,0.758489,0.756572,0.757585,480.4762,479.3055,480.003551,510.132621,511.172414,510.735644
548,25000,8,0.75971,,0.75971,0.756572,0.757739,481.238,479.3055,480.073225,509.905575,511.172414,510.66252
549,25000,8,0.75971,,0.75971,0.756762,0.757897,481.2669,479.3055,480.157992,509.905575,511.119215,510.595704
550,25000,8,0.75971,,0.75971,0.756762,0.758006,481.2669,479.3055,480.208857,509.905575,511.119215,510.544557
551,25000,8,0.75971,,0.75971,0.756762,0.758159,481.2669,479.3055,480.301183,509.905575,511.107984,510.487472
552,25000,8,0.75971,,0.75971,0.756762,0.758302,481.2669,479.6012,480.415882,509.905575,511.107984,510.452497
553,25000,8,0.75971,,0.75971,0.757512,0.758407,481.2669,479.7542,480.512811,509.905575,510.811252,510.435815
554,25000,8,0.759982,,0.759982,0.757512,0.758509,481.6563,479.7542,480.605339,509.478704,510.728291,510.417915
555,25000,8,0.759982,,0.759982,0.757512,0.75861,481.6563,479.7542,480.68918,509.478704,510.728291,510.395696
556,25000,8,0.759982,,0.759982,0.757512,0.758707,481.6563,479.7542,480.758105,509.478704,510.728291,510.366068
557,25000,8,0.760818,,0.760818,0.757997,0.758825,481.9674,480.156,480.856417,509.478704,510.661126,510.339893
558,25000,8,0.760946,,0.760946,0.757997,0.758961,482.458,480.156,480.97627,509.478704,510.661126,510.314019
559,25000,8,0.760946,,0.760946,0.757997,0.759035,482.458,480.2017,481.034088,509.478704,510.661126,510.295419
560,25000,8,0.760948,,0.760948,0.757997,0.759187,482.458,480.2017,481.113481,509.428487,510.661126,510.229866
561,25000,8,0.760948,,0.760948,0.757997,0.759321,482.458,480.2017,481.180185,509.428487,510.661126,510.169753
562,25000,8,0.760948,,0.760948,0.758002,0.759433,482.458,480.2017,481.22015,509.428487,510.700259,510.109686
563,25000,8,0.76109,,0.76109,0.758002,0.759616,482.458,480.2017,481.321689,509.103067,510.700259,510.035048
564,25000,8,0.76109,,0.76109,0.758002,0.759704,482.458,480.2017,481.367231,509.103067,510.606829,509.996884
565,25000,8,0.76109,,0.76109,0.758002,0.75985,482.458,480.2017,481.472058,509.103067,510.606829,509.952572
566,25000,8,0.76109,,0.76109,0.758222,0.760009,482.458,480.3064,481.587176,509.103067,510.606829,509.905999
567,25000,8,0.76109,,0.76109,0.758222,0.76009,482.458,480.3064,481.611266,509.103067,510.606829,509.859066
568,25000,8,0.76109,,0.76109,0.758448,0.760185,482.458,480.4405,481.653851,509.103067,510.602867,509.813422
569,25000,8,0.761442,,0.761442,0.758448,0.760264,482.7581,480.4405,481.670179,509.103067,510.602867,509.762368
570,25000,8,0.761442,,0.761442,0.758448,0.76034,482.7581,480.4405,481.692891,509.103067,510.602867,509.718525
571,25000,8,0.762184,,0.762184,0.758448,0.760458,483.1874,480.4405,481.764284,509.103067,510.355136,509.674378
572,25000,8,0.762184,,0.762184,0.758448,0.760533,483.1874,480.4405,481.800027,509.103067,510.355136,509.639625
573,25000,8,0.762184,,0.762184,0.758448,0.76067,483.1874,480.4405,481.884904,509.103067,510.583558,509.589767
574,25000,8,0.762184,,0.762184,0.758865,0.760787,483.1874,480.9178,482.009708,509.103067,510.583558,509.582387
575,25000,8,0.762184,,0.762184,0.759536,0.760928,483.1874,481.2023,482.112898,509.103067,510.26479,509.541222
576,25000,8,0.762184,,0.762184,0.75956,0.761052,483.1874,481.5716,482.212986,509.103067,510.245481,509.511586
577,25000,8,0.762184,,0.762184,0.759949,0.761145,483.1874,481.6472,482.342761,509.103067,510.22723,509.526546
578,25000,8,0.762184,,0.762184,0.759949,0.761264,483.1874,481.6472,482.458507,509.103067,510.22723,509.511117
579,25000,8,0.762184,,0.762184,0.759949,0.761387,483.1874,481.6472,482.583698,509.103067,510.22723,509.498995
580,25000,8,0.762184,,0.762184,0.760333,0.761557,483.1874,481.6472,482.720636,509.103067,509.94895,509.457865
581,25000,8,0.762184,,0.762184,0.760333,0.761654,483.1874,481.6472,482.844132,509.103067,509.94895,509.465146
582,25000,8,0.762184,,0.762184,0.760863,0.761764,483.1874,481.9674,482.931621,509.281656,509.737989,509.438115
583,25000,8,0.762184,,0.762184,0.760863,0.76187,483.1874,482.3309,483.011456,509.281656,509.737989,509.409015
584,25000,8,0.762184,,0.762184,0.760863,0.761945,483.1874,482.3309,483.06216,509.281656,509.737989,509.384618
585,25000,8,0.762184,,0.762184,0.760863,0.761988,483.1874,482.3309,483.093482,509.281656,509.737989,509.371777
586,25000,8,0.762184,,0.762184,0.761442,0.762031,483.1874,482.7581,483.126534,509.281656,509.573314,509.360556
587,25000,8,0.762184,,0.762184,0.761972,0.762058,483.1874,483.0603,483.147999,509.281656,509.383107,509.35334
588,25000,8,0.762184,,0.762184,0.761972,0.762065,483.1874,483.0603,483.150541,509.281656,509.383107,509.349697
589,25000,8,0.762184,,0.762184,0.761972,0.762074,483.1874,483.0603,483.155625,509.281656,509.383107,509.346469
590,25000,8,0.76238,,0.76238,0.761972,0.762084,483.1874,483.0603,483.158022,509.128978,509.383107,509.34007
591,25000,8,0.76238,,0.76238,0.761972,0.762093,483.1874,483.0603,483.160564,509.128978,509.383107,509.334901
592,25000,8,0.76238,,0.76238,0.761972,0.762106,483.1874,483.0603,483.162961,509.128978,509.383107,509.326473
593,25000,8,0.76238,,0.76238,0.761972,0.762118,483.1874,483.0603,483.163106,509.128978,509.383107,509.317024
594,25000,8,0.76238,,0.76238,0.761972,0.762134,483.1874,483.0603,483.164522,509.128978,509.383107,509.305199
595,25000,8,0.76238,,0.76238,0.761972,0.762149,483.1874,483.0603,483.168335,509.128978,509.383107,509.296628
596,25000,8,0.76238,,0.76238,0.761972,0.762171,483.1874,483.0603,483.175961,509.128978,509.383107,509.284363
597,25000,8,0.763665,,0.763665,0.761972,0.762207,484.2247,483.0603,483.190877,508.822,509.383107,509.266529
598,25000,8,0.763665,,0.763665,0.761972,0.762222,484.2247,483.0603,483.194149,508.822,509.383107,509.256774
599,25000,8,0.763665,,0.763665,0.761972,0.762253,484.2247,483.0603,483.206712,508.822,509.383107,509.241035
600,25000,8,0.764304,,0.764304,0.761972,0.762306,485.3802,483.0603,483.242474,508.822,509.383107,509.223661
601,25000,8,0.764304,,0.764304,0.761972,0.762355,485.3802,483.0603,483.276776,508.731991,509.383107,509.208322
602,25000,8,0.764304,,0.764304,0.762054,0.762446,485.3802,483.1874,483.344198,508.731991,509.383107,509.182716
603,25000,8,0.764304,,0.764304,0.762184,0.76254,485.3802,483.1874,483.419903,508.731991,509.281656,509.159957
604,25000,8,0.764304,,0.764304,0.762184,0.762639,485.3802,483.1874,483.518718,508.731991,509.281656,509.148879
605,25000,8,0.764304,,0.764304,0.762184,0.762753,485.3802,483.1874,483.617081,508.731991,509.281656,509.126234
606,25000,8,0.765589,,0.765589,0.762184,0.762857,486.4175,483.1874,483.705349,508.731991,509.281656,509.104194
607,25000,8,0.765767,,0.765767,0.762184,0.763012,486.4905,483.1874,483.835109,508.700393,509.281656,509.069875
608,25000,8,0.765767,,0.765767,0.762184,0.763107,486.4905,483.1874,483.923006,508.700393,509.383399,509.05504
609,25000,8,0.765767,,0.765767,0.762184,0.763298,486.4905,483.1874,484.096344,508.700393,509.383399,509.021975
610,25000,8,0.765767,,0.765767,0.762184,0.763487,486.4905,483.1874,484.268704,508.282233,509.281656,508.989953
611,25000,8,0.765767,,0.765767,0.762184,0.763696,486.4905,483.1874,484.463683,508.282233,509.281656,508.95756
612,25000,8,0.765767,,0.765767,0.762184,0.763853,486.4905,483.1874,484.619074,508.282233,509.281656,508.93931
613,25000,8,0.765767,,0.765767,0.762225,0.763984,486.4905,483.1874,484.724413,508.192224,509.250058,508.908195
614,25000,8,0.765767,,0.765767,0.762225,0.764172,486.4905,483.1874,484.886101,508.192224,509.250058,508.869725
615,25000,8,0.765864,,0.765864,0.762225,0.764334,486.4905,483.1874,485.004211,508.192224,509.250058,508.822615
616,25000,8,0.765864,,0.765864,0.76238,0.764503,486.4905,483.1874,485.18303,508.192224,509.128978,508.810062
617,25000,8,0.765864,,0.765864,0.76238,0.764641,486.4905,483.1874,485.334975,508.192224,509.128978,508.804611
618,25000,8,0.765864,,0.765864,0.76238,0.764764,486.4905,483.1874,485.447361,508.192224,509.128978,508.783499
619,25000,8,0.765877,,0.765877,0.76238,0.764896,486.8608,483.1874,485.576414,508.192224,509.128978,508.767345
620,25000,8,0.765877,,0.765877,0.76238,0.765026,486.8608,483.1874,485.695175,508.192224,509.128978,508.745479
621,25000,8,0.766055,,0.766055,0.762558,0.765196,486.9338,483.2604,485.89201,508.192224,509.09738,508.744915
622,25000,8,0.766055,,0.766055,0.763843,0.765366,486.9338,483.8196,486.070071,508.192224,509.09738,508.731284
623,25000,8,0.766055,,0.766055,0.763843,0.765476,486.9338,483.8926,486.178648,508.192224,509.09738,508.718196
624,25000,8,0.766111,,0.766111,0.763843,0.765573,486.9338,483.8926,486.280974,508.160626,509.09738,508.711645
625,25000,8,0.766111,,0.766111,0.763843,0.765673,486.9338,483.8926,486.384844,508.160626,509.122643,508.702817
626,25000,8,0.766111,,0.766111,0.763843,0.765792,486.9338,483.8926,486.500944,508.160626,508.985966,508.687971
627,25000,8,0.766111,,0.766111,0.765117,0.76586,486.9338,486.0854,486.576806,508.160626,508.985966,508.685594
628,25000,8,0.766123,,0.766123,0.765589,0.765894,486.9338,486.0124,486.59013,508.160626,508.809576,508.668577
629,25000,8,0.766511,,0.766511,0.765767,0.765928,487.2696,486.0854,486.619591,508.160626,508.809576,508.661505
630,25000,8,0.766511,,0.766511,0.765767,0.765989,487.2696,486.0854,486.655441,508.07564,508.809576,508.638072
631,25000,8,0.766511,,0.766511,0.765767,0.766014,487.2696,486.0854,486.675202,508.07564,508.773215,508.631639
632,25000,8,0.766579,,0.766579,0.765767,0.766043,487.2696,486.0854,486.681989,508.07564,508.773215,508.613954
633,25000,8,0.766855,,0.766855,0.765836,0.76608,487.2696,486.0854,486.692134,508.07564,508.773215,508.591869
634,25000,8,0.766855,,0.766855,0.765836,0.766126,487.2696,486.0854,486.714885,508.07564,508.773215,508.570617
635,25000,8,0.766855,,0.766855,0.765836,0.766164,487.2696,486.0854,486.71357,508.07564,508.773215,508.540088
636,25000,8,0.766855,,0.766855,0.765864,0.766204,487.2696,486.0854,486.731506,508.07564,508.773215,508.520832
637,25000,8,0.766951,,0.766951,0.765864,0.766267,487.2696,486.0854,486.779016,508.027597,508.773215,508.503742
638,25000,8,0.766951,,0.766951,0.765864,0.766331,487.2696,486.0854,486.821393,508.027597,508.773215,508.482146
639,25000,8,0.766951,,0.766951,0.765864,0.766402,487.2696,486.0854,486.843223,508.027597,508.773215,508.441445
640,25000,8,0.766951,,0.766951,0.766055,0.76645,487.2696,486.0854,486.820882,508.027597,508.773215,508.38935
641,25000,8,0.766951,,0.766951,0.766055,0.766527,487.2696,486.0854,486.805793,508.027597,508.773215,508.318932
642,25000,8,0.766951,,0.766951,0.766055,0.766597,487.2696,486.0854,486.844883,508.027597,508.773215,508.290578
643,25000,8,0.766951,,0.766951,0.766055,0.766688,487.7129,486.0854,486.872653,508.027597,508.773215,508.238293
644,25000,8,0.767404,,0.767404,0.766123,0.766765,487.7129,486.0854,486.885002,507.935184,508.719567,508.186351
645,25000,8,0.767404,,0.767404,0.766123,0.766827,487.7129,486.0854,486.887631,507.935184,508.719567,508.140061
646,25000,8,0.767404,,0.767404,0.766123,0.766887,487.7129,486.0854,486.910379,507.935184,508.719567,508.108146
647,25000,8,0.767404,,0.767404,0.766208,0.766914,487.7129,486.0854,486.9083,507.935184,508.70825,508.085561
648,25000,8,0.767404,,0.767404,0.76622,0.766949,487.7129,486.0854,486.935564,507.935184,508.70825,508.076902
649,25000,8,0.767404,,0.767404,0.766276,0.766971,487.7129,486.0854,486.925691,507.935184,508.70825,508.053218
650,25000,8,0.767501,,0.767501,0.766807,0.766999,487.7129,486.8645,486.93668,507.859921,508.70825,508.038415
651,25000,8,0.767501,,0.767501,0.766867,0.767015,487.7129,486.8645,486.9275,507.859921,508.661801,508.01993
652,25000,8,0.767501,,0.767501,0.766923,0.767066,487.2539,486.8645,486.950168,507.859921,508.049213,507.995645
653,25000,8,0.767501,,0.767501,0.766923,0.767093,487.2539,486.8645,486.965744,507.859921,508.049213,507.984638
654,25000,8,0.767569,,0.767569,0.766923,0.767139,487.2783,486.8645,486.99714,507.822783,508.049213,507.969504
655,25000,8,0.767569,,0.767569,0.766923,0.767188,487.2783,486.8645,487.028536,507.822783,508.049213,507.952878
656,25000,8,0.767569,,0.767569,0.766951,0.767223,487.2783,486.8645,487.048738,507.74546,508.027597,507.939159
657,25000,8,0.767569,,0.767569,0.766951,0.767253,487.2783,486.8645,487.072346,507.74546,508.027597,507.931254
658,25000,8,0.767569,,0.767569,0.766951,0.767277,487.2783,486.8645,487.087922,507.74546,508.027597,507.923362
659,25000,8,0.767634,,0.767634,0.766951,0.76732,487.3754,486.8645,487.113477,507.74546,508.027597,507.906715
660,25000,8,0.767793,,0.767793,0.766951,0.767364,487.3754,486.8645,487.14073,507.631431,508.027597,507.890454
661,25000,8,0.767793,,0.767793,0.766951,0.767409,487.3754,486.8645,487.163606,507.631431,508.027597,507.870823
662,25000,8,0.767793,,0.767793,0.766951,0.767459,487.3754,486.8645,487.194275,507.631431,508.027597,507.852648
663,25000,8,0.767868,,0.767868,0.766989,0.767505,487.3754,486.8645,487.217395,507.573666,507.998192,507.832311
664,25000,8,0.768518,,0.768518,0.766989,0.767543,487.8983,486.8645,487.233574,507.497785,507.998192,507.813153
665,25000,8,0.768518,,0.768518,0.766989,0.767589,487.8983,486.8645,487.253886,507.497785,507.998192,507.791228
666,25000,8,0.768518,,0.768518,0.766989,0.767637,487.8983,486.8645,487.277853,507.497785,507.998192,507.769551
667,25000,8,0.768518,,0.768518,0.766989,0.767677,487.9227,486.8645,487.29463,507.497785,507.998192,507.749387
668,25000,8,0.768518,,0.768518,0.767058,0.767759,487.9227,486.8645,487.349602,507.497785,507.944545,507.722226
669,25000,8,0.768518,,0.768518,0.767501,0.767804,487.9227,487.2539,487.374775,507.497785,507.859921,507.70432
670,25000,8,0.768518,,0.768518,0.767538,0.767867,487.9227,487.2539,487.410884,507.497785,507.830516,507.679088
671,25000,8,0.768518,,0.768518,0.767538,0.767913,487.9227,487.2539,487.43909,507.497785,507.830516,507.662075
672,25000,8,0.768518,,0.768518,0.767666,0.767969,487.9227,487.2539,487.473013,507.497785,507.807555,507.641728
673,25000,8,0.768683,,0.768683,0.767666,0.768051,487.9227,487.2539,487.524423,507.385384,507.807555,507.611939
674,25000,8,0.768917,,0.768917,0.767666,0.768105,488.1396,487.2539,487.554559,507.348603,507.807555,507.589704
675,25000,8,0.768917,,0.768917,0.767666,0.76818,488.1396,487.2539,487.599042,507.348603,507.807555,507.561441
676,25000,8,0.768917,,0.768917,0.767672,0.768257,488.1396,487.2539,487.651496,507.348603,507.807555,507.536409
677,25000,8,0.769082,,0.769082,0.767672,0.768339,488.164,487.2783,487.695008,507.147819,507.807555,507.501441
678,25000,8,0.769082,,0.769082,0.767813,0.768413,488.164,487.2783,487.73504,507.147819,507.709037,507.47064
679,25000,8,0.769082,,0.769082,0.767819,0.768483,488.164,487.2783,487.783344,507.147819,507.709037,507.448153
680,25000,8,0.769082,,0.769082,0.767819,0.768523,488.164,487.2783,487.799831,507.147819,507.709037,507.428465
681,25000,8,0.769139,,0.769139,0.767837,0.768584,488.164,487.2783,487.831859,507.147819,507.695153,507.402017
682,25000,8,0.769935,,0.769935,0.767837,0.76866,489.1169,487.2783,487.872688,507.147819,507.695153,507.369926
683,25000,8,0.769935,,0.769935,0.767837,0.768742,489.1169,487.2783,487.937688,507.147819,507.695153,507.349855
684,25000,8,0.77055,,0.77055,0.768068,0.768855,489.1169,487.2783,488.012312,506.658745,507.613873,507.311605
685,25000,8,0.77055,,0.77055,0.768099,0.768943,489.1169,487.2783,488.07561,506.658745,507.613873,507.285489
686,25000,8,0.77055,,0.77055,0.768099,0.769042,489.2384,487.2783,488.152658,506.658745,507.613873,507.25987
687,25000,8,0.77055,,0.77055,0.768099,0.769142,489.2384,487.2783,488.227272,506.658745,507.613873,507.231702
688,25000,8,0.771253,,0.771253,0.768391,0.769303,489.8722,487.9227,488.344765,506.546344,507.613873,507.184628
689,25000,8,0.771253,,0.771253,0.768391,0.769406,489.8722,487.6794,488.389323,506.546344,507.613873,507.134387
690,25000,8,0.771253,,0.771253,0.768391,0.769532,489.8722,487.6794,488.472916,506.546344,507.613873,507.092581
691,25000,8,0.771253,,0.771253,0.768683,0.769676,489.8722,487.9227,488.577498,506.546344,507.385384,507.050126
692,25000,8,0.771568,,0.771568,0.768958,0.769836,489.9883,487.9227,488.69526,506.519695,507.252547,507.00426
693,25000,8,0.771568,,0.771568,0.768958,0.769939,489.9883,487.9227,488.772883,506.519695,507.252547,506.976089
694,25000,8,0.771568,,0.771568,0.768958,0.770069,489.9883,487.9227,488.885436,506.519695,507.252547,506.949509
695,25000,8,0.772386,,0.772386,0.768958,0.770275,490.5001,487.9227,489.067451,506.224653,507.252547,506.911201
696,25000,8,0.772527,,0.772527,0.768988,0.770405,490.5001,487.9227,489.166598,506.114777,507.233517,506.876212
697,25000,8,0.772601,,0.772601,0.768988,0.770635,491.179,487.9227,489.345993,506.114777,507.184865,506.817215
698,25000,8,0.772601,,0.772601,0.768988,0.770867,491.179,487.9227,489.509958,506.114777,507.147819,506.745516
699,25000,8,0.772601,,0.772601,0.769029,0.771127,491.179,487.9227,489.677493,506.114777,507.115771,506.655215
700,25000,8,0.772601,,0.772601,0.769029,0.771354,491.179,487.9227,489.835226,506.114777,507.115771,506.584072
701,25000,8,0.773067,,0.773067,0.769029,0.771576,491.179,487.9227,489.989498,505.900271,507.115771,506.514166
702,25000,8,0.773067,,0.773067,0.769029,0.771732,491.3109,487.9227,490.099799,505.877212,507.115771,506.466752
703,25000,8,0.774821,,0.774821,0.769148,0.771977,492.3281,487.9227,490.248477,505.550156,507.022851,506.375226
704,25000,8,0.775096,,0.775096,0.770239,0.772297,492.4496,489.1169,490.474919,505.417319,506.971989,506.277155
705,25000,8,0.777353,,0.777353,0.770239,0.772595,493.6909,489.1169,490.687309,504.488497,506.971989,506.186705
706,25000,8,0.777353,,0.777353,0.770641,0.772944,493.6909,489.3614,490.950423,504.488497,506.822332,506.091152
707,25000,8,0.778711,,0.778711,0.771253,0.773336,494.4408,489.8668,491.224177,503.931475,506.687926,505.968374
708,25000,8,0.778711,,0.778711,0.771598,0.77361,494.4408,489.8668,491.421992,503.931475,506.511431,505.887921
709,25000,8,0.778711,,0.778711,0.77195,0.773887,494.4408,490.303,491.623581,503.931475,506.511431,505.806896
710,25000,8,0.778711,,0.778711,0.77195,0.774239,494.4408,490.303,491.854375,503.931475,506.511431,505.686621
711,25000,8,0.778711,,0.778711,0.772557,0.774539,494.4408,490.3786,492.042615,503.931475,506.511431,505.57896
712,25000,8,0.77967,,0.77967,0.772557,0.774976,494.9526,490.3786,492.330973,503.526557,506.487407,505.430957
713,25000,8,0.77967,,0.77967,0.772557,0.775376,494.9526,490.3786,492.575739,503.526557,506.486742,505.282939
714,25000,8,0.779814,,0.779814,0.772557,0.775587,495.0845,490.3786,492.710871,503.502533,506.486742,505.209401
715,25000,8,0.779912,,0.779912,0.772831,0.776004,495.1971,490.5001,492.982276,503.501868,506.486742,505.065856
716,25000,8,0.779912,,0.779912,0.772831,0.776313,495.1971,490.5001,493.152945,503.501868,506.486742,504.939475
717,25000,8,0.779912,,0.779912,0.774202,0.776709,495.1971,492.1734,493.394343,503.501868,505.929721,504.791943
718,25000,8,0.779912,,0.779912,0.774821,0.777113,495.1971,492.3281,493.618991,503.501868,505.550156,504.627479
719,25000,8,0.779912,,0.779912,0.774821,0.777616,495.1971,492.3281,493.894467,503.394384,505.550156,504.419532
720,25000,8,0.77999,,0.77999,0.774821,0.778052,495.2425,492.3281,494.125,503.39372,505.550156,504.233901
721,25000,8,0.77999,,0.77999,0.774821,0.778144,495.2425,492.3281,494.180514,503.39372,505.550156,504.199364
722,25000,8,0.780123,,0.780123,0.774821,0.778417,495.2425,492.3281,494.330971,503.173042,505.550156,504.087418
723,25000,8,0.780377,,0.780377,0.774821,0.778798,495.5996,492.3281,494.537599,503.173042,505.550156,503.928558
724,25000,8,0.780377,,0.780377,0.774955,0.778935,495.5996,492.4496,494.613308,503.173042,505.527195,503.872566
725,25000,8,0.780454,,0.780454,0.775096,0.779231,495.5996,492.4496,494.773607,503.121725,505.517071,503.749294
726,25000,8,0.780454,,0.780454,0.775096,0.779614,495.5996,492.4496,494.978423,503.121725,505.417319,503.587644
727,25000,8,0.780454,,0.780454,0.77538,0.779813,495.5996,492.7306,495.080666,503.121725,505.384234,503.501162
728,25000,8,0.780454,,0.780454,0.77701,0.779972,495.5996,493.5999,495.177549,503.121725,504.695256,503.441952
729,25000,8,0.780454,,0.780454,0.77967,0.78006,495.5996,494.9526,495.248751,503.121725,503.526557,503.421158
730,25000,8,0.780454,,0.780454,0.77967,0.780106,495.5996,494.9526,495.284882,503.121725,503.526557,503.409384
731,25000,8,0.780454,,0.780454,0.779912,0.780136,495.5996,494.9526,495.304549,503.121725,503.501868,503.398698
732,25000,8,0.780696,,0.780696,0.779912,0.78017,495.5996,494.9526,495.31593,503.097036,503.501868,503.380465
733,25000,8,0.780696,,0.780696,0.779912,0.780204,495.5996,494.9526,495.341446,503.097036,503.501868,503.370527
734,25000,8,0.781003,,0.781003,0.779912,0.780268,495.6512,494.9526,495.395303,502.955444,503.515111,503.356733
735,25000,8,0.781003,,0.781003,0.779912,0.780299,495.6512,494.9526,495.418219,502.955444,503.515111,503.348072
736,25000,8,0.781003,,0.781003,0.77996,0.780359,495.6512,495.1971,495.470605,502.955444,503.464556,503.336293
737,25000,8,0.781003,,0.781003,0.77996,0.780394,495.6512,495.1971,495.489444,502.955444,503.464556,503.321982
738,25000,8,0.781003,,0.781003,0.77996,0.780435,495.7865,495.1971,495.512573,502.955444,503.464556,503.305476
739,25000,8,0.781003,,0.781003,0.77996,0.780494,495.7865,495.1971,495.543593,502.955444,503.464556,503.280051
740,25000,8,0.781003,,0.781003,0.77996,0.780552,495.7865,495.1971,495.577814,502.955444,503.464556,503.257832
741,25000,8,0.781003,,0.781003,0.780266,0.780606,495.7865,495.3428,495.599627,502.955444,503.40851,503.230275
742,25000,8,0.781003,,0.781003,0.780266,0.780662,495.7865,495.3428,495.619203,502.955444,503.40851,503.199728
743,25000,8,0.781286,,0.781286,0.780377,0.780721,495.9322,495.4643,495.648288,502.922359,503.40851,503.173243
744,25000,8,0.781286,,0.781286,0.780377,0.780766,495.9322,495.4643,495.669302,502.922359,503.40851,503.151994
745,25000,8,0.781286,,0.781286,0.780377,0.780819,495.9322,495.4643,495.689566,502.922359,503.40851,503.124093
746,25000,8,0.781286,,0.781286,0.780377,0.780853,495.9322,495.4643,495.701309,502.922359,503.40851,503.105985
747,25000,8,0.781286,,0.781286,0.780377,0.780901,495.9322,495.5996,495.7245,502.922359,503.40851,503.08382
748,25000,8,0.781286,,0.781286,0.780377,0.780947,495.9322,495.5996,495.740718,502.922359,503.40851,503.058812
749,25000,8,0.781297,,0.781297,0.780538,0.781002,495.9322,495.5996,495.762027,502.914395,503.283542,503.03041
750,25000,8,0.781297,,0.781297,0.780538,0.781065,495.9322,495.5055,495.796445,502.914395,503.283542,503.003805
751,25000,8,0.781297,,0.781297,0.780538,0.781124,495.9322,495.5996,495.837745,502.914395,503.283542,502.986051
752,25000,8,0.781297,,0.781297,0.780538,0.781176,495.9322,495.5996,495.858217,502.914395,503.283542,502.958764
753,25000,8,0.781297,,0.781297,0.78098,0.781198,495.9322,495.6512,495.870901,502.914395,503.063951,502.949854
754,25000,8,0.781297,,0.781297,0.78098,0.781208,495.9322,495.6512,495.872566,502.914395,503.063951,502.943357
755,25000,8,0.781297,,0.781297,0.78098,0.781238,495.9322,495.6512,495.893901,502.914395,503.063951,502.934543
756,25000,8,0.781297,,0.781297,0.78098,0.781259,495.9322,495.6512,495.909512,502.914395,503.063951,502.928653
757,25000,8,0.781297,,0.781297,0.78098,0.781271,495.9322,495.6512,495.918411,502.914395,503.063951,502.924996
758,25000,8,0.781297,,0.781297,0.781003,0.781283,495.9322,495.6512,495.926945,502.914395,502.955444,502.921264
759,25000,8,0.781297,,0.781297,0.781286,0.781289,495.9322,495.9322,495.9322,502.914395,502.922359,502.920288
760,25000,8,0.781297,,0.781297,0.781286,0.78129,495.9322,495.9322,495.9322,502.914395,502.922359,502.919571
761,25000,8,0.781297,,0.781297,0.781286,0.78129,495.9322,495.9322,495.9322,502.914395,502.922359,502.919173
762,25000,8,0.781297,,0.781297,0.781286,0.781291,495.9322,495.9322,495.9322,502.914395,502.922359,502.918615
763,25000,8,0.781297,,0.781297,0.781286,0.781292,495.9322,495.9322,495.9322,502.914395,502.922359,502.918217
764,25000,8,0.781297,,0.781297,0.781286,0.781292,495.9322,495.9322,495.9322,502.914395,502.922359,502.917899
765,25000,8,0.781297,,0.781297,0.781286,0.781292,495.9322,495.9322,495.9322,502.914395,502.922359,502.91766
766,25000,8,0.781297,,0.781297,0.781286,0.781293,495.9322,495.9322,495.9322,502.914395,502.922359,502.917262
767,25000,8,0.781297,,0.781297,0.781286,0.781293,495.9322,495.9322,495.9322,502.914395,502.922359,502.917182
768,25000,8,0.781297,,0.781297,0.781286,0.781293,495.9322,495.9322,495.9322,502.914395,502.922359,502.916943
769,25000,8,0.781297,,0.781297,0.781286,0.781294,495.9322,495.9322,495.9322,502.914395,502.922359,502.916624
770,25000,8,0.781297,,0.781297,0.781286,0.781295,495.9322,495.9322,495.9322,502.914395,502.922359,502.915987
771,25000,8,0.781297,,0.781297,0.781286,0.781295,495.9322,495.9322,495.9322,502.914395,502.922359,502.915589
772,25000,8,0.781297,,0.781297,0.781286,0.781295,495.9322,495.9322,495.9322,502.914395,502.922359,502.91551
773,25000,8,0.781297,,0.781297,0.781286,0.781295,495.9322,495.9322,495.9322,502.914395,502.922359,502.915271
774,25000,8,0.781297,,0.781297,0.781286,0.781296,495.9322,495.9322,495.9322,502.914395,502.922359,502.915191
775,25000,8,0.781297,,0.781297,0.781286,0.781296,495.9322,495.9322,495.9322,502.914395,502.922359,502.915111
776,25000,8,0.781297,,0.781297,0.781286,0.781296,495.9322,495.9322,495.9322,502.914395,502.922359,502.914793
777,25000,8,0.781297,,0.781297,0.781286,0.781296,495.9322,495.9322,495.9322,502.914395,502.922359,502.914713
778,25000,8,0.781297,,0.781297,0.781286,0.781296,495.9322,495.9322,495.9322,502.914395,502.922359,502.914633
779,25000,8,0.781297,,0.781297,0.781286,0.781296,495.9322,495.9322,495.9322,502.914395,502.922359,502.914474
780,25000,8,0.781297,,0.781297,0.781286,0.781296,495.9322,495.9322,495.9322,502.914395,502.922359,502.914474
781,25000,8,0.781297,,0.781297,0.781286,0.781296,495.9322,495.9322,495.9322,502.914395,502.922359,502.914474
782,25000,8,0.781297,,0.781297,0.781297,0.781297,495.9322,495.9322,495.9322,502.914395,502.914395,502.914395
783,25000,8,0.781297,,0.781297,0.781297,0.781297,495.9322,495.9322,495.9322,502.914395,502.914395,502.914395
784,25000,8,0.781297,,0.781297,0.781297,0.781297,495.9322,495.9322,495.9322,502.914395,502.914395,502.914395
785,25000,8,0.781297,,0.781297,0.781297,0.781297,495.9322,495.9322,495.9322,502.914395,502.914395,502.914395
786,25000,8,0.781297,,0.781297,0.781297,0.781297,495.9322,495.9322,495.9322,502.914395,502.914395,502.914395
787,25000,8,0.781297,,0.781297,0.781297,0.781297,495.9322,495.9322,495.9322,502.914395,502.914395,502.914395
788,25000,8,0.781297,,0.781297,0.781297,0.781297,495.9322,495.9322,495.9322,502.914395,502.914395,502.914395
789,25000,8,0.781297,,0.781297,0.781297,0.781297,495.9322,495.9322,495.9322,502.914395,502.914395,502.914395
790,25000,8,0.781297,,0.781297,0.781297,0.781297,495.9322,495.9322,495.9322,502.914395,502.914395,502.914395
791,25000,8,0.781297,,0.781297,0.781297,0.781297,495.9322,495.9322,495.9322,502.914395,502.914395,502.914395
792,25000,8,0.781297,,0.781297,0.781297,0.781297,495.9322,495.9322,495.9322,502.914395,502.914395,502.914395
793,25000,8,0.781297,,0.781297,0.781297,0.781297,495.9322,495.9322,495.9322,502.914395,502.914395,502.914395
794,25000,8,0.781297,,0.781297,0.781297,0.781297,495.9322,495.9322,495.9322,502.914395,502.914395,502.914395
795,25000,8,0.781297,,0.781297,0.781297,0.781297,495.9322,495.9322,495.9322,502.914395,502.914395,502.914395
796,25000,8,0.781297,,0.781297,0.781297,0.781297,495.9322,495.9322,495.9322,502.914395,502.914395,502.914395
797,25000,8,0.781297,,0.781297,0.781297,0.781297,495.9322,495.9322,495.9322,502.914395,502.914395,502.914395
798,25000,8,0.781297,,0.781297,0.781297,0.781297,495.9322,495.9322,495.9322,502.914395,502.914395,502.914395
799,25000,8,0.781297,,0.781297,0.781297,0.781297,495.9322,495.9322,495.9322,502.914395,502.914395,502.914395
800,25000,8,0.781297,,0.781297,0.781297,0.781297,495.9322,495.9322,495.9322,502.914395,502.914395,502.914395
801,25000,8,0.781297,,0.781297,0.781297,0.781297,495.9322,495.9322,495.9322,502.914395,502.914395,502.914395
802,25000,8,0.781297,,0.781297,0.781297,0.781297,495.9322,495.9322,495.9322,502.914395,502.914395,502.914395
803,25000,8,0.781297,,0.781297,0.781297,0.781297,495.9322,495.9322,495.9322,502.914395,502.914395,502.914395
804,25000,8,0.781297,,0.781297,0.781297,0.781297,495.9322,495.9322,495.9322,502.914395,502.914395,502.914395
805,25000,8,0.781297,,0.781297,0.781297,0.781297,495.9322,495.9322,495.9322,502.914395,502.914395,502.914395
806,25000,8,0.781297,,0.781297,0.781297,0.781297,495.9322,495.9322,495.9322,502.914395,502.914395,502.914395
807,25000,8,0.781297,,0.781297,0.781297,0.781297,495.9322,495.9322,495.9322,502.914395,502.914395,502.914395
808,25000,8,0.781297,,0.781297,0.781297,0.781297,495.9322,495.9322,495.9322,502.914395,502.914395,502.914395
809,25000,8,0.781297,,0.781297,0.781297,0.781297,495.9322,495.9322,495.9322,502.914395,502.914395,502.914395
810,25000,8,0.781297,,0.781297,0.781297,0.781297,495.9322,495.9322,495.9322,502.914395,502.914395,502.914395
811,25000,8,0.781297,,0.781297,0.781297,0.781297,495.9322,495.9322,495.9322,502.914395,502.914395,502.914395
812,25000,8,0.781297,,0.781297,0.781297,0.781297,495.9322,495.9322,495.9322,502.914395,502.914395,502.914395
813,25000,8,0.781297,,0.781297,0.781297,0.781297,495.9322,495.9322,495.9322,502.914395,502.914395,502.914395
814,25000,8,0.781297,,0.781297,0.781297,0.781297,495.9322,495.9322,495.9322,502.914395,502.914395,502.914395
815,25000,8,0.781297,,0.781297,0.781297,0.781297,495.9322,495.9322,495.9322,502.914395,502.914395,502.914395
816,25000,8,0.781297,,0.781297,0.781297,0.781297,495.9322,495.9322,495.9322,502.914395,502.914395,502.914395
817,25000,8,0.781297,,0.781297,0.781297,0.781297,495.9322,495.9322,495.9322,502.914395,502.914395,502.914395
818,25000,8,0.781297,,0.781297,0.781297,0.781297,495.9322,495.9322,495.9322,502.914395,502.914395,502.914395
819,25000,8,0.781297,,0.781297,0.781297,0.781297,495.9322,495.9322,495.9322,502.914395,502.914395,502.914395
820,25000,8,0.781297,,0.781297,0.781297,0.781297,495.9322,495.9322,495.9322,502.914395,502.914395,502.914395
821,25000,8,0.781297,,0.781297,0.781297,0.781297,495.9322,495.9322,495.9322,502.914395,502.914395,502.914395
822,25000,8,0.781297,,0.781297,0.781297,0.781297,495.9322,495.9322,495.9322,502.914395,502.914395,502.914395
823,25000,8,0.781297,,0.781297,0.781297,0.781297,495.9322,495.9322,495.9322,502.914395,502.914395,502.914395
824,25000,8,0.781297,,0.781297,0.781297,0.781297,495.9322,495.9322,495.9322,502.914395,502.914395,502.914395
825,25000,8,0.781297,,0.781297,0.781297,0.781297,495.9322,495.9322,495.9322,502.914395,502.914395,502.914395
826,25000,8,0.781297,,0.781297,0.781297,0.781297,495.9322,495.9322,495.9322,502.914395,502.914395,502.914395
827,25000,8,0.782795,,0.782795,0.781297,0.781312,497.8817,495.9322,495.951695,502.914395,503.052299,502.915774
828,25000,8,0.782795,,0.782795,0.781297,0.781356,497.8817,495.9322,496.01018,502.914395,503.052299,502.919911
829,25000,8,0.782795,,0.782795,0.781297,0.781371,497.8817,495.9322,496.029675,502.914395,503.052299,502.92129
830,25000,8,0.782795,,0.782795,0.781297,0.781431,497.8817,495.9322,496.107655,502.914395,503.052299,502.926806
831,25000,8,0.782795,,0.782795,0.781297,0.781461,497.8817,495.9322,496.146645,502.914395,503.052299,502.929564
832,25000,8,0.782795,,0.782795,0.781297,0.781491,497.8817,495.9322,496.185635,502.914395,503.052299,502.932322
833,25000,8,0.782795,,0.782795,0.781297,0.781551,497.8817,495.9322,496.263615,502.914395,503.052299,502.937838
834,25000,8,0.782795,,0.782795,0.781297,0.781611,497.8817,495.9322,496.341595,502.914395,503.052299,502.943354
835,25000,8,0.782795,,0.782795,0.781297,0.781686,497.8817,495.9322,496.43907,502.914395,503.052299,502.95025
836,25000,8,0.782795,,0.782795,0.781297,0.781746,497.8817,495.9322,496.51705,502.914395,503.052299,502.955766
837,25000,8,0.782795,,0.782795,0.781297,0.781821,497.8817,495.9322,496.614525,502.914395,503.052299,502.962661
838,25000,8,0.782795,,0.782795,0.781297,0.781941,497.8817,495.9322,496.770485,502.914395,503.052299,502.973693
839,25000,8,0.782795,,0.782795,0.781297,0.782031,497.8817,495.9322,496.887455,502.914395,503.052299,502.981968
840,25000,8,0.782795,,0.782795,0.781297,0.782061,497.8817,495.9322,496.926445,502.914395,503.052299,502.984726
841,25000,8,0.782795,,0.782795,0.781297,0.782105,497.8817,495.9322,496.98493,502.914395,503.052299,502.988863
842,25000,8,0.782795,,0.782795,0.781297,0.78218,497.8817,495.9322,497.082405,502.914395,503.052299,502.995758
843,25000,8,0.782795,,0.782795,0.781297,0.78224,497.8817,495.9322,497.160385,502.914395,503.052299,503.001274
844,25000,8,0.782795,,0.782795,0.781297,0.782315,497.8817,495.9322,497.25786,502.914395,503.052299,503.008169
845,25000,8,0.782795,,0.782795,0.781297,0.782375,497.8817,495.9322,497.33584,502.914395,503.052299,503.013686
846,25000,8,0.782795,,0.782795,0.781297,0.782465,497.8817,495.9322,497.45281,502.914395,503.052299,503.02196
847,25000,8,0.782842,,0.782842,0.781297,0.78254,497.8817,495.9322,497.550285,502.914395,503.052299,503.028482
848,25000,8,0.782842,,0.782842,0.781297,0.782601,497.8817,495.9322,497.628265,502.914395,503.052299,503.033625
849,25000,8,0.782842,,0.782842,0.781297,0.782617,497.8817,495.9322,497.64776,502.914395,503.052299,503.034258
850,25000,8,0.782842,,0.782842,0.781297,0.782693,497.8817,495.9322,497.745235,502.914395,503.052299,503.040034
851,25000,8,0.782842,,0.782842,0.781297,0.782754,497.8817,495.9322,497.823215,502.914395,503.052299,503.044803
852,25000,8,0.782842,,0.782842,0.782795,0.782801,497.8817,497.8817,497.8817,503.014987,503.052299,503.047075
853,25000,8,0.782842,,0.782842,0.782795,0.782803,497.8817,497.8817,497.8817,503.014987,503.052299,503.045956
854,25000,8,0.782842,,0.782842,0.782795,0.782805,497.8817,497.8817,497.8817,503.014987,503.052299,503.044463
855,25000,8,0.782842,,0.782842,0.782795,0.782806,497.8817,497.8817,497.8817,503.014987,503.052299,503.043344
856,25000,8,0.782842,,0.782842,0.782795,0.782809,497.8817,497.8817,497.8817,503.014987,503.052299,503.040732
857,25000,8,0.782842,,0.782842,0.782795,0.782812,497.8817,497.8817,497.8817,503.014987,503.052299,503.038493
858,25000,8,0.782842,,0.782842,0.782795,0.782816,497.8817,497.8817,497.8817,503.014987,503.052299,503.035881
859,25000,8,0.782842,,0.782842,0.782795,0.782819,497.8817,497.8817,497.8817,503.014987,503.052299,503.03327
860,25000,8,0.782842,,0.782842,0.782795,0.782821,497.8817,497.8817,497.8817,503.014987,503.052299,503.031777
861,25000,8,0.782842,,0.782842,0.782795,0.782824,497.8817,497.8817,497.8817,503.014987,503.052299,503.029538
862,25000,8,0.782842,,0.782842,0.782795,0.782828,497.8817,497.8817,497.8817,503.014987,503.052299,503.026553
863,25000,8,0.782842,,0.782842,0.782795,0.782831,497.8817,497.8817,497.8817,503.014987,503.052299,503.023942
864,25000,8,0.782842,,0.782842,0.782795,0.782834,497.8817,497.8817,497.8817,503.014987,503.052299,503.02133
865,25000,8,0.782842,,0.782842,0.782795,0.782836,497.8817,497.8817,497.8817,503.014987,503.052299,503.02021
866,25000,8,0.782842,,0.782842,0.782795,0.782838,497.8817,497.8817,497.8817,503.014987,503.052299,503.018345
867,25000,8,0.782842,,0.782842,0.782795,0.78284,497.8817,497.8817,497.8817,503.014987,503.052299,503.016479
868,25000,8,0.782842,,0.782842,0.782795,0.782841,497.8817,497.8817,497.8817,503.014987,503.052299,503.015733
869,25000,8,0.782842,,0.782842,0.782795,0.782842,497.8817,497.8817,497.8817,503.014987,503.052299,503.01536
870,25000,8,0.782842,,0.782842,0.782842,0.782842,497.8817,497.8817,497.8817,503.014987,503.014987,503.014987
871,25000,8,0.782842,,0.782842,0.782842,0.782842,497.8817,497.8817,497.8817,503.014987,503.014987,503.014987
872,25000,8,0.782842,,0.782842,0.782842,0.782842,497.8817,497.8817,497.8817,503.014987,503.014987,503.014987
873,25000,8,0.782842,,0.782842,0.782842,0.782842,497.8817,497.8817,497.8817,503.014987,503.014987,503.014987
874,25000,8,0.782842,,0.782842,0.782842,0.782842,497.8817,497.8817,497.8817,503.014987,503.014987,503.014987
875,25000,8,0.782842,,0.782842,0.782842,0.782842,497.8817,497.8817,497.8817,503.014987,503.014987,503.014987
876,25000,8,0.782842,,0.782842,0.782842,0.782842,497.8817,497.8817,497.8817,503.014987,503.014987,503.014987
877,25000,8,0.782842,,0.782842,0.782842,0.782842,497.8817,497.8817,497.8817,503.014987,503.014987,503.014987
878,25000,8,0.782842,,0.782842,0.782842,0.782842,497.8817,497.8817,497.8817,503.014987,503.014987,503.014987
879,25000,8,0.782842,,0.782842,0.782842,0.782842,497.8817,497.8817,497.8817,503.014987,503.014987,503.014987
880,25000,8,0.782842,,0.782842,0.782842,0.782842,497.8817,497.8817,497.8817,503.014987,503.014987,503.014987
881,25000,8,0.782842,,0.782842,0.782842,0.782842,497.8817,497.8817,497.8817,503.014987,503.014987,503.014987
882,25000,8,0.782842,,0.782842,0.782842,0.782842,497.8817,497.8817,497.8817,503.014987,503.014987,503.014987
883,25000,8,0.782842,,0.782842,0.782842,0.782842,497.8817,497.8817,497.8817,503.014987,503.014987,503.014987
884,25000,8,0.782842,,0.782842,0.782842,0.782842,497.8817,497.8817,497.8817,503.014987,503.014987,503.014987
885,25000,8,0.782842,,0.782842,0.782842,0.782842,497.8817,497.8817,497.8817,503.014987,503.014987,503.014987
886,25000,8,0.782842,,0.782842,0.782842,0.782842,497.8817,497.8817,497.8817,503.014987,503.014987,503.014987
887,25000,8,0.782842,,0.782842,0.782842,0.782842,497.8817,497.8817,497.8817,503.014987,503.014987,503.014987
888,25000,8,0.782842,,0.782842,0.782842,0.782842,497.8817,497.8817,497.8817,503.014987,503.014987,503.014987
889,25000,8,0.782842,,0.782842,0.782842,0.782842,497.8817,497.8817,497.8817,503.014987,503.014987,503.014987
890,25000,8,0.782842,,0.782842,0.782842,0.782842,497.8817,497.8817,497.8817,503.014987,503.014987,503.014987
891,25000,8,0.782842,,0.782842,0.782842,0.782842,497.8817,497.8817,497.8817,503.014987,503.014987,503.014987
892,25000,8,0.782848,,0.782848,0.782842,0.782842,497.8817,497.8817,497.8817,503.010662,503.014987,503.014943
893,25000,8,0.782848,,0.782848,0.782842,0.782843,497.8817,497.8817,497.8817,503.010662,503.014987,503.014857
894,25000,8,0.782848,,0.782848,0.782842,0.782843,497.8817,497.8817,497.8817,503.010662,503.014987,503.014727
895,25000,8,0.782848,,0.782848,0.782842,0.782843,497.8817,497.8817,497.8817,503.010662,503.014987,503.014684
896,25000,8,0.782848,,0.782848,0.782842,0.782843,497.8817,497.8817,497.8817,503.010662,503.014987,503.014468
897,25000,8,0.782848,,0.782848,0.782842,0.782843,497.8817,497.8817,497.8817,503.010662,503.014987,503.014252
898,25000,8,0.783003,,0.783003,0.782842,0.782845,497.8817,497.8817,497.8817,502.890019,503.014987,503.012632
899,25000,8,0.783003,,0.783003,0.782842,0.782846,497.8817,497.8817,497.8817,502.890019,503.014987,503.012133
900,25000,8,0.783003,,0.783003,0.782842,0.782848,497.8817,497.8817,497.8817,502.890019,503.014987,503.01071
901,25000,8,0.783008,,0.783008,0.782842,0.782854,497.8817,497.8817,497.8817,502.885694,503.014987,503.006112
902,25000,8,0.783008,,0.783008,0.782842,0.782859,497.8817,497.8817,497.8817,502.885694,503.014987,503.00184
903,25000,8,0.783008,,0.783008,0.782842,0.782868,497.8817,497.8817,497.8817,502.885694,503.014987,502.995025
904,25000,8,0.783008,,0.783008,0.782842,0.782875,497.8817,497.8817,497.8817,502.885694,503.014987,502.989547
905,25000,8,0.783008,,0.783008,0.782842,0.782882,497.8817,497.8817,497.8817,502.885694,503.014987,502.983718
906,25000,8,0.783008,,0.783008,0.782842,0.782892,497.8817,497.8817,497.8817,502.885694,503.014987,502.976596
907,25000,8,0.783008,,0.783008,0.782842,0.7829,497.8817,497.8817,497.8817,502.885694,503.014987,502.969978
908,25000,8,0.783008,,0.783008,0.782842,0.78291,497.8817,497.8817,497.8817,502.885694,503.014987,502.962197
909,25000,8,0.783185,,0.783185,0.782842,0.782922,497.8817,497.8817,497.8817,502.747532,503.014987,502.953274
910,25000,8,0.783185,,0.783185,0.782842,0.782929,497.8817,497.8817,497.8817,502.747532,503.014987,502.947709
911,25000,8,0.783185,,0.783185,0.782842,0.782937,497.8817,497.8817,497.8817,502.747532,503.014987,502.941441
912,25000,8,0.783185,,0.783185,0.782842,0.782943,497.8817,497.8817,497.8817,502.747532,503.014987,502.936754
913,25000,8,0.783191,,0.783191,0.782842,0.782952,497.8817,497.8817,497.8817,502.743208,503.014987,502.929285
914,25000,8,0.783191,,0.783191,0.782842,0.782961,497.8817,497.8817,497.8817,502.743208,503.014987,502.922231
915,25000,8,0.78329,,0.78329,0.782842,0.782977,497.8817,497.8817,497.8817,502.666118,503.014987,502.910028
916,25000,8,0.78329,,0.78329,0.782842,0.782991,497.8817,497.8817,497.8817,502.666118,503.014987,502.899469
917,25000,8,0.78329,,0.78329,0.782842,0.783004,497.8817,497.8817,497.8817,502.666118,503.014987,502.889021
918,25000,8,0.78329,,0.78329,0.782842,0.783012,497.8817,497.8817,497.8817,502.666118,503.014987,502.882646
919,25000,8,0.78329,,0.78329,0.782842,0.783032,497.8817,497.8817,497.8817,502.666118,503.014987,502.867086
920,25000,8,0.78329,,0.78329,0.782842,0.783057,497.8817,497.8817,497.8817,502.666118,503.014987,502.847816
921,25000,8,0.78329,,0.78329,0.782842,0.783077,497.8817,497.8817,497.8817,502.666118,503.014987,502.831951
922,25000,8,0.78329,,0.78329,0.782848,0.783096,497.8817,497.8817,497.8817,502.666118,503.010662,502.817116
923,25000,8,0.78329,,0.78329,0.782848,0.783115,497.8817,497.8817,497.8817,502.666118,503.010662,502.802495
924,25000,8,0.78329,,0.78329,0.783003,0.783135,497.8817,497.8817,497.8817,502.666118,502.890019,502.786705
925,25000,8,0.783314,,0.783314,0.783033,0.783153,497.8817,497.8817,497.8817,502.64681,502.866029,502.772416
926,25000,8,0.783472,,0.783472,0.783033,0.783177,497.8817,497.8817,497.8817,502.523631,502.866029,502.754325
927,25000,8,0.783472,,0.783472,0.783033,0.783192,497.8817,497.8817,497.8817,502.523631,502.866029,502.742693
928,25000,8,0.783472,,0.783472,0.783033,0.783213,497.8817,497.8817,497.8817,502.523631,502.866029,502.726203
929,25000,8,0.783472,,0.783472,0.783033,0.783223,497.8817,497.8817,497.8817,502.523631,502.866029,502.718226
930,25000,8,0.783497,,0.783497,0.783033,0.783242,497.8817,497.8817,497.8817,502.504323,502.866029,502.703011
931,25000,8,0.783497,,0.783497,0.783033,0.783254,497.8817,497.8817,497.8817,502.504323,502.866029,502.694333
932,25000,8,0.783497,,0.783497,0.783033,0.783262,497.8817,497.8817,497.8817,502.504323,502.866029,502.68732
933,25000,8,0.783497,,0.783497,0.783033,0.783283,497.8817,497.8817,497.8817,502.504323,502.866029,502.671259
934,25000,8,0.783497,,0.783497,0.783033,0.783309,497.8817,497.8817,497.8817,502.504323,502.866029,502.65094
935,25000,8,0.783497,,0.783497,0.783216,0.783335,497.8817,497.8817,497.8817,502.504323,502.723542,502.631007
936,25000,8,0.783497,,0.783497,0.783216,0.78335,497.8817,497.8817,497.8817,502.504323,502.723542,502.61931
937,25000,8,0.783497,,0.783497,0.783216,0.783375,497.8817,497.8817,497.8817,502.504323,502.723542,502.59934
938,25000,8,0.783497,,0.783497,0.783216,0.783388,497.8817,497.8817,497.8817,502.504323,502.723542,502.58945
939,25000,8,0.783497,,0.783497,0.783216,0.783414,497.8817,497.8817,497.8817,502.504323,502.723542,502.569292
940,25000,8,0.783497,,0.783497,0.783216,0.783444,497.8817,497.8817,497.8817,502.504323,502.723542,502.54559
941,25000,8,0.783497,,0.783497,0.783216,0.783459,497.8817,497.8817,497.8817,502.504323,502.723542,502.534353
942,25000,8,0.783497,,0.783497,0.78329,0.783469,497.8817,497.8817,497.8817,502.504323,502.666118,502.526535
943,25000,8,0.783497,,0.783497,0.783314,0.783475,497.8817,497.8817,497.8817,502.504323,502.64681,502.521295
944,25000,8,0.783497,,0.783497,0.783314,0.78348,497.8817,497.8817,497.8817,502.504323,502.64681,502.517672
945,25000,8,0.783497,,0.783497,0.783314,0.783485,497.8817,497.8817,497.8817,502.504323,502.64681,502.513857
946,25000,8,0.783497,,0.783497,0.783472,0.783487,497.8817,497.8817,497.8817,502.504323,502.523631,502.511825
947,25000,8,0.783497,,0.783497,0.783472,0.783489,497.8817,497.8817,497.8817,502.504323,502.523631,502.510695
948,25000,8,0.783497,,0.783497,0.783472,0.78349,497.8817,497.8817,497.8817,502.504323,502.523631,502.510115
949,25000,8,0.783497,,0.783497,0.783472,0.78349,497.8817,497.8817,497.8817,502.504323,502.523631,502.509536
950,25000,8,0.783497,,0.783497,0.783472,0.783492,497.8817,497.8817,497.8817,502.504323,502.523631,502.508571
951,25000,8,0.783497,,0.783497,0.783472,0.783493,497.8817,497.8817,497.8817,502.504323,502.523631,502.507798
952,25000,8,0.783497,,0.783497,0.783472,0.783494,497.8817,497.8817,497.8817,502.504323,502.523631,502.50664
953,25000,8,0.783497,,0.783497,0.783472,0.783495,497.8817,497.8817,497.8817,502.504323,502.523631,502.505867
954,25000,8,0.783497,,0.783497,0.783472,0.783496,497.8817,497.8817,497.8817,502.504323,502.523631,502.505288
955,25000,8,0.783497,,0.783497,0.783472,0.783497,497.8817,497.8817,497.8817,502.504323,502.523631,502.504516
956,25000,8,0.783497,,0.783497,0.783497,0.783497,497.8817,497.8817,497.8817,502.504323,502.504323,502.504323
957,25000,8,0.783497,,0.783497,0.783497,0.783497,497.8817,497.8817,497.8817,502.504323,502.504323,502.504323
958,25000,8,0.783497,,0.783497,0.783497,0.783497,497.8817,497.8817,497.8817,502.504323,502.504323,502.504323
959,25000,8,0.783497,,0.783497,0.783497,0.783497,497.8817,497.8817,497.8817,502.504323,502.504323,502.504323
960,25000,8,0.783497,,0.783497,0.783497,0.783497,497.8817,497.8817,497.8817,502.504323,502.504323,502.504323
961,25000,8,0.783497,,0.783497,0.783497,0.783497,497.8817,497.8817,497.8817,502.504323,502.504323,502.504323
962,25000,8,0.783497,,0.783497,0.783497,0.783497,497.8817,497.8817,497.8817,502.504323,502.504323,502.504323
963,25000,8,0.783497,,0.783497,0.783497,0.783497,497.8817,497.8817,497.8817,502.504323,502.504323,502.504323
964,25000,8,0.783497,,0.783497,0.783497,0.783497,497.8817,497.8817,497.8817,502.504323,502.504323,502.504323
965,25000,8,0.783497,,0.783497,0.783497,0.783497,497.8817,497.8817,497.8817,502.504323,502.504323,502.504323
966,25000,8,0.783497,,0.783497,0.783497,0.783497,497.8817,497.8817,497.8817,502.504323,502.504323,502.504323
967,25000,8,0.783497,,0.783497,0.783497,0.783497,497.8817,497.8817,497.8817,502.504323,502.504323,502.504323
968,25000,8,0.783497,,0.783497,0.783497,0.783497,497.8817,497.8817,497.8817,502.504323,502.504323,502.504323
969,25000,8,0.783497,,0.783497,0.783497,0.783497,497.8817,497.8817,497.8817,502.504323,502.504323,502.504323
970,25000,8,0.783497,,0.783497,0.783497,0.783497,497.8817,497.8817,497.8817,502.504323,502.504323,502.504323
971,25000,8,0.783497,,0.783497,0.783497,0.783497,497.8817,497.8817,497.8817,502.504323,502.504323,502.504323
972,25000,8,0.783497,,0.783497,0.783497,0.783497,497.8817,497.8817,497.8817,502.504323,502.504323,502.504323
973,25000,8,0.783497,,0.783497,0.783497,0.783497,497.8817,497.8817,497.8817,502.504323,502.504323,502.504323
974,25000,8,0.783571,,0.783571,0.783497,0.783498,497.8817,497.8817,497.8817,502.446558,502.504323,502.503745
975,25000,8,0.783571,,0.783571,0.783497,0.783498,497.8817,497.8817,497.8817,502.446558,502.504323,502.503745
976,25000,8,0.783571,,0.783571,0.783497,0.783499,497.8817,497.8817,497.8817,502.446558,502.504323,502.503168
977,25000,8,0.783571,,0.783571,0.783497,0.7835,497.8817,497.8817,497.8817,502.446558,502.504323,502.502012
978,25000,8,0.783571,,0.783571,0.783497,0.783501,497.8817,497.8817,497.8817,502.446558,502.504323,502.501435
979,25000,8,0.783571,,0.783571,0.783497,0.783503,497.8817,497.8817,497.8817,502.446558,502.504323,502.499702
980,25000,8,0.783571,,0.783571,0.783497,0.783506,497.8817,497.8817,497.8817,502.446558,502.504323,502.497391
981,25000,8,0.78395,,0.78395,0.783497,0.783513,497.8817,497.8817,497.8817,502.150807,502.504323,502.492123
982,25000,8,0.78395,,0.78395,0.783497,0.783528,497.8817,497.8817,497.8817,502.150807,502.504323,502.480255
983,25000,8,0.78395,,0.78395,0.783497,0.783541,497.8817,497.8817,497.8817,502.150807,502.504323,502.470081
984,25000,8,0.78395,,0.78395,0.783497,0.783552,497.8817,497.8817,497.8817,502.150807,502.504323,502.46117
985,25000,8,0.78395,,0.78395,0.783497,0.783566,497.8817,497.8817,497.8817,502.150807,502.504323,502.450748
986,25000,8,0.78395,,0.78395,0.783497,0.783589,497.8817,497.8817,497.8817,502.150807,502.504323,502.432359
987,25000,8,0.78395,,0.78395,0.783497,0.783608,497.8817,497.8817,497.8817,502.150807,502.504323,502.418076
988,25000,8,0.78395,,0.78395,0.783497,0.783625,497.8817,497.8817,497.8817,502.150807,502.504323,502.404378
989,25000,8,0.78395,,0.78395,0.783497,0.783664,497.8817,497.8817,497.8817,502.150807,502.504323,502.373938
990,25000,8,0.78395,,0.78395,0.783497,0.783692,497.8817,497.8817,497.8817,502.150807,502.504323,502.352665
991,25000,8,0.78395,,0.78395,0.783497,0.783713,497.8817,497.8817,497.8817,502.150807,502.504323,502.335868
992,25000,8,0.784024,,0.784024,0.783497,0.783735,497.8817,497.8817,497.8817,502.093042,502.504323,502.319019
993,25000,8,0.784024,,0.784024,0.783497,0.783756,497.8817,497.8817,497.8817,502.093042,502.504323,502.302754
994,25000,8,0.784024,,0.784024,0.783497,0.783761,497.8817,497.8817,497.8817,502.093042,502.504323,502.298728
995,25000,8,0.784024,,0.784024,0.783497,0.783773,497.8817,497.8817,497.8817,502.093042,502.504323,502.288928
996,25000,8,0.784024,,0.784024,0.783497,0.783788,497.8817,497.8817,497.8817,502.093042,502.504323,502.277745
997,25000,8,0.784024,,0.784024,0.783497,0.783801,497.8817,497.8817,497.8817,502.093042,502.504323,502.26706
998,25000,8,0.784024,,0.784024,0.783497,0.78381,497.8817,497.8817,497.8817,502.093042,502.504323,502.260217
999,25000,8,0.784024,,0.784024,0.783497,0.783823,497.8817,497.8817,497.8817,502.093042,502.504323,502.24976
1000,25000,8,0.784024,,0.784024,0.783571,0.783851,497.8817,497.8817,497.8817,502.093042,502.446558,502.22864
1001,25000,8,0.784024,,0.784024,0.783571,0.783871,497.8817,497.8817,497.8817,502.093042,502.446558,502.212936
1002,25000,8,0.784024,,0.784024,0.783571,0.783897,497.8817,497.8817,497.8817,502.093042,502.446558,502.192293
1003,25000,8,0.784024,,0.784024,0.783571,0.783922,497.8817,497.8817,497.8817,502.093042,502.446558,502.172656
1004,25000,8,0.784024,,0.784024,0.783603,0.783945,497.8817,497.8817,497.8817,502.093042,502.421639,502.154822
1005,25000,8,0.784024,,0.784024,0.783603,0.783968,497.8817,497.8817,497.8817,502.093042,502.421639,502.137237
1006,25000,8,0.784024,,0.784024,0.783603,0.783978,497.8817,497.8817,497.8817,502.093042,502.421639,502.12951
1007,25000,8,0.784024,,0.784024,0.783603,0.783992,497.8817,497.8817,497.8817,502.093042,502.421639,502.117919
1008,25000,8,0.784024,,0.784024,0.783603,0.784005,497.8817,497.8817,497.8817,502.093042,502.421639,502.108459
1009,25000,8,0.784024,,0.784024,0.78395,0.784012,497.8817,497.8817,497.8817,502.093042,502.150807,502.102862
1010,25000,8,0.784024,,0.784024,0.78395,0.784016,497.8817,497.8817,497.8817,502.093042,502.150807,502.099396
1011,25000,8,0.784024,,0.784024,0.78395,0.784021,497.8817,497.8817,497.8817,502.093042,502.150807,502.09593
1012,25000,8,0.784024,,0.784024,0.78395,0.784024,497.8817,497.8817,497.8817,502.093042,502.150807,502.09362
1013,25000,8,0.784024,,0.784024,0.784024,0.784024,497.8817,497.8817,497.8817,502.093042,502.093042,502.093042
1014,25000,8,0.784024,,0.784024,0.784024,0.784024,497.8817,497.8817,497.8817,502.093042,502.093042,502.093042
1015,25000,8,0.784024,,0.784024,0.784024,0.784024,497.8817,497.8817,497.8817,502.093042,502.093042,502.093042
1016,25000,8,0.784024,,0.784024,0.784024,0.784024,497.8817,497.8817,497.8817,502.093042,502.093042,502.093042
1017,25000,8,0.784024,,0.784024,0.784024,0.784024,497.8817,497.8817,497.8817,502.093042,502.093042,502.093042
1018,25000,8,0.784024,,0.784024,0.784024,0.784024,497.8817,497.8817,497.8817,502.093042,502.093042,502.093042
1019,25000,8,0.784024,,0.784024,0.784024,0.784024,497.8817,497.8817,497.8817,502.093042,502.093042,502.093042
1020,25000,8,0.784024,,0.784024,0.784024,0.784024,497.8817,497.8817,497.8817,502.093042,502.093042,502.093042
1021,25000,8,0.784024,,0.784024,0.784024,0.784024,497.8817,497.8817,497.8817,502.093042,502.093042,502.093042
1022,25000,8,0.784024,,0.784024,0.784024,0.784024,497.8817,497.8817,497.8817,502.093042,502.093042,502.093042
1023,25000,8,0.784024,,0.784024,0.784024,0.784024,497.8817,497.8817,497.8817,502.093042,502.093042,502.093042
1024,25000,8,0.784024,,0.784024,0.784024,0.784024,497.8817,497.8817,497.8817,502.093042,502.093042,502.093042
1025,25000,8,0.784024,,0.784024,0.784024,0.784024,497.8817,497.8817,497.8817,502.093042,502.093042,502.093042
1026,25000,8,0.784024,,0.784024,0.784024,0.784024,497.8817,497.8817,497.8817,502.093042,502.093042,502.093042
1027,25000,8,0.784024,,0.784024,0.784024,0.784024,497.8817,497.8817,497.8817,502.093042,502.093042,502.093042
1028,25000,8,0.784024,,0.784024,0.784024,0.784024,497.8817,497.8817,497.8817,502.093042,502.093042,502.093042
1029,25000,8,0.784024,,0.784024,0.784024,0.784024,497.8817,497.8817,497.8817,502.093042,502.093042,502.093042
1030,25000,8,0.784024,,0.784024,0.784024,0.784024,497.8817,497.8817,497.8817,502.093042,502.093042,502.093042
1031,25000,8,0.784024,,0.784024,0.784024,0.784024,497.8817,497.8817,497.8817,502.093042,502.093042,502.093042
1032,25000,8,0.784024,,0.784024,0.784024,0.784024,497.8817,497.8817,497.8817,502.093042,502.093042,502.093042
1033,25000,8,0.784024,,0.784024,0.784024,0.784024,497.8817,497.8817,497.8817,502.093042,502.093042,502.093042
1034,25000,8,0.784024,,0.784024,0.784024,0.784024,497.8817,497.8817,497.8817,502.093042,502.093042,502.093042
1035,25000,8,0.784024,,0.784024,0.784024,0.784024,497.8817,497.8817,497.8817,502.093042,502.093042,502.093042
1036,25000,8,0.784024,,0.784024,0.784024,0.784024,497.8817,497.8817,497.8817,502.093042,502.093042,502.093042
1037,25000,8,0.784024,,0.784024,0.784024,0.784024,497.8817,497.8817,497.8817,502.093042,502.093042,502.093042
1038,25000,8,0.784024,,0.784024,0.784024,0.784024,497.8817,497.8817,497.8817,502.093042,502.093042,502.093042
1039,25000,8,0.784024,,0.784024,0.784024,0.784024,497.8817,497.8817,497.8817,502.093042,502.093042,502.093042
1040,25000,8,0.784024,,0.784024,0.784024,0.784024,497.8817,497.8817,497.8817,502.093042,502.093042,502.093042
1041,25000,8,0.784024,,0.784024,0.784024,0.784024,497.8817,497.8817,497.8817,502.093042,502.093042,502.093042
1042,25000,8,0.784024,,0.784024,0.784024,0.784024,497.8817,497.8817,497.8817,502.093042,502.093042,502.093042
1043,25000,8,0.784024,,0.784024,0.784024,0.784024,497.8817,497.8817,497.8817,502.093042,502.093042,502.093042
1044,25000,8,0.784024,,0.784024,0.784024,0.784024,497.8817,497.8817,497.8817,502.093042,502.093042,502.093042
1045,25000,8,0.784024,,0.784024,0.784024,0.784024,497.8817,497.8817,497.8817,502.093042,502.093042,502.093042
1046,25000,8,0.784024,,0.784024,0.784024,0.784024,497.8817,497.8817,497.8817,502.093042,502.093042,502.093042
1047,25000,8,0.784024,,0.784024,0.784024,0.784024,497.8817,497.8817,497.8817,502.093042,502.093042,502.093042
1048,25000,8,0.784024,,0.784024,0.784024,0.784024,497.8817,497.8817,497.8817,502.093042,502.093042,502.093042
1049,25000,8,0.784024,,0.784024,0.784024,0.784024,497.8817,497.8817,497.8817,502.093042,502.093042,502.093042
1050,25000,8,0.784024,,0.784024,0.784024,0.784024,497.8817,497.8817,497.8817,502.093042,502.093042,502.093042
1051,25000,8,0.784024,,0.784024,0.784024,0.784024,497.8817,497.8817,497.8817,502.093042,502.093042,502.093042
1052,25000,8,0.784024,,0.784024,0.784024,0.784024,497.8817,497.8817,497.8817,502.093042,502.093042,502.093042
1053,25000,8,0.784024,,0.784024,0.784024,0.784024,497.8817,497.8817,497.8817,502.093042,502.093042,502.093042
1054,25000,8,0.784024,,0.784024,0.784024,0.784024,497.8817,497.8817,497.8817,502.093042,502.093042,502.093042
1055,25000,8,0.784024,,0.784024,0.784024,0.784024,497.8817,497.8817,497.8817,502.093042,502.093042,502.093042
1056,25000,8,0.784024,,0.784024,0.784024,0.784024,497.8817,497.8817,497.8817,502.093042,502.093042,502.093042
1057,25000,8,0.784024,,0.784024,0.784024,0.784024,497.8817,497.8817,497.8817,502.093042,502.093042,502.093042
1058,25000,8,0.784024,,0.784024,0.784024,0.784024,497.8817,497.8817,497.8817,502.093042,502.093042,502.093042
1059,25000,8,0.784056,,0.784056,0.784024,0.784025,497.8817,497.8817,497.8817,502.068124,502.093042,502.092793
1060,25000,8,0.784056,,0.784056,0.784024,0.784025,497.8817,497.8817,497.8817,502.068124,502.093042,502.092544
1061,25000,8,0.784056,,0.784056,0.784024,0.784026,497.8817,497.8817,497.8817,502.068124,502.093042,502.091547
1062,25000,8,0.784056,,0.784056,0.784024,0.784028,497.8817,497.8817,497.8817,502.068124,502.093042,502.090301
1063,25000,8,0.784056,,0.784056,0.784024,0.78403,497.8817,497.8817,497.8817,502.068124,502.093042,502.088307
1064,25000,8,0.784056,,0.784056,0.784024,0.784032,497.8817,497.8817,497.8817,502.068124,502.093042,502.087311
1065,25000,8,0.784056,,0.784056,0.784024,0.784033,497.8817,497.8817,497.8817,502.068124,502.093042,502.086563
1066,25000,8,0.784056,,0.784056,0.784024,0.784034,497.8817,497.8817,497.8817,502.068124,502.093042,502.085816
1067,25000,8,0.784056,,0.784056,0.784024,0.784035,497.8817,497.8817,497.8817,502.068124,502.093042,502.08457
1068,25000,8,0.784056,,0.784056,0.784024,0.784036,497.8817,497.8817,497.8817,502.068124,502.093042,502.084071
1069,25000,8,0.784056,,0.784056,0.784024,0.784037,497.8817,497.8817,497.8817,502.068124,502.093042,502.082825
1070,25000,8,0.784056,,0.784056,0.784024,0.784039,497.8817,497.8817,497.8817,502.068124,502.093042,502.08158
1071,25000,8,0.784056,,0.784056,0.784024,0.784041,497.8817,497.8817,497.8817,502.068124,502.093042,502.080334
1072,25000,8,0.784056,,0.784056,0.784024,0.784042,497.8817,497.8817,497.8817,502.068124,502.093042,502.079337
1073,25000,8,0.784056,,0.784056,0.784024,0.784043,497.8817,497.8817,497.8817,502.068124,502.093042,502.078589
1074,25000,8,0.784056,,0.784056,0.784024,0.784045,497.8817,497.8817,497.8817,502.068124,502.093042,502.076845
1075,25000,8,0.784219,,0.784219,0.784024,0.784048,497.9624,497.8817,497.882507,501.995486,502.093042,502.075122
1076,25000,8,0.784219,,0.784219,0.784024,0.784052,497.9624,497.8817,497.883314,501.995486,502.093042,502.072651
1077,25000,8,0.784219,,0.784219,0.784024,0.784056,497.9624,497.8817,497.884121,501.995486,502.093042,502.069931
1078,25000,8,0.784219,,0.784219,0.784024,0.78406,497.9624,497.8817,497.884928,501.995486,502.093042,502.06771
1079,25000,8,0.784219,,0.784219,0.784024,0.784064,497.9624,497.8817,497.886542,501.995486,502.093042,502.06551
1080,25000,8,0.784219,,0.784219,0.784024,0.784072,497.9624,497.8817,497.88977,501.995486,502.093042,502.061358
1081,25000,8,0.784219,,0.784219,0.784024,0.784079,497.9624,497.8817,497.892998,501.995486,502.093042,502.058204
1082,25000,8,0.784219,,0.784219,0.784056,0.784084,497.9624,497.8817,497.895419,501.995486,502.068124,502.055775
1083,25000,8,0.784219,,0.784219,0.784056,0.784095,497.9624,497.8817,497.901068,501.995486,502.068124,502.050691
1084,25000,8,0.784219,,0.784219,0.784056,0.784108,497.9624,497.8817,497.907524,501.995486,502.068124,502.04488
1085,25000,8,0.784219,,0.784219,0.784056,0.784123,497.9624,497.8817,497.914787,501.995486,502.068124,502.038342
1086,25000,8,0.784219,,0.784219,0.784056,0.784136,497.9624,497.8817,497.921243,501.995486,502.068124,502.032531
1087,25000,8,0.784219,,0.784219,0.784056,0.784146,497.9624,497.8817,497.926085,501.995486,502.068124,502.028173
1088,25000,8,0.784219,,0.784219,0.784056,0.784157,497.9624,497.8817,497.931734,501.995486,502.068124,502.023088
1089,25000,8,0.784219,,0.784219,0.784056,0.784168,497.9624,497.8817,497.937383,501.995486,502.068124,502.018004
1090,25000,8,0.784219,,0.784219,0.784056,0.784178,497.9624,497.8817,497.942225,501.995486,502.068124,502.013645
1091,25000,8,0.784219,,0.784219,0.784056,0.784191,497.9624,497.8817,497.948681,501.995486,502.068124,502.007834
1092,25000,8,0.784219,,0.784219,0.784056,0.784198,497.9624,497.8817,497.951909,501.995486,502.068124,502.004929
1093,25000,8,0.784219,,0.784219,0.784056,0.784204,497.9624,497.8817,497.955137,501.995486,502.068124,502.002023
1094,25000,8,0.784219,,0.784219,0.784056,0.784209,497.9624,497.8817,497.957558,501.995486,502.068124,501.999844
1095,25000,8,0.784219,,0.784219,0.784056,0.784212,497.9624,497.8817,497.959172,501.995486,502.068124,501.998391
1096,25000,8,0.784219,,0.784219,0.784056,0.784214,497.9624,497.8817,497.959979,501.995486,502.068124,501.997665
1097,25000,8,0.784219,,0.784219,0.784056,0.784216,497.9624,497.8817,497.960786,501.995486,502.068124,501.996939
1098,25000,8,0.784219,,0.784219,0.784056,0.784216,497.9624,497.8817,497.960786,501.995486,502.068124,501.996939
1099,25000,8,0.784219,,0.784219,0.784056,0.784216,497.9624,497.8817,497.960786,501.995486,502.068124,501.996939
1100,25000,8,0.784219,,0.784219,0.784219,0.784219,497.9624,497.9624,497.9624,501.995486,501.995486,501.995486
1101,25000,8,0.784219,,0.784219,0.784219,0.784219,497.9624,497.9624,497.9624,501.995486,501.995486,501.995486
1102,25000,8,0.784219,,0.784219,0.784219,0.784219,497.9624,497.9624,497.9624,501.995486,501.995486,501.995486
1103,25000,8,0.784219,,0.784219,0.784219,0.784219,497.9624,497.9624,497.9624,501.995486,501.995486,501.995486
1104,25000,8,0.784219,,0.784219,0.784219,0.784219,497.9624,497.9624,497.9624,501.995486,501.995486,501.995486
1105,25000,8,0.784219,,0.784219,0.784219,0.784219,497.9624,497.9624,497.9624,501.995486,501.995486,501.995486
1106,25000,8,0.784219,,0.784219,0.784219,0.784219,497.9624,497.9624,497.9624,501.995486,501.995486,501.995486
1107,25000,8,0.784219,,0.784219,0.784219,0.784219,497.9624,497.9624,497.9624,501.995486,501.995486,501.995486
1108,25000,8,0.784219,,0.784219,0.784219,0.784219,497.9624,497.9624,497.9624,501.995486,501.995486,501.995486
1109,25000,8,0.784219,,0.784219,0.784219,0.784219,497.9624,497.9624,497.9624,501.995486,501.995486,501.995486
1110,25000,8,0.784219,,0.784219,0.784219,0.784219,497.9624,497.9624,497.9624,501.995486,501.995486,501.995486
1111,25000,8,0.784219,,0.784219,0.784219,0.784219,497.9624,497.9624,497.9624,501.995486,501.995486,501.995486
1112,25000,8,0.784219,,0.784219,0.784219,0.784219,497.9624,497.9624,497.9624,501.995486,501.995486,501.995486
1113,25000,8,0.784219,,0.784219,0.784219,0.784219,497.9624,497.9624,497.9624,501.995486,501.995486,501.995486
1114,25000,8,0.784219,,0.784219,0.784219,0.784219,497.9624,497.9624,497.9624,501.995486,501.995486,501.995486
1115,25000,8,0.784219,,0.784219,0.784219,0.784219,497.9624,497.9624,497.9624,501.995486,501.995486,501.995486
1116,25000,8,0.784219,,0.784219,0.784219,0.784219,497.9624,497.9624,497.9624,501.995486,501.995486,501.995486
1117,25000,8,0.784219,,0.784219,0.784219,0.784219,497.9624,497.9624,497.9624,501.995486,501.995486,501.995486
1118,25000,8,0.784219,,0.784219,0.784219,0.784219,497.9624,497.9624,497.9624,501.995486,501.995486,501.995486
1119,25000,8,0.784219,,0.784219,0.784219,0.784219,497.9624,497.9624,497.9624,501.995486,501.995486,501.995486
1120,25000,8,0.784219,,0.784219,0.784219,0.784219,497.9624,497.9624,497.9624,501.995486,501.995486,501.995486
1121,25000,8,0.784219,,0.784219,0.784219,0.784219,497.9624,497.9624,497.9624,501.995486,501.995486,501.995486
1122,25000,8,0.784219,,0.784219,0.784219,0.784219,497.9624,497.9624,497.9624,501.995486,501.995486,501.995486
1123,25000,8,0.784219,,0.784219,0.784219,0.784219,497.9624,497.9624,497.9624,501.995486,501.995486,501.995486
1124,25000,8,0.784219,,0.784219,0.784219,0.784219,497.9624,497.9624,497.9624,501.995486,501.995486,501.995486
1125,25000,8,0.784219,,0.784219,0.784219,0.784219,497.9624,497.9624,497.9624,501.995486,501.995486,501.995486
1126,25000,8,0.784219,,0.784219,0.784219,0.784219,497.9624,497.9624,497.9624,501.995486,501.995486,501.995486
1127,25000,8,0.784219,,0.784219,0.784219,0.784219,497.9624,497.9624,497.9624,501.995486,501.995486,501.995486
1128,25000,8,0.784219,,0.784219,0.784219,0.784219,497.9624,497.9624,497.9624,501.995486,501.995486,501.995486
1129,25000,8,0.784219,,0.784219,0.784219,0.784219,497.9624,497.9624,497.9624,501.995486,501.995486,501.995486
1130,25000,8,0.784219,,0.784219,0.784219,0.784219,497.9624,497.9624,497.9624,501.995486,501.995486,501.995486
1131,25000,8,0.784219,,0.784219,0.784219,0.784219,497.9624,497.9624,497.9624,501.995486,501.995486,501.995486
1132,25000,8,0.784219,,0.784219,0.784219,0.784219,497.9624,497.9624,497.9624,501.995486,501.995486,501.995486
1133,25000,8,0.784219,,0.784219,0.784219,0.784219,497.9624,497.9624,497.9624,501.995486,501.995486,501.995486
1134,25000,8,0.784219,,0.784219,0.784219,0.784219,497.9624,497.9624,497.9624,501.995486,501.995486,501.995486
1135,25000,8,0.784219,,0.784219,0.784219,0.784219,497.9624,497.9624,497.9624,501.995486,501.995486,501.995486
1136,25000,8,0.784219,,0.784219,0.784219,0.784219,497.9624,497.9624,497.9624,501.995486,501.995486,501.995486
1137,25000,8,0.784219,,0.784219,0.784219,0.784219,497.9624,497.9624,497.9624,501.995486,501.995486,501.995486
1138,25000,8,0.784219,,0.784219,0.784219,0.784219,497.9624,497.9624,497.9624,501.995486,501.995486,501.995486
1139,25000,8,0.784219,,0.784219,0.784219,0.784219,497.9624,497.9624,497.9624,501.995486,501.995486,501.995486
1140,25000,8,0.784219,,0.784219,0.784219,0.784219,497.9624,497.9624,497.9624,501.995486,501.995486,501.995486
1141,25000,8,0.784219,,0.784219,0.784219,0.784219,497.9624,497.9624,497.9624,501.995486,501.995486,501.995486
1142,25000,8,0.784219,,0.784219,0.784219,0.784219,497.9624,497.9624,497.9624,501.995486,501.995486,501.995486
1143,25000,8,0.784219,,0.784219,0.784219,0.784219,497.9624,497.9624,497.9624,501.995486,501.995486,501.995486
1144,25000,8,0.784219,,0.784219,0.784219,0.784219,497.9624,497.9624,497.9624,501.995486,501.995486,501.995486
1145,25000,8,0.784219,,0.784219,0.784219,0.784219,497.9624,497.9624,497.9624,501.995486,501.995486,501.995486
1146,25000,8,0.784219,,0.784219,0.784219,0.784219,497.9624,497.9624,497.9624,501.995486,501.995486,501.995486
1147,25000,8,0.784219,,0.784219,0.784219,0.784219,497.9624,497.9624,497.9624,501.995486,501.995486,501.995486
1148,25000,8,0.784219,,0.784219,0.784219,0.784219,497.9624,497.9624,497.9624,501.995486,501.995486,501.995486
1149,25000,8,0.784219,,0.784219,0.784219,0.784219,497.9624,497.9624,497.9624,501.995486,501.995486,501.995486
1150,25000,8,0.784219,,0.784219,0.784219,0.784219,497.9624,497.9624,497.9624,501.995486,501.995486,501.995486
1151,25000,8,0.784219,,0.784219,0.784219,0.784219,497.9624,497.9624,497.9624,501.995486,501.995486,501.995486
1152,25000,8,0.784219,,0.784219,0.784219,0.784219,497.9624,497.9624,497.9624,501.995486,501.995486,501.995486
1153,25000,8,0.784219,,0.784219,0.784219,0.784219,497.9624,497.9624,497.9624,501.995486,501.995486,501.995486
1154,25000,8,0.784219,,0.784219,0.784219,0.784219,497.9624,497.9624,497.9624,501.995486,501.995486,501.995486
1155,25000,8,0.784219,,0.784219,0.784219,0.784219,497.9624,497.9624,497.9624,501.995486,501.995486,501.995486
1156,25000,8,0.784219,,0.784219,0.784219,0.784219,497.9624,497.9624,497.9624,501.995486,501.995486,501.995486
1157,25000,8,0.784219,,0.784219,0.784219,0.784219,497.9624,497.9624,497.9624,501.995486,501.995486,501.995486
1158,25000,8,0.784219,,0.784219,0.784219,0.784219,497.9624,497.9624,497.9624,501.995486,501.995486,501.995486
1159,25000,8,0.784219,,0.784219,0.784219,0.784219,497.9624,497.9624,497.9624,501.995486,501.995486,501.995486
1160,25000,8,0.784219,,0.784219,0.784219,0.784219,497.9624,497.9624,497.9624,501.995486,501.995486,501.995486
1161,25000,8,0.784219,,0.784219,0.784219,0.784219,497.9624,497.9624,497.9624,501.995486,501.995486,501.995486
1162,25000,8,0.784219,,0.784219,0.784219,0.784219,497.9624,497.9624,497.9624,501.995486,501.995486,501.995486
1163,25000,8,0.784219,,0.784219,0.784219,0.784219,497.9624,497.9624,497.9624,501.995486,501.995486,501.995486
1164,25000,8,0.784219,,0.784219,0.784219,0.784219,497.9624,497.9624,497.9624,501.995486,501.995486,501.995486
1165,25000,8,0.784219,,0.784219,0.784219,0.784219,497.9624,497.9624,497.9624,501.995486,501.995486,501.995486
1166,25000,8,0.784219,,0.784219,0.784219,0.784219,497.9624,497.9624,497.9624,501.995486,501.995486,501.995486
1167,25000,8,0.784219,,0.784219,0.784219,0.784219,497.9624,497.9624,497.9624,501.995486,501.995486,501.995486
1168,25000,8,0.784219,,0.784219,0.784219,0.784219,497.9624,497.9624,497.9624,501.995486,501.995486,501.995486
1169,25000,8,0.784219,,0.784219,0.784219,0.784219,497.9624,497.9624,497.9624,501.995486,501.995486,501.995486
1170,25000,8,0.784219,,0.784219,0.784219,0.784219,497.9624,497.9624,497.9624,501.995486,501.995486,501.995486
1171,25000,8,0.784219,,0.784219,0.784219,0.784219,497.9624,497.9624,497.9624,501.995486,501.995486,501.995486
1172,25000,8,0.784219,,0.784219,0.784219,0.784219,497.9624,497.9624,497.9624,501.995486,501.995486,501.995486
1173,25000,8,0.784219,,0.784219,0.784219,0.784219,497.9624,497.9624,497.9624,501.995486,501.995486,501.995486
1174,25000,8,0.784219,,0.784219,0.784219,0.784219,497.9624,497.9624,497.9624,501.995486,501.995486,501.995486
1175,25000,8,0.784219,,0.784219,0.784219,0.784219,497.9624,497.9624,497.9624,501.995486,501.995486,501.995486
1176,25000,8,0.784219,,0.784219,0.784219,0.784219,497.9624,497.9624,497.9624,501.995486,501.995486,501.995486
1177,25000,8,0.784219,,0.784219,0.784219,0.784219,497.9624,497.9624,497.9624,501.995486,501.995486,501.995486
1178,25000,8,0.784219,,0.784219,0.784219,0.784219,497.9624,497.9624,497.9624,501.995486,501.995486,501.995486
1179,25000,8,0.784219,,0.784219,0.784219,0.784219,497.9624,497.9624,497.9624,501.995486,501.995486,501.995486
1180,25000,8,0.784219,,0.784219,0.784219,0.784219,497.9624,497.9624,497.9624,501.995486,501.995486,501.995486
1181,25000,8,0.784219,,0.784219,0.784219,0.784219,497.9624,497.9624,497.9624,501.995486,501.995486,501.995486
1182,25000,8,0.784219,,0.784219,0.784219,0.784219,497.9624,497.9624,497.9624,501.995486,501.995486,501.995486
1183,25000,8,0.784219,,0.784219,0.784219,0.784219,497.9624,497.9624,497.9624,501.995486,501.995486,501.995486
1184,25000,8,0.784219,,0.784219,0.784219,0.784219,497.9624,497.9624,497.9624,501.995486,501.995486,501.995486
1185,25000,8,0.784219,,0.784219,0.784219,0.784219,497.9624,497.9624,497.9624,501.995486,501.995486,501.995486
1186,25000,8,0.784219,,0.784219,0.784219,0.784219,497.9624,497.9624,497.9624,501.995486,501.995486,501.995486
1187,25000,8,0.784219,,0.784219,0.784219,0.784219,497.9624,497.9624,497.9624,501.995486,501.995486,501.995486
1188,25000,8,0.784219,,0.784219,0.784219,0.784219,497.9624,497.9624,497.9624,501.995486,501.995486,501.995486
1189,25000,8,0.784219,,0.784219,0.784219,0.784219,497.9624,497.9624,497.9624,501.995486,501.995486,501.995486
1190,25000,8,0.784219,,0.784219,0.784219,0.784219,497.9624,497.9624,497.9624,501.995486,501.995486,501.995486
1191,25000,8,0.784219,,0.784219,0.784219,0.784219,497.9624,497.9624,497.9624,501.995486,501.995486,501.995486
1192,25000,8,0.784219,,0.784219,0.784219,0.784219,497.9624,497.9624,497.9624,501.995486,501.995486,501.995486
1193,25000,8,0.784219,,0.784219,0.784219,0.784219,497.9624,497.9624,497.9624,501.995486,501.995486,501.995486
1194,25000,8,0.784219,,0.784219,0.784219,0.784219,497.9624,497.9624,497.9624,501.995486,501.995486,501.995486
1195,25000,8,0.784219,,0.784219,0.784219,0.784219,497.9624,497.9624,497.9624,501.995486,501.995486,501.995486
1196,25000,8,0.784219,,0.784219,0.784219,0.784219,497.9624,497.9624,497.9624,501.995486,501.995486,501.995486
1197,25000,8,0.784219,,0.784219,0.784219,0.784219,497.9624,497.9624,497.9624,501.995486,501.995486,501.995486
1198,25000,8,0.784219,,0.784219,0.784219,0.784219,497.9624,497.9624,497.9624,501.995486,501.995486,501.995486
1199,25000,8,0.784219,,0.784219,0.784219,0.784219,497.9624,497.9624,497.9624,501.995486,501.995486,501.995486
1200,25000,8,0.784219,,0.784219,0.784219,0.784219,497.9624,497.9624,497.9624,501.995486,501.995486,501.995486
1201,25000,8,0.784219,,0.784219,0.784219,0.784219,497.9624,497.9624,497.9624,501.995486,501.995486,501.995486
1202,25000,8,0.784219,,0.784219,0.784219,0.784219,497.9624,497.9624,497.9624,501.995486,501.995486,501.995486
1203,25000,8,0.784219,,0.784219,0.784219,0.784219,497.9624,497.9624,497.9624,501.995486,501.995486,501.995486
1204,25000,8,0.784219,,0.784219,0.784219,0.784219,497.9624,497.9624,497.9624,501.995486,501.995486,501.995486
1205,25000,8,0.784219,,0.784219,0.784219,0.784219,497.9624,497.9624,497.9624,501.995486,501.995486,501.995486
1206,25000,8,0.784219,,0.784219,0.784219,0.784219,497.9624,497.9624,497.9624,501.995486,501.995486,501.995486
1207,25000,8,0.784219,,0.784219,0.784219,0.784219,497.9624,497.9624,497.9624,501.995486,501.995486,501.995486
1208,25000,8,0.784219,,0.784219,0.784219,0.784219,497.9624,497.9624,497.9624,501.995486,501.995486,501.995486
1209,25000,8,0.784219,,0.784219,0.784219,0.784219,497.9624,497.9624,497.9624,501.995486,501.995486,501.995486
1210,25000,8,0.784219,,0.784219,0.784219,0.784219,497.9624,497.9624,497.9624,501.995486,501.995486,501.995486
1211,25000,8,0.784219,,0.784219,0.784219,0.784219,497.9624,497.9624,497.9624,501.995486,501.995486,501.995486
1212,25000,8,0.784219,,0.784219,0.784219,0.784219,497.9624,497.9624,497.9624,501.995486,501.995486,501.995486
1213,25000,8,0.784219,,0.784219,0.784219,0.784219,497.9624,497.9624,497.9624,501.995486,501.995486,501.995486
1214,25000,8,0.784219,,0.784219,0.784219,0.784219,497.9624,497.9624,497.9624,501.995486,501.995486,501.995486
1215,25000,8,0.784219,,0.784219,0.784219,0.784219,497.9624,497.9624,497.9624,501.995486,501.995486,501.995486
1216,25000,8,0.784219,,0.784219,0.784219,0.784219,497.9624,497.9624,497.9624,501.995486,501.995486,501.995486
1217,25000,8,0.784219,,0.784219,0.784219,0.784219,497.9624,497.9624,497.9624,501.995486,501.995486,501.995486
1218,25000,8,0.784219,,0.784219,0.784219,0.784219,497.9624,497.9624,497.9624,501.995486,501.995486,501.995486
1219,25000,8,0.784219,,0.784219,0.784219,0.784219,497.9624,497.9624,497.9624,501.995486,501.995486,501.995486
1220,25000,8,0.784219,,0.784219,0.784219,0.784219,497.9624,497.9624,497.9624,501.995486,501.995486,501.995486
1221,25000,8,0.784219,,0.784219,0.784219,0.784219,497.9624,497.9624,497.9624,501.995486,501.995486,501.995486
1222,25000,8,0.784219,,0.784219,0.784219,0.784219,497.9624,497.9624,497.9624,501.995486,501.995486,501.995486
1223,25000,8,0.784219,,0.784219,0.784219,0.784219,497.9624,497.9624,497.9624,501.995486,501.995486,501.995486
1224,25000,8,0.784219,,0.784219,0.784219,0.784219,497.9624,497.9624,497.9624,501.995486,501.995486,501.995486
1225,25000,8,0.784219,,0.784219,0.784219,0.784219,497.9624,497.9624,497.9624,501.995486,501.995486,501.995486
1226,25000,8,0.784219,,0.784219,0.784219,0.784219,497.9624,497.9624,497.9624,501.995486,501.995486,501.995486
1227,25000,8,0.784219,,0.784219,0.784219,0.784219,497.9624,497.9624,497.9624,501.995486,501.995486,501.995486
1228,25000,8,0.784219,,0.784219,0.784219,0.784219,497.9624,497.9624,497.9624,501.995486,501.995486,501.995486
1229,25000,8,0.784219,,0.784219,0.784219,0.784219,497.9624,497.9624,497.9624,501.995486,501.995486,501.995486
1230,25000,8,0.784219,,0.784219,0.784219,0.784219,497.9624,497.9624,497.9624,501.995486,501.995486,501.995486
1231,25000,8,0.784219,,0.784219,0.784219,0.784219,497.9624,497.9624,497.9624,501.995486,501.995486,501.995486
1232,25000,8,0.784219,,0.784219,0.784219,0.784219,497.9624,497.9624,497.9624,501.995486,501.995486,501.995486
1233,25000,8,0.784219,,0.784219,0.784219,0.784219,497.9624,497.9624,497.9624,501.995486,501.995486,501.995486
1234,25000,8,0.784219,,0.784219,0.784219,0.784219,497.9624,497.9624,497.9624,501.995486,501.995486,501.995486
1235,25000,8,0.784219,,0.784219,0.784219,0.784219,497.9624,497.9624,497.9624,501.995486,501.995486,501.995486
1236,25000,8,0.784219,,0.784219,0.784219,0.784219,497.9624,497.9624,497.9624,501.995486,501.995486,501.995486
1237,25000,8,0.784219,,0.784219,0.784219,0.784219,497.9624,497.9624,497.9624,501.995486,501.995486,501.995486
1238,25000,8,0.784219,,0.784219,0.784219,0.784219,497.9624,497.9624,497.9624,501.995486,501.995486,501.995486
1239,25000,8,0.784219,,0.784219,0.784219,0.784219,497.9624,497.9624,497.9624,501.995486,501.995486,501.995486
1240,25000,8,0.784219,,0.784219,0.784219,0.784219,497.9624,497.9624,497.9624,501.995486,501.995486,501.995486
1241,25000,8,0.784219,,0.784219,0.784219,0.784219,497.9624,497.9624,497.9624,501.995486,501.995486,501.995486
1242,25000,8,0.784219,,0.784219,0.784219,0.784219,497.9624,497.9624,497.9624,501.995486,501.995486,501.995486
1243,25000,8,0.784219,,0.784219,0.784219,0.784219,497.9624,497.9624,497.9624,501.995486,501.995486,501.995486
1244,25000,8,0.784219,,0.784219,0.784219,0.784219,497.9624,497.9624,497.9624,501.995486,501.995486,501.995486
1245,25000,8,0.784219,,0.784219,0.784219,0.784219,497.9624,497.9624,497.9624,501.995486,501.995486,501.995486
1246,25000,8,0.784219,,0.784219,0.784219,0.784219,497.9624,497.9624,497.9624,501.995486,501.995486,501.995486
1247,25000,8,0.784219,,0.784219,0.784219,0.784219,497.9624,497.9624,497.9624,501.995486,501.995486,501.995486
1248,25000,8,0.784219,,0.784219,0.784219,0.784219,497.9624,497.9624,497.9624,501.995486,501.995486,501.995486
1249,25000,8,0.784219,,0.784219,0.784219,0.784219,497.9624,497.9624,497.9624,501.995486,501.995486,501.995486
1250,25000,8,0.784219,,0.784219,0.784219,0.784219,497.9624,497.9624,497.9624,501.995486,501.995486,501.995486
1251,25000,8,0.784219,,0.784219,0.784219,0.784219,497.9624,497.9624,497.9624,501.995486,501.995486,501.995486
1252,25000,8,0.784219,,0.784219,0.784219,0.784219,497.9624,497.9624,497.9624,501.995486,501.995486,501.995486
1253,25000,8,0.784219,,0.784219,0.784219,0.784219,497.9624,497.9624,497.9624,501.995486,501.995486,501.995486
1254,25000,8,0.784219,,0.784219,0.784219,0.784219,497.9624,497.9624,497.9624,501.995486,501.995486,501.995486
1255,25000,8,0.784219,,0.784219,0.784219,0.784219,497.9624,497.9624,497.9624,501.995486,501.995486,501.995486
1256,25000,8,0.784219,,0.784219,0.784219,0.784219,497.9624,497.9624,497.9624,501.995486,501.995486,501.995486
1257,25000,8,0.784219,,0.784219,0.784219,0.784219,497.9624,497.9624,497.9624,501.995486,501.995486,501.995486
1258,25000,8,0.784219,,0.784219,0.784219,0.784219,497.9624,497.9624,497.9624,501.995486,501.995486,501.995486
1259,25000,8,0.784219,,0.784219,0.784219,0.784219,497.9624,497.9624,497.9624,501.995486,501.995486,501.995486
1260,25000,8,0.784219,,0.784219,0.784219,0.784219,497.9624,497.9624,497.9624,501.995486,501.995486,501.995486
1261,25000,8,0.784219,,0.784219,0.784219,0.784219,497.9624,497.9624,497.9624,501.995486,501.995486,501.995486
1262,25000,8,0.784219,,0.784219,0.784219,0.784219,497.9624,497.9624,497.9624,501.995486,501.995486,501.995486
1263,25000,8,0.784219,,0.784219,0.784219,0.784219,497.9624,497.9624,497.9624,501.995486,501.995486,501.995486
1264,25000,8,0.784219,,0.784219,0.784219,0.784219,497.9624,497.9624,497.9624,501.995486,501.995486,501.995486
1265,25000,8,0.784219,,0.784219,0.784219,0.784219,497.9624,497.9624,497.9624,501.995486,501.995486,501.995486
1266,25000,8,0.784219,,0.784219,0.784219,0.784219,497.9624,497.9624,497.9624,501.995486,501.995486,501.995486
1267,25000,8,0.784219,,0.784219,0.784219,0.784219,497.9624,497.9624,497.9624,501.995486,501.995486,501.995486
1268,25000,8,0.784219,,0.784219,0.784219,0.784219,497.9624,497.9624,497.9624,501.995486,501.995486,501.995486
1269,25000,8,0.784219,,0.784219,0.784219,0.784219,497.9624,497.9624,497.9624,501.995486,501.995486,501.995486
1270,25000,8,0.784219,,0.784219,0.784219,0.784219,497.9624,497.9624,497.9624,501.995486,501.995486,501.995486
1271,25000,8,0.784219,,0.784219,0.784219,0.784219,497.9624,497.9624,497.9624,501.995486,501.995486,501.995486
1272,25000,8,0.784219,,0.784219,0.784219,0.784219,497.9624,497.9624,497.9624,501.995486,501.995486,501.995486
1273,25000,8,0.784219,,0.784219,0.784219,0.784219,497.9624,497.9624,497.9624,501.995486,501.995486,501.995486
1274,25000,8,0.784219,,0.784219,0.784219,0.784219,497.9624,497.9624,497.9624,501.995486,501.995486,501.995486
1275,25000,8,0.784219,,0.784219,0.784219,0.784219,497.9624,497.9624,497.9624,501.995486,501.995486,501.995486
1276,25000,8,0.784219,,0.784219,0.784219,0.784219,497.9624,497.9624,497.9624,501.995486,501.995486,501.995486
1277,25000,8,0.784219,,0.784219,0.784219,0.784219,497.9624,497.9624,497.9624,501.995486,501.995486,501.995486
1278,25000,8,0.784219,,0.784219,0.784219,0.784219,497.9624,497.9624,497.9624,501.995486,501.995486,501.995486
1279,25000,8,0.784219,,0.784219,0.784219,0.784219,497.9624,497.9624,497.9624,501.995486,501.995486,501.995486
1280,25000,8,0.784219,,0.784219,0.784219,0.784219,497.9624,497.9624,497.9624,501.995486,501.995486,501.995486
1281,25000,8,0.784219,,0.784219,0.784219,0.784219,497.9624,497.9624,497.9624,501.995486,501.995486,501.995486
1282,25000,8,0.784219,,0.784219,0.784219,0.784219,497.9624,497.9624,497.9624,501.995486,501.995486,501.995486
1283,25000,8,0.784219,,0.784219,0.784219,0.784219,497.9624,497.9624,497.9624,501.995486,501.995486,501.995486
1284,25000,8,0.784219,,0.784219,0.784219,0.784219,497.9624,497.9624,497.9624,501.995486,501.995486,501.995486
1285,25000,8,0.784219,,0.784219,0.784219,0.784219,497.9624,497.9624,497.9624,501.995486,501.995486,501.995486
1286,25000,8,0.784219,,0.784219,0.784219,0.784219,497.9624,497.9624,497.9624,501.995486,501.995486,501.995486
1287,25000,8,0.784219,,0.784219,0.784219,0.784219,497.9624,497.9624,497.9624,501.995486,501.995486,501.995486
1288,25000,8,0.784219,,0.784219,0.784219,0.784219,497.9624,497.9624,497.9624,501.995486,501.995486,501.995486
1289,25000,8,0.784219,,0.784219,0.784219,0.784219,497.9624,497.9624,497.9624,501.995486,501.995486,501.995486
1290,25000,8,0.784219,,0.784219,0.784219,0.784219,497.9624,497.9624,497.9624,501.995486,501.995486,501.995486
1291,25000,8,0.784219,,0.784219,0.784219,0.784219,497.9624,497.9624,497.9624,501.995486,501.995486,501.995486
1292,25000,8,0.784219,,0.784219,0.784219,0.784219,497.9624,497.9624,497.9624,501.995486,501.995486,501.995486
1293,25000,8,0.784219,,0.784219,0.784219,0.784219,497.9624,497.9624,497.9624,501.995486,501.995486,501.995486
1294,25000,8,0.784219,,0.784219,0.784219,0.784219,497.9624,497.9624,497.9624,501.995486,501.995486,501.995486
1295,25000,8,0.784219,,0.784219,0.784219,0.784219,497.9624,497.9624,497.9624,501.995486,501.995486,501.995486
1296,25000,8,0.784219,,0.784219,0.784219,0.784219,497.9624,497.9624,497.9624,501.995486,501.995486,501.995486
1297,25000,8,0.784219,,0.784219,0.784219,0.784219,497.9624,497.9624,497.9624,501.995486,501.995486,501.995486
1298,25000,8,0.784219,,0.784219,0.784219,0.784219,497.9624,497.9624,497.9624,501.995486,501.995486,501.995486
1299,25000,8,0.784219,,0.784219,0.784219,0.784219,497.9624,497.9624,497.9624,501.995486,501.995486,501.995486
1300,25000,8,0.784219,,0.784219,0.784219,0.784219,497.9624,497.9624,497.9624,501.995486,501.995486,501.995486
1301,25000,8,0.784219,,0.784219,0.784219,0.784219,497.9624,497.9624,497.9624,501.995486,501.995486,501.995486
1302,25000,8,0.784219,,0.784219,0.784219,0.784219,497.9624,497.9624,497.9624,501.995486,501.995486,501.995486
1303,25000,8,0.784219,,0.784219,0.784219,0.784219,497.9624,497.9624,497.9624,501.995486,501.995486,501.995486
1304,25000,8,0.784219,,0.784219,0.784219,0.784219,497.9624,497.9624,497.9624,501.995486,501.995486,501.995486
1305,25000,8,0.784219,,0.784219,0.784219,0.784219,497.9624,497.9624,497.9624,501.995486,501.995486,501.995486
1306,25000,8,0.784219,,0.784219,0.784219,0.784219,497.9624,497.9624,497.9624,501.995486,501.995486,501.995486
1307,25000,8,0.784219,,0.784219,0.784219,0.784219,497.9624,497.9624,497.9624,501.995486,501.995486,501.995486
1308,25000,8,0.784219,,0.784219,0.784219,0.784219,497.9624,497.9624,497.9624,501.995486,501.995486,501.995486
1309,25000,8,0.784219,,0.784219,0.784219,0.784219,497.9624,497.9624,497.9624,501.995486,501.995486,501.995486
1310,25000,8,0.784219,,0.784219,0.784219,0.784219,497.9624,497.9624,497.9624,501.995486,501.995486,501.995486
1311,25000,8,0.784219,,0.784219,0.784219,0.784219,497.9624,497.9624,497.9624,501.995486,501.995486,501.995486
1312,25000,8,0.784219,,0.784219,0.784219,0.784219,497.9624,497.9624,497.9624,501.995486,501.995486,501.995486
1313,25000,8,0.784219,,0.784219,0.784219,0.784219,497.9624,497.9624,497.9624,501.995486,501.995486,501.995486
1314,25000,8,0.784219,,0.784219,0.784219,0.784219,497.9624,497.9624,497.9624,501.995486,501.995486,501.995486
1315,25000,8,0.784219,,0.784219,0.784219,0.784219,497.9624,497.9624,497.9624,501.995486,501.995486,501.995486
1316,25000,8,0.784219,,0.784219,0.784219,0.784219,497.9624,497.9624,497.9624,501.995486,501.995486,501.995486
1317,25000,8,0.784219,,0.784219,0.784219,0.784219,497.9624,497.9624,497.9624,501.995486,501.995486,501.995486
1318,25000,8,0.784219,,0.784219,0.784219,0.784219,497.9624,497.9624,497.9624,501.995486,501.995486,501.995486
1319,25000,8,0.784219,,0.784219,0.784219,0.784219,497.9624,497.9624,497.9624,501.995486,501.995486,501.995486
1320,25000,8,0.784219,,0.784219,0.784219,0.784219,497.9624,497.9624,497.9624,501.995486,501.995486,501.995486
1321,25000,8,0.784219,,0.784219,0.784219,0.784219,497.9624,497.9624,497.9624,501.995486,501.995486,501.995486
1322,25000,8,0.784219,,0.784219,0.784219,0.784219,497.9624,497.9624,497.9624,501.995486,501.995486,501.995486
1323,25000,8,0.784219,,0.784219,0.784219,0.784219,497.9624,497.9624,497.9624,501.995486,501.995486,501.995486
1324,25000,8,0.784219,,0.784219,0.784219,0.784219,497.9624,497.9624,497.9624,501.995486,501.995486,501.995486
1325,25000,8,0.784219,,0.784219,0.784219,0.784219,497.9624,497.9624,497.9624,501.995486,501.995486,501.995486
1326,25000,8,0.784219,,0.784219,0.784219,0.784219,497.9624,497.9624,497.9624,501.995486,501.995486,501.995486
1327,25000,8,0.784219,,0.784219,0.784219,0.784219,497.9624,497.9624,497.9624,501.995486,501.995486,501.995486
1328,25000,8,0.784219,,0.784219,0.784219,0.784219,497.9624,497.9624,497.9624,501.995486,501.995486,501.995486
1329,25000,8,0.784219,,0.784219,0.784219,0.784219,497.9624,497.9624,497.9624,501.995486,501.995486,501.995486
1330,25000,8,0.784219,,0.784219,0.784219,0.784219,497.9624,497.9624,497.9624,501.995486,501.995486,501.995486
1331,25000,8,0.784219,,0.784219,0.784219,0.784219,497.9624,497.9624,497.9624,501.995486,501.995486,501.995486
1332,25000,8,0.784219,,0.784219,0.784219,0.784219,497.9624,497.9624,497.9624,501.995486,501.995486,501.995486
1333,25000,8,0.784219,,0.784219,0.784219,0.784219,497.9624,497.9624,497.9624,501.995486,501.995486,501.995486
1334,25000,8,0.784219,,0.784219,0.784219,0.784219,497.9624,497.9624,497.9624,501.995486,501.995486,501.995486
1335,25000,8,0.784219,,0.784219,0.784219,0.784219,497.9624,497.9624,497.9624,501.995486,501.995486,501.995486
1336,25000,8,0.784219,,0.784219,0.784219,0.784219,497.9624,497.9624,497.9624,501.995486,501.995486,501.995486
1337,25000,8,0.784219,,0.784219,0.784219,0.784219,497.9624,497.9624,497.9624,501.995486,501.995486,501.995486
1338,25000,8,0.784219,,0.784219,0.784219,0.784219,497.9624,497.9624,497.9624,501.995486,501.995486,501.995486
1339,25000,8,0.784219,,0.784219,0.784219,0.784219,497.9624,497.9624,497.9624,501.995486,501.995486,501.995486
1340,25000,8,0.784219,,0.784219,0.784219,0.784219,497.9624,497.9624,497.9624,501.995486,501.995486,501.995486
1341,25000,8,0.784219,,0.784219,0.784219,0.784219,497.9624,497.9624,497.9624,501.995486,501.995486,501.995486
1342,25000,8,0.784219,,0.784219,0.784219,0.784219,497.9624,497.9624,497.9624,501.995486,501.995486,501.995486
1343,25000,8,0.784219,,0.784219,0.784219,0.784219,497.9624,497.9624,497.9624,501.995486,501.995486,501.995486
1344,25000,8,0.784219,,0.784219,0.784219,0.784219,497.9624,497.9624,497.9624,501.995486,501.995486,501.995486
1345,25000,8,0.784219,,0.784219,0.784219,0.784219,497.9624,497.9624,497.9624,501.995486,501.995486,501.995486
1346,25000,8,0.784219,,0.784219,0.784219,0.784219,497.9624,497.9624,497.9624,501.995486,501.995486,501.995486
1347,25000,8,0.784219,,0.784219,0.784219,0.784219,497.9624,497.9624,497.9624,501.995486,501.995486,501.995486
1348,25000,8,0.784219,,0.784219,0.784219,0.784219,497.9624,497.9624,497.9624,501.995486,501.995486,501.995486
1349,25000,8,0.784219,,0.784219,0.784219,0.784219,497.9624,497.9624,497.9624,501.995486,501.995486,501.995486
1350,25000,8,0.784219,,0.784219,0.784219,0.784219,497.9624,497.9624,497.9624,501.995486,501.995486,501.995486
1351,25000,8,0.784219,,0.784219,0.784219,0.784219,497.9624,497.9624,497.9624,501.995486,501.995486,501.995486
1352,25000,8,0.784219,,0.784219,0.784219,0.784219,497.9624,497.9624,497.9624,501.995486,501.995486,501.995486
1353,25000,8,0.784219,,0.784219,0.784219,0.784219,497.9624,497.9624,497.9624,501.995486,501.995486,501.995486
1354,25000,8,0.784219,,0.784219,0.784219,0.784219,497.9624,497.9624,497.9624,501.995486,501.995486,501.995486
1355,25000,8,0.784219,,0.784219,0.784219,0.784219,497.9624,497.9624,497.9624,501.995486,501.995486,501.995486
1356,25000,8,0.784219,,0.784219,0.784219,0.784219,497.9624,497.9624,497.9624,501.995486,501.995486,501.995486
1357,25000,8,0.784219,,0.784219,0.784219,0.784219,497.9624,497.9624,497.9624,501.995486,501.995486,501.995486
1358,25000,8,0.784219,,0.784219,0.784219,0.784219,497.9624,497.9624,497.9624,501.995486,501.995486,501.995486
1359,25000,8,0.784219,,0.784219,0.784219,0.784219,497.9624,497.9624,497.9624,501.995486,501.995486,501.995486
1360,25000,8,0.784219,,0.784219,0.784219,0.784219,497.9624,497.9624,497.9624,501.995486,501.995486,501.995486
1361,25000,8,0.784219,,0.784219,0.784219,0.784219,497.9624,497.9624,497.9624,501.995486,501.995486,501.995486
1362,25000,8,0.784219,,0.784219,0.784219,0.784219,497.9624,497.9624,497.9624,501.995486,501.995486,501.995486
1363,25000,8,0.784219,,0.784219,0.784219,0.784219,497.9624,497.9624,497.9624,501.995486,501.995486,501.995486
1364,25000,8,0.784219,,0.784219,0.784219,0.784219,497.9624,497.9624,497.9624,501.995486,501.995486,501.995486
1365,25000,8,0.784219,,0.784219,0.784219,0.784219,497.9624,497.9624,497.9624,501.995486,501.995486,501.995486
1366,25000,8,0.784219,,0.784219,0.784219,0.784219,497.9624,497.9624,497.9624,501.995486,501.995486,501.995486
1367,25000,8,0.784219,,0.784219,0.784219,0.784219,497.9624,497.9624,497.9624,501.995486,501.995486,501.995486
1368,25000,8,0.784219,,0.784219,0.784219,0.784219,497.9624,497.9624,497.9624,501.995486,501.995486,501.995486
1369,25000,8,0.784219,,0.784219,0.784219,0.784219,497.9624,497.9624,497.9624,501.995486,501.995486,501.995486
1370,25000,8,0.784219,,0.784219,0.784219,0.784219,497.9624,497.9624,497.9624,501.995486,501.995486,501.995486
1371,25000,8,0.784219,,0.784219,0.784219,0.784219,497.9624,497.9624,497.9624,501.995486,501.995486,501.995486
1372,25000,8,0.784219,,0.784219,0.784219,0.784219,497.9624,497.9624,497.9624,501.995486,501.995486,501.995486
1373,25000,8,0.784219,,0.784219,0.784219,0.784219,497.9624,497.9624,497.9624,501.995486,501.995486,501.995486
1374,25000,8,0.784219,,0.784219,0.784219,0.784219,497.9624,497.9624,497.9624,501.995486,501.995486,501.995486
1375,25000,8,0.784219,,0.784219,0.784219,0.784219,497.9624,497.9624,497.9624,501.995486,501.995486,501.995486
1376,25000,8,0.784219,,0.784219,0.784219,0.784219,497.9624,497.9624,497.9624,501.995486,501.995486,501.995486
1377,25000,8,0.784219,,0.784219,0.784219,0.784219,497.9624,497.9624,497.9624,501.995486,501.995486,501.995486
1378,25000,8,0.784219,,0.784219,0.784219,0.784219,497.9624,497.9624,497.9624,501.995486,501.995486,501.995486
1379,25000,8,0.784219,,0.784219,0.784219,0.784219,497.9624,497.9624,497.9624,501.995486,501.995486,501.995486
1380,25000,8,0.784219,,0.784219,0.784219,0.784219,497.9624,497.9624,497.9624,501.995486,501.995486,501.995486
1381,25000,8,0.784219,,0.784219,0.784219,0.784219,497.9624,497.9624,497.9624,501.995486,501.995486,501.995486
1382,25000,8,0.784219,,0.784219,0.784219,0.784219,497.9624,497.9624,497.9624,501.995486,501.995486,501.995486
1383,25000,8,0.784219,,0.784219,0.784219,0.784219,497.9624,497.9624,497.9624,501.995486,501.995486,501.995486
1384,25000,8,0.784219,,0.784219,0.784219,0.784219,497.9624,497.9624,497.9624,501.995486,501.995486,501.995486
1385,25000,8,0.784219,,0.784219,0.784219,0.784219,497.9624,497.9624,497.9624,501.995486,501.995486,501.995486
1386,25000,8,0.784219,,0.784219,0.784219,0.784219,497.9624,497.9624,497.9624,501.995486,501.995486,501.995486
1387,25000,8,0.784219,,0.784219,0.784219,0.784219,497.9624,497.9624,497.9624,501.995486,501.995486,501.995486
1388,25000,8,0.784219,,0.784219,0.784219,0.784219,497.9624,497.9624,497.9624,501.995486,501.995486,501.995486
1389,25000,8,0.784219,,0.784219,0.784219,0.784219,497.9624,497.9624,497.9624,501.995486,501.995486,501.995486
1390,25000,8,0.784219,,0.784219,0.784219,0.784219,497.9624,497.9624,497.9624,501.995486,501.995486,501.995486
1391,25000,8,0.784219,,0.784219,0.784219,0.784219,497.9624,497.9624,497.9624,501.995486,501.995486,501.995486
1392,25000,8,0.784219,,0.784219,0.784219,0.784219,497.9624,497.9624,497.9624,501.995486,501.995486,501.995486
1393,25000,8,0.784219,,0.784219,0.784219,0.784219,497.9624,497.9624,497.9624,501.995486,501.995486,501.995486
1394,25000,8,0.784219,,0.784219,0.784219,0.784219,497.9624,497.9624,497.9624,501.995486,501.995486,501.995486
1395,25000,8,0.784219,,0.784219,0.784219,0.784219,497.9624,497.9624,497.9624,501.995486,501.995486,501.995486
1396,25000,8,0.784219,,0.784219,0.784219,0.784219,497.9624,497.9624,497.9624,501.995486,501.995486,501.995486
1397,25000,8,0.784219,,0.784219,0.784219,0.784219,497.9624,497.9624,497.9624,501.995486,501.995486,501.995486
1398,25000,8,0.784219,,0.784219,0.784219,0.784219,497.9624,497.9624,497.9624,501.995486,501.995486,501.995486
1399,25000,8,0.784219,,0.784219,0.784219,0.784219,497.9624,497.9624,497.9624,501.995486,501.995486,501.995486
1400,25000,8,0.784219,,0.784219,0.784219,0.784219,497.9624,497.9624,497.9624,501.995486,501.995486,501.995486
1401,25000,8,0.784219,,0.784219,0.784219,0.784219,497.9624,497.9624,497.9624,501.995486,501.995486,501.995486
1402,25000,8,0.784219,,0.784219,0.784219,0.784219,497.9624,497.9624,497.9624,501.995486,501.995486,501.995486
1403,25000,8,0.784219,,0.784219,0.784219,0.784219,497.9624,497.9624,497.9624,501.995486,501.995486,501.995486
1404,25000,8,0.784219,,0.784219,0.784219,0.784219,497.9624,497.9624,497.9624,501.995486,501.995486,501.995486
1405,25000,8,0.784219,,0.784219,0.784219,0.784219,497.9624,497.9624,497.9624,501.995486,501.995486,501.995486
1406,25000,8,0.784219,,0.784219,0.784219,0.784219,497.9624,497.9624,497.9624,501.995486,501.995486,501.995486
1407,25000,8,0.784219,,0.784219,0.784219,0.784219,497.9624,497.9624,497.9624,501.995486,501.995486,501.995486
1408,25000,8,0.784219,,0.784219,0.784219,0.784219,497.9624,497.9624,497.9624,501.995486,501.995486,501.995486
1409,25000,8,0.784219,,0.784219,0.784219,0.784219,497.9624,497.9624,497.9624,501.995486,501.995486,501.995486
1410,25000,8,0.784219,,0.784219,0.784219,0.784219,497.9624,497.9624,497.9624,501.995486,501.995486,501.995486
1411,25000,8,0.784219,,0.784219,0.784219,0.784219,497.9624,497.9624,497.9624,501.995486,501.995486,501.995486
1412,25000,8,0.784219,,0.784219,0.784219,0.784219,497.9624,497.9624,497.9624,501.995486,501.995486,501.995486
1413,25000,8,0.784219,,0.784219,0.784219,0.784219,497.9624,497.9624,497.9624,501.995486,501.995486,501.995486
1414,25000,8,0.784219,,0.784219,0.784219,0.784219,497.9624,497.9624,497.9624,501.995486,501.995486,501.995486
1415,25000,8,0.784219,,0.784219,0.784219,0.784219,497.9624,497.9624,497.9624,501.995486,501.995486,501.995486
1416,25000,8,0.784219,,0.784219,0.784219,0.784219,497.9624,497.9624,497.9624,501.995486,501.995486,501.995486
1417,25000,8,0.784219,,0.784219,0.784219,0.784219,497.9624,497.9624,497.9624,501.995486,501.995486,501.995486
1418,25000,8,0.784219,,0.784219,0.784219,0.784219,497.9624,497.9624,497.9624,501.995486,501.995486,501.995486
1419,25000,8,0.784219,,0.784219,0.784219,0.784219,497.9624,497.9624,497.9624,501.995486,501.995486,501.995486
1420,25000,8,0.784219,,0.784219,0.784219,0.784219,497.9624,497.9624,497.9624,501.995486,501.995486,501.995486
1421,25000,8,0.784219,,0.784219,0.784219,0.784219,497.9624,497.9624,497.9624,501.995486,501.995486,501.995486
1422,25000,8,0.784219,,0.784219,0.784219,0.784219,497.9624,497.9624,497.9624,501.995486,501.995486,501.995486
1423,25000,8,0.784219,,0.784219,0.784219,0.784219,497.9624,497.9624,497.9624,501.995486,501.995486,501.995486
1424,25000,8,0.784219,,0.784219,0.784219,0.784219,497.9624,497.9624,497.9624,501.995486,501.995486,501.995486
1425,25000,8,0.784219,,0.784219,0.784219,0.784219,497.9624,497.9624,497.9624,501.995486,501.995486,501.995486
1426,25000,8,0.784219,,0.784219,0.784219,0.784219,497.9624,497.9624,497.9624,501.995486,501.995486,501.995486
1427,25000,8,0.784219,,0.784219,0.784219,0.784219,497.9624,497.9624,497.9624,501.995486,501.995486,501.995486
1428,25000,8,0.784219,,0.784219,0.784219,0.784219,497.9624,497.9624,497.9624,501.995486,501.995486,501.995486
1429,25000,8,0.784219,,0.784219,0.784219,0.784219,497.9624,497.9624,497.9624,501.995486,501.995486,501.995486
1430,25000,8,0.784219,,0.784219,0.784219,0.784219,497.9624,497.9624,497.9624,501.995486,501.995486,501.995486
1431,25000,8,0.784219,,0.784219,0.784219,0.784219,497.9624,497.9624,497.9624,501.995486,501.995486,501.995486
1432,25000,8,0.784219,,0.784219,0.784219,0.784219,497.9624,497.9624,497.9624,501.995486,501.995486,501.995486
1433,25000,8,0.784219,,0.784219,0.784219,0.784219,497.9624,497.9624,497.9624,501.995486,501.995486,501.995486
1434,25000,8,0.784219,,0.784219,0.784219,0.784219,497.9624,497.9624,497.9624,501.995486,501.995486,501.995486
1435,25000,8,0.784219,,0.784219,0.784219,0.784219,497.9624,497.9624,497.9624,501.995486,501.995486,501.995486
1436,25000,8,0.784219,,0.784219,0.784219,0.784219,497.9624,497.9624,497.9624,501.995486,501.995486,501.995486
1437,25000,8,0.784219,,0.784219,0.784219,0.784219,497.9624,497.9624,497.9624,501.995486,501.995486,501.995486
1438,25000,8,0.784219,,0.784219,0.784219,0.784219,497.9624,497.9624,497.9624,501.995486,501.995486,501.995486
1439,25000,8,0.784219,,0.784219,0.784219,0.784219,497.9624,497.9624,497.9624,501.995486,501.995486,501.995486
1440,25000,8,0.784219,,0.784219,0.784219,0.784219,497.9624,497.9624,497.9624,501.995486,501.995486,501.995486
1441,25000,8,0.784219,,0.784219,0.784219,0.784219,497.9624,497.9624,497.9624,501.995486,501.995486,501.995486
1442,25000,8,0.784219,,0.784219,0.784219,0.784219,497.9624,497.9624,497.9624,501.995486,501.995486,501.995486
1443,25000,8,0.784219,,0.784219,0.784219,0.784219,497.9624,497.9624,497.9624,501.995486,501.995486,501.995486
1444,25000,8,0.784219,,0.784219,0.784219,0.784219,497.9624,497.9624,497.9624,501.995486,501.995486,501.995486
1445,25000,8,0.784219,,0.784219,0.784219,0.784219,497.9624,497.9624,497.9624,501.995486,501.995486,501.995486
1446,25000,8,0.784219,,0.784219,0.784219,0.784219,497.9624,497.9624,497.9624,501.995486,501.995486,501.995486
1447,25000,8,0.784219,,0.784219,0.784219,0.784219,497.9624,497.9624,497.9624,501.995486,501.995486,501.995486
1448,25000,8,0.784219,,0.784219,0.784219,0.784219,497.9624,497.9624,497.9624,501.995486,501.995486,501.995486
1449,25000,8,0.784219,,0.784219,0.784219,0.784219,497.9624,497.9624,497.9624,501.995486,501.995486,501.995486
1450,25000,8,0.784219,,0.784219,0.784219,0.784219,497.9624,497.9624,497.9624,501.995486,501.995486,501.995486
1451,25000,8,0.784219,,0.784219,0.784219,0.784219,497.9624,497.9624,497.9624,501.995486,501.995486,501.995486
1452,25000,8,0.784219,,0.784219,0.784219,0.784219,497.9624,497.9624,497.9624,501.995486,501.995486,501.995486
1453,25000,8,0.784219,,0.784219,0.784219,0.784219,497.9624,497.9624,497.9624,501.995486,501.995486,501.995486
1454,25000,8,0.784219,,0.784219,0.784219,0.784219,497.9624,497.9624,497.9624,501.995486,501.995486,501.995486
1455,25000,8,0.784219,,0.784219,0.784219,0.784219,497.9624,497.9624,497.9624,501.995486,501.995486,501.995486
1456,25000,8,0.784219,,0.784219,0.784219,0.784219,497.9624,497.9624,497.9624,501.995486,501.995486,501.995486
1457,25000,8,0.784219,,0.784219,0.784219,0.784219,497.9624,497.9624,497.9624,501.995486,501.995486,501.995486
1458,25000,8,0.784219,,0.784219,0.784219,0.784219,497.9624,497.9624,497.9624,501.995486,501.995486,501.995486
1459,25000,8,0.784219,,0.784219,0.784219,0.784219,497.9624,497.9624,497.9624,501.995486,501.995486,501.995486
1460,25000,8,0.784219,,0.784219,0.784219,0.784219,497.9624,497.9624,497.9624,501.995486,501.995486,501.995486
1461,25000,8,0.784219,,0.784219,0.784219,0.784219,497.9624,497.9624,497.9624,501.995486,501.995486,501.995486
1462,25000,8,0.784219,,0.784219,0.784219,0.784219,497.9624,497.9624,497.9624,501.995486,501.995486,501.995486
1463,25000,8,0.784219,,0.784219,0.784219,0.784219,497.9624,497.9624,497.9624,501.995486,501.995486,501.995486
1464,25000,8,0.784219,,0.784219,0.784219,0.784219,497.9624,497.9624,497.9624,501.995486,501.995486,501.995486
1465,25000,8,0.784219,,0.784219,0.784219,0.784219,497.9624,497.9624,497.9624,501.995486,501.995486,501.995486
1466,25000,8,0.784219,,0.784219,0.784219,0.784219,497.9624,497.9624,497.9624,501.995486,501.995486,501.995486
1467,25000,8,0.784219,,0.784219,0.784219,0.784219,497.9624,497.9624,497.9624,501.995486,501.995486,501.995486
1468,25000,8,0.784219,,0.784219,0.784219,0.784219,497.9624,497.9624,497.9624,501.995486,501.995486,501.995486
1469,25000,8,0.784219,,0.784219,0.784219,0.784219,497.9624,497.9624,497.9624,501.995486,501.995486,501.995486
1470,25000,8,0.784219,,0.784219,0.784219,0.784219,497.9624,497.9624,497.9624,501.995486,501.995486,501.995486
1471,25000,8,0.784219,,0.784219,0.784219,0.784219,497.9624,497.9624,497.9624,501.995486,501.995486,501.995486
1472,25000,8,0.784219,,0.784219,0.784219,0.784219,497.9624,497.9624,497.9624,501.995486,501.995486,501.995486
1473,25000,8,0.784219,,0.784219,0.784219,0.784219,497.9624,497.9624,497.9624,501.995486,501.995486,501.995486
1474,25000,8,0.784219,,0.784219,0.784219,0.784219,497.9624,497.9624,497.9624,501.995486,501.995486,501.995486
1475,25000,8,0.784219,,0.784219,0.784219,0.784219,497.9624,497.9624,497.9624,501.995486,501.995486,501.995486
1476,25000,8,0.784219,,0.784219,0.784219,0.784219,497.9624,497.9624,497.9624,501.995486,501.995486,501.995486
1477,25000,8,0.784219,,0.784219,0.784219,0.784219,497.9624,497.9624,497.9624,501.995486,501.995486,501.995486
1478,25000,8,0.784219,,0.784219,0.784219,0.784219,497.9624,497.9624,497.9624,501.995486,501.995486,501.995486
1479,25000,8,0.784219,,0.784219,0.784219,0.784219,497.9624,497.9624,497.9624,501.995486,501.995486,501.995486
1480,25000,8,0.784219,,0.784219,0.784219,0.784219,497.9624,497.9624,497.9624,501.995486,501.995486,501.995486
1481,25000,8,0.784219,,0.784219,0.784219,0.784219,497.9624,497.9624,497.9624,501.995486,501.995486,501.995486
1482,25000,8,0.784219,,0.784219,0.784219,0.784219,497.9624,497.9624,497.9624,501.995486,501.995486,501.995486
1483,25000,8,0.784219,,0.784219,0.784219,0.784219,497.9624,497.9624,497.9624,501.995486,501.995486,501.995486
1484,25000,8,0.784219,,0.784219,0.784219,0.784219,497.9624,497.9624,497.9624,501.995486,501.995486,501.995486
1485,25000,8,0.784219,,0.784219,0.784219,0.784219,497.9624,497.9624,497.9624,501.995486,501.995486,501.995486
1486,25000,8,0.784219,,0.784219,0.784219,0.784219,497.9624,497.9624,497.9624,501.995486,501.995486,501.995486
1487,25000,8,0.784219,,0.784219,0.784219,0.784219,497.9624,497.9624,497.9624,501.995486,501.995486,501.995486
1488,25000,8,0.784219,,0.784219,0.784219,0.784219,497.9624,497.9624,497.9624,501.995486,501.995486,501.995486
1489,25000,8,0.784219,,0.784219,0.784219,0.784219,497.9624,497.9624,497.9624,501.995486,501.995486,501.995486
1490,25000,8,0.784219,,0.784219,0.784219,0.784219,497.9624,497.9624,497.9624,501.995486,501.995486,501.995486
1491,25000,8,0.784219,,0.784219,0.784219,0.784219,497.9624,497.9624,497.9624,501.995486,501.995486,501.995486
1492,25000,8,0.784219,,0.784219,0.784219,0.784219,497.9624,497.9624,497.9624,501.995486,501.995486,501.995486
1493,25000,8,0.784219,,0.784219,0.784219,0.784219,497.9624,497.9624,497.9624,501.995486,501.995486,501.995486
1494,25000,8,0.784219,,0.784219,0.784219,0.784219,497.9624,497.9624,497.9624,501.995486,501.995486,501.995486
1495,25000,8,0.784219,,0.784219,0.784219,0.784219,497.9624,497.9624,497.9624,501.995486,501.995486,501.995486
1496,25000,8,0.784219,,0.784219,0.784219,0.784219,497.9624,497.9624,497.9624,501.995486,501.995486,501.995486
1497,25000,8,0.784219,,0.784219,0.784219,0.784219,497.9624,497.9624,497.9624,501.995486,501.995486,501.995486
1498,25000,8,0.784219,,0.784219,0.784219,0.784219,497.9624,497.9624,497.9624,501.995486,501.995486,501.995486
1499,25000,8,0.784219,,0.784219,0.784219,0.784219,497.9624,497.9624,497.9624,501.995486,501.995486,501.995486
1500,25000,8,0.784219,,0.784219,0.784219,0.784219,497.9624,497.9624,497.9624,501.995486,501.995486,501.995486
1501,25000,8,0.784219,,0.784219,0.784219,0.784219,497.9624,497.9624,497.9624,501.995486,501.995486,501.995486
1502,25000,8,0.784219,,0.784219,0.784219,0.784219,497.9624,497.9624,497.9624,501.995486,501.995486,501.995486
1503,25000,8,0.784219,,0.784219,0.784219,0.784219,497.9624,497.9624,497.9624,501.995486,501.995486,501.995486
1504,25000,8,0.784219,,0.784219,0.784219,0.784219,497.9624,497.9624,497.9624,501.995486,501.995486,501.995486
1505,25000,8,0.784219,,0.784219,0.784219,0.784219,497.9624,497.9624,497.9624,501.995486,501.995486,501.995486
1506,25000,8,0.784219,,0.784219,0.784219,0.784219,497.9624,497.9624,497.9624,501.995486,501.995486,501.995486
1507,25000,8,0.784219,,0.784219,0.784219,0.784219,497.9624,497.9624,497.9624,501.995486,501.995486,501.995486
1508,25000,8,0.784219,,0.784219,0.784219,0.784219,497.9624,497.9624,497.9624,501.995486,501.995486,501.995486
1509,25000,8,0.784219,,0.784219,0.784219,0.784219,497.9624,497.9624,497.9624,501.995486,501.995486,501.995486
1510,25000,8,0.784219,,0.784219,0.784219,0.784219,497.9624,497.9624,497.9624,501.995486,501.995486,501.995486
1511,25000,8,0.784219,,0.784219,0.784219,0.784219,497.9624,497.9624,497.9624,501.995486,501.995486,501.995486
1512,25000,8,0.784219,,0.784219,0.784219,0.784219,497.9624,497.9624,497.9624,501.995486,501.995486,501.995486
1513,25000,8,0.784219,,0.784219,0.784219,0.784219,497.9624,497.9624,497.9624,501.995486,501.995486,501.995486
1514,25000,8,0.784219,,0.784219,0.784219,0.784219,497.9624,497.9624,497.9624,501.995486,501.995486,501.995486
1515,25000,8,0.784219,,0.784219,0.784219,0.784219,497.9624,497.9624,497.9624,501.995486,501.995486,501.995486
1516,25000,8,0.784219,,0.784219,0.784219,0.784219,497.9624,497.9624,497.9624,501.995486,501.995486,501.995486
1517,25000,8,0.784219,,0.784219,0.784219,0.784219,497.9624,497.9624,497.9624,501.995486,501.995486,501.995486
1518,25000,8,0.784219,,0.784219,0.784219,0.784219,497.9624,497.9624,497.9624,501.995486,501.995486,501.995486
1519,25000,8,0.784219,,0.784219,0.784219,0.784219,497.9624,497.9624,497.9624,501.995486,501.995486,501.995486
1520,25000,8,0.784219,,0.784219,0.784219,0.784219,497.9624,497.9624,497.9624,501.995486,501.995486,501.995486
1521,25000,8,0.784219,,0.784219,0.784219,0.784219,497.9624,497.9624,497.9624,501.995486,501.995486,501.995486
1522,25000,8,0.784219,,0.784219,0.784219,0.784219,497.9624,497.9624,497.9624,501.995486,501.995486,501.995486
1523,25000,8,0.784219,,0.784219,0.784219,0.784219,497.9624,497.9624,497.9624,501.995486,501.995486,501.995486
1524,25000,8,0.784219,,0.784219,0.784219,0.784219,497.9624,497.9624,497.9624,501.995486,501.995486,501.995486
1525,25000,8,0.784219,,0.784219,0.784219,0.784219,497.9624,497.9624,497.9624,501.995486,501.995486,501.995486
1526,25000,8,0.784219,,0.784219,0.784219,0.784219,497.9624,497.9624,497.9624,501.995486,501.995486,501.995486
1527,25000,8,0.784219,,0.784219,0.784219,0.784219,497.9624,497.9624,497.9624,501.995486,501.995486,501.995486
1528,25000,8,0.784219,,0.784219,0.784219,0.784219,497.9624,497.9624,497.9624,501.995486,501.995486,501.995486
1529,25000,8,0.784219,,0.784219,0.784219,0.784219,497.9624,497.9624,497.9624,501.995486,501.995486,501.995486
1530,25000,8,0.784219,,0.784219,0.784219,0.784219,497.9624,497.9624,497.9624,501.995486,501.995486,501.995486
1531,25000,8,0.784219,,0.784219,0.784219,0.784219,497.9624,497.9624,497.9624,501.995486,501.995486,501.995486
1532,25000,8,0.784219,,0.784219,0.784219,0.784219,497.9624,497.9624,497.9624,501.995486,501.995486,501.995486
1533,25000,8,0.784219,,0.784219,0.784219,0.784219,497.9624,497.9624,497.9624,501.995486,501.995486,501.995486
1534,25000,8,0.784219,,0.784219,0.784219,0.784219,497.9624,497.9624,497.9624,501.995486,501.995486,501.995486
1535,25000,8,0.784219,,0.784219,0.784219,0.784219,497.9624,497.9624,497.9624,501.995486,501.995486,501.995486
1536,25000,8,0.785254,,0.785254,0.784219,0.784229,498.8139,497.9624,497.970915,501.758234,501.995486,501.993113
1537,25000,8,0.785254,,0.785254,0.784219,0.78424,498.8139,497.9624,497.97943,501.758234,501.995486,501.990741
1538,25000,8,0.785254,,0.785254,0.784219,0.78424,498.8139,497.9624,497.97943,501.758234,501.995486,501.990741
1539,25000,8,0.785254,,0.785254,0.784219,0.78424,498.8139,497.9624,497.97943,501.758234,501.995486,501.990741
1540,25000,8,0.785254,,0.785254,0.784219,0.78425,498.8139,497.9624,497.987945,501.758234,501.995486,501.988368
1541,25000,8,0.785254,,0.785254,0.784219,0.784281,498.8139,497.9624,498.01349,501.758234,501.995486,501.981251
1542,25000,8,0.785254,,0.785254,0.784219,0.784302,498.8139,497.9624,498.03052,501.758234,501.995486,501.976506
1543,25000,8,0.785254,,0.785254,0.784219,0.784322,498.8139,497.9624,498.04755,501.758234,501.995486,501.971761
1544,25000,8,0.785254,,0.785254,0.784219,0.784333,498.8139,497.9624,498.056065,501.758234,501.995486,501.969388
1545,25000,8,0.785254,,0.785254,0.784219,0.784374,498.8139,497.9624,498.090125,501.758234,501.995486,501.959898
1546,25000,8,0.785254,,0.785254,0.784219,0.784405,498.8139,497.9624,498.11567,501.758234,501.995486,501.952781
1547,25000,8,0.785254,,0.785254,0.784219,0.784426,498.8139,497.9624,498.1327,501.758234,501.995486,501.948036
1548,25000,8,0.785254,,0.785254,0.784219,0.784467,498.8139,497.9624,498.16676,501.758234,501.995486,501.938545
1549,25000,8,0.785254,,0.785254,0.784219,0.784488,498.8139,497.9624,498.18379,501.758234,501.995486,501.9338
1550,25000,8,0.785254,,0.785254,0.784219,0.784519,498.8139,497.9624,498.209335,501.758234,501.995486,501.926683
1551,25000,8,0.785254,,0.785254,0.784219,0.784581,498.8139,497.9624,498.260425,501.758234,501.995486,501.912448
1552,25000,8,0.785254,,0.785254,0.784219,0.784633,498.8139,497.9624,498.303,501.758234,501.995486,501.900585
1553,25000,8,0.785254,,0.785254,0.784219,0.784685,498.8139,497.9624,498.345575,501.758234,501.995486,501.888723
1554,25000,8,0.785254,,0.785254,0.784219,0.784695,498.8139,497.9624,498.35409,501.758234,501.995486,501.88635
1555,25000,8,0.785254,,0.785254,0.784219,0.784768,498.8139,497.9624,498.413695,501.758234,501.995486,501.869743
1556,25000,8,0.785254,,0.785254,0.784219,0.78483,498.8139,497.9624,498.464785,501.758234,501.995486,501.855507
1557,25000,8,0.785254,,0.785254,0.784219,0.784851,498.8139,497.9624,498.481815,501.758234,501.995486,501.850762
1558,25000,8,0.785254,,0.785254,0.784219,0.784882,498.8139,497.9624,498.50736,501.758234,501.995486,501.843645
1559,25000,8,0.785254,,0.785254,0.784219,0.784923,498.8139,497.9624,498.54142,501.758234,501.995486,501.834155
1560,25000,8,0.785254,,0.785254,0.784219,0.784954,498.8139,497.9624,498.566965,501.758234,501.995486,501.827037
1561,25000,8,0.785254,,0.785254,0.784219,0.784954,498.8139,497.9624,498.566965,501.758234,501.995486,501.827037
1562,25000,8,0.785254,,0.785254,0.784219,0.784964,498.8139,497.9624,498.57548,501.758234,501.995486,501.824665
1563,25000,8,0.785254,,0.785254,0.784219,0.785006,498.8139,497.9624,498.60954,501.758234,501.995486,501.815175
1564,25000,8,0.785254,,0.785254,0.784219,0.785037,498.8139,497.9624,498.635085,501.758234,501.995486,501.808057
1565,25000,8,0.785254,,0.785254,0.784219,0.785099,498.8139,497.9624,498.686175,501.758234,501.995486,501.793822
1566,25000,8,0.785254,,0.785254,0.784219,0.785151,498.8139,497.9624,498.72875,501.758234,501.995486,501.78196
1567,25000,8,0.785254,,0.785254,0.784219,0.785203,498.8139,497.9624,498.771325,501.758234,501.995486,501.770097
1568,25000,8,0.785254,,0.785254,0.784219,0.785213,498.8139,497.9624,498.77984,501.758234,501.995486,501.767724
1569,25000,8,0.785254,,0.785254,0.784219,0.785234,498.8139,497.9624,498.79687,501.758234,501.995486,501.762979
1570,25000,8,0.785254,,0.785254,0.785254,0.785254,498.8139,498.8139,498.8139,501.758234,501.758234,501.758234
1571,25000,8,0.785875,,0.785875,0.785254,0.785261,499.2706,498.8139,498.818467,501.58009,501.758234,501.756453
1572,25000,8,0.785875,,0.785875,0.785254,0.785261,499.2706,498.8139,498.818467,501.58009,501.758234,501.756453
1573,25000,8,0.785875,,0.785875,0.785254,0.785267,499.2706,498.8139,498.823034,501.58009,501.758234,501.754672
1574,25000,8,0.785875,,0.785875,0.785254,0.785273,499.2706,498.8139,498.827601,501.58009,501.758234,501.75289
1575,25000,8,0.785875,,0.785875,0.785254,0.785286,499.2706,498.8139,498.836735,501.58009,501.758234,501.749327
1576,25000,8,0.785875,,0.785875,0.785254,0.785298,499.2706,498.8139,498.845869,501.58009,501.758234,501.745764
1577,25000,8,0.785875,,0.785875,0.785254,0.785323,499.2706,498.8139,498.864137,501.58009,501.758234,501.738639
1578,25000,8,0.785875,,0.785875,0.785254,0.785341,499.2706,498.8139,498.877838,501.58009,501.758234,501.733294
1579,25000,8,0.785875,,0.785875,0.785254,0.78536,499.2706,498.8139,498.891539,501.58009,501.758234,501.72795
1580,25000,8,0.785875,,0.785875,0.785254,0.785397,499.2706,498.8139,498.918941,501.58009,501.758234,501.717261
1581,25000,8,0.785875,,0.785875,0.785254,0.785428,499.2706,498.8139,498.941776,501.58009,501.758234,501.708354
1582,25000,8,0.785875,,0.785875,0.785254,0.785453,499.2706,498.8139,498.960044,501.58009,501.758234,501.701228
1583,25000,8,0.785875,,0.785875,0.785254,0.785472,499.2706,498.8139,498.973745,501.58009,501.758234,501.695884
1584,25000,8,0.785875,,0.785875,0.785254,0.78549,499.2706,498.8139,498.987446,501.58009,501.758234,501.69054
1585,25000,8,0.785875,,0.785875,0.785254,0.785509,499.2706,498.8139,499.001147,501.58009,501.758234,501.685195
1586,25000,8,0.785875,,0.785875,0.785254,0.78554,499.2706,498.8139,499.023982,501.58009,501.758234,501.676288
1587,25000,8,0.785875,,0.785875,0.785254,0.785571,499.2706,498.8139,499.046817,501.58009,501.758234,501.667381
1588,25000,8,0.787231,,0.787231,0.785254,0.785609,500.3655,498.8139,499.076034,501.256141,501.758234,501.657016
1589,25000,8,0.787231,,0.787231,0.785254,0.78568,500.3655,498.8139,499.129901,501.256141,501.758234,501.638066
1590,25000,8,0.787231,,0.787231,0.785254,0.785732,500.3655,498.8139,499.170067,501.256141,501.758234,501.624462
1591,25000,8,0.787231,,0.787231,0.785254,0.785778,500.3655,498.8139,499.205666,501.256141,501.758234,501.612638
1592,25000,8,0.787231,,0.787231,0.785254,0.785862,500.3655,498.8139,499.270482,501.256141,501.758234,501.59045
1593,25000,8,0.787231,,0.787231,0.785254,0.785918,500.3655,498.8139,499.311585,501.256141,501.758234,501.574417
1594,25000,8,0.787231,,0.787231,0.785254,0.785972,500.3655,498.8139,499.349936,501.256141,501.758234,501.558084
1595,25000,8,0.787231,,0.787231,0.785254,0.78599,500.3655,498.8139,499.363637,501.256141,501.758234,501.552739
1596,25000,8,0.787231,,0.787231,0.785254,0.78601,500.3655,498.8139,499.374586,501.256141,501.758234,501.54469
1597,25000,8,0.787231,,0.787231,0.785254,0.786074,500.3655,498.8139,499.412107,501.256141,501.758234,501.519837
1598,25000,8,0.787231,,0.787231,0.785254,0.786157,500.3655,498.8139,499.477908,501.256141,501.758234,501.499071
1599,25000,8,0.787231,,0.787231,0.785254,0.786213,500.3655,498.8139,499.523733,501.256141,501.758234,501.486183
1600,25000,8,0.787231,,0.787231,0.785254,0.786286,500.3655,498.8139,499.578585,501.256141,501.758234,501.466251
1601,25000,8,0.787231,,0.787231,0.785254,0.786363,500.3655,498.8139,499.635466,501.256141,501.758234,501.443985
1602,25000,8,0.787231,,0.787231,0.785875,0.786446,500.3655,499.2706,499.701267,501.256141,501.58009,501.423219
1603,25000,8,0.787231,,0.787231,0.785875,0.786493,500.3655,499.2706,499.740603,501.256141,501.58009,501.413118
1604,25000,8,0.787231,,0.787231,0.785875,0.786643,500.3655,499.2706,499.85618,501.256141,501.58009,501.373719
1605,25000,8,0.787231,,0.787231,0.785875,0.78675,500.3655,499.2706,499.942586,501.256141,501.58009,501.348399
1606,25000,8,0.787231,,0.787231,0.785875,0.786869,500.3655,499.2706,500.032207,501.256141,501.58009,501.315338
1607,25000,8,0.787231,,0.787231,0.785875,0.786953,500.3655,499.2706,500.10439,501.256141,501.58009,501.297924
1608,25000,8,0.787231,,0.787231,0.785875,0.786996,500.3655,499.2706,500.14005,501.256141,501.58009,501.288273
1609,25000,8,0.787231,,0.787231,0.785875,0.787054,500.3655,499.2706,500.190335,501.256141,501.58009,501.277338
1610,25000,8,0.787231,,0.787231,0.78679,0.787116,500.3655,499.9195,500.24954,501.256141,501.301378,501.267903
1611,25000,8,0.787231,,0.787231,0.78679,0.787125,500.3655,499.9195,500.25846,501.256141,501.301378,501.266998
1612,25000,8,0.787231,,0.787231,0.78679,0.787139,500.3655,499.9195,500.27184,501.256141,501.301378,501.265641
1613,25000,8,0.787231,,0.787231,0.78679,0.787147,500.3655,499.9195,500.28076,501.256141,501.301378,501.264736
1614,25000,8,0.787231,,0.787231,0.78679,0.787174,500.3655,499.9195,500.30752,501.256141,501.301378,501.262022
1615,25000,8,0.787231,,0.787231,0.78679,0.787196,500.3655,499.9195,500.32982,501.256141,501.301378,501.25976
1616,25000,8,0.787231,,0.787231,0.78679,0.7872,500.3655,499.9195,500.33428,501.256141,501.301378,501.259308
1617,25000,8,0.787231,,0.787231,0.78679,0.787205,500.3655,499.9195,500.33874,501.256141,501.301378,501.258855
1618,25000,8,0.787231,,0.787231,0.78679,0.787222,500.3655,499.9195,500.35658,501.256141,501.301378,501.257046
1619,25000,8,0.787231,,0.787231,0.78679,0.787227,500.3655,499.9195,500.36104,501.256141,501.301378,501.256594
1620,25000,8,0.787231,,0.787231,0.787231,0.787231,500.3655,500.3655,500.3655,501.256141,501.256141,501.256141
1621,25000,8,0.787231,,0.787231,0.787231,0.787231,500.3655,500.3655,500.3655,501.256141,501.256141,501.256141
1622,25000,8,0.787231,,0.787231,0.787231,0.787231,500.3655,500.3655,500.3655,501.256141,501.256141,501.256141
1623,25000,8,0.787231,,0.787231,0.787231,0.787231,500.3655,500.3655,500.3655,501.256141,501.256141,501.256141
1624,25000,8,0.787231,,0.787231,0.787231,0.787231,500.3655,500.3655,500.3655,501.256141,501.256141,501.256141
1625,25000,8,0.787231,,0.787231,0.787231,0.787231,500.3655,500.3655,500.3655,501.256141,501.256141,501.256141
1626,25000,8,0.787231,,0.787231,0.787231,0.787231,500.3655,500.3655,500.3655,501.256141,501.256141,501.256141
1627,25000,8,0.787231,,0.787231,0.787231,0.787231,500.3655,500.3655,500.3655,501.256141,501.256141,501.256141
1628,25000,8,0.787231,,0.787231,0.787231,0.787231,500.3655,500.3655,500.3655,501.256141,501.256141,501.256141
1629,25000,8,0.787231,,0.787231,0.787231,0.787231,500.3655,500.3655,500.3655,501.256141,501.256141,501.256141
1630,25000,8,0.787231,,0.787231,0.787231,0.787231,500.3655,500.3655,500.3655,501.256141,501.256141,501.256141
1631,25000,8,0.787231,,0.787231,0.787231,0.787231,500.3655,500.3655,500.3655,501.256141,501.256141,501.256141
1632,25000,8,0.787231,,0.787231,0.787231,0.787231,500.3655,500.3655,500.3655,501.256141,501.256141,501.256141
1633,25000,8,0.787231,,0.787231,0.787231,0.787231,500.3655,500.3655,500.3655,501.256141,501.256141,501.256141
1634,25000,8,0.787231,,0.787231,0.787231,0.787231,500.3655,500.3655,500.3655,501.256141,501.256141,501.256141
1635,25000,8,0.787231,,0.787231,0.787231,0.787231,500.3655,500.3655,500.3655,501.256141,501.256141,501.256141
1636,25000,8,0.787231,,0.787231,0.787231,0.787231,500.3655,500.3655,500.3655,501.256141,501.256141,501.256141
1637,25000,8,0.787231,,0.787231,0.787231,0.787231,500.3655,500.3655,500.3655,501.256141,501.256141,501.256141
1638,25000,8,0.787231,,0.787231,0.787231,0.787231,500.3655,500.3655,500.3655,501.256141,501.256141,501.256141
1639,25000,8,0.787231,,0.787231,0.787231,0.787231,500.3655,500.3655,500.3655,501.256141,501.256141,501.256141
1640,25000,8,0.787231,,0.787231,0.787231,0.787231,500.3655,500.3655,500.3655,501.256141,501.256141,501.256141
1641,25000,8,0.787231,,0.787231,0.787231,0.787231,500.3655,500.3655,500.3655,501.256141,501.256141,501.256141
1642,25000,8,0.787231,,0.787231,0.787231,0.787231,500.3655,500.3655,500.3655,501.256141,501.256141,501.256141
1643,25000,8,0.787231,,0.787231,0.787231,0.787231,500.3655,500.3655,500.3655,501.256141,501.256141,501.256141
1644,25000,8,0.787231,,0.787231,0.787231,0.787231,500.3655,500.3655,500.3655,501.256141,501.256141,501.256141
1645,25000,8,0.787231,,0.787231,0.787231,0.787231,500.3655,500.3655,500.3655,501.256141,501.256141,501.256141
1646,25000,8,0.787231,,0.787231,0.787231,0.787231,500.3655,500.3655,500.3655,501.256141,501.256141,501.256141
1647,25000,8,0.787231,,0.787231,0.787231,0.787231,500.3655,500.3655,500.3655,501.256141,501.256141,501.256141
1648,25000,8,0.787231,,0.787231,0.787231,0.787231,500.3655,500.3655,500.3655,501.256141,501.256141,501.256141
1649,25000,8,0.787231,,0.787231,0.787231,0.787231,500.3655,500.3655,500.3655,501.256141,501.256141,501.256141
1650,25000,8,0.787231,,0.787231,0.787231,0.787231,500.3655,500.3655,500.3655,501.256141,501.256141,501.256141
1651,25000,8,0.787231,,0.787231,0.787231,0.787231,500.3655,500.3655,500.3655,501.256141,501.256141,501.256141
1652,25000,8,0.787231,,0.787231,0.787231,0.787231,500.3655,500.3655,500.3655,501.256141,501.256141,501.256141
1653,25000,8,0.787231,,0.787231,0.787231,0.787231,500.3655,500.3655,500.3655,501.256141,501.256141,501.256141
1654,25000,8,0.787231,,0.787231,0.787231,0.787231,500.3655,500.3655,500.3655,501.256141,501.256141,501.256141
1655,25000,8,0.787231,,0.787231,0.787231,0.787231,500.3655,500.3655,500.3655,501.256141,501.256141,501.256141
1656,25000,8,0.787231,,0.787231,0.787231,0.787231,500.3655,500.3655,500.3655,501.256141,501.256141,501.256141
1657,25000,8,0.787231,,0.787231,0.787231,0.787231,500.3655,500.3655,500.3655,501.256141,501.256141,501.256141
1658,25000,8,0.787231,,0.787231,0.787231,0.787231,500.3655,500.3655,500.3655,501.256141,501.256141,501.256141
1659,25000,8,0.787231,,0.787231,0.787231,0.787231,500.3655,500.3655,500.3655,501.256141,501.256141,501.256141
1660,25000,8,0.787231,,0.787231,0.787231,0.787231,500.3655,500.3655,500.3655,501.256141,501.256141,501.256141
1661,25000,8,0.787231,,0.787231,0.787231,0.787231,500.3655,500.3655,500.3655,501.256141,501.256141,501.256141
1662,25000,8,0.787231,,0.787231,0.787231,0.787231,500.3655,500.3655,500.3655,501.256141,501.256141,501.256141
1663,25000,8,0.787231,,0.787231,0.787231,0.787231,500.3655,500.3655,500.3655,501.256141,501.256141,501.256141
1664,25000,8,0.787231,,0.787231,0.787231,0.787231,500.3655,500.3655,500.3655,501.256141,501.256141,501.256141
1665,25000,8,0.787231,,0.787231,0.787231,0.787231,500.3655,500.3655,500.3655,501.256141,501.256141,501.256141
1666,25000,8,0.787231,,0.787231,0.787231,0.787231,500.3655,500.3655,500.3655,501.256141,501.256141,501.256141
1667,25000,8,0.787231,,0.787231,0.787231,0.787231,500.3655,500.3655,500.3655,501.256141,501.256141,501.256141
1668,25000,8,0.787231,,0.787231,0.787231,0.787231,500.3655,500.3655,500.3655,501.256141,501.256141,501.256141
1669,25000,8,0.787231,,0.787231,0.787231,0.787231,500.3655,500.3655,500.3655,501.256141,501.256141,501.256141
1670,25000,8,0.787231,,0.787231,0.787231,0.787231,500.3655,500.3655,500.3655,501.256141,501.256141,501.256141
1671,25000,8,0.787231,,0.787231,0.787231,0.787231,500.3655,500.3655,500.3655,501.256141,501.256141,501.256141
1672,25000,8,0.787231,,0.787231,0.787231,0.787231,500.3655,500.3655,500.3655,501.256141,501.256141,501.256141
1673,25000,8,0.787231,,0.787231,0.787231,0.787231,500.3655,500.3655,500.3655,501.256141,501.256141,501.256141
1674,25000,8,0.787231,,0.787231,0.787231,0.787231,500.3655,500.3655,500.3655,501.256141,501.256141,501.256141
1675,25000,8,0.787231,,0.787231,0.787231,0.787231,500.3655,500.3655,500.3655,501.256141,501.256141,501.256141
1676,25000,8,0.787231,,0.787231,0.787231,0.787231,500.3655,500.3655,500.3655,501.256141,501.256141,501.256141
1677,25000,8,0.787231,,0.787231,0.787231,0.787231,500.3655,500.3655,500.3655,501.256141,501.256141,501.256141
1678,25000,8,0.787231,,0.787231,0.787231,0.787231,500.3655,500.3655,500.3655,501.256141,501.256141,501.256141
1679,25000,8,0.787231,,0.787231,0.787231,0.787231,500.3655,500.3655,500.3655,501.256141,501.256141,501.256141
1680,25000,8,0.787231,,0.787231,0.787231,0.787231,500.3655,500.3655,500.3655,501.256141,501.256141,501.256141
1681,25000,8,0.787231,,0.787231,0.787231,0.787231,500.3655,500.3655,500.3655,501.256141,501.256141,501.256141
1682,25000,8,0.787231,,0.787231,0.787231,0.787231,500.3655,500.3655,500.3655,501.256141,501.256141,501.256141
1683,25000,8,0.787231,,0.787231,0.787231,0.787231,500.3655,500.3655,500.3655,501.256141,501.256141,501.256141
1684,25000,8,0.787231,,0.787231,0.787231,0.787231,500.3655,500.3655,500.3655,501.256141,501.256141,501.256141
1685,25000,8,0.787231,,0.787231,0.787231,0.787231,500.3655,500.3655,500.3655,501.256141,501.256141,501.256141
1686,25000,8,0.787231,,0.787231,0.787231,0.787231,500.3655,500.3655,500.3655,501.256141,501.256141,501.256141
1687,25000,8,0.787231,,0.787231,0.787231,0.787231,500.3655,500.3655,500.3655,501.256141,501.256141,501.256141
1688,25000,8,0.787231,,0.787231,0.787231,0.787231,500.3655,500.3655,500.3655,501.256141,501.256141,501.256141
1689,25000,8,0.787231,,0.787231,0.787231,0.787231,500.3655,500.3655,500.3655,501.256141,501.256141,501.256141
1690,25000,8,0.787231,,0.787231,0.787231,0.787231,500.3655,500.3655,500.3655,501.256141,501.256141,501.256141
1691,25000,8,0.787231,,0.787231,0.787231,0.787231,500.3655,500.3655,500.3655,501.256141,501.256141,501.256141
1692,25000,8,0.787231,,0.787231,0.787231,0.787231,500.3655,500.3655,500.3655,501.256141,501.256141,501.256141
1693,25000,8,0.787231,,0.787231,0.787231,0.787231,500.3655,500.3655,500.3655,501.256141,501.256141,501.256141
1694,25000,8,0.787231,,0.787231,0.787231,0.787231,500.3655,500.3655,500.3655,501.256141,501.256141,501.256141
1695,25000,8,0.787231,,0.787231,0.787231,0.787231,500.3655,500.3655,500.3655,501.256141,501.256141,501.256141
1696,25000,8,0.787231,,0.787231,0.787231,0.787231,500.3655,500.3655,500.3655,501.256141,501.256141,501.256141
1697,25000,8,0.787231,,0.787231,0.787231,0.787231,500.3655,500.3655,500.3655,501.256141,501.256141,501.256141
1698,25000,8,0.787231,,0.787231,0.787231,0.787231,500.3655,500.3655,500.3655,501.256141,501.256141,501.256141
1699,25000,8,0.787231,,0.787231,0.787231,0.787231,500.3655,500.3655,500.3655,501.256141,501.256141,501.256141
