gen,seed,threads,best_global,picos,fit_best,fit_worst,fit_mean,green_best,green_worst,green_mean,emis_best,emis_worst,emis_mean
0,50000,8,0.515042,,0.515042,0.373788,0.433847,332.9758,250.8458,285.168932,598.40582,656.719505,632.692027
1,50000,8,0.524898,,0.524898,0.373788,0.449324,343.1773,248.7462,294.171112,596.899065,656.558487,626.651944
2,50000,8,0.526887,,0.526887,0.396046,0.461135,343.1773,259.5871,301.478212,596.166711,645.730573,622.336121
3,50000,8,0.526887,,0.526887,0.41461,0.47045,343.1773,275.5698,306.756106,596.166711,645.17757,618.607009
4,50000,8,0.526887,,0.526887,0.416402,0.479636,343.1773,278.8801,312.113167,595.786289,645.17757,615.031884
5,50000,8,0.528535,,0.528535,0.422649,0.487688,343.5212,280.0273,317.110187,595.786289,637.981156,612.099589
6,50000,8,0.532782,,0.532782,0.436611,0.495106,344.2444,290.3407,321.55769,595.109522,634.001233,609.294256
7,50000,8,0.538119,,0.538119,0.446573,0.500961,348.0076,292.5351,325.246723,592.463861,631.295017,607.199464
8,50000,8,0.542173,,0.542173,0.45413,0.50598,357.5075,296.8172,328.404347,592.463861,628.812705,605.400499
9,50000,8,0.545161,,0.545161,0.459339,0.51147,359.3553,296.8172,331.817762,592.463861,625.041942,603.405512
10,50000,8,0.552634,,0.552634,0.460499,0.51578,362.6114,300.6999,334.53377,591.675806,624.522144,601.863661
11,50000,8,0.552634,,0.552634,0.462354,0.520047,362.6114,303.6148,337.08838,591.506881,624.522144,600.246991
12,50000,8,0.557455,,0.557455,0.465559,0.524548,364.3118,303.6148,339.950466,588.845615,620.317085,598.654311
13,50000,8,0.557455,,0.557455,0.475179,0.528401,366.5577,305.4877,342.667571,588.845615,614.781375,597.470023
14,50000,8,0.557573,,0.557573,0.493785,0.532663,366.5577,316.8128,345.646619,588.845615,609.569954,596.14197
15,50000,8,0.562918,,0.562918,0.493785,0.536012,368.3005,318.3012,348.012779,587.310181,608.142316,595.115425
16,50000,8,0.56973,,0.56973,0.511204,0.53982,380.3235,330.6189,350.916199,587.310181,604.080396,594.090637
17,50000,8,0.56973,,0.56973,0.513108,0.543347,380.3235,330.6189,353.416001,587.310181,603.117196,593.014789
18,50000,8,0.572718,,0.572718,0.515236,0.547818,382.1713,331.6768,356.853222,586.471834,601.683098,591.830119
19,50000,8,0.578308,,0.578308,0.518337,0.550931,382.5731,337.2411,359.387164,583.031771,601.683098,591.100378
20,50000,8,0.582523,,0.582523,0.522239,0.554462,387.9884,338.5793,362.041275,583.031771,599.536369,590.124469
21,50000,8,0.584566,,0.584566,0.523401,0.557386,387.9884,339.8366,364.239106,583.031771,599.472419,589.316573
22,50000,8,0.584566,,0.584566,0.523401,0.560663,387.9884,339.8366,366.578501,581.783306,599.472419,588.328555
23,50000,8,0.584566,,0.584566,0.523401,0.56264,387.9884,339.8366,367.889118,581.783306,599.472419,587.664381
24,50000,8,0.588688,,0.588688,0.540588,0.565851,390.238,348.1041,369.984766,580.44517,592.603458,586.564186
25,50000,8,0.590436,,0.590436,0.541643,0.568917,390.5953,348.4433,372.434923,580.44517,591.283561,585.814351
26,50000,8,0.601481,,0.601481,0.54448,0.571678,396.8204,350.038,374.394731,576.755145,591.283561,584.974157
27,50000,8,0.601481,,0.601481,0.550657,0.574666,396.8204,358.1106,376.564282,576.526331,590.734228,584.097624
28,50000,8,0.601481,,0.601481,0.555064,0.577433,396.8204,362.7127,378.385689,575.930186,590.734228,583.159681
29,50000,8,0.601481,,0.601481,0.56064,0.580093,397.0878,364.766,380.212611,575.342659,590.300288,582.308996
30,50000,8,0.60581,,0.60581,0.561766,0.583137,400.6505,365.5484,382.175819,574.155712,588.56701,581.250714
31,50000,8,0.60581,,0.60581,0.564679,0.585653,400.6505,367.6894,383.629322,574.155712,587.79792,580.261913
32,50000,8,0.60581,,0.60581,0.567217,0.588948,400.6505,369.1897,385.763881,574.155712,586.064642,579.122386
33,50000,8,0.606287,,0.606287,0.56787,0.59215,400.6505,369.4734,387.921714,573.463943,584.646482,578.070853
34,50000,8,0.606521,,0.606521,0.572006,0.594674,400.6505,372.0864,389.627274,572.098164,583.171839,577.244926
35,50000,8,0.606521,,0.606521,0.577758,0.596522,399.9268,374.6841,391.077615,572.098164,581.426806,576.775544
36,50000,8,0.611702,,0.611702,0.582395,0.59827,401.9023,376.705,392.389201,569.663146,581.086105,576.290735
37,50000,8,0.611702,,0.611702,0.582395,0.599889,402.1004,376.705,393.539199,569.663146,580.782996,575.798162
38,50000,8,0.611702,,0.611702,0.588293,0.601897,404.0037,379.3027,395.220884,569.663146,580.444622,575.359209
39,50000,8,0.614085,,0.614085,0.588916,0.603352,405.4091,382.2868,396.260032,569.196928,578.669661,574.920595
40,50000,8,0.614085,,0.614085,0.592991,0.604966,405.4091,384.9511,397.436005,569.196928,579.336143,574.449237
41,50000,8,0.616644,,0.616644,0.593614,0.606724,405.4091,384.9511,398.474994,567.821001,577.925831,573.774964
42,50000,8,0.617876,,0.617876,0.593614,0.60816,406.3131,384.9511,399.378596,567.821001,577.925831,573.259997
43,50000,8,0.618765,,0.618765,0.593614,0.609584,406.5997,384.9511,400.362993,566.762745,577.877854,572.808926
44,50000,8,0.627854,,0.627854,0.594594,0.611471,409.9932,385.729,401.604056,564.212935,576.04313,572.169038
45,50000,8,0.627854,,0.627854,0.597977,0.613394,412.6299,393.0346,402.826671,564.212935,577.877854,571.48834
46,50000,8,0.627854,,0.627854,0.604182,0.614514,412.6299,393.496,403.3539,564.212935,575.351989,570.968143
47,50000,8,0.62974,,0.62974,0.604656,0.616014,412.6299,396.0185,404.332756,564.212935,575.351989,570.453745
48,50000,8,0.631732,,0.631732,0.604656,0.617726,413.7487,396.0185,405.387418,564.210941,575.447925,569.824708
49,50000,8,0.631973,,0.631973,0.605549,0.619295,413.7487,397.0745,406.155375,563.341235,574.911292,569.115485
50,50000,8,0.634767,,0.634767,0.60883,0.62087,415.8622,397.0745,407.075806,563.341235,574.911292,568.503951
51,50000,8,0.634767,,0.634767,0.611702,0.622668,415.8622,397.0745,408.32695,562.416018,574.911292,567.939745
52,50000,8,0.634919,,0.634919,0.611769,0.62405,415.8622,398.7587,409.012138,562.416018,574.911292,567.321112
53,50000,8,0.635575,,0.635575,0.611769,0.625351,416.9805,398.7587,409.729573,562.416018,574.911292,566.787463
54,50000,8,0.638783,,0.638783,0.611769,0.627216,418.3924,400.0063,410.939222,561.385346,570.86548,566.143037
55,50000,8,0.639815,,0.639815,0.614684,0.628492,418.6649,399.1284,411.729316,561.385346,570.358556,565.677698
56,50000,8,0.639815,,0.639815,0.616671,0.63019,418.6649,401.5345,412.763401,561.385346,570.122988,565.04615
57,50000,8,0.643391,,0.643391,0.618348,0.631619,419.8321,401.5345,413.661273,559.486144,569.93118,564.532881
58,50000,8,0.643391,,0.643391,0.618348,0.63295,420.6955,401.5345,414.578395,559.486144,569.93118,564.109503
59,50000,8,0.643391,,0.643391,0.619182,0.634107,420.6955,405.6345,415.305144,559.486144,569.93118,563.693877
60,50000,8,0.643391,,0.643391,0.621706,0.635448,421.5732,408.4292,416.160136,559.486144,569.41178,563.220408
61,50000,8,0.643561,,0.643561,0.622403,0.636842,422.1836,408.4292,417.082228,559.486144,568.878641,562.751449
62,50000,8,0.643561,,0.643561,0.622403,0.637577,422.1836,408.4292,417.464739,559.486144,568.878641,562.4342
63,50000,8,0.650786,,0.650786,0.622403,0.638801,423.6758,409.3585,418.273713,556.293539,568.878641,562.02185
64,50000,8,0.650936,,0.650936,0.623014,0.639863,423.6758,410.4017,418.913433,556.176669,569.060523,561.621681
65,50000,8,0.651728,,0.651728,0.623014,0.640648,424.2112,410.4017,419.297251,555.827624,569.060523,561.266975
66,50000,8,0.651728,,0.651728,0.635828,0.641454,424.2112,416.4671,419.839657,555.827624,564.178316,561.001476
67,50000,8,0.652568,,0.652568,0.635828,0.642273,425.1402,416.4671,420.316467,555.885058,564.178316,560.682051
68,50000,8,0.652633,,0.652633,0.637833,0.64338,425.7911,417.0139,420.872812,555.67908,562.945681,560.192065
69,50000,8,0.653125,,0.653125,0.637833,0.644354,426.2952,417.4656,421.419523,555.67908,562.945681,559.7986
70,50000,8,0.653125,,0.653125,0.637833,0.645234,426.2952,417.4656,421.80889,555.67908,562.945681,559.373203
71,50000,8,0.654566,,0.654566,0.639415,0.645786,426.9669,417.6628,422.149214,555.550293,562.945681,559.170187
72,50000,8,0.655192,,0.655192,0.639415,0.646619,427.2206,417.6628,422.620308,555.062279,562.945681,558.836485
73,50000,8,0.656236,,0.656236,0.639537,0.647738,427.8768,417.6628,423.227429,554.857235,561.625881,558.370186
74,50000,8,0.656412,,0.656412,0.639537,0.648912,427.8768,418.0066,423.940616,554.004521,561.548018,557.932629
75,50000,8,0.65673,,0.65673,0.641601,0.649632,427.8768,419.9699,424.311884,554.004521,561.548018,557.619658
76,50000,8,0.65745,,0.65745,0.641953,0.650402,428.9045,419.4271,424.645858,554.004521,561.548018,557.242659
77,50000,8,0.65745,,0.65745,0.645691,0.651092,428.9045,422.176,424.976242,554.004521,560.074041,556.926129
78,50000,8,0.657969,,0.657969,0.645875,0.652261,429.0056,422.176,425.620021,554.004521,559.472264,556.446053
79,50000,8,0.657969,,0.657969,0.646461,0.653145,429.0056,423.1229,426.043663,554.004521,559.472264,556.040352
80,50000,8,0.65819,,0.65819,0.646471,0.653768,429.0056,423.1229,426.387533,553.288048,559.344469,555.784588
81,50000,8,0.658761,,0.658761,0.648336,0.654571,429.4074,423.5724,426.768495,553.093547,558.403522,555.413413
82,50000,8,0.66354,,0.66354,0.649015,0.6555,430.2769,424.01,427.193419,550.405751,558.265401,554.97381
83,50000,8,0.664177,,0.664177,0.649015,0.656403,430.8481,424.01,427.67746,550.405751,558.265401,554.593821
84,50000,8,0.664271,,0.664271,0.649499,0.65765,432.4193,424.551,428.204288,550.405751,558.265401,553.97435
85,50000,8,0.674555,,0.674555,0.647057,0.658985,432.4193,413.1738,427.929195,538.609382,557.760415,552.748579
86,50000,8,0.674555,,0.674555,0.649657,0.660245,432.4193,413.1738,428.333643,538.609382,557.760415,552.036898
87,50000,8,0.674555,,0.674555,0.65043,0.661496,432.4193,417.5279,428.703334,538.609382,557.516029,551.308232
88,50000,8,0.674555,,0.674555,0.651521,0.663109,433.4775,415.9212,429.379797,538.609382,557.433983,550.50357
89,50000,8,0.678121,,0.678121,0.657211,0.664596,433.4937,417.5279,430.023503,536.49487,554.220249,549.77529
90,50000,8,0.684612,,0.684612,0.658344,0.666407,441.0377,417.5279,430.313733,536.49487,554.20782,548.557442
91,50000,8,0.684612,,0.684612,0.658344,0.668165,441.0377,417.5279,430.578928,536.49487,553.986725,547.363725
92,50000,8,0.684762,,0.684762,0.660359,0.669813,441.0377,417.5279,430.965829,536.49487,552.960796,546.337082
93,50000,8,0.684762,,0.684762,0.660359,0.671466,442.2902,417.5279,431.815041,536.49487,552.960796,545.617455
94,50000,8,0.68834,,0.68834,0.660359,0.673242,442.2902,423.5554,433.16555,536.49487,552.960796,545.137163
95,50000,8,0.68834,,0.68834,0.666444,0.674744,442.2902,423.8043,434.136275,536.49487,549.93647,544.616106
96,50000,8,0.68834,,0.68834,0.666444,0.675935,442.2902,425.9488,434.781116,536.49487,549.93647,544.118641
97,50000,8,0.68834,,0.68834,0.666444,0.6776,442.4514,425.9488,435.905033,536.078368,549.93647,543.57299
98,50000,8,0.68978,,0.68978,0.666444,0.678805,443.4252,430.2384,436.53184,535.967869,549.93647,543.053127
99,50000,8,0.691248,,0.691248,0.671767,0.679964,445.2151,430.4257,437.113165,535.961498,547.493251,542.53929
100,50000,8,0.693077,,0.693077,0.671767,0.681532,445.2151,430.4257,437.76187,534.672312,547.493251,541.750293
101,50000,8,0.696001,,0.696001,0.671767,0.682765,445.2314,430.4257,438.121442,533.21715,547.122107,541.029893
102,50000,8,0.696487,,0.696487,0.672835,0.684059,445.2314,433.2922,438.507168,533.10028,547.122107,540.278631
103,50000,8,0.696487,,0.696487,0.675439,0.685396,445.2314,433.561,438.889029,533.10028,545.119694,539.491802
104,50000,8,0.696487,,0.696487,0.677975,0.686638,446.4929,433.0803,439.406577,533.10028,544.786449,538.87032
105,50000,8,0.698686,,0.698686,0.677975,0.687798,446.4929,434.0409,439.841768,532.439456,543.261289,538.256879
106,50000,8,0.698686,,0.698686,0.679884,0.688606,446.4929,434.0409,440.079061,532.439456,543.261289,537.785976
107,50000,8,0.698836,,0.698836,0.681002,0.68946,446.4929,434.0409,440.559809,532.322586,542.532824,537.441483
108,50000,8,0.698836,,0.698836,0.681002,0.690176,446.8556,434.0409,440.8567,532.322586,542.290589,537.082156
109,50000,8,0.698836,,0.698836,0.682154,0.691143,446.8556,434.0409,441.233913,532.322586,542.290589,536.580927
110,50000,8,0.69934,,0.69934,0.683012,0.692189,447.265,434.0409,441.459483,532.322586,541.706732,535.916318
111,50000,8,0.69934,,0.69934,0.683012,0.692746,447.265,433.8202,441.691432,532.322586,541.706732,535.637166
112,50000,8,0.69934,,0.69934,0.683966,0.693448,447.265,434.9533,442.005263,532.317755,540.020865,535.299738
113,50000,8,0.69934,,0.69934,0.683966,0.694112,447.265,434.9533,442.200008,532.317755,539.418876,534.91251
114,50000,8,0.702705,,0.702705,0.683966,0.695018,447.4308,434.9533,442.494798,531.394221,539.187373,534.403444
115,50000,8,0.702705,,0.702705,0.687434,0.695909,448.2861,435.5194,443.142589,531.394221,537.908191,534.14199
116,50000,8,0.702705,,0.702705,0.687434,0.696518,448.2861,435.5194,443.57348,531.394221,537.908191,533.955874
117,50000,8,0.702705,,0.702705,0.687434,0.697292,448.8357,435.5194,444.070816,531.394221,537.908191,533.685416
118,50000,8,0.703272,,0.703272,0.690696,0.698145,449.0274,438.0778,444.389626,531.394221,537.29504,533.233886
119,50000,8,0.703272,,0.703272,0.691781,0.69913,449.0274,438.0778,445.074904,530.93968,535.524405,532.92466
120,50000,8,0.705391,,0.705391,0.691781,0.699657,449.0274,438.0778,445.379623,530.616527,535.311055,532.717569
121,50000,8,0.705391,,0.705391,0.692299,0.700282,449.0274,438.389,445.659719,530.197235,535.082206,532.417676
122,50000,8,0.705391,,0.705391,0.692676,0.700842,449.5714,439.1915,446.069801,530.197235,535.082206,532.255862
123,50000,8,0.705391,,0.705391,0.692676,0.701344,449.5714,439.1915,446.43544,530.197235,534.228706,532.109165
124,50000,8,0.705391,,0.705391,0.692676,0.701744,449.5714,439.1915,446.672063,530.114226,534.228706,531.956175
125,50000,8,0.705391,,0.705391,0.698758,0.702361,449.5714,444.8957,447.134595,530.114226,534.228706,531.784633
126,50000,8,0.706978,,0.706978,0.698758,0.702803,450.5816,444.8957,447.406976,529.536411,534.228706,531.622717
127,50000,8,0.706978,,0.706978,0.69961,0.70337,451.3153,444.8957,447.827918,529.536411,533.694897,531.462001
128,50000,8,0.70995,,0.70995,0.69961,0.704033,452.7968,444.8957,448.296628,529.190692,533.694897,531.259071
129,50000,8,0.70995,,0.70995,0.700041,0.704642,452.7968,444.0705,448.774971,529.190692,533.510228,531.104518
130,50000,8,0.70995,,0.70995,0.700041,0.705299,452.7968,444.8957,449.349271,528.908841,533.510228,530.977254
131,50000,8,0.712635,,0.712635,0.701027,0.706021,454.7618,445.5896,449.984945,528.882034,533.510228,530.840019
132,50000,8,0.712635,,0.712635,0.701846,0.706674,456.7311,446.4143,450.469867,528.882034,533.510228,530.655414
133,50000,8,0.712833,,0.712833,0.701846,0.707294,457.3701,446.4143,450.856013,528.882034,533.510228,530.430798
134,50000,8,0.713934,,0.713934,0.702252,0.708016,457.3701,446.4143,451.282157,528.371334,532.064767,530.152987
135,50000,8,0.715148,,0.715148,0.704273,0.708666,457.5558,446.4143,451.745812,528.371334,531.726351,529.956884
136,50000,8,0.715148,,0.715148,0.704273,0.70932,458.0906,446.4143,452.237885,528.371334,531.609481,529.776377
137,50000,8,0.717378,,0.717378,0.706697,0.710093,458.9447,448.9207,452.896459,527.985498,531.159296,529.614803
138,50000,8,0.717378,,0.717378,0.707128,0.710944,458.9447,449.1542,453.666188,527.985498,531.159296,529.466966
139,50000,8,0.717378,,0.717378,0.707128,0.711733,458.9447,449.1542,454.333901,527.985498,531.183158,529.298501
140,50000,8,0.718393,,0.718393,0.707313,0.712346,459.4861,450.0317,454.845246,527.556274,531.159296,529.163231
141,50000,8,0.718393,,0.718393,0.707884,0.713019,459.4861,450.0317,455.341886,527.515286,531.031395,528.971126
142,50000,8,0.718393,,0.718393,0.707884,0.713639,459.4861,450.0317,455.831788,527.213532,530.88948,528.816038
143,50000,8,0.719648,,0.719648,0.70979,0.71424,461.0201,452.4182,456.245067,527.213532,530.29568,528.623709
144,50000,8,0.719648,,0.719648,0.70979,0.714808,461.0201,452.4182,456.669083,527.213532,530.29568,528.465483
145,50000,8,0.719648,,0.719648,0.710747,0.715372,461.0201,453.6034,457.050108,527.213532,530.19589,528.280535
146,50000,8,0.719648,,0.719648,0.711817,0.715982,461.0201,453.9485,457.484283,526.866342,529.9449,528.095951
147,50000,8,0.719648,,0.719648,0.711817,0.716395,461.0201,453.9485,457.7563,526.68741,530.17408,527.955666
148,50000,8,0.721046,,0.721046,0.711817,0.716855,461.8126,453.9485,458.081368,526.68741,529.9449,527.814614
149,50000,8,0.721046,,0.721046,0.711817,0.717439,461.8126,455.076,458.494827,526.15082,529.9449,527.635996
150,50000,8,0.721046,,0.721046,0.7139,0.717849,461.8126,455.5117,458.789949,526.15082,529.640488,527.514034
151,50000,8,0.721434,,0.721434,0.713934,0.718304,462.1139,455.5117,459.104383,526.15082,529.640488,527.370338
152,50000,8,0.721434,,0.721434,0.713934,0.718657,462.1139,455.5117,459.365288,526.15082,528.443502,527.269757
153,50000,8,0.721434,,0.721434,0.716479,0.719078,462.1139,457.0625,459.664301,525.901649,528.443502,527.141617
154,50000,8,0.721933,,0.721933,0.716479,0.719324,462.6356,457.0625,459.834155,525.901649,528.443502,527.063662
155,50000,8,0.722949,,0.722949,0.716479,0.719626,463.177,457.4899,460.072215,525.901649,528.443502,526.987149
156,50000,8,0.722949,,0.722949,0.717316,0.72006,463.177,457.6818,460.382133,525.636011,527.985498,526.856611
157,50000,8,0.723044,,0.723044,0.717316,0.720497,463.4328,457.6818,460.736133,525.636011,527.605422,526.753243
158,50000,8,0.723388,,0.723388,0.718456,0.720754,463.4621,457.7106,460.97017,525.636011,527.605422,526.709152
159,50000,8,0.723388,,0.723388,0.718456,0.720899,463.4621,457.7106,461.108538,525.268161,527.605422,526.689118
160,50000,8,0.723445,,0.723445,0.718723,0.721225,463.6363,458.138,461.379002,525.268161,527.420702,526.615858
161,50000,8,0.723445,,0.723445,0.718986,0.721517,463.6363,458.138,461.613169,525.268161,527.2857,526.545437
162,50000,8,0.724403,,0.724403,0.719631,0.721748,464.0035,458.4579,461.796852,525.268161,527.2857,526.488204
163,50000,8,0.724403,,0.724403,0.719631,0.722171,464.0035,458.4579,462.131042,525.268161,527.2857,526.382235
164,50000,8,0.724403,,0.724403,0.719631,0.722462,464.0035,458.4579,462.326499,525.268161,527.025214,526.286112
165,50000,8,0.724403,,0.724403,0.719631,0.722765,464.0035,458.4579,462.578397,525.125312,527.025214,526.218798
166,50000,8,0.724507,,0.724507,0.719631,0.723024,464.093,458.4579,462.778934,525.125312,527.025214,526.151003
167,50000,8,0.725962,,0.725962,0.719631,0.72327,464.5441,458.4579,463.011128,524.987101,527.025214,526.114697
168,50000,8,0.726275,,0.726275,0.719861,0.723567,465.1507,459.2342,463.189205,524.780384,527.025214,526.002432
169,50000,8,0.726705,,0.726705,0.720564,0.723877,465.1507,459.2342,463.374852,524.607025,526.742202,525.884747
170,50000,8,0.731532,,0.731532,0.714337,0.723986,472.6123,456.9766,463.63941,523.517768,529.595972,525.977183
171,50000,8,0.731532,,0.731532,0.721313,0.724529,472.6123,456.6077,463.966391,523.349884,528.752843,525.77279
172,50000,8,0.731532,,0.731532,0.72255,0.725105,472.6123,461.6163,464.432046,523.517768,528.752843,525.635578
173,50000,8,0.731886,,0.731886,0.72255,0.725611,472.6123,461.6163,464.977835,523.517768,528.752843,525.606829
174,50000,8,0.734056,,0.734056,0.723576,0.726044,472.6123,462.4428,465.462198,523.517768,528.752843,525.593593
175,50000,8,0.734056,,0.734056,0.723576,0.726632,472.6509,462.6838,466.209524,523.517768,528.82587,525.635605
176,50000,8,0.734056,,0.734056,0.72379,0.727143,472.6509,462.6838,466.839966,523.517768,528.82587,525.659615
177,50000,8,0.734056,,0.734056,0.724025,0.727605,472.6509,462.6838,467.350624,523.686355,530.096301,525.64124
178,50000,8,0.734056,,0.734056,0.724025,0.728265,472.6509,463.7042,467.903367,523.686355,528.752843,525.496428
179,50000,8,0.734056,,0.734056,0.724346,0.729071,472.6509,463.8251,468.484213,523.686355,528.752843,525.257652
180,50000,8,0.734056,,0.734056,0.724689,0.729611,472.6509,464.0664,468.914941,522.508953,528.752843,525.124398
181,50000,8,0.734056,,0.734056,0.724689,0.730097,473.0779,464.0664,469.001669,522.508953,528.752843,524.803448
182,50000,8,0.73508,,0.73508,0.724689,0.730782,473.0779,464.0664,469.47757,522.508953,526.971166,524.588656
183,50000,8,0.73508,,0.73508,0.725309,0.731488,473.7867,464.2743,470.118733,522.508953,527.001194,524.467511
184,50000,8,0.73508,,0.73508,0.726708,0.732141,473.7867,465.2079,470.645379,522.508953,527.211734,524.311164
185,50000,8,0.73508,,0.73508,0.727735,0.732671,473.4801,464.7619,471.004557,521.589988,527.863547,524.138109
186,50000,8,0.73508,,0.73508,0.7284,0.732947,473.4801,465.3154,471.184963,521.589988,527.863547,524.044168
187,50000,8,0.73508,,0.73508,0.7284,0.733243,473.4801,465.3154,471.35599,521.589988,526.444395,523.92733
188,50000,8,0.736763,,0.736763,0.728522,0.733521,475.855,467.7503,471.492477,521.589988,526.444395,523.802006
189,50000,8,0.737212,,0.737212,0.730423,0.733821,475.855,467.9428,471.714701,521.589988,525.174202,523.716742
190,50000,8,0.737212,,0.737212,0.730769,0.734179,475.855,467.9428,472.091849,521.589988,525.174202,523.690521
191,50000,8,0.737212,,0.737212,0.731843,0.734395,475.855,467.9428,472.264429,521.589988,524.899433,523.637964
192,50000,8,0.737212,,0.737212,0.731843,0.73476,475.855,468.3773,472.570929,520.974268,524.926728,523.558635
193,50000,8,0.738755,,0.738755,0.731843,0.735143,476.5189,469.1217,472.943218,520.974268,524.926728,523.50895
194,50000,8,0.740329,,0.740329,0.731843,0.735592,476.5189,469.1217,473.273537,520.974268,524.926728,523.380664
195,50000,8,0.740329,,0.740329,0.731843,0.735973,476.5189,469.1217,473.699888,520.974268,524.926728,523.369067
196,50000,8,0.741353,,0.741353,0.731843,0.736456,478.6327,469.1217,474.089815,520.974268,524.414027,523.253457
197,50000,8,0.741353,,0.741353,0.73508,0.736863,478.6327,470.8761,474.525424,520.974268,524.414027,523.227878
198,50000,8,0.742355,,0.742355,0.73508,0.737276,480.0997,470.8761,474.903504,520.974268,524.414027,523.158987
199,50000,8,0.742355,,0.742355,0.73508,0.737609,480.0997,470.8761,475.202209,520.974268,524.414027,523.09951
200,50000,8,0.742355,,0.742355,0.735337,0.73797,480.0997,470.8761,475.464699,520.974268,524.046159,522.993678
201,50000,8,0.742355,,0.742355,0.735351,0.738295,480.0997,470.8761,475.693793,520.974268,524.046159,522.894042
202,50000,8,0.742355,,0.742355,0.735689,0.738645,480.0997,470.8761,475.94261,520.974268,524.046159,522.787358
203,50000,8,0.742355,,0.742355,0.735689,0.738855,480.0997,473.5009,476.080797,521.33043,524.046159,522.716688
204,50000,8,0.742534,,0.742534,0.735689,0.739201,480.0997,473.5009,476.333904,521.33043,523.45664,522.616415
205,50000,8,0.742887,,0.742887,0.736902,0.739605,480.0997,474.4576,476.654879,521.33043,523.313983,522.516224
206,50000,8,0.742887,,0.742887,0.737212,0.740104,480.1096,474.4576,477.143599,521.33043,523.267485,522.454121
207,50000,8,0.742975,,0.742975,0.737212,0.740515,480.6407,472.5923,477.470607,521.33043,523.267485,522.352952
208,50000,8,0.743428,,0.743428,0.737387,0.741025,480.6407,474.4576,477.96993,521.33043,523.130399,522.289902
209,50000,8,0.743428,,0.743428,0.737387,0.741422,480.6506,474.4576,478.296026,521.330036,523.485932,522.198572
210,50000,8,0.743848,,0.743848,0.737387,0.74179,480.6506,474.4576,478.581429,521.330036,523.130399,522.102759
211,50000,8,0.743848,,0.743848,0.737387,0.742097,480.8323,474.9905,478.809773,520.525467,523.130399,522.016542
212,50000,8,0.743848,,0.743848,0.737387,0.742451,480.9232,474.9905,479.115008,520.525467,523.130399,521.945002
213,50000,8,0.744048,,0.744048,0.739095,0.742698,480.93,475.8697,479.461233,521.249736,523.032575,521.983666
214,50000,8,0.744452,,0.744452,0.739762,0.742939,480.93,476.3308,479.620176,521.249736,523.070963,521.902933
215,50000,8,0.744452,,0.744452,0.739811,0.743114,480.93,477.1008,479.750964,520.738386,523.268976,521.853745
216,50000,8,0.745079,,0.745079,0.740636,0.743344,481.2559,478.1316,479.925189,520.658647,523.268976,521.790646
217,50000,8,0.745079,,0.745079,0.740686,0.743563,481.2559,478.1316,480.020538,520.658647,523.230588,521.684278
218,50000,8,0.745902,,0.745902,0.741856,0.743812,481.5964,478.1316,480.158062,520.575617,522.679494,521.582302
219,50000,8,0.745902,,0.745902,0.742887,0.744009,481.5964,478.2999,480.253921,520.575617,522.350387,521.492624
220,50000,8,0.745902,,0.745902,0.742887,0.744161,481.5964,478.9232,480.373353,520.575617,522.350387,521.454005
221,50000,8,0.745902,,0.745902,0.742887,0.744357,481.5964,479.0582,480.443501,520.575617,522.242742,521.347981
222,50000,8,0.745902,,0.745902,0.742887,0.744553,481.5964,479.0582,480.573754,520.469912,522.242742,521.282842
223,50000,8,0.745902,,0.745902,0.742887,0.744757,481.5964,479.0582,480.658136,520.469912,522.242742,521.180234
224,50000,8,0.74675,,0.74675,0.743848,0.744942,482.0862,479.3307,480.713213,520.403924,521.922139,521.072674
225,50000,8,0.747402,,0.747402,0.743848,0.745167,482.8989,479.3307,480.859772,520.329812,521.922139,520.995565
226,50000,8,0.747402,,0.747402,0.743929,0.745348,482.8989,479.6845,480.976057,520.329812,521.922139,520.931786
227,50000,8,0.747572,,0.747572,0.743929,0.745555,482.8989,479.9469,481.158677,520.240539,521.858464,520.892754
228,50000,8,0.747572,,0.747572,0.744362,0.74567,482.8989,479.9469,481.244831,520.240539,521.858464,520.860738
229,50000,8,0.747572,,0.747572,0.744688,0.745855,482.8989,479.9469,481.396659,520.240539,521.3077,520.818122
230,50000,8,0.747572,,0.747572,0.744688,0.746049,482.8989,479.9469,481.572066,519.432648,521.3077,520.784552
231,50000,8,0.747572,,0.747572,0.744688,0.746163,482.8989,480.1743,481.636608,519.432648,521.297902,520.739228
232,50000,8,0.747572,,0.747572,0.745293,0.746336,482.8989,480.2697,481.785725,519.432648,521.297902,520.703723
233,50000,8,0.748691,,0.748691,0.745293,0.746546,483.4669,480.2697,481.945358,519.432648,521.297902,520.646961
234,50000,8,0.748691,,0.748691,0.745435,0.746703,483.6122,480.2697,482.065474,519.432648,521.297902,520.605132
235,50000,8,0.748691,,0.748691,0.745435,0.746924,483.6122,480.388,482.196552,519.432648,521.297902,520.520557
236,50000,8,0.749205,,0.749205,0.745435,0.747102,483.908,480.388,482.272361,519.432648,521.297902,520.432811
237,50000,8,0.750118,,0.750118,0.745435,0.747315,484.3718,480.388,482.412091,519.432648,521.297902,520.360065
238,50000,8,0.750118,,0.750118,0.745913,0.74755,484.3718,480.8833,482.541924,519.432648,521.113113,520.263893
239,50000,8,0.750417,,0.750417,0.746109,0.747753,484.8741,481.0347,482.68063,519.432648,521.113113,520.198444
240,50000,8,0.750417,,0.750417,0.746274,0.747943,484.8741,480.7871,482.812932,519.432648,520.953792,520.139135
241,50000,8,0.750417,,0.750417,0.746627,0.748158,484.8741,480.7871,482.979975,519.432648,520.793207,520.082955
242,50000,8,0.750417,,0.750417,0.746627,0.748415,484.8741,481.0347,483.158443,519.432648,520.769003,520.002656
243,50000,8,0.750417,,0.750417,0.746627,0.74862,484.8741,481.0347,483.328962,519.432648,520.663236,519.956912
244,50000,8,0.751022,,0.751022,0.747048,0.748821,485.0657,481.0347,483.459593,519.246836,520.573287,519.887411
245,50000,8,0.751022,,0.751022,0.747269,0.748999,485.0657,481.0347,483.606562,519.246836,520.522403,519.846919
246,50000,8,0.751252,,0.751252,0.747269,0.74921,485.3539,481.0347,483.807357,519.209653,520.427803,519.817144
247,50000,8,0.751252,,0.751252,0.747892,0.749371,485.3539,482.7421,483.972977,519.209653,520.427803,519.802606
248,50000,8,0.751642,,0.751642,0.747892,0.749489,485.6067,482.7421,484.07483,519.125722,520.256053,519.77877
249,50000,8,0.751796,,0.751796,0.747892,0.749692,485.6067,482.7421,484.240318,518.866332,520.21355,519.731146
250,50000,8,0.753018,,0.753018,0.748113,0.749937,486.6921,482.7421,484.411486,518.779632,520.210979,519.654597
251,50000,8,0.753086,,0.753086,0.748485,0.75012,486.6921,483.2319,484.549259,518.649285,520.210979,519.604699
252,50000,8,0.753086,,0.753086,0.748879,0.750351,486.6921,483.4065,484.70828,518.649285,520.210979,519.530982
253,50000,8,0.754371,,0.754371,0.748966,0.75058,486.792,483.4065,484.840689,517.286289,520.210979,519.441216
254,50000,8,0.754371,,0.754371,0.749105,0.750855,486.9438,483.7223,485.009288,517.286289,520.210979,519.339429
255,50000,8,0.766351,,0.766351,0.749105,0.751904,496.2904,480.5483,485.666535,514.812213,520.089865,518.961393
256,50000,8,0.766351,,0.766351,0.749405,0.752689,496.2904,480.5483,486.233567,514.812213,520.153906,518.729348
257,50000,8,0.766351,,0.766351,0.749679,0.753473,496.2904,480.5483,486.853775,514.812213,520.153906,518.533087
258,50000,8,0.766351,,0.766351,0.749679,0.754199,496.2904,480.5483,487.336132,514.812213,520.153906,518.290013
259,50000,8,0.766351,,0.766351,0.749679,0.755232,496.2904,484.2037,488.189397,514.66255,520.153906,518.0562
260,50000,8,0.766351,,0.766351,0.749679,0.756115,496.2904,484.2037,488.847673,514.66255,520.153906,517.808379
261,50000,8,0.768427,,0.768427,0.749679,0.757382,498.4362,484.2037,489.835037,514.477274,519.716539,517.48233
262,50000,8,0.768596,,0.768596,0.749679,0.758085,498.4362,484.2037,490.412502,514.080024,519.716539,517.320765
263,50000,8,0.768649,,0.768649,0.749679,0.759131,498.4362,484.2037,491.217214,513.839554,519.716539,517.044116
264,50000,8,0.773255,,0.773255,0.752416,0.760494,501.568,485.5466,492.199189,512.963216,518.88191,516.638952
265,50000,8,0.773255,,0.773255,0.752416,0.761563,501.568,485.5466,493.073502,512.95761,518.88191,516.390711
266,50000,8,0.773255,,0.773255,0.752416,0.762685,501.568,485.5466,493.803839,512.757701,518.88191,516.004868
267,50000,8,0.773255,,0.773255,0.752416,0.763743,501.568,485.9394,494.500752,512.721916,518.88191,515.647022
268,50000,8,0.773255,,0.773255,0.752416,0.764752,501.568,485.9394,495.262395,512.721916,518.745218,515.370164
269,50000,8,0.773255,,0.773255,0.752416,0.765816,501.568,485.9394,496.045968,511.485087,518.745218,515.065191
270,50000,8,0.773255,,0.773255,0.760452,0.766743,501.568,491.137,496.643809,511.812232,517.405031,514.74272
271,50000,8,0.773255,,0.773255,0.763118,0.76727,501.568,493.2811,496.945498,511.812232,517.01666,514.534463
272,50000,8,0.773939,,0.773939,0.763446,0.767803,501.568,493.6899,497.281264,511.485087,517.01666,514.343227
273,50000,8,0.773939,,0.773939,0.763446,0.768292,501.568,494.0151,497.544266,511.485087,517.01666,514.138088
274,50000,8,0.773939,,0.773939,0.763446,0.768848,501.568,494.0151,497.739917,511.485087,517.01666,513.835354
275,50000,8,0.775817,,0.775817,0.763446,0.769284,502.7209,493.6242,497.907871,511.485087,517.01666,513.608106
276,50000,8,0.77633,,0.77633,0.764197,0.770116,502.7209,493.6242,498.314702,510.835288,516.744527,513.231851
277,50000,8,0.77633,,0.77633,0.765962,0.770842,502.7209,494.1024,498.772297,510.835288,515.035054,512.971995
278,50000,8,0.77633,,0.77633,0.76673,0.771355,502.7209,494.4757,499.006333,510.835288,514.590676,512.728972
279,50000,8,0.77633,,0.77633,0.767264,0.771906,502.7209,494.4757,499.466269,510.835288,514.540755,512.607057
280,50000,8,0.77633,,0.77633,0.767264,0.772491,502.7209,494.4971,499.910099,510.835288,514.197433,512.448278
281,50000,8,0.77785,,0.77785,0.767989,0.773034,504.6544,496.9639,500.329473,510.835288,514.28248,512.305801
282,50000,8,0.77785,,0.77785,0.767989,0.773473,504.6544,496.9639,500.551887,510.835288,514.142135,512.112539
283,50000,8,0.77785,,0.77785,0.769431,0.773821,504.6544,497.4791,500.737396,510.690824,513.911019,511.965103
284,50000,8,0.77785,,0.77785,0.770963,0.774444,504.6544,496.1494,501.085451,510.690824,513.760437,511.712469
285,50000,8,0.77785,,0.77785,0.771817,0.774908,504.6544,498.2315,501.435754,510.690824,513.235446,511.585077
286,50000,8,0.77785,,0.77785,0.772167,0.775217,504.6544,498.2315,501.678969,510.690824,513.033058,511.507735
287,50000,8,0.77785,,0.77785,0.773153,0.775515,504.6544,498.9609,501.966751,510.644454,513.033058,511.46816
288,50000,8,0.77785,,0.77785,0.773153,0.77571,504.6544,498.9609,502.125938,510.644454,513.033058,511.422709
289,50000,8,0.77785,,0.77785,0.773153,0.776033,504.6544,500.165,502.346702,510.690824,513.033058,511.31813
290,50000,8,0.778363,,0.778363,0.774007,0.776311,504.7274,500.776,502.584786,510.545029,512.769029,511.260751
291,50000,8,0.778363,,0.778363,0.774007,0.776517,504.7274,500.776,502.784515,510.545029,512.769029,511.234578
292,50000,8,0.778365,,0.778365,0.774007,0.776711,504.9259,500.776,502.943964,510.472255,512.451507,511.189398
293,50000,8,0.778819,,0.778819,0.774286,0.776913,504.9259,500.776,503.118503,510.545029,512.451507,511.149452
294,50000,8,0.778819,,0.778819,0.775049,0.777175,504.9259,501.8274,503.324454,510.545029,512.451507,511.082387
295,50000,8,0.778819,,0.778819,0.775817,0.777446,505.045,501.9717,503.552979,510.545029,511.737751,511.024817
296,50000,8,0.778819,,0.778819,0.775817,0.777542,505.045,501.9717,503.619067,510.545029,511.737751,510.993857
297,50000,8,0.78019,,0.78019,0.775817,0.777681,507.1187,501.9717,503.731955,510.545029,511.737751,510.960875
298,50000,8,0.78019,,0.78019,0.77633,0.777841,507.1187,501.9717,503.884166,510.545029,511.447492,510.938358
299,50000,8,0.780953,,0.780953,0.77633,0.778012,507.5766,501.9717,504.060835,510.402883,511.447492,510.923739
300,50000,8,0.780953,,0.780953,0.77633,0.778227,507.5766,501.9717,504.273453,510.545029,511.447492,510.898114
301,50000,8,0.780953,,0.780953,0.77633,0.778398,507.5766,501.9717,504.499316,510.545029,511.447492,510.916106
302,50000,8,0.78236,,0.78236,0.777028,0.778525,508.8789,503.2846,504.661706,510.545029,511.447492,510.925629
303,50000,8,0.78236,,0.78236,0.777152,0.778781,508.8789,503.3415,504.901486,510.402883,511.447492,510.886997
304,50000,8,0.78236,,0.78236,0.777152,0.778987,508.8789,503.3415,505.107403,510.402883,511.447492,510.864042
305,50000,8,0.78236,,0.78236,0.777152,0.779163,508.8789,503.3415,505.274316,510.461793,511.373539,510.838966
306,50000,8,0.78236,,0.78236,0.777469,0.7794,508.8789,503.4025,505.514329,510.368142,511.331321,510.815098
307,50000,8,0.78236,,0.78236,0.777469,0.779619,508.8789,503.4025,505.753673,510.368142,511.447492,510.804248
308,50000,8,0.78236,,0.78236,0.777833,0.779851,508.8789,503.6404,505.974377,510.14587,511.447492,510.77134
309,50000,8,0.78236,,0.78236,0.778062,0.780046,508.8789,503.9052,506.152084,510.14587,511.331321,510.738547
310,50000,8,0.78236,,0.78236,0.778363,0.780388,508.8789,503.9052,506.467907,510.14587,511.190513,510.682704
311,50000,8,0.782653,,0.782653,0.778363,0.780629,508.8789,503.9052,506.74493,510.137973,511.332659,510.681043
312,50000,8,0.782653,,0.782653,0.778363,0.780725,508.8789,503.9052,506.849571,510.137973,511.332659,510.675725
313,50000,8,0.782653,,0.782653,0.778363,0.780968,508.8789,503.9052,507.126904,509.958836,511.332659,510.672032
314,50000,8,0.782835,,0.782835,0.778363,0.781195,508.8789,503.9052,507.384778,509.958836,511.415894,510.667845
315,50000,8,0.782835,,0.782835,0.778521,0.781448,508.8789,504.0418,507.660126,509.958836,511.332659,510.655487
316,50000,8,0.782835,,0.782835,0.778521,0.78163,508.8789,504.0418,507.880586,509.958836,511.332659,510.661191
317,50000,8,0.782835,,0.782835,0.778521,0.781865,509.1658,504.0418,508.059056,509.927238,511.190513,510.597303
318,50000,8,0.782835,,0.782835,0.780021,0.782011,509.1658,505.9319,508.176105,509.927238,511.190513,510.562058
319,50000,8,0.783401,,0.783401,0.780173,0.782192,509.1658,506.0073,508.365824,509.927238,511.190513,510.547858
320,50000,8,0.784188,,0.784188,0.780178,0.782319,509.5605,506.0073,508.447373,509.791553,510.902374,510.503529
321,50000,8,0.784188,,0.784188,0.780178,0.782466,509.5605,506.0073,508.543833,509.791553,510.902374,510.453114
322,50000,8,0.784188,,0.784188,0.780306,0.782567,509.5605,506.0073,508.605934,509.790718,510.902374,510.41622
323,50000,8,0.784188,,0.784188,0.781945,0.782706,509.5605,507.8532,508.701041,509.791553,510.902374,510.371248
324,50000,8,0.784316,,0.784316,0.781945,0.782841,509.8627,507.8532,508.772344,509.580818,510.902374,510.313965
325,50000,8,0.784316,,0.784316,0.781945,0.782907,509.8627,508.1247,508.78888,509.580818,510.902374,510.273818
326,50000,8,0.784316,,0.784316,0.781945,0.782992,509.8627,508.1247,508.805301,509.580818,510.902374,510.218066
327,50000,8,0.785494,,0.785494,0.78223,0.783147,510.1242,508.1247,508.88341,509.150533,510.858364,510.149775
328,50000,8,0.785494,,0.785494,0.782488,0.783355,510.1242,508.1247,508.993606,509.150533,510.549493,510.061283
329,50000,8,0.785494,,0.785494,0.782488,0.78353,510.1242,508.1247,509.105612,509.150533,510.549493,509.999706
330,50000,8,0.785494,,0.785494,0.782488,0.783672,510.1242,508.1247,509.194801,509.150533,510.549493,509.948506
331,50000,8,0.785494,,0.785494,0.782488,0.783805,510.1273,508.1247,509.279272,509.150533,510.549493,509.901719
332,50000,8,0.785494,,0.785494,0.782488,0.783967,510.1273,508.1247,509.354486,509.150533,510.549493,509.825369
333,50000,8,0.785494,,0.785494,0.782488,0.784079,510.1954,508.1247,509.401795,509.150533,510.549493,509.770331
334,50000,8,0.785494,,0.785494,0.78278,0.784194,510.1954,508.1247,509.449628,509.150533,510.358358,509.712167
335,50000,8,0.785494,,0.785494,0.78278,0.784313,510.1954,508.1247,509.509819,509.150533,510.358358,509.659999
336,50000,8,0.785494,,0.785494,0.782835,0.784483,510.4264,508.0263,509.580975,509.150533,510.358358,509.575431
337,50000,8,0.785494,,0.785494,0.782835,0.784603,510.1954,508.1247,509.65501,509.150533,510.358358,509.530698
338,50000,8,0.785494,,0.785494,0.782835,0.784722,510.1954,508.8311,509.733135,509.150533,510.358358,509.490607
339,50000,8,0.785882,,0.785882,0.782835,0.784827,510.524,508.8311,509.786793,509.115792,510.358358,509.444845
340,50000,8,0.79005,,0.79005,0.78009,0.784846,511.9829,505.6913,509.685298,506.624491,511.758639,509.362119
341,50000,8,0.790416,,0.790416,0.783493,0.785168,512.3398,506.9396,509.877079,506.624491,509.925537,509.239251
342,50000,8,0.790416,,0.790416,0.783493,0.785485,513.3906,506.9396,510.058564,506.624491,509.925537,509.113247
343,50000,8,0.790416,,0.790416,0.783493,0.785635,513.3906,506.9396,510.089503,506.624491,509.925537,509.017153
344,50000,8,0.790416,,0.790416,0.783504,0.785822,513.3906,506.9396,510.212837,506.624491,509.916424,508.954419
345,50000,8,0.791394,,0.791394,0.783504,0.786159,513.4011,506.9396,510.369244,506.624491,509.916424,508.79629
346,50000,8,0.791394,,0.791394,0.784316,0.78639,513.4011,506.9396,510.470665,506.624491,509.580818,508.683424
347,50000,8,0.791394,,0.791394,0.784328,0.786633,513.4011,506.9396,510.630486,506.624491,509.571223,508.601077
348,50000,8,0.791394,,0.791394,0.784328,0.786959,513.4011,506.9396,510.800261,506.624491,509.914029,508.461162
349,50000,8,0.791823,,0.791823,0.784328,0.78735,513.6421,506.9396,511.010254,506.504102,509.914029,508.296829
350,50000,8,0.791823,,0.791823,0.784328,0.78779,513.6421,506.9396,511.189061,506.504102,509.571223,508.072984
351,50000,8,0.793655,,0.793655,0.784328,0.788355,515.0688,506.9396,511.559397,506.098496,509.571223,507.880505
352,50000,8,0.793655,,0.793655,0.784328,0.788978,515.0688,509.1324,511.940447,506.098496,509.571223,507.649702
353,50000,8,0.793655,,0.793655,0.784328,0.789414,515.0688,509.1324,512.119682,506.098496,509.571223,507.429931
354,50000,8,0.794084,,0.794084,0.784328,0.7898,515.3098,508.9512,512.249078,505.455599,509.571223,507.215312
355,50000,8,0.794084,,0.794084,0.784328,0.790191,515.3098,509.1324,512.440456,505.455599,509.571223,507.038979
356,50000,8,0.794084,,0.794084,0.786551,0.790654,515.3098,509.1324,512.732811,505.470421,508.735878,506.87338
357,50000,8,0.796242,,0.796242,0.786551,0.791016,515.3098,509.1324,512.957621,504.089628,508.735878,506.742241
358,50000,8,0.796242,,0.796242,0.787668,0.791511,515.3098,509.1324,513.210238,504.089628,508.599054,506.525025
359,50000,8,0.796242,,0.796242,0.787668,0.792012,515.3098,510.4437,513.519149,504.089628,508.599054,506.341335
360,50000,8,0.796242,,0.796242,0.787668,0.792357,515.3098,510.4437,513.710256,504.089628,508.599054,506.200517
361,50000,8,0.796242,,0.796242,0.788869,0.792731,515.5773,510.4437,513.87714,504.089628,507.140415,506.020817
362,50000,8,0.796242,,0.796242,0.790416,0.793183,515.5773,511.9364,514.099675,504.089628,507.048384,505.817088
363,50000,8,0.796367,,0.796367,0.790416,0.793626,515.5773,511.9364,514.393673,503.788483,507.048384,505.668369
364,50000,8,0.796367,,0.796367,0.790416,0.794038,515.5773,511.9364,514.644596,503.788483,507.101973,505.515651
365,50000,8,0.796367,,0.796367,0.790831,0.794319,515.6948,512.6113,514.797586,503.788483,506.845981,505.398589
366,50000,8,0.797016,,0.797016,0.790831,0.794601,515.6948,512.6113,514.899063,503.745975,506.665322,505.246925
367,50000,8,0.797155,,0.797155,0.791604,0.794938,515.6948,513.5271,515.011267,503.366943,506.665322,505.059126
368,50000,8,0.797155,,0.797155,0.792312,0.795208,515.9018,513.654,515.130656,503.366943,506.553889,504.928304
369,50000,8,0.797155,,0.797155,0.793655,0.795474,515.9667,513.654,515.214368,503.366943,506.098496,504.776721
370,50000,8,0.797818,,0.797818,0.793701,0.795687,516.6585,514.2088,515.259958,503.362913,505.925137,504.641448
371,50000,8,0.797818,,0.797818,0.793701,0.795835,516.2382,514.2088,515.250319,503.362913,505.925137,504.519858
372,50000,8,0.797818,,0.797818,0.793701,0.796025,516.2382,514.2088,515.290587,503.362913,505.907755,504.397961
373,50000,8,0.797818,,0.797818,0.794151,0.796271,516.2382,514.3454,515.403503,503.362913,505.907755,504.281972
374,50000,8,0.797818,,0.797818,0.794209,0.796415,516.2382,514.3454,515.467195,503.324436,505.871548,504.212377
375,50000,8,0.797818,,0.797818,0.794771,0.796585,516.2382,514.3454,515.540095,503.324436,505.568475,504.128505
376,50000,8,0.797818,,0.797818,0.79492,0.796725,516.2382,514.3454,515.596108,503.324436,505.524693,504.05715
377,50000,8,0.797909,,0.797909,0.794954,0.796866,516.4408,514.3454,515.668496,503.31022,505.524693,503.995219
378,50000,8,0.797909,,0.797909,0.795243,0.79707,516.4408,514.3454,515.715875,503.31022,505.379978,503.868106
379,50000,8,0.797909,,0.797909,0.795243,0.797191,516.4408,514.3454,515.759146,503.31022,505.379978,503.802587
380,50000,8,0.798472,,0.798472,0.795243,0.797401,516.5792,514.3454,515.84493,503.007148,505.379978,503.69617
381,50000,8,0.798606,,0.798606,0.795243,0.797554,517.7274,514.3454,515.892443,502.941374,505.379978,503.608715
382,50000,8,0.798606,,0.798606,0.795821,0.797708,517.7274,515.4703,515.931414,502.941374,505.076905,503.515099
383,50000,8,0.798606,,0.798606,0.796738,0.797857,517.7274,515.4703,516.03146,502.941374,504.612795,503.46599
384,50000,8,0.798606,,0.798606,0.796738,0.797974,517.8658,515.6729,516.08885,502.941374,504.612795,503.413214
385,50000,8,0.798606,,0.798606,0.797043,0.798078,517.8658,515.7581,516.15155,502.941374,504.46808,503.374094
386,50000,8,0.798606,,0.798606,0.797642,0.79816,517.8658,515.7581,516.211958,502.941374,504.418206,503.350108
387,50000,8,0.798606,,0.798606,0.797803,0.798266,517.8658,515.7581,516.284272,502.941374,504.418206,503.315855
388,50000,8,0.798612,,0.798612,0.797803,0.79832,517.8658,515.7581,516.252992,502.937008,504.364617,503.25279
389,50000,8,0.79877,,0.79877,0.797818,0.79835,517.8658,515.833,516.25295,502.867525,504.364617,503.229434
390,50000,8,0.799361,,0.799361,0.797818,0.798415,517.8658,515.833,516.288895,502.585608,504.364617,503.203413
391,50000,8,0.799361,,0.799361,0.797818,0.798475,517.8658,515.833,516.294329,502.585608,504.418206,503.15999
392,50000,8,0.800001,,0.800001,0.797818,0.798531,519.1099,515.833,516.32911,502.585608,504.219902,503.139509
393,50000,8,0.800001,,0.800001,0.797818,0.7986,519.1099,515.833,516.357697,502.585608,504.219902,503.105172
394,50000,8,0.800001,,0.800001,0.797824,0.798625,519.1099,515.833,516.374675,502.585608,504.219902,503.097137
395,50000,8,0.800001,,0.800001,0.797824,0.798671,519.1099,515.833,516.354456,502.581242,504.219902,503.047574
396,50000,8,0.800001,,0.800001,0.79794,0.798752,519.1099,515.9525,516.417058,502.581242,503.856159,503.026414
397,50000,8,0.800001,,0.800001,0.79794,0.798853,519.1099,515.9525,516.534266,502.581242,503.856159,503.026066
398,50000,8,0.800001,,0.800001,0.79794,0.798955,519.1099,515.9525,516.634312,502.581242,503.856159,503.012989
399,50000,8,0.800001,,0.800001,0.79794,0.799044,519.1099,515.9525,516.75923,502.581242,503.856159,503.027893
400,50000,8,0.800001,,0.800001,0.798606,0.799117,519.1099,516.1208,516.865471,502.581242,503.856159,503.042212
401,50000,8,0.800001,,0.800001,0.798606,0.799195,519.1099,516.1208,516.980767,502.511759,503.856159,503.058376
402,50000,8,0.800001,,0.800001,0.798606,0.799254,519.1099,516.1208,517.065747,502.511759,503.856159,503.068853
403,50000,8,0.800001,,0.800001,0.798606,0.799305,519.1099,516.1208,517.084862,502.507393,503.856159,503.04218
404,50000,8,0.800001,,0.800001,0.798606,0.79937,519.1099,516.1208,517.150093,502.507393,503.856159,503.035193
405,50000,8,0.800249,,0.800249,0.798612,0.799442,519.4376,516.1208,517.240901,502.507393,503.882598,503.039813
406,50000,8,0.800406,,0.800406,0.798776,0.799519,519.4376,516.2015,517.320841,502.507393,503.882598,503.033628
407,50000,8,0.800406,,0.800406,0.799169,0.799599,519.4376,516.3234,517.535883,502.507393,503.882598,503.115152
408,50000,8,0.800406,,0.800406,0.799169,0.799638,519.4376,516.3234,517.637453,502.507393,503.882598,503.152982
409,50000,8,0.800406,,0.800406,0.799259,0.799664,519.4376,516.3501,517.674933,502.507393,503.882598,503.157556
410,50000,8,0.800936,,0.800936,0.799259,0.799735,519.4376,516.3501,517.833857,502.507393,503.882598,503.208611
411,50000,8,0.800936,,0.800936,0.799263,0.799826,519.4376,516.3501,517.942196,502.195606,503.882598,503.210648
412,50000,8,0.801566,,0.801566,0.799263,0.799908,519.6942,516.3501,518.022355,502.195606,503.882598,503.199812
413,50000,8,0.801566,,0.801566,0.799263,0.800059,519.6942,516.3501,518.213013,501.892533,503.882598,503.210372
414,50000,8,0.802402,,0.802402,0.799263,0.800185,519.6942,516.3501,518.252511,501.892533,503.882598,503.13828
415,50000,8,0.802402,,0.802402,0.799323,0.800298,519.6942,516.4308,518.405584,501.892533,503.882598,503.152468
416,50000,8,0.802402,,0.802402,0.799323,0.800469,519.6942,516.4308,518.574057,502.179624,503.882598,503.132205
417,50000,8,0.802402,,0.802402,0.799323,0.800652,519.6942,516.4308,518.714065,501.932532,503.882598,503.083678
418,50000,8,0.802402,,0.802402,0.799429,0.800811,519.6942,516.4308,518.861329,501.932532,503.882598,503.058284
419,50000,8,0.802422,,0.802422,0.799429,0.800967,519.6942,516.4308,518.984974,501.932532,503.775516,503.018965
420,50000,8,0.802422,,0.802422,0.800105,0.801065,519.7079,516.8125,519.07106,502.179624,503.775516,503.00074
421,50000,8,0.802422,,0.802422,0.800105,0.801182,519.9896,516.8125,519.06984,502.179624,503.775516,502.90806
422,50000,8,0.802422,,0.802422,0.800156,0.801296,519.9896,516.8125,519.114958,502.179624,503.738485,502.849505
423,50000,8,0.802422,,0.802422,0.800489,0.801422,519.9896,517.6896,519.164941,502.179624,503.624362,502.784655
424,50000,8,0.802597,,0.802597,0.800489,0.801544,519.9896,517.6896,519.234713,502.116881,503.624362,502.736648
425,50000,8,0.806943,,0.806943,0.798753,0.801807,522.8248,516.7492,519.306507,498.890772,503.624362,502.579688
426,50000,8,0.806943,,0.806943,0.800489,0.802179,522.8248,517.1643,519.435471,498.890772,503.624362,502.375738
427,50000,8,0.806943,,0.806943,0.800489,0.802448,522.8248,517.1643,519.527035,498.890772,503.624362,502.226889
428,50000,8,0.806943,,0.806943,0.800936,0.802667,522.8248,517.1643,519.655818,498.890772,503.241299,502.143056
429,50000,8,0.806943,,0.806943,0.800936,0.802899,522.8248,517.5831,519.799389,498.890772,503.241299,502.057792
430,50000,8,0.806943,,0.806943,0.800936,0.803193,522.8248,517.3808,519.912965,498.890772,503.241299,501.904732
431,50000,8,0.806943,,0.806943,0.800936,0.803456,522.8248,517.5831,520.040312,498.890772,503.241299,501.785176
432,50000,8,0.806943,,0.806943,0.800936,0.803727,522.8248,516.861,520.11182,498.890772,503.241299,501.621231
433,50000,8,0.808343,,0.808343,0.800936,0.804037,522.8248,516.861,520.232257,498.826853,503.179608,501.460062
434,50000,8,0.808343,,0.808343,0.800941,0.804368,522.8248,516.5182,520.333348,498.826853,502.927203,501.270163
435,50000,8,0.809756,,0.809756,0.80193,0.804738,522.8248,516.5182,520.507565,498.571718,502.613611,501.097889
436,50000,8,0.809756,,0.809756,0.802226,0.804975,523.5005,517.7989,520.609851,498.571718,502.849694,500.981438
437,50000,8,0.810225,,0.810225,0.802231,0.805428,523.5005,518.5166,520.801094,498.110638,502.849694,500.756673
438,50000,8,0.810427,,0.810427,0.802231,0.805912,523.5005,518.5166,520.994624,498.090536,502.588291,500.508531
439,50000,8,0.810427,,0.810427,0.803416,0.806431,523.5005,518.9218,521.166566,498.090536,502.588291,500.219463
440,50000,8,0.810427,,0.810427,0.803416,0.806742,523.2858,518.9218,521.191935,498.090536,502.588291,499.993471
441,50000,8,0.810427,,0.810427,0.803603,0.807237,524.8767,518.1996,521.36613,498.090536,501.825767,499.723971
442,50000,8,0.810427,,0.810427,0.803603,0.807533,524.8767,518.9218,521.473261,498.090536,501.825767,499.565032
443,50000,8,0.811052,,0.811052,0.804648,0.807937,524.8767,518.6197,521.69768,497.84956,501.825767,499.400569
444,50000,8,0.811938,,0.811938,0.804648,0.808279,524.8767,519.6351,521.922585,497.678916,501.825767,499.283951
445,50000,8,0.811938,,0.811938,0.804648,0.808689,524.8767,519.6351,522.055048,497.622311,501.825767,499.053361
446,50000,8,0.811938,,0.811938,0.806308,0.808986,524.8767,519.6351,522.202241,497.622311,500.758029,498.920051
447,50000,8,0.811938,,0.811938,0.806318,0.809315,524.8767,519.6351,522.394139,497.622311,500.758029,498.792244
448,50000,8,0.811938,,0.811938,0.806818,0.80968,524.8767,519.6351,522.595472,497.431217,500.758029,498.642746
449,50000,8,0.811938,,0.811938,0.806818,0.809978,524.8767,519.6351,522.820453,497.431217,500.758029,498.560729
450,50000,8,0.811938,,0.811938,0.807985,0.810191,524.8767,521.1162,522.940084,497.431217,500.758029,498.475025
451,50000,8,0.811938,,0.811938,0.80786,0.810376,524.8767,521.1162,523.064071,497.431217,500.758029,498.413955
452,50000,8,0.811938,,0.811938,0.807985,0.810459,526.2297,521.1162,523.121538,497.431217,500.758029,498.387336
453,50000,8,0.811938,,0.811938,0.807985,0.810581,526.2297,521.4214,523.274235,497.678916,500.008631,498.394659
454,50000,8,0.811938,,0.811938,0.807985,0.810746,526.2297,521.4214,523.431524,497.678916,499.912958,498.371339
455,50000,8,0.811938,,0.811938,0.807985,0.810883,526.2297,521.4214,523.553625,497.557639,499.841049,498.34655
456,50000,8,0.812466,,0.812466,0.808669,0.810997,526.2297,521.8765,523.622322,497.557639,499.841049,498.303438
457,50000,8,0.812466,,0.812466,0.808669,0.811221,526.2297,521.8765,523.840334,497.557639,499.841049,498.274397
458,50000,8,0.812466,,0.812466,0.808669,0.811339,526.2297,521.8765,523.926847,497.557639,499.841049,498.240542
459,50000,8,0.812466,,0.812466,0.808669,0.811465,526.2297,521.8765,524.0536,497.557639,499.841049,498.226885
460,50000,8,0.812466,,0.812466,0.808669,0.811602,526.2297,521.8765,524.18316,497.557639,499.841049,498.206823
461,50000,8,0.812466,,0.812466,0.808669,0.811718,526.2297,521.8765,524.257262,497.557639,499.841049,498.166589
462,50000,8,0.812804,,0.812804,0.808669,0.8118,526.2297,521.8765,524.349792,497.309638,499.841049,498.164562
463,50000,8,0.812804,,0.812804,0.808669,0.8119,526.2297,521.8765,524.399642,497.309638,499.841049,498.120129
464,50000,8,0.813306,,0.813306,0.808669,0.812023,526.3413,521.8765,524.496967,496.909068,499.84009,498.088891
465,50000,8,0.813306,,0.813306,0.81098,0.812181,526.3413,522.5693,524.620622,496.909068,499.84009,498.048858
466,50000,8,0.813306,,0.813306,0.811267,0.812281,526.3413,523.342,524.679138,497.221215,499.84009,498.010319
467,50000,8,0.813306,,0.813306,0.811267,0.81238,526.3413,523.342,524.650369,496.840711,499.84009,497.913525
468,50000,8,0.813306,,0.813306,0.811325,0.812475,526.3413,523.6496,524.691577,496.840711,499.773031,497.866601
469,50000,8,0.813306,,0.813306,0.811844,0.812593,526.3413,523.6496,524.769254,496.840711,498.879736,497.827083
470,50000,8,0.813392,,0.813392,0.811938,0.812728,526.3413,523.6496,524.847196,496.840711,498.879736,497.773824
471,50000,8,0.814058,,0.814058,0.811938,0.812848,527.1382,523.7856,524.972785,496.840711,498.766246,497.764612
472,50000,8,0.814058,,0.814058,0.811938,0.813039,527.1382,523.7856,525.162008,496.840711,498.766246,497.742357
473,50000,8,0.814058,,0.814058,0.811938,0.813168,527.5649,523.7856,525.328843,496.840711,499.078393,497.753709
474,50000,8,0.814058,,0.814058,0.812466,0.813306,527.5649,524.2126,525.437487,497.006566,499.078393,497.718777
475,50000,8,0.8143,,0.8143,0.812466,0.813437,527.0392,524.2126,525.55124,497.006566,498.257989,497.692797
476,50000,8,0.8143,,0.8143,0.812466,0.813508,527.0392,524.2126,525.61111,497.006566,498.257989,497.67748
477,50000,8,0.814828,,0.814828,0.812804,0.813598,527.0392,524.4152,525.630021,496.916697,498.257989,497.619531
478,50000,8,0.814828,,0.814828,0.812804,0.813695,527.3348,524.4152,525.697238,496.916697,498.257989,497.589613
479,50000,8,0.814828,,0.814828,0.81321,0.813793,527.3348,524.4152,525.763576,496.916697,498.257989,497.557391
480,50000,8,0.814828,,0.814828,0.81321,0.813865,527.3348,524.4152,525.837887,496.916697,498.257989,497.551247
481,50000,8,0.814924,,0.814924,0.81321,0.814024,527.4662,524.4152,526.002836,496.916697,498.257989,497.537282
482,50000,8,0.81493,,0.81493,0.813306,0.814169,527.4662,524.4152,526.153347,496.916697,498.185099,497.525554
483,50000,8,0.81493,,0.81493,0.813306,0.814307,527.4662,524.4152,526.316499,496.916697,498.185099,497.527072
484,50000,8,0.815487,,0.815487,0.813392,0.814439,527.6688,525.1066,526.439616,496.916697,498.185099,497.506225
485,50000,8,0.815487,,0.815487,0.813556,0.814552,527.6688,525.1066,526.531719,496.916697,498.185099,497.480154
486,50000,8,0.815514,,0.815514,0.814084,0.814685,527.6688,525.5633,526.64983,496.542514,498.185099,497.455715
487,50000,8,0.815514,,0.815514,0.814104,0.814803,527.6688,525.5633,526.736086,496.542514,497.847971,497.421116
488,50000,8,0.815514,,0.815514,0.814104,0.814875,527.6688,525.5633,526.8069,496.542514,497.847971,497.412786
489,50000,8,0.815674,,0.815674,0.814178,0.814949,527.6688,525.7496,526.865955,496.7704,497.847971,497.394607
490,50000,8,0.815674,,0.815674,0.814178,0.815023,527.6688,525.7496,526.932059,496.7704,497.847971,497.380564
491,50000,8,0.815803,,0.815803,0.814178,0.815128,527.8145,525.7496,526.992732,496.7704,497.815822,497.339424
492,50000,8,0.815803,,0.815803,0.814178,0.815233,527.8145,525.7496,527.081364,496.7704,497.815822,497.317083
493,50000,8,0.815813,,0.815813,0.814178,0.815297,527.8145,525.7496,527.097507,496.746935,497.815822,497.277883
494,50000,8,0.816077,,0.816077,0.814178,0.815387,527.8145,525.7496,527.106176,496.746935,497.512749,497.213439
495,50000,8,0.816231,,0.816231,0.814178,0.815467,527.8145,525.7496,527.171375,496.746935,497.512749,497.194641
496,50000,8,0.816231,,0.816231,0.814178,0.815547,527.8145,525.7496,527.19519,496.746935,497.526884,497.148227
497,50000,8,0.816231,,0.816231,0.81493,0.81563,527.8145,526.3221,527.221643,496.746935,497.526884,497.101649
498,50000,8,0.816231,,0.816231,0.815016,0.815712,527.8145,526.3221,527.2456,496.746935,497.512749,497.053483
499,50000,8,0.816547,,0.816547,0.815066,0.815772,527.8145,526.7788,527.271255,496.658482,497.512749,497.024246
500,50000,8,0.816547,,0.816547,0.815066,0.815829,527.8145,526.7788,527.288557,496.658482,497.512749,496.991191
501,50000,8,0.816547,,0.816547,0.815419,0.815904,527.8145,526.7788,527.287891,496.658482,497.480434,496.932057
502,50000,8,0.816547,,0.816547,0.815668,0.81596,527.8145,526.7788,527.295476,496.658482,497.363571,496.893829
503,50000,8,0.816772,,0.816772,0.815668,0.816016,527.8145,526.7788,527.320205,496.575976,497.363571,496.866795
504,50000,8,0.817097,,0.817097,0.815674,0.816071,528.1575,526.7788,527.341207,496.443863,497.363571,496.837713
505,50000,8,0.817097,,0.817097,0.815674,0.816168,528.1575,526.7788,527.384319,496.443863,497.363571,496.790706
506,50000,8,0.817334,,0.817334,0.815674,0.816295,528.1575,526.7788,527.464531,496.272903,497.363571,496.745252
507,50000,8,0.817334,,0.817334,0.815803,0.816409,528.1575,526.9051,527.554403,496.272903,497.363571,496.716854
508,50000,8,0.817334,,0.817334,0.815803,0.816497,528.1575,526.9051,527.597307,496.272903,497.363571,496.676867
509,50000,8,0.817334,,0.817334,0.815813,0.816606,528.1575,526.9051,527.667795,496.272903,496.906002,496.639144
510,50000,8,0.819559,,0.819559,0.815983,0.816825,530.0045,526.9051,527.829615,495.578154,497.476915,496.577135
511,50000,8,0.819559,,0.819559,0.816163,0.816965,530.0045,527.0953,527.926049,495.331558,497.476915,496.53239
512,50000,8,0.819559,,0.819559,0.816302,0.817123,530.0045,527.0953,528.022925,495.578154,497.476915,496.473766
513,50000,8,0.819559,,0.819559,0.816469,0.81725,530.0045,527.0953,528.11317,495.578154,497.476915,496.435621
514,50000,8,0.819559,,0.819559,0.816469,0.817404,530.0045,527.1271,528.261887,495.632663,497.476915,496.414868
515,50000,8,0.819559,,0.819559,0.81649,0.817582,530.0045,527.1271,528.39268,495.632663,497.476915,496.36395
516,50000,8,0.819583,,0.819583,0.816547,0.817796,530.1334,527.1271,528.575806,495.632663,497.476915,496.31939
517,50000,8,0.82023,,0.82023,0.816547,0.817932,530.3817,527.3533,528.710158,495.631255,497.476915,496.303472
518,50000,8,0.82023,,0.82023,0.817097,0.81813,530.3817,527.468,528.803244,495.383185,497.476915,496.211253
519,50000,8,0.82023,,0.82023,0.817097,0.818304,530.3817,527.468,528.948873,495.383185,497.476915,496.173007
520,50000,8,0.820264,,0.820264,0.817097,0.81845,530.5825,527.468,529.061157,495.383185,497.476915,496.134599
521,50000,8,0.820264,,0.820264,0.817334,0.818666,530.5825,527.468,529.262058,495.383185,497.476915,496.100463
522,50000,8,0.820264,,0.820264,0.817334,0.818831,530.5825,527.468,529.369412,495.331558,497.476915,496.043554
523,50000,8,0.820735,,0.820735,0.817334,0.819007,530.8044,527.468,529.482215,494.509388,497.476915,495.982239
524,50000,8,0.820735,,0.820735,0.817334,0.819158,530.8044,527.9691,529.5265,494.509388,497.476915,495.89389
525,50000,8,0.820735,,0.820735,0.817539,0.819241,530.8044,528.2132,529.575881,494.509388,497.476915,495.862715
526,50000,8,0.820735,,0.820735,0.817539,0.819405,530.8044,528.2132,529.613693,494.509388,497.476915,495.759766
527,50000,8,0.821134,,0.821134,0.817539,0.819612,531.0052,528.2492,529.702321,494.509388,497.476915,495.65819
528,50000,8,0.821134,,0.821134,0.817539,0.819794,531.0052,528.2492,529.776703,494.509388,497.476915,495.565629
529,50000,8,0.82188,,0.82188,0.817539,0.819959,531.8633,528.2492,529.879507,494.509388,497.476915,495.506264
530,50000,8,0.82188,,0.82188,0.817539,0.82011,531.8633,528.8856,529.9759,494.810493,497.476915,495.45266
531,50000,8,0.82188,,0.82188,0.818852,0.820226,531.8633,529.0537,530.057082,494.810493,495.96811,495.416646
532,50000,8,0.82188,,0.82188,0.818852,0.820319,531.8633,529.0537,530.109563,494.810493,495.96811,495.379604
533,50000,8,0.82188,,0.82188,0.818852,0.820407,531.8633,529.0537,530.171718,494.553214,496.074074,495.352151
534,50000,8,0.82188,,0.82188,0.819559,0.820527,531.8633,529.0862,530.223668,494.553214,496.074074,495.293263
535,50000,8,0.82188,,0.82188,0.819559,0.820649,531.8633,528.7981,530.32269,494.174678,496.074074,495.264758
536,50000,8,0.82188,,0.82188,0.819714,0.820746,531.9341,528.7981,530.416405,494.174678,495.739354,495.251976
537,50000,8,0.822321,,0.822321,0.819906,0.820874,532.1367,528.7981,530.568439,494.174678,495.739354,495.253554
538,50000,8,0.822321,,0.822321,0.820264,0.821024,532.1367,528.7981,530.714974,494.174678,495.739354,495.23506
539,50000,8,0.822368,,0.822368,0.820485,0.82114,532.1367,529.8568,530.886713,494.553214,495.52019,495.259397
540,50000,8,0.822609,,0.822609,0.820485,0.821238,532.1367,529.8568,530.979019,494.553214,495.52019,495.244713
541,50000,8,0.822609,,0.822609,0.820485,0.821357,532.1367,529.5439,531.095809,494.553214,495.52019,495.230703
542,50000,8,0.822609,,0.822609,0.820485,0.82147,532.1367,529.8568,531.218983,494.553214,495.52019,495.224805
543,50000,8,0.822609,,0.822609,0.820572,0.821585,532.1367,530.0216,531.334888,494.553214,495.52019,495.213203
544,50000,8,0.822609,,0.822609,0.820572,0.821634,532.1367,529.8576,531.378947,494.344978,495.52019,495.204183
545,50000,8,0.822609,,0.822609,0.820572,0.821729,532.9717,529.8576,531.46023,494.344978,495.944512,495.18477
546,50000,8,0.822609,,0.822609,0.820572,0.821773,532.9717,529.8576,531.510543,494.344978,496.201791,495.183832
547,50000,8,0.823498,,0.823498,0.820572,0.821896,532.9717,529.8576,531.636114,494.344978,496.201791,495.172405
548,50000,8,0.823498,,0.823498,0.820578,0.821979,532.9717,529.8576,531.659375,494.344978,496.201791,495.122999
549,50000,8,0.824374,,0.824374,0.820741,0.82206,534.3534,529.8576,531.700823,494.344978,496.201791,495.087217
550,50000,8,0.824378,,0.824378,0.820741,0.822192,534.3534,529.8576,531.757142,494.344978,495.944512,495.022239
551,50000,8,0.824378,,0.824378,0.820741,0.822312,534.3534,529.8576,531.823364,494.344978,495.944512,494.973013
552,50000,8,0.824378,,0.824378,0.820741,0.822416,534.3534,529.8576,531.88582,494.344978,495.944512,494.933484
553,50000,8,0.824566,,0.824566,0.820741,0.822567,534.3534,529.8576,532.028119,494.344978,495.944512,494.911558
554,50000,8,0.824566,,0.824566,0.820875,0.822675,534.3534,529.8576,532.125789,494.344978,495.944512,494.892886
555,50000,8,0.824566,,0.824566,0.820875,0.822789,534.3534,529.8576,532.261554,494.344978,495.449603,494.894691
556,50000,8,0.824566,,0.824566,0.820875,0.822918,534.3534,529.8576,532.38969,494.344978,495.449603,494.880243
557,50000,8,0.824566,,0.824566,0.820875,0.823056,534.3534,530.7453,532.529958,494.344978,496.018361,494.866582
558,50000,8,0.824566,,0.824566,0.820875,0.823213,534.3534,530.7453,532.693423,494.344978,496.018361,494.853734
559,50000,8,0.824613,,0.824613,0.820875,0.823391,534.3534,530.7453,532.892433,494.344978,496.018361,494.847672
560,50000,8,0.824613,,0.824613,0.820875,0.823526,534.3534,530.862,533.041364,494.344978,496.018361,494.84268
561,50000,8,0.824613,,0.824613,0.821889,0.823606,534.3534,530.9479,533.133709,494.344978,496.018361,494.841645
562,50000,8,0.825713,,0.825713,0.822365,0.823751,535.1688,530.9479,533.259664,494.344978,495.193205,494.813173
563,50000,8,0.825713,,0.825713,0.822365,0.823883,535.1688,530.9479,533.371651,494.344978,495.193205,494.785444
564,50000,8,0.825713,,0.825713,0.822365,0.823969,535.1688,530.9479,533.461151,494.23349,495.193205,494.777942
565,50000,8,0.825713,,0.825713,0.822365,0.824079,535.1688,530.9479,533.568372,494.23349,495.189956,494.763846
566,50000,8,0.825713,,0.825713,0.822365,0.824288,535.1688,530.9479,533.782339,494.23349,495.281938,494.7443
567,50000,8,0.825713,,0.825713,0.822375,0.824421,535.1688,530.9479,533.929675,494.22682,495.189956,494.739356
568,50000,8,0.825713,,0.825713,0.822603,0.824574,535.1688,531.5399,534.071321,494.22682,495.189956,494.715145
569,50000,8,0.825713,,0.825713,0.822603,0.824716,535.1688,532.1466,534.168415,494.22682,495.116107,494.66924
570,50000,8,0.825901,,0.825901,0.823668,0.82485,535.1688,532.9229,534.241677,493.991416,495.056738,494.614005
571,50000,8,0.825901,,0.825901,0.823668,0.824917,535.1688,532.9229,534.259571,493.991416,495.056738,494.57368
572,50000,8,0.825901,,0.825901,0.823668,0.824959,535.1688,532.9229,534.229989,493.991416,495.056738,494.520992
573,50000,8,0.825901,,0.825901,0.823668,0.825046,535.1688,532.9229,534.277405,493.991416,495.056738,494.485277
574,50000,8,0.825984,,0.825984,0.823704,0.825137,535.1688,533.5506,534.3191,493.812409,495.162241,494.441965
575,50000,8,0.825984,,0.825984,0.824378,0.825201,535.2883,533.5506,534.304816,493.812409,495.056738,494.382506
576,50000,8,0.825984,,0.825984,0.824378,0.82525,535.2883,533.5506,534.296233,493.812409,495.056738,494.338657
577,50000,8,0.825984,,0.825984,0.824542,0.825332,535.2883,533.5506,534.357665,493.812409,494.982888,494.316076
578,50000,8,0.825984,,0.825984,0.824542,0.825389,535.2883,533.5506,534.346007,493.812409,494.982888,494.26332
579,50000,8,0.825984,,0.825984,0.824542,0.825473,535.2883,533.5506,534.379275,493.812409,494.982888,494.219933
580,50000,8,0.825984,,0.825984,0.824542,0.82552,535.1688,533.5506,534.34387,493.812409,494.982888,494.159623
581,50000,8,0.825984,,0.825984,0.824542,0.825603,535.1688,533.5506,534.310341,493.812409,494.982888,494.072773
582,50000,8,0.825984,,0.825984,0.824626,0.825656,535.1688,533.6313,534.30335,493.812409,494.747484,494.026867
583,50000,8,0.825984,,0.825984,0.824813,0.82571,535.1688,533.6313,534.287294,493.812409,494.676233,493.973733
584,50000,8,0.826093,,0.826093,0.825152,0.825751,534.7728,533.6313,534.286782,493.812409,494.676233,493.9413
585,50000,8,0.826093,,0.826093,0.825152,0.825795,534.7728,533.6313,534.264297,493.812409,494.676233,493.892398
586,50000,8,0.826093,,0.826093,0.825152,0.825837,534.7728,533.6313,534.277524,493.812409,494.676233,493.868131
587,50000,8,0.826093,,0.826093,0.825152,0.825875,534.7728,533.6313,534.301299,493.812409,494.676233,493.854611
588,50000,8,0.826093,,0.826093,0.825218,0.82594,534.7728,533.6313,534.347115,493.812409,493.999999,493.834777
589,50000,8,0.826093,,0.826093,0.825218,0.82596,534.7728,533.6313,534.382149,493.812409,493.999999,493.842053
590,50000,8,0.826093,,0.826093,0.825218,0.825972,534.7728,533.6313,534.405768,493.812409,493.999999,493.848505
591,50000,8,0.826101,,0.826101,0.825218,0.826002,534.7728,533.6313,534.449344,493.801713,493.999999,493.854623
592,50000,8,0.826101,,0.826101,0.825984,0.826015,534.7728,534.366,534.474158,493.801713,493.999999,493.860968
593,50000,8,0.826101,,0.826101,0.825984,0.826025,534.7728,534.366,534.502151,493.801713,493.999999,493.871903
594,50000,8,0.826101,,0.826101,0.825984,0.826037,534.7728,534.366,534.53828,493.801713,493.999999,493.886589
595,50000,8,0.828692,,0.828692,0.821425,0.825996,537.4435,529.8412,534.520642,492.678265,495.078831,493.907429
596,50000,8,0.828692,,0.828692,0.825984,0.826144,537.4435,533.9931,534.671717,492.678265,495.078831,493.893033
597,50000,8,0.828692,,0.828692,0.825984,0.826216,537.4435,533.3448,534.742229,492.678265,495.078831,493.884255
598,50000,8,0.828692,,0.828692,0.825984,0.826292,537.4435,533.3448,534.804992,492.678265,495.078831,493.866819
599,50000,8,0.829447,,0.829447,0.825984,0.826421,537.4435,533.6556,534.877778,492.664273,495.078831,493.814779
600,50000,8,0.829447,,0.829447,0.825984,0.826518,537.4435,533.6556,534.868627,492.664273,495.078831,493.732696
601,50000,8,0.829447,,0.829447,0.825984,0.826575,537.4435,533.6556,534.9203,492.664273,495.078831,493.72336
602,50000,8,0.829447,,0.829447,0.825984,0.826659,537.4435,533.6556,534.960118,492.664273,495.078831,493.684489
603,50000,8,0.829447,,0.829447,0.825984,0.826758,537.4435,533.6556,535.09202,492.664273,495.10039,493.695301
604,50000,8,0.829447,,0.829447,0.825984,0.826907,537.4435,533.6556,535.125577,492.664273,495.10039,493.601693
605,50000,8,0.829447,,0.829447,0.826093,0.827046,537.4435,533.6556,535.124605,492.613978,495.078831,493.49258
606,50000,8,0.829447,,0.829447,0.826093,0.827252,537.5951,533.9931,535.240709,492.613978,495.078831,493.409588
607,50000,8,0.829447,,0.829447,0.826101,0.827445,537.5951,533.9931,535.378144,492.613978,495.078831,493.351553
608,50000,8,0.829447,,0.829447,0.826101,0.827629,537.5951,533.9931,535.54067,492.613978,494.673457,493.316673
609,50000,8,0.829447,,0.829447,0.826101,0.827806,538.0848,533.9931,535.694281,492.619953,494.591496,493.281711
610,50000,8,0.829723,,0.829723,0.826101,0.828023,538.0848,533.9931,535.847932,492.274302,494.496414,493.215484
611,50000,8,0.829723,,0.829723,0.826101,0.828186,538.0848,533.9931,535.924888,492.274302,494.457829,493.139854
612,50000,8,0.829723,,0.829723,0.826101,0.828344,537.73,533.9931,536.006402,492.274302,494.468524,493.07098
613,50000,8,0.829723,,0.829723,0.826101,0.828479,537.73,533.9931,536.124777,492.274302,494.468524,493.045404
614,50000,8,0.829723,,0.829723,0.826101,0.828608,537.73,533.9931,536.232098,492.274302,494.468524,493.016698
615,50000,8,0.830451,,0.830451,0.826799,0.828723,537.7738,534.1057,536.297035,492.274302,494.468524,492.970673
616,50000,8,0.830451,,0.830451,0.826799,0.828845,538.3803,534.1272,536.361398,492.274302,494.468524,492.918025
617,50000,8,0.830451,,0.830451,0.826799,0.828999,538.3803,534.1321,536.495531,492.182407,494.322553,492.888339
618,50000,8,0.830451,,0.830451,0.826799,0.829099,537.7738,534.7837,536.552814,492.182407,493.884446,492.848123
619,50000,8,0.830451,,0.830451,0.826918,0.829204,537.7738,534.7837,536.622796,492.182407,493.884446,492.813628
620,50000,8,0.830451,,0.830451,0.826918,0.829272,537.7738,534.7837,536.681746,492.182407,493.884446,492.799804
621,50000,8,0.830455,,0.830455,0.826918,0.829347,537.7738,534.7837,536.733967,492.182407,493.881198,492.776204
622,50000,8,0.830455,,0.830455,0.826918,0.829487,537.7738,534.7837,536.851143,492.182407,493.881198,492.74584
623,50000,8,0.830455,,0.830455,0.826918,0.829599,537.7738,534.7837,536.926935,492.242697,493.692369,492.708824
624,50000,8,0.830455,,0.830455,0.827726,0.829712,537.7738,535.0554,537.011968,492.017509,493.216944,492.678211
625,50000,8,0.830455,,0.830455,0.828705,0.829803,537.7738,535.6793,537.077841,492.017509,493.216944,492.650961
626,50000,8,0.830856,,0.830856,0.828705,0.829896,537.7738,535.6793,537.178772,492.017509,493.216944,492.646091
627,50000,8,0.830856,,0.830856,0.828972,0.829981,538.1211,535.9254,537.291406,492.017509,493.216944,492.655521
628,50000,8,0.830856,,0.830856,0.828972,0.830082,538.1211,535.9254,537.394713,492.017509,493.216944,492.646021
629,50000,8,0.830856,,0.830856,0.829036,0.830148,538.1211,535.9254,537.42114,492.017509,493.216944,492.612248
630,50000,8,0.83086,,0.83086,0.829036,0.830193,538.1211,535.9254,537.429721,492.017509,493.216944,492.58283
631,50000,8,0.83086,,0.83086,0.829036,0.830279,538.3933,535.9254,537.501038,492.017509,493.216944,492.56317
632,50000,8,0.830866,,0.830866,0.829036,0.830362,538.3933,535.8181,537.586722,492.017509,493.151775,492.556432
633,50000,8,0.831406,,0.831406,0.829649,0.830502,538.3933,536.2796,537.703073,492.017509,493.151775,492.524581
634,50000,8,0.831406,,0.831406,0.829649,0.830582,538.3933,536.2796,537.791448,492.017509,493.151775,492.521817
635,50000,8,0.831406,,0.831406,0.829925,0.830656,538.3933,536.2796,537.861806,492.017509,492.927013,492.510924
636,50000,8,0.831406,,0.831406,0.830139,0.830716,538.3933,537.2445,537.931183,492.221971,492.927013,492.51096
637,50000,8,0.83141,,0.83141,0.830139,0.830788,538.5959,537.2445,537.986444,492.218723,492.927013,492.491782
638,50000,8,0.83141,,0.83141,0.830404,0.83087,538.5959,537.2445,538.038161,492.218723,492.935012,492.462771
639,50000,8,0.83141,,0.83141,0.830465,0.830945,538.5959,537.631,538.079566,492.218723,492.935012,492.431765
640,50000,8,0.831551,,0.831551,0.830569,0.831018,538.5959,537.631,538.14063,492.218723,492.935012,492.415922
641,50000,8,0.831551,,0.831551,0.830653,0.831068,538.5959,537.7738,538.165135,492.218723,492.869843,492.392801
642,50000,8,0.831602,,0.831602,0.830658,0.831136,538.9226,537.7738,538.224285,492.218723,492.866,492.379534
643,50000,8,0.831602,,0.831602,0.830658,0.831178,538.9226,537.7738,538.275753,492.218723,492.866,492.381463
644,50000,8,0.831602,,0.831602,0.83086,0.83123,538.9226,537.7738,538.316107,492.218723,492.623941,492.367615
645,50000,8,0.832091,,0.832091,0.830865,0.831287,539.1252,537.7738,538.354096,492.218723,492.623941,492.348834
646,50000,8,0.832091,,0.832091,0.83087,0.831349,539.1252,537.7738,538.399084,492.210724,492.623941,492.330827
647,50000,8,0.832165,,0.832165,0.83087,0.831399,539.1252,537.7738,538.441757,492.180764,492.623941,492.320412
648,50000,8,0.832165,,0.832165,0.830995,0.831471,539.1252,537.8387,538.505822,492.180764,492.623941,492.307416
649,50000,8,0.832165,,0.832165,0.830995,0.831521,539.1252,537.8387,538.578061,492.180764,492.623941,492.316475
650,50000,8,0.832165,,0.832165,0.831142,0.8316,539.1252,538.3031,538.68148,492.180764,492.623941,492.324457
651,50000,8,0.832165,,0.832165,0.831339,0.831703,539.1252,538.3031,538.759506,492.180764,492.554452,492.29631
652,50000,8,0.832165,,0.832165,0.831349,0.831807,539.4206,538.3031,538.861192,492.180764,492.554452,492.283329
653,50000,8,0.832165,,0.832165,0.83141,0.831896,539.4206,538.3031,538.94827,492.180764,492.554452,492.272365
654,50000,8,0.832165,,0.832165,0.83141,0.831964,539.4206,538.3031,539.002341,492.180764,492.586939,492.255585
655,50000,8,0.832502,,0.832502,0.83142,0.832032,539.4206,538.3031,539.058708,492.116105,492.586939,492.239728
656,50000,8,0.832502,,0.832502,0.83142,0.832063,539.4206,538.3031,539.088075,492.116105,492.586939,492.235656
657,50000,8,0.832502,,0.832502,0.831426,0.832096,539.4206,538.5959,539.118994,492.116105,492.586939,492.230109
658,50000,8,0.832502,,0.832502,0.831731,0.832125,539.4206,538.9824,539.135588,492.116105,492.519441,492.218981
659,50000,8,0.832502,,0.832502,0.831731,0.832148,539.4206,539.1252,539.13997,492.116105,492.519441,492.204051
660,50000,8,0.832545,,0.832545,0.831731,0.832169,539.4562,539.1252,539.14736,492.106318,492.519441,492.192651
661,50000,8,0.832545,,0.832545,0.831731,0.832187,539.4562,539.1252,539.15168,492.106318,492.519441,492.181027
662,50000,8,0.832545,,0.832545,0.832091,0.8322,539.4562,539.1252,539.15168,492.106318,492.238529,492.171029
663,50000,8,0.832545,,0.832545,0.832091,0.832211,539.4562,539.1252,539.15931,492.106318,492.238529,492.167479
664,50000,8,0.832835,,0.832835,0.832101,0.832237,539.6034,539.1252,539.179112,491.978954,492.237865,492.160713
665,50000,8,0.832835,,0.832835,0.832136,0.832264,539.6034,539.1252,539.197548,491.978954,492.237865,492.151848
666,50000,8,0.832835,,0.832835,0.832165,0.832291,539.6034,539.1252,539.214618,491.978954,492.237865,492.142071
667,50000,8,0.832835,,0.832835,0.832165,0.83231,539.6034,539.1252,539.23096,491.978954,492.237865,492.138293
668,50000,8,0.832835,,0.832835,0.832165,0.83234,539.6034,539.1252,539.255278,491.978954,492.237865,492.131111
669,50000,8,0.832835,,0.832835,0.832165,0.83237,539.6034,539.1252,539.280249,491.978954,492.237865,492.124819
670,50000,8,0.832835,,0.832835,0.832165,0.832428,539.6034,539.1252,539.326506,491.978954,492.180764,492.1107
671,50000,8,0.833013,,0.833013,0.832165,0.832465,539.74,539.1252,539.356673,491.931329,492.180764,492.101693
672,50000,8,0.833013,,0.833013,0.832165,0.832514,539.74,539.1252,539.398599,491.931329,492.180764,492.091648
673,50000,8,0.833013,,0.833013,0.83222,0.832565,539.74,539.1252,539.442478,491.931329,492.138068,492.081545
674,50000,8,0.833013,,0.833013,0.83222,0.832608,539.74,539.1252,539.477553,491.931329,492.137754,492.071699
675,50000,8,0.833013,,0.833013,0.832317,0.83264,539.74,539.2378,539.500718,491.931329,492.137403,492.061887
676,50000,8,0.833013,,0.833013,0.832317,0.832673,539.74,539.2378,539.523846,491.931329,492.137403,492.051561
677,50000,8,0.83317,,0.83317,0.832317,0.832708,539.9344,539.2378,539.546649,491.931329,492.137403,492.039923
678,50000,8,0.83317,,0.83317,0.832317,0.832743,539.9344,539.2378,539.572016,491.931329,492.137403,492.029179
679,50000,8,0.833289,,0.833289,0.832545,0.832789,540.0354,539.4562,539.60715,491.914117,492.106318,492.016907
680,50000,8,0.833338,,0.833338,0.829822,0.832687,540.071,536.8136,539.509827,491.503299,493.3266,492.031442
681,50000,8,0.833486,,0.833486,0.830997,0.832858,540.0801,539.4562,539.665812,491.790028,493.3266,492.002595
682,50000,8,0.833486,,0.833486,0.832555,0.832921,540.0801,539.4562,539.700736,491.790028,492.09832,491.977083
683,50000,8,0.833486,,0.833486,0.832555,0.832973,540.0801,539.4562,539.740878,491.790028,492.09832,491.963292
684,50000,8,0.833486,,0.833486,0.832674,0.833018,540.0801,539.5572,539.778609,491.790028,492.07323,491.953233
685,50000,8,0.833486,,0.833486,0.832723,0.83305,540.0801,539.5928,539.805675,491.790028,492.058693,491.94653
686,50000,8,0.833486,,0.833486,0.832723,0.833101,540.0801,539.5928,539.845449,491.790028,492.058693,491.933403
687,50000,8,0.833486,,0.833486,0.832723,0.833163,540.0801,539.5928,539.892977,491.790028,492.058693,491.91662
688,50000,8,0.833486,,0.833486,0.832723,0.833199,540.0801,539.5928,539.920967,491.790028,492.058693,491.907813
689,50000,8,0.833486,,0.833486,0.832723,0.833237,540.0801,539.5928,539.945223,491.790028,492.058693,491.89407
690,50000,8,0.833486,,0.833486,0.832871,0.833274,540.0801,539.6019,539.967614,491.790028,491.949141,491.879962
691,50000,8,0.833486,,0.833486,0.832871,0.833315,540.1836,539.6019,539.996339,491.790028,491.949141,491.867278
692,50000,8,0.833486,,0.833486,0.832871,0.833353,540.1836,539.6019,540.018596,491.790028,491.949141,491.852682
693,50000,8,0.833486,,0.833486,0.832871,0.833399,540.1836,539.6019,540.047001,491.790028,491.949141,491.836098
694,50000,8,0.833486,,0.833486,0.832871,0.833433,540.1836,539.6019,540.06564,491.790028,491.949141,491.822072
695,50000,8,0.833486,,0.833486,0.832871,0.833446,540.1836,539.6019,540.070877,491.790028,491.949141,491.815083
696,50000,8,0.833486,,0.833486,0.833338,0.833466,540.1836,540.071,540.080896,491.790028,491.89958,491.806583
697,50000,8,0.833486,,0.833486,0.833338,0.833471,540.1836,540.071,540.082295,491.790028,491.89958,491.80353
698,50000,8,0.833486,,0.833486,0.833348,0.833474,540.1836,540.071,540.082477,491.790028,491.898915,491.801419
699,50000,8,0.833486,,0.833486,0.833348,0.83348,540.1836,540.071,540.083967,491.790028,491.898915,491.79743
700,50000,8,0.833486,,0.833486,0.833348,0.833483,540.1836,540.071,540.084149,491.790028,491.898915,491.795399
701,50000,8,0.833584,,0.833584,0.833436,0.833485,540.1927,540.0801,540.085366,491.789364,491.898915,491.794377
702,50000,8,0.833584,,0.833584,0.833436,0.833488,540.1927,540.0801,540.085548,491.789364,491.898915,491.792186
703,50000,8,0.833584,,0.833584,0.833486,0.833494,540.1927,540.0801,540.089108,491.789364,491.790028,491.789975
704,50000,8,0.833584,,0.833584,0.833486,0.833497,540.1927,540.0801,540.092486,491.789364,491.790028,491.789955
705,50000,8,0.833584,,0.833584,0.833486,0.833501,540.1927,540.0801,540.09699,491.789364,491.790028,491.789929
706,50000,8,0.833584,,0.833584,0.833486,0.833504,540.1927,540.0801,540.100368,491.789364,491.790028,491.789909
707,50000,8,0.833584,,0.833584,0.833486,0.833508,540.1927,540.0801,540.104872,491.789364,491.790028,491.789882
708,50000,8,0.833584,,0.833584,0.833486,0.833511,540.1927,540.0801,540.10825,491.789364,491.790028,491.789862
709,50000,8,0.833584,,0.833584,0.833486,0.833512,540.1927,540.0801,540.109376,491.789364,491.790028,491.789856
710,50000,8,0.833584,,0.833584,0.833486,0.833516,540.1927,540.0801,540.11388,491.789364,491.790028,491.789829
711,50000,8,0.833584,,0.833584,0.833486,0.83352,540.1927,540.0801,540.11951,491.789364,491.790028,491.789796
712,50000,8,0.833584,,0.833584,0.833486,0.833525,540.1927,540.0801,540.12514,491.789364,491.790028,491.789763
713,50000,8,0.833584,,0.833584,0.833486,0.833529,540.1927,540.0801,540.129644,491.789364,491.790028,491.789736
714,50000,8,0.833584,,0.833584,0.833486,0.833533,540.1927,540.0801,540.134148,491.789364,491.790028,491.789709
715,50000,8,0.833584,,0.833584,0.833486,0.833538,540.1927,540.0801,540.139778,491.789364,491.790028,491.789676
716,50000,8,0.833584,,0.833584,0.833486,0.833543,540.1927,540.0801,540.145408,491.789364,491.790028,491.789643
717,50000,8,0.833584,,0.833584,0.833486,0.833549,540.1927,540.0801,540.152164,491.789364,491.790028,491.789603
718,50000,8,0.833584,,0.833584,0.833486,0.833554,540.1927,540.0801,540.157794,491.789364,491.790028,491.78957
719,50000,8,0.833584,,0.833584,0.833486,0.833559,540.1927,540.0801,540.163424,491.789364,491.790028,491.789537
720,50000,8,0.833584,,0.833584,0.833486,0.833562,540.1927,540.0801,540.167928,491.789364,491.790028,491.78951
721,50000,8,0.833584,,0.833584,0.833486,0.833566,540.1927,540.0801,540.172432,491.789364,491.790028,491.789484
722,50000,8,0.833584,,0.833584,0.833486,0.833567,540.1927,540.0801,540.173558,491.789364,491.790028,491.789477
723,50000,8,0.833584,,0.833584,0.833486,0.833572,540.1927,540.0801,540.179188,491.789364,491.790028,491.789444
724,50000,8,0.833584,,0.833584,0.833486,0.833576,540.1927,540.0801,540.183692,491.789364,491.790028,491.789417
725,50000,8,0.833584,,0.833584,0.833486,0.833579,540.1927,540.0801,540.18707,491.789364,491.790028,491.789397
726,50000,8,0.833584,,0.833584,0.833486,0.83358,540.1927,540.0801,540.188196,491.789364,491.790028,491.789391
727,50000,8,0.833584,,0.833584,0.833486,0.833581,540.1927,540.0801,540.189322,491.789364,491.790028,491.789384
728,50000,8,0.833584,,0.833584,0.833486,0.833582,540.1927,540.0801,540.190448,491.789364,491.790028,491.789377
729,50000,8,0.833584,,0.833584,0.833486,0.833582,540.1927,540.0801,540.190448,491.789364,491.790028,491.789377
730,50000,8,0.833584,,0.833584,0.833584,0.833584,540.1927,540.1927,540.1927,491.789364,491.789364,491.789364
731,50000,8,0.833584,,0.833584,0.833584,0.833584,540.1927,540.1927,540.1927,491.789364,491.789364,491.789364
732,50000,8,0.833584,,0.833584,0.833584,0.833584,540.1927,540.1927,540.1927,491.789364,491.789364,491.789364
733,50000,8,0.833584,,0.833584,0.833584,0.833584,540.1927,540.1927,540.1927,491.789364,491.789364,491.789364
734,50000,8,0.833584,,0.833584,0.833584,0.833584,540.1927,540.1927,540.1927,491.789364,491.789364,491.789364
735,50000,8,0.833584,,0.833584,0.833584,0.833584,540.1927,540.1927,540.1927,491.789364,491.789364,491.789364
736,50000,8,0.833584,,0.833584,0.833584,0.833584,540.1927,540.1927,540.1927,491.789364,491.789364,491.789364
737,50000,8,0.833584,,0.833584,0.833584,0.833584,540.1927,540.1927,540.1927,491.789364,491.789364,491.789364
738,50000,8,0.833589,,0.833589,0.833584,0.833584,540.1927,540.1927,540.1927,491.785209,491.789364,491.789322
739,50000,8,0.833589,,0.833589,0.833584,0.833584,540.1927,540.1927,540.1927,491.785209,491.789364,491.789281
740,50000,8,0.833589,,0.833589,0.833584,0.833584,540.1927,540.1927,540.1927,491.785209,491.789364,491.789198
741,50000,8,0.833589,,0.833589,0.833584,0.833584,540.1927,540.1927,540.1927,491.785209,491.789364,491.789156
742,50000,8,0.833589,,0.833589,0.833584,0.833584,540.1927,540.1927,540.1927,491.785209,491.789364,491.789073
743,50000,8,0.833589,,0.833589,0.833584,0.833584,540.1927,540.1927,540.1927,491.785209,491.789364,491.789032
744,50000,8,0.833589,,0.833589,0.833584,0.833584,540.1927,540.1927,540.1927,491.785209,491.789364,491.788907
745,50000,8,0.833589,,0.833589,0.833584,0.833585,540.1927,540.1927,540.1927,491.785209,491.789364,491.788782
746,50000,8,0.833589,,0.833589,0.833584,0.833585,540.1927,540.1927,540.1927,491.785209,491.789364,491.788616
747,50000,8,0.833589,,0.833589,0.833584,0.833585,540.1927,540.1927,540.1927,491.785209,491.789364,491.788533
748,50000,8,0.833589,,0.833589,0.833584,0.833585,540.1927,540.1927,540.1927,491.785209,491.789364,491.788408
749,50000,8,0.833589,,0.833589,0.833584,0.833585,540.1927,540.1927,540.1927,491.785209,491.789364,491.788367
750,50000,8,0.833589,,0.833589,0.833584,0.833585,540.1927,540.1927,540.1927,491.785209,491.789364,491.788284
751,50000,8,0.833589,,0.833589,0.833584,0.833585,540.1927,540.1927,540.1927,491.785209,491.789364,491.788117
752,50000,8,0.833589,,0.833589,0.833584,0.833586,540.1927,540.1927,540.1927,491.785209,491.789364,491.787826
753,50000,8,0.833589,,0.833589,0.833584,0.833586,540.1927,540.1927,540.1927,491.785209,491.789364,491.787743
754,50000,8,0.833589,,0.833589,0.833584,0.833586,540.1927,540.1927,540.1927,491.785209,491.789364,491.787536
755,50000,8,0.833589,,0.833589,0.833584,0.833587,540.1927,540.1927,540.1927,491.785209,491.789364,491.787328
756,50000,8,0.833589,,0.833589,0.833584,0.833587,540.1927,540.1927,540.1927,491.785209,491.789364,491.78712
757,50000,8,0.833589,,0.833589,0.833584,0.833587,540.1927,540.1927,540.1927,491.785209,491.789364,491.786912
758,50000,8,0.833589,,0.833589,0.833584,0.833587,540.1927,540.1927,540.1927,491.785209,491.789364,491.786746
759,50000,8,0.833589,,0.833589,0.833584,0.833588,540.1927,540.1927,540.1927,491.785209,491.789364,491.786455
760,50000,8,0.833589,,0.833589,0.833584,0.833588,540.1927,540.1927,540.1927,491.785209,491.789364,491.786164
761,50000,8,0.833589,,0.833589,0.833584,0.833588,540.1927,540.1927,540.1927,491.785209,491.789364,491.785957
762,50000,8,0.833589,,0.833589,0.833584,0.833588,540.1927,540.1927,540.1927,491.785209,491.789364,491.785873
763,50000,8,0.833589,,0.833589,0.833584,0.833588,540.1927,540.1927,540.1927,491.785209,491.789364,491.785832
764,50000,8,0.833589,,0.833589,0.833584,0.833589,540.1927,540.1927,540.1927,491.785209,491.789364,491.785707
765,50000,8,0.8338,,0.8338,0.833338,0.833585,540.3982,540.071,540.194561,491.687651,491.89958,491.789459
766,50000,8,0.8338,,0.8338,0.833338,0.833597,540.3982,540.071,540.199192,491.687651,491.89958,491.783495
767,50000,8,0.8338,,0.8338,0.833584,0.833606,540.3982,540.1927,540.202187,491.687651,491.798249,491.778708
768,50000,8,0.8338,,0.8338,0.833584,0.833611,540.3982,540.1927,540.203556,491.687651,491.798249,491.775698
769,50000,8,0.833888,,0.833888,0.833584,0.83362,540.3982,540.1927,540.208755,491.686986,491.798249,491.771615
770,50000,8,0.833962,,0.833962,0.833584,0.833636,540.3982,540.1927,540.216566,491.629221,491.798249,491.764855
771,50000,8,0.833962,,0.833962,0.833589,0.833656,540.3982,540.1927,540.229167,491.629221,491.798249,491.757383
772,50000,8,0.833962,,0.833962,0.833589,0.833673,540.3982,540.1927,540.242165,491.629221,491.798249,491.753168
773,50000,8,0.833962,,0.833962,0.833589,0.833699,540.3982,540.1927,540.259168,491.629221,491.798249,491.744101
774,50000,8,0.833962,,0.833962,0.833589,0.833721,540.3982,540.1927,540.272307,491.629221,491.798249,491.735688
775,50000,8,0.833962,,0.833962,0.833589,0.833739,540.3982,540.1927,540.284179,491.629221,491.798249,491.729415
776,50000,8,0.833962,,0.833962,0.833589,0.833758,540.3982,540.1927,540.294414,491.629221,491.785209,491.722021
777,50000,8,0.833962,,0.833962,0.833589,0.833773,540.3982,540.1927,540.30456,491.629221,491.796032,491.717166
778,50000,8,0.833962,,0.833962,0.833589,0.833788,540.3982,540.1927,540.310442,491.629221,491.796032,491.709353
779,50000,8,0.833962,,0.833962,0.833589,0.8338,540.3942,540.1927,540.315081,491.629221,491.796032,491.702852
780,50000,8,0.833962,,0.833962,0.833589,0.833817,540.3942,540.1927,540.324784,491.629221,491.796032,491.695672
781,50000,8,0.833962,,0.833962,0.833589,0.833834,540.3942,540.1927,540.334484,491.629221,491.796032,491.689152
782,50000,8,0.833962,,0.833962,0.833589,0.833845,540.3942,540.1927,540.338748,491.629221,491.796032,491.683527
783,50000,8,0.833962,,0.833962,0.833589,0.833858,540.3942,540.1927,540.344864,491.629221,491.796032,491.677212
784,50000,8,0.833962,,0.833962,0.833589,0.833875,540.3942,540.1927,540.353988,491.629221,491.785209,491.670095
785,50000,8,0.834058,,0.834058,0.833589,0.833889,540.4825,540.1927,540.359993,491.61394,491.785209,491.663322
786,50000,8,0.834058,,0.834058,0.833589,0.833901,540.4825,540.1927,540.368053,491.61394,491.785209,491.659393
787,50000,8,0.834058,,0.834058,0.833589,0.833912,540.4825,540.1927,540.371545,491.61394,491.785209,491.653223
788,50000,8,0.834058,,0.834058,0.833589,0.833925,540.4825,540.1927,540.375507,491.600809,491.785209,491.646012
789,50000,8,0.834132,,0.834132,0.833589,0.833936,540.4825,540.1927,540.383318,491.556175,491.785209,491.642182
790,50000,8,0.834132,,0.834132,0.833759,0.833956,540.4825,540.281,540.394193,491.556175,491.740575,491.634087
791,50000,8,0.834132,,0.834132,0.833759,0.833973,540.4825,540.281,540.404321,491.556175,491.712163,491.627972
792,50000,8,0.834132,,0.834132,0.833833,0.833986,540.4825,540.281,540.415098,491.556175,491.686986,491.624788
793,50000,8,0.834132,,0.834132,0.833888,0.834001,540.4825,540.3459,540.424494,491.556175,491.686986,491.619644
794,50000,8,0.834132,,0.834132,0.833888,0.834012,540.4825,540.3459,540.429973,491.556175,491.686986,491.614537
795,50000,8,0.834132,,0.834132,0.833888,0.834024,540.4825,540.3942,540.436169,491.556175,491.686986,491.608942
796,50000,8,0.834132,,0.834132,0.833888,0.83404,540.4825,540.3942,540.442999,491.556175,491.686986,491.60156
797,50000,8,0.834132,,0.834132,0.833962,0.834048,540.4825,540.3942,540.446297,491.556175,491.629221,491.597099
798,50000,8,0.834132,,0.834132,0.833962,0.834057,540.4825,540.3942,540.450712,491.556175,491.629221,491.592869
799,50000,8,0.834132,,0.834132,0.833962,0.83407,540.4825,540.3942,540.455127,491.556175,491.629221,491.586329
800,50000,8,0.834132,,0.834132,0.833962,0.834076,540.4825,540.3942,540.458659,491.556175,491.629221,491.583985
801,50000,8,0.834132,,0.834132,0.833962,0.834082,540.4825,540.3942,540.462191,491.556175,491.629221,491.581063
802,50000,8,0.834132,,0.834132,0.833962,0.83409,540.4825,540.3942,540.466606,491.556175,491.629221,491.577988
803,50000,8,0.834132,,0.834132,0.833962,0.8341,540.4825,540.3942,540.471021,491.556175,491.629221,491.573181
804,50000,8,0.834132,,0.834132,0.833962,0.834108,540.4825,540.3942,540.474553,491.556175,491.629221,491.569103
805,50000,8,0.834132,,0.834132,0.833962,0.834113,540.4825,540.3942,540.477202,491.556175,491.629221,491.56749
806,50000,8,0.834132,,0.834132,0.833962,0.834115,540.4825,540.3942,540.478968,491.556175,491.629221,491.566606
807,50000,8,0.834132,,0.834132,0.833962,0.834118,540.4825,540.3942,540.480734,491.556175,491.629221,491.565723
808,50000,8,0.834132,,0.834132,0.833962,0.834121,540.4825,540.3942,540.481617,491.556175,491.629221,491.563837
809,50000,8,0.834132,,0.834132,0.834058,0.834124,540.4825,540.4825,540.4825,491.556175,491.61394,491.561952
810,50000,8,0.834132,,0.834132,0.834058,0.834126,540.4825,540.4825,540.4825,491.556175,491.61394,491.560796
811,50000,8,0.834132,,0.834132,0.834058,0.834127,540.4825,540.4825,540.4825,491.556175,491.61394,491.560219
812,50000,8,0.834132,,0.834132,0.834058,0.83413,540.4825,540.4825,540.4825,491.556175,491.61394,491.557908
813,50000,8,0.834132,,0.834132,0.834132,0.834132,540.4825,540.4825,540.4825,491.556175,491.556175,491.556175
814,50000,8,0.834132,,0.834132,0.834132,0.834132,540.4825,540.4825,540.4825,491.556175,491.556175,491.556175
815,50000,8,0.834132,,0.834132,0.834132,0.834132,540.4825,540.4825,540.4825,491.556175,491.556175,491.556175
816,50000,8,0.834132,,0.834132,0.834132,0.834132,540.4825,540.4825,540.4825,491.556175,491.556175,491.556175
817,50000,8,0.834132,,0.834132,0.834132,0.834132,540.4825,540.4825,540.4825,491.556175,491.556175,491.556175
818,50000,8,0.834132,,0.834132,0.834132,0.834132,540.4825,540.4825,540.4825,491.556175,491.556175,491.556175
819,50000,8,0.834132,,0.834132,0.834132,0.834132,540.4825,540.4825,540.4825,491.556175,491.556175,491.556175
820,50000,8,0.834132,,0.834132,0.834132,0.834132,540.4825,540.4825,540.4825,491.556175,491.556175,491.556175
821,50000,8,0.834132,,0.834132,0.834132,0.834132,540.4825,540.4825,540.4825,491.556175,491.556175,491.556175
822,50000,8,0.834132,,0.834132,0.834132,0.834132,540.4825,540.4825,540.4825,491.556175,491.556175,491.556175
823,50000,8,0.834132,,0.834132,0.834132,0.834132,540.4825,540.4825,540.4825,491.556175,491.556175,491.556175
824,50000,8,0.834132,,0.834132,0.834132,0.834132,540.4825,540.4825,540.4825,491.556175,491.556175,491.556175
825,50000,8,0.834132,,0.834132,0.834132,0.834132,540.4825,540.4825,540.4825,491.556175,491.556175,491.556175
826,50000,8,0.834132,,0.834132,0.834132,0.834132,540.4825,540.4825,540.4825,491.556175,491.556175,491.556175
827,50000,8,0.834132,,0.834132,0.834132,0.834132,540.4825,540.4825,540.4825,491.556175,491.556175,491.556175
828,50000,8,0.834132,,0.834132,0.834132,0.834132,540.4825,540.4825,540.4825,491.556175,491.556175,491.556175
829,50000,8,0.834132,,0.834132,0.834132,0.834132,540.4825,540.4825,540.4825,491.556175,491.556175,491.556175
830,50000,8,0.834132,,0.834132,0.834132,0.834132,540.4825,540.4825,540.4825,491.556175,491.556175,491.556175
831,50000,8,0.834132,,0.834132,0.834132,0.834132,540.4825,540.4825,540.4825,491.556175,491.556175,491.556175
832,50000,8,0.834132,,0.834132,0.834132,0.834132,540.4825,540.4825,540.4825,491.556175,491.556175,491.556175
833,50000,8,0.834132,,0.834132,0.834132,0.834132,540.4825,540.4825,540.4825,491.556175,491.556175,491.556175
834,50000,8,0.834132,,0.834132,0.834132,0.834132,540.4825,540.4825,540.4825,491.556175,491.556175,491.556175
835,50000,8,0.834132,,0.834132,0.834132,0.834132,540.4825,540.4825,540.4825,491.556175,491.556175,491.556175
836,50000,8,0.834132,,0.834132,0.834132,0.834132,540.4825,540.4825,540.4825,491.556175,491.556175,491.556175
837,50000,8,0.834132,,0.834132,0.834132,0.834132,540.4825,540.4825,540.4825,491.556175,491.556175,491.556175
838,50000,8,0.834132,,0.834132,0.834132,0.834132,540.4825,540.4825,540.4825,491.556175,491.556175,491.556175
839,50000,8,0.834132,,0.834132,0.834132,0.834132,540.4825,540.4825,540.4825,491.556175,491.556175,491.556175
840,50000,8,0.834132,,0.834132,0.834132,0.834132,540.4825,540.4825,540.4825,491.556175,491.556175,491.556175
841,50000,8,0.834132,,0.834132,0.834132,0.834132,540.4825,540.4825,540.4825,491.556175,491.556175,491.556175
842,50000,8,0.834132,,0.834132,0.834132,0.834132,540.4825,540.4825,540.4825,491.556175,491.556175,491.556175
843,50000,8,0.834132,,0.834132,0.834132,0.834132,540.4825,540.4825,540.4825,491.556175,491.556175,491.556175
844,50000,8,0.834132,,0.834132,0.834132,0.834132,540.4825,540.4825,540.4825,491.556175,491.556175,491.556175
845,50000,8,0.834132,,0.834132,0.834132,0.834132,540.4825,540.4825,540.4825,491.556175,491.556175,491.556175
846,50000,8,0.834132,,0.834132,0.834132,0.834132,540.4825,540.4825,540.4825,491.556175,491.556175,491.556175
847,50000,8,0.834132,,0.834132,0.834132,0.834132,540.4825,540.4825,540.4825,491.556175,491.556175,491.556175
848,50000,8,0.834132,,0.834132,0.834132,0.834132,540.4825,540.4825,540.4825,491.556175,491.556175,491.556175
849,50000,8,0.834132,,0.834132,0.834132,0.834132,540.4825,540.4825,540.4825,491.556175,491.556175,491.556175
850,50000,8,0.834782,,0.834782,0.833987,0.834153,541.0179,540.4443,540.500421,491.330795,491.643181,491.551395
851,50000,8,0.834782,,0.834782,0.834132,0.834188,541.0179,540.4825,540.531909,491.330795,491.623126,491.545135
852,50000,8,0.834782,,0.834782,0.834132,0.834216,541.0179,540.4825,540.551602,491.330795,491.623126,491.536667
853,50000,8,0.834782,,0.834782,0.834132,0.834257,541.0179,540.4825,540.586557,491.330795,491.623126,491.527928
854,50000,8,0.834782,,0.834782,0.834132,0.8343,541.0179,540.4825,540.613018,491.330795,491.623126,491.512758
855,50000,8,0.834782,,0.834782,0.834132,0.834331,541.0179,540.4825,540.63046,491.330795,491.661033,491.500127
856,50000,8,0.834782,,0.834782,0.834132,0.834372,541.0179,540.4825,540.655087,491.330795,491.661033,491.484591
857,50000,8,0.834782,,0.834782,0.834132,0.834407,541.0179,540.4825,540.677912,491.330795,491.661033,491.472161
858,50000,8,0.834782,,0.834782,0.834132,0.834451,541.0179,540.4825,540.704859,491.330795,491.661033,491.456064
859,50000,8,0.834782,,0.834782,0.834132,0.834491,541.0179,540.4825,540.731689,491.330795,491.661033,491.443037
860,50000,8,0.834782,,0.834782,0.834132,0.834524,541.0179,540.4825,540.751619,491.330795,491.623126,491.430513
861,50000,8,0.834782,,0.834782,0.834132,0.834552,541.0179,540.4825,540.774003,491.330795,491.623126,491.423931
862,50000,8,0.834782,,0.834782,0.834228,0.834578,541.0179,540.4825,540.797806,491.330795,491.623126,491.41913
863,50000,8,0.834782,,0.834782,0.834228,0.834613,541.0179,540.4825,540.83544,491.330795,491.623126,491.41762
864,50000,8,0.834782,,0.834782,0.834228,0.834638,541.0179,540.4825,540.865165,491.330795,491.623126,491.417736
865,50000,8,0.834782,,0.834782,0.834228,0.834663,541.0179,540.4825,540.888431,491.330795,491.623126,491.413837
866,50000,8,0.834782,,0.834782,0.834228,0.834682,541.0179,540.4825,540.907194,491.330795,491.623126,491.411815
867,50000,8,0.834782,,0.834782,0.834309,0.834704,541.0179,540.552,540.929559,491.330795,491.623126,491.409318
868,50000,8,0.834782,,0.834782,0.834309,0.834718,541.0179,540.552,540.939416,491.330795,491.464911,491.405204
869,50000,8,0.834782,,0.834782,0.834309,0.834725,541.0179,540.552,540.944408,491.330795,491.464911,491.402904
870,50000,8,0.834782,,0.834782,0.834309,0.834743,541.0179,540.552,540.965177,491.330795,491.464911,491.402723
871,50000,8,0.834782,,0.834782,0.834309,0.834762,541.0179,540.552,540.988774,491.330795,491.464911,491.403738
872,50000,8,0.834782,,0.834782,0.834412,0.834771,541.0179,540.6088,541.000225,491.330795,491.422059,491.404702
873,50000,8,0.834782,,0.834782,0.834412,0.834773,541.0179,540.6088,541.003621,491.330795,491.422059,491.40547
874,50000,8,0.834782,,0.834782,0.834782,0.834782,541.0179,541.0179,541.0179,491.407631,491.407631,491.407631
875,50000,8,0.834782,,0.834782,0.834782,0.834782,541.0179,541.0179,541.0179,491.407631,491.407631,491.407631
876,50000,8,0.834782,,0.834782,0.834782,0.834782,541.0179,541.0179,541.0179,491.407631,491.407631,491.407631
877,50000,8,0.834782,,0.834782,0.834782,0.834782,541.0179,541.0179,541.0179,491.407631,491.407631,491.407631
878,50000,8,0.834782,,0.834782,0.834782,0.834782,541.0179,541.0179,541.0179,491.407631,491.407631,491.407631
879,50000,8,0.834782,,0.834782,0.834782,0.834782,541.0179,541.0179,541.0179,491.407631,491.407631,491.407631
880,50000,8,0.834782,,0.834782,0.834782,0.834782,541.0179,541.0179,541.0179,491.407631,491.407631,491.407631
881,50000,8,0.834782,,0.834782,0.834782,0.834782,541.0179,541.0179,541.0179,491.407631,491.407631,491.407631
882,50000,8,0.834782,,0.834782,0.834782,0.834782,541.0179,541.0179,541.0179,491.407631,491.407631,491.407631
883,50000,8,0.834782,,0.834782,0.834782,0.834782,541.0179,541.0179,541.0179,491.407631,491.407631,491.407631
884,50000,8,0.834782,,0.834782,0.834782,0.834782,541.0179,541.0179,541.0179,491.407631,491.407631,491.407631
885,50000,8,0.834782,,0.834782,0.834782,0.834782,541.0179,541.0179,541.0179,491.407631,491.407631,491.407631
886,50000,8,0.834782,,0.834782,0.834782,0.834782,541.0179,541.0179,541.0179,491.407631,491.407631,491.407631
887,50000,8,0.834782,,0.834782,0.834782,0.834782,541.0179,541.0179,541.0179,491.407631,491.407631,491.407631
888,50000,8,0.834782,,0.834782,0.834782,0.834782,541.0179,541.0179,541.0179,491.407631,491.407631,491.407631
889,50000,8,0.834782,,0.834782,0.834782,0.834782,541.0179,541.0179,541.0179,491.407631,491.407631,491.407631
890,50000,8,0.834782,,0.834782,0.834782,0.834782,541.0179,541.0179,541.0179,491.407631,491.407631,491.407631
891,50000,8,0.834782,,0.834782,0.834782,0.834782,541.0179,541.0179,541.0179,491.407631,491.407631,491.407631
892,50000,8,0.834782,,0.834782,0.834782,0.834782,541.0179,541.0179,541.0179,491.407631,491.407631,491.407631
893,50000,8,0.834782,,0.834782,0.834782,0.834782,541.0179,541.0179,541.0179,491.407631,491.407631,491.407631
894,50000,8,0.834782,,0.834782,0.834782,0.834782,541.0179,541.0179,541.0179,491.407631,491.407631,491.407631
895,50000,8,0.834782,,0.834782,0.834782,0.834782,541.0179,541.0179,541.0179,491.407631,491.407631,491.407631
896,50000,8,0.834782,,0.834782,0.834782,0.834782,541.0179,541.0179,541.0179,491.407631,491.407631,491.407631
897,50000,8,0.834782,,0.834782,0.834782,0.834782,541.0179,541.0179,541.0179,491.407631,491.407631,491.407631
898,50000,8,0.834782,,0.834782,0.834782,0.834782,541.0179,541.0179,541.0179,491.407631,491.407631,491.407631
899,50000,8,0.834782,,0.834782,0.834782,0.834782,541.0179,541.0179,541.0179,491.407631,491.407631,491.407631
900,50000,8,0.834782,,0.834782,0.834782,0.834782,541.0179,541.0179,541.0179,491.407631,491.407631,491.407631
901,50000,8,0.834782,,0.834782,0.834782,0.834782,541.0179,541.0179,541.0179,491.407631,491.407631,491.407631
902,50000,8,0.834782,,0.834782,0.834782,0.834782,541.0179,541.0179,541.0179,491.407631,491.407631,491.407631
903,50000,8,0.834782,,0.834782,0.834782,0.834782,541.0179,541.0179,541.0179,491.407631,491.407631,491.407631
904,50000,8,0.834782,,0.834782,0.834782,0.834782,541.0179,541.0179,541.0179,491.407631,491.407631,491.407631
905,50000,8,0.834782,,0.834782,0.834782,0.834782,541.0179,541.0179,541.0179,491.407631,491.407631,491.407631
906,50000,8,0.834782,,0.834782,0.834782,0.834782,541.0179,541.0179,541.0179,491.407631,491.407631,491.407631
907,50000,8,0.834782,,0.834782,0.834782,0.834782,541.0179,541.0179,541.0179,491.407631,491.407631,491.407631
908,50000,8,0.834782,,0.834782,0.834782,0.834782,541.0179,541.0179,541.0179,491.407631,491.407631,491.407631
909,50000,8,0.834782,,0.834782,0.834782,0.834782,541.0179,541.0179,541.0179,491.407631,491.407631,491.407631
910,50000,8,0.834782,,0.834782,0.834782,0.834782,541.0179,541.0179,541.0179,491.407631,491.407631,491.407631
911,50000,8,0.834782,,0.834782,0.834782,0.834782,541.0179,541.0179,541.0179,491.407631,491.407631,491.407631
912,50000,8,0.834782,,0.834782,0.834782,0.834782,541.0179,541.0179,541.0179,491.407631,491.407631,491.407631
913,50000,8,0.834782,,0.834782,0.834782,0.834782,541.0179,541.0179,541.0179,491.407631,491.407631,491.407631
914,50000,8,0.834782,,0.834782,0.834782,0.834782,541.0179,541.0179,541.0179,491.407631,491.407631,491.407631
915,50000,8,0.834782,,0.834782,0.834782,0.834782,541.0179,541.0179,541.0179,491.407631,491.407631,491.407631
916,50000,8,0.834782,,0.834782,0.834782,0.834782,541.0179,541.0179,541.0179,491.407631,491.407631,491.407631
917,50000,8,0.834782,,0.834782,0.834782,0.834782,541.0179,541.0179,541.0179,491.407631,491.407631,491.407631
918,50000,8,0.834782,,0.834782,0.834782,0.834782,541.0179,541.0179,541.0179,491.407631,491.407631,491.407631
919,50000,8,0.834782,,0.834782,0.834782,0.834782,541.0179,541.0179,541.0179,491.407631,491.407631,491.407631
920,50000,8,0.834782,,0.834782,0.834782,0.834782,541.0179,541.0179,541.0179,491.407631,491.407631,491.407631
921,50000,8,0.834782,,0.834782,0.834782,0.834782,541.0179,541.0179,541.0179,491.407631,491.407631,491.407631
922,50000,8,0.834782,,0.834782,0.834782,0.834782,541.0179,541.0179,541.0179,491.407631,491.407631,491.407631
923,50000,8,0.834782,,0.834782,0.834782,0.834782,541.0179,541.0179,541.0179,491.407631,491.407631,491.407631
924,50000,8,0.834782,,0.834782,0.834782,0.834782,541.0179,541.0179,541.0179,491.407631,491.407631,491.407631
925,50000,8,0.834782,,0.834782,0.834782,0.834782,541.0179,541.0179,541.0179,491.407631,491.407631,491.407631
926,50000,8,0.834782,,0.834782,0.834782,0.834782,541.0179,541.0179,541.0179,491.407631,491.407631,491.407631
927,50000,8,0.834782,,0.834782,0.834782,0.834782,541.0179,541.0179,541.0179,491.407631,491.407631,491.407631
928,50000,8,0.834782,,0.834782,0.834782,0.834782,541.0179,541.0179,541.0179,491.407631,491.407631,491.407631
929,50000,8,0.834782,,0.834782,0.834782,0.834782,541.0179,541.0179,541.0179,491.407631,491.407631,491.407631
930,50000,8,0.834782,,0.834782,0.834782,0.834782,541.0179,541.0179,541.0179,491.407631,491.407631,491.407631
931,50000,8,0.834782,,0.834782,0.834782,0.834782,541.0179,541.0179,541.0179,491.407631,491.407631,491.407631
932,50000,8,0.834782,,0.834782,0.834782,0.834782,541.0179,541.0179,541.0179,491.407631,491.407631,491.407631
933,50000,8,0.834782,,0.834782,0.834782,0.834782,541.0179,541.0179,541.0179,491.407631,491.407631,491.407631
934,50000,8,0.834782,,0.834782,0.834782,0.834782,541.0179,541.0179,541.0179,491.407631,491.407631,491.407631
935,50000,8,0.834782,,0.834782,0.834782,0.834782,541.0179,541.0179,541.0179,491.407631,491.407631,491.407631
936,50000,8,0.834782,,0.834782,0.834782,0.834782,541.0179,541.0179,541.0179,491.407631,491.407631,491.407631
937,50000,8,0.834782,,0.834782,0.834782,0.834782,541.0179,541.0179,541.0179,491.407631,491.407631,491.407631
938,50000,8,0.834782,,0.834782,0.834782,0.834782,541.0179,541.0179,541.0179,491.407631,491.407631,491.407631
939,50000,8,0.834782,,0.834782,0.834782,0.834782,541.0179,541.0179,541.0179,491.407631,491.407631,491.407631
940,50000,8,0.834782,,0.834782,0.834782,0.834782,541.0179,541.0179,541.0179,491.407631,491.407631,491.407631
941,50000,8,0.834782,,0.834782,0.834782,0.834782,541.0179,541.0179,541.0179,491.407631,491.407631,491.407631
942,50000,8,0.834782,,0.834782,0.834782,0.834782,541.0179,541.0179,541.0179,491.407631,491.407631,491.407631
943,50000,8,0.834782,,0.834782,0.834782,0.834782,541.0179,541.0179,541.0179,491.407631,491.407631,491.407631
944,50000,8,0.834782,,0.834782,0.834782,0.834782,541.0179,541.0179,541.0179,491.407631,491.407631,491.407631
945,50000,8,0.834782,,0.834782,0.834782,0.834782,541.0179,541.0179,541.0179,491.407631,491.407631,491.407631
946,50000,8,0.834782,,0.834782,0.834782,0.834782,541.0179,541.0179,541.0179,491.407631,491.407631,491.407631
947,50000,8,0.834782,,0.834782,0.834782,0.834782,541.0179,541.0179,541.0179,491.407631,491.407631,491.407631
948,50000,8,0.834782,,0.834782,0.834782,0.834782,541.0179,541.0179,541.0179,491.407631,491.407631,491.407631
949,50000,8,0.834782,,0.834782,0.834782,0.834782,541.0179,541.0179,541.0179,491.407631,491.407631,491.407631
950,50000,8,0.834782,,0.834782,0.834782,0.834782,541.0179,541.0179,541.0179,491.407631,491.407631,491.407631
951,50000,8,0.834782,,0.834782,0.834782,0.834782,541.0179,541.0179,541.0179,491.407631,491.407631,491.407631
952,50000,8,0.834782,,0.834782,0.834782,0.834782,541.0179,541.0179,541.0179,491.407631,491.407631,491.407631
953,50000,8,0.834782,,0.834782,0.834782,0.834782,541.0179,541.0179,541.0179,491.407631,491.407631,491.407631
954,50000,8,0.834782,,0.834782,0.834782,0.834782,541.0179,541.0179,541.0179,491.407631,491.407631,491.407631
955,50000,8,0.834782,,0.834782,0.834782,0.834782,541.0179,541.0179,541.0179,491.407631,491.407631,491.407631
956,50000,8,0.834782,,0.834782,0.834782,0.834782,541.0179,541.0179,541.0179,491.407631,491.407631,491.407631
957,50000,8,0.834782,,0.834782,0.834782,0.834782,541.0179,541.0179,541.0179,491.407631,491.407631,491.407631
958,50000,8,0.834782,,0.834782,0.834782,0.834782,541.0179,541.0179,541.0179,491.407631,491.407631,491.407631
959,50000,8,0.834782,,0.834782,0.834782,0.834782,541.0179,541.0179,541.0179,491.407631,491.407631,491.407631
960,50000,8,0.834782,,0.834782,0.834782,0.834782,541.0179,541.0179,541.0179,491.407631,491.407631,491.407631
961,50000,8,0.834782,,0.834782,0.834782,0.834782,541.0179,541.0179,541.0179,491.407631,491.407631,491.407631
962,50000,8,0.834782,,0.834782,0.834782,0.834782,541.0179,541.0179,541.0179,491.407631,491.407631,491.407631
963,50000,8,0.834782,,0.834782,0.834782,0.834782,541.0179,541.0179,541.0179,491.407631,491.407631,491.407631
964,50000,8,0.834782,,0.834782,0.834782,0.834782,541.0179,541.0179,541.0179,491.407631,491.407631,491.407631
965,50000,8,0.834782,,0.834782,0.834782,0.834782,541.0179,541.0179,541.0179,491.407631,491.407631,491.407631
966,50000,8,0.834782,,0.834782,0.834782,0.834782,541.0179,541.0179,541.0179,491.407631,491.407631,491.407631
967,50000,8,0.834782,,0.834782,0.834782,0.834782,541.0179,541.0179,541.0179,491.407631,491.407631,491.407631
968,50000,8,0.834782,,0.834782,0.834782,0.834782,541.0179,541.0179,541.0179,491.407631,491.407631,491.407631
969,50000,8,0.834782,,0.834782,0.834782,0.834782,541.0179,541.0179,541.0179,491.407631,491.407631,491.407631
970,50000,8,0.834782,,0.834782,0.834782,0.834782,541.0179,541.0179,541.0179,491.407631,491.407631,491.407631
971,50000,8,0.834782,,0.834782,0.834782,0.834782,541.0179,541.0179,541.0179,491.407631,491.407631,491.407631
972,50000,8,0.834782,,0.834782,0.834782,0.834782,541.0179,541.0179,541.0179,491.407631,491.407631,491.407631
973,50000,8,0.834782,,0.834782,0.834782,0.834782,541.0179,541.0179,541.0179,491.407631,491.407631,491.407631
974,50000,8,0.834782,,0.834782,0.834782,0.834782,541.0179,541.0179,541.0179,491.407631,491.407631,491.407631
975,50000,8,0.834782,,0.834782,0.834782,0.834782,541.0179,541.0179,541.0179,491.407631,491.407631,491.407631
976,50000,8,0.834782,,0.834782,0.834782,0.834782,541.0179,541.0179,541.0179,491.407631,491.407631,491.407631
977,50000,8,0.834782,,0.834782,0.834782,0.834782,541.0179,541.0179,541.0179,491.407631,491.407631,491.407631
978,50000,8,0.834782,,0.834782,0.834782,0.834782,541.0179,541.0179,541.0179,491.407631,491.407631,491.407631
979,50000,8,0.834782,,0.834782,0.834782,0.834782,541.0179,541.0179,541.0179,491.407631,491.407631,491.407631
980,50000,8,0.834782,,0.834782,0.834782,0.834782,541.0179,541.0179,541.0179,491.407631,491.407631,491.407631
981,50000,8,0.834782,,0.834782,0.834782,0.834782,541.0179,541.0179,541.0179,491.407631,491.407631,491.407631
982,50000,8,0.834782,,0.834782,0.834782,0.834782,541.0179,541.0179,541.0179,491.407631,491.407631,491.407631
983,50000,8,0.834782,,0.834782,0.834782,0.834782,541.0179,541.0179,541.0179,491.407631,491.407631,491.407631
984,50000,8,0.834782,,0.834782,0.834782,0.834782,541.0179,541.0179,541.0179,491.407631,491.407631,491.407631
985,50000,8,0.834782,,0.834782,0.834782,0.834782,541.0179,541.0179,541.0179,491.407631,491.407631,491.407631
986,50000,8,0.834782,,0.834782,0.834782,0.834782,541.0179,541.0179,541.0179,491.407631,491.407631,491.407631
987,50000,8,0.834782,,0.834782,0.834782,0.834782,541.0179,541.0179,541.0179,491.407631,491.407631,491.407631
988,50000,8,0.834782,,0.834782,0.834782,0.834782,541.0179,541.0179,541.0179,491.407631,491.407631,491.407631
989,50000,8,0.834782,,0.834782,0.834782,0.834782,541.0179,541.0179,541.0179,491.407631,491.407631,491.407631
990,50000,8,0.834782,,0.834782,0.834782,0.834782,541.0179,541.0179,541.0179,491.407631,491.407631,491.407631
991,50000,8,0.834782,,0.834782,0.834782,0.834782,541.0179,541.0179,541.0179,491.407631,491.407631,491.407631
992,50000,8,0.834782,,0.834782,0.834782,0.834782,541.0179,541.0179,541.0179,491.407631,491.407631,491.407631
993,50000,8,0.834782,,0.834782,0.834782,0.834782,541.0179,541.0179,541.0179,491.407631,491.407631,491.407631
994,50000,8,0.834782,,0.834782,0.834782,0.834782,541.0179,541.0179,541.0179,491.407631,491.407631,491.407631
995,50000,8,0.834782,,0.834782,0.834782,0.834782,541.0179,541.0179,541.0179,491.407631,491.407631,491.407631
996,50000,8,0.834782,,0.834782,0.834782,0.834782,541.0179,541.0179,541.0179,491.407631,491.407631,491.407631
997,50000,8,0.834782,,0.834782,0.834782,0.834782,541.0179,541.0179,541.0179,491.407631,491.407631,491.407631
998,50000,8,0.834782,,0.834782,0.834782,0.834782,541.0179,541.0179,541.0179,491.407631,491.407631,491.407631
999,50000,8,0.834782,,0.834782,0.834782,0.834782,541.0179,541.0179,541.0179,491.407631,491.407631,491.407631
1000,50000,8,0.834782,,0.834782,0.834782,0.834782,541.0179,541.0179,541.0179,491.407631,491.407631,491.407631
1001,50000,8,0.834782,,0.834782,0.834782,0.834782,541.0179,541.0179,541.0179,491.407631,491.407631,491.407631
1002,50000,8,0.834782,,0.834782,0.834782,0.834782,541.0179,541.0179,541.0179,491.407631,491.407631,491.407631
1003,50000,8,0.834782,,0.834782,0.834782,0.834782,541.0179,541.0179,541.0179,491.407631,491.407631,491.407631
1004,50000,8,0.834782,,0.834782,0.834782,0.834782,541.0179,541.0179,541.0179,491.407631,491.407631,491.407631
1005,50000,8,0.834782,,0.834782,0.834782,0.834782,541.0179,541.0179,541.0179,491.407631,491.407631,491.407631
1006,50000,8,0.834782,,0.834782,0.834782,0.834782,541.0179,541.0179,541.0179,491.407631,491.407631,491.407631
1007,50000,8,0.834782,,0.834782,0.834782,0.834782,541.0179,541.0179,541.0179,491.407631,491.407631,491.407631
1008,50000,8,0.834782,,0.834782,0.834782,0.834782,541.0179,541.0179,541.0179,491.407631,491.407631,491.407631
1009,50000,8,0.834782,,0.834782,0.834782,0.834782,541.0179,541.0179,541.0179,491.407631,491.407631,491.407631
1010,50000,8,0.834782,,0.834782,0.834782,0.834782,541.0179,541.0179,541.0179,491.407631,491.407631,491.407631
1011,50000,8,0.834782,,0.834782,0.834782,0.834782,541.0179,541.0179,541.0179,491.407631,491.407631,491.407631
1012,50000,8,0.834782,,0.834782,0.834782,0.834782,541.0179,541.0179,541.0179,491.407631,491.407631,491.407631
1013,50000,8,0.834782,,0.834782,0.834782,0.834782,541.0179,541.0179,541.0179,491.407631,491.407631,491.407631
1014,50000,8,0.834782,,0.834782,0.834782,0.834782,541.0179,541.0179,541.0179,491.407631,491.407631,491.407631
1015,50000,8,0.834782,,0.834782,0.834782,0.834782,541.0179,541.0179,541.0179,491.407631,491.407631,491.407631
1016,50000,8,0.834782,,0.834782,0.834782,0.834782,541.0179,541.0179,541.0179,491.407631,491.407631,491.407631
1017,50000,8,0.834782,,0.834782,0.834782,0.834782,541.0179,541.0179,541.0179,491.407631,491.407631,491.407631
1018,50000,8,0.834782,,0.834782,0.834782,0.834782,541.0179,541.0179,541.0179,491.407631,491.407631,491.407631
1019,50000,8,0.834782,,0.834782,0.834782,0.834782,541.0179,541.0179,541.0179,491.407631,491.407631,491.407631
1020,50000,8,0.834782,,0.834782,0.834782,0.834782,541.0179,541.0179,541.0179,491.407631,491.407631,491.407631
1021,50000,8,0.834782,,0.834782,0.834782,0.834782,541.0179,541.0179,541.0179,491.407631,491.407631,491.407631
1022,50000,8,0.834782,,0.834782,0.834782,0.834782,541.0179,541.0179,541.0179,491.407631,491.407631,491.407631
1023,50000,8,0.834782,,0.834782,0.834782,0.834782,541.0179,541.0179,541.0179,491.407631,491.407631,491.407631
1024,50000,8,0.834782,,0.834782,0.834782,0.834782,541.0179,541.0179,541.0179,491.407631,491.407631,491.407631
1025,50000,8,0.834782,,0.834782,0.834782,0.834782,541.0179,541.0179,541.0179,491.407631,491.407631,491.407631
1026,50000,8,0.834782,,0.834782,0.834782,0.834782,541.0179,541.0179,541.0179,491.407631,491.407631,491.407631
1027,50000,8,0.834782,,0.834782,0.834782,0.834782,541.0179,541.0179,541.0179,491.407631,491.407631,491.407631
1028,50000,8,0.834782,,0.834782,0.834782,0.834782,541.0179,541.0179,541.0179,491.407631,491.407631,491.407631
1029,50000,8,0.834782,,0.834782,0.834782,0.834782,541.0179,541.0179,541.0179,491.407631,491.407631,491.407631
1030,50000,8,0.834782,,0.834782,0.834782,0.834782,541.0179,541.0179,541.0179,491.407631,491.407631,491.407631
1031,50000,8,0.834782,,0.834782,0.834782,0.834782,541.0179,541.0179,541.0179,491.407631,491.407631,491.407631
1032,50000,8,0.834782,,0.834782,0.834782,0.834782,541.0179,541.0179,541.0179,491.407631,491.407631,491.407631
1033,50000,8,0.834782,,0.834782,0.834782,0.834782,541.0179,541.0179,541.0179,491.407631,491.407631,491.407631
1034,50000,8,0.834782,,0.834782,0.834782,0.834782,541.0179,541.0179,541.0179,491.407631,491.407631,491.407631
1035,50000,8,0.834782,,0.834782,0.834782,0.834782,541.0179,541.0179,541.0179,491.407631,491.407631,491.407631
1036,50000,8,0.834782,,0.834782,0.834782,0.834782,541.0179,541.0179,541.0179,491.407631,491.407631,491.407631
1037,50000,8,0.834782,,0.834782,0.834782,0.834782,541.0179,541.0179,541.0179,491.407631,491.407631,491.407631
1038,50000,8,0.834782,,0.834782,0.834782,0.834782,541.0179,541.0179,541.0179,491.407631,491.407631,491.407631
1039,50000,8,0.834782,,0.834782,0.834782,0.834782,541.0179,541.0179,541.0179,491.407631,491.407631,491.407631
1040,50000,8,0.834782,,0.834782,0.834782,0.834782,541.0179,541.0179,541.0179,491.407631,491.407631,491.407631
1041,50000,8,0.834782,,0.834782,0.834782,0.834782,541.0179,541.0179,541.0179,491.407631,491.407631,491.407631
1042,50000,8,0.834782,,0.834782,0.834782,0.834782,541.0179,541.0179,541.0179,491.407631,491.407631,491.407631
1043,50000,8,0.834782,,0.834782,0.834782,0.834782,541.0179,541.0179,541.0179,491.407631,491.407631,491.407631
1044,50000,8,0.834782,,0.834782,0.834782,0.834782,541.0179,541.0179,541.0179,491.407631,491.407631,491.407631
1045,50000,8,0.834782,,0.834782,0.834782,0.834782,541.0179,541.0179,541.0179,491.407631,491.407631,491.407631
1046,50000,8,0.834782,,0.834782,0.834782,0.834782,541.0179,541.0179,541.0179,491.407631,491.407631,491.407631
1047,50000,8,0.834782,,0.834782,0.834782,0.834782,541.0179,541.0179,541.0179,491.407631,491.407631,491.407631
1048,50000,8,0.834782,,0.834782,0.834782,0.834782,541.0179,541.0179,541.0179,491.407631,491.407631,491.407631
1049,50000,8,0.834782,,0.834782,0.834782,0.834782,541.0179,541.0179,541.0179,491.407631,491.407631,491.407631
1050,50000,8,0.834782,,0.834782,0.834782,0.834782,541.0179,541.0179,541.0179,491.407631,491.407631,491.407631
1051,50000,8,0.834782,,0.834782,0.834782,0.834782,541.0179,541.0179,541.0179,491.407631,491.407631,491.407631
1052,50000,8,0.834782,,0.834782,0.834782,0.834782,541.0179,541.0179,541.0179,491.407631,491.407631,491.407631
1053,50000,8,0.834782,,0.834782,0.834782,0.834782,541.0179,541.0179,541.0179,491.407631,491.407631,491.407631
1054,50000,8,0.834782,,0.834782,0.834782,0.834782,541.0179,541.0179,541.0179,491.407631,491.407631,491.407631
1055,50000,8,0.834782,,0.834782,0.834782,0.834782,541.0179,541.0179,541.0179,491.407631,491.407631,491.407631
1056,50000,8,0.834782,,0.834782,0.834782,0.834782,541.0179,541.0179,541.0179,491.407631,491.407631,491.407631
1057,50000,8,0.834782,,0.834782,0.834782,0.834782,541.0179,541.0179,541.0179,491.407631,491.407631,491.407631
1058,50000,8,0.834782,,0.834782,0.834782,0.834782,541.0179,541.0179,541.0179,491.407631,491.407631,491.407631
1059,50000,8,0.834782,,0.834782,0.834782,0.834782,541.0179,541.0179,541.0179,491.407631,491.407631,491.407631
1060,50000,8,0.834782,,0.834782,0.834782,0.834782,541.0179,541.0179,541.0179,491.407631,491.407631,491.407631
1061,50000,8,0.834782,,0.834782,0.834782,0.834782,541.0179,541.0179,541.0179,491.407631,491.407631,491.407631
1062,50000,8,0.834782,,0.834782,0.834782,0.834782,541.0179,541.0179,541.0179,491.407631,491.407631,491.407631
1063,50000,8,0.834782,,0.834782,0.834782,0.834782,541.0179,541.0179,541.0179,491.407631,491.407631,491.407631
1064,50000,8,0.834782,,0.834782,0.834782,0.834782,541.0179,541.0179,541.0179,491.407631,491.407631,491.407631
1065,50000,8,0.834782,,0.834782,0.834782,0.834782,541.0179,541.0179,541.0179,491.407631,491.407631,491.407631
1066,50000,8,0.834782,,0.834782,0.834782,0.834782,541.0179,541.0179,541.0179,491.407631,491.407631,491.407631
1067,50000,8,0.834782,,0.834782,0.834782,0.834782,541.0179,541.0179,541.0179,491.407631,491.407631,491.407631
1068,50000,8,0.834782,,0.834782,0.834782,0.834782,541.0179,541.0179,541.0179,491.407631,491.407631,491.407631
1069,50000,8,0.834782,,0.834782,0.834782,0.834782,541.0179,541.0179,541.0179,491.407631,491.407631,491.407631
1070,50000,8,0.834782,,0.834782,0.834782,0.834782,541.0179,541.0179,541.0179,491.407631,491.407631,491.407631
1071,50000,8,0.834782,,0.834782,0.834782,0.834782,541.0179,541.0179,541.0179,491.407631,491.407631,491.407631
1072,50000,8,0.834782,,0.834782,0.834782,0.834782,541.0179,541.0179,541.0179,491.407631,491.407631,491.407631
1073,50000,8,0.834782,,0.834782,0.834782,0.834782,541.0179,541.0179,541.0179,491.407631,491.407631,491.407631
1074,50000,8,0.834782,,0.834782,0.834782,0.834782,541.0179,541.0179,541.0179,491.407631,491.407631,491.407631
1075,50000,8,0.834782,,0.834782,0.834782,0.834782,541.0179,541.0179,541.0179,491.407631,491.407631,491.407631
1076,50000,8,0.834782,,0.834782,0.834782,0.834782,541.0179,541.0179,541.0179,491.407631,491.407631,491.407631
1077,50000,8,0.834782,,0.834782,0.834782,0.834782,541.0179,541.0179,541.0179,491.407631,491.407631,491.407631
1078,50000,8,0.834782,,0.834782,0.834782,0.834782,541.0179,541.0179,541.0179,491.407631,491.407631,491.407631
1079,50000,8,0.834782,,0.834782,0.834782,0.834782,541.0179,541.0179,541.0179,491.407631,491.407631,491.407631
1080,50000,8,0.834782,,0.834782,0.834782,0.834782,541.0179,541.0179,541.0179,491.407631,491.407631,491.407631
1081,50000,8,0.834782,,0.834782,0.834782,0.834782,541.0179,541.0179,541.0179,491.407631,491.407631,491.407631
1082,50000,8,0.834782,,0.834782,0.834782,0.834782,541.0179,541.0179,541.0179,491.407631,491.407631,491.407631
1083,50000,8,0.834782,,0.834782,0.834782,0.834782,541.0179,541.0179,541.0179,491.407631,491.407631,491.407631
1084,50000,8,0.834782,,0.834782,0.834782,0.834782,541.0179,541.0179,541.0179,491.407631,491.407631,491.407631
1085,50000,8,0.834782,,0.834782,0.834782,0.834782,541.0179,541.0179,541.0179,491.407631,491.407631,491.407631
1086,50000,8,0.834782,,0.834782,0.834782,0.834782,541.0179,541.0179,541.0179,491.407631,491.407631,491.407631
1087,50000,8,0.834782,,0.834782,0.834782,0.834782,541.0179,541.0179,541.0179,491.407631,491.407631,491.407631
1088,50000,8,0.834782,,0.834782,0.834782,0.834782,541.0179,541.0179,541.0179,491.407631,491.407631,491.407631
1089,50000,8,0.834782,,0.834782,0.834782,0.834782,541.0179,541.0179,541.0179,491.407631,491.407631,491.407631
1090,50000,8,0.834782,,0.834782,0.834782,0.834782,541.0179,541.0179,541.0179,491.407631,491.407631,491.407631
1091,50000,8,0.834782,,0.834782,0.834782,0.834782,541.0179,541.0179,541.0179,491.407631,491.407631,491.407631
1092,50000,8,0.834782,,0.834782,0.834782,0.834782,541.0179,541.0179,541.0179,491.407631,491.407631,491.407631
1093,50000,8,0.834782,,0.834782,0.834782,0.834782,541.0179,541.0179,541.0179,491.407631,491.407631,491.407631
1094,50000,8,0.834782,,0.834782,0.834782,0.834782,541.0179,541.0179,541.0179,491.407631,491.407631,491.407631
1095,50000,8,0.834782,,0.834782,0.834782,0.834782,541.0179,541.0179,541.0179,491.407631,491.407631,491.407631
1096,50000,8,0.834782,,0.834782,0.834782,0.834782,541.0179,541.0179,541.0179,491.407631,491.407631,491.407631
1097,50000,8,0.834782,,0.834782,0.834782,0.834782,541.0179,541.0179,541.0179,491.407631,491.407631,491.407631
1098,50000,8,0.834782,,0.834782,0.834782,0.834782,541.0179,541.0179,541.0179,491.407631,491.407631,491.407631
1099,50000,8,0.834782,,0.834782,0.834782,0.834782,541.0179,541.0179,541.0179,491.407631,491.407631,491.407631
1100,50000,8,0.834782,,0.834782,0.834782,0.834782,541.0179,541.0179,541.0179,491.407631,491.407631,491.407631
1101,50000,8,0.834782,,0.834782,0.834782,0.834782,541.0179,541.0179,541.0179,491.407631,491.407631,491.407631
1102,50000,8,0.834782,,0.834782,0.834782,0.834782,541.0179,541.0179,541.0179,491.407631,491.407631,491.407631
1103,50000,8,0.834782,,0.834782,0.834782,0.834782,541.0179,541.0179,541.0179,491.407631,491.407631,491.407631
1104,50000,8,0.834782,,0.834782,0.834782,0.834782,541.0179,541.0179,541.0179,491.407631,491.407631,491.407631
1105,50000,8,0.834782,,0.834782,0.834782,0.834782,541.0179,541.0179,541.0179,491.407631,491.407631,491.407631
1106,50000,8,0.834782,,0.834782,0.834782,0.834782,541.0179,541.0179,541.0179,491.407631,491.407631,491.407631
1107,50000,8,0.834782,,0.834782,0.834782,0.834782,541.0179,541.0179,541.0179,491.407631,491.407631,491.407631
1108,50000,8,0.834782,,0.834782,0.834782,0.834782,541.0179,541.0179,541.0179,491.407631,491.407631,491.407631
1109,50000,8,0.834782,,0.834782,0.834782,0.834782,541.0179,541.0179,541.0179,491.407631,491.407631,491.407631
1110,50000,8,0.834782,,0.834782,0.834782,0.834782,541.0179,541.0179,541.0179,491.407631,491.407631,491.407631
1111,50000,8,0.834782,,0.834782,0.834782,0.834782,541.0179,541.0179,541.0179,491.407631,491.407631,491.407631
1112,50000,8,0.834782,,0.834782,0.834782,0.834782,541.0179,541.0179,541.0179,491.407631,491.407631,491.407631
1113,50000,8,0.834782,,0.834782,0.834782,0.834782,541.0179,541.0179,541.0179,491.407631,491.407631,491.407631
1114,50000,8,0.834782,,0.834782,0.834782,0.834782,541.0179,541.0179,541.0179,491.407631,491.407631,491.407631
1115,50000,8,0.834782,,0.834782,0.834782,0.834782,541.0179,541.0179,541.0179,491.407631,491.407631,491.407631
1116,50000,8,0.834782,,0.834782,0.834782,0.834782,541.0179,541.0179,541.0179,491.407631,491.407631,491.407631
1117,50000,8,0.834782,,0.834782,0.834782,0.834782,541.0179,541.0179,541.0179,491.407631,491.407631,491.407631
1118,50000,8,0.834782,,0.834782,0.834782,0.834782,541.0179,541.0179,541.0179,491.407631,491.407631,491.407631
1119,50000,8,0.834782,,0.834782,0.834782,0.834782,541.0179,541.0179,541.0179,491.407631,491.407631,491.407631
1120,50000,8,0.834782,,0.834782,0.834782,0.834782,541.0179,541.0179,541.0179,491.407631,491.407631,491.407631
1121,50000,8,0.834782,,0.834782,0.834782,0.834782,541.0179,541.0179,541.0179,491.407631,491.407631,491.407631
1122,50000,8,0.834782,,0.834782,0.834782,0.834782,541.0179,541.0179,541.0179,491.407631,491.407631,491.407631
1123,50000,8,0.834782,,0.834782,0.834782,0.834782,541.0179,541.0179,541.0179,491.407631,491.407631,491.407631
1124,50000,8,0.834782,,0.834782,0.834782,0.834782,541.0179,541.0179,541.0179,491.407631,491.407631,491.407631
1125,50000,8,0.834782,,0.834782,0.834782,0.834782,541.0179,541.0179,541.0179,491.407631,491.407631,491.407631
1126,50000,8,0.834782,,0.834782,0.834782,0.834782,541.0179,541.0179,541.0179,491.407631,491.407631,491.407631
1127,50000,8,0.834782,,0.834782,0.834782,0.834782,541.0179,541.0179,541.0179,491.407631,491.407631,491.407631
1128,50000,8,0.834782,,0.834782,0.834782,0.834782,541.0179,541.0179,541.0179,491.407631,491.407631,491.407631
1129,50000,8,0.834782,,0.834782,0.834782,0.834782,541.0179,541.0179,541.0179,491.407631,491.407631,491.407631
1130,50000,8,0.834782,,0.834782,0.834782,0.834782,541.0179,541.0179,541.0179,491.407631,491.407631,491.407631
1131,50000,8,0.834782,,0.834782,0.834782,0.834782,541.0179,541.0179,541.0179,491.407631,491.407631,491.407631
1132,50000,8,0.834782,,0.834782,0.834782,0.834782,541.0179,541.0179,541.0179,491.407631,491.407631,491.407631
1133,50000,8,0.834782,,0.834782,0.834782,0.834782,541.0179,541.0179,541.0179,491.407631,491.407631,491.407631
1134,50000,8,0.834782,,0.834782,0.834782,0.834782,541.0179,541.0179,541.0179,491.407631,491.407631,491.407631
1135,50000,8,0.834782,,0.834782,0.834782,0.834782,541.0179,541.0179,541.0179,491.407631,491.407631,491.407631
1136,50000,8,0.834782,,0.834782,0.834782,0.834782,541.0179,541.0179,541.0179,491.407631,491.407631,491.407631
1137,50000,8,0.834782,,0.834782,0.834782,0.834782,541.0179,541.0179,541.0179,491.407631,491.407631,491.407631
1138,50000,8,0.834782,,0.834782,0.834782,0.834782,541.0179,541.0179,541.0179,491.407631,491.407631,491.407631
1139,50000,8,0.834782,,0.834782,0.834782,0.834782,541.0179,541.0179,541.0179,491.407631,491.407631,491.407631
1140,50000,8,0.834782,,0.834782,0.834782,0.834782,541.0179,541.0179,541.0179,491.407631,491.407631,491.407631
1141,50000,8,0.834782,,0.834782,0.834782,0.834782,541.0179,541.0179,541.0179,491.407631,491.407631,491.407631
1142,50000,8,0.834782,,0.834782,0.834782,0.834782,541.0179,541.0179,541.0179,491.407631,491.407631,491.407631
1143,50000,8,0.834782,,0.834782,0.834782,0.834782,541.0179,541.0179,541.0179,491.407631,491.407631,491.407631
1144,50000,8,0.834782,,0.834782,0.834782,0.834782,541.0179,541.0179,541.0179,491.407631,491.407631,491.407631
1145,50000,8,0.834782,,0.834782,0.834782,0.834782,541.0179,541.0179,541.0179,491.407631,491.407631,491.407631
1146,50000,8,0.834782,,0.834782,0.834782,0.834782,541.0179,541.0179,541.0179,491.407631,491.407631,491.407631
1147,50000,8,0.834782,,0.834782,0.834782,0.834782,541.0179,541.0179,541.0179,491.407631,491.407631,491.407631
1148,50000,8,0.834782,,0.834782,0.834782,0.834782,541.0179,541.0179,541.0179,491.407631,491.407631,491.407631
1149,50000,8,0.834782,,0.834782,0.834782,0.834782,541.0179,541.0179,541.0179,491.407631,491.407631,491.407631
1150,50000,8,0.834782,,0.834782,0.834782,0.834782,541.0179,541.0179,541.0179,491.407631,491.407631,491.407631
1151,50000,8,0.834782,,0.834782,0.834782,0.834782,541.0179,541.0179,541.0179,491.407631,491.407631,491.407631
1152,50000,8,0.834782,,0.834782,0.834782,0.834782,541.0179,541.0179,541.0179,491.407631,491.407631,491.407631
1153,50000,8,0.834782,,0.834782,0.834782,0.834782,541.0179,541.0179,541.0179,491.407631,491.407631,491.407631
1154,50000,8,0.834782,,0.834782,0.834782,0.834782,541.0179,541.0179,541.0179,491.407631,491.407631,491.407631
1155,50000,8,0.834782,,0.834782,0.834782,0.834782,541.0179,541.0179,541.0179,491.407631,491.407631,491.407631
1156,50000,8,0.834782,,0.834782,0.834782,0.834782,541.0179,541.0179,541.0179,491.407631,491.407631,491.407631
1157,50000,8,0.834782,,0.834782,0.834782,0.834782,541.0179,541.0179,541.0179,491.407631,491.407631,491.407631
1158,50000,8,0.834782,,0.834782,0.834782,0.834782,541.0179,541.0179,541.0179,491.407631,491.407631,491.407631
1159,50000,8,0.834782,,0.834782,0.834782,0.834782,541.0179,541.0179,541.0179,491.407631,491.407631,491.407631
1160,50000,8,0.834782,,0.834782,0.834782,0.834782,541.0179,541.0179,541.0179,491.407631,491.407631,491.407631
1161,50000,8,0.834782,,0.834782,0.834782,0.834782,541.0179,541.0179,541.0179,491.407631,491.407631,491.407631
1162,50000,8,0.834782,,0.834782,0.834782,0.834782,541.0179,541.0179,541.0179,491.407631,491.407631,491.407631
1163,50000,8,0.834782,,0.834782,0.834782,0.834782,541.0179,541.0179,541.0179,491.407631,491.407631,491.407631
1164,50000,8,0.834782,,0.834782,0.834782,0.834782,541.0179,541.0179,541.0179,491.407631,491.407631,491.407631
1165,50000,8,0.834782,,0.834782,0.834782,0.834782,541.0179,541.0179,541.0179,491.407631,491.407631,491.407631
1166,50000,8,0.834782,,0.834782,0.834782,0.834782,541.0179,541.0179,541.0179,491.407631,491.407631,491.407631
1167,50000,8,0.834782,,0.834782,0.834782,0.834782,541.0179,541.0179,541.0179,491.407631,491.407631,491.407631
1168,50000,8,0.834782,,0.834782,0.834782,0.834782,541.0179,541.0179,541.0179,491.407631,491.407631,491.407631
1169,50000,8,0.834782,,0.834782,0.834782,0.834782,541.0179,541.0179,541.0179,491.407631,491.407631,491.407631
1170,50000,8,0.834782,,0.834782,0.834782,0.834782,541.0179,541.0179,541.0179,491.407631,491.407631,491.407631
1171,50000,8,0.834782,,0.834782,0.834782,0.834782,541.0179,541.0179,541.0179,491.407631,491.407631,491.407631
1172,50000,8,0.834782,,0.834782,0.834782,0.834782,541.0179,541.0179,541.0179,491.407631,491.407631,491.407631
1173,50000,8,0.834782,,0.834782,0.834782,0.834782,541.0179,541.0179,541.0179,491.407631,491.407631,491.407631
1174,50000,8,0.834782,,0.834782,0.834782,0.834782,541.0179,541.0179,541.0179,491.407631,491.407631,491.407631
1175,50000,8,0.834782,,0.834782,0.834782,0.834782,541.0179,541.0179,541.0179,491.407631,491.407631,491.407631
1176,50000,8,0.834782,,0.834782,0.834782,0.834782,541.0179,541.0179,541.0179,491.407631,491.407631,491.407631
1177,50000,8,0.834782,,0.834782,0.834782,0.834782,541.0179,541.0179,541.0179,491.407631,491.407631,491.407631
1178,50000,8,0.834782,,0.834782,0.834782,0.834782,541.0179,541.0179,541.0179,491.407631,491.407631,491.407631
1179,50000,8,0.834782,,0.834782,0.834782,0.834782,541.0179,541.0179,541.0179,491.407631,491.407631,491.407631
1180,50000,8,0.834782,,0.834782,0.834782,0.834782,541.0179,541.0179,541.0179,491.407631,491.407631,491.407631
1181,50000,8,0.834782,,0.834782,0.834782,0.834782,541.0179,541.0179,541.0179,491.407631,491.407631,491.407631
1182,50000,8,0.834782,,0.834782,0.834782,0.834782,541.0179,541.0179,541.0179,491.407631,491.407631,491.407631
1183,50000,8,0.834782,,0.834782,0.834782,0.834782,541.0179,541.0179,541.0179,491.407631,491.407631,491.407631
1184,50000,8,0.834782,,0.834782,0.834782,0.834782,541.0179,541.0179,541.0179,491.407631,491.407631,491.407631
1185,50000,8,0.834782,,0.834782,0.834782,0.834782,541.0179,541.0179,541.0179,491.407631,491.407631,491.407631
1186,50000,8,0.834782,,0.834782,0.834782,0.834782,541.0179,541.0179,541.0179,491.407631,491.407631,491.407631
1187,50000,8,0.834782,,0.834782,0.834782,0.834782,541.0179,541.0179,541.0179,491.407631,491.407631,491.407631
1188,50000,8,0.834782,,0.834782,0.834782,0.834782,541.0179,541.0179,541.0179,491.407631,491.407631,491.407631
1189,50000,8,0.834782,,0.834782,0.834782,0.834782,541.0179,541.0179,541.0179,491.407631,491.407631,491.407631
1190,50000,8,0.834782,,0.834782,0.834782,0.834782,541.0179,541.0179,541.0179,491.407631,491.407631,491.407631
1191,50000,8,0.834782,,0.834782,0.834782,0.834782,541.0179,541.0179,541.0179,491.407631,491.407631,491.407631
1192,50000,8,0.834782,,0.834782,0.834782,0.834782,541.0179,541.0179,541.0179,491.407631,491.407631,491.407631
1193,50000,8,0.834782,,0.834782,0.834782,0.834782,541.0179,541.0179,541.0179,491.407631,491.407631,491.407631
1194,50000,8,0.834782,,0.834782,0.834782,0.834782,541.0179,541.0179,541.0179,491.407631,491.407631,491.407631
1195,50000,8,0.834782,,0.834782,0.834782,0.834782,541.0179,541.0179,541.0179,491.407631,491.407631,491.407631
1196,50000,8,0.834782,,0.834782,0.834782,0.834782,541.0179,541.0179,541.0179,491.407631,491.407631,491.407631
1197,50000,8,0.834782,,0.834782,0.834782,0.834782,541.0179,541.0179,541.0179,491.407631,491.407631,491.407631
1198,50000,8,0.834782,,0.834782,0.834782,0.834782,541.0179,541.0179,541.0179,491.407631,491.407631,491.407631
1199,50000,8,0.834782,,0.834782,0.834782,0.834782,541.0179,541.0179,541.0179,491.407631,491.407631,491.407631
1200,50000,8,0.834782,,0.834782,0.834782,0.834782,541.0179,541.0179,541.0179,491.407631,491.407631,491.407631
1201,50000,8,0.834782,,0.834782,0.834782,0.834782,541.0179,541.0179,541.0179,491.407631,491.407631,491.407631
1202,50000,8,0.834782,,0.834782,0.834782,0.834782,541.0179,541.0179,541.0179,491.407631,491.407631,491.407631
1203,50000,8,0.834782,,0.834782,0.834782,0.834782,541.0179,541.0179,541.0179,491.407631,491.407631,491.407631
1204,50000,8,0.834782,,0.834782,0.834782,0.834782,541.0179,541.0179,541.0179,491.407631,491.407631,491.407631
1205,50000,8,0.834782,,0.834782,0.834782,0.834782,541.0179,541.0179,541.0179,491.407631,491.407631,491.407631
1206,50000,8,0.834782,,0.834782,0.834782,0.834782,541.0179,541.0179,541.0179,491.407631,491.407631,491.407631
1207,50000,8,0.834782,,0.834782,0.834782,0.834782,541.0179,541.0179,541.0179,491.407631,491.407631,491.407631
1208,50000,8,0.834782,,0.834782,0.834782,0.834782,541.0179,541.0179,541.0179,491.407631,491.407631,491.407631
1209,50000,8,0.834782,,0.834782,0.834782,0.834782,541.0179,541.0179,541.0179,491.407631,491.407631,491.407631
1210,50000,8,0.834782,,0.834782,0.834782,0.834782,541.0179,541.0179,541.0179,491.407631,491.407631,491.407631
1211,50000,8,0.834782,,0.834782,0.834782,0.834782,541.0179,541.0179,541.0179,491.407631,491.407631,491.407631
1212,50000,8,0.834782,,0.834782,0.834782,0.834782,541.0179,541.0179,541.0179,491.407631,491.407631,491.407631
1213,50000,8,0.834782,,0.834782,0.834782,0.834782,541.0179,541.0179,541.0179,491.407631,491.407631,491.407631
1214,50000,8,0.834782,,0.834782,0.834782,0.834782,541.0179,541.0179,541.0179,491.407631,491.407631,491.407631
1215,50000,8,0.834782,,0.834782,0.834782,0.834782,541.0179,541.0179,541.0179,491.407631,491.407631,491.407631
1216,50000,8,0.834782,,0.834782,0.834782,0.834782,541.0179,541.0179,541.0179,491.407631,491.407631,491.407631
1217,50000,8,0.834782,,0.834782,0.834782,0.834782,541.0179,541.0179,541.0179,491.407631,491.407631,491.407631
1218,50000,8,0.834782,,0.834782,0.834782,0.834782,541.0179,541.0179,541.0179,491.407631,491.407631,491.407631
1219,50000,8,0.834782,,0.834782,0.834782,0.834782,541.0179,541.0179,541.0179,491.407631,491.407631,491.407631
1220,50000,8,0.834782,,0.834782,0.834782,0.834782,541.0179,541.0179,541.0179,491.407631,491.407631,491.407631
1221,50000,8,0.834782,,0.834782,0.834782,0.834782,541.0179,541.0179,541.0179,491.407631,491.407631,491.407631
1222,50000,8,0.834782,,0.834782,0.834782,0.834782,541.0179,541.0179,541.0179,491.407631,491.407631,491.407631
1223,50000,8,0.834782,,0.834782,0.834782,0.834782,541.0179,541.0179,541.0179,491.407631,491.407631,491.407631
1224,50000,8,0.834782,,0.834782,0.834782,0.834782,541.0179,541.0179,541.0179,491.407631,491.407631,491.407631
1225,50000,8,0.834782,,0.834782,0.834782,0.834782,541.0179,541.0179,541.0179,491.407631,491.407631,491.407631
1226,50000,8,0.834782,,0.834782,0.834782,0.834782,541.0179,541.0179,541.0179,491.407631,491.407631,491.407631
1227,50000,8,0.834782,,0.834782,0.834782,0.834782,541.0179,541.0179,541.0179,491.407631,491.407631,491.407631
1228,50000,8,0.834782,,0.834782,0.834782,0.834782,541.0179,541.0179,541.0179,491.407631,491.407631,491.407631
1229,50000,8,0.834782,,0.834782,0.834782,0.834782,541.0179,541.0179,541.0179,491.407631,491.407631,491.407631
1230,50000,8,0.834782,,0.834782,0.834782,0.834782,541.0179,541.0179,541.0179,491.407631,491.407631,491.407631
1231,50000,8,0.834782,,0.834782,0.834782,0.834782,541.0179,541.0179,541.0179,491.407631,491.407631,491.407631
1232,50000,8,0.834782,,0.834782,0.834782,0.834782,541.0179,541.0179,541.0179,491.407631,491.407631,491.407631
1233,50000,8,0.834782,,0.834782,0.834782,0.834782,541.0179,541.0179,541.0179,491.407631,491.407631,491.407631
1234,50000,8,0.834782,,0.834782,0.834782,0.834782,541.0179,541.0179,541.0179,491.407631,491.407631,491.407631
1235,50000,8,0.834782,,0.834782,0.834782,0.834782,541.0179,541.0179,541.0179,491.407631,491.407631,491.407631
1236,50000,8,0.834782,,0.834782,0.834782,0.834782,541.0179,541.0179,541.0179,491.407631,491.407631,491.407631
1237,50000,8,0.834782,,0.834782,0.834782,0.834782,541.0179,541.0179,541.0179,491.407631,491.407631,491.407631
1238,50000,8,0.834782,,0.834782,0.834782,0.834782,541.0179,541.0179,541.0179,491.407631,491.407631,491.407631
1239,50000,8,0.834782,,0.834782,0.834782,0.834782,541.0179,541.0179,541.0179,491.407631,491.407631,491.407631
1240,50000,8,0.834782,,0.834782,0.834782,0.834782,541.0179,541.0179,541.0179,491.407631,491.407631,491.407631
1241,50000,8,0.834782,,0.834782,0.834782,0.834782,541.0179,541.0179,541.0179,491.407631,491.407631,491.407631
1242,50000,8,0.834782,,0.834782,0.834782,0.834782,541.0179,541.0179,541.0179,491.407631,491.407631,491.407631
1243,50000,8,0.834782,,0.834782,0.834782,0.834782,541.0179,541.0179,541.0179,491.407631,491.407631,491.407631
1244,50000,8,0.834782,,0.834782,0.834782,0.834782,541.0179,541.0179,541.0179,491.407631,491.407631,491.407631
1245,50000,8,0.834782,,0.834782,0.834782,0.834782,541.0179,541.0179,541.0179,491.407631,491.407631,491.407631
1246,50000,8,0.834782,,0.834782,0.834782,0.834782,541.0179,541.0179,541.0179,491.407631,491.407631,491.407631
1247,50000,8,0.834782,,0.834782,0.834782,0.834782,541.0179,541.0179,541.0179,491.407631,491.407631,491.407631
1248,50000,8,0.834782,,0.834782,0.834782,0.834782,541.0179,541.0179,541.0179,491.407631,491.407631,491.407631
1249,50000,8,0.834782,,0.834782,0.834782,0.834782,541.0179,541.0179,541.0179,491.407631,491.407631,491.407631
1250,50000,8,0.834782,,0.834782,0.834782,0.834782,541.0179,541.0179,541.0179,491.407631,491.407631,491.407631
1251,50000,8,0.834782,,0.834782,0.834782,0.834782,541.0179,541.0179,541.0179,491.407631,491.407631,491.407631
1252,50000,8,0.834782,,0.834782,0.834782,0.834782,541.0179,541.0179,541.0179,491.407631,491.407631,491.407631
1253,50000,8,0.834782,,0.834782,0.834782,0.834782,541.0179,541.0179,541.0179,491.407631,491.407631,491.407631
1254,50000,8,0.834782,,0.834782,0.834782,0.834782,541.0179,541.0179,541.0179,491.407631,491.407631,491.407631
1255,50000,8,0.834782,,0.834782,0.834782,0.834782,541.0179,541.0179,541.0179,491.407631,491.407631,491.407631
1256,50000,8,0.834782,,0.834782,0.834782,0.834782,541.0179,541.0179,541.0179,491.407631,491.407631,491.407631
1257,50000,8,0.834782,,0.834782,0.834782,0.834782,541.0179,541.0179,541.0179,491.407631,491.407631,491.407631
1258,50000,8,0.834782,,0.834782,0.834782,0.834782,541.0179,541.0179,541.0179,491.407631,491.407631,491.407631
1259,50000,8,0.834782,,0.834782,0.834782,0.834782,541.0179,541.0179,541.0179,491.407631,491.407631,491.407631
1260,50000,8,0.834782,,0.834782,0.834782,0.834782,541.0179,541.0179,541.0179,491.407631,491.407631,491.407631
1261,50000,8,0.834782,,0.834782,0.834782,0.834782,541.0179,541.0179,541.0179,491.407631,491.407631,491.407631
1262,50000,8,0.834782,,0.834782,0.834782,0.834782,541.0179,541.0179,541.0179,491.407631,491.407631,491.407631
1263,50000,8,0.834782,,0.834782,0.834782,0.834782,541.0179,541.0179,541.0179,491.407631,491.407631,491.407631
1264,50000,8,0.834782,,0.834782,0.834782,0.834782,541.0179,541.0179,541.0179,491.407631,491.407631,491.407631
1265,50000,8,0.834782,,0.834782,0.834782,0.834782,541.0179,541.0179,541.0179,491.407631,491.407631,491.407631
1266,50000,8,0.834782,,0.834782,0.834782,0.834782,541.0179,541.0179,541.0179,491.407631,491.407631,491.407631
1267,50000,8,0.834782,,0.834782,0.834782,0.834782,541.0179,541.0179,541.0179,491.407631,491.407631,491.407631
1268,50000,8,0.834782,,0.834782,0.834782,0.834782,541.0179,541.0179,541.0179,491.407631,491.407631,491.407631
1269,50000,8,0.834782,,0.834782,0.834782,0.834782,541.0179,541.0179,541.0179,491.407631,491.407631,491.407631
1270,50000,8,0.834782,,0.834782,0.834782,0.834782,541.0179,541.0179,541.0179,491.407631,491.407631,491.407631
1271,50000,8,0.834782,,0.834782,0.834782,0.834782,541.0179,541.0179,541.0179,491.407631,491.407631,491.407631
1272,50000,8,0.834782,,0.834782,0.834782,0.834782,541.0179,541.0179,541.0179,491.407631,491.407631,491.407631
1273,50000,8,0.834782,,0.834782,0.834782,0.834782,541.0179,541.0179,541.0179,491.407631,491.407631,491.407631
1274,50000,8,0.834782,,0.834782,0.834782,0.834782,541.0179,541.0179,541.0179,491.407631,491.407631,491.407631
1275,50000,8,0.834782,,0.834782,0.834782,0.834782,541.0179,541.0179,541.0179,491.407631,491.407631,491.407631
1276,50000,8,0.834782,,0.834782,0.834782,0.834782,541.0179,541.0179,541.0179,491.407631,491.407631,491.407631
1277,50000,8,0.834782,,0.834782,0.834782,0.834782,541.0179,541.0179,541.0179,491.407631,491.407631,491.407631
1278,50000,8,0.834782,,0.834782,0.834782,0.834782,541.0179,541.0179,541.0179,491.407631,491.407631,491.407631
1279,50000,8,0.834782,,0.834782,0.834782,0.834782,541.0179,541.0179,541.0179,491.407631,491.407631,491.407631
1280,50000,8,0.834782,,0.834782,0.834782,0.834782,541.0179,541.0179,541.0179,491.407631,491.407631,491.407631
1281,50000,8,0.834782,,0.834782,0.834782,0.834782,541.0179,541.0179,541.0179,491.407631,491.407631,491.407631
1282,50000,8,0.834782,,0.834782,0.834782,0.834782,541.0179,541.0179,541.0179,491.407631,491.407631,491.407631
1283,50000,8,0.834782,,0.834782,0.834782,0.834782,541.0179,541.0179,541.0179,491.407631,491.407631,491.407631
1284,50000,8,0.834782,,0.834782,0.834782,0.834782,541.0179,541.0179,541.0179,491.407631,491.407631,491.407631
1285,50000,8,0.834782,,0.834782,0.834782,0.834782,541.0179,541.0179,541.0179,491.407631,491.407631,491.407631
1286,50000,8,0.834782,,0.834782,0.834782,0.834782,541.0179,541.0179,541.0179,491.407631,491.407631,491.407631
1287,50000,8,0.834782,,0.834782,0.834782,0.834782,541.0179,541.0179,541.0179,491.407631,491.407631,491.407631
1288,50000,8,0.834782,,0.834782,0.834782,0.834782,541.0179,541.0179,541.0179,491.407631,491.407631,491.407631
1289,50000,8,0.834782,,0.834782,0.834782,0.834782,541.0179,541.0179,541.0179,491.407631,491.407631,491.407631
1290,50000,8,0.834782,,0.834782,0.834782,0.834782,541.0179,541.0179,541.0179,491.407631,491.407631,491.407631
1291,50000,8,0.834782,,0.834782,0.834782,0.834782,541.0179,541.0179,541.0179,491.407631,491.407631,491.407631
1292,50000,8,0.834782,,0.834782,0.834782,0.834782,541.0179,541.0179,541.0179,491.407631,491.407631,491.407631
1293,50000,8,0.834782,,0.834782,0.834782,0.834782,541.0179,541.0179,541.0179,491.407631,491.407631,491.407631
1294,50000,8,0.834782,,0.834782,0.834782,0.834782,541.0179,541.0179,541.0179,491.407631,491.407631,491.407631
1295,50000,8,0.834782,,0.834782,0.834782,0.834782,541.0179,541.0179,541.0179,491.407631,491.407631,491.407631
1296,50000,8,0.834782,,0.834782,0.834782,0.834782,541.0179,541.0179,541.0179,491.407631,491.407631,491.407631
1297,50000,8,0.834782,,0.834782,0.834782,0.834782,541.0179,541.0179,541.0179,491.407631,491.407631,491.407631
1298,50000,8,0.834782,,0.834782,0.834782,0.834782,541.0179,541.0179,541.0179,491.407631,491.407631,491.407631
1299,50000,8,0.834782,,0.834782,0.834782,0.834782,541.0179,541.0179,541.0179,491.407631,491.407631,491.407631
1300,50000,8,0.834782,,0.834782,0.834782,0.834782,541.0179,541.0179,541.0179,491.407631,491.407631,491.407631
1301,50000,8,0.834782,,0.834782,0.834782,0.834782,541.0179,541.0179,541.0179,491.407631,491.407631,491.407631
1302,50000,8,0.834782,,0.834782,0.834782,0.834782,541.0179,541.0179,541.0179,491.407631,491.407631,491.407631
1303,50000,8,0.834782,,0.834782,0.834782,0.834782,541.0179,541.0179,541.0179,491.407631,491.407631,491.407631
1304,50000,8,0.834782,,0.834782,0.834782,0.834782,541.0179,541.0179,541.0179,491.407631,491.407631,491.407631
1305,50000,8,0.834782,,0.834782,0.834782,0.834782,541.0179,541.0179,541.0179,491.407631,491.407631,491.407631
1306,50000,8,0.834782,,0.834782,0.834782,0.834782,541.0179,541.0179,541.0179,491.407631,491.407631,491.407631
1307,50000,8,0.834782,,0.834782,0.834782,0.834782,541.0179,541.0179,541.0179,491.407631,491.407631,491.407631
1308,50000,8,0.834782,,0.834782,0.834782,0.834782,541.0179,541.0179,541.0179,491.407631,491.407631,491.407631
1309,50000,8,0.834782,,0.834782,0.834782,0.834782,541.0179,541.0179,541.0179,491.407631,491.407631,491.407631
1310,50000,8,0.834782,,0.834782,0.834782,0.834782,541.0179,541.0179,541.0179,491.407631,491.407631,491.407631
1311,50000,8,0.834782,,0.834782,0.834782,0.834782,541.0179,541.0179,541.0179,491.407631,491.407631,491.407631
1312,50000,8,0.834782,,0.834782,0.834782,0.834782,541.0179,541.0179,541.0179,491.407631,491.407631,491.407631
1313,50000,8,0.834782,,0.834782,0.834782,0.834782,541.0179,541.0179,541.0179,491.407631,491.407631,491.407631
1314,50000,8,0.834782,,0.834782,0.834782,0.834782,541.0179,541.0179,541.0179,491.407631,491.407631,491.407631
1315,50000,8,0.834782,,0.834782,0.834782,0.834782,541.0179,541.0179,541.0179,491.407631,491.407631,491.407631
1316,50000,8,0.834782,,0.834782,0.834782,0.834782,541.0179,541.0179,541.0179,491.407631,491.407631,491.407631
1317,50000,8,0.834782,,0.834782,0.834782,0.834782,541.0179,541.0179,541.0179,491.407631,491.407631,491.407631
1318,50000,8,0.834782,,0.834782,0.834782,0.834782,541.0179,541.0179,541.0179,491.407631,491.407631,491.407631
1319,50000,8,0.834782,,0.834782,0.834782,0.834782,541.0179,541.0179,541.0179,491.407631,491.407631,491.407631
1320,50000,8,0.834782,,0.834782,0.834782,0.834782,541.0179,541.0179,541.0179,491.407631,491.407631,491.407631
1321,50000,8,0.834782,,0.834782,0.834782,0.834782,541.0179,541.0179,541.0179,491.407631,491.407631,491.407631
1322,50000,8,0.834782,,0.834782,0.834782,0.834782,541.0179,541.0179,541.0179,491.407631,491.407631,491.407631
1323,50000,8,0.834782,,0.834782,0.834782,0.834782,541.0179,541.0179,541.0179,491.407631,491.407631,491.407631
1324,50000,8,0.834782,,0.834782,0.834782,0.834782,541.0179,541.0179,541.0179,491.407631,491.407631,491.407631
1325,50000,8,0.834782,,0.834782,0.834782,0.834782,541.0179,541.0179,541.0179,491.407631,491.407631,491.407631
1326,50000,8,0.834782,,0.834782,0.834782,0.834782,541.0179,541.0179,541.0179,491.407631,491.407631,491.407631
1327,50000,8,0.834782,,0.834782,0.834782,0.834782,541.0179,541.0179,541.0179,491.407631,491.407631,491.407631
1328,50000,8,0.834782,,0.834782,0.834782,0.834782,541.0179,541.0179,541.0179,491.407631,491.407631,491.407631
1329,50000,8,0.834782,,0.834782,0.834782,0.834782,541.0179,541.0179,541.0179,491.407631,491.407631,491.407631
1330,50000,8,0.834782,,0.834782,0.834782,0.834782,541.0179,541.0179,541.0179,491.407631,491.407631,491.407631
1331,50000,8,0.834782,,0.834782,0.834782,0.834782,541.0179,541.0179,541.0179,491.407631,491.407631,491.407631
1332,50000,8,0.834782,,0.834782,0.834782,0.834782,541.0179,541.0179,541.0179,491.407631,491.407631,491.407631
1333,50000,8,0.834782,,0.834782,0.834782,0.834782,541.0179,541.0179,541.0179,491.407631,491.407631,491.407631
1334,50000,8,0.834782,,0.834782,0.834782,0.834782,541.0179,541.0179,541.0179,491.407631,491.407631,491.407631
1335,50000,8,0.834782,,0.834782,0.834782,0.834782,541.0179,541.0179,541.0179,491.407631,491.407631,491.407631
1336,50000,8,0.834782,,0.834782,0.834782,0.834782,541.0179,541.0179,541.0179,491.407631,491.407631,491.407631
1337,50000,8,0.834782,,0.834782,0.834782,0.834782,541.0179,541.0179,541.0179,491.407631,491.407631,491.407631
1338,50000,8,0.834782,,0.834782,0.834782,0.834782,541.0179,541.0179,541.0179,491.407631,491.407631,491.407631
1339,50000,8,0.834782,,0.834782,0.834782,0.834782,541.0179,541.0179,541.0179,491.407631,491.407631,491.407631
1340,50000,8,0.834782,,0.834782,0.834782,0.834782,541.0179,541.0179,541.0179,491.407631,491.407631,491.407631
1341,50000,8,0.834782,,0.834782,0.834782,0.834782,541.0179,541.0179,541.0179,491.407631,491.407631,491.407631
1342,50000,8,0.834782,,0.834782,0.834782,0.834782,541.0179,541.0179,541.0179,491.407631,491.407631,491.407631
1343,50000,8,0.834782,,0.834782,0.834782,0.834782,541.0179,541.0179,541.0179,491.407631,491.407631,491.407631
1344,50000,8,0.834782,,0.834782,0.834782,0.834782,541.0179,541.0179,541.0179,491.407631,491.407631,491.407631
1345,50000,8,0.834782,,0.834782,0.834782,0.834782,541.0179,541.0179,541.0179,491.407631,491.407631,491.407631
1346,50000,8,0.834782,,0.834782,0.834782,0.834782,541.0179,541.0179,541.0179,491.407631,491.407631,491.407631
1347,50000,8,0.834782,,0.834782,0.834782,0.834782,541.0179,541.0179,541.0179,491.407631,491.407631,491.407631
1348,50000,8,0.834782,,0.834782,0.834782,0.834782,541.0179,541.0179,541.0179,491.407631,491.407631,491.407631
1349,50000,8,0.834782,,0.834782,0.834782,0.834782,541.0179,541.0179,541.0179,491.407631,491.407631,491.407631
1350,50000,8,0.834782,,0.834782,0.834782,0.834782,541.0179,541.0179,541.0179,491.407631,491.407631,491.407631
1351,50000,8,0.834782,,0.834782,0.834782,0.834782,541.0179,541.0179,541.0179,491.407631,491.407631,491.407631
1352,50000,8,0.834782,,0.834782,0.834782,0.834782,541.0179,541.0179,541.0179,491.407631,491.407631,491.407631
1353,50000,8,0.834782,,0.834782,0.834782,0.834782,541.0179,541.0179,541.0179,491.407631,491.407631,491.407631
1354,50000,8,0.834782,,0.834782,0.834782,0.834782,541.0179,541.0179,541.0179,491.407631,491.407631,491.407631
1355,50000,8,0.834782,,0.834782,0.834782,0.834782,541.0179,541.0179,541.0179,491.407631,491.407631,491.407631
1356,50000,8,0.834782,,0.834782,0.834782,0.834782,541.0179,541.0179,541.0179,491.407631,491.407631,491.407631
1357,50000,8,0.834782,,0.834782,0.834782,0.834782,541.0179,541.0179,541.0179,491.407631,491.407631,491.407631
1358,50000,8,0.834782,,0.834782,0.834782,0.834782,541.0179,541.0179,541.0179,491.407631,491.407631,491.407631
1359,50000,8,0.834782,,0.834782,0.834782,0.834782,541.0179,541.0179,541.0179,491.407631,491.407631,491.407631
1360,50000,8,0.834782,,0.834782,0.834782,0.834782,541.0179,541.0179,541.0179,491.407631,491.407631,491.407631
1361,50000,8,0.834782,,0.834782,0.834782,0.834782,541.0179,541.0179,541.0179,491.407631,491.407631,491.407631
1362,50000,8,0.834782,,0.834782,0.834782,0.834782,541.0179,541.0179,541.0179,491.407631,491.407631,491.407631
1363,50000,8,0.834782,,0.834782,0.834782,0.834782,541.0179,541.0179,541.0179,491.407631,491.407631,491.407631
1364,50000,8,0.834782,,0.834782,0.834782,0.834782,541.0179,541.0179,541.0179,491.407631,491.407631,491.407631
1365,50000,8,0.834782,,0.834782,0.834782,0.834782,541.0179,541.0179,541.0179,491.407631,491.407631,491.407631
1366,50000,8,0.834782,,0.834782,0.834782,0.834782,541.0179,541.0179,541.0179,491.407631,491.407631,491.407631
1367,50000,8,0.834782,,0.834782,0.834782,0.834782,541.0179,541.0179,541.0179,491.407631,491.407631,491.407631
1368,50000,8,0.834782,,0.834782,0.834782,0.834782,541.0179,541.0179,541.0179,491.407631,491.407631,491.407631
1369,50000,8,0.834782,,0.834782,0.834782,0.834782,541.0179,541.0179,541.0179,491.407631,491.407631,491.407631
1370,50000,8,0.834782,,0.834782,0.834782,0.834782,541.0179,541.0179,541.0179,491.407631,491.407631,491.407631
1371,50000,8,0.834782,,0.834782,0.834782,0.834782,541.0179,541.0179,541.0179,491.407631,491.407631,491.407631
1372,50000,8,0.834782,,0.834782,0.834782,0.834782,541.0179,541.0179,541.0179,491.407631,491.407631,491.407631
1373,50000,8,0.834782,,0.834782,0.834782,0.834782,541.0179,541.0179,541.0179,491.407631,491.407631,491.407631
1374,50000,8,0.834782,,0.834782,0.834782,0.834782,541.0179,541.0179,541.0179,491.407631,491.407631,491.407631
1375,50000,8,0.834782,,0.834782,0.834782,0.834782,541.0179,541.0179,541.0179,491.407631,491.407631,491.407631
1376,50000,8,0.834782,,0.834782,0.834782,0.834782,541.0179,541.0179,541.0179,491.407631,491.407631,491.407631
1377,50000,8,0.834782,,0.834782,0.834782,0.834782,541.0179,541.0179,541.0179,491.407631,491.407631,491.407631
1378,50000,8,0.834782,,0.834782,0.834782,0.834782,541.0179,541.0179,541.0179,491.407631,491.407631,491.407631
1379,50000,8,0.834782,,0.834782,0.834782,0.834782,541.0179,541.0179,541.0179,491.407631,491.407631,491.407631
1380,50000,8,0.834782,,0.834782,0.834782,0.834782,541.0179,541.0179,541.0179,491.407631,491.407631,491.407631
1381,50000,8,0.834782,,0.834782,0.834782,0.834782,541.0179,541.0179,541.0179,491.407631,491.407631,491.407631
1382,50000,8,0.834782,,0.834782,0.834782,0.834782,541.0179,541.0179,541.0179,491.407631,491.407631,491.407631
1383,50000,8,0.834782,,0.834782,0.834782,0.834782,541.0179,541.0179,541.0179,491.407631,491.407631,491.407631
1384,50000,8,0.834782,,0.834782,0.834782,0.834782,541.0179,541.0179,541.0179,491.407631,491.407631,491.407631
1385,50000,8,0.834782,,0.834782,0.834782,0.834782,541.0179,541.0179,541.0179,491.407631,491.407631,491.407631
1386,50000,8,0.834782,,0.834782,0.834782,0.834782,541.0179,541.0179,541.0179,491.407631,491.407631,491.407631
1387,50000,8,0.834782,,0.834782,0.834782,0.834782,541.0179,541.0179,541.0179,491.407631,491.407631,491.407631
1388,50000,8,0.834782,,0.834782,0.834782,0.834782,541.0179,541.0179,541.0179,491.407631,491.407631,491.407631
1389,50000,8,0.834782,,0.834782,0.834782,0.834782,541.0179,541.0179,541.0179,491.407631,491.407631,491.407631
1390,50000,8,0.834782,,0.834782,0.834782,0.834782,541.0179,541.0179,541.0179,491.407631,491.407631,491.407631
1391,50000,8,0.834782,,0.834782,0.834782,0.834782,541.0179,541.0179,541.0179,491.407631,491.407631,491.407631
1392,50000,8,0.834782,,0.834782,0.834782,0.834782,541.0179,541.0179,541.0179,491.407631,491.407631,491.407631
1393,50000,8,0.834782,,0.834782,0.834782,0.834782,541.0179,541.0179,541.0179,491.407631,491.407631,491.407631
1394,50000,8,0.834782,,0.834782,0.834782,0.834782,541.0179,541.0179,541.0179,491.407631,491.407631,491.407631
1395,50000,8,0.834782,,0.834782,0.834782,0.834782,541.0179,541.0179,541.0179,491.407631,491.407631,491.407631
1396,50000,8,0.834782,,0.834782,0.834782,0.834782,541.0179,541.0179,541.0179,491.407631,491.407631,491.407631
1397,50000,8,0.834782,,0.834782,0.834782,0.834782,541.0179,541.0179,541.0179,491.407631,491.407631,491.407631
1398,50000,8,0.834782,,0.834782,0.834782,0.834782,541.0179,541.0179,541.0179,491.407631,491.407631,491.407631
1399,50000,8,0.834782,,0.834782,0.834782,0.834782,541.0179,541.0179,541.0179,491.407631,491.407631,491.407631
1400,50000,8,0.834782,,0.834782,0.834782,0.834782,541.0179,541.0179,541.0179,491.407631,491.407631,491.407631
1401,50000,8,0.834782,,0.834782,0.834782,0.834782,541.0179,541.0179,541.0179,491.407631,491.407631,491.407631
1402,50000,8,0.834782,,0.834782,0.834782,0.834782,541.0179,541.0179,541.0179,491.407631,491.407631,491.407631
1403,50000,8,0.834782,,0.834782,0.834782,0.834782,541.0179,541.0179,541.0179,491.407631,491.407631,491.407631
1404,50000,8,0.834782,,0.834782,0.834782,0.834782,541.0179,541.0179,541.0179,491.407631,491.407631,491.407631
1405,50000,8,0.834782,,0.834782,0.834782,0.834782,541.0179,541.0179,541.0179,491.407631,491.407631,491.407631
1406,50000,8,0.834782,,0.834782,0.834782,0.834782,541.0179,541.0179,541.0179,491.407631,491.407631,491.407631
1407,50000,8,0.834782,,0.834782,0.834782,0.834782,541.0179,541.0179,541.0179,491.407631,491.407631,491.407631
1408,50000,8,0.834782,,0.834782,0.834782,0.834782,541.0179,541.0179,541.0179,491.407631,491.407631,491.407631
1409,50000,8,0.834782,,0.834782,0.834782,0.834782,541.0179,541.0179,541.0179,491.407631,491.407631,491.407631
1410,50000,8,0.834782,,0.834782,0.834782,0.834782,541.0179,541.0179,541.0179,491.407631,491.407631,491.407631
1411,50000,8,0.834782,,0.834782,0.834782,0.834782,541.0179,541.0179,541.0179,491.407631,491.407631,491.407631
1412,50000,8,0.834782,,0.834782,0.834782,0.834782,541.0179,541.0179,541.0179,491.407631,491.407631,491.407631
1413,50000,8,0.834782,,0.834782,0.834782,0.834782,541.0179,541.0179,541.0179,491.407631,491.407631,491.407631
1414,50000,8,0.834782,,0.834782,0.834782,0.834782,541.0179,541.0179,541.0179,491.407631,491.407631,491.407631
1415,50000,8,0.834782,,0.834782,0.834782,0.834782,541.0179,541.0179,541.0179,491.407631,491.407631,491.407631
1416,50000,8,0.834782,,0.834782,0.834782,0.834782,541.0179,541.0179,541.0179,491.407631,491.407631,491.407631
1417,50000,8,0.834782,,0.834782,0.834782,0.834782,541.0179,541.0179,541.0179,491.407631,491.407631,491.407631
1418,50000,8,0.834782,,0.834782,0.834782,0.834782,541.0179,541.0179,541.0179,491.407631,491.407631,491.407631
1419,50000,8,0.834782,,0.834782,0.834782,0.834782,541.0179,541.0179,541.0179,491.407631,491.407631,491.407631
1420,50000,8,0.834782,,0.834782,0.834782,0.834782,541.0179,541.0179,541.0179,491.407631,491.407631,491.407631
1421,50000,8,0.834782,,0.834782,0.834782,0.834782,541.0179,541.0179,541.0179,491.407631,491.407631,491.407631
1422,50000,8,0.834782,,0.834782,0.834782,0.834782,541.0179,541.0179,541.0179,491.407631,491.407631,491.407631
1423,50000,8,0.834782,,0.834782,0.834782,0.834782,541.0179,541.0179,541.0179,491.407631,491.407631,491.407631
1424,50000,8,0.834782,,0.834782,0.834782,0.834782,541.0179,541.0179,541.0179,491.407631,491.407631,491.407631
1425,50000,8,0.834782,,0.834782,0.834782,0.834782,541.0179,541.0179,541.0179,491.407631,491.407631,491.407631
1426,50000,8,0.834782,,0.834782,0.834782,0.834782,541.0179,541.0179,541.0179,491.407631,491.407631,491.407631
1427,50000,8,0.834782,,0.834782,0.834782,0.834782,541.0179,541.0179,541.0179,491.407631,491.407631,491.407631
1428,50000,8,0.834782,,0.834782,0.834782,0.834782,541.0179,541.0179,541.0179,491.407631,491.407631,491.407631
1429,50000,8,0.834782,,0.834782,0.834782,0.834782,541.0179,541.0179,541.0179,491.407631,491.407631,491.407631
1430,50000,8,0.834782,,0.834782,0.834782,0.834782,541.0179,541.0179,541.0179,491.407631,491.407631,491.407631
1431,50000,8,0.834782,,0.834782,0.834782,0.834782,541.0179,541.0179,541.0179,491.407631,491.407631,491.407631
1432,50000,8,0.834782,,0.834782,0.834782,0.834782,541.0179,541.0179,541.0179,491.407631,491.407631,491.407631
1433,50000,8,0.834782,,0.834782,0.834782,0.834782,541.0179,541.0179,541.0179,491.407631,491.407631,491.407631
1434,50000,8,0.834782,,0.834782,0.834782,0.834782,541.0179,541.0179,541.0179,491.407631,491.407631,491.407631
1435,50000,8,0.834782,,0.834782,0.834782,0.834782,541.0179,541.0179,541.0179,491.407631,491.407631,491.407631
1436,50000,8,0.834782,,0.834782,0.834782,0.834782,541.0179,541.0179,541.0179,491.407631,491.407631,491.407631
1437,50000,8,0.834782,,0.834782,0.834782,0.834782,541.0179,541.0179,541.0179,491.407631,491.407631,491.407631
1438,50000,8,0.834782,,0.834782,0.834782,0.834782,541.0179,541.0179,541.0179,491.407631,491.407631,491.407631
1439,50000,8,0.834782,,0.834782,0.834782,0.834782,541.0179,541.0179,541.0179,491.407631,491.407631,491.407631
1440,50000,8,0.834782,,0.834782,0.834782,0.834782,541.0179,541.0179,541.0179,491.407631,491.407631,491.407631
1441,50000,8,0.834782,,0.834782,0.834782,0.834782,541.0179,541.0179,541.0179,491.407631,491.407631,491.407631
1442,50000,8,0.834782,,0.834782,0.834782,0.834782,541.0179,541.0179,541.0179,491.407631,491.407631,491.407631
1443,50000,8,0.834782,,0.834782,0.834782,0.834782,541.0179,541.0179,541.0179,491.407631,491.407631,491.407631
1444,50000,8,0.834782,,0.834782,0.834782,0.834782,541.0179,541.0179,541.0179,491.407631,491.407631,491.407631
1445,50000,8,0.834782,,0.834782,0.834782,0.834782,541.0179,541.0179,541.0179,491.407631,491.407631,491.407631
1446,50000,8,0.834782,,0.834782,0.834782,0.834782,541.0179,541.0179,541.0179,491.407631,491.407631,491.407631
1447,50000,8,0.834782,,0.834782,0.834782,0.834782,541.0179,541.0179,541.0179,491.407631,491.407631,491.407631
1448,50000,8,0.834782,,0.834782,0.834782,0.834782,541.0179,541.0179,541.0179,491.407631,491.407631,491.407631
1449,50000,8,0.834782,,0.834782,0.834782,0.834782,541.0179,541.0179,541.0179,491.407631,491.407631,491.407631
1450,50000,8,0.834782,,0.834782,0.834782,0.834782,541.0179,541.0179,541.0179,491.407631,491.407631,491.407631
1451,50000,8,0.834782,,0.834782,0.834782,0.834782,541.0179,541.0179,541.0179,491.407631,491.407631,491.407631
1452,50000,8,0.834782,,0.834782,0.834782,0.834782,541.0179,541.0179,541.0179,491.407631,491.407631,491.407631
1453,50000,8,0.834782,,0.834782,0.834782,0.834782,541.0179,541.0179,541.0179,491.407631,491.407631,491.407631
1454,50000,8,0.834782,,0.834782,0.834782,0.834782,541.0179,541.0179,541.0179,491.407631,491.407631,491.407631
1455,50000,8,0.834782,,0.834782,0.834782,0.834782,541.0179,541.0179,541.0179,491.407631,491.407631,491.407631
1456,50000,8,0.834782,,0.834782,0.834782,0.834782,541.0179,541.0179,541.0179,491.407631,491.407631,491.407631
1457,50000,8,0.834782,,0.834782,0.834782,0.834782,541.0179,541.0179,541.0179,491.407631,491.407631,491.407631
1458,50000,8,0.834782,,0.834782,0.834782,0.834782,541.0179,541.0179,541.0179,491.407631,491.407631,491.407631
1459,50000,8,0.834782,,0.834782,0.834782,0.834782,541.0179,541.0179,541.0179,491.407631,491.407631,491.407631
1460,50000,8,0.834782,,0.834782,0.834782,0.834782,541.0179,541.0179,541.0179,491.407631,491.407631,491.407631
1461,50000,8,0.834782,,0.834782,0.834782,0.834782,541.0179,541.0179,541.0179,491.407631,491.407631,491.407631
1462,50000,8,0.834782,,0.834782,0.834782,0.834782,541.0179,541.0179,541.0179,491.407631,491.407631,491.407631
1463,50000,8,0.834782,,0.834782,0.834782,0.834782,541.0179,541.0179,541.0179,491.407631,491.407631,491.407631
1464,50000,8,0.834782,,0.834782,0.834782,0.834782,541.0179,541.0179,541.0179,491.407631,491.407631,491.407631
1465,50000,8,0.834782,,0.834782,0.834782,0.834782,541.0179,541.0179,541.0179,491.407631,491.407631,491.407631
1466,50000,8,0.834782,,0.834782,0.834782,0.834782,541.0179,541.0179,541.0179,491.407631,491.407631,491.407631
1467,50000,8,0.834782,,0.834782,0.834782,0.834782,541.0179,541.0179,541.0179,491.407631,491.407631,491.407631
1468,50000,8,0.834782,,0.834782,0.834782,0.834782,541.0179,541.0179,541.0179,491.407631,491.407631,491.407631
1469,50000,8,0.834782,,0.834782,0.834782,0.834782,541.0179,541.0179,541.0179,491.407631,491.407631,491.407631
1470,50000,8,0.834782,,0.834782,0.834782,0.834782,541.0179,541.0179,541.0179,491.407631,491.407631,491.407631
1471,50000,8,0.834782,,0.834782,0.834782,0.834782,541.0179,541.0179,541.0179,491.407631,491.407631,491.407631
1472,50000,8,0.834782,,0.834782,0.834782,0.834782,541.0179,541.0179,541.0179,491.407631,491.407631,491.407631
1473,50000,8,0.834782,,0.834782,0.834782,0.834782,541.0179,541.0179,541.0179,491.407631,491.407631,491.407631
1474,50000,8,0.834782,,0.834782,0.834782,0.834782,541.0179,541.0179,541.0179,491.407631,491.407631,491.407631
1475,50000,8,0.834782,,0.834782,0.834782,0.834782,541.0179,541.0179,541.0179,491.407631,491.407631,491.407631
1476,50000,8,0.834782,,0.834782,0.834782,0.834782,541.0179,541.0179,541.0179,491.407631,491.407631,491.407631
1477,50000,8,0.834782,,0.834782,0.834782,0.834782,541.0179,541.0179,541.0179,491.407631,491.407631,491.407631
1478,50000,8,0.834782,,0.834782,0.834782,0.834782,541.0179,541.0179,541.0179,491.407631,491.407631,491.407631
1479,50000,8,0.834782,,0.834782,0.834782,0.834782,541.0179,541.0179,541.0179,491.407631,491.407631,491.407631
1480,50000,8,0.834782,,0.834782,0.834782,0.834782,541.0179,541.0179,541.0179,491.407631,491.407631,491.407631
1481,50000,8,0.834782,,0.834782,0.834782,0.834782,541.0179,541.0179,541.0179,491.407631,491.407631,491.407631
1482,50000,8,0.834782,,0.834782,0.834782,0.834782,541.0179,541.0179,541.0179,491.407631,491.407631,491.407631
1483,50000,8,0.834782,,0.834782,0.834782,0.834782,541.0179,541.0179,541.0179,491.407631,491.407631,491.407631
1484,50000,8,0.834782,,0.834782,0.834782,0.834782,541.0179,541.0179,541.0179,491.407631,491.407631,491.407631
1485,50000,8,0.834782,,0.834782,0.834782,0.834782,541.0179,541.0179,541.0179,491.407631,491.407631,491.407631
1486,50000,8,0.834782,,0.834782,0.834782,0.834782,541.0179,541.0179,541.0179,491.407631,491.407631,491.407631
1487,50000,8,0.834782,,0.834782,0.834782,0.834782,541.0179,541.0179,541.0179,491.407631,491.407631,491.407631
1488,50000,8,0.834782,,0.834782,0.834782,0.834782,541.0179,541.0179,541.0179,491.407631,491.407631,491.407631
1489,50000,8,0.834782,,0.834782,0.834782,0.834782,541.0179,541.0179,541.0179,491.407631,491.407631,491.407631
1490,50000,8,0.834782,,0.834782,0.834782,0.834782,541.0179,541.0179,541.0179,491.407631,491.407631,491.407631
1491,50000,8,0.834782,,0.834782,0.834782,0.834782,541.0179,541.0179,541.0179,491.407631,491.407631,491.407631
1492,50000,8,0.834782,,0.834782,0.834782,0.834782,541.0179,541.0179,541.0179,491.407631,491.407631,491.407631
1493,50000,8,0.834782,,0.834782,0.834782,0.834782,541.0179,541.0179,541.0179,491.407631,491.407631,491.407631
1494,50000,8,0.834782,,0.834782,0.834782,0.834782,541.0179,541.0179,541.0179,491.407631,491.407631,491.407631
1495,50000,8,0.834782,,0.834782,0.834782,0.834782,541.0179,541.0179,541.0179,491.407631,491.407631,491.407631
1496,50000,8,0.834782,,0.834782,0.834782,0.834782,541.0179,541.0179,541.0179,491.407631,491.407631,491.407631
1497,50000,8,0.834782,,0.834782,0.834782,0.834782,541.0179,541.0179,541.0179,491.407631,491.407631,491.407631
1498,50000,8,0.834782,,0.834782,0.834782,0.834782,541.0179,541.0179,541.0179,491.407631,491.407631,491.407631
1499,50000,8,0.834782,,0.834782,0.834782,0.834782,541.0179,541.0179,541.0179,491.407631,491.407631,491.407631
1500,50000,8,0.834782,,0.834782,0.834782,0.834782,541.0179,541.0179,541.0179,491.407631,491.407631,491.407631
1501,50000,8,0.834782,,0.834782,0.834782,0.834782,541.0179,541.0179,541.0179,491.407631,491.407631,491.407631
1502,50000,8,0.834782,,0.834782,0.834782,0.834782,541.0179,541.0179,541.0179,491.407631,491.407631,491.407631
1503,50000,8,0.834782,,0.834782,0.834782,0.834782,541.0179,541.0179,541.0179,491.407631,491.407631,491.407631
1504,50000,8,0.834782,,0.834782,0.834782,0.834782,541.0179,541.0179,541.0179,491.407631,491.407631,491.407631
1505,50000,8,0.834782,,0.834782,0.834782,0.834782,541.0179,541.0179,541.0179,491.407631,491.407631,491.407631
1506,50000,8,0.834782,,0.834782,0.834782,0.834782,541.0179,541.0179,541.0179,491.407631,491.407631,491.407631
1507,50000,8,0.834782,,0.834782,0.834782,0.834782,541.0179,541.0179,541.0179,491.407631,491.407631,491.407631
1508,50000,8,0.834782,,0.834782,0.834782,0.834782,541.0179,541.0179,541.0179,491.407631,491.407631,491.407631
1509,50000,8,0.834782,,0.834782,0.834782,0.834782,541.0179,541.0179,541.0179,491.407631,491.407631,491.407631
1510,50000,8,0.834782,,0.834782,0.834782,0.834782,541.0179,541.0179,541.0179,491.407631,491.407631,491.407631
1511,50000,8,0.834782,,0.834782,0.834782,0.834782,541.0179,541.0179,541.0179,491.407631,491.407631,491.407631
1512,50000,8,0.834782,,0.834782,0.834782,0.834782,541.0179,541.0179,541.0179,491.407631,491.407631,491.407631
1513,50000,8,0.834782,,0.834782,0.834782,0.834782,541.0179,541.0179,541.0179,491.407631,491.407631,491.407631
1514,50000,8,0.834782,,0.834782,0.834782,0.834782,541.0179,541.0179,541.0179,491.407631,491.407631,491.407631
1515,50000,8,0.834782,,0.834782,0.834782,0.834782,541.0179,541.0179,541.0179,491.407631,491.407631,491.407631
1516,50000,8,0.834782,,0.834782,0.834782,0.834782,541.0179,541.0179,541.0179,491.407631,491.407631,491.407631
1517,50000,8,0.834782,,0.834782,0.834782,0.834782,541.0179,541.0179,541.0179,491.407631,491.407631,491.407631
1518,50000,8,0.834782,,0.834782,0.834782,0.834782,541.0179,541.0179,541.0179,491.407631,491.407631,491.407631
1519,50000,8,0.834782,,0.834782,0.834782,0.834782,541.0179,541.0179,541.0179,491.407631,491.407631,491.407631
1520,50000,8,0.834782,,0.834782,0.834782,0.834782,541.0179,541.0179,541.0179,491.407631,491.407631,491.407631
1521,50000,8,0.834782,,0.834782,0.834782,0.834782,541.0179,541.0179,541.0179,491.407631,491.407631,491.407631
1522,50000,8,0.834782,,0.834782,0.834782,0.834782,541.0179,541.0179,541.0179,491.407631,491.407631,491.407631
1523,50000,8,0.834782,,0.834782,0.834782,0.834782,541.0179,541.0179,541.0179,491.407631,491.407631,491.407631
1524,50000,8,0.834782,,0.834782,0.834782,0.834782,541.0179,541.0179,541.0179,491.407631,491.407631,491.407631
1525,50000,8,0.834782,,0.834782,0.834782,0.834782,541.0179,541.0179,541.0179,491.407631,491.407631,491.407631
1526,50000,8,0.834782,,0.834782,0.834782,0.834782,541.0179,541.0179,541.0179,491.407631,491.407631,491.407631
1527,50000,8,0.834782,,0.834782,0.834782,0.834782,541.0179,541.0179,541.0179,491.407631,491.407631,491.407631
1528,50000,8,0.834782,,0.834782,0.834782,0.834782,541.0179,541.0179,541.0179,491.407631,491.407631,491.407631
1529,50000,8,0.834782,,0.834782,0.834782,0.834782,541.0179,541.0179,541.0179,491.407631,491.407631,491.407631
1530,50000,8,0.834782,,0.834782,0.834782,0.834782,541.0179,541.0179,541.0179,491.407631,491.407631,491.407631
1531,50000,8,0.834782,,0.834782,0.834782,0.834782,541.0179,541.0179,541.0179,491.407631,491.407631,491.407631
1532,50000,8,0.834782,,0.834782,0.834782,0.834782,541.0179,541.0179,541.0179,491.407631,491.407631,491.407631
1533,50000,8,0.834782,,0.834782,0.834782,0.834782,541.0179,541.0179,541.0179,491.407631,491.407631,491.407631
1534,50000,8,0.834782,,0.834782,0.834782,0.834782,541.0179,541.0179,541.0179,491.407631,491.407631,491.407631
1535,50000,8,0.834782,,0.834782,0.834782,0.834782,541.0179,541.0179,541.0179,491.407631,491.407631,491.407631
1536,50000,8,0.834782,,0.834782,0.834782,0.834782,541.0179,541.0179,541.0179,491.407631,491.407631,491.407631
1537,50000,8,0.834782,,0.834782,0.834782,0.834782,541.0179,541.0179,541.0179,491.407631,491.407631,491.407631
1538,50000,8,0.834782,,0.834782,0.834782,0.834782,541.0179,541.0179,541.0179,491.407631,491.407631,491.407631
1539,50000,8,0.834782,,0.834782,0.834782,0.834782,541.0179,541.0179,541.0179,491.407631,491.407631,491.407631
1540,50000,8,0.834782,,0.834782,0.834782,0.834782,541.0179,541.0179,541.0179,491.407631,491.407631,491.407631
1541,50000,8,0.834782,,0.834782,0.834782,0.834782,541.0179,541.0179,541.0179,491.407631,491.407631,491.407631
1542,50000,8,0.834782,,0.834782,0.834782,0.834782,541.0179,541.0179,541.0179,491.407631,491.407631,491.407631
1543,50000,8,0.834782,,0.834782,0.834782,0.834782,541.0179,541.0179,541.0179,491.407631,491.407631,491.407631
1544,50000,8,0.834782,,0.834782,0.834782,0.834782,541.0179,541.0179,541.0179,491.407631,491.407631,491.407631
1545,50000,8,0.834782,,0.834782,0.834782,0.834782,541.0179,541.0179,541.0179,491.407631,491.407631,491.407631
1546,50000,8,0.834782,,0.834782,0.834782,0.834782,541.0179,541.0179,541.0179,491.407631,491.407631,491.407631
1547,50000,8,0.834782,,0.834782,0.834782,0.834782,541.0179,541.0179,541.0179,491.407631,491.407631,491.407631
1548,50000,8,0.834782,,0.834782,0.834782,0.834782,541.0179,541.0179,541.0179,491.407631,491.407631,491.407631
1549,50000,8,0.834782,,0.834782,0.834782,0.834782,541.0179,541.0179,541.0179,491.407631,491.407631,491.407631
1550,50000,8,0.834782,,0.834782,0.834782,0.834782,541.0179,541.0179,541.0179,491.407631,491.407631,491.407631
1551,50000,8,0.834782,,0.834782,0.834782,0.834782,541.0179,541.0179,541.0179,491.407631,491.407631,491.407631
1552,50000,8,0.834782,,0.834782,0.834782,0.834782,541.0179,541.0179,541.0179,491.407631,491.407631,491.407631
1553,50000,8,0.834782,,0.834782,0.834782,0.834782,541.0179,541.0179,541.0179,491.407631,491.407631,491.407631
1554,50000,8,0.834782,,0.834782,0.834782,0.834782,541.0179,541.0179,541.0179,491.407631,491.407631,491.407631
1555,50000,8,0.834782,,0.834782,0.834782,0.834782,541.0179,541.0179,541.0179,491.407631,491.407631,491.407631
1556,50000,8,0.834782,,0.834782,0.834782,0.834782,541.0179,541.0179,541.0179,491.407631,491.407631,491.407631
1557,50000,8,0.834782,,0.834782,0.834782,0.834782,541.0179,541.0179,541.0179,491.407631,491.407631,491.407631
1558,50000,8,0.834782,,0.834782,0.834782,0.834782,541.0179,541.0179,541.0179,491.407631,491.407631,491.407631
1559,50000,8,0.834782,,0.834782,0.834782,0.834782,541.0179,541.0179,541.0179,491.407631,491.407631,491.407631
1560,50000,8,0.834782,,0.834782,0.834782,0.834782,541.0179,541.0179,541.0179,491.407631,491.407631,491.407631
1561,50000,8,0.834782,,0.834782,0.834782,0.834782,541.0179,541.0179,541.0179,491.407631,491.407631,491.407631
1562,50000,8,0.834782,,0.834782,0.834782,0.834782,541.0179,541.0179,541.0179,491.407631,491.407631,491.407631
1563,50000,8,0.834782,,0.834782,0.834782,0.834782,541.0179,541.0179,541.0179,491.407631,491.407631,491.407631
1564,50000,8,0.834782,,0.834782,0.834782,0.834782,541.0179,541.0179,541.0179,491.407631,491.407631,491.407631
1565,50000,8,0.834782,,0.834782,0.834782,0.834782,541.0179,541.0179,541.0179,491.407631,491.407631,491.407631
1566,50000,8,0.834782,,0.834782,0.834782,0.834782,541.0179,541.0179,541.0179,491.407631,491.407631,491.407631
1567,50000,8,0.834782,,0.834782,0.834782,0.834782,541.0179,541.0179,541.0179,491.407631,491.407631,491.407631
1568,50000,8,0.834782,,0.834782,0.834782,0.834782,541.0179,541.0179,541.0179,491.407631,491.407631,491.407631
1569,50000,8,0.834782,,0.834782,0.834782,0.834782,541.0179,541.0179,541.0179,491.407631,491.407631,491.407631
1570,50000,8,0.834782,,0.834782,0.834782,0.834782,541.0179,541.0179,541.0179,491.407631,491.407631,491.407631
1571,50000,8,0.834782,,0.834782,0.834782,0.834782,541.0179,541.0179,541.0179,491.407631,491.407631,491.407631
1572,50000,8,0.834782,,0.834782,0.834782,0.834782,541.0179,541.0179,541.0179,491.407631,491.407631,491.407631
1573,50000,8,0.834782,,0.834782,0.834782,0.834782,541.0179,541.0179,541.0179,491.407631,491.407631,491.407631
1574,50000,8,0.834782,,0.834782,0.834782,0.834782,541.0179,541.0179,541.0179,491.407631,491.407631,491.407631
1575,50000,8,0.834782,,0.834782,0.834782,0.834782,541.0179,541.0179,541.0179,491.407631,491.407631,491.407631
1576,50000,8,0.834782,,0.834782,0.834782,0.834782,541.0179,541.0179,541.0179,491.407631,491.407631,491.407631
1577,50000,8,0.834782,,0.834782,0.834782,0.834782,541.0179,541.0179,541.0179,491.407631,491.407631,491.407631
1578,50000,8,0.834782,,0.834782,0.834782,0.834782,541.0179,541.0179,541.0179,491.407631,491.407631,491.407631
1579,50000,8,0.834782,,0.834782,0.834782,0.834782,541.0179,541.0179,541.0179,491.407631,491.407631,491.407631
1580,50000,8,0.834782,,0.834782,0.834782,0.834782,541.0179,541.0179,541.0179,491.407631,491.407631,491.407631
1581,50000,8,0.834782,,0.834782,0.834782,0.834782,541.0179,541.0179,541.0179,491.407631,491.407631,491.407631
1582,50000,8,0.834782,,0.834782,0.834782,0.834782,541.0179,541.0179,541.0179,491.407631,491.407631,491.407631
1583,50000,8,0.834782,,0.834782,0.834782,0.834782,541.0179,541.0179,541.0179,491.407631,491.407631,491.407631
1584,50000,8,0.834782,,0.834782,0.834782,0.834782,541.0179,541.0179,541.0179,491.407631,491.407631,491.407631
1585,50000,8,0.834782,,0.834782,0.834782,0.834782,541.0179,541.0179,541.0179,491.407631,491.407631,491.407631
1586,50000,8,0.834782,,0.834782,0.834782,0.834782,541.0179,541.0179,541.0179,491.407631,491.407631,491.407631
1587,50000,8,0.834782,,0.834782,0.834782,0.834782,541.0179,541.0179,541.0179,491.407631,491.407631,491.407631
1588,50000,8,0.834782,,0.834782,0.834782,0.834782,541.0179,541.0179,541.0179,491.407631,491.407631,491.407631
1589,50000,8,0.834782,,0.834782,0.834782,0.834782,541.0179,541.0179,541.0179,491.407631,491.407631,491.407631
1590,50000,8,0.834782,,0.834782,0.834782,0.834782,541.0179,541.0179,541.0179,491.407631,491.407631,491.407631
1591,50000,8,0.834782,,0.834782,0.834782,0.834782,541.0179,541.0179,541.0179,491.407631,491.407631,491.407631
1592,50000,8,0.834782,,0.834782,0.834782,0.834782,541.0179,541.0179,541.0179,491.407631,491.407631,491.407631
1593,50000,8,0.834782,,0.834782,0.834782,0.834782,541.0179,541.0179,541.0179,491.407631,491.407631,491.407631
1594,50000,8,0.834782,,0.834782,0.834782,0.834782,541.0179,541.0179,541.0179,491.407631,491.407631,491.407631
1595,50000,8,0.834782,,0.834782,0.834782,0.834782,541.0179,541.0179,541.0179,491.407631,491.407631,491.407631
1596,50000,8,0.834782,,0.834782,0.834782,0.834782,541.0179,541.0179,541.0179,491.407631,491.407631,491.407631
1597,50000,8,0.834782,,0.834782,0.834782,0.834782,541.0179,541.0179,541.0179,491.407631,491.407631,491.407631
1598,50000,8,0.834782,,0.834782,0.834782,0.834782,541.0179,541.0179,541.0179,491.407631,491.407631,491.407631
1599,50000,8,0.834782,,0.834782,0.834782,0.834782,541.0179,541.0179,541.0179,491.407631,491.407631,491.407631
1600,50000,8,0.834782,,0.834782,0.834782,0.834782,541.0179,541.0179,541.0179,491.407631,491.407631,491.407631
1601,50000,8,0.834782,,0.834782,0.834782,0.834782,541.0179,541.0179,541.0179,491.407631,491.407631,491.407631
1602,50000,8,0.834782,,0.834782,0.834782,0.834782,541.0179,541.0179,541.0179,491.407631,491.407631,491.407631
1603,50000,8,0.834782,,0.834782,0.834782,0.834782,541.0179,541.0179,541.0179,491.407631,491.407631,491.407631
1604,50000,8,0.834782,,0.834782,0.834782,0.834782,541.0179,541.0179,541.0179,491.407631,491.407631,491.407631
1605,50000,8,0.834782,,0.834782,0.834782,0.834782,541.0179,541.0179,541.0179,491.407631,491.407631,491.407631
1606,50000,8,0.834782,,0.834782,0.834782,0.834782,541.0179,541.0179,541.0179,491.407631,491.407631,491.407631
1607,50000,8,0.834782,,0.834782,0.834782,0.834782,541.0179,541.0179,541.0179,491.407631,491.407631,491.407631
1608,50000,8,0.834782,,0.834782,0.834782,0.834782,541.0179,541.0179,541.0179,491.407631,491.407631,491.407631
1609,50000,8,0.834782,,0.834782,0.834782,0.834782,541.0179,541.0179,541.0179,491.407631,491.407631,491.407631
1610,50000,8,0.834782,,0.834782,0.834782,0.834782,541.0179,541.0179,541.0179,491.407631,491.407631,491.407631
1611,50000,8,0.834782,,0.834782,0.834782,0.834782,541.0179,541.0179,541.0179,491.407631,491.407631,491.407631
1612,50000,8,0.834782,,0.834782,0.834782,0.834782,541.0179,541.0179,541.0179,491.407631,491.407631,491.407631
1613,50000,8,0.834782,,0.834782,0.834782,0.834782,541.0179,541.0179,541.0179,491.407631,491.407631,491.407631
1614,50000,8,0.834782,,0.834782,0.834782,0.834782,541.0179,541.0179,541.0179,491.407631,491.407631,491.407631
1615,50000,8,0.834782,,0.834782,0.834782,0.834782,541.0179,541.0179,541.0179,491.407631,491.407631,491.407631
1616,50000,8,0.834782,,0.834782,0.834782,0.834782,541.0179,541.0179,541.0179,491.407631,491.407631,491.407631
1617,50000,8,0.834782,,0.834782,0.834782,0.834782,541.0179,541.0179,541.0179,491.407631,491.407631,491.407631
1618,50000,8,0.834782,,0.834782,0.834782,0.834782,541.0179,541.0179,541.0179,491.407631,491.407631,491.407631
1619,50000,8,0.834782,,0.834782,0.834782,0.834782,541.0179,541.0179,541.0179,491.407631,491.407631,491.407631
1620,50000,8,0.834782,,0.834782,0.834782,0.834782,541.0179,541.0179,541.0179,491.407631,491.407631,491.407631
1621,50000,8,0.834782,,0.834782,0.834782,0.834782,541.0179,541.0179,541.0179,491.407631,491.407631,491.407631
1622,50000,8,0.834782,,0.834782,0.834782,0.834782,541.0179,541.0179,541.0179,491.407631,491.407631,491.407631
1623,50000,8,0.834782,,0.834782,0.834782,0.834782,541.0179,541.0179,541.0179,491.407631,491.407631,491.407631
1624,50000,8,0.834782,,0.834782,0.834782,0.834782,541.0179,541.0179,541.0179,491.407631,491.407631,491.407631
1625,50000,8,0.834782,,0.834782,0.834782,0.834782,541.0179,541.0179,541.0179,491.407631,491.407631,491.407631
1626,50000,8,0.834782,,0.834782,0.834782,0.834782,541.0179,541.0179,541.0179,491.407631,491.407631,491.407631
1627,50000,8,0.834782,,0.834782,0.834782,0.834782,541.0179,541.0179,541.0179,491.407631,491.407631,491.407631
1628,50000,8,0.834782,,0.834782,0.834782,0.834782,541.0179,541.0179,541.0179,491.407631,491.407631,491.407631
1629,50000,8,0.834782,,0.834782,0.834782,0.834782,541.0179,541.0179,541.0179,491.407631,491.407631,491.407631
1630,50000,8,0.834782,,0.834782,0.834782,0.834782,541.0179,541.0179,541.0179,491.407631,491.407631,491.407631
1631,50000,8,0.834782,,0.834782,0.834782,0.834782,541.0179,541.0179,541.0179,491.407631,491.407631,491.407631
1632,50000,8,0.834782,,0.834782,0.834782,0.834782,541.0179,541.0179,541.0179,491.407631,491.407631,491.407631
1633,50000,8,0.834782,,0.834782,0.834782,0.834782,541.0179,541.0179,541.0179,491.407631,491.407631,491.407631
1634,50000,8,0.834782,,0.834782,0.834782,0.834782,541.0179,541.0179,541.0179,491.407631,491.407631,491.407631
1635,50000,8,0.834782,,0.834782,0.834782,0.834782,541.0179,541.0179,541.0179,491.407631,491.407631,491.407631
1636,50000,8,0.834782,,0.834782,0.834782,0.834782,541.0179,541.0179,541.0179,491.407631,491.407631,491.407631
1637,50000,8,0.834782,,0.834782,0.834782,0.834782,541.0179,541.0179,541.0179,491.407631,491.407631,491.407631
1638,50000,8,0.834782,,0.834782,0.834782,0.834782,541.0179,541.0179,541.0179,491.407631,491.407631,491.407631
1639,50000,8,0.834782,,0.834782,0.834782,0.834782,541.0179,541.0179,541.0179,491.407631,491.407631,491.407631
1640,50000,8,0.834782,,0.834782,0.834782,0.834782,541.0179,541.0179,541.0179,491.407631,491.407631,491.407631
1641,50000,8,0.834782,,0.834782,0.834782,0.834782,541.0179,541.0179,541.0179,491.407631,491.407631,491.407631
1642,50000,8,0.834782,,0.834782,0.834782,0.834782,541.0179,541.0179,541.0179,491.407631,491.407631,491.407631
1643,50000,8,0.834782,,0.834782,0.834782,0.834782,541.0179,541.0179,541.0179,491.407631,491.407631,491.407631
1644,50000,8,0.834782,,0.834782,0.834782,0.834782,541.0179,541.0179,541.0179,491.407631,491.407631,491.407631
1645,50000,8,0.834782,,0.834782,0.834782,0.834782,541.0179,541.0179,541.0179,491.407631,491.407631,491.407631
1646,50000,8,0.834782,,0.834782,0.834782,0.834782,541.0179,541.0179,541.0179,491.407631,491.407631,491.407631
1647,50000,8,0.834782,,0.834782,0.834782,0.834782,541.0179,541.0179,541.0179,491.407631,491.407631,491.407631
1648,50000,8,0.834782,,0.834782,0.834782,0.834782,541.0179,541.0179,541.0179,491.407631,491.407631,491.407631
1649,50000,8,0.834782,,0.834782,0.834782,0.834782,541.0179,541.0179,541.0179,491.407631,491.407631,491.407631
1650,50000,8,0.834782,,0.834782,0.834782,0.834782,541.0179,541.0179,541.0179,491.407631,491.407631,491.407631
1651,50000,8,0.834782,,0.834782,0.834782,0.834782,541.0179,541.0179,541.0179,491.407631,491.407631,491.407631
1652,50000,8,0.834782,,0.834782,0.834782,0.834782,541.0179,541.0179,541.0179,491.407631,491.407631,491.407631
1653,50000,8,0.834782,,0.834782,0.834782,0.834782,541.0179,541.0179,541.0179,491.407631,491.407631,491.407631
1654,50000,8,0.834782,,0.834782,0.834782,0.834782,541.0179,541.0179,541.0179,491.407631,491.407631,491.407631
1655,50000,8,0.834782,,0.834782,0.834782,0.834782,541.0179,541.0179,541.0179,491.407631,491.407631,491.407631
1656,50000,8,0.834782,,0.834782,0.834782,0.834782,541.0179,541.0179,541.0179,491.407631,491.407631,491.407631
1657,50000,8,0.834782,,0.834782,0.834782,0.834782,541.0179,541.0179,541.0179,491.407631,491.407631,491.407631
1658,50000,8,0.834782,,0.834782,0.834782,0.834782,541.0179,541.0179,541.0179,491.407631,491.407631,491.407631
1659,50000,8,0.834782,,0.834782,0.834782,0.834782,541.0179,541.0179,541.0179,491.407631,491.407631,491.407631
1660,50000,8,0.834782,,0.834782,0.834782,0.834782,541.0179,541.0179,541.0179,491.407631,491.407631,491.407631
1661,50000,8,0.834782,,0.834782,0.834782,0.834782,541.0179,541.0179,541.0179,491.407631,491.407631,491.407631
1662,50000,8,0.834782,,0.834782,0.834782,0.834782,541.0179,541.0179,541.0179,491.407631,491.407631,491.407631
1663,50000,8,0.834782,,0.834782,0.834782,0.834782,541.0179,541.0179,541.0179,491.407631,491.407631,491.407631
1664,50000,8,0.834782,,0.834782,0.834782,0.834782,541.0179,541.0179,541.0179,491.407631,491.407631,491.407631
1665,50000,8,0.834782,,0.834782,0.834782,0.834782,541.0179,541.0179,541.0179,491.407631,491.407631,491.407631
1666,50000,8,0.834782,,0.834782,0.834782,0.834782,541.0179,541.0179,541.0179,491.407631,491.407631,491.407631
1667,50000,8,0.834782,,0.834782,0.834782,0.834782,541.0179,541.0179,541.0179,491.407631,491.407631,491.407631
1668,50000,8,0.834782,,0.834782,0.834782,0.834782,541.0179,541.0179,541.0179,491.407631,491.407631,491.407631
1669,50000,8,0.834782,,0.834782,0.834782,0.834782,541.0179,541.0179,541.0179,491.407631,491.407631,491.407631
1670,50000,8,0.834782,,0.834782,0.834782,0.834782,541.0179,541.0179,541.0179,491.407631,491.407631,491.407631
1671,50000,8,0.834782,,0.834782,0.834782,0.834782,541.0179,541.0179,541.0179,491.407631,491.407631,491.407631
1672,50000,8,0.834782,,0.834782,0.834782,0.834782,541.0179,541.0179,541.0179,491.407631,491.407631,491.407631
1673,50000,8,0.834782,,0.834782,0.834782,0.834782,541.0179,541.0179,541.0179,491.407631,491.407631,491.407631
1674,50000,8,0.834782,,0.834782,0.834782,0.834782,541.0179,541.0179,541.0179,491.407631,491.407631,491.407631
1675,50000,8,0.834782,,0.834782,0.834782,0.834782,541.0179,541.0179,541.0179,491.407631,491.407631,491.407631
1676,50000,8,0.834782,,0.834782,0.834782,0.834782,541.0179,541.0179,541.0179,491.407631,491.407631,491.407631
1677,50000,8,0.834782,,0.834782,0.834782,0.834782,541.0179,541.0179,541.0179,491.407631,491.407631,491.407631
1678,50000,8,0.834782,,0.834782,0.834782,0.834782,541.0179,541.0179,541.0179,491.407631,491.407631,491.407631
1679,50000,8,0.834782,,0.834782,0.834782,0.834782,541.0179,541.0179,541.0179,491.407631,491.407631,491.407631
1680,50000,8,0.834782,,0.834782,0.834782,0.834782,541.0179,541.0179,541.0179,491.407631,491.407631,491.407631
1681,50000,8,0.834782,,0.834782,0.834782,0.834782,541.0179,541.0179,541.0179,491.407631,491.407631,491.407631
1682,50000,8,0.834782,,0.834782,0.834782,0.834782,541.0179,541.0179,541.0179,491.407631,491.407631,491.407631
1683,50000,8,0.834782,,0.834782,0.834782,0.834782,541.0179,541.0179,541.0179,491.407631,491.407631,491.407631
1684,50000,8,0.834782,,0.834782,0.834782,0.834782,541.0179,541.0179,541.0179,491.407631,491.407631,491.407631
1685,50000,8,0.834782,,0.834782,0.834782,0.834782,541.0179,541.0179,541.0179,491.407631,491.407631,491.407631
1686,50000,8,0.834782,,0.834782,0.834782,0.834782,541.0179,541.0179,541.0179,491.407631,491.407631,491.407631
1687,50000,8,0.834782,,0.834782,0.834782,0.834782,541.0179,541.0179,541.0179,491.407631,491.407631,491.407631
1688,50000,8,0.834782,,0.834782,0.834782,0.834782,541.0179,541.0179,541.0179,491.407631,491.407631,491.407631
1689,50000,8,0.834782,,0.834782,0.834782,0.834782,541.0179,541.0179,541.0179,491.407631,491.407631,491.407631
1690,50000,8,0.834782,,0.834782,0.834782,0.834782,541.0179,541.0179,541.0179,491.407631,491.407631,491.407631
1691,50000,8,0.834782,,0.834782,0.834782,0.834782,541.0179,541.0179,541.0179,491.407631,491.407631,491.407631
1692,50000,8,0.834782,,0.834782,0.834782,0.834782,541.0179,541.0179,541.0179,491.407631,491.407631,491.407631
1693,50000,8,0.834782,,0.834782,0.834782,0.834782,541.0179,541.0179,541.0179,491.407631,491.407631,491.407631
1694,50000,8,0.834782,,0.834782,0.834782,0.834782,541.0179,541.0179,541.0179,491.407631,491.407631,491.407631
1695,50000,8,0.834782,,0.834782,0.834782,0.834782,541.0179,541.0179,541.0179,491.407631,491.407631,491.407631
1696,50000,8,0.834782,,0.834782,0.834782,0.834782,541.0179,541.0179,541.0179,491.407631,491.407631,491.407631
1697,50000,8,0.834782,,0.834782,0.834782,0.834782,541.0179,541.0179,541.0179,491.407631,491.407631,491.407631
1698,50000,8,0.834782,,0.834782,0.834782,0.834782,541.0179,541.0179,541.0179,491.407631,491.407631,491.407631
1699,50000,8,0.834782,,0.834782,0.834782,0.834782,541.0179,541.0179,541.0179,491.407631,491.407631,491.407631
