gen,seed,threads,best_global,picos,fit_best,fit_worst,fit_mean,green_best,green_worst,green_mean,emis_best,emis_worst,emis_mean
0,50000,12,0.511493,,0.511493,0.351505,0.435956,332.9758,243.9604,286.843628,599.810774,669.304964,6.2189
1,50000,12,0.522249,,0.522249,0.373788,0.45221,335.4358,250.8762,296.228094,597.422049,656.558487,6.2189
2,50000,12,0.522249,,0.522249,0.378865,0.465197,342.0029,254.3555,303.785113,597.422049,654.929712,6.214374
3,50000,12,0.522249,,0.522249,0.411917,0.47329,342.0029,274.2643,308.720878,597.422049,642.97772,6.214374
4,50000,12,0.522249,,0.522249,0.417254,0.480714,342.0029,275.276,312.833512,597.422049,640.670396,6.214374
5,50000,12,0.527905,,0.527905,0.430938,0.488358,345.194,287.7883,317.318759,595.607328,636.716065,6.080488
6,50000,12,0.535888,,0.535888,0.449871,0.493372,350.3028,295.1128,320.558703,595.607328,629.28199,6.065784
7,50000,12,0.542113,,0.542113,0.449903,0.499303,353.0553,297.7878,324.127854,592.720572,629.28199,6.065784
8,50000,12,0.543365,,0.543365,0.464058,0.506544,354.1946,301.6476,328.215274,592.720572,622.654106,6.065784
9,50000,12,0.544967,,0.544967,0.467742,0.511103,355.242,302.1589,330.79919,590.910036,622.46772,5.991544
10,50000,12,0.547925,,0.547925,0.467742,0.515443,355.3546,302.1589,333.287615,589.89639,622.46772,5.991544
11,50000,12,0.549931,,0.549931,0.467742,0.519457,359.7085,309.3651,335.761167,589.89639,622.46772,5.991544
12,50000,12,0.556655,,0.556655,0.483994,0.52349,364.2867,311.2493,338.343534,589.89639,615.868751,5.948878
13,50000,12,0.556655,,0.556655,0.483994,0.526457,364.2867,318.4347,340.326739,588.291894,615.868751,5.935221
14,50000,12,0.556655,,0.556655,0.489268,0.53014,364.2867,321.7387,342.691586,587.900006,613.96897,5.935221
15,50000,12,0.562097,,0.562097,0.503129,0.533312,366.454,326.7632,344.875666,587.126089,607.643581,5.935221
16,50000,12,0.562097,,0.562097,0.506736,0.536701,366.454,326.7632,347.067069,586.765112,607.643581,5.935221
17,50000,12,0.562097,,0.562097,0.507194,0.539082,366.454,326.7632,348.629643,586.365507,607.643581,5.935042
18,50000,12,0.566272,,0.566272,0.507426,0.541667,366.9296,331.675,350.035271,579.947995,607.643581,5.935042
19,50000,12,0.575378,,0.575378,0.516925,0.544633,372.7011,332.312,351.68824,579.947995,601.155899,5.916685
20,50000,12,0.576282,,0.576282,0.516925,0.547439,373.2691,332.312,353.247002,579.947995,600.238915,5.912207
21,50000,12,0.576282,,0.576282,0.525286,0.549999,373.2691,337.7632,354.969898,579.947995,599.323535,5.912207
22,50000,12,0.576282,,0.576282,0.527832,0.551676,373.2691,337.8591,356.006531,579.947995,599.949909,5.912207
23,50000,12,0.576282,,0.576282,0.528095,0.553716,373.2691,337.8591,357.345093,579.947995,599.56858,5.8719
24,50000,12,0.577397,,0.577397,0.53028,0.556685,375.4413,338.514,359.263243,579.947995,598.528979,5.8719
25,50000,12,0.581071,,0.581071,0.533426,0.560733,376.7216,340.88,362.036752,579.206861,597.994808,5.847291
26,50000,12,0.581071,,0.581071,0.533741,0.563078,376.7216,342.2446,363.378458,579.206861,595.564901,5.847291
27,50000,12,0.582508,,0.582508,0.539513,0.565335,376.8928,342.2446,365.101627,578.200773,595.564901,5.847291
28,50000,12,0.582508,,0.582508,0.544736,0.567829,376.8928,346.0099,366.605336,578.200773,589.67013,5.847291
29,50000,12,0.582508,,0.582508,0.552022,0.569853,379.1796,350.8014,368.375057,578.200773,588.67978,5.847291
30,50000,12,0.583882,,0.583882,0.553683,0.571423,379.1796,351.2941,369.135851,577.450448,588.67978,5.847291
31,50000,12,0.583882,,0.583882,0.557689,0.573004,379.2599,354.7966,370.301441,577.450448,586.073348,5.847291
32,50000,12,0.588845,,0.588845,0.557999,0.575102,382.9568,354.7966,371.798658,575.295978,586.073348,5.83558
33,50000,12,0.594929,,0.594929,0.563602,0.577222,387.7598,356.5979,373.328054,572.291451,586.073348,5.829908
34,50000,12,0.595609,,0.595609,0.565968,0.579392,388.3963,357.1876,375.094615,572.291451,584.483656,5.829908
35,50000,12,0.595609,,0.595609,0.566272,0.581526,388.3963,357.1876,376.577705,572.291451,583.737388,5.829796
36,50000,12,0.595609,,0.595609,0.568338,0.583306,388.3963,358.8198,378.15891,572.291451,582.979555,5.814032
37,50000,12,0.597329,,0.597329,0.569389,0.585273,389.5897,358.8198,379.448846,572.291451,582.455268,5.814032
38,50000,12,0.597329,,0.597329,0.569509,0.587211,389.5897,362.3061,380.732976,571.644059,582.455268,5.796029
39,50000,12,0.598449,,0.598449,0.576884,0.588674,389.5897,370.5861,381.768554,571.644059,581.810245,5.796029
40,50000,12,0.598449,,0.598449,0.579587,0.590339,389.7714,374.27,382.947146,571.644059,581.424958,5.792783
41,50000,12,0.598449,,0.598449,0.580895,0.591514,389.7714,374.27,383.40827,570.3436,581.38027,5.792783
42,50000,12,0.598705,,0.598705,0.584308,0.592921,389.7714,378.1187,384.089281,570.3436,579.597047,5.732829
43,50000,12,0.600222,,0.600222,0.584377,0.593995,390.1979,378.1404,384.652415,568.931686,579.597047,5.722412
44,50000,12,0.60029,,0.60029,0.584377,0.594969,390.1979,378.4262,385.022818,568.931686,579.597047,5.722412
45,50000,12,0.604472,,0.604472,0.586369,0.596084,392.9328,378.6218,385.581563,568.931686,577.032554,5.722412
46,50000,12,0.604472,,0.604472,0.589692,0.596724,392.9328,379.7238,386.093921,568.931686,576.179111,5.722412
47,50000,12,0.605243,,0.605243,0.591245,0.597475,393.5345,379.7238,386.557262,568.931686,576.179111,5.722412
48,50000,12,0.60626,,0.60626,0.592165,0.598387,393.8454,380.7988,386.985683,568.681006,576.009853,5.722412
49,50000,12,0.60626,,0.60626,0.592165,0.599182,393.8454,380.7988,387.207856,568.616657,576.009853,5.715086
50,50000,12,0.606499,,0.606499,0.592516,0.600151,393.8454,381.6809,387.712502,568.468811,575.690279,5.715086
51,50000,12,0.606704,,0.606704,0.595478,0.601197,394.4986,382.2921,388.394393,567.605837,575.690279,5.715086
52,50000,12,0.61734,,0.61734,0.595478,0.602517,399.048,382.5814,389.185711,565.878477,574.567168,5.715086
53,50000,12,0.61734,,0.61734,0.596514,0.603336,399.048,383.0035,389.8045,565.878477,574.272359,5.696316
54,50000,12,0.61734,,0.61734,0.596514,0.604495,399.048,383.5944,390.624906,565.878477,574.027902,5.68722
55,50000,12,0.61734,,0.61734,0.597778,0.605772,399.048,383.5944,391.240818,565.622565,574.027902,5.68722
56,50000,12,0.621355,,0.621355,0.59907,0.60694,401.0494,383.5944,391.957477,564.087744,573.882044,5.68722
57,50000,12,0.621355,,0.621355,0.600292,0.6081,401.0494,385.6542,392.368418,564.087744,573.882044,5.68722
58,50000,12,0.621355,,0.621355,0.601813,0.609094,401.0494,385.1518,392.743485,563.888024,571.618968,5.68722
59,50000,12,0.621355,,0.621355,0.60188,0.610544,401.0494,385.6542,393.682927,562.824873,571.141922,5.671227
60,50000,12,0.623075,,0.623075,0.60188,0.612016,402.2428,385.6542,394.642593,562.824873,570.95431,5.671227
61,50000,12,0.626152,,0.626152,0.60188,0.613917,402.3909,385.6542,395.813116,560.300428,570.681541,5.671227
62,50000,12,0.626152,,0.626152,0.602268,0.615622,403.1702,385.8472,396.896859,560.300428,570.345254,5.6627
63,50000,12,0.628116,,0.628116,0.607088,0.617369,403.1702,387.699,397.735203,559.489229,570.345254,5.6627
64,50000,12,0.628116,,0.628116,0.608385,0.619034,403.1702,389.0238,398.81737,559.489229,570.345254,5.628249
65,50000,12,0.655225,,0.655225,0.608385,0.621391,417.2034,389.0238,399.743271,544.999485,568.979632,5.602625
66,50000,12,0.655225,,0.655225,0.609624,0.623667,417.2034,389.2737,400.795816,544.999485,568.979632,5.602625
67,50000,12,0.655225,,0.655225,0.614234,0.62616,417.2034,389.5875,402.248648,544.999485,568.979632,5.602625
68,50000,12,0.666878,,0.666878,0.618228,0.629122,425.5245,387.2897,403.375331,544.98048,566.722846,5.602625
69,50000,12,0.666878,,0.666878,0.618715,0.631832,425.5245,387.2897,404.30916,544.98048,564.194894,5.449805
70,50000,12,0.666878,,0.666878,0.620082,0.634281,425.5245,387.2897,404.964475,544.98048,564.194894,5.449805
71,50000,12,0.666878,,0.666878,0.622208,0.636537,425.5245,392.1015,406.120372,544.98048,564.372787,5.449805
72,50000,12,0.666878,,0.666878,0.6225,0.638712,425.5245,394.3075,406.658113,544.98048,564.372787,5.449805
73,50000,12,0.666878,,0.666878,0.6225,0.641158,425.5245,395.0144,407.752626,544.98048,564.372787,5.449805
74,50000,12,0.666878,,0.666878,0.627735,0.643201,425.5245,395.0144,408.519871,544.702357,562.279825,5.449805
75,50000,12,0.668854,,0.668854,0.628429,0.645522,426.1463,395.0144,409.824851,543.856009,562.279825,5.449805
76,50000,12,0.668854,,0.668854,0.630729,0.648057,426.1463,398.9214,411.242289,543.856009,562.279825,5.449805
77,50000,12,0.668854,,0.668854,0.630729,0.649779,426.1463,400.5696,412.125397,543.856009,562.279825,5.449805
78,50000,12,0.668854,,0.668854,0.635016,0.652084,426.1463,400.5696,413.611103,543.856009,555.936985,5.43856
79,50000,12,0.668854,,0.668854,0.641519,0.653255,426.1463,401.5791,414.418304,543.856009,554.603965,5.43856
80,50000,12,0.668854,,0.668854,0.641724,0.654964,426.1463,401.5791,415.60167,542.430036,553.903346,5.43856
81,50000,12,0.671575,,0.671575,0.644082,0.656145,426.9199,401.5791,416.333212,539.790719,553.397524,5.43856
82,50000,12,0.671575,,0.671575,0.646872,0.657485,428.2692,401.9577,417.215706,539.790719,553.397524,5.43856
83,50000,12,0.671575,,0.671575,0.646872,0.658856,428.2692,401.9577,418.234761,539.790719,551.499277,5.434849
84,50000,12,0.671706,,0.671706,0.646872,0.661043,428.999,403.789,419.4992,539.790719,551.499277,5.434849
85,50000,12,0.673659,,0.673659,0.646872,0.662266,428.999,403.789,420.349884,539.472264,551.499277,5.434849
86,50000,12,0.673659,,0.673659,0.646872,0.66357,428.999,403.789,421.19567,538.445522,551.450393,5.434849
87,50000,12,0.67652,,0.67652,0.64817,0.66516,429.9477,406.9305,422.05963,538.445522,551.450393,5.434849
88,50000,12,0.67652,,0.67652,0.64817,0.666202,430.3481,406.9305,422.821675,538.445522,551.450393,5.440827
89,50000,12,0.678118,,0.678118,0.656326,0.667419,433.4175,412.8786,423.595202,538.445522,548.315581,5.440827
90,50000,12,0.679419,,0.679419,0.656326,0.668458,435.2927,412.8786,424.225879,537.347362,548.315581,5.420778
91,50000,12,0.679419,,0.679419,0.657313,0.669618,435.2927,414.3845,424.837301,537.347362,547.663074,5.420778
92,50000,12,0.679914,,0.679914,0.658264,0.670771,435.2927,414.0,425.56362,537.347362,547.663074,5.420778
93,50000,12,0.679914,,0.679914,0.658264,0.672314,435.2927,414.0,426.676828,537.347362,547.663074,5.420778
94,50000,12,0.679914,,0.679914,0.662871,0.673489,435.2927,416.2922,427.559368,537.347362,547.663074,5.421097
95,50000,12,0.681037,,0.681037,0.663161,0.674773,435.2927,416.6061,428.80417,537.347362,547.218616,5.407232
96,50000,12,0.682538,,0.682538,0.663161,0.675914,435.4721,416.6061,429.838223,537.347362,547.218616,5.407232
97,50000,12,0.682673,,0.682673,0.665479,0.676929,435.7201,419.074,430.636174,537.347362,546.186944,5.407232
98,50000,12,0.682781,,0.682781,0.666444,0.678032,435.7201,422.3687,431.453956,537.394185,546.186944,5.407232
99,50000,12,0.682781,,0.682781,0.671204,0.678812,435.7201,423.3826,432.157227,537.394185,543.346801,5.404989
100,50000,12,0.68336,,0.68336,0.671204,0.679255,437.2017,423.3826,432.364668,537.394185,543.346801,5.404989
101,50000,12,0.68336,,0.68336,0.675237,0.679714,437.2017,425.431,432.719236,537.394185,543.346801,5.404989
102,50000,12,0.68369,,0.68369,0.675389,0.680201,437.2017,426.0508,433.17831,537.394185,543.346801,5.404989
103,50000,12,0.68369,,0.68369,0.676683,0.680605,437.2017,427.4657,433.412948,537.394185,541.502618,5.404989
104,50000,12,0.686265,,0.686265,0.676929,0.681253,437.7084,427.4657,433.824511,536.821039,541.533973,5.404989
105,50000,12,0.686585,,0.686585,0.677039,0.681747,438.4971,429.5108,433.922019,536.821039,541.310144,5.404989
106,50000,12,0.687056,,0.687056,0.677039,0.682081,438.5049,429.5108,434.06156,536.128978,541.482106,5.404989
107,50000,12,0.688405,,0.688405,0.677039,0.682708,439.0038,429.5108,434.490035,535.852908,541.482106,5.404989
108,50000,12,0.689772,,0.689772,0.678106,0.683299,439.9176,430.3404,434.890444,535.852908,541.482106,5.404989
109,50000,12,0.689772,,0.689772,0.678106,0.684034,440.5803,430.3404,435.446026,535.852908,541.482106,5.380302
110,50000,12,0.689772,,0.689772,0.680247,0.684691,440.5803,430.7878,435.966013,535.612911,541.482106,5.36129
111,50000,12,0.689772,,0.689772,0.682515,0.685186,440.5803,432.5888,436.323796,535.612911,541.482106,5.36129
112,50000,12,0.689772,,0.689772,0.682534,0.685835,440.5803,432.8859,436.723811,535.612911,540.965232,5.36129
113,50000,12,0.690788,,0.690788,0.682534,0.686367,440.6366,433.2127,437.017044,534.982402,540.965232,5.36129
114,50000,12,0.690788,,0.690788,0.68369,0.687018,440.6366,433.2127,437.277403,534.982402,540.965232,5.36129
115,50000,12,0.691125,,0.691125,0.68378,0.687579,440.9361,433.3926,437.462308,534.982402,540.965232,5.36129
116,50000,12,0.691165,,0.691165,0.683887,0.68819,440.9361,433.3926,437.789484,534.116795,539.248492,5.356116
117,50000,12,0.691303,,0.691303,0.683887,0.688601,440.9361,434.0641,438.20488,534.116795,539.248492,5.356116
118,50000,12,0.691303,,0.691303,0.684812,0.689112,441.388,434.0641,438.557832,534.961198,539.137781,5.356116
119,50000,12,0.692141,,0.692141,0.686758,0.68952,441.388,435.8027,438.910295,534.609426,539.137781,5.356116
120,50000,12,0.692141,,0.692141,0.68732,0.689977,442.4537,436.2125,439.124012,534.609426,539.417922,5.356116
121,50000,12,0.693159,,0.693159,0.687714,0.690278,442.4537,436.9604,439.13726,534.465029,539.417922,5.356116
122,50000,12,0.693159,,0.693159,0.687871,0.690522,442.1585,436.8355,439.126872,533.66789,538.263991,5.356116
123,50000,12,0.693295,,0.693295,0.687871,0.690764,442.3733,436.8355,439.306325,533.66789,538.263991,5.356116
124,50000,12,0.694227,,0.694227,0.687871,0.691086,444.5335,436.8355,439.581019,533.66789,538.263991,5.356116
125,50000,12,0.694227,,0.694227,0.689133,0.691525,444.5335,436.8355,439.803278,532.834218,537.809364,5.354534
126,50000,12,0.694227,,0.694227,0.689133,0.69183,444.5335,437.456,440.039217,532.834218,537.809364,5.350265
127,50000,12,0.694227,,0.694227,0.68997,0.692101,444.5335,437.3445,440.279481,532.834218,537.809364,5.350265
128,50000,12,0.694889,,0.694889,0.690002,0.69242,444.5335,437.8261,440.545664,532.834218,536.749285,5.350265
129,50000,12,0.694889,,0.694889,0.690002,0.692658,444.5335,437.8261,440.899736,532.834218,536.749285,5.349678
130,50000,12,0.703647,,0.703647,0.690002,0.693224,445.6606,437.8261,441.372366,529.589544,536.749285,5.34497
131,50000,12,0.703647,,0.703647,0.691303,0.693591,445.6606,437.8261,441.625516,529.589544,536.418351,5.34497
132,50000,12,0.703647,,0.703647,0.691303,0.693937,445.6606,437.8261,442.062204,529.589544,538.023133,5.344758
133,50000,12,0.703647,,0.703647,0.691303,0.694485,445.6606,437.8261,442.462636,529.589544,536.97149,5.344758
134,50000,12,0.703647,,0.703647,0.692144,0.695046,446.3592,437.8261,442.899359,529.589544,536.418351,5.344758
135,50000,12,0.703647,,0.703647,0.692144,0.695616,447.688,437.8261,443.19884,529.589544,536.418351,5.339047
136,50000,12,0.703647,,0.703647,0.692144,0.696072,447.688,437.8261,443.370506,529.589544,536.418351,5.339047
137,50000,12,0.703812,,0.703812,0.692144,0.696517,447.688,437.8261,443.554689,529.477143,536.418351,5.308327
138,50000,12,0.70591,,0.70591,0.692493,0.697144,448.819,437.8261,443.897408,529.346869,536.418351,5.313097
139,50000,12,0.709848,,0.709848,0.694261,0.697913,449.9697,439.6862,444.278684,527.534748,536.418351,5.304373
140,50000,12,0.709848,,0.709848,0.694621,0.698721,449.9697,439.6862,444.620273,527.534748,536.418351,5.304373
141,50000,12,0.714091,,0.714091,0.695033,0.699486,452.5323,439.6862,445.01568,526.252161,536.013433,5.295895
142,50000,12,0.714091,,0.714091,0.695138,0.699944,452.5323,439.6862,445.394734,526.252161,536.013433,5.295895
143,50000,12,0.714091,,0.714091,0.695637,0.700555,452.5323,441.7023,445.822758,526.252161,535.441123,5.295895
144,50000,12,0.714091,,0.714091,0.696027,0.701626,453.651,439.6216,446.53986,526.252161,535.416907,5.295895
145,50000,12,0.71505,,0.71505,0.696568,0.70247,453.651,439.7384,447.073714,525.847243,535.416907,5.295895
146,50000,12,0.71505,,0.71505,0.696568,0.703611,454.4376,440.3555,447.970182,525.847243,535.416907,5.295895
147,50000,12,0.716463,,0.716463,0.696568,0.70455,454.5206,442.6874,448.579478,525.734789,535.742543,5.295895
148,50000,12,0.716463,,0.716463,0.697121,0.705788,454.776,442.9897,449.296998,525.734789,535.416907,5.295895
149,50000,12,0.716463,,0.716463,0.698575,0.70662,455.6231,442.9897,449.975928,525.734789,535.286955,5.278486
150,50000,12,0.716463,,0.716463,0.699886,0.707592,455.6231,443.9132,450.471497,525.734789,535.286955,5.276887
151,50000,12,0.716463,,0.716463,0.699886,0.708415,456.0341,443.9132,451.092835,525.734789,535.286955,5.276887
152,50000,12,0.716468,,0.716468,0.699886,0.709345,455.6231,445.1686,451.592062,525.730319,535.286955,5.258472
153,50000,12,0.717608,,0.717608,0.699886,0.710145,455.97,446.4977,452.152556,525.231223,536.029212,5.258472
154,50000,12,0.717641,,0.717641,0.700282,0.711044,457.7819,448.8976,452.860254,525.231223,535.198983,5.253299
155,50000,12,0.717757,,0.717757,0.702658,0.711486,457.7819,448.8799,453.162479,525.231223,534.371196,5.253299
156,50000,12,0.717757,,0.717757,0.702658,0.711821,457.7819,448.8799,453.502181,525.231223,534.371196,5.253299
157,50000,12,0.7186,,0.7186,0.702658,0.712215,458.2937,449.1875,453.818499,525.231223,534.371196,5.253299
158,50000,12,0.720076,,0.720076,0.702658,0.712706,458.6196,449.1875,454.261898,525.231223,534.371196,5.253299
159,50000,12,0.720076,,0.720076,0.702658,0.713339,458.6609,449.1875,454.634891,525.231223,533.244781,5.252312
160,50000,12,0.721222,,0.721222,0.702658,0.713952,459.2015,447.3947,455.020091,525.159247,532.928716,5.252312
161,50000,12,0.721767,,0.721767,0.705972,0.714471,459.2015,447.3947,455.36309,524.734345,532.869082,5.252312
162,50000,12,0.721767,,0.721767,0.706142,0.715037,459.2015,447.3947,455.641782,524.734345,532.869082,5.252312
163,50000,12,0.721767,,0.721767,0.706142,0.715439,459.2015,447.3947,455.982829,524.734345,532.869082,5.252312
164,50000,12,0.721767,,0.721767,0.706496,0.715976,459.2015,447.3947,456.316756,524.734345,532.795129,5.252312
165,50000,12,0.721767,,0.721767,0.707005,0.716323,459.2015,447.3947,456.529625,524.734345,532.795129,5.252312
166,50000,12,0.721767,,0.721767,0.707005,0.71688,459.2015,447.3947,456.800479,524.734345,532.840544,5.252312
167,50000,12,0.722725,,0.722725,0.707005,0.717466,459.7133,450.5871,457.103507,524.329427,532.795129,5.256628
168,50000,12,0.722735,,0.722735,0.709572,0.717918,459.7133,454.1755,457.41002,524.3222,531.360026,5.256628
169,50000,12,0.7229,,0.7229,0.709572,0.718469,459.7377,454.612,457.691706,524.209799,531.360026,5.252379
170,50000,12,0.72321,,0.72321,0.710559,0.718802,460.8018,455.2875,457.861166,524.209799,531.360026,5.251592
171,50000,12,0.724132,,0.724132,0.710559,0.719391,461.1033,455.8887,458.197322,524.163549,531.360026,5.247343
172,50000,12,0.724132,,0.724132,0.71457,0.719886,461.1033,455.8887,458.456275,524.163549,528.400952,5.247343
173,50000,12,0.724132,,0.724132,0.71457,0.720419,461.1033,455.8887,458.745827,524.163549,528.400952,5.251057
174,50000,12,0.724132,,0.724132,0.716116,0.720825,461.1033,455.8887,458.901963,524.163549,527.928694,5.243294
175,50000,12,0.725091,,0.725091,0.716312,0.721121,461.6151,455.8887,459.096838,523.758631,527.928694,5.242759
176,50000,12,0.725762,,0.725762,0.716707,0.721507,462.9304,455.97,459.401903,523.758631,527.448857,5.242759
177,50000,12,0.725762,,0.725762,0.716707,0.721838,462.9304,455.9944,459.660339,523.758631,527.448857,5.242759
178,50000,12,0.725762,,0.725762,0.717445,0.722198,462.9304,456.5481,459.914971,523.758631,527.22767,5.241706
179,50000,12,0.725762,,0.725762,0.718483,0.722424,462.9304,457.9075,460.031974,523.751405,526.761452,5.241706
180,50000,12,0.725762,,0.725762,0.71939,0.722771,462.9304,458.4193,460.264041,523.751405,526.466912,5.241171
181,50000,12,0.725762,,0.725762,0.720248,0.723197,462.9304,458.4193,460.582612,523.740169,525.872103,5.241171
182,50000,12,0.725762,,0.725762,0.720248,0.723509,462.9304,458.4193,460.820101,523.740169,525.872103,5.241171
183,50000,12,0.725954,,0.725954,0.720454,0.723779,462.9548,458.4193,461.025198,523.72473,525.736204,5.239672
184,50000,12,0.726174,,0.726174,0.720512,0.724085,463.3919,458.4903,461.281219,523.72473,525.736204,5.239672
185,50000,12,0.726174,,0.726174,0.720512,0.724333,463.3919,458.4903,461.456097,523.72473,525.719171,5.239672
186,50000,12,0.726555,,0.726555,0.722065,0.72461,463.8323,459.7796,461.672936,523.72473,525.719171,5.24105
187,50000,12,0.726833,,0.726833,0.722065,0.724845,463.8323,459.7796,461.851491,523.054296,525.719171,5.239551
188,50000,12,0.726833,,0.726833,0.722614,0.725067,463.8323,459.7796,462.03909,523.054296,525.095991,5.239551
189,50000,12,0.726833,,0.726833,0.722614,0.725312,463.8323,459.7796,462.227419,523.054296,525.095991,5.239551
190,50000,12,0.726833,,0.726833,0.722614,0.725495,463.8323,460.728,462.372481,523.054296,525.095991,5.239551
191,50000,12,0.727336,,0.727336,0.722614,0.725745,464.6477,460.728,462.585475,522.832361,525.095991,5.239551
192,50000,12,0.727336,,0.727336,0.722614,0.725959,464.6477,460.728,462.826073,522.832361,525.095991,5.239551
193,50000,12,0.72834,,0.72834,0.722614,0.726219,464.9248,460.728,463.036741,522.832361,525.095991,5.239551
194,50000,12,0.72834,,0.72834,0.7251,0.726564,464.9248,461.6151,463.314389,522.832361,524.416747,5.239551
195,50000,12,0.728747,,0.728747,0.722709,0.726778,466.1612,459.0362,463.527188,522.832361,524.444479,5.239551
196,50000,12,0.728747,,0.728747,0.725549,0.727088,466.1612,462.4215,463.836393,522.993254,524.264304,5.234967
197,50000,12,0.728747,,0.728747,0.725758,0.727342,466.1612,462.6986,464.027909,522.993254,524.264304,5.234967
198,50000,12,0.729975,,0.729975,0.725758,0.727614,466.5251,462.6986,464.247362,522.567434,524.264304,5.234967
199,50000,12,0.729975,,0.729975,0.725758,0.727854,466.5251,463.1454,464.431009,522.567434,524.264304,5.234967
200,50000,12,0.729975,,0.729975,0.726412,0.728129,466.5251,463.2125,464.63512,522.567434,524.259921,5.233843
201,50000,12,0.729975,,0.729975,0.726666,0.728318,466.5251,463.3802,464.839622,522.567434,524.822114,5.233843
202,50000,12,0.731401,,0.731401,0.727105,0.728589,467.443,463.514,465.053021,522.567434,524.259921,5.234821
203,50000,12,0.731401,,0.731401,0.727334,0.728836,467.443,463.514,465.260002,522.058441,524.259921,5.234821
204,50000,12,0.732688,,0.732688,0.727334,0.729018,468.4771,463.514,465.392948,522.058441,523.953718,5.234821
205,50000,12,0.734256,,0.734256,0.727334,0.729488,469.3254,463.514,465.801219,521.354497,525.219675,5.234821
206,50000,12,0.734256,,0.734256,0.727724,0.729869,469.3254,464.1094,466.031691,521.354497,525.219675,5.232393
207,50000,12,0.734543,,0.734543,0.727887,0.730255,469.3254,464.1094,466.241238,520.70188,523.841317,5.232393
208,50000,12,0.734543,,0.734543,0.728312,0.730651,469.3254,464.1094,466.520298,520.70188,523.841317,5.232393
209,50000,12,0.734543,,0.734543,0.728312,0.730879,469.3254,464.1094,466.65565,520.70188,523.482087,5.232393
210,50000,12,0.734543,,0.734543,0.728312,0.731272,469.3254,464.1094,466.964936,520.70188,523.482087,5.232393
211,50000,12,0.735424,,0.735424,0.728312,0.731633,470.4666,464.1094,467.24495,520.70188,523.3791,5.232393
212,50000,12,0.736327,,0.736327,0.729243,0.732062,470.4666,464.7957,467.526361,520.537761,523.3791,5.232393
213,50000,12,0.73679,,0.73679,0.729935,0.732501,470.5188,464.7957,467.834193,520.378915,523.3791,5.229793
214,50000,12,0.737667,,0.737667,0.729975,0.732946,471.0905,464.7957,468.145044,520.071242,523.3791,5.229793
215,50000,12,0.737667,,0.737667,0.729975,0.733455,471.0905,464.7957,468.492277,520.071242,523.3791,5.229793
216,50000,12,0.737667,,0.737667,0.729975,0.733924,471.0905,464.7957,468.81697,520.071242,523.639192,5.229793
217,50000,12,0.738555,,0.738555,0.730003,0.734368,471.3213,464.7957,469.105765,519.761159,523.3791,5.229793
218,50000,12,0.738555,,0.738555,0.730003,0.734781,471.3213,464.7957,469.374096,519.761159,523.3791,5.229793
219,50000,12,0.738555,,0.738555,0.730003,0.73536,471.3213,464.7957,469.749919,519.761159,522.979279,5.229793
220,50000,12,0.738555,,0.738555,0.732102,0.735838,471.3213,468.2902,470.017949,519.761159,522.853212,5.224315
221,50000,12,0.739032,,0.739032,0.732178,0.736182,472.5891,468.2902,470.184002,519.761159,522.793966,5.224315
222,50000,12,0.739032,,0.739032,0.73241,0.736405,472.5891,468.2902,470.289003,519.761159,522.522587,5.224315
223,50000,12,0.739095,,0.739095,0.732646,0.736876,472.5891,468.2902,470.53666,519.761159,522.42831,5.217271
224,50000,12,0.740413,,0.740413,0.732798,0.737312,472.8001,468.2902,470.849879,519.302922,522.888849,5.207807
225,50000,12,0.740413,,0.740413,0.733549,0.737618,472.8001,468.4243,471.055881,519.302922,522.888849,5.201931
226,50000,12,0.742212,,0.742212,0.733923,0.737964,475.1186,468.5748,471.237622,519.302922,521.533667,5.201931
227,50000,12,0.742448,,0.742448,0.734468,0.738311,475.1186,468.5748,471.468311,518.63561,521.108764,5.201931
228,50000,12,0.742448,,0.742448,0.734468,0.738598,475.1186,468.5748,471.653561,518.63561,521.108764,5.193716
229,50000,12,0.742448,,0.742448,0.736333,0.738897,475.1186,470.1429,471.881425,518.63561,520.704632,5.193716
230,50000,12,0.742448,,0.742448,0.736878,0.739212,474.1733,470.1429,472.115863,518.63561,520.27973,5.193716
231,50000,12,0.742448,,0.742448,0.736878,0.739397,474.1733,470.1429,472.258615,518.63561,520.27973,5.193716
232,50000,12,0.742448,,0.742448,0.736878,0.739642,474.1733,470.1429,472.464673,518.63561,520.27973,5.193716
233,50000,12,0.742448,,0.742448,0.736878,0.739896,474.1733,470.1429,472.654591,518.63561,520.27973,5.193716
234,50000,12,0.742448,,0.742448,0.738066,0.740143,474.1733,470.9524,472.805253,518.63561,520.238517,5.193716
235,50000,12,0.742689,,0.742689,0.738555,0.740369,474.5746,471.3213,472.948539,518.36582,520.238517,5.193716
236,50000,12,0.742689,,0.742689,0.738555,0.740655,474.5746,471.3213,473.127802,518.36582,520.238517,5.193716
237,50000,12,0.742689,,0.742689,0.739218,0.740898,474.5746,472.066,473.264888,518.36582,520.093355,5.193716
238,50000,12,0.742896,,0.742896,0.739218,0.741147,474.5746,472.066,473.419274,518.285316,520.093355,5.193716
239,50000,12,0.742896,,0.742896,0.739218,0.741349,474.5746,472.066,473.531599,518.285316,520.093355,5.193716
240,50000,12,0.743048,,0.743048,0.739218,0.741583,474.5746,472.5464,473.688549,518.08608,520.093355,5.194136
241,50000,12,0.74363,,0.74363,0.739218,0.741742,475.0374,472.5671,473.74542,518.08608,520.093355,5.191536
242,50000,12,0.74363,,0.74363,0.740325,0.741891,475.0374,472.6783,473.828607,518.08608,519.640085,5.191536
243,50000,12,0.744479,,0.744479,0.740325,0.742039,475.6379,472.8001,473.908509,518.033015,519.640085,5.191536
244,50000,12,0.744665,,0.744665,0.740325,0.742192,475.6379,472.8001,473.965968,517.887853,519.640085,5.191536
245,50000,12,0.744665,,0.744665,0.740325,0.742347,475.6379,472.8001,474.039998,517.887853,519.640085,5.191536
246,50000,12,0.744665,,0.744665,0.740599,0.742527,475.6379,472.8001,474.143865,517.887853,519.333065,5.191536
247,50000,12,0.744665,,0.744665,0.740599,0.742696,475.6379,472.8001,474.224439,517.887853,519.15776,5.191536
248,50000,12,0.744665,,0.744665,0.740599,0.742858,475.6379,472.8001,474.33639,517.887853,519.15776,5.18033
249,50000,12,0.744872,,0.744872,0.740599,0.743001,475.7587,472.8001,474.436907,517.807349,519.15776,5.18033
250,50000,12,0.744872,,0.744872,0.74107,0.743215,475.7587,472.9539,474.582061,517.807349,519.030884,5.178879
251,50000,12,0.744872,,0.744872,0.741354,0.743424,475.7587,473.0747,474.737465,517.807349,518.7528,5.178879
252,50000,12,0.744872,,0.744872,0.742634,0.743579,475.7587,474.0515,474.84811,517.807349,518.555106,5.178879
253,50000,12,0.744872,,0.744872,0.742634,0.74367,475.7587,474.0515,474.905882,517.807349,518.539784,5.178879
254,50000,12,0.744872,,0.744872,0.742634,0.743804,475.7587,474.0515,475.008438,517.779999,518.539784,5.178879
255,50000,12,0.744872,,0.744872,0.742634,0.743941,475.834,474.0515,475.101659,517.779999,518.539784,5.178879
256,50000,12,0.744872,,0.744872,0.742634,0.744086,475.834,474.0515,475.201961,517.779999,518.667083,5.178073
257,50000,12,0.74521,,0.74521,0.742634,0.744192,475.834,474.1733,475.270346,517.46295,518.667083,5.178073
258,50000,12,0.74521,,0.74521,0.742898,0.744281,476.204,474.1765,475.310815,517.46295,518.667083,5.178073
259,50000,12,0.74521,,0.74521,0.742898,0.744378,476.204,474.1765,475.377014,517.46295,518.667083,5.178073
260,50000,12,0.74748,,0.74748,0.743105,0.744562,478.5447,474.7273,475.580038,517.07472,520.804574,5.178073
261,50000,12,0.74748,,0.74748,0.743117,0.744741,478.5447,474.7273,475.707687,517.07472,518.667083,5.178073
262,50000,12,0.747645,,0.747645,0.743359,0.744884,478.5691,474.7273,475.827759,517.07472,519.043381,5.178073
263,50000,12,0.748876,,0.748876,0.743359,0.745101,479.3591,474.7273,476.029136,517.07472,519.043381,5.179199
264,50000,12,0.75031,,0.75031,0.743664,0.745372,480.4771,474.7273,476.229963,516.727708,519.043381,5.179199
265,50000,12,0.75031,,0.75031,0.743664,0.745587,480.4771,474.7273,476.489203,516.727708,519.043381,5.179199
266,50000,12,0.75031,,0.75031,0.74396,0.745862,480.4771,475.553,476.75694,516.0287,519.043381,5.17495
267,50000,12,0.75031,,0.75031,0.744147,0.74603,480.7806,475.553,476.912938,516.0287,518.816715,5.17495
268,50000,12,0.750418,,0.750418,0.744147,0.746371,480.7806,475.553,477.159267,515.183489,518.884322,5.17495
269,50000,12,0.750418,,0.750418,0.744872,0.746725,480.7806,475.6379,477.400636,515.183489,518.884322,5.17495
270,50000,12,0.750639,,0.750639,0.744872,0.746933,480.9258,475.7122,477.560865,515.183489,518.884322,5.17495
271,50000,12,0.750639,,0.750639,0.744872,0.747175,480.9258,475.7122,477.767795,515.183489,518.884322,5.17495
272,50000,12,0.754895,,0.754895,0.744872,0.74759,483.7162,475.7122,478.017865,514.088627,518.884322,5.17495
273,50000,12,0.754895,,0.754895,0.744872,0.748004,483.7162,475.7122,478.277215,514.088627,518.688992,5.173225
274,50000,12,0.754895,,0.754895,0.745336,0.748424,483.7162,475.7122,478.513625,514.088627,518.688992,5.173225
275,50000,12,0.754895,,0.754895,0.745481,0.748796,483.7162,475.7122,478.776341,513.577145,518.438636,5.173225
276,50000,12,0.754895,,0.754895,0.745481,0.749122,483.7162,475.7122,479.043436,513.577145,518.438636,5.173225
277,50000,12,0.755148,,0.755148,0.745481,0.749398,483.7162,475.9567,479.25642,513.577145,518.489535,5.173225
278,50000,12,0.755148,,0.755148,0.745719,0.749863,483.7162,475.9567,479.584181,513.577145,518.438636,5.173225
279,50000,12,0.755148,,0.755148,0.745749,0.750295,483.7162,475.6594,479.821926,513.577145,518.438636,5.173225
280,50000,12,0.755355,,0.755355,0.745836,0.750802,483.7162,475.9567,480.049408,513.301671,518.438636,5.173225
281,50000,12,0.756726,,0.756726,0.745836,0.751236,483.7162,475.9567,480.273631,513.128812,518.438636,5.172978
282,50000,12,0.756726,,0.756726,0.74584,0.751706,483.7162,475.9567,480.469765,513.128812,518.438636,5.172978
283,50000,12,0.756726,,0.756726,0.74584,0.752157,483.7162,475.9567,480.693282,513.128812,517.74354,5.172978
284,50000,12,0.756726,,0.756726,0.746827,0.752702,483.7162,477.7986,480.982941,513.128812,517.74354,5.175252
285,50000,12,0.756726,,0.756726,0.747856,0.753217,483.7162,478.359,481.275112,513.128812,517.74354,5.175252
286,50000,12,0.756752,,0.756752,0.748095,0.753718,483.9185,478.6647,481.613832,513.108613,517.74354,5.16878
287,50000,12,0.756752,,0.756752,0.748095,0.753998,483.2663,478.6647,481.815362,513.108613,517.629962,5.16878
288,50000,12,0.756752,,0.756752,0.748095,0.754278,484.024,478.6647,481.976087,513.108613,517.629962,5.16878
289,50000,12,0.756752,,0.756752,0.748336,0.754697,484.5208,478.6647,482.158423,513.108613,517.309668,5.159801
290,50000,12,0.757397,,0.757397,0.750686,0.754996,484.5208,478.8386,482.354106,512.863757,516.751788,5.159801
291,50000,12,0.757397,,0.757397,0.750734,0.755263,484.5208,478.8386,482.531635,512.863757,516.751788,5.158539
292,50000,12,0.757397,,0.757397,0.752941,0.755463,484.5208,478.8386,482.655257,512.863757,516.024915,5.158539
293,50000,12,0.757397,,0.757397,0.753504,0.755666,484.5208,480.1855,482.779527,512.863757,516.024915,5.158539
294,50000,12,0.757397,,0.757397,0.753566,0.755851,484.875,480.1855,482.905509,512.863757,515.853857,5.158539
295,50000,12,0.757423,,0.757423,0.753826,0.756054,484.875,480.5229,482.941929,512.843558,515.853857,5.158539
296,50000,12,0.757562,,0.757562,0.753826,0.75627,484.875,481.5912,482.982923,512.751356,515.853857,5.158539
297,50000,12,0.758104,,0.758104,0.753826,0.756404,484.875,481.5912,483.03977,512.667695,515.853857,5.158539
298,50000,12,0.758104,,0.758104,0.754666,0.756501,484.4887,481.5912,483.078669,512.667695,515.716725,5.157066
299,50000,12,0.758505,,0.758505,0.754666,0.756622,484.4887,481.5912,483.116482,512.534177,515.716725,5.157066
300,50000,12,0.759066,,0.759066,0.754666,0.756819,485.5029,481.5912,483.168784,512.351203,515.716725,5.157066
301,50000,12,0.760353,,0.760353,0.754666,0.75705,485.5029,481.5912,483.268335,511.919543,515.716725,5.157066
302,50000,12,0.760353,,0.760353,0.754666,0.757228,485.5029,481.6156,483.304482,511.919543,515.716725,5.157066
303,50000,12,0.760353,,0.760353,0.754721,0.757475,486.3056,482.3374,483.433256,511.919543,515.716725,5.157167
304,50000,12,0.760353,,0.760353,0.7552,0.757671,486.3056,482.3374,483.465653,511.919543,515.069702,5.150697
305,50000,12,0.761014,,0.761014,0.755953,0.757969,486.3056,482.3374,483.633239,511.504664,514.740573,5.146913
306,50000,12,0.761014,,0.761014,0.755953,0.758099,486.3056,482.3374,483.734599,511.504664,514.740573,5.146913
307,50000,12,0.761014,,0.761014,0.755953,0.758289,486.3056,482.3374,483.867568,511.504664,514.740573,5.146913
308,50000,12,0.761014,,0.761014,0.755953,0.758471,486.3056,482.3374,483.976424,511.504664,514.691299,5.146913
309,50000,12,0.761867,,0.761867,0.756008,0.758642,486.3056,482.5747,484.071344,511.185081,514.691299,5.146913
310,50000,12,0.762048,,0.762048,0.756008,0.758905,489.279,483.1566,484.309886,511.185081,514.691299,5.146913
311,50000,12,0.762048,,0.762048,0.757501,0.759165,489.279,483.1566,484.547939,511.185081,514.005696,5.132548
312,50000,12,0.762048,,0.762048,0.757871,0.75939,489.279,483.1566,484.832743,511.185081,514.005696,5.139437
313,50000,12,0.762048,,0.762048,0.757871,0.759616,489.279,483.1566,485.050818,511.185081,514.005696,5.134702
314,50000,12,0.762048,,0.762048,0.758232,0.759858,489.279,483.4246,485.274401,511.185081,514.005696,5.134702
315,50000,12,0.762048,,0.762048,0.758232,0.760133,489.279,483.4246,485.469372,511.185081,514.005696,5.134702
316,50000,12,0.762048,,0.762048,0.758508,0.760306,489.279,483.4246,485.533132,511.185081,513.943671,5.134702
317,50000,12,0.762106,,0.762106,0.758508,0.760513,489.279,483.6733,485.757269,511.185081,513.619991,5.134702
318,50000,12,0.76224,,0.76224,0.758742,0.760728,489.279,483.8356,485.946604,511.185081,513.666633,5.134702
319,50000,12,0.76224,,0.76224,0.758742,0.760899,489.279,483.8356,486.028203,511.185081,513.619991,5.134702
320,50000,12,0.764987,,0.764987,0.759247,0.761196,489.6653,484.0727,486.168543,511.145874,513.492667,5.134702
321,50000,12,0.764987,,0.764987,0.759249,0.761358,489.279,484.0727,486.29392,511.145874,513.492667,5.134702
322,50000,12,0.764987,,0.764987,0.759249,0.761551,489.9434,484.0727,486.423023,511.128956,513.513063,5.134702
323,50000,12,0.765683,,0.765683,0.759412,0.761818,491.3016,484.1261,486.54836,510.649582,513.513063,5.135131
324,50000,12,0.765683,,0.765683,0.759836,0.762141,491.3016,484.452,486.716771,510.649582,513.513063,5.135131
325,50000,12,0.766791,,0.766791,0.75845,0.762385,492.0181,483.8052,486.895617,510.649582,514.523998,5.125159
326,50000,12,0.767396,,0.767396,0.759836,0.762952,492.4016,484.452,487.326855,510.649582,513.377233,5.125159
327,50000,12,0.767396,,0.767396,0.759836,0.76316,492.4016,484.452,487.534791,510.519359,512.989102,5.125159
328,50000,12,0.767396,,0.767396,0.759836,0.763422,492.4016,484.452,487.788903,510.519359,512.989102,5.125159
329,50000,12,0.767396,,0.767396,0.761014,0.763758,492.4016,485.1421,488.108601,510.350833,512.989102,5.125159
330,50000,12,0.767396,,0.767396,0.761417,0.764034,492.4016,485.6588,488.315965,510.350833,512.879009,5.125159
331,50000,12,0.770265,,0.770265,0.761867,0.764422,494.6103,485.6588,488.71338,510.350833,513.147197,5.125159
332,50000,12,0.770265,,0.770265,0.761867,0.76468,494.6103,485.6588,489.022086,510.350833,513.147197,5.12134
333,50000,12,0.770265,,0.770265,0.761867,0.765155,494.6103,485.6588,489.5024,510.350833,513.147197,5.12134
334,50000,12,0.770265,,0.770265,0.761867,0.765647,494.6103,485.6588,490.010716,510.350833,513.147197,5.120106
335,50000,12,0.770265,,0.770265,0.761867,0.765968,494.6103,485.6588,490.280037,510.177077,512.010552,5.119563
336,50000,12,0.770265,,0.770265,0.761867,0.76636,494.6103,485.6588,490.730341,510.350833,512.010552,5.119563
337,50000,12,0.770541,,0.770541,0.761951,0.766825,494.6347,485.7724,491.165174,510.194898,511.956332,5.119563
338,50000,12,0.770541,,0.770541,0.762814,0.767242,494.6347,486.5486,491.597954,510.194898,511.956332,5.117767
339,50000,12,0.770561,,0.770561,0.762814,0.767688,494.6347,486.5486,492.122779,510.194898,513.094975,5.117767
340,50000,12,0.770613,,0.770613,0.762943,0.768129,494.9225,486.5697,492.544744,510.194898,513.473429,5.117767
341,50000,12,0.770613,,0.770613,0.762943,0.768719,494.9225,486.5697,493.044862,510.194898,513.034856,5.106614
342,50000,12,0.770613,,0.770613,0.762943,0.769033,495.333,486.5697,493.28452,510.194898,511.77674,5.106614
343,50000,12,0.770778,,0.770778,0.765632,0.76947,495.333,489.301,493.74097,510.194898,511.77674,5.106614
344,50000,12,0.770797,,0.770797,0.766669,0.769764,495.3574,491.1336,494.062399,510.194898,511.77674,5.106614
345,50000,12,0.770797,,0.770797,0.766669,0.769894,495.3574,491.1336,494.180597,510.194898,511.177346,5.104038
346,50000,12,0.771156,,0.771156,0.767526,0.770041,495.3574,491.718,494.35839,510.194898,511.118533,5.104038
347,50000,12,0.771156,,0.771156,0.767526,0.770259,495.3574,491.718,494.597552,510.101794,510.968412,5.104038
348,50000,12,0.771156,,0.771156,0.768138,0.770476,495.6921,492.0771,494.828361,510.101794,510.948316,5.104038
349,50000,12,0.772131,,0.772131,0.770265,0.770579,496.2963,494.2773,494.921063,510.039769,510.948319,5.104038
350,50000,12,0.772131,,0.772131,0.770265,0.770629,496.2963,494.2773,494.93261,510.039769,510.739385,5.104038
351,50000,12,0.772131,,0.772131,0.770271,0.770679,496.2963,494.3734,494.971465,510.039769,510.948319,5.104038
352,50000,12,0.772131,,0.772131,0.77045,0.770758,496.2963,494.3734,495.016614,510.039769,510.948319,5.101018
353,50000,12,0.772131,,0.772131,0.77045,0.770833,496.2963,494.3734,495.050106,510.039769,510.948319,5.101018
354,50000,12,0.772131,,0.772131,0.77045,0.770911,496.2963,494.3734,495.112991,510.039769,510.948319,5.101018
355,50000,12,0.772479,,0.772479,0.77045,0.771017,496.6085,494.2621,495.192139,509.638176,510.948319,5.101018
356,50000,12,0.772479,,0.772479,0.77045,0.771101,496.6085,494.2621,495.245087,509.638176,510.948316,5.102937
357,50000,12,0.772707,,0.772707,0.77045,0.771214,496.6085,494.2621,495.344335,509.525775,510.948316,5.102937
358,50000,12,0.772707,,0.772707,0.77045,0.771303,496.6085,494.2621,495.398919,509.525775,510.886293,5.100398
359,50000,12,0.772707,,0.772707,0.770455,0.771387,496.6085,494.2621,495.44377,509.525775,510.886293,5.099917
360,50000,12,0.772707,,0.772707,0.770455,0.771484,496.6085,494.2621,495.509438,509.525775,510.886293,5.099917
361,50000,12,0.772727,,0.772727,0.770455,0.771579,496.8256,494.2621,495.578892,509.522376,510.886293,5.099883
362,50000,12,0.772727,,0.772727,0.770561,0.771647,496.8256,494.2621,495.628377,509.522376,510.886293,5.099883
363,50000,12,0.772727,,0.772727,0.770561,0.771707,496.8256,494.2621,495.718271,509.522376,510.88629,5.099883
364,50000,12,0.772727,,0.772727,0.770561,0.771788,496.8256,494.2621,495.823023,509.522376,510.886293,5.099883
365,50000,12,0.772762,,0.772762,0.770561,0.77191,496.8256,494.2621,495.986857,509.522376,510.948316,5.099883
366,50000,12,0.772762,,0.772762,0.77079,0.772092,496.9005,494.2621,496.185247,509.522376,510.948316,5.099883
367,50000,12,0.772762,,0.772762,0.770797,0.772205,496.9005,494.2865,496.294041,509.522376,510.88629,5.099883
368,50000,12,0.773279,,0.773279,0.770797,0.772306,496.9005,495.0961,496.404065,509.303178,510.88629,5.101972
369,50000,12,0.773279,,0.773279,0.771138,0.772427,496.9288,495.0961,496.4797,509.303178,510.88629,5.101972
370,50000,12,0.773279,,0.773279,0.771532,0.772516,496.9288,495.6163,496.502173,509.303178,510.79362,5.101972
371,50000,12,0.773279,,0.773279,0.771532,0.772577,496.9288,495.6163,496.532757,509.303178,510.79362,5.101972
372,50000,12,0.773279,,0.773279,0.771532,0.772654,496.9288,495.6163,496.54288,509.303178,510.79362,5.101972
373,50000,12,0.773279,,0.773279,0.772131,0.772725,496.9288,495.7247,496.557112,509.303178,510.483843,5.101972
374,50000,12,0.773693,,0.773693,0.771719,0.772802,496.9288,495.7247,496.567663,509.160691,510.287032,5.101972
375,50000,12,0.773835,,0.773835,0.772157,0.772859,497.555,495.7247,496.601162,509.160691,510.287032,5.101972
376,50000,12,0.773876,,0.773876,0.772479,0.772927,497.555,495.9418,496.651961,509.160691,510.245301,5.101972
377,50000,12,0.773876,,0.773876,0.772479,0.773004,497.555,495.9418,496.646434,509.160691,510.245301,5.101972
378,50000,12,0.773876,,0.773876,0.772479,0.773066,497.555,495.9418,496.641367,509.160691,510.245301,5.101972
379,50000,12,0.773876,,0.773876,0.772479,0.773165,497.555,495.9418,496.641762,509.160691,510.245301,5.101972
380,50000,12,0.773876,,0.773876,0.772479,0.773246,497.555,495.9418,496.663085,509.160691,510.245301,5.098216
381,50000,12,0.773876,,0.773876,0.772479,0.773326,497.555,495.9418,496.669501,509.160691,510.245301,5.098216
382,50000,12,0.773957,,0.773957,0.772479,0.773406,497.7903,495.9418,496.716743,509.160691,510.245301,5.098216
383,50000,12,0.774669,,0.774669,0.772727,0.773521,497.9965,495.9418,496.807565,509.160691,510.197234,5.098216
384,50000,12,0.774669,,0.774669,0.772727,0.773589,497.9965,495.9418,496.885495,509.112624,510.197234,5.098216
385,50000,12,0.774917,,0.774917,0.772914,0.773673,498.2136,496.2765,496.962651,509.112624,510.001115,5.098216
386,50000,12,0.774917,,0.774917,0.772914,0.773746,498.2136,496.2765,497.106299,508.945918,509.980628,5.098216
387,50000,12,0.774917,,0.774917,0.772914,0.773816,498.2136,496.2765,497.19376,508.945918,509.980628,5.098216
388,50000,12,0.774917,,0.774917,0.772914,0.773896,498.2136,496.2765,497.244585,508.945918,509.980628,5.098216
389,50000,12,0.774917,,0.774917,0.772914,0.773965,498.2136,496.2765,497.256137,508.945918,509.977362,5.098216
390,50000,12,0.776154,,0.776154,0.772914,0.77407,499.0541,495.2224,497.31591,508.71878,509.884692,5.087465
391,50000,12,0.776154,,0.776154,0.772914,0.774159,499.0541,496.2765,497.407848,508.746509,509.884692,5.087465
392,50000,12,0.776154,,0.776154,0.772914,0.774261,499.0541,496.2765,497.509532,508.746509,509.884692,5.087465
393,50000,12,0.776154,,0.776154,0.773835,0.774366,499.5736,496.3315,497.607684,508.746509,509.884692,5.087465
394,50000,12,0.777218,,0.777218,0.773835,0.774504,500.5028,496.3315,497.739316,508.746509,509.884692,5.087465
395,50000,12,0.777632,,0.777632,0.773876,0.774613,501.2319,496.3315,497.830878,508.746509,509.884692,5.087465
396,50000,12,0.777632,,0.777632,0.773876,0.774823,501.2319,496.3315,498.032176,508.450758,509.884692,5.087465
397,50000,12,0.777632,,0.777632,0.773876,0.774976,501.2319,496.3315,498.129289,508.450758,509.835691,5.087465
398,50000,12,0.777632,,0.777632,0.773876,0.775199,501.2319,496.3315,498.307947,508.450758,509.835691,5.087465
399,50000,12,0.777632,,0.777632,0.773941,0.775396,501.2319,496.3315,498.509344,508.450758,509.835691,5.087465
400,50000,12,0.777632,,0.777632,0.773941,0.77552,501.2319,496.3315,498.642318,508.34365,509.835691,5.087465
401,50000,12,0.777632,,0.777632,0.774367,0.775597,501.2319,496.5486,498.732952,508.34365,509.835691,5.087241
402,50000,12,0.77782,,0.77782,0.774459,0.775716,501.2319,497.4154,498.874865,508.34365,509.835691,5.09422
403,50000,12,0.77782,,0.77782,0.774838,0.775864,501.2319,497.4154,499.033111,508.34365,509.835691,5.093119
404,50000,12,0.77782,,0.77782,0.774917,0.776002,501.2319,497.7357,499.202148,508.34365,509.835691,5.093119
405,50000,12,0.77782,,0.77782,0.775055,0.776174,501.2319,497.7357,499.39555,508.34365,509.835691,5.093119
406,50000,12,0.77782,,0.77782,0.775055,0.776324,501.2319,497.7357,499.544994,508.34365,509.782134,5.093119
407,50000,12,0.777994,,0.777994,0.775055,0.776526,501.2319,497.7357,499.687014,508.34365,509.782134,5.093119
408,50000,12,0.777994,,0.777994,0.775055,0.776676,501.2319,497.7357,499.856468,508.353449,509.782134,5.092287
409,50000,12,0.778233,,0.778233,0.775055,0.776844,501.3378,497.7357,500.023743,508.353449,509.782134,5.092287
410,50000,12,0.778233,,0.778233,0.775532,0.777056,501.3378,498.943,500.201684,508.353449,509.782134,5.092287
411,50000,12,0.778741,,0.778741,0.775532,0.777242,501.9613,498.943,500.354886,508.279261,509.782134,5.092287
412,50000,12,0.778741,,0.778741,0.775728,0.777425,501.9613,498.943,500.498714,508.279261,509.619705,5.092287
413,50000,12,0.778741,,0.778741,0.775728,0.777569,501.9613,499.0122,500.572539,508.279261,509.619705,5.095661
414,50000,12,0.778741,,0.778741,0.775728,0.777682,501.9613,499.0122,500.605407,508.279261,509.619705,5.095661
415,50000,12,0.778741,,0.778741,0.776157,0.777803,501.9613,499.0122,500.677613,508.279261,509.619705,5.095661
416,50000,12,0.778741,,0.778741,0.776649,0.777925,501.9613,499.7416,500.79093,508.279261,509.619705,5.095661
417,50000,12,0.779341,,0.779341,0.776823,0.778064,502.0672,499.7416,500.886411,508.279261,509.619705,5.096197
418,50000,12,0.779341,,0.779341,0.776836,0.778172,502.0672,499.7416,500.915119,508.279261,509.323852,5.093239
419,50000,12,0.779341,,0.779341,0.776836,0.778295,502.0672,499.7416,500.946293,508.279261,509.323852,5.093239
420,50000,12,0.779343,,0.779343,0.777632,0.778417,502.0672,500.5462,501.018227,508.279261,509.323852,5.093239
421,50000,12,0.779352,,0.779352,0.77782,0.77848,502.0672,500.5462,501.045174,508.279261,508.948216,5.088099
422,50000,12,0.779352,,0.779352,0.77782,0.778569,502.0672,500.5928,501.101331,508.279261,508.948216,5.088099
423,50000,12,0.779471,,0.779471,0.77782,0.778673,502.7378,500.5928,501.217568,508.279261,508.948216,5.088099
424,50000,12,0.779531,,0.779531,0.77782,0.778776,502.7378,500.5928,501.317261,507.903624,508.948216,5.088099
425,50000,12,0.779766,,0.779766,0.77782,0.778855,502.7378,500.6828,501.402302,507.903624,508.948216,5.088099
426,50000,12,0.7799,,0.7799,0.778002,0.778935,502.7378,500.6828,501.485093,507.903624,508.948216,5.082917
427,50000,12,0.7799,,0.7799,0.778002,0.779003,502.7378,500.6828,501.540898,507.903624,508.948216,5.082917
428,50000,12,0.779953,,0.779953,0.778248,0.779097,502.7378,500.6828,501.590673,507.903624,508.948216,5.082917
429,50000,12,0.779953,,0.779953,0.778248,0.779166,502.7378,500.6828,501.636619,507.903624,508.948216,5.08408
430,50000,12,0.779953,,0.779953,0.778248,0.779232,502.7378,500.6828,501.650108,507.903624,508.899029,5.08408
431,50000,12,0.779953,,0.779953,0.778248,0.779316,502.7378,500.6828,501.698781,507.903624,508.899029,5.08408
432,50000,12,0.779953,,0.779953,0.778431,0.779398,502.7378,500.6828,501.734822,507.903624,508.899029,5.079572
433,50000,12,0.77997,,0.77997,0.778431,0.779498,502.7378,500.6828,501.767601,507.903624,508.899029,5.079572
434,50000,12,0.780162,,0.780162,0.778452,0.77959,502.7378,500.6828,501.800266,507.903624,508.899029,5.079572
435,50000,12,0.780162,,0.780162,0.778452,0.779636,502.7378,500.6828,501.810107,507.903624,508.878734,5.080734
436,50000,12,0.780162,,0.780162,0.778452,0.779722,502.7378,500.6828,501.838493,507.903624,508.899029,5.080734
437,50000,12,0.780162,,0.780162,0.778452,0.779794,502.294,500.6828,501.891072,507.903624,508.550483,5.080734
438,50000,12,0.780162,,0.780162,0.778866,0.779865,502.294,501.3222,501.94432,507.903624,508.432565,5.080734
439,50000,12,0.780233,,0.780233,0.778866,0.779913,502.294,501.3378,501.992785,507.936887,508.432565,5.080734
440,50000,12,0.780233,,0.780233,0.778866,0.779946,502.294,501.3378,502.011909,507.863071,508.432565,5.080734
441,50000,12,0.780375,,0.780375,0.779539,0.779982,502.294,501.4122,502.040272,507.528112,508.194649,5.080734
442,50000,12,0.780602,,0.780602,0.779539,0.780016,502.949,501.4122,502.078066,507.528112,508.158367,5.080734
443,50000,12,0.780789,,0.780789,0.779539,0.780057,502.949,501.4122,502.115711,507.528112,508.178662,5.080734
444,50000,12,0.780789,,0.780789,0.779953,0.780099,502.949,501.7449,502.153451,507.528112,508.178662,5.080734
445,50000,12,0.780789,,0.780789,0.779953,0.780145,502.949,501.7449,502.169979,507.528112,508.178662,5.080734
446,50000,12,0.780789,,0.780789,0.779953,0.780176,502.949,501.7449,502.183921,507.528112,508.178662,5.080734
447,50000,12,0.780789,,0.780789,0.779953,0.780224,502.949,501.7449,502.24249,507.528112,508.178662,5.080734
448,50000,12,0.780876,,0.780876,0.779953,0.780276,502.949,501.7449,502.277941,507.528112,508.178662,5.079259
449,50000,12,0.781192,,0.781192,0.779953,0.780363,502.949,501.7449,502.373153,507.419877,508.178662,5.079259
450,50000,12,0.781192,,0.781192,0.77997,0.780429,502.949,501.7449,502.466698,507.419877,508.178662,5.079259
451,50000,12,0.781192,,0.781192,0.77997,0.78051,502.949,501.7449,502.559345,507.419877,508.178662,5.079259
452,50000,12,0.781192,,0.781192,0.77997,0.780579,502.949,501.9772,502.621632,507.419877,508.178662,5.079259
453,50000,12,0.781192,,0.781192,0.779979,0.780658,502.949,502.0672,502.659284,507.419877,508.178662,5.081787
454,50000,12,0.781635,,0.781635,0.779979,0.780739,502.949,502.0672,502.681682,507.263308,508.162148,5.080421
455,50000,12,0.783764,,0.783764,0.780233,0.780863,505.3532,501.1331,502.695377,506.601336,508.162148,5.080421
456,50000,12,0.783764,,0.783764,0.780233,0.780949,505.3532,501.1331,502.702507,506.601336,508.162148,5.080421
457,50000,12,0.783764,,0.783764,0.780359,0.7811,505.3532,501.1331,502.765067,506.581042,508.162148,5.080421
458,50000,12,0.783764,,0.783764,0.780359,0.781256,505.3532,502.1467,502.800642,506.768857,508.158367,5.079118
459,50000,12,0.783764,,0.783764,0.780359,0.781386,505.3532,502.1467,502.827248,506.44501,508.158367,5.079118
460,50000,12,0.783764,,0.783764,0.780623,0.781531,505.5121,501.67,502.881752,506.44501,508.141853,5.079118
461,50000,12,0.783764,,0.783764,0.780623,0.781653,505.5121,501.67,502.897071,506.44501,508.141853,5.079118
462,50000,12,0.784386,,0.784386,0.780902,0.781897,505.8825,501.67,503.046646,506.44501,507.911755,5.079118
463,50000,12,0.784386,,0.784386,0.780947,0.782074,505.8825,502.3404,503.093318,506.44501,507.911755,5.079118
464,50000,12,0.784386,,0.784386,0.780968,0.782258,505.8825,502.3404,503.225593,506.44501,507.911755,5.079118
465,50000,12,0.784386,,0.784386,0.781122,0.782391,505.8825,502.3999,503.342448,506.44501,507.911755,5.079118
466,50000,12,0.784386,,0.784386,0.781122,0.782557,505.8825,502.3999,503.500194,506.44501,507.911755,5.079118
467,50000,12,0.784519,,0.784519,0.781697,0.782762,506.0208,502.5212,503.66397,506.237117,507.703962,5.075921
468,50000,12,0.784519,,0.784519,0.781697,0.782896,506.0208,502.5212,503.804485,506.237117,507.703962,5.071723
469,50000,12,0.784519,,0.784519,0.781851,0.783044,506.0208,502.5212,503.985551,506.237117,507.703962,5.071723
470,50000,12,0.784519,,0.784519,0.781851,0.783166,506.0208,502.5212,504.086074,506.237117,507.703962,5.071723
471,50000,12,0.784519,,0.784519,0.781851,0.783277,506.0208,502.8776,504.210983,506.210456,507.707311,5.071723
472,50000,12,0.784633,,0.784633,0.781851,0.783399,506.0208,502.8776,504.339111,506.210456,507.707311,5.071723
473,50000,12,0.785141,,0.785141,0.782422,0.783563,506.5501,502.9954,504.598528,506.216822,507.707311,5.071723
474,50000,12,0.785141,,0.785141,0.782422,0.783711,506.5501,502.8517,504.779386,505.962155,507.707311,5.071723
475,50000,12,0.785141,,0.785141,0.782471,0.783856,506.5501,502.8517,504.979689,505.962155,507.707311,5.071723
476,50000,12,0.785141,,0.785141,0.782759,0.783963,506.5501,502.8517,505.064717,505.962155,507.707311,5.071723
477,50000,12,0.785413,,0.785413,0.782759,0.784111,506.5501,502.8517,505.158011,505.962155,507.583107,5.071723
478,50000,12,0.785413,,0.785413,0.782785,0.784233,506.5501,502.8517,505.284642,505.962155,507.583107,5.071723
479,50000,12,0.785413,,0.785413,0.782785,0.784364,506.5501,502.8517,505.387978,505.962155,507.562813,5.071723
480,50000,12,0.785413,,0.785413,0.782816,0.784504,506.5501,503.149,505.504155,506.118426,507.336875,5.071723
481,50000,12,0.785435,,0.785435,0.782816,0.784604,506.709,503.149,505.644559,506.118426,507.336875,5.07031
482,50000,12,0.785843,,0.785843,0.782816,0.784722,506.709,503.149,505.781333,506.118426,507.336875,5.07031
483,50000,12,0.785843,,0.785843,0.782816,0.784773,506.709,503.149,505.830087,506.118426,507.336875,5.07031
484,50000,12,0.785843,,0.785843,0.782816,0.784881,506.709,503.149,505.832956,506.118426,507.226783,5.07031
485,50000,12,0.785843,,0.785843,0.782816,0.784988,506.709,503.149,505.905059,506.118426,507.212671,5.07031
486,50000,12,0.785843,,0.785843,0.784088,0.785065,506.709,504.6644,505.972164,506.118426,507.212671,5.07031
487,50000,12,0.785843,,0.785843,0.784088,0.785127,506.709,504.6644,506.016979,505.783873,507.212671,5.07031
488,50000,12,0.785843,,0.785843,0.784088,0.785214,506.709,504.7985,506.097821,505.783873,507.212671,5.07031
489,50000,12,0.785843,,0.785843,0.784088,0.785326,506.709,504.7985,506.155758,505.783873,507.212671,5.07031
490,50000,12,0.786043,,0.786043,0.784088,0.785428,507.028,504.7985,506.264778,506.074727,507.212671,5.07031
491,50000,12,0.786307,,0.786307,0.784517,0.785519,507.2051,504.7985,506.360235,506.074727,507.030964,5.061184
492,50000,12,0.786307,,0.786307,0.784683,0.785589,507.2051,505.047,506.46336,505.900134,507.030964,5.061184
493,50000,12,0.786307,,0.786307,0.784983,0.785657,507.2051,505.5049,506.498087,505.900134,507.030964,5.061184
494,50000,12,0.786307,,0.786307,0.785324,0.785715,507.2051,505.5049,506.562467,505.800387,506.924386,5.061184
495,50000,12,0.786307,,0.786307,0.785341,0.785764,507.2051,505.5049,506.586934,505.800387,506.981267,5.061184
496,50000,12,0.786307,,0.786307,0.785413,0.785842,507.2051,505.5049,506.645264,505.900134,506.924386,5.069079
497,50000,12,0.786307,,0.786307,0.785435,0.785924,507.2051,506.1599,506.677322,505.900134,506.907872,5.069079
498,50000,12,0.786307,,0.786307,0.785435,0.785972,507.2051,506.1599,506.715591,505.900134,506.907872,5.069079
499,50000,12,0.786328,,0.786328,0.785435,0.786032,507.2051,506.1599,506.724634,505.900134,506.907872,5.069079
500,50000,12,0.786328,,0.786328,0.785435,0.786087,507.2051,506.1599,506.766093,505.900134,506.907872,5.069079
501,50000,12,0.786328,,0.786328,0.785578,0.786131,507.2051,506.1599,506.784877,505.900134,506.677382,5.062347
502,50000,12,0.786328,,0.786328,0.785843,0.786173,507.2051,506.1599,506.814643,505.900134,506.647777,5.059001
503,50000,12,0.78672,,0.78672,0.785843,0.786211,507.2051,506.1599,506.833427,505.87053,506.647777,5.059001
504,50000,12,0.78672,,0.78672,0.785843,0.786242,507.2051,506.1599,506.851322,505.87053,506.589833,5.059001
505,50000,12,0.78672,,0.78672,0.78603,0.78626,507.2051,506.1599,506.881618,505.87053,506.560229,5.059001
506,50000,12,0.78672,,0.78672,0.78603,0.786285,507.2051,506.1599,506.916875,505.87053,506.560229,5.065602
507,50000,12,0.78672,,0.78672,0.78603,0.786306,507.2051,506.1599,506.952662,505.87053,506.560229,5.065602
508,50000,12,0.78672,,0.78672,0.78603,0.786332,507.2051,506.1599,506.982958,505.87053,506.560229,5.065602
509,50000,12,0.78672,,0.78672,0.78603,0.786361,507.2051,506.1599,507.028667,505.87053,506.560229,5.065602
510,50000,12,0.78672,,0.78672,0.78603,0.786371,507.2051,506.1599,507.022646,505.87053,506.560229,5.065602
511,50000,12,0.78672,,0.78672,0.78603,0.786385,507.2051,506.1599,507.04302,505.87053,506.560229,5.065437
512,50000,12,0.78672,,0.78672,0.78603,0.786409,507.2051,506.1599,507.036469,505.87053,506.560229,5.065437
513,50000,12,0.78672,,0.78672,0.786255,0.786432,507.2051,506.1599,507.019466,505.87053,506.560229,5.065437
514,50000,12,0.78672,,0.78672,0.786307,0.786459,507.2051,506.656,507.001933,505.87053,506.560229,5.065437
515,50000,12,0.78672,,0.78672,0.786307,0.786487,507.2051,506.656,506.958005,505.87053,506.560229,5.065437
516,50000,12,0.78672,,0.78672,0.786307,0.786516,507.2051,506.656,506.908586,505.87053,506.560229,5.065437
517,50000,12,0.786725,,0.786725,0.786307,0.786542,507.2051,506.656,506.870149,505.866084,506.560229,5.065437
518,50000,12,0.786725,,0.786725,0.786307,0.786569,507.2051,506.656,506.831712,505.866084,506.560229,5.065437
519,50000,12,0.786725,,0.786725,0.786328,0.786602,507.2051,506.656,506.793275,505.866084,506.543715,5.065437
520,50000,12,0.786989,,0.786989,0.785488,0.786608,507.2051,505.8264,506.767669,505.792886,506.543715,5.065437
521,50000,12,0.787224,,0.787224,0.786328,0.786649,507.2051,506.656,506.771267,505.733236,506.543715,5.065437
522,50000,12,0.787224,,0.787224,0.786328,0.786673,507.2051,506.656,506.766759,505.733236,506.543715,5.065437
523,50000,12,0.787583,,0.787583,0.786328,0.786704,507.2373,506.656,506.745578,505.586654,506.543715,5.059324
524,50000,12,0.787583,,0.787583,0.786328,0.786732,507.8486,506.656,506.739366,505.586654,506.543715,5.059324
525,50000,12,0.787583,,0.787583,0.786328,0.786763,507.8486,506.5194,506.729501,505.586654,506.543715,5.059324
526,50000,12,0.787903,,0.787903,0.786328,0.786783,508.2321,506.5194,506.741288,505.586654,506.543715,5.059324
527,50000,12,0.787903,,0.787903,0.786328,0.786802,508.2321,506.5194,506.736815,505.586654,506.543715,5.059324
528,50000,12,0.787903,,0.787903,0.786536,0.786833,508.2321,506.5194,506.786841,505.586654,506.209991,5.059324
529,50000,12,0.787952,,0.787952,0.78672,0.786854,508.2321,506.656,506.816631,505.480999,506.209991,5.058705
530,50000,12,0.788271,,0.788271,0.78672,0.78687,508.5036,506.656,506.827221,505.480999,506.209991,5.058705
531,50000,12,0.788271,,0.788271,0.78672,0.786926,508.5036,506.656,506.888041,505.480999,506.209991,5.058705
532,50000,12,0.788271,,0.788271,0.78672,0.786956,508.5036,506.656,506.929957,505.712276,506.209991,5.058705
533,50000,12,0.788271,,0.788271,0.78672,0.787,508.5036,506.656,506.96681,505.485319,506.209991,5.058705
534,50000,12,0.788271,,0.788271,0.78672,0.787061,508.5036,506.656,507.030471,505.485319,506.209991,5.058617
535,50000,12,0.788271,,0.788271,0.78672,0.787118,508.5036,506.656,507.089013,505.485319,506.209991,5.058617
536,50000,12,0.788271,,0.788271,0.78672,0.787173,508.5036,506.656,507.127804,505.485319,506.209991,5.058617
537,50000,12,0.788271,,0.788271,0.78672,0.787234,508.5036,506.656,507.213262,505.485319,506.209991,5.058617
538,50000,12,0.788271,,0.788271,0.786725,0.787291,508.5036,506.656,507.252769,505.485319,506.003759,5.058617
539,50000,12,0.788271,,0.788271,0.786725,0.787327,508.5036,506.656,507.27953,505.485319,506.003759,5.058617
540,50000,12,0.788271,,0.788271,0.786725,0.787398,508.5036,506.656,507.346632,505.485319,506.003759,5.058617
541,50000,12,0.788271,,0.788271,0.786731,0.787473,508.5036,506.656,507.452401,505.485319,506.003759,5.058617
542,50000,12,0.788464,,0.788464,0.786731,0.787542,508.5036,506.656,507.524384,505.379664,506.003759,5.058216
543,50000,12,0.788464,,0.788464,0.786782,0.787627,508.5036,506.656,507.619047,505.379664,506.195924,5.058216
544,50000,12,0.788464,,0.788464,0.786782,0.787707,508.5036,506.656,507.745416,505.379664,506.195924,5.058216
545,50000,12,0.788464,,0.788464,0.786782,0.787761,508.5036,506.656,507.821776,505.379664,506.195924,5.058216
546,50000,12,0.788464,,0.788464,0.786788,0.787817,508.5036,506.656,507.869505,505.379664,506.195924,5.056678
547,50000,12,0.788464,,0.788464,0.786841,0.787873,508.5036,506.6783,507.896906,505.379664,506.003759,5.056678
548,50000,12,0.788464,,0.788464,0.786847,0.787917,508.5036,506.6783,507.944717,505.379664,506.081767,5.056678
549,50000,12,0.788464,,0.788464,0.786847,0.787965,508.5036,506.6783,507.947328,505.379664,506.003759,5.056678
550,50000,12,0.788464,,0.788464,0.786847,0.788039,508.5036,506.6783,508.031452,505.379664,506.003759,5.056678
551,50000,12,0.788464,,0.788464,0.786847,0.788083,508.5036,506.6783,508.029647,505.379664,506.003759,5.056678
552,50000,12,0.788464,,0.788464,0.787274,0.788159,508.5036,507.0386,508.093569,505.379664,506.003759,5.056678
553,50000,12,0.788464,,0.788464,0.787308,0.788214,508.5036,507.0386,508.128443,505.379664,506.003759,5.056678
554,50000,12,0.788464,,0.788464,0.787308,0.788257,508.5036,507.0386,508.115079,505.379664,506.003759,5.056678
555,50000,12,0.788464,,0.788464,0.787308,0.7883,508.5036,507.0386,508.092184,505.379664,506.003759,5.056678
556,50000,12,0.788464,,0.788464,0.787903,0.78833,508.5036,507.6135,508.051924,505.379664,506.003759,5.059416
557,50000,12,0.788464,,0.788464,0.787936,0.788364,508.5036,507.6135,508.002383,505.379664,505.941613,5.054677
558,50000,12,0.788464,,0.788464,0.788113,0.788388,508.5036,507.683,507.972091,505.379664,505.898105,5.054677
559,50000,12,0.788464,,0.788464,0.788113,0.788406,508.5036,507.683,507.950066,505.379664,505.898105,5.054677
560,50000,12,0.78847,,0.78847,0.788113,0.78842,508.5036,507.683,507.95272,505.375298,505.898105,5.054677
561,50000,12,0.78847,,0.78847,0.788175,0.788439,508.5036,507.683,507.953293,505.375298,505.898105,5.054233
562,50000,12,0.78847,,0.78847,0.788175,0.788447,508.5036,507.683,507.953232,505.375298,505.849214,5.054233
563,50000,12,0.78847,,0.78847,0.788175,0.788454,508.5036,507.683,507.966868,505.375298,505.849214,5.054233
564,50000,12,0.78847,,0.78847,0.788288,0.788458,508.5036,507.885,507.975769,505.375298,505.849214,5.058492
565,50000,12,0.78847,,0.78847,0.788334,0.788461,508.5036,507.9545,507.970973,505.375298,505.849214,5.058492
566,50000,12,0.78847,,0.78847,0.78834,0.788463,508.5036,507.9545,507.965482,505.375298,505.844848,5.053797
567,50000,12,0.78847,,0.78847,0.78834,0.788464,508.5036,507.9545,507.959991,505.375298,505.844768,5.053797
568,50000,12,0.78847,,0.78847,0.788464,0.788465,507.9545,507.9545,507.9545,505.375298,505.379664,5.053753
569,50000,12,0.78847,,0.78847,0.788464,0.788466,507.9545,507.9545,507.9545,505.375298,505.379664,5.053753
570,50000,12,0.78847,,0.78847,0.788464,0.788466,507.9545,507.9545,507.9545,505.375298,505.379664,5.053753
571,50000,12,0.78847,,0.78847,0.788464,0.788466,507.9545,507.9545,507.9545,505.375298,505.379664,5.053753
572,50000,12,0.78847,,0.78847,0.788464,0.788466,507.9545,507.9545,507.9545,505.375298,505.379664,5.053753
573,50000,12,0.78847,,0.78847,0.788464,0.788467,507.9545,507.9545,507.9545,505.375298,505.379664,5.053753
574,50000,12,0.78847,,0.78847,0.788464,0.788467,507.9545,507.9545,507.9545,505.375298,505.379664,5.053753
575,50000,12,0.78847,,0.78847,0.788464,0.788467,507.9545,507.9545,507.9545,505.375298,505.379664,5.053753
576,50000,12,0.78847,,0.78847,0.788464,0.788467,507.9545,507.9545,507.9545,505.375298,505.379664,5.053753
577,50000,12,0.78847,,0.78847,0.788464,0.788468,507.9545,507.9545,507.9545,505.375298,505.379664,5.053753
578,50000,12,0.788505,,0.788505,0.788464,0.788468,507.9545,507.9545,507.9545,505.347827,505.379664,5.053753
579,50000,12,0.788505,,0.788505,0.788464,0.788469,507.9545,507.9545,507.9545,505.347827,505.379664,5.053753
580,50000,12,0.788765,,0.788765,0.788464,0.788472,508.2522,507.9545,507.957477,505.344989,505.379664,5.053753
581,50000,12,0.788765,,0.788765,0.788464,0.788476,508.2522,507.9545,507.960454,505.344989,505.379664,5.053753
582,50000,12,0.788765,,0.788765,0.788464,0.78848,508.2522,507.9545,507.963431,505.344989,505.379664,5.053753
583,50000,12,0.788765,,0.788765,0.788464,0.788489,508.2522,507.9545,507.972362,505.344989,505.379664,5.053753
584,50000,12,0.788765,,0.788765,0.788464,0.788505,508.2522,507.9545,507.987247,505.344989,505.379664,5.053753
585,50000,12,0.789286,,0.789286,0.788437,0.788533,509.0712,507.9545,508.029594,505.20407,505.936004,5.05345
586,50000,12,0.789286,,0.789286,0.788437,0.78855,509.0712,507.9545,508.053453,505.20407,505.936004,5.05345
587,50000,12,0.789286,,0.789286,0.788464,0.788568,509.0712,507.9545,508.078301,505.20407,505.936004,5.05345
588,50000,12,0.789286,,0.789286,0.788464,0.788603,509.0712,507.9545,508.131067,505.20407,505.936004,5.05345
589,50000,12,0.789292,,0.789292,0.788464,0.788635,509.0712,507.9545,508.163921,505.199704,505.936004,5.05345
590,50000,12,0.789292,,0.789292,0.788464,0.788665,509.0712,507.9545,508.1883,505.199704,505.936004,5.05345
591,50000,12,0.789422,,0.789422,0.788464,0.788706,508.9468,507.9545,508.222085,505.136121,505.715838,5.05345
592,50000,12,0.789422,,0.789422,0.78847,0.788732,508.9468,507.9545,508.251327,505.136121,505.715838,5.05345
593,50000,12,0.789422,,0.789422,0.78847,0.788777,508.9468,507.9545,508.284455,505.132035,505.715838,5.05345
594,50000,12,0.789422,,0.789422,0.78847,0.788836,508.9468,507.9545,508.319977,505.132035,505.715838,5.05345
595,50000,12,0.78949,,0.78949,0.788505,0.788871,509.0252,507.9545,508.349204,505.132035,505.715838,5.05345
596,50000,12,0.789721,,0.789721,0.788505,0.788921,509.0252,507.9545,508.376717,505.084849,505.650115,5.05345
597,50000,12,0.789783,,0.789783,0.788505,0.788965,509.0552,507.9545,508.424109,505.084849,505.650115,5.053175
598,50000,12,0.789783,,0.789783,0.788505,0.789028,509.0552,507.9545,508.503277,505.084849,505.650115,5.053175
599,50000,12,0.789788,,0.789788,0.78851,0.789099,509.0552,507.9615,508.585583,505.084568,505.650115,5.056501
600,50000,12,0.789788,,0.789788,0.78851,0.789144,509.0552,507.9615,508.615533,505.084568,505.650115,5.056501
601,50000,12,0.789788,,0.789788,0.788765,0.789213,509.0552,508.2522,508.672112,505.084568,505.650115,5.056501
602,50000,12,0.789788,,0.789788,0.788765,0.789291,509.0552,508.2522,508.727724,505.084568,505.650115,5.056501
603,50000,12,0.789857,,0.789857,0.788765,0.789367,509.0552,508.2522,508.772309,505.031169,505.650115,5.056501
604,50000,12,0.789857,,0.789857,0.788805,0.789421,509.0552,508.2592,508.802494,505.031169,505.650115,5.056501
605,50000,12,0.789857,,0.789857,0.788827,0.789475,509.0552,508.2822,508.844838,505.031169,505.650115,5.051361
606,50000,12,0.789857,,0.789857,0.788938,0.789551,509.0552,508.2822,508.880885,505.031169,505.650115,5.051361
607,50000,12,0.789862,,0.789862,0.788938,0.789634,509.0552,508.2822,508.940444,505.026803,505.650115,5.051318
608,50000,12,0.789862,,0.789862,0.789063,0.789723,509.0552,508.2822,509.000832,505.026803,505.297522,5.051318
609,50000,12,0.789862,,0.789862,0.789063,0.789747,509.0552,508.2822,509.016248,505.026803,505.297522,5.052975
610,50000,12,0.789862,,0.789862,0.789131,0.78977,509.0552,508.3606,509.026032,505.026803,505.297522,5.050268
611,50000,12,0.789862,,0.789862,0.789131,0.789782,509.0552,508.3606,509.033208,505.026803,505.297522,5.050268
612,50000,12,0.789862,,0.789862,0.789131,0.78979,509.0552,508.3606,509.034292,505.026803,505.131755,5.050268
613,50000,12,0.789862,,0.789862,0.789131,0.789806,509.0552,508.3606,509.048184,505.026803,505.131755,5.050268
614,50000,12,0.789862,,0.789862,0.789783,0.789817,509.0552,509.0552,509.0552,505.026803,505.088934,5.050268
615,50000,12,0.789862,,0.789862,0.789783,0.789818,509.0552,509.0552,509.0552,505.026803,505.088934,5.050268
616,50000,12,0.789862,,0.789862,0.789788,0.789822,509.0552,509.0552,509.0552,505.026803,505.084568,5.050268
617,50000,12,0.789862,,0.789862,0.789788,0.789824,509.0552,509.0552,509.0552,505.026803,505.084568,5.050268
618,50000,12,0.789862,,0.789862,0.789788,0.789832,509.0552,509.0552,509.0552,505.026803,505.084568,5.050268
619,50000,12,0.789862,,0.789862,0.789788,0.789837,509.0552,509.0552,509.0552,505.026803,505.084568,5.050268
620,50000,12,0.789862,,0.789862,0.789788,0.78984,509.0552,509.0552,509.0552,505.026803,505.084568,5.050268
621,50000,12,0.789862,,0.789862,0.789788,0.789846,509.0552,509.0552,509.0552,505.026803,505.084568,5.050268
622,50000,12,0.789862,,0.789862,0.789788,0.789849,509.0552,509.0552,509.0552,505.026803,505.084568,5.050268
623,50000,12,0.789862,,0.789862,0.789788,0.789852,509.0552,509.0552,509.0552,505.026803,505.084568,5.050268
624,50000,12,0.789862,,0.789862,0.789788,0.789856,509.0552,509.0552,509.0552,505.026803,505.084568,5.050268
625,50000,12,0.789862,,0.789862,0.789788,0.789858,509.0552,509.0552,509.0552,505.026803,505.084568,5.050268
626,50000,12,0.789862,,0.789862,0.789788,0.789859,509.0552,509.0552,509.0552,505.026803,505.084568,5.050268
627,50000,12,0.789862,,0.789862,0.789795,0.78986,509.0552,509.0552,509.0552,505.026803,505.079192,5.050268
628,50000,12,0.789862,,0.789862,0.789862,0.789862,509.0552,509.0552,509.0552,505.026803,505.026803,5.050268
629,50000,12,0.789862,,0.789862,0.789862,0.789862,509.0552,509.0552,509.0552,505.026803,505.026803,5.050268
630,50000,12,0.789862,,0.789862,0.789862,0.789862,509.0552,509.0552,509.0552,505.026803,505.026803,5.050268
631,50000,12,0.789862,,0.789862,0.789862,0.789862,509.0552,509.0552,509.0552,505.026803,505.026803,5.050268
632,50000,12,0.789862,,0.789862,0.789862,0.789862,509.0552,509.0552,509.0552,505.026803,505.026803,5.050268
633,50000,12,0.789862,,0.789862,0.789862,0.789862,509.0552,509.0552,509.0552,505.026803,505.026803,5.050268
634,50000,12,0.789862,,0.789862,0.789862,0.789862,509.0552,509.0552,509.0552,505.026803,505.026803,5.050268
635,50000,12,0.789862,,0.789862,0.789862,0.789862,509.0552,509.0552,509.0552,505.026803,505.026803,5.050268
636,50000,12,0.789862,,0.789862,0.789862,0.789862,509.0552,509.0552,509.0552,505.026803,505.026803,5.050268
637,50000,12,0.789862,,0.789862,0.789862,0.789862,509.0552,509.0552,509.0552,505.026803,505.026803,5.050268
638,50000,12,0.789881,,0.789881,0.789862,0.789863,509.0552,509.0552,509.0552,505.012437,505.026803,5.050268
639,50000,12,0.789881,,0.789881,0.789862,0.789863,509.0552,509.0552,509.0552,505.012437,505.026803,5.050268
640,50000,12,0.789881,,0.789881,0.789862,0.789863,509.0552,509.0552,509.0552,505.012437,505.026803,5.050268
641,50000,12,0.789881,,0.789881,0.789862,0.789863,509.0552,509.0552,509.0552,505.012437,505.026803,5.050268
642,50000,12,0.789881,,0.789881,0.789862,0.789863,509.0552,509.0552,509.0552,505.012437,505.026803,5.050268
643,50000,12,0.789996,,0.789996,0.789862,0.789865,509.1767,509.0552,509.056415,505.003842,505.026803,5.050268
644,50000,12,0.789996,,0.789996,0.789862,0.789867,509.1767,509.0552,509.05763,505.003842,505.026803,5.050268
645,50000,12,0.789996,,0.789996,0.789862,0.789869,509.1767,509.0552,509.058845,505.003842,505.026803,5.050268
646,50000,12,0.789996,,0.789996,0.789862,0.789872,509.1767,509.0552,509.061275,505.003842,505.026803,5.050268
647,50000,12,0.789996,,0.789996,0.789862,0.789873,509.1767,509.0552,509.061275,505.003842,505.026803,5.050268
648,50000,12,0.790015,,0.790015,0.789862,0.789877,509.1767,509.0552,509.06492,504.989476,505.026803,5.050268
649,50000,12,0.790015,,0.790015,0.789862,0.789885,509.1767,509.0552,509.070995,504.989476,505.026803,5.050268
650,50000,12,0.790662,,0.790662,0.789862,0.789905,510.5518,509.0552,509.10878,504.989476,505.55613,5.050268
651,50000,12,0.790662,,0.790662,0.789862,0.789946,510.5518,509.0552,509.181357,504.989476,505.55613,5.050268
652,50000,12,0.790662,,0.790662,0.789862,0.789976,510.5518,509.0552,509.212662,504.989476,505.55613,5.050268
653,50000,12,0.790662,,0.790662,0.789862,0.790016,510.5518,509.0552,509.261923,504.989476,505.429268,5.050268
654,50000,12,0.790662,,0.790662,0.789862,0.790061,510.5518,509.0552,509.324608,504.989476,505.429268,5.050124
655,50000,12,0.790662,,0.790662,0.789862,0.790091,510.5518,509.0552,509.3814,504.989476,505.429268,5.050124
656,50000,12,0.790662,,0.790662,0.789862,0.790134,510.5518,509.0552,509.455232,504.970822,505.429268,5.050831
657,50000,12,0.790662,,0.790662,0.789996,0.790162,510.5518,509.1767,509.496989,504.970822,505.406306,5.049938
658,50000,12,0.790662,,0.790662,0.789996,0.790208,510.5518,509.1767,509.59583,504.989476,505.406306,5.054063
659,50000,12,0.790892,,0.790892,0.789996,0.790249,510.7921,509.1767,509.679919,504.989476,505.492926,5.054063
660,50000,12,0.790892,,0.790892,0.789996,0.79029,510.7921,509.1767,509.759856,504.989476,505.492926,5.054063
661,50000,12,0.790892,,0.790892,0.789996,0.790336,510.7921,509.1767,509.845419,504.989476,505.492926,5.054063
662,50000,12,0.790892,,0.790892,0.790015,0.790389,510.7921,509.1767,509.939918,504.989476,505.492926,5.054063
663,50000,12,0.790892,,0.790892,0.790015,0.790424,510.7921,509.1767,509.990441,504.989476,505.481739,5.054063
664,50000,12,0.790892,,0.790892,0.790015,0.790457,510.7921,509.1767,510.041604,504.960278,505.481739,5.054063
665,50000,12,0.790892,,0.790892,0.790015,0.790492,510.7921,509.1767,510.099692,504.960278,505.481739,5.053877
666,50000,12,0.790892,,0.790892,0.790015,0.790522,510.7921,509.1767,510.152017,504.960278,505.481739,5.053877
667,50000,12,0.790892,,0.790892,0.790106,0.790556,510.7921,509.4744,510.218178,504.960278,505.481739,5.053877
668,50000,12,0.790892,,0.790892,0.790106,0.790599,510.7921,509.4744,510.306773,504.960278,505.481739,5.053877
669,50000,12,0.790892,,0.790892,0.790161,0.79064,510.7921,509.4744,510.386997,504.978932,505.481739,5.053877
670,50000,12,0.790892,,0.790892,0.790161,0.790672,510.7921,509.4744,510.44773,504.978932,505.406306,5.053877
671,50000,12,0.791079,,0.791079,0.790161,0.790721,510.7921,509.4744,510.526107,504.873658,505.406306,5.053877
672,50000,12,0.791079,,0.791079,0.790161,0.790747,510.7921,509.4744,510.536093,504.873658,505.406306,5.053877
673,50000,12,0.791079,,0.791079,0.790161,0.790761,510.7921,509.4744,510.540691,504.873658,505.406306,5.053877
674,50000,12,0.791079,,0.791079,0.79018,0.790807,510.7921,509.4744,510.558237,504.873658,505.406306,5.053877
675,50000,12,0.791079,,0.791079,0.79018,0.790839,510.7921,509.4744,510.595526,504.873658,505.406306,5.053877
676,50000,12,0.791079,,0.791079,0.790359,0.790875,510.7921,509.5616,510.585556,504.873658,505.406306,5.053877
677,50000,12,0.791079,,0.791079,0.790359,0.790894,510.7921,509.5616,510.567713,504.873658,505.406306,5.053877
678,50000,12,0.791079,,0.791079,0.790359,0.79092,510.7921,509.5616,510.549926,504.873658,505.406306,5.053877
679,50000,12,0.791079,,0.791079,0.79041,0.790944,510.7921,509.7147,510.542462,504.873658,505.406306,5.053877
680,50000,12,0.791098,,0.791098,0.790662,0.790966,510.7921,510.243,510.519605,504.859292,505.406306,5.053877
681,50000,12,0.791098,,0.791098,0.790662,0.790985,510.7921,510.243,510.501762,504.859292,505.406306,5.053877
682,50000,12,0.791098,,0.791098,0.790892,0.790999,510.7921,510.243,510.479113,504.859292,505.387652,5.053877
683,50000,12,0.791098,,0.791098,0.790892,0.79101,510.7921,510.243,510.446167,504.859292,505.387652,5.053877
684,50000,12,0.791098,,0.791098,0.790892,0.79102,510.7921,510.243,510.418712,504.859292,505.387652,5.053877
685,50000,12,0.791098,,0.791098,0.790892,0.791029,510.7921,510.243,510.391257,504.859292,505.387652,5.053877
686,50000,12,0.791098,,0.791098,0.790892,0.791039,510.7921,510.243,510.363802,504.859292,505.387652,5.053877
687,50000,12,0.791098,,0.791098,0.790892,0.791049,510.7921,510.243,510.336347,504.859292,505.387652,5.053877
688,50000,12,0.791098,,0.791098,0.790892,0.791059,510.7921,510.243,510.308892,504.859292,505.387652,5.053877
689,50000,12,0.791098,,0.791098,0.790892,0.791071,510.7921,510.243,510.275946,504.859292,505.387652,5.053877
690,50000,12,0.791098,,0.791098,0.790892,0.791075,510.7921,510.243,510.264964,504.859292,505.387652,5.053877
691,50000,12,0.791098,,0.791098,0.790892,0.791078,510.7921,510.243,510.259473,504.859292,505.387652,5.048737
692,50000,12,0.791098,,0.791098,0.790892,0.791082,510.7921,510.243,510.248491,504.859292,505.387652,5.048737
693,50000,12,0.791098,,0.791098,0.791079,0.791084,510.243,510.243,510.243,504.859292,504.873658,5.048737
694,50000,12,0.791098,,0.791098,0.791079,0.791084,510.243,510.243,510.243,504.859292,504.873658,5.048737
695,50000,12,0.791098,,0.791098,0.791079,0.791085,510.243,510.243,510.243,504.859292,504.873658,5.048737
696,50000,12,0.791098,,0.791098,0.791079,0.791085,510.243,510.243,510.243,504.859292,504.873658,5.048737
697,50000,12,0.791098,,0.791098,0.791079,0.791086,510.243,510.243,510.243,504.859292,504.873658,5.048737
698,50000,12,0.791098,,0.791098,0.791079,0.791087,510.243,510.243,510.243,504.859292,504.873658,5.048737
699,50000,12,0.791098,,0.791098,0.791079,0.791088,510.243,510.243,510.243,504.859292,504.873658,5.048737
700,50000,12,0.791098,,0.791098,0.791079,0.791089,510.243,510.243,510.243,504.859292,504.873658,5.048737
701,50000,12,0.791098,,0.791098,0.791079,0.79109,510.243,510.243,510.243,504.859292,504.873658,5.048737
702,50000,12,0.791098,,0.791098,0.791079,0.79109,510.243,510.243,510.243,504.859292,504.873658,5.048737
703,50000,12,0.791098,,0.791098,0.791079,0.791091,510.243,510.243,510.243,504.859292,504.873658,5.048737
704,50000,12,0.791098,,0.791098,0.791079,0.791092,510.243,510.243,510.243,504.859292,504.873658,5.048737
705,50000,12,0.791098,,0.791098,0.791079,0.791093,510.243,510.243,510.243,504.859292,504.873658,5.048737
706,50000,12,0.791098,,0.791098,0.791079,0.791095,510.243,510.243,510.243,504.859292,504.873658,5.048737
707,50000,12,0.791098,,0.791098,0.791079,0.791096,510.243,510.243,510.243,504.859292,504.873658,5.048737
708,50000,12,0.791098,,0.791098,0.791079,0.791096,510.243,510.243,510.243,504.859292,504.873658,5.048737
709,50000,12,0.791098,,0.791098,0.791079,0.791097,510.243,510.243,510.243,504.859292,504.873658,5.048737
710,50000,12,0.791098,,0.791098,0.791079,0.791097,510.243,510.243,510.243,504.859292,504.873658,5.048737
711,50000,12,0.791098,,0.791098,0.791079,0.791097,510.243,510.243,510.243,504.859292,504.873658,5.048737
712,50000,12,0.791098,,0.791098,0.791098,0.791098,510.243,510.243,510.243,504.859292,504.859292,5.048593
713,50000,12,0.791098,,0.791098,0.791098,0.791098,510.243,510.243,510.243,504.859292,504.859292,5.048593
714,50000,12,0.791171,,0.791171,0.791098,0.791098,510.243,510.243,510.243,504.801833,504.859292,5.048593
715,50000,12,0.792392,,0.792392,0.79092,0.791114,511.2189,510.243,510.27569,504.503555,505.365779,5.048593
716,50000,12,0.792392,,0.792392,0.790966,0.791131,511.2189,510.243,510.286747,504.503555,505.333946,5.048593
717,50000,12,0.792392,,0.792392,0.791098,0.791165,511.2189,510.243,510.308374,504.503555,505.174536,5.048593
718,50000,12,0.79241,,0.79241,0.791098,0.791193,511.2189,510.243,510.329799,504.489189,505.174536,5.048593
719,50000,12,0.79241,,0.79241,0.791098,0.791249,511.2189,510.243,510.375195,504.489189,505.174536,5.048593
720,50000,12,0.79241,,0.79241,0.791098,0.791302,511.2189,510.243,510.405929,504.489189,504.920475,5.048593
721,50000,12,0.79241,,0.79241,0.791098,0.791349,511.2189,510.243,510.439873,504.489189,504.920475,5.048593
722,50000,12,0.79241,,0.79241,0.791098,0.791387,511.2189,510.243,510.471378,504.489189,504.920475,5.048057
723,50000,12,0.79241,,0.79241,0.791098,0.79144,511.2189,510.243,510.508704,504.489189,504.920475,5.048057
724,50000,12,0.79241,,0.79241,0.791098,0.791473,511.2189,510.243,510.530045,504.489189,504.920475,5.048057
725,50000,12,0.79241,,0.79241,0.791098,0.791524,511.2189,510.243,510.567184,504.489189,504.920475,5.048057
726,50000,12,0.79242,,0.79242,0.791098,0.791584,511.2189,510.243,510.599351,504.481681,504.920475,5.048057
727,50000,12,0.79242,,0.79242,0.791098,0.79163,511.2189,510.2279,510.63297,504.481681,504.920475,5.048057
728,50000,12,0.79242,,0.79242,0.791098,0.791703,511.2189,510.2279,510.684876,504.481681,504.920475,5.048057
729,50000,12,0.79242,,0.79242,0.791107,0.791788,511.2189,510.243,510.754424,504.481681,504.920475,5.048057
730,50000,12,0.79242,,0.79242,0.791107,0.791863,511.2189,510.243,510.811319,504.481681,504.920475,5.048057
731,50000,12,0.79242,,0.79242,0.791222,0.79192,511.2189,510.3079,510.859696,504.481681,504.920475,5.048057
732,50000,12,0.79242,,0.79242,0.791222,0.791955,511.2189,510.3079,510.882285,504.448616,504.920475,5.048057
733,50000,12,0.79242,,0.79242,0.791222,0.791999,511.2189,510.3079,510.910953,504.481681,504.920475,5.048057
734,50000,12,0.79242,,0.79242,0.791222,0.792023,511.2189,510.3079,510.92468,504.481681,504.920475,5.049205
735,50000,12,0.79242,,0.79242,0.791222,0.792068,511.2189,510.3079,510.957068,504.481681,504.920475,5.049205
736,50000,12,0.79242,,0.79242,0.791222,0.792097,511.2189,510.3079,510.972297,504.481681,504.920475,5.049205
737,50000,12,0.79242,,0.79242,0.791232,0.792145,511.2189,510.3079,511.001129,504.481681,504.920475,5.049205
738,50000,12,0.79242,,0.79242,0.791402,0.792193,511.2189,510.3079,511.030898,504.481681,504.920475,5.047011
739,50000,12,0.79242,,0.79242,0.791408,0.792225,511.2189,510.3079,511.054548,504.441108,504.701115,5.047011
740,50000,12,0.79242,,0.79242,0.791408,0.79225,511.2189,510.3079,511.077385,504.441108,504.701115,5.047011
741,50000,12,0.79242,,0.79242,0.791408,0.792273,511.2189,510.3079,511.100346,504.441108,504.701115,5.047011
742,50000,12,0.79242,,0.79242,0.791753,0.79231,511.2189,510.7572,511.132169,504.441108,504.701115,5.047011
743,50000,12,0.79242,,0.79242,0.791753,0.792324,511.2189,510.6923,511.140506,504.441108,504.701115,5.047011
744,50000,12,0.79242,,0.79242,0.791753,0.792335,511.2189,510.6923,511.14974,504.441108,504.701115,5.047011
745,50000,12,0.79242,,0.79242,0.791753,0.792345,511.2189,510.6923,511.158077,504.441108,504.701115,5.047011
746,50000,12,0.79242,,0.79242,0.791753,0.792345,511.2189,510.6923,511.157304,504.441108,504.701115,5.047011
747,50000,12,0.79242,,0.79242,0.791755,0.79236,511.2189,510.6923,511.170258,504.481681,504.693607,5.046936
748,50000,12,0.79242,,0.79242,0.791765,0.79238,511.2189,510.6923,511.185283,504.481681,504.639858,5.046399
749,50000,12,0.79242,,0.79242,0.791765,0.792398,511.2189,510.6923,511.199783,504.481681,504.639858,5.044817
750,50000,12,0.79242,,0.79242,0.791889,0.792415,511.2189,510.7572,511.214283,504.481681,504.58627,5.044817
751,50000,12,0.79242,,0.79242,0.79242,0.79242,511.2189,511.2189,511.2189,504.481681,504.481681,5.044817
752,50000,12,0.792421,,0.792421,0.79242,0.79242,511.2189,511.2189,511.2189,504.481133,504.481681,5.044817
753,50000,12,0.792421,,0.792421,0.79242,0.79242,511.2189,511.2189,511.2189,504.481133,504.481681,5.044817
754,50000,12,0.792421,,0.792421,0.79242,0.79242,511.2189,511.2189,511.2189,504.481133,504.481681,5.044811
755,50000,12,0.792421,,0.792421,0.79242,0.79242,511.2189,511.2189,511.2189,504.481133,504.481681,5.044811
756,50000,12,0.792421,,0.792421,0.79242,0.79242,511.2189,511.2189,511.2189,504.481133,504.481681,5.044811
757,50000,12,0.792421,,0.792421,0.79242,0.79242,511.2189,511.2189,511.2189,504.481133,504.481681,5.044811
758,50000,12,0.792421,,0.792421,0.79242,0.79242,511.2189,511.2189,511.2189,504.481133,504.481681,5.044811
759,50000,12,0.792421,,0.792421,0.79242,0.79242,511.2189,511.2189,511.2189,504.481133,504.481681,5.044811
760,50000,12,0.79257,,0.79257,0.79242,0.792422,511.2189,511.2189,511.2189,504.364579,504.481681,5.044811
761,50000,12,0.79257,,0.79257,0.79242,0.792425,511.2189,511.2189,511.2189,504.364579,504.481681,5.044811
762,50000,12,0.79257,,0.79257,0.79242,0.792429,511.2189,511.2189,511.2189,504.364579,504.481681,5.044811
763,50000,12,0.79257,,0.79257,0.79242,0.792431,511.2189,511.2189,511.2189,504.364579,504.481681,5.044811
764,50000,12,0.79257,,0.79257,0.79242,0.792435,511.2189,511.2189,511.2189,504.364579,504.481681,5.044811
765,50000,12,0.79257,,0.79257,0.79242,0.792437,511.2189,511.2189,511.2189,504.364579,504.481681,5.044811
766,50000,12,0.79257,,0.79257,0.79242,0.792443,511.2189,511.2189,511.2189,504.364579,504.481681,5.043646
767,50000,12,0.79257,,0.79257,0.79242,0.792444,511.2189,511.2189,511.2189,504.364579,504.481681,5.043646
768,50000,12,0.79257,,0.79257,0.79242,0.792449,511.2189,511.2189,511.2189,504.364579,504.481681,5.043646
769,50000,12,0.79257,,0.79257,0.79242,0.792456,511.2189,511.2189,511.2189,504.364579,504.481681,5.043646
770,50000,12,0.79257,,0.79257,0.79242,0.792465,511.2189,511.2189,511.2189,504.364579,504.481681,5.043646
771,50000,12,0.79257,,0.79257,0.79242,0.792471,511.2189,511.2189,511.2189,504.364579,504.481681,5.043646
772,50000,12,0.79257,,0.79257,0.79242,0.792476,511.2189,511.2189,511.2189,504.364579,504.481681,5.043646
773,50000,12,0.79257,,0.79257,0.79242,0.792482,511.2189,511.2189,511.2189,504.364579,504.481681,5.043646
774,50000,12,0.79257,,0.79257,0.79242,0.792488,511.2189,511.2189,511.2189,504.364579,504.481681,5.043646
775,50000,12,0.79257,,0.79257,0.79242,0.792497,511.2189,511.2189,511.2189,504.364579,504.481681,5.043646
776,50000,12,0.79257,,0.79257,0.792421,0.792508,511.2189,511.2119,511.21883,504.364579,504.481133,5.043646
777,50000,12,0.79257,,0.79257,0.792421,0.792511,511.2189,511.2119,511.21883,504.364579,504.481133,5.043646
778,50000,12,0.79257,,0.79257,0.792421,0.792519,511.2189,511.2119,511.21876,504.364579,504.481133,5.043646
779,50000,12,0.79257,,0.79257,0.792421,0.792528,511.2189,511.2119,511.21883,504.364579,504.481133,5.043646
780,50000,12,0.793016,,0.793016,0.79241,0.792534,511.465,511.2119,511.221291,504.016989,504.489189,5.043646
781,50000,12,0.793016,,0.793016,0.792421,0.792544,511.465,511.2119,511.223752,504.016989,504.481133,5.043646
782,50000,12,0.793016,,0.793016,0.792421,0.792563,511.465,511.2119,511.231065,504.016989,504.481133,5.04017
783,50000,12,0.793016,,0.793016,0.792421,0.792581,511.465,511.2119,511.240979,504.016989,504.481133,5.04017
784,50000,12,0.793025,,0.793025,0.792421,0.792599,511.465,511.2189,511.245971,504.009481,504.481133,5.04017
785,50000,12,0.793025,,0.793025,0.792421,0.792608,511.465,511.2189,511.253354,504.009481,504.481133,5.04017
786,50000,12,0.793025,,0.793025,0.792421,0.792625,511.465,511.2189,511.263198,504.009481,504.481133,5.04017
787,50000,12,0.793025,,0.793025,0.792421,0.792646,511.465,511.2189,511.270581,504.009481,504.481133,5.04017
788,50000,12,0.793025,,0.793025,0.792421,0.792659,511.465,511.2189,511.280425,504.009481,504.481133,5.04017
789,50000,12,0.793025,,0.793025,0.79257,0.792673,511.465,511.2189,511.285347,504.009481,504.402943,5.04017
790,50000,12,0.793025,,0.793025,0.79257,0.792693,511.465,511.2189,511.295191,504.009481,504.402943,5.040095
791,50000,12,0.793025,,0.793025,0.79257,0.792718,511.465,511.2189,511.305035,504.009481,504.402943,5.040095
792,50000,12,0.793025,,0.793025,0.79257,0.792742,511.465,511.2189,511.314879,504.009481,504.402943,5.040095
793,50000,12,0.793025,,0.793025,0.79257,0.792756,511.465,511.2189,511.322262,504.009481,504.402943,5.040095
794,50000,12,0.793025,,0.793025,0.79257,0.792775,511.465,511.2189,511.329645,504.009481,504.402943,5.040095
795,50000,12,0.793025,,0.793025,0.79257,0.792792,511.465,511.2189,511.334567,504.009481,504.402943,5.040095
796,50000,12,0.793025,,0.793025,0.79257,0.792807,511.465,511.2189,511.329645,504.009481,504.402943,5.040095
797,50000,12,0.793025,,0.793025,0.79257,0.792817,511.465,511.2189,511.324723,504.009481,504.402943,5.040095
798,50000,12,0.793025,,0.793025,0.79257,0.792834,511.465,511.2189,511.322262,504.009481,504.402943,5.040095
799,50000,12,0.793025,,0.793025,0.79257,0.792854,511.465,511.2189,511.31734,504.009481,504.402943,5.040095
800,50000,12,0.793025,,0.793025,0.79257,0.79287,511.465,511.2189,511.307496,504.009481,504.402943,5.040095
801,50000,12,0.793025,,0.793025,0.79257,0.792882,511.465,511.2189,511.305035,504.009481,504.402943,5.040095
802,50000,12,0.793025,,0.793025,0.79257,0.7929,511.465,511.2189,511.305035,504.009481,504.402943,5.040095
803,50000,12,0.793025,,0.793025,0.79257,0.792924,511.465,511.2189,511.300113,504.009481,504.402943,5.040095
804,50000,12,0.793025,,0.793025,0.792732,0.792941,511.465,511.2189,511.290269,504.009481,504.402943,5.040095
805,50000,12,0.793025,,0.793025,0.792732,0.792958,511.465,511.2189,511.275503,504.009481,504.402943,5.040095
806,50000,12,0.793025,,0.793025,0.792732,0.792973,511.465,511.2189,511.263198,504.009481,504.402943,5.040095
807,50000,12,0.793025,,0.793025,0.792733,0.792985,511.465,511.2189,511.253354,504.009481,504.402394,5.040095
808,50000,12,0.793025,,0.793025,0.792733,0.792996,511.465,511.2189,511.24351,504.009481,504.402394,5.040095
809,50000,12,0.793025,,0.793025,0.792733,0.792999,511.465,511.2189,511.241049,504.009481,504.402394,5.040095
810,50000,12,0.793025,,0.793025,0.792733,0.793008,511.465,511.2189,511.233666,504.009481,504.402394,5.040095
811,50000,12,0.793025,,0.793025,0.792733,0.793014,511.465,511.2189,511.228744,504.009481,504.402394,5.040095
812,50000,12,0.793044,,0.793044,0.792733,0.79302,511.465,511.2189,511.223822,503.995116,504.402394,5.040095
813,50000,12,0.793044,,0.793044,0.792733,0.793023,511.465,511.2189,511.221361,503.995116,504.402394,5.040095
814,50000,12,0.793044,,0.793044,0.793025,0.793026,511.2189,511.2189,511.2189,503.995116,504.009481,5.040095
815,50000,12,0.793044,,0.793044,0.793025,0.793026,511.2189,511.2189,511.2189,503.995116,504.009481,5.040095
816,50000,12,0.793044,,0.793044,0.793025,0.793026,511.2189,511.2189,511.2189,503.995116,504.009481,5.040095
817,50000,12,0.793044,,0.793044,0.793025,0.793027,511.2189,511.2189,511.2189,503.995116,504.009481,5.040095
818,50000,12,0.793044,,0.793044,0.793025,0.793027,511.2189,511.2189,511.2189,503.995116,504.009481,5.040095
819,50000,12,0.793044,,0.793044,0.793025,0.793028,511.2189,511.2189,511.2189,503.995116,504.009481,5.040095
820,50000,12,0.793044,,0.793044,0.793025,0.793029,511.2189,511.2189,511.2189,503.995116,504.009481,5.040095
821,50000,12,0.793044,,0.793044,0.793025,0.793029,511.2189,511.2189,511.2189,503.995116,504.009481,5.040095
822,50000,12,0.793044,,0.793044,0.793025,0.79303,511.2189,511.2189,511.2189,503.995116,504.009481,5.040095
823,50000,12,0.793044,,0.793044,0.793025,0.793031,511.2189,511.2189,511.2189,503.995116,504.009481,5.039951
824,50000,12,0.793044,,0.793044,0.793025,0.793032,511.2189,511.2189,511.2189,503.995116,504.009481,5.039951
825,50000,12,0.793044,,0.793044,0.793025,0.793034,511.2189,511.2189,511.2189,503.995116,504.009481,5.039951
826,50000,12,0.793044,,0.793044,0.793025,0.793035,511.2189,511.2189,511.2189,503.995116,504.009481,5.039951
827,50000,12,0.793044,,0.793044,0.793025,0.793036,511.2189,511.2189,511.2189,503.995116,504.009481,5.039951
828,50000,12,0.793044,,0.793044,0.793025,0.793037,511.2189,511.2189,511.2189,503.995116,504.009481,5.039951
829,50000,12,0.793044,,0.793044,0.793025,0.793037,511.2189,511.2189,511.2189,503.995116,504.009481,5.039951
830,50000,12,0.793044,,0.793044,0.793025,0.793038,511.2189,511.2189,511.2189,503.995116,504.009481,5.039951
831,50000,12,0.793044,,0.793044,0.793025,0.793039,511.2189,511.2189,511.2189,503.995116,504.009481,5.039951
832,50000,12,0.793044,,0.793044,0.793025,0.79304,511.2189,511.2189,511.2189,503.995116,504.009481,5.039951
833,50000,12,0.793044,,0.793044,0.793025,0.793041,511.2189,511.2189,511.2189,503.995116,504.009481,5.039951
834,50000,12,0.793044,,0.793044,0.793025,0.793041,511.2189,511.2189,511.2189,503.995116,504.009481,5.039951
835,50000,12,0.793044,,0.793044,0.793025,0.793042,511.2189,511.2189,511.2189,503.995116,504.009481,5.039951
836,50000,12,0.793044,,0.793044,0.793025,0.793042,511.2189,511.2189,511.2189,503.995116,504.009481,5.039951
837,50000,12,0.793044,,0.793044,0.793025,0.793043,511.2189,511.2189,511.2189,503.995116,504.009481,5.039951
838,50000,12,0.793044,,0.793044,0.793025,0.793043,511.2189,511.2189,511.2189,503.995116,504.009481,5.039951
839,50000,12,0.793044,,0.793044,0.793025,0.793044,511.2189,511.2189,511.2189,503.995116,504.009481,5.039951
840,50000,12,0.793044,,0.793044,0.793025,0.793044,511.2189,511.2189,511.2189,503.995116,504.009481,5.039951
841,50000,12,0.793044,,0.793044,0.793044,0.793044,511.2189,511.2189,511.2189,503.995116,503.995116,5.039951
842,50000,12,0.793044,,0.793044,0.793044,0.793044,511.2189,511.2189,511.2189,503.995116,503.995116,5.039951
843,50000,12,0.793044,,0.793044,0.793044,0.793044,511.2189,511.2189,511.2189,503.995116,503.995116,5.039951
844,50000,12,0.793044,,0.793044,0.793044,0.793044,511.2189,511.2189,511.2189,503.995116,503.995116,5.039951
845,50000,12,0.793045,,0.793045,0.793025,0.793044,511.2189,511.2189,511.2189,503.994567,504.009481,5.039951
846,50000,12,0.793045,,0.793045,0.793025,0.793044,511.2189,511.2189,511.2189,503.994567,504.009481,5.039951
847,50000,12,0.793045,,0.793045,0.793044,0.793044,511.2189,511.2189,511.2189,503.994567,503.995116,5.039951
848,50000,12,0.793045,,0.793045,0.793044,0.793044,511.2189,511.2189,511.2189,503.994567,503.995116,5.039951
849,50000,12,0.793045,,0.793045,0.793044,0.793044,511.2189,511.2189,511.2189,503.994567,503.995116,5.039951
850,50000,12,0.793045,,0.793045,0.793044,0.793044,511.2189,511.2189,511.2189,503.994567,503.995116,5.039951
851,50000,12,0.793045,,0.793045,0.793044,0.793044,511.2189,511.2189,511.2189,503.994567,503.995116,5.039951
852,50000,12,0.793045,,0.793045,0.793044,0.793044,511.2189,511.2189,511.2189,503.994567,503.995116,5.039951
853,50000,12,0.793045,,0.793045,0.793044,0.793044,511.2189,511.2189,511.2189,503.994567,503.995116,5.039951
854,50000,12,0.793045,,0.793045,0.793044,0.793044,511.2189,511.2189,511.2189,503.994567,503.995116,5.039951
855,50000,12,0.793045,,0.793045,0.793044,0.793044,511.2189,511.2189,511.2189,503.994567,503.995116,5.039951
856,50000,12,0.793045,,0.793045,0.793044,0.793044,511.2189,511.2189,511.2189,503.994567,503.995116,5.039951
857,50000,12,0.793045,,0.793045,0.793044,0.793044,511.2189,511.2189,511.2189,503.994567,503.995116,5.039951
858,50000,12,0.793045,,0.793045,0.793044,0.793044,511.2189,511.2189,511.2189,503.994567,503.995116,5.039951
859,50000,12,0.793045,,0.793045,0.793044,0.793044,511.2189,511.2189,511.2189,503.994567,503.995116,5.039951
860,50000,12,0.793045,,0.793045,0.793044,0.793044,511.2189,511.2189,511.2189,503.994567,503.995116,5.039951
861,50000,12,0.793045,,0.793045,0.793044,0.793044,511.2189,511.2189,511.2189,503.994567,503.995116,5.039951
862,50000,12,0.793045,,0.793045,0.793044,0.793044,511.2189,511.2189,511.2189,503.994567,503.995116,5.039951
863,50000,12,0.793045,,0.793045,0.793044,0.793044,511.2189,511.2189,511.2189,503.994567,503.995116,5.039951
864,50000,12,0.793045,,0.793045,0.793044,0.793044,511.2189,511.2189,511.2189,503.994567,503.995116,5.039951
865,50000,12,0.793045,,0.793045,0.793044,0.793044,511.2189,511.2189,511.2189,503.994567,503.995116,5.039951
866,50000,12,0.793045,,0.793045,0.793044,0.793044,511.2189,511.2189,511.2189,503.994567,503.995116,5.039951
867,50000,12,0.793045,,0.793045,0.793044,0.793044,511.2189,511.2189,511.2189,503.994567,503.995116,5.039951
868,50000,12,0.793045,,0.793045,0.793044,0.793044,511.2189,511.2189,511.2189,503.994567,503.995116,5.039951
869,50000,12,0.793045,,0.793045,0.793044,0.793044,511.2189,511.2189,511.2189,503.994567,503.995116,5.039951
870,50000,12,0.793045,,0.793045,0.793044,0.793044,511.2189,511.2189,511.2189,503.994567,503.995116,5.039951
871,50000,12,0.793045,,0.793045,0.793044,0.793044,511.2189,511.2189,511.2189,503.994567,503.995116,5.039951
872,50000,12,0.793045,,0.793045,0.793044,0.793045,511.2189,511.2189,511.2189,503.994567,503.995116,5.039946
873,50000,12,0.793045,,0.793045,0.793044,0.793045,511.2189,511.2189,511.2189,503.994567,503.995116,5.039946
874,50000,12,0.793045,,0.793045,0.793044,0.793045,511.2189,511.2189,511.2189,503.994567,503.995116,5.039946
875,50000,12,0.793045,,0.793045,0.793044,0.793045,511.2189,511.2189,511.2189,503.994567,503.995116,5.039946
876,50000,12,0.793045,,0.793045,0.793044,0.793045,511.2189,511.2189,511.2189,503.994567,503.995116,5.039946
877,50000,12,0.793045,,0.793045,0.793044,0.793045,511.2189,511.2189,511.2189,503.994567,503.995116,5.039946
878,50000,12,0.793045,,0.793045,0.793044,0.793045,511.2189,511.2189,511.2189,503.994567,503.995116,5.039946
879,50000,12,0.793045,,0.793045,0.793044,0.793045,511.2189,511.2189,511.2189,503.994567,503.995116,5.039946
880,50000,12,0.793045,,0.793045,0.793044,0.793045,511.2189,511.2189,511.2189,503.994567,503.995116,5.039946
881,50000,12,0.793045,,0.793045,0.793045,0.793045,511.2189,511.2189,511.2189,503.994567,503.994567,5.039946
882,50000,12,0.793045,,0.793045,0.793045,0.793045,511.2189,511.2189,511.2189,503.994567,503.994567,5.039946
883,50000,12,0.793045,,0.793045,0.793045,0.793045,511.2189,511.2189,511.2189,503.994567,503.994567,5.039946
884,50000,12,0.793045,,0.793045,0.793045,0.793045,511.2189,511.2189,511.2189,503.994567,503.994567,5.039946
885,50000,12,0.793045,,0.793045,0.793045,0.793045,511.2189,511.2189,511.2189,503.994567,503.994567,5.039946
886,50000,12,0.793045,,0.793045,0.793045,0.793045,511.2189,511.2189,511.2189,503.994567,503.994567,5.039946
887,50000,12,0.793045,,0.793045,0.793045,0.793045,511.2189,511.2189,511.2189,503.994567,503.994567,5.039946
888,50000,12,0.793045,,0.793045,0.793045,0.793045,511.2189,511.2189,511.2189,503.994567,503.994567,5.039946
889,50000,12,0.793045,,0.793045,0.793045,0.793045,511.2189,511.2189,511.2189,503.994567,503.994567,5.039946
890,50000,12,0.793045,,0.793045,0.793045,0.793045,511.2189,511.2189,511.2189,503.994567,503.994567,5.039946
891,50000,12,0.793045,,0.793045,0.793045,0.793045,511.2189,511.2189,511.2189,503.994567,503.994567,5.039946
892,50000,12,0.793045,,0.793045,0.793045,0.793045,511.2189,511.2189,511.2189,503.994567,503.994567,5.039946
893,50000,12,0.793045,,0.793045,0.793045,0.793045,511.2189,511.2189,511.2189,503.994567,503.994567,5.039946
894,50000,12,0.793045,,0.793045,0.793045,0.793045,511.2189,511.2189,511.2189,503.994567,503.994567,5.039946
895,50000,12,0.793045,,0.793045,0.793045,0.793045,511.2189,511.2189,511.2189,503.994567,503.994567,5.039946
896,50000,12,0.79311,,0.79311,0.793045,0.793045,511.2189,511.2189,511.2189,503.943474,503.994567,5.039946
897,50000,12,0.79311,,0.79311,0.793045,0.793045,511.2189,511.2189,511.2189,503.943474,503.994567,5.039946
898,50000,12,0.79311,,0.79311,0.793045,0.793046,511.2189,511.2189,511.2189,503.943474,503.994567,5.039946
899,50000,12,0.79311,,0.79311,0.793045,0.793046,511.2189,511.2189,511.2189,503.943474,503.994567,5.039946
900,50000,12,0.79311,,0.79311,0.793045,0.793047,511.2189,511.2189,511.2189,503.943474,503.994567,5.039946
901,50000,12,0.79311,,0.79311,0.793045,0.793048,511.2189,511.2189,511.2189,503.943474,503.994567,5.039946
902,50000,12,0.79311,,0.79311,0.793045,0.793051,511.2189,511.2189,511.2189,503.943474,503.994567,5.039946
903,50000,12,0.79311,,0.79311,0.793045,0.793052,511.2189,511.2189,511.2189,503.943474,503.994567,5.039946
904,50000,12,0.79311,,0.79311,0.793045,0.793053,511.2189,511.2189,511.2189,503.943474,503.994567,5.039946
905,50000,12,0.794578,,0.794578,0.793045,0.793072,513.0445,511.2189,511.237156,503.943474,504.021571,5.039946
906,50000,12,0.794578,,0.794578,0.793045,0.79309,513.0445,511.2189,511.255412,503.943474,504.021571,5.039946
907,50000,12,0.794578,,0.794578,0.793045,0.793155,513.0445,511.2189,511.328436,503.943474,504.021571,5.039946
908,50000,12,0.794578,,0.794578,0.793045,0.793205,513.0445,511.2189,511.383204,503.943474,504.021571,5.039946
909,50000,12,0.794675,,0.794675,0.793045,0.793256,513.0445,511.2189,511.437972,503.943474,504.021571,5.039946
910,50000,12,0.794675,,0.794675,0.793045,0.793322,513.0445,511.2189,511.510996,503.937108,504.021571,5.039946
911,50000,12,0.794675,,0.794675,0.793045,0.793389,513.0445,511.2189,511.58402,503.937108,504.021571,5.039946
912,50000,12,0.794675,,0.794675,0.793045,0.793471,513.0445,511.2189,511.6753,503.937108,504.021571,5.039946
913,50000,12,0.794675,,0.794675,0.793045,0.793534,513.0445,511.2189,511.748324,503.937108,504.021571,5.040216
914,50000,12,0.79474,,0.79474,0.793045,0.793637,513.0445,511.2189,511.870924,503.895214,504.231992,5.040216
915,50000,12,0.79474,,0.79474,0.793045,0.793719,513.0445,511.2189,511.962204,503.895214,504.231992,5.040216
916,50000,12,0.79474,,0.79474,0.793045,0.793798,513.0445,511.2189,512.053484,503.895214,504.231992,5.040216
917,50000,12,0.79474,,0.79474,0.793045,0.793888,513.0445,511.2189,512.149956,503.895214,504.021571,5.040216
918,50000,12,0.795923,,0.795923,0.793045,0.794044,513.6125,511.2189,512.31994,503.353027,504.021571,5.039463
919,50000,12,0.795923,,0.795923,0.793045,0.794124,513.6125,511.2189,512.386068,503.353027,504.021571,5.039463
920,50000,12,0.795997,,0.795997,0.793045,0.794285,513.6175,511.2189,512.53663,503.295568,504.021571,5.039463
921,50000,12,0.795997,,0.795997,0.79311,0.794428,513.6175,511.2189,512.669635,503.295568,504.021571,5.039463
922,50000,12,0.795997,,0.795997,0.79311,0.794569,513.6175,511.2189,512.787249,503.295568,504.021571,5.039463
923,50000,12,0.795997,,0.795997,0.79311,0.794656,513.6175,511.2189,512.864468,503.295568,504.021571,5.039463
924,50000,12,0.795997,,0.795997,0.79311,0.794831,513.6175,511.2189,513.009382,503.295568,504.021571,5.039463
925,50000,12,0.795997,,0.795997,0.79311,0.794936,513.6175,511.2189,513.053814,503.295568,504.021571,5.039463
926,50000,12,0.795997,,0.795997,0.79311,0.795012,513.6175,511.2189,513.10779,503.283818,504.021571,5.039463
927,50000,12,0.796085,,0.796085,0.793118,0.795126,513.6175,511.2189,513.175984,503.22667,504.021571,5.039463
928,50000,12,0.796085,,0.796085,0.793118,0.795262,513.6175,511.2189,513.253274,503.22667,503.970477,5.038952
929,50000,12,0.797016,,0.797016,0.793118,0.795414,514.1652,511.2189,513.341452,502.870932,503.970477,5.032267
930,50000,12,0.797016,,0.797016,0.794644,0.795572,514.1652,513.0445,513.441747,502.870932,503.970477,5.032267
931,50000,12,0.797016,,0.797016,0.794644,0.795697,514.1652,513.0445,513.497803,502.870932,503.970477,5.032267
932,50000,12,0.797016,,0.797016,0.794644,0.795791,514.1652,513.0445,513.533905,502.870932,503.970477,5.032267
933,50000,12,0.797016,,0.797016,0.794652,0.795961,514.5023,513.0445,513.615841,502.870932,503.964111,5.032267
934,50000,12,0.797016,,0.797016,0.794652,0.796067,514.5023,513.0445,513.667434,502.870932,503.964111,5.032267
935,50000,12,0.797016,,0.797016,0.795045,0.796172,514.5023,513.2361,513.720192,502.870932,503.785625,5.032267
936,50000,12,0.797041,,0.797041,0.79525,0.796289,514.5023,513.4377,513.795238,502.870932,503.761167,5.032267
937,50000,12,0.797041,,0.797041,0.79525,0.796408,514.5023,513.4377,513.861546,502.870932,503.761167,5.032267
938,50000,12,0.797041,,0.797041,0.795632,0.796537,514.5023,513.6125,513.941924,502.870932,503.584063,5.032267
939,50000,12,0.797041,,0.797041,0.795989,0.796637,514.5023,513.6125,514.016633,502.870932,503.301934,5.028709
940,50000,12,0.797041,,0.797041,0.795997,0.796727,514.5023,513.6125,514.074997,502.870932,503.295568,5.028709
941,50000,12,0.797778,,0.797778,0.79621,0.796814,515.0223,513.6774,514.155678,502.817343,503.173082,5.028709
942,50000,12,0.797778,,0.797778,0.79621,0.796856,515.0223,513.6774,514.199639,502.817343,503.173082,5.028709
943,50000,12,0.797778,,0.797778,0.79621,0.796889,515.0223,513.6774,514.239805,502.817343,503.173082,5.028709
944,50000,12,0.797778,,0.797778,0.79621,0.796923,515.0223,513.6774,514.265086,502.817343,503.173082,5.028709
945,50000,12,0.797778,,0.797778,0.79621,0.796982,515.0223,513.6774,514.305901,502.817343,503.173082,5.028709
946,50000,12,0.797778,,0.797778,0.79621,0.797032,515.0223,513.6774,514.358919,502.817343,503.173082,5.028173
947,50000,12,0.797778,,0.797778,0.796218,0.797099,515.0223,513.6774,514.437313,502.817343,503.166716,5.028173
948,50000,12,0.797778,,0.797778,0.796728,0.797142,515.0223,513.9637,514.481886,502.817343,503.153248,5.028173
949,50000,12,0.797778,,0.797778,0.796792,0.797191,515.0223,513.9637,514.512375,502.760709,503.153248,5.028173
950,50000,12,0.797875,,0.797875,0.796881,0.797252,515.0223,513.9637,514.572524,502.760709,503.153248,5.028173
951,50000,12,0.797875,,0.797875,0.796944,0.797332,515.0223,514.1652,514.636303,502.707121,503.153248,5.028173
952,50000,12,0.797875,,0.797875,0.796944,0.797402,515.0223,514.1652,514.689382,502.707121,503.153248,5.028173
953,50000,12,0.797875,,0.797875,0.796944,0.797465,515.0223,514.1652,514.733325,502.707121,503.153248,5.028173
954,50000,12,0.797875,,0.797875,0.796944,0.797512,515.0223,514.2301,514.757492,502.707121,503.153248,5.028173
955,50000,12,0.797875,,0.797875,0.796944,0.797575,515.0223,514.2301,514.818273,502.707121,503.153248,5.028173
956,50000,12,0.797875,,0.797875,0.797041,0.797627,515.0223,514.2301,514.855035,502.707121,503.077985,5.028173
957,50000,12,0.797903,,0.797903,0.797041,0.797684,515.0872,514.2301,514.89436,502.707121,503.077985,5.028173
958,50000,12,0.797903,,0.797903,0.797141,0.797715,515.0872,514.2301,514.909365,502.707121,503.030763,5.028173
959,50000,12,0.797903,,0.797903,0.797141,0.797764,515.0872,514.2301,514.945654,502.707121,502.943937,5.028173
960,50000,12,0.797903,,0.797903,0.797141,0.797776,515.0872,514.2301,514.947362,502.707121,502.943937,5.028173
961,50000,12,0.797903,,0.797903,0.797141,0.797788,515.0872,514.2301,514.955571,502.707121,502.943937,5.028173
962,50000,12,0.797999,,0.797999,0.797141,0.797802,515.0872,514.2301,514.961941,502.707121,502.943937,5.028173
963,50000,12,0.797999,,0.797999,0.797141,0.797825,515.0872,514.2301,514.988983,502.707121,502.973474,5.028173
964,50000,12,0.797999,,0.797999,0.797141,0.797844,515.0872,514.2301,515.001793,502.707121,502.890349,5.028173
965,50000,12,0.797999,,0.797999,0.797678,0.797858,515.0872,514.7711,515.009114,502.707121,502.876585,5.028766
966,50000,12,0.797999,,0.797999,0.797678,0.797872,515.0872,514.7711,515.023056,502.707121,502.850886,5.028509
967,50000,12,0.797999,,0.797999,0.797678,0.797884,515.0872,514.7711,515.036928,502.707121,502.857551,5.028509
968,50000,12,0.797999,,0.797999,0.797778,0.797893,515.0872,514.836,515.044618,502.707121,502.850886,5.027973
969,50000,12,0.797999,,0.797999,0.797875,0.797903,515.0872,515.0223,515.05475,502.722034,502.797298,5.027973
970,50000,12,0.797999,,0.797999,0.797875,0.797914,515.0872,515.0223,515.058644,502.722034,502.797298,5.027973
971,50000,12,0.797999,,0.797999,0.797875,0.797927,515.0872,515.0223,515.062538,502.722034,502.797298,5.02722
972,50000,12,0.797999,,0.797999,0.797875,0.797937,515.0872,515.0223,515.066432,502.722034,502.797298,5.02722
973,50000,12,0.797999,,0.797999,0.797875,0.797951,515.0872,515.0223,515.070975,502.722034,502.797298,5.02722
974,50000,12,0.797999,,0.797999,0.797875,0.797961,515.0872,515.0223,515.072273,502.722034,502.797298,5.02722
975,50000,12,0.797999,,0.797999,0.796221,0.797922,515.0872,513.8799,515.048672,502.715958,503.502894,5.02722
976,50000,12,0.797999,,0.797999,0.797875,0.797981,515.0872,515.0223,515.078114,502.722034,502.797298,5.02722
977,50000,12,0.797999,,0.797999,0.797875,0.797987,515.0872,515.0223,515.08071,502.722034,502.775623,5.02722
978,50000,12,0.797999,,0.797999,0.797875,0.797991,515.0872,515.0223,515.082657,502.722034,502.775623,5.02722
979,50000,12,0.797999,,0.797999,0.797875,0.797992,515.0872,515.0223,515.083306,502.722034,502.775623,5.02722
980,50000,12,0.797999,,0.797999,0.797875,0.797994,515.0872,515.0223,515.084604,502.722034,502.775623,5.02722
981,50000,12,0.797999,,0.797999,0.797875,0.797996,515.0872,515.0223,515.085253,502.722034,502.775623,5.02722
982,50000,12,0.797999,,0.797999,0.797875,0.797997,515.0872,515.0223,515.085902,502.722034,502.775623,5.02722
983,50000,12,0.798238,,0.798238,0.797875,0.797999,515.5325,515.0223,515.090355,502.722034,502.834567,5.02722
984,50000,12,0.798238,,0.798238,0.797999,0.798003,515.5325,515.0872,515.095457,502.722034,502.834567,5.02722
985,50000,12,0.798238,,0.798238,0.797999,0.798009,515.5325,515.0872,515.105012,502.722034,502.834567,5.02722
986,50000,12,0.798238,,0.798238,0.797999,0.798014,515.5325,515.0872,515.113918,502.722034,502.834567,5.02722
987,50000,12,0.798238,,0.798238,0.797999,0.798021,515.5325,515.0872,515.127277,502.722034,502.834567,5.02722
988,50000,12,0.798238,,0.798238,0.797999,0.79803,515.5325,515.0872,515.145089,502.722034,502.834567,5.02722
989,50000,12,0.798238,,0.798238,0.797999,0.798035,515.5325,515.0872,515.153995,502.722034,502.834567,5.02722
990,50000,12,0.798238,,0.798238,0.797999,0.798037,515.5325,515.0872,515.158448,502.722034,502.834567,5.02722
991,50000,12,0.798238,,0.798238,0.797999,0.798045,515.5325,515.0872,515.171807,502.722034,502.834567,5.02722
992,50000,12,0.798238,,0.798238,0.797999,0.798049,515.5325,515.0872,515.180713,502.722034,502.834567,5.02722
993,50000,12,0.798238,,0.798238,0.797999,0.798057,515.5325,515.0872,515.194072,502.722034,502.834567,5.02722
994,50000,12,0.798238,,0.798238,0.797999,0.798059,515.5325,515.0872,515.198525,502.722034,502.834567,5.02722
995,50000,12,0.798238,,0.798238,0.797999,0.798066,515.5325,515.0872,515.211884,502.722034,502.834567,5.02722
996,50000,12,0.798238,,0.798238,0.797999,0.798068,515.5325,515.0872,515.216337,502.722034,502.834567,5.02722
997,50000,12,0.798238,,0.798238,0.797999,0.798073,515.5325,515.0872,515.225243,502.722034,502.834567,5.02722
998,50000,12,0.798238,,0.798238,0.797999,0.798083,515.5325,515.0872,515.243055,502.722034,502.834567,5.02722
999,50000,12,0.798238,,0.798238,0.797999,0.798092,515.5325,515.0872,515.260867,502.722034,502.834567,5.02722
1000,50000,12,0.798238,,0.798238,0.797999,0.798097,515.5325,515.0872,515.269773,502.722034,502.834567,5.02722
1001,50000,12,0.798238,,0.798238,0.797999,0.798109,515.5325,515.0872,515.292038,502.722034,502.834567,5.02722
1002,50000,12,0.798238,,0.798238,0.797999,0.798114,515.5325,515.0872,515.300944,502.722034,502.834567,5.02722
1003,50000,12,0.798238,,0.798238,0.797999,0.798128,515.5325,515.0872,515.327662,502.722034,502.834567,5.02722
1004,50000,12,0.798238,,0.798238,0.797999,0.798154,515.5325,515.0872,515.376645,502.722034,502.834567,5.02722
1005,50000,12,0.798238,,0.798238,0.797999,0.798165,515.5325,515.0872,515.398261,502.722034,502.888155,5.02722
1006,50000,12,0.798238,,0.798238,0.797999,0.79818,515.5325,515.0872,515.425628,502.722034,502.834567,5.02722
1007,50000,12,0.798238,,0.798238,0.797999,0.798183,515.5325,515.0872,515.430081,502.722034,502.834567,5.02722
1008,50000,12,0.798238,,0.798238,0.797999,0.798202,515.5325,515.0872,515.465705,502.722034,502.834567,5.02722
1009,50000,12,0.798238,,0.798238,0.797999,0.798209,515.5325,515.0872,515.479064,502.722034,502.834567,5.02722
1010,50000,12,0.798238,,0.798238,0.797999,0.798219,515.5325,515.0872,515.496876,502.722034,502.834567,5.02722
1011,50000,12,0.798238,,0.798238,0.797999,0.79823,515.5325,515.0872,515.519141,502.722034,502.834567,5.028346
1012,50000,12,0.798238,,0.798238,0.797999,0.79823,515.5325,515.0872,515.519141,502.722034,502.834567,5.028346
1013,50000,12,0.798238,,0.798238,0.797999,0.798233,515.5325,515.0872,515.523594,502.722034,502.834567,5.028346
1014,50000,12,0.798238,,0.798238,0.798238,0.798238,515.5325,515.5325,515.5325,502.834567,502.834567,5.028346
1015,50000,12,0.798238,,0.798238,0.798238,0.798238,515.5325,515.5325,515.5325,502.834567,502.834567,5.028346
1016,50000,12,0.798238,,0.798238,0.798238,0.798238,515.5325,515.5325,515.5325,502.834567,502.834567,5.028346
1017,50000,12,0.798238,,0.798238,0.798238,0.798238,515.5325,515.5325,515.5325,502.834567,502.834567,5.028346
1018,50000,12,0.798238,,0.798238,0.798238,0.798238,515.5325,515.5325,515.5325,502.834567,502.834567,5.028346
1019,50000,12,0.798238,,0.798238,0.798238,0.798238,515.5325,515.5325,515.5325,502.834567,502.834567,5.028346
1020,50000,12,0.798238,,0.798238,0.798238,0.798238,515.5325,515.5325,515.5325,502.834567,502.834567,5.028346
1021,50000,12,0.798238,,0.798238,0.798238,0.798238,515.5325,515.5325,515.5325,502.834567,502.834567,5.028346
1022,50000,12,0.798238,,0.798238,0.798238,0.798238,515.5325,515.5325,515.5325,502.834567,502.834567,5.028346
1023,50000,12,0.798238,,0.798238,0.798238,0.798238,515.5325,515.5325,515.5325,502.834567,502.834567,5.028346
1024,50000,12,0.798238,,0.798238,0.798238,0.798238,515.5325,515.5325,515.5325,502.834567,502.834567,5.028346
1025,50000,12,0.798238,,0.798238,0.798238,0.798238,515.5325,515.5325,515.5325,502.834567,502.834567,5.028346
1026,50000,12,0.798238,,0.798238,0.798238,0.798238,515.5325,515.5325,515.5325,502.834567,502.834567,5.028346
1027,50000,12,0.798238,,0.798238,0.798238,0.798238,515.5325,515.5325,515.5325,502.834567,502.834567,5.028346
1028,50000,12,0.798238,,0.798238,0.798238,0.798238,515.5325,515.5325,515.5325,502.834567,502.834567,5.028346
1029,50000,12,0.798238,,0.798238,0.798238,0.798238,515.5325,515.5325,515.5325,502.834567,502.834567,5.028346
1030,50000,12,0.798238,,0.798238,0.798238,0.798238,515.5325,515.5325,515.5325,502.834567,502.834567,5.028346
1031,50000,12,0.798238,,0.798238,0.798238,0.798238,515.5325,515.5325,515.5325,502.834567,502.834567,5.028346
1032,50000,12,0.798238,,0.798238,0.798238,0.798238,515.5325,515.5325,515.5325,502.834567,502.834567,5.028346
1033,50000,12,0.798238,,0.798238,0.798238,0.798238,515.5325,515.5325,515.5325,502.834567,502.834567,5.028346
1034,50000,12,0.798238,,0.798238,0.798238,0.798238,515.5325,515.5325,515.5325,502.834567,502.834567,5.028346
1035,50000,12,0.798238,,0.798238,0.798238,0.798238,515.5325,515.5325,515.5325,502.834567,502.834567,5.028346
1036,50000,12,0.798238,,0.798238,0.798238,0.798238,515.5325,515.5325,515.5325,502.834567,502.834567,5.028346
1037,50000,12,0.798238,,0.798238,0.798238,0.798238,515.5325,515.5325,515.5325,502.834567,502.834567,5.028346
1038,50000,12,0.798238,,0.798238,0.798238,0.798238,515.5325,515.5325,515.5325,502.834567,502.834567,5.028346
1039,50000,12,0.798238,,0.798238,0.798238,0.798238,515.5325,515.5325,515.5325,502.834567,502.834567,5.028346
1040,50000,12,0.799256,,0.799256,0.798238,0.798272,516.1168,515.5325,515.548886,502.319013,502.834567,5.028346
1041,50000,12,0.799256,,0.799256,0.798238,0.798283,516.1168,515.5325,515.551931,502.319013,502.834567,5.028346
1042,50000,12,0.799256,,0.799256,0.798238,0.798331,516.1168,515.5325,515.578613,502.319013,502.834567,5.028346
1043,50000,12,0.799256,,0.799256,0.798238,0.798373,516.1168,515.5325,515.601985,502.319013,502.834567,5.028346
1044,50000,12,0.799256,,0.799256,0.798238,0.79845,516.1168,515.5325,515.641743,502.319013,502.834567,5.028346
1045,50000,12,0.799256,,0.799256,0.798238,0.798505,516.1168,515.2474,515.665309,502.319013,502.834567,5.028346
1046,50000,12,0.799256,,0.799256,0.798238,0.798575,516.1168,515.2474,515.694506,502.319013,502.834567,5.028346
1047,50000,12,0.799256,,0.799256,0.798238,0.798658,516.1168,515.5325,515.749331,502.319013,502.834567,5.028346
1048,50000,12,0.799256,,0.799256,0.798238,0.798728,516.1168,515.5325,515.793807,502.319013,502.834567,5.028346
1049,50000,12,0.799256,,0.799256,0.798238,0.79878,516.1168,515.5325,515.830273,502.319013,502.834567,5.028346
1050,50000,12,0.799256,,0.799256,0.798238,0.798832,516.1168,515.5325,515.863941,502.319013,502.834567,5.028346
1051,50000,12,0.799256,,0.799256,0.798238,0.798925,516.1168,515.5325,515.922901,502.431545,502.834567,5.026888
1052,50000,12,0.799256,,0.799256,0.798238,0.798996,516.1168,515.5325,515.963802,502.431545,502.834567,5.026888
1053,50000,12,0.799256,,0.799256,0.798238,0.799027,516.1168,515.5325,515.981331,502.431545,502.834567,5.026888
1054,50000,12,0.799256,,0.799256,0.798238,0.799085,516.1168,515.5325,516.014734,502.431545,502.834567,5.026888
1055,50000,12,0.799256,,0.799256,0.798238,0.799133,516.1168,515.5325,516.043172,502.431545,502.834567,5.026888
1056,50000,12,0.799256,,0.799256,0.798238,0.799157,516.1168,515.5325,516.057391,502.431545,502.834567,5.026888
1057,50000,12,0.799256,,0.799256,0.798238,0.799191,516.1168,515.5325,516.077453,502.431545,502.834567,5.026888
1058,50000,12,0.799256,,0.799256,0.798567,0.799236,516.1168,515.698,516.104236,502.431545,502.688824,5.026888
1059,50000,12,0.799256,,0.799256,0.798567,0.799236,516.1168,515.698,516.104236,502.431545,502.688824,5.026888
1060,50000,12,0.799256,,0.799256,0.798567,0.799243,516.1168,515.698,516.108424,502.431545,502.688824,5.026888
1061,50000,12,0.799256,,0.799256,0.798567,0.799243,516.1168,515.698,516.108424,502.431545,502.688824,5.026888
1062,50000,12,0.799256,,0.799256,0.799256,0.799256,516.1168,516.1168,516.1168,502.431545,502.431545,5.024315
1063,50000,12,0.799256,,0.799256,0.799256,0.799256,516.1168,516.1168,516.1168,502.431545,502.431545,5.024315
1064,50000,12,0.799256,,0.799256,0.799256,0.799256,516.1168,516.1168,516.1168,502.431545,502.431545,5.024315
1065,50000,12,0.799256,,0.799256,0.799256,0.799256,516.1168,516.1168,516.1168,502.431545,502.431545,5.024315
1066,50000,12,0.799256,,0.799256,0.799256,0.799256,516.1168,516.1168,516.1168,502.431545,502.431545,5.024315
1067,50000,12,0.799256,,0.799256,0.799256,0.799256,516.1168,516.1168,516.1168,502.431545,502.431545,5.024315
1068,50000,12,0.799256,,0.799256,0.799256,0.799256,516.1168,516.1168,516.1168,502.431545,502.431545,5.024315
1069,50000,12,0.799256,,0.799256,0.799256,0.799256,516.1168,516.1168,516.1168,502.431545,502.431545,5.024315
1070,50000,12,0.799256,,0.799256,0.799256,0.799256,516.1168,516.1168,516.1168,502.431545,502.431545,5.024315
1071,50000,12,0.799256,,0.799256,0.799256,0.799256,516.1168,516.1168,516.1168,502.431545,502.431545,5.024315
1072,50000,12,0.799256,,0.799256,0.799256,0.799256,516.1168,516.1168,516.1168,502.431545,502.431545,5.024315
1073,50000,12,0.799256,,0.799256,0.799256,0.799256,516.1168,516.1168,516.1168,502.431545,502.431545,5.024315
1074,50000,12,0.799256,,0.799256,0.799256,0.799256,516.1168,516.1168,516.1168,502.431545,502.431545,5.024315
1075,50000,12,0.799256,,0.799256,0.799256,0.799256,516.1168,516.1168,516.1168,502.431545,502.431545,5.024315
1076,50000,12,0.799256,,0.799256,0.799256,0.799256,516.1168,516.1168,516.1168,502.431545,502.431545,5.024315
1077,50000,12,0.799256,,0.799256,0.799256,0.799256,516.1168,516.1168,516.1168,502.431545,502.431545,5.024315
1078,50000,12,0.799256,,0.799256,0.799256,0.799256,516.1168,516.1168,516.1168,502.431545,502.431545,5.024315
1079,50000,12,0.799256,,0.799256,0.799256,0.799256,516.1168,516.1168,516.1168,502.431545,502.431545,5.024315
1080,50000,12,0.799256,,0.799256,0.799256,0.799256,516.1168,516.1168,516.1168,502.431545,502.431545,5.024315
1081,50000,12,0.799256,,0.799256,0.799256,0.799256,516.1168,516.1168,516.1168,502.431545,502.431545,5.024315
1082,50000,12,0.799256,,0.799256,0.799256,0.799256,516.1168,516.1168,516.1168,502.431545,502.431545,5.024315
1083,50000,12,0.799256,,0.799256,0.799256,0.799256,516.1168,516.1168,516.1168,502.431545,502.431545,5.024315
1084,50000,12,0.799256,,0.799256,0.799256,0.799256,516.1168,516.1168,516.1168,502.431545,502.431545,5.024315
1085,50000,12,0.799256,,0.799256,0.799256,0.799256,516.1168,516.1168,516.1168,502.431545,502.431545,5.024315
1086,50000,12,0.799256,,0.799256,0.799256,0.799256,516.1168,516.1168,516.1168,502.431545,502.431545,5.024315
1087,50000,12,0.799256,,0.799256,0.799256,0.799256,516.1168,516.1168,516.1168,502.431545,502.431545,5.024315
1088,50000,12,0.799256,,0.799256,0.799256,0.799256,516.1168,516.1168,516.1168,502.431545,502.431545,5.024315
1089,50000,12,0.799256,,0.799256,0.799256,0.799256,516.1168,516.1168,516.1168,502.431545,502.431545,5.024315
1090,50000,12,0.799256,,0.799256,0.799256,0.799256,516.1168,516.1168,516.1168,502.431545,502.431545,5.024315
1091,50000,12,0.799256,,0.799256,0.799256,0.799256,516.1168,516.1168,516.1168,502.431545,502.431545,5.024315
1092,50000,12,0.799256,,0.799256,0.799256,0.799256,516.1168,516.1168,516.1168,502.431545,502.431545,5.024315
1093,50000,12,0.799256,,0.799256,0.799256,0.799256,516.1168,516.1168,516.1168,502.431545,502.431545,5.024315
1094,50000,12,0.799256,,0.799256,0.799256,0.799256,516.1168,516.1168,516.1168,502.431545,502.431545,5.024315
1095,50000,12,0.799256,,0.799256,0.799256,0.799256,516.1168,516.1168,516.1168,502.431545,502.431545,5.024315
1096,50000,12,0.799256,,0.799256,0.799256,0.799256,516.1168,516.1168,516.1168,502.431545,502.431545,5.024315
1097,50000,12,0.799256,,0.799256,0.799256,0.799256,516.1168,516.1168,516.1168,502.431545,502.431545,5.024315
1098,50000,12,0.799256,,0.799256,0.799256,0.799256,516.1168,516.1168,516.1168,502.431545,502.431545,5.024315
1099,50000,12,0.799256,,0.799256,0.799256,0.799256,516.1168,516.1168,516.1168,502.431545,502.431545,5.024315
1100,50000,12,0.799256,,0.799256,0.799256,0.799256,516.1168,516.1168,516.1168,502.431545,502.431545,5.024315
1101,50000,12,0.799256,,0.799256,0.799256,0.799256,516.1168,516.1168,516.1168,502.431545,502.431545,5.024315
1102,50000,12,0.799256,,0.799256,0.799256,0.799256,516.1168,516.1168,516.1168,502.431545,502.431545,5.024315
1103,50000,12,0.799256,,0.799256,0.799256,0.799256,516.1168,516.1168,516.1168,502.431545,502.431545,5.024315
1104,50000,12,0.799256,,0.799256,0.799256,0.799256,516.1168,516.1168,516.1168,502.431545,502.431545,5.024315
1105,50000,12,0.799256,,0.799256,0.799256,0.799256,516.1168,516.1168,516.1168,502.431545,502.431545,5.024315
1106,50000,12,0.799256,,0.799256,0.799256,0.799256,516.1168,516.1168,516.1168,502.431545,502.431545,5.024315
1107,50000,12,0.799256,,0.799256,0.799256,0.799256,516.1168,516.1168,516.1168,502.431545,502.431545,5.024315
1108,50000,12,0.799256,,0.799256,0.799256,0.799256,516.1168,516.1168,516.1168,502.431545,502.431545,5.024315
1109,50000,12,0.799256,,0.799256,0.799256,0.799256,516.1168,516.1168,516.1168,502.431545,502.431545,5.024315
1110,50000,12,0.799256,,0.799256,0.799256,0.799256,516.1168,516.1168,516.1168,502.431545,502.431545,5.024315
1111,50000,12,0.799256,,0.799256,0.799256,0.799256,516.1168,516.1168,516.1168,502.431545,502.431545,5.024315
1112,50000,12,0.799256,,0.799256,0.799256,0.799256,516.1168,516.1168,516.1168,502.431545,502.431545,5.024315
1113,50000,12,0.799256,,0.799256,0.799256,0.799256,516.1168,516.1168,516.1168,502.431545,502.431545,5.024315
1114,50000,12,0.799256,,0.799256,0.799256,0.799256,516.1168,516.1168,516.1168,502.431545,502.431545,5.024315
1115,50000,12,0.799256,,0.799256,0.799256,0.799256,516.1168,516.1168,516.1168,502.431545,502.431545,5.024315
1116,50000,12,0.799256,,0.799256,0.799256,0.799256,516.1168,516.1168,516.1168,502.431545,502.431545,5.024315
1117,50000,12,0.799256,,0.799256,0.799256,0.799256,516.1168,516.1168,516.1168,502.431545,502.431545,5.024315
1118,50000,12,0.799256,,0.799256,0.799256,0.799256,516.1168,516.1168,516.1168,502.431545,502.431545,5.024315
1119,50000,12,0.799256,,0.799256,0.799256,0.799256,516.1168,516.1168,516.1168,502.431545,502.431545,5.024315
1120,50000,12,0.799256,,0.799256,0.799256,0.799256,516.1168,516.1168,516.1168,502.431545,502.431545,5.024315
1121,50000,12,0.799256,,0.799256,0.799256,0.799256,516.1168,516.1168,516.1168,502.431545,502.431545,5.024315
1122,50000,12,0.799256,,0.799256,0.799256,0.799256,516.1168,516.1168,516.1168,502.431545,502.431545,5.024315
1123,50000,12,0.799256,,0.799256,0.799256,0.799256,516.1168,516.1168,516.1168,502.431545,502.431545,5.024315
1124,50000,12,0.799256,,0.799256,0.799256,0.799256,516.1168,516.1168,516.1168,502.431545,502.431545,5.024315
1125,50000,12,0.799256,,0.799256,0.799256,0.799256,516.1168,516.1168,516.1168,502.431545,502.431545,5.024315
1126,50000,12,0.799256,,0.799256,0.799256,0.799256,516.1168,516.1168,516.1168,502.431545,502.431545,5.024315
1127,50000,12,0.799256,,0.799256,0.799256,0.799256,516.1168,516.1168,516.1168,502.431545,502.431545,5.024315
1128,50000,12,0.799256,,0.799256,0.799256,0.799256,516.1168,516.1168,516.1168,502.431545,502.431545,5.024315
1129,50000,12,0.799256,,0.799256,0.799256,0.799256,516.1168,516.1168,516.1168,502.431545,502.431545,5.024315
1130,50000,12,0.799256,,0.799256,0.799256,0.799256,516.1168,516.1168,516.1168,502.431545,502.431545,5.024315
1131,50000,12,0.799256,,0.799256,0.799256,0.799256,516.1168,516.1168,516.1168,502.431545,502.431545,5.024315
1132,50000,12,0.799256,,0.799256,0.799256,0.799256,516.1168,516.1168,516.1168,502.431545,502.431545,5.024315
1133,50000,12,0.799256,,0.799256,0.799256,0.799256,516.1168,516.1168,516.1168,502.431545,502.431545,5.024315
1134,50000,12,0.799256,,0.799256,0.799256,0.799256,516.1168,516.1168,516.1168,502.431545,502.431545,5.024315
1135,50000,12,0.799256,,0.799256,0.799256,0.799256,516.1168,516.1168,516.1168,502.431545,502.431545,5.024315
1136,50000,12,0.799256,,0.799256,0.799256,0.799256,516.1168,516.1168,516.1168,502.431545,502.431545,5.024315
1137,50000,12,0.799256,,0.799256,0.799256,0.799256,516.1168,516.1168,516.1168,502.431545,502.431545,5.024315
1138,50000,12,0.799256,,0.799256,0.799256,0.799256,516.1168,516.1168,516.1168,502.431545,502.431545,5.024315
1139,50000,12,0.799256,,0.799256,0.799256,0.799256,516.1168,516.1168,516.1168,502.431545,502.431545,5.024315
1140,50000,12,0.799256,,0.799256,0.799256,0.799256,516.1168,516.1168,516.1168,502.431545,502.431545,5.024315
1141,50000,12,0.799256,,0.799256,0.799256,0.799256,516.1168,516.1168,516.1168,502.431545,502.431545,5.024315
1142,50000,12,0.799256,,0.799256,0.799256,0.799256,516.1168,516.1168,516.1168,502.431545,502.431545,5.024315
1143,50000,12,0.799256,,0.799256,0.799256,0.799256,516.1168,516.1168,516.1168,502.431545,502.431545,5.024315
1144,50000,12,0.799256,,0.799256,0.799256,0.799256,516.1168,516.1168,516.1168,502.431545,502.431545,5.024315
1145,50000,12,0.799256,,0.799256,0.799256,0.799256,516.1168,516.1168,516.1168,502.431545,502.431545,5.024315
1146,50000,12,0.799256,,0.799256,0.799256,0.799256,516.1168,516.1168,516.1168,502.431545,502.431545,5.024315
1147,50000,12,0.799256,,0.799256,0.799256,0.799256,516.1168,516.1168,516.1168,502.431545,502.431545,5.024315
1148,50000,12,0.799256,,0.799256,0.799256,0.799256,516.1168,516.1168,516.1168,502.431545,502.431545,5.024315
1149,50000,12,0.799256,,0.799256,0.799256,0.799256,516.1168,516.1168,516.1168,502.431545,502.431545,5.024315
1150,50000,12,0.799256,,0.799256,0.799256,0.799256,516.1168,516.1168,516.1168,502.431545,502.431545,5.024315
1151,50000,12,0.799256,,0.799256,0.799256,0.799256,516.1168,516.1168,516.1168,502.431545,502.431545,5.024315
1152,50000,12,0.799256,,0.799256,0.799256,0.799256,516.1168,516.1168,516.1168,502.431545,502.431545,5.024315
1153,50000,12,0.799256,,0.799256,0.799256,0.799256,516.1168,516.1168,516.1168,502.431545,502.431545,5.024315
1154,50000,12,0.799256,,0.799256,0.799256,0.799256,516.1168,516.1168,516.1168,502.431545,502.431545,5.024315
1155,50000,12,0.799256,,0.799256,0.799256,0.799256,516.1168,516.1168,516.1168,502.431545,502.431545,5.024315
1156,50000,12,0.799256,,0.799256,0.799256,0.799256,516.1168,516.1168,516.1168,502.431545,502.431545,5.024315
1157,50000,12,0.799256,,0.799256,0.799256,0.799256,516.1168,516.1168,516.1168,502.431545,502.431545,5.024315
1158,50000,12,0.799256,,0.799256,0.799256,0.799256,516.1168,516.1168,516.1168,502.431545,502.431545,5.024315
1159,50000,12,0.799256,,0.799256,0.799256,0.799256,516.1168,516.1168,516.1168,502.431545,502.431545,5.024315
1160,50000,12,0.799256,,0.799256,0.799256,0.799256,516.1168,516.1168,516.1168,502.431545,502.431545,5.024315
1161,50000,12,0.799256,,0.799256,0.799256,0.799256,516.1168,516.1168,516.1168,502.431545,502.431545,5.024315
1162,50000,12,0.799256,,0.799256,0.799256,0.799256,516.1168,516.1168,516.1168,502.431545,502.431545,5.024315
1163,50000,12,0.799256,,0.799256,0.799256,0.799256,516.1168,516.1168,516.1168,502.431545,502.431545,5.024315
1164,50000,12,0.799256,,0.799256,0.799256,0.799256,516.1168,516.1168,516.1168,502.431545,502.431545,5.024315
1165,50000,12,0.799256,,0.799256,0.799256,0.799256,516.1168,516.1168,516.1168,502.431545,502.431545,5.024315
1166,50000,12,0.799256,,0.799256,0.799256,0.799256,516.1168,516.1168,516.1168,502.431545,502.431545,5.024315
1167,50000,12,0.799256,,0.799256,0.799256,0.799256,516.1168,516.1168,516.1168,502.431545,502.431545,5.024315
1168,50000,12,0.799256,,0.799256,0.799256,0.799256,516.1168,516.1168,516.1168,502.431545,502.431545,5.024315
1169,50000,12,0.799256,,0.799256,0.799256,0.799256,516.1168,516.1168,516.1168,502.431545,502.431545,5.024315
1170,50000,12,0.799256,,0.799256,0.799256,0.799256,516.1168,516.1168,516.1168,502.431545,502.431545,5.024315
1171,50000,12,0.799256,,0.799256,0.799256,0.799256,516.1168,516.1168,516.1168,502.431545,502.431545,5.024315
1172,50000,12,0.799256,,0.799256,0.799256,0.799256,516.1168,516.1168,516.1168,502.431545,502.431545,5.024315
1173,50000,12,0.799256,,0.799256,0.799256,0.799256,516.1168,516.1168,516.1168,502.431545,502.431545,5.024315
1174,50000,12,0.799256,,0.799256,0.799256,0.799256,516.1168,516.1168,516.1168,502.431545,502.431545,5.024315
1175,50000,12,0.799256,,0.799256,0.799256,0.799256,516.1168,516.1168,516.1168,502.431545,502.431545,5.024315
1176,50000,12,0.799256,,0.799256,0.799256,0.799256,516.1168,516.1168,516.1168,502.431545,502.431545,5.024315
1177,50000,12,0.799256,,0.799256,0.799256,0.799256,516.1168,516.1168,516.1168,502.431545,502.431545,5.024315
1178,50000,12,0.799256,,0.799256,0.799256,0.799256,516.1168,516.1168,516.1168,502.431545,502.431545,5.024315
1179,50000,12,0.799256,,0.799256,0.799256,0.799256,516.1168,516.1168,516.1168,502.431545,502.431545,5.024315
1180,50000,12,0.799256,,0.799256,0.799256,0.799256,516.1168,516.1168,516.1168,502.431545,502.431545,5.024315
1181,50000,12,0.799256,,0.799256,0.799256,0.799256,516.1168,516.1168,516.1168,502.431545,502.431545,5.024315
1182,50000,12,0.799256,,0.799256,0.799256,0.799256,516.1168,516.1168,516.1168,502.431545,502.431545,5.024315
1183,50000,12,0.799256,,0.799256,0.799256,0.799256,516.1168,516.1168,516.1168,502.431545,502.431545,5.024315
1184,50000,12,0.799256,,0.799256,0.799256,0.799256,516.1168,516.1168,516.1168,502.431545,502.431545,5.024315
1185,50000,12,0.799256,,0.799256,0.799256,0.799256,516.1168,516.1168,516.1168,502.431545,502.431545,5.024315
1186,50000,12,0.799256,,0.799256,0.799256,0.799256,516.1168,516.1168,516.1168,502.431545,502.431545,5.024315
1187,50000,12,0.799256,,0.799256,0.799256,0.799256,516.1168,516.1168,516.1168,502.431545,502.431545,5.024315
1188,50000,12,0.799256,,0.799256,0.799256,0.799256,516.1168,516.1168,516.1168,502.431545,502.431545,5.024315
1189,50000,12,0.799256,,0.799256,0.799256,0.799256,516.1168,516.1168,516.1168,502.431545,502.431545,5.024315
1190,50000,12,0.799256,,0.799256,0.799256,0.799256,516.1168,516.1168,516.1168,502.431545,502.431545,5.024315
1191,50000,12,0.799256,,0.799256,0.799256,0.799256,516.1168,516.1168,516.1168,502.431545,502.431545,5.024315
1192,50000,12,0.799256,,0.799256,0.799256,0.799256,516.1168,516.1168,516.1168,502.431545,502.431545,5.024315
1193,50000,12,0.799256,,0.799256,0.799256,0.799256,516.1168,516.1168,516.1168,502.431545,502.431545,5.024315
1194,50000,12,0.799256,,0.799256,0.799256,0.799256,516.1168,516.1168,516.1168,502.431545,502.431545,5.024315
1195,50000,12,0.799256,,0.799256,0.799256,0.799256,516.1168,516.1168,516.1168,502.431545,502.431545,5.024315
1196,50000,12,0.799256,,0.799256,0.799256,0.799256,516.1168,516.1168,516.1168,502.431545,502.431545,5.024315
1197,50000,12,0.799256,,0.799256,0.799256,0.799256,516.1168,516.1168,516.1168,502.431545,502.431545,5.024315
1198,50000,12,0.799256,,0.799256,0.799256,0.799256,516.1168,516.1168,516.1168,502.431545,502.431545,5.024315
1199,50000,12,0.799256,,0.799256,0.799256,0.799256,516.1168,516.1168,516.1168,502.431545,502.431545,5.024315
1200,50000,12,0.799256,,0.799256,0.799256,0.799256,516.1168,516.1168,516.1168,502.431545,502.431545,5.024315
1201,50000,12,0.799256,,0.799256,0.799256,0.799256,516.1168,516.1168,516.1168,502.431545,502.431545,5.024315
1202,50000,12,0.799256,,0.799256,0.799256,0.799256,516.1168,516.1168,516.1168,502.431545,502.431545,5.024315
1203,50000,12,0.799256,,0.799256,0.799256,0.799256,516.1168,516.1168,516.1168,502.431545,502.431545,5.024315
1204,50000,12,0.799256,,0.799256,0.799256,0.799256,516.1168,516.1168,516.1168,502.431545,502.431545,5.024315
1205,50000,12,0.799256,,0.799256,0.799256,0.799256,516.1168,516.1168,516.1168,502.431545,502.431545,5.024315
1206,50000,12,0.799256,,0.799256,0.799256,0.799256,516.1168,516.1168,516.1168,502.431545,502.431545,5.024315
1207,50000,12,0.799256,,0.799256,0.799256,0.799256,516.1168,516.1168,516.1168,502.431545,502.431545,5.024315
1208,50000,12,0.799256,,0.799256,0.799256,0.799256,516.1168,516.1168,516.1168,502.431545,502.431545,5.024315
1209,50000,12,0.799256,,0.799256,0.799256,0.799256,516.1168,516.1168,516.1168,502.431545,502.431545,5.024315
1210,50000,12,0.799256,,0.799256,0.799256,0.799256,516.1168,516.1168,516.1168,502.431545,502.431545,5.024315
1211,50000,12,0.799256,,0.799256,0.799256,0.799256,516.1168,516.1168,516.1168,502.431545,502.431545,5.024315
1212,50000,12,0.799256,,0.799256,0.799256,0.799256,516.1168,516.1168,516.1168,502.431545,502.431545,5.024315
1213,50000,12,0.799256,,0.799256,0.799256,0.799256,516.1168,516.1168,516.1168,502.431545,502.431545,5.024315
1214,50000,12,0.799256,,0.799256,0.799256,0.799256,516.1168,516.1168,516.1168,502.431545,502.431545,5.024315
1215,50000,12,0.799256,,0.799256,0.799256,0.799256,516.1168,516.1168,516.1168,502.431545,502.431545,5.024315
1216,50000,12,0.799256,,0.799256,0.799256,0.799256,516.1168,516.1168,516.1168,502.431545,502.431545,5.024315
1217,50000,12,0.799256,,0.799256,0.799256,0.799256,516.1168,516.1168,516.1168,502.431545,502.431545,5.024315
1218,50000,12,0.799256,,0.799256,0.799256,0.799256,516.1168,516.1168,516.1168,502.431545,502.431545,5.024315
1219,50000,12,0.799256,,0.799256,0.799256,0.799256,516.1168,516.1168,516.1168,502.431545,502.431545,5.024315
1220,50000,12,0.799256,,0.799256,0.799256,0.799256,516.1168,516.1168,516.1168,502.431545,502.431545,5.024315
1221,50000,12,0.799256,,0.799256,0.799256,0.799256,516.1168,516.1168,516.1168,502.431545,502.431545,5.024315
1222,50000,12,0.799256,,0.799256,0.799256,0.799256,516.1168,516.1168,516.1168,502.431545,502.431545,5.024315
1223,50000,12,0.799256,,0.799256,0.799256,0.799256,516.1168,516.1168,516.1168,502.431545,502.431545,5.024315
1224,50000,12,0.799256,,0.799256,0.799256,0.799256,516.1168,516.1168,516.1168,502.431545,502.431545,5.024315
1225,50000,12,0.799256,,0.799256,0.799256,0.799256,516.1168,516.1168,516.1168,502.431545,502.431545,5.024315
1226,50000,12,0.799256,,0.799256,0.799256,0.799256,516.1168,516.1168,516.1168,502.431545,502.431545,5.024315
1227,50000,12,0.799256,,0.799256,0.799256,0.799256,516.1168,516.1168,516.1168,502.431545,502.431545,5.024315
1228,50000,12,0.799256,,0.799256,0.799256,0.799256,516.1168,516.1168,516.1168,502.431545,502.431545,5.024315
1229,50000,12,0.799256,,0.799256,0.799256,0.799256,516.1168,516.1168,516.1168,502.431545,502.431545,5.024315
1230,50000,12,0.799256,,0.799256,0.799256,0.799256,516.1168,516.1168,516.1168,502.431545,502.431545,5.024315
1231,50000,12,0.799256,,0.799256,0.799256,0.799256,516.1168,516.1168,516.1168,502.431545,502.431545,5.024315
1232,50000,12,0.799256,,0.799256,0.799256,0.799256,516.1168,516.1168,516.1168,502.431545,502.431545,5.024315
1233,50000,12,0.799256,,0.799256,0.799256,0.799256,516.1168,516.1168,516.1168,502.431545,502.431545,5.024315
1234,50000,12,0.799256,,0.799256,0.799256,0.799256,516.1168,516.1168,516.1168,502.431545,502.431545,5.024315
1235,50000,12,0.799256,,0.799256,0.799256,0.799256,516.1168,516.1168,516.1168,502.431545,502.431545,5.024315
1236,50000,12,0.799256,,0.799256,0.799256,0.799256,516.1168,516.1168,516.1168,502.431545,502.431545,5.024315
1237,50000,12,0.799256,,0.799256,0.799256,0.799256,516.1168,516.1168,516.1168,502.431545,502.431545,5.024315
1238,50000,12,0.799256,,0.799256,0.799256,0.799256,516.1168,516.1168,516.1168,502.431545,502.431545,5.024315
1239,50000,12,0.799256,,0.799256,0.799256,0.799256,516.1168,516.1168,516.1168,502.431545,502.431545,5.024315
1240,50000,12,0.799256,,0.799256,0.799256,0.799256,516.1168,516.1168,516.1168,502.431545,502.431545,5.024315
1241,50000,12,0.799256,,0.799256,0.799256,0.799256,516.1168,516.1168,516.1168,502.431545,502.431545,5.024315
1242,50000,12,0.799256,,0.799256,0.799256,0.799256,516.1168,516.1168,516.1168,502.431545,502.431545,5.024315
1243,50000,12,0.799256,,0.799256,0.799256,0.799256,516.1168,516.1168,516.1168,502.431545,502.431545,5.024315
1244,50000,12,0.799256,,0.799256,0.799256,0.799256,516.1168,516.1168,516.1168,502.431545,502.431545,5.024315
1245,50000,12,0.799256,,0.799256,0.799256,0.799256,516.1168,516.1168,516.1168,502.431545,502.431545,5.024315
1246,50000,12,0.799256,,0.799256,0.799256,0.799256,516.1168,516.1168,516.1168,502.431545,502.431545,5.024315
1247,50000,12,0.799256,,0.799256,0.799256,0.799256,516.1168,516.1168,516.1168,502.431545,502.431545,5.024315
1248,50000,12,0.799256,,0.799256,0.799256,0.799256,516.1168,516.1168,516.1168,502.431545,502.431545,5.024315
1249,50000,12,0.799256,,0.799256,0.799256,0.799256,516.1168,516.1168,516.1168,502.431545,502.431545,5.024315
1250,50000,12,0.799256,,0.799256,0.799256,0.799256,516.1168,516.1168,516.1168,502.431545,502.431545,5.024315
1251,50000,12,0.799256,,0.799256,0.799256,0.799256,516.1168,516.1168,516.1168,502.431545,502.431545,5.024315
1252,50000,12,0.799256,,0.799256,0.799256,0.799256,516.1168,516.1168,516.1168,502.431545,502.431545,5.024315
1253,50000,12,0.799256,,0.799256,0.799256,0.799256,516.1168,516.1168,516.1168,502.431545,502.431545,5.024315
1254,50000,12,0.799256,,0.799256,0.799256,0.799256,516.1168,516.1168,516.1168,502.431545,502.431545,5.024315
1255,50000,12,0.799256,,0.799256,0.799256,0.799256,516.1168,516.1168,516.1168,502.431545,502.431545,5.024315
1256,50000,12,0.799256,,0.799256,0.799256,0.799256,516.1168,516.1168,516.1168,502.431545,502.431545,5.024315
1257,50000,12,0.799256,,0.799256,0.799256,0.799256,516.1168,516.1168,516.1168,502.431545,502.431545,5.024315
1258,50000,12,0.799256,,0.799256,0.799256,0.799256,516.1168,516.1168,516.1168,502.431545,502.431545,5.024315
1259,50000,12,0.799256,,0.799256,0.799256,0.799256,516.1168,516.1168,516.1168,502.431545,502.431545,5.024315
1260,50000,12,0.799256,,0.799256,0.799256,0.799256,516.1168,516.1168,516.1168,502.431545,502.431545,5.024315
1261,50000,12,0.799256,,0.799256,0.799256,0.799256,516.1168,516.1168,516.1168,502.431545,502.431545,5.024315
1262,50000,12,0.799256,,0.799256,0.799256,0.799256,516.1168,516.1168,516.1168,502.431545,502.431545,5.024315
1263,50000,12,0.799256,,0.799256,0.799256,0.799256,516.1168,516.1168,516.1168,502.431545,502.431545,5.024315
1264,50000,12,0.799256,,0.799256,0.799256,0.799256,516.1168,516.1168,516.1168,502.431545,502.431545,5.024315
1265,50000,12,0.799256,,0.799256,0.799256,0.799256,516.1168,516.1168,516.1168,502.431545,502.431545,5.024315
1266,50000,12,0.799256,,0.799256,0.799256,0.799256,516.1168,516.1168,516.1168,502.431545,502.431545,5.024315
1267,50000,12,0.799256,,0.799256,0.799256,0.799256,516.1168,516.1168,516.1168,502.431545,502.431545,5.024315
1268,50000,12,0.799256,,0.799256,0.799256,0.799256,516.1168,516.1168,516.1168,502.431545,502.431545,5.024315
1269,50000,12,0.799256,,0.799256,0.799256,0.799256,516.1168,516.1168,516.1168,502.431545,502.431545,5.024315
1270,50000,12,0.799256,,0.799256,0.799256,0.799256,516.1168,516.1168,516.1168,502.431545,502.431545,5.024315
1271,50000,12,0.799256,,0.799256,0.799256,0.799256,516.1168,516.1168,516.1168,502.431545,502.431545,5.024315
1272,50000,12,0.799256,,0.799256,0.799256,0.799256,516.1168,516.1168,516.1168,502.431545,502.431545,5.024315
1273,50000,12,0.799256,,0.799256,0.799256,0.799256,516.1168,516.1168,516.1168,502.431545,502.431545,5.024315
1274,50000,12,0.799256,,0.799256,0.799256,0.799256,516.1168,516.1168,516.1168,502.431545,502.431545,5.024315
1275,50000,12,0.799256,,0.799256,0.799256,0.799256,516.1168,516.1168,516.1168,502.431545,502.431545,5.024315
1276,50000,12,0.799256,,0.799256,0.799256,0.799256,516.1168,516.1168,516.1168,502.431545,502.431545,5.024315
1277,50000,12,0.799256,,0.799256,0.799256,0.799256,516.1168,516.1168,516.1168,502.431545,502.431545,5.024315
1278,50000,12,0.799256,,0.799256,0.799256,0.799256,516.1168,516.1168,516.1168,502.431545,502.431545,5.024315
1279,50000,12,0.799256,,0.799256,0.799256,0.799256,516.1168,516.1168,516.1168,502.431545,502.431545,5.024315
1280,50000,12,0.799256,,0.799256,0.799256,0.799256,516.1168,516.1168,516.1168,502.431545,502.431545,5.024315
1281,50000,12,0.799256,,0.799256,0.799256,0.799256,516.1168,516.1168,516.1168,502.431545,502.431545,5.024315
1282,50000,12,0.799256,,0.799256,0.799256,0.799256,516.1168,516.1168,516.1168,502.431545,502.431545,5.024315
1283,50000,12,0.799256,,0.799256,0.799256,0.799256,516.1168,516.1168,516.1168,502.431545,502.431545,5.024315
1284,50000,12,0.799256,,0.799256,0.799256,0.799256,516.1168,516.1168,516.1168,502.431545,502.431545,5.024315
1285,50000,12,0.799256,,0.799256,0.799256,0.799256,516.1168,516.1168,516.1168,502.431545,502.431545,5.024315
1286,50000,12,0.799256,,0.799256,0.799256,0.799256,516.1168,516.1168,516.1168,502.431545,502.431545,5.024315
1287,50000,12,0.799256,,0.799256,0.799256,0.799256,516.1168,516.1168,516.1168,502.431545,502.431545,5.024315
1288,50000,12,0.799256,,0.799256,0.799256,0.799256,516.1168,516.1168,516.1168,502.431545,502.431545,5.024315
1289,50000,12,0.799256,,0.799256,0.799256,0.799256,516.1168,516.1168,516.1168,502.431545,502.431545,5.024315
1290,50000,12,0.799256,,0.799256,0.799256,0.799256,516.1168,516.1168,516.1168,502.431545,502.431545,5.024315
1291,50000,12,0.799256,,0.799256,0.799256,0.799256,516.1168,516.1168,516.1168,502.431545,502.431545,5.024315
1292,50000,12,0.799256,,0.799256,0.799256,0.799256,516.1168,516.1168,516.1168,502.431545,502.431545,5.024315
1293,50000,12,0.799256,,0.799256,0.799256,0.799256,516.1168,516.1168,516.1168,502.431545,502.431545,5.024315
1294,50000,12,0.799256,,0.799256,0.799256,0.799256,516.1168,516.1168,516.1168,502.431545,502.431545,5.024315
1295,50000,12,0.799256,,0.799256,0.799256,0.799256,516.1168,516.1168,516.1168,502.431545,502.431545,5.024315
1296,50000,12,0.799256,,0.799256,0.799256,0.799256,516.1168,516.1168,516.1168,502.431545,502.431545,5.024315
1297,50000,12,0.799256,,0.799256,0.799256,0.799256,516.1168,516.1168,516.1168,502.431545,502.431545,5.024315
1298,50000,12,0.799256,,0.799256,0.799256,0.799256,516.1168,516.1168,516.1168,502.431545,502.431545,5.024315
1299,50000,12,0.799256,,0.799256,0.799256,0.799256,516.1168,516.1168,516.1168,502.431545,502.431545,5.024315
