gen,seed,threads,best_global,picos,fit_best,fit_worst,fit_mean,green_best,green_worst,green_mean,emis_best,emis_worst,emis_mean
0,50000,12,0.511493,10,0.511493,0.335846,0.431794,332.9758,231.02,284.317875,599.810774,672.847406,6.2189
1,50000,12,0.537816,0,0.537816,0.363297,0.449225,345.6497,242.1195,294.073447,592.12443,658.873057,6.2189
2,50000,12,0.537816,0,0.537816,0.387833,0.460572,345.6497,262.8179,300.157071,592.12443,653.605187,6.214374
3,50000,12,0.537816,0,0.537816,0.40291,0.468979,345.6497,268.5966,305.213427,592.12443,647.96521,6.214374
4,50000,12,0.537816,2,0.537816,0.40291,0.478338,345.6497,271.9503,310.712568,592.12443,647.96521,6.214374
5,50000,12,0.537816,2,0.537816,0.438899,0.484648,345.6497,282.4991,314.886812,592.12443,629.915057,6.214374
6,50000,12,0.537816,2,0.537816,0.450059,0.490973,345.6497,294.7151,318.847742,592.12443,629.328456,6.091112
7,50000,12,0.537816,7,0.537816,0.462719,0.496387,345.6497,299.6135,322.215759,592.12443,624.92834,6.091112
8,50000,12,0.537816,7,0.537816,0.432828,0.50175,345.6497,278.7146,325.402935,592.12443,629.429639,6.131819
9,50000,12,0.539741,3,0.539741,0.465078,0.506478,348.315,301.6504,328.458756,590.030353,619.376347,5.99972
10,50000,12,0.540553,13,0.540553,0.471656,0.50991,349.2826,306.2536,330.69646,590.030353,618.356524,5.959612
11,50000,12,0.540553,8,0.540553,0.468167,0.514131,349.2826,303.7754,333.382595,590.030353,618.390552,5.959612
12,50000,12,0.554586,7,0.554586,0.46959,0.518782,357.1506,303.7,336.544825,583.244705,617.230034,5.999445
13,50000,12,0.554586,15,0.554586,0.476157,0.522043,357.1506,310.6676,338.344396,583.244705,616.777063,5.944837
14,50000,12,0.554586,22,0.554586,0.487125,0.525709,364.1193,314.4393,340.793177,583.244705,611.037491,5.926087
15,50000,12,0.554586,26,0.550154,0.483663,0.529363,364.1193,311.2118,343.316629,586.413492,611.286511,5.92837
16,50000,12,0.562326,27,0.562326,0.494778,0.532297,368.0685,318.7089,345.092971,582.959757,607.901207,5.92837
17,50000,12,0.562326,37,0.562326,0.50432,0.535302,371.938,324.184,346.921353,582.959757,607.901207,5.92837
18,50000,12,0.562326,46,0.562326,0.50432,0.53653,373.1478,328.2264,347.516093,582.959757,607.901207,5.872141
19,50000,12,0.568691,44,0.568691,0.463178,0.538361,376.2162,313.8806,348.46594,582.839373,629.053741,5.872141
20,50000,12,0.568691,45,0.568691,0.451527,0.540476,376.2162,304.1296,349.832639,582.819948,631.606993,5.872141
21,50000,12,0.571179,46,0.571179,0.471847,0.544389,376.2162,319.8516,352.252436,580.605287,626.293109,5.872141
22,50000,12,0.579157,44,0.579157,0.52079,0.547794,381.5772,333.6454,354.305266,580.871504,602.033259,5.872141
23,50000,12,0.579157,45,0.579157,0.478614,0.54861,381.5772,319.8384,355.183225,580.871504,621.005741,5.872141
24,50000,12,0.579157,46,0.579157,0.517343,0.551235,381.5772,338.5591,356.454194,580.799548,606.069904,5.872141
25,50000,12,0.579157,44,0.579157,0.522202,0.554004,381.5772,340.9987,357.942136,580.741834,602.033259,5.872141
26,50000,12,0.579157,45,0.579157,0.522202,0.555447,381.5772,340.9987,358.955467,580.5899,601.303191,5.872141
27,50000,12,0.579157,44,0.579157,0.522202,0.557973,381.5772,340.9987,360.666074,579.954442,601.186681,5.872141
28,50000,12,0.581771,47,0.581771,0.533898,0.560012,381.6102,342.091,362.262429,577.412334,596.708715,5.872141
29,50000,12,0.586624,49,0.586624,0.539799,0.562138,382.6663,346.5074,363.625431,577.412334,594.038996,5.872141
30,50000,12,0.594474,48,0.594474,0.501201,0.564152,382.4976,332.2464,365.281669,572.546261,611.702463,5.872141
31,50000,12,0.594474,48,0.585917,0.525445,0.565022,382.3541,341.3541,366.211726,575.316877,599.285797,5.872141
32,50000,12,0.594474,49,0.58457,0.538242,0.566483,381.8759,344.5566,367.255548,576.412919,599.285797,5.872141
33,50000,12,0.603101,48,0.603101,0.538242,0.568714,392.9292,350.6493,369.128498,572.884009,596.765145,5.799544
34,50000,12,0.603101,48,0.603101,0.52909,0.570429,392.9292,339.1907,370.739299,572.884009,595.75096,5.784266
35,50000,12,0.603101,49,0.603101,0.54084,0.571777,392.9292,347.7197,371.958129,572.884009,595.75096,5.772038
36,50000,12,0.608727,48,0.608727,0.488776,0.573647,396.8599,332.1094,373.437825,571.129983,621.302581,5.772038
37,50000,12,0.608727,48,0.608727,0.497973,0.575077,396.8599,332.0794,374.573321,571.129983,614.108876,5.767503
38,50000,12,0.611777,49,0.611777,0.493985,0.575256,398.0564,331.3051,374.699738,569.552772,616.700623,5.739149
39,50000,12,0.611777,47,0.611777,0.547297,0.579526,398.0564,354.1193,377.24721,569.552772,596.487755,5.739149
40,50000,12,0.611777,50,0.608727,0.544037,0.581272,396.8599,354.1193,378.335208,571.129983,595.641383,5.725948
41,50000,12,0.611777,50,0.610077,0.528723,0.582881,398.2095,350.5044,379.354158,570.6751,602.470162,5.709817
42,50000,12,0.611946,50,0.611946,0.559246,0.584956,399.0794,358.9581,380.565299,570.10622,587.714343,5.709817
43,50000,12,0.612549,50,0.612549,0.559246,0.585738,400.3248,358.9581,381.304643,570.10622,588.198655,5.701062
44,50000,12,0.615162,50,0.615162,0.566142,0.589229,401.6368,364.3469,383.438348,569.311883,585.232199,5.701062
45,50000,12,0.615162,50,0.615162,0.563172,0.59069,401.6368,361.2255,384.17404,569.311883,582.784129,5.701062
46,50000,12,0.615162,50,0.615162,0.507607,0.591162,401.6368,340.8544,384.507337,568.577211,612.474325,5.701062
47,50000,12,0.61641,50,0.61641,0.558706,0.592785,402.3619,359.8739,385.403526,568.823896,586.859049,5.701062
48,50000,12,0.61641,50,0.61641,0.513297,0.593089,402.3619,343.65,386.225464,568.823896,609.909507,5.701062
49,50000,12,0.617598,50,0.617598,0.552618,0.594896,402.9542,368.2024,387.482471,568.29456,595.691219,5.688239
50,50000,12,0.617598,50,0.61641,0.561181,0.597379,402.3619,370.5972,389.373789,568.823896,592.877086,5.688239
51,50000,12,0.617598,50,0.61641,0.564885,0.598812,402.3619,370.7184,390.571296,568.256595,589.527637,5.688239
52,50000,12,0.617598,50,0.61738,0.536749,0.601671,402.4976,360.5919,392.561085,567.80941,602.969218,5.688239
53,50000,12,0.617598,50,0.61738,0.534354,0.601704,402.4976,358.4372,392.780531,567.80941,603.393895,5.688239
54,50000,12,0.619927,50,0.619927,0.574536,0.604968,405.6072,372.0911,395.014424,567.80941,581.201639,5.688239
55,50000,12,0.619927,50,0.619855,0.569509,0.606067,405.6072,373.5908,395.95655,567.80941,586.127015,5.688239
56,50000,12,0.620065,50,0.620065,0.569509,0.607461,405.6072,373.5908,396.757555,567.528508,586.127015,5.688239
57,50000,12,0.622977,50,0.622977,0.45098,0.605643,406.1706,309.9657,395.824656,566.254012,635.944843,5.688239
58,50000,12,0.623012,50,0.623012,0.45098,0.605074,405.6072,309.9657,395.546534,565.848061,635.944843,5.688239
59,50000,12,0.624047,50,0.624047,0.549703,0.610728,405.8223,365.7698,398.52297,565.186173,596.335113,5.688239
60,50000,12,0.624047,50,0.624047,0.582754,0.612971,405.8223,385.4047,399.852211,565.186173,583.713009,5.677486
61,50000,12,0.624047,50,0.624047,0.589294,0.613678,406.3656,387.3667,400.299421,565.186173,579.926114,5.677486
62,50000,12,0.624395,50,0.624395,0.569479,0.614287,407.8652,377.4421,400.78453,565.186173,588.731202,5.675551
63,50000,12,0.624395,50,0.624047,0.564249,0.615494,407.8652,371.2238,401.422729,565.186173,588.644045,5.675551
64,50000,12,0.626113,50,0.626113,0.523258,0.614582,409.4685,348.8305,400.967183,564.947132,605.610891,5.675551
65,50000,12,0.630729,50,0.630729,0.523258,0.617498,411.5712,348.8305,402.592986,563.767522,605.610891,5.662615
66,50000,12,0.630729,50,0.630729,0.538037,0.61842,411.5712,361.6304,403.195575,563.767522,602.660948,5.662615
67,50000,12,0.630729,50,0.630729,0.607572,0.619808,411.5712,394.8521,404.010332,563.767522,572.338751,5.664416
68,50000,12,0.630729,50,0.630729,0.546833,0.619869,411.5712,368.5827,404.266245,562.321829,600.458598,5.652928
69,50000,12,0.634744,50,0.634744,0.546258,0.620151,413.5726,367.4748,404.550118,561.537842,600.458598,5.637769
70,50000,12,0.636724,50,0.636724,0.557457,0.621152,413.5726,372.9058,405.021717,559.03851,595.068628,5.637769
71,50000,12,0.636724,50,0.636724,0.602005,0.623221,413.5726,396.5372,406.216155,559.03851,576.157016,5.590385
72,50000,12,0.638494,50,0.638494,0.5997,0.624141,414.5897,394.9495,406.666669,559.03851,576.890837,5.590385
73,50000,12,0.638494,50,0.638494,0.602641,0.624866,414.5897,394.8221,407.178688,559.03851,574.511347,5.590385
74,50000,12,0.638494,50,0.638494,0.546941,0.624714,414.5897,366.2631,407.296188,559.03851,598.820139,5.590385
75,50000,12,0.638494,50,0.638494,0.546941,0.624141,414.5897,366.2631,406.92334,559.03851,598.820139,5.590385
76,50000,12,0.638494,50,0.638494,0.549171,0.625346,414.5897,366.7618,407.507469,559.03851,597.414735,5.590385
77,50000,12,0.638494,50,0.638494,0.560474,0.625745,414.5897,372.2841,407.758204,559.03851,592.298894,5.590385
78,50000,12,0.638494,50,0.638494,0.575491,0.627423,414.5897,380.6493,408.625822,559.03851,586.191297,5.597924
79,50000,12,0.638494,50,0.638494,0.575491,0.627286,414.5897,380.6493,408.57945,559.03851,586.191297,5.597924
80,50000,12,0.638494,50,0.638494,0.603485,0.628724,414.5897,398.4192,409.296937,558.703289,576.263652,5.597924
81,50000,12,0.640698,50,0.640698,0.603485,0.629471,414.5897,398.4192,409.659196,557.293096,576.263652,5.597924
82,50000,12,0.640698,50,0.638499,0.615482,0.630219,414.5897,402.2103,409.930699,558.74857,569.446505,5.597889
83,50000,12,0.640698,50,0.638499,0.616236,0.630613,414.5897,402.8763,410.075765,558.74857,570.358902,5.597889
84,50000,12,0.640698,50,0.640513,0.605929,0.6308,414.5897,399.8008,410.135903,557.850541,575.283077,5.597889
85,50000,12,0.642441,50,0.642441,0.605929,0.631343,415.5031,399.8008,410.437295,556.404989,575.283077,5.597889
86,50000,12,0.643117,50,0.643117,0.610366,0.632161,415.136,400.8086,410.779947,556.404989,572.497973,5.597889
87,50000,12,0.644282,50,0.644282,0.611391,0.632998,416.2446,402.9414,411.246042,555.792952,573.127687,5.597889
88,50000,12,0.644282,50,0.643959,0.617253,0.633709,416.461,406.6371,411.626537,556.404989,571.061526,5.597889
89,50000,12,0.644282,50,0.643959,0.611475,0.633769,416.461,403.5755,411.721743,556.404989,573.486455,5.597889
90,50000,12,0.645494,50,0.645494,0.549673,0.63395,417.9787,367.6092,411.762277,556.186957,597.590872,5.597889
91,50000,12,0.645494,50,0.6445,0.590463,0.633821,417.3661,389.4216,411.821323,556.186957,580.391694,5.597889
92,50000,12,0.648624,50,0.648624,0.589744,0.635555,417.9711,391.9938,412.569468,554.097197,582.675629,5.589008
93,50000,12,0.648624,50,0.648624,0.54915,0.634953,417.9467,367.2371,412.354491,554.097197,597.749655,5.589008
94,50000,12,0.648624,50,0.648624,0.604375,0.637224,417.9467,396.2529,413.356327,554.09442,574.117609,5.589008
95,50000,12,0.64882,50,0.64882,0.606817,0.638229,418.1465,397.9394,413.856468,554.008669,574.194211,5.57044
96,50000,12,0.64882,50,0.64882,0.606817,0.638443,417.9773,397.9394,414.034807,553.984796,573.342854,5.558159
97,50000,12,0.64882,50,0.64882,0.606817,0.639289,418.1465,397.9394,414.329872,553.984796,573.342854,5.558159
98,50000,12,0.64882,50,0.64882,0.543642,0.638677,418.574,364.9337,413.993193,553.984796,600.502538,5.547843
99,50000,12,0.650159,50,0.650159,0.606616,0.640832,419.0428,399.0801,415.079382,553.537612,574.26417,5.547843
100,50000,12,0.650711,50,0.650711,0.607415,0.642107,419.0672,399.5292,415.701768,552.429247,573.941725,5.548168
101,50000,12,0.651694,50,0.651694,0.621818,0.642811,419.1551,408.9193,416.076907,552.363988,569.000077,5.542577
102,50000,12,0.652081,50,0.652081,0.605265,0.643154,419.9945,399.4111,416.261754,552.17931,575.539653,5.542577
103,50000,12,0.652932,50,0.652932,0.608905,0.644206,421.024,401.2306,416.701563,551.802119,573.919736,5.542577
104,50000,12,0.65368,50,0.65368,0.615068,0.644542,420.9605,403.3953,416.853747,551.683479,570.563415,5.542577
105,50000,12,0.655185,50,0.655185,0.609104,0.645324,422.2828,401.2885,417.0482,550.276671,573.803313,5.521793
106,50000,12,0.655185,50,0.653622,0.537992,0.644651,422.2828,361.1381,416.80304,551.635327,602.36593,5.521793
107,50000,12,0.655185,50,0.655122,0.544158,0.645038,422.2828,364.6193,417.147924,551.109831,599.889575,5.521793
108,50000,12,0.655185,50,0.655122,0.60806,0.646921,422.381,400.9813,417.967412,551.109831,574.412147,5.521793
109,50000,12,0.655185,50,0.655122,0.618046,0.647883,422.2828,404.2171,418.296717,551.109831,569.686402,5.513222
110,50000,12,0.655185,50,0.655122,0.610896,0.648235,422.2828,403.3387,418.503694,551.077037,573.917565,5.513222
111,50000,12,0.656586,50,0.656586,0.621214,0.64919,423.5524,406.1011,418.869584,549.735749,568.923155,5.513222
112,50000,12,0.656947,50,0.656947,0.523064,0.648368,423.5524,353.6359,418.411117,549.255851,608.98265,5.513222
113,50000,12,0.662159,50,0.662159,0.549508,0.649285,423.5524,366.4586,418.622401,546.776647,596.949011,5.513222
114,50000,12,0.662159,50,0.662159,0.618203,0.651371,423.8206,406.8226,419.59189,546.776647,570.59993,5.513222
115,50000,12,0.662159,50,0.662159,0.618203,0.65197,424.7009,406.8226,419.973597,546.776647,570.59993,5.513222
116,50000,12,0.662159,50,0.662159,0.546003,0.652269,423.8206,367.9552,420.023186,546.776647,600.685285,5.513222
117,50000,12,0.664163,50,0.664163,0.551966,0.652904,424.5345,371.3331,420.341554,546.434934,598.298228,5.513222
118,50000,12,0.664352,50,0.664352,0.618679,0.654769,425.7793,406.77,421.233534,546.025449,570.008012,5.513222
119,50000,12,0.667557,50,0.667557,0.628469,0.656072,425.7793,410.7239,421.810858,543.990897,565.021719,5.526224
120,50000,12,0.667557,50,0.667557,0.538949,0.656087,426.348,361.7337,421.757501,543.990897,602.018869,5.526224
121,50000,12,0.667557,50,0.667557,0.568396,0.656857,426.348,375.3619,422.106408,543.990897,588.181945,5.526224
122,50000,12,0.667557,50,0.667557,0.548114,0.656529,426.6123,368.8458,422.048553,543.990897,599.635489,5.51212
123,50000,12,0.667557,50,0.667557,0.548114,0.65641,427.4972,368.8458,422.079606,543.990897,599.635489,5.507321
124,50000,12,0.667557,50,0.667557,0.548114,0.656421,428.3969,368.8458,422.15452,543.990897,599.635489,5.491767
125,50000,12,0.667557,50,0.667557,0.548114,0.657609,428.3969,368.8458,422.579585,543.990897,599.635489,5.469915
126,50000,12,0.667557,50,0.667557,0.586826,0.657915,428.3969,389.592,422.887342,543.990897,583.342209,5.469915
127,50000,12,0.668332,50,0.668332,0.637318,0.660718,428.1353,415.9034,424.091713,543.631988,562.315893,5.469915
128,50000,12,0.669837,50,0.669837,0.61967,0.660912,428.3969,407.2792,424.1887,542.712275,569.576283,5.485865
129,50000,12,0.671392,50,0.671392,0.620828,0.661589,428.3969,408.184,424.634586,542.215522,569.279289,5.485865
130,50000,12,0.671392,50,0.670707,0.577545,0.660155,428.3969,383.7098,423.871405,543.209173,586.640219,5.485865
131,50000,12,0.671392,50,0.670707,0.577545,0.661395,428.3969,383.7098,424.518536,543.209173,586.640219,5.457789
132,50000,12,0.671392,50,0.670707,0.615332,0.662595,428.3969,400.6049,424.835695,543.209173,569.949968,5.457789
133,50000,12,0.671392,50,0.670707,0.620343,0.663267,428.772,408.0827,425.250011,543.209173,569.590294,5.457789
134,50000,12,0.671392,50,0.670707,0.620394,0.663645,428.8415,407.8862,425.565252,543.209173,569.418267,5.457789
135,50000,12,0.671392,50,0.670707,0.614161,0.665166,428.8415,404.4688,426.106684,543.209173,571.989858,5.457789
136,50000,12,0.673425,50,0.673425,0.554653,0.66435,429.9712,372.6004,425.893333,542.294748,597.050992,5.449944
137,50000,12,0.673425,50,0.673425,0.62584,0.66511,430.4578,410.1342,426.216617,542.294748,566.67718,5.449944
138,50000,12,0.674395,50,0.674395,0.610063,0.664417,431.4368,402.387,425.994502,542.294748,573.791661,5.449944
139,50000,12,0.675917,50,0.675917,0.631672,0.666653,431.4368,413.0133,426.929019,541.335178,564.057479,5.449944
140,50000,12,0.677696,50,0.677696,0.627735,0.667413,432.3365,410.6385,427.303327,540.550678,566.371061,5.419448
141,50000,12,0.677798,50,0.677798,0.538997,0.667064,432.7863,364.1052,427.024112,540.550678,603.570382,5.419448
142,50000,12,0.677798,50,0.677696,0.574318,0.666784,432.4891,381.8645,426.958238,540.550678,587.920449,5.419448
143,50000,12,0.679894,50,0.679894,0.62492,0.669769,434.4348,410.381,428.425086,540.223523,567.559748,5.419448
144,50000,12,0.679894,50,0.677696,0.624673,0.669562,432.4891,410.0202,428.339625,540.223523,567.510924,5.419448
145,50000,12,0.682432,50,0.682432,0.626197,0.671169,433.671,410.3165,429.107387,538.261267,566.520983,5.41217
146,50000,12,0.683602,50,0.683602,0.626197,0.672201,435.5358,410.3165,429.617047,538.261267,566.520983,5.41217
147,50000,12,0.683602,50,0.683602,0.576666,0.671171,436.2362,382.7267,429.244678,538.261267,586.666481,5.41217
148,50000,12,0.68704,50,0.68704,0.547184,0.67077,437.8999,369.0107,429.127666,537.546663,600.472066,5.41217
149,50000,12,0.68704,50,0.68704,0.555187,0.671509,437.8999,373.3691,429.445265,537.546663,597.150178,5.41217
150,50000,12,0.68704,50,0.68704,0.57674,0.67321,437.8999,383.1973,430.265192,537.546663,586.924567,5.41217
151,50000,12,0.68704,50,0.68704,0.611889,0.675608,437.8999,400.7941,431.518642,537.546663,571.299794,5.41217
152,50000,12,0.68704,50,0.68704,0.574318,0.675666,437.8999,381.8645,431.614198,537.546663,587.920449,5.400046
153,50000,12,0.68704,50,0.68704,0.642658,0.677154,437.8999,417.4423,432.39291,537.546663,558.45616,5.38373
154,50000,12,0.68704,50,0.68704,0.548998,0.677305,437.8999,368.5331,432.415133,537.546663,598.736508,5.38373
155,50000,12,0.68704,50,0.68704,0.582544,0.677862,437.8999,387.852,432.926605,537.546663,585.516708,5.38373
156,50000,12,0.68704,50,0.68704,0.670303,0.67978,437.8999,428.3903,433.822477,537.546663,544.924394,5.38373
157,50000,12,0.68704,50,0.68704,0.624791,0.679904,437.8999,410.9808,433.951558,537.546663,568.062611,5.38373
158,50000,12,0.687497,50,0.687497,0.61081,0.678941,438.4872,402.1142,433.65372,537.20595,573.026187,5.38373
159,50000,12,0.687497,50,0.68704,0.609591,0.678186,438.5817,402.0731,433.37359,537.546663,573.949296,5.38373
160,50000,12,0.687497,50,0.68704,0.609607,0.679313,438.5817,402.1112,434.093987,537.406348,573.962641,5.381498
161,50000,12,0.687497,50,0.68704,0.609607,0.679981,439.257,402.1112,434.501823,536.68294,573.962641,5.381498
162,50000,12,0.687497,50,0.68704,0.641526,0.682459,439.257,417.9699,435.715895,536.68294,559.692656,5.381498
163,50000,12,0.687497,50,0.687363,0.554452,0.682216,439.257,374.0178,435.602338,536.68294,598.157691,5.381498
164,50000,12,0.688327,50,0.688327,0.578584,0.681464,440.6269,384.5399,435.293304,536.68294,586.3855,5.381498
165,50000,12,0.688532,50,0.688532,0.585541,0.681673,440.6269,389.7981,435.560743,536.68294,584.483031,5.381498
166,50000,12,0.690304,50,0.690304,0.649432,0.684345,440.2605,420.6262,436.877236,536.583029,555.305742,5.381498
167,50000,12,0.690304,50,0.690304,0.628756,0.684747,440.6269,412.8642,437.180743,536.034614,566.232262,5.37865
168,50000,12,0.690304,50,0.690304,0.641931,0.684512,440.6269,418.9078,437.175802,536.034614,560.005035,5.360346
169,50000,12,0.690304,50,0.690304,0.64971,0.685487,441.4194,421.4433,437.64873,536.034614,555.63655,5.360346
170,50000,12,0.690304,50,0.690304,0.555419,0.683195,440.6269,373.5154,436.63012,536.031837,597.066701,5.360346
171,50000,12,0.690304,50,0.690304,0.585188,0.684294,441.5411,388.2861,437.303387,536.031837,583.744829,5.36583
172,50000,12,0.692034,50,0.692034,0.585188,0.684296,441.5411,388.2861,437.335166,535.706408,583.744829,5.36583
173,50000,12,0.692034,50,0.690304,0.557497,0.684633,441.5411,374.7692,437.612287,536.034614,596.286484,5.36583
174,50000,12,0.692034,50,0.690304,0.559044,0.683849,441.5411,375.5963,437.26666,536.034614,595.634006,5.36583
175,50000,12,0.692034,50,0.691572,0.559044,0.68553,441.5594,375.5963,438.122861,536.034614,595.634006,5.36583
176,50000,12,0.692034,50,0.691696,0.620818,0.687543,442.3665,404.5417,439.178844,536.034614,566.846266,5.361772
177,50000,12,0.692359,50,0.692359,0.676075,0.68828,443.0089,432.6136,439.643232,536.034614,542.876145,5.361772
178,50000,12,0.692742,50,0.692742,0.68188,0.688879,443.0089,435.0867,440.035087,536.034614,540.464592,5.361772
179,50000,12,0.694169,50,0.694169,0.560236,0.684888,443.4611,377.1311,438.156757,535.713106,595.732556,5.361772
180,50000,12,0.694169,50,0.692742,0.541998,0.686024,443.0089,365.7887,438.667774,536.034614,602.357575,5.361772
181,50000,12,0.695373,50,0.695373,0.566953,0.686497,443.9295,380.7815,439.120855,535.087487,592.939594,5.361772
182,50000,12,0.695373,50,0.695373,0.566953,0.686051,443.9295,380.7815,438.944295,535.087487,592.939594,5.361772
183,50000,12,0.695933,50,0.695933,0.597148,0.68817,444.8387,395.7244,440.095868,534.829213,579.4007,5.361772
184,50000,12,0.695933,50,0.695933,0.63052,0.68915,444.1958,414.905,440.654695,534.829213,566.223643,5.361772
185,50000,12,0.695933,50,0.695933,0.619856,0.687891,444.1958,408.7248,440.121557,534.829213,570.400113,5.361772
186,50000,12,0.696542,50,0.696542,0.616449,0.689213,444.722,406.0685,440.68,534.70651,571.277414,5.362548
187,50000,12,0.696542,50,0.696542,0.631697,0.691076,444.722,415.6484,441.590498,534.70651,565.803824,5.360544
188,50000,12,0.696542,50,0.696542,0.651765,0.691427,444.722,425.4052,441.865268,534.70651,556.688818,5.360544
189,50000,12,0.696556,50,0.696556,0.589435,0.691312,444.722,392.3702,441.806929,534.695687,583.168983,5.360544
190,50000,12,0.696721,50,0.696721,0.665347,0.692359,444.722,431.8248,442.290968,534.407673,550.39685,5.360544
191,50000,12,0.696721,50,0.696587,0.632494,0.692174,444.8802,416.1643,442.246044,534.695687,565.527384,5.360544
192,50000,12,0.696721,50,0.696587,0.682684,0.69302,444.8802,437.628,442.691368,534.695687,541.033626,5.360544
193,50000,12,0.697757,50,0.697757,0.636482,0.692267,445.6727,418.6176,442.412978,534.396465,564.06116,5.360544
194,50000,12,0.697757,50,0.697757,0.632173,0.692752,445.6727,416.1038,442.6943,534.396465,565.73749,5.357865
195,50000,12,0.697757,50,0.697757,0.640647,0.692456,445.6727,420.4006,442.583575,534.396465,562.007235,5.357865
196,50000,12,0.697757,50,0.697757,0.593073,0.693147,445.6727,394.7616,442.911162,534.396465,581.93411,5.346288
197,50000,12,0.697757,50,0.697757,0.659181,0.69445,445.6727,425.1465,443.472657,534.396465,550.730908,5.346288
198,50000,12,0.697771,50,0.697771,0.647342,0.694131,445.6727,423.19,443.417974,534.385642,558.654103,5.346288
199,50000,12,0.697771,50,0.697771,0.630763,0.694152,445.6727,415.1066,443.439543,534.356795,566.169111,5.346288
200,50000,12,0.697771,50,0.697771,0.647342,0.69412,445.6727,423.19,443.405644,534.385642,558.654103,5.346288
201,50000,12,0.697771,50,0.697771,0.630013,0.694118,445.6727,414.3839,443.512398,534.385642,566.270067,5.346288
202,50000,12,0.697771,50,0.697771,0.630013,0.695127,445.6727,414.3839,443.968617,534.385642,566.270067,5.346288
203,50000,12,0.697771,50,0.697771,0.620157,0.693954,445.6727,408.8077,443.470096,534.385642,570.220456,5.346288
204,50000,12,0.69789,50,0.69789,0.621327,0.695068,445.6727,409.6002,444.040455,534.292275,569.839479,5.346288
205,50000,12,0.69789,50,0.697771,0.622908,0.695517,445.6727,410.3531,444.265006,534.385642,569.110565,5.346288
206,50000,12,0.697893,50,0.697893,0.563954,0.693732,445.8967,378.952,443.377578,534.385642,594.053076,5.346288
207,50000,12,0.697893,50,0.697893,0.560021,0.693322,445.8967,377.1545,443.253432,534.373279,595.916255,5.346288
208,50000,12,0.698631,50,0.698631,0.563954,0.693391,446.0839,378.952,443.313666,533.989659,594.053076,5.346288
209,50000,12,0.698631,50,0.698631,0.614008,0.694495,446.0839,405.1144,443.851184,533.801686,572.542085,5.346288
210,50000,12,0.698631,50,0.698631,0.554868,0.694794,446.0839,374.1752,443.983291,533.801686,597.938925,5.346288
211,50000,12,0.698631,50,0.698631,0.561986,0.694581,446.0839,377.8483,443.901491,533.801686,594.847868,5.344953
212,50000,12,0.698631,50,0.698631,0.619304,0.695292,446.0839,407.8515,444.302613,533.801686,570.245709,5.344953
213,50000,12,0.698631,50,0.698631,0.61965,0.695936,446.3782,408.7482,444.645674,533.801686,570.576796,5.344953
214,50000,12,0.698631,50,0.698631,0.634638,0.696444,446.3782,417.0685,444.88692,533.801686,564.461055,5.344953
215,50000,12,0.699165,50,0.699165,0.563527,0.694243,446.3782,378.9843,443.77183,533.405703,594.407776,5.344953
216,50000,12,0.699165,50,0.699165,0.600879,0.69553,446.3782,397.2157,444.482651,533.405703,577.490121,5.344953
217,50000,12,0.699165,50,0.699165,0.656219,0.695986,446.3782,426.5348,444.754047,533.405703,553.971348,5.344953
218,50000,12,0.699393,50,0.699393,0.558428,0.694196,446.6366,377.0161,443.904227,533.405703,597.065904,5.344953
219,50000,12,0.699393,50,0.699393,0.558428,0.695416,446.6366,377.0161,444.428992,533.405703,597.065904,5.344953
220,50000,12,0.699393,50,0.699393,0.563985,0.693301,446.7894,379.3079,443.442242,533.405703,594.266857,5.34248
221,50000,12,0.699393,50,0.699393,0.561073,0.695262,446.6366,377.0262,444.370455,533.405703,595.009808,5.34248
222,50000,12,0.699393,50,0.699393,0.585223,0.696095,446.7894,389.6058,444.794434,533.405703,584.602371,5.343713
223,50000,12,0.70007,50,0.70007,0.625029,0.696121,447.3421,409.7953,444.816927,533.402926,567.082684,5.336777
224,50000,12,0.70007,50,0.70007,0.640743,0.697071,447.3421,418.2988,445.269258,533.402926,560.52351,5.336777
225,50000,12,0.700326,50,0.700326,0.626156,0.696872,447.3421,412.4647,445.199279,533.25383,567.992352,5.336777
226,50000,12,0.700326,50,0.700326,0.667302,0.698133,447.3421,433.4667,445.815935,533.25383,549.971492,5.336777
227,50000,12,0.700326,50,0.700326,0.637478,0.697619,447.3421,418.8548,445.54178,533.165481,563.443161,5.334431
228,50000,12,0.701108,50,0.701108,0.555734,0.696814,447.3421,374.5864,445.156159,532.886874,597.539344,5.334431
229,50000,12,0.701108,50,0.701108,0.661745,0.698213,447.3606,428.3906,445.860162,532.886874,550.904764,5.334431
230,50000,12,0.701108,50,0.701108,0.661745,0.698446,447.621,428.3906,445.998306,532.886874,550.904764,5.334431
231,50000,12,0.701108,50,0.701108,0.695194,0.699078,447.621,444.7206,446.313553,532.886874,535.836515,5.334431
232,50000,12,0.701224,50,0.701224,0.694634,0.699265,448.0927,443.9531,446.430859,532.886874,535.680188,5.334431
233,50000,12,0.701351,50,0.701351,0.563978,0.697393,447.621,379.238,445.531037,532.873547,594.22534,5.334431
234,50000,12,0.701351,50,0.701351,0.563978,0.696786,448.1508,379.238,445.230473,532.873547,594.22534,5.333867
235,50000,12,0.701351,50,0.701351,0.66512,0.699216,448.1508,428.3021,446.474404,532.873547,548.212748,5.333867
236,50000,12,0.7019,50,0.7019,0.689346,0.699625,448.3216,442.0645,446.72256,532.707689,539.356619,5.333867
237,50000,12,0.7019,50,0.701778,0.635182,0.699312,448.2181,417.5106,446.601484,532.707689,564.332991,5.333867
238,50000,12,0.702434,50,0.702434,0.636347,0.698792,448.705,418.3031,446.447852,532.677068,563.955611,5.333867
239,50000,12,0.702434,50,0.702427,0.676289,0.700086,448.5426,438.5675,447.064603,532.677068,546.380067,5.333867
240,50000,12,0.702434,50,0.702427,0.635453,0.699682,448.9243,418.0319,446.986659,532.650149,564.470806,5.333498
241,50000,12,0.702876,50,0.702876,0.69513,0.700757,448.7746,445.1013,447.492216,532.290543,536.062247,5.331659
242,50000,12,0.702876,50,0.702784,0.69563,0.701067,448.9243,445.8508,447.711018,532.401736,536.174876,5.326771
243,50000,12,0.702876,50,0.702784,0.640093,0.700611,449.0535,420.84,447.56488,532.401736,562.733321,5.326771
244,50000,12,0.702876,50,0.702784,0.670129,0.70086,449.0535,434.8624,447.712554,532.401736,548.702027,5.326771
245,50000,12,0.702876,50,0.702784,0.634404,0.70025,449.0535,417.1792,447.491228,532.401736,564.717779,5.326771
246,50000,12,0.702876,50,0.702784,0.683941,0.701483,449.0535,439.4151,448.046218,532.401736,540.979315,5.326771
247,50000,12,0.702876,50,0.702784,0.696052,0.701705,449.0535,446.7802,448.197632,532.401736,536.468285,5.326771
248,50000,12,0.702876,50,0.702784,0.695336,0.701721,449.0535,445.1533,448.229134,532.401736,535.936532,5.326771
249,50000,12,0.703195,50,0.703195,0.695336,0.701836,449.2577,445.1533,448.302369,532.3961,535.936532,5.326771
250,50000,12,0.705135,50,0.705135,0.632546,0.701455,449.3992,416.2256,448.087004,530.934758,565.527983,5.326771
251,50000,12,0.705135,50,0.703836,0.652745,0.701688,449.4832,426.9042,448.247035,531.667866,556.928437,5.324081
252,50000,12,0.705135,50,0.703403,0.595075,0.701128,449.4832,395.5934,447.974756,532.378354,580.930148,5.324081
253,50000,12,0.705135,50,0.703408,0.680714,0.701925,449.511,441.0739,448.443122,532.317253,544.608284,5.324081
254,50000,12,0.705135,50,0.703408,0.680714,0.702177,449.6781,441.0739,448.558694,532.317253,544.608284,5.324081
255,50000,12,0.705135,50,0.703665,0.653004,0.701764,449.4832,426.5232,448.428049,531.929318,556.471726,5.324081
256,50000,12,0.705135,50,0.703914,0.640876,0.702033,449.9102,421.6487,448.539287,532.260143,562.664729,5.324081
257,50000,12,0.705135,50,0.703914,0.698985,0.702664,449.9102,446.8429,448.896514,532.154956,535.191786,5.325299
258,50000,12,0.705135,50,0.703914,0.568887,0.698851,450.2974,381.6244,447.099964,532.036745,591.996038,5.325299
259,50000,12,0.705135,50,0.704358,0.633035,0.701963,450.2974,415.5182,448.639289,532.002108,564.672448,5.325299
260,50000,12,0.705135,50,0.704647,0.6342,0.70237,450.2974,416.3107,448.830763,532.002108,564.295068,5.325299
261,50000,12,0.705135,50,0.704961,0.567307,0.700516,450.4629,380.6607,447.978085,531.888616,592.582442,5.322546
262,50000,12,0.70673,50,0.70673,0.636016,0.702005,450.9656,418.7338,448.750658,530.944357,564.502087,5.322546
263,50000,12,0.70673,50,0.704961,0.568184,0.701339,451.5614,382.0626,448.470831,531.888616,592.838178,5.322546
264,50000,12,0.70673,50,0.705337,0.569348,0.701758,451.5614,382.8551,448.783523,531.888616,592.460798,5.322546
265,50000,12,0.70673,50,0.705385,0.603661,0.701889,451.5614,401.1896,448.912493,531.796992,577.982835,5.322546
266,50000,12,0.70673,50,0.705385,0.636595,0.703144,451.5614,415.109,449.485584,531.796992,561.622095,5.320312
267,50000,12,0.70673,50,0.705385,0.56699,0.700732,451.5614,380.4161,448.372843,531.796992,592.666125,5.320312
268,50000,12,0.70673,50,0.705385,0.637333,0.701765,451.5614,415.4253,448.96906,531.566025,562.862817,5.320312
269,50000,12,0.70673,50,0.705385,0.637187,0.70282,452.1384,419.2713,449.527598,531.566025,563.949492,5.320312
270,50000,12,0.70673,50,0.705643,0.641269,0.702686,452.1141,421.3734,449.507758,531.568801,562.173811,5.320312
271,50000,12,0.70673,50,0.705643,0.640974,0.702031,452.2873,421.3734,449.289326,531.568801,562.464674,5.320312
272,50000,12,0.70673,50,0.705782,0.641269,0.702414,452.2873,421.3734,449.484557,531.568801,562.173811,5.320312
273,50000,12,0.70742,50,0.70742,0.594744,0.700807,452.4482,395.5534,448.773602,531.07992,581.161386,5.320312
274,50000,12,0.70742,50,0.70742,0.595908,0.700979,452.4643,396.3459,448.844862,531.103233,580.784006,5.320312
275,50000,12,0.70742,50,0.70742,0.595908,0.698889,452.978,396.3459,447.749886,530.963602,580.784006,5.320312
276,50000,12,0.70742,50,0.70742,0.583273,0.6999,452.978,389.0918,448.340046,530.963602,585.77882,5.320312
277,50000,12,0.707941,50,0.707941,0.600178,0.700966,452.978,398.1057,448.886354,530.963602,578.633334,5.320312
278,50000,12,0.707941,50,0.707941,0.567859,0.701941,452.978,381.0274,449.323758,530.911325,592.397359,5.320312
279,50000,12,0.707941,50,0.707941,0.597724,0.703828,452.978,397.6516,450.290759,530.911325,580.242817,5.322097
280,50000,12,0.707941,50,0.707941,0.558136,0.701192,452.4584,376.1213,448.910222,530.911325,596.694131,5.322097
281,50000,12,0.708211,50,0.708211,0.560487,0.701528,453.2626,377.733,449.122961,530.847687,595.94047,5.322097
282,50000,12,0.708211,50,0.708121,0.560487,0.699841,453.2626,377.733,448.302162,530.911325,595.94047,5.312584
283,50000,12,0.708211,50,0.708121,0.560398,0.697711,453.2626,377.733,447.242588,530.911325,596.00936,5.312584
284,50000,12,0.708766,50,0.708766,0.560398,0.702248,453.2626,377.733,449.543386,530.570949,596.00936,5.31322
285,50000,12,0.708766,50,0.708766,0.596807,0.703545,453.2626,396.8242,450.245656,530.570949,580.40402,5.31322
286,50000,12,0.708766,50,0.708766,0.595926,0.702591,453.2626,396.2003,449.869979,530.570949,580.672667,5.31322
287,50000,12,0.709017,50,0.709017,0.597841,0.703888,453.4679,397.7383,450.511811,530.570949,580.209426,5.31322
288,50000,12,0.709317,50,0.709317,0.63816,0.704947,453.9107,419.0723,451.189191,530.570949,563.730115,5.313808
289,50000,12,0.710489,50,0.710489,0.595926,0.70415,454.9075,396.2003,450.840543,530.379041,580.672667,5.313808
290,50000,12,0.710489,50,0.710489,0.595926,0.706123,454.9075,396.2003,451.80272,530.379041,580.672667,5.313808
291,50000,12,0.710489,50,0.710489,0.701787,0.707737,454.9075,449.4679,452.632986,530.379041,533.944897,5.313808
292,50000,12,0.710489,50,0.710489,0.698854,0.70784,454.9075,449.3945,452.689207,530.379041,536.03453,5.313808
293,50000,12,0.710489,50,0.710489,0.641825,0.707046,454.9075,422.0708,452.35441,530.379041,562.207193,5.313808
294,50000,12,0.71079,50,0.71079,0.70063,0.708247,455.3503,450.0426,452.912225,530.379041,535.083289,5.313808
295,50000,12,0.71079,50,0.71079,0.651228,0.707764,455.3503,427.0247,452.731516,530.35203,558.192534,5.313808
296,50000,12,0.71079,50,0.71079,0.59217,0.706894,455.3503,392.5194,452.295821,530.35203,581.135789,5.313808
297,50000,12,0.71119,50,0.71119,0.704718,0.708845,455.4373,451.3139,453.334995,530.35203,532.922204,5.312041
298,50000,12,0.71119,50,0.71079,0.567693,0.707483,455.3503,381.0864,452.74773,530.35203,592.566771,5.312041
299,50000,12,0.711972,50,0.711972,0.637362,0.70807,455.7589,419.4021,453.163627,530.067156,563.900253,5.312041
300,50000,12,0.711972,50,0.711972,0.59581,0.707727,455.7589,395.5934,453.000324,530.067156,580.356826,5.31
301,50000,12,0.711972,50,0.711972,0.683868,0.709023,455.7589,439.7317,453.755076,530.067156,543.630628,5.31
302,50000,12,0.712653,50,0.712653,0.683868,0.709655,456.3758,443.2868,454.134904,529.949426,543.630628,5.308305
303,50000,12,0.712653,50,0.711972,0.641825,0.7092,455.7796,422.0708,454.000453,530.067156,562.207193,5.308305
304,50000,12,0.712653,50,0.711972,0.570313,0.708689,455.977,382.9514,453.748814,529.880287,591.772399,5.308305
305,50000,12,0.712653,50,0.712549,0.705482,0.710586,456.2945,452.114,454.798075,529.836947,532.687364,5.306172
306,50000,12,0.712653,50,0.712625,0.571,0.708918,456.6702,384.2907,454.063444,529.770897,592.134179,5.306172
307,50000,12,0.712679,50,0.712679,0.571,0.707662,456.6702,384.2907,453.593441,529.805603,592.134179,5.306172
308,50000,12,0.712977,50,0.712977,0.571,0.705675,457.0772,384.2907,452.665386,529.696674,592.134179,5.306172
309,50000,12,0.712977,50,0.71297,0.560453,0.705919,457.0772,378.2049,452.809756,529.497199,596.28308,5.306172
310,50000,12,0.712977,50,0.71297,0.555842,0.70617,457.0772,375.4396,452.924994,529.497199,598.02627,5.306172
311,50000,12,0.713352,50,0.713352,0.565239,0.706542,457.0772,380.7868,453.182359,529.497199,594.280038,5.304616
312,50000,12,0.713745,50,0.713745,0.600066,0.70956,457.3988,399.5833,454.744397,529.497199,579.710271,5.304616
313,50000,12,0.713745,50,0.713745,0.596703,0.708313,457.3988,397.033,454.111622,529.497199,580.624922,5.304616
314,50000,12,0.713745,50,0.713745,0.573915,0.708425,457.3988,385.833,454.141342,529.497199,590.893999,5.304616
315,50000,12,0.713745,50,0.713745,0.573915,0.709591,457.3988,385.833,454.666584,529.129777,590.893999,5.304616
316,50000,12,0.714029,50,0.714029,0.600628,0.710912,457.3988,399.588,455.375113,529.129777,579.27554,5.304616
317,50000,12,0.714029,50,0.714029,0.599467,0.710459,457.3988,399.2733,455.120567,529.129777,579.970247,5.304616
318,50000,12,0.714029,50,0.714029,0.599467,0.710684,457.3988,399.2733,455.251787,529.129777,579.970247,5.304616
319,50000,12,0.714029,50,0.714029,0.571769,0.709779,457.3988,384.9614,454.799744,529.129777,591.984214,5.304616
320,50000,12,0.71412,50,0.71412,0.573891,0.710165,457.3988,385.5241,454.948975,529.129777,590.706149,5.304616
321,50000,12,0.714338,50,0.714338,0.573891,0.708564,457.5266,385.5241,454.198312,529.129777,590.706149,5.300672
322,50000,12,0.714338,50,0.714338,0.573891,0.708642,457.5266,385.5241,454.200681,529.129777,590.706149,5.300672
323,50000,12,0.714338,50,0.714338,0.561333,0.709195,457.5266,378.8288,454.505916,529.129777,596.014434,5.299256
324,50000,12,0.714595,50,0.714595,0.638197,0.710154,457.9286,420.3978,455.142924,529.03572,563.91622,5.299256
325,50000,12,0.714595,50,0.714595,0.600348,0.709421,457.9286,399.5936,454.72669,529.03572,579.647536,5.299256
326,50000,12,0.714835,50,0.714835,0.600496,0.710261,457.9286,399.9903,455.226873,528.955406,579.647536,5.299256
327,50000,12,0.714835,50,0.714835,0.600496,0.710491,457.9286,399.9903,455.291982,528.955406,579.647536,5.299256
328,50000,12,0.714835,50,0.714835,0.627863,0.712318,457.9286,413.2351,456.243551,528.955406,567.177194,5.299256
329,50000,12,0.715101,50,0.715101,0.68982,0.71341,458.045,447.258,456.808071,528.955406,541.649055,5.299256
330,50000,12,0.715194,50,0.715194,0.57215,0.710825,458.1552,384.7711,455.652258,528.955406,591.55955,5.301777
331,50000,12,0.715194,50,0.715194,0.57215,0.710646,458.1552,384.7711,455.559761,528.955406,591.55955,5.301777
332,50000,12,0.715194,50,0.715194,0.656756,0.712252,458.1552,429.753,456.455803,528.917046,555.709113,5.301777
333,50000,12,0.715976,50,0.715976,0.572152,0.71075,458.1552,383.8925,455.643085,527.655413,590.969132,5.301777
334,50000,12,0.716666,50,0.716666,0.694546,0.713838,458.1552,446.6854,457.16797,527.398135,537.579117,5.301777
335,50000,12,0.716666,50,0.716666,0.641718,0.712553,458.1552,421.2815,456.557322,527.398135,562.815968,5.29475
336,50000,12,0.717024,50,0.717024,0.604297,0.711864,458.4466,401.2231,456.147178,527.316927,577.509422,5.29475
337,50000,12,0.717024,50,0.717024,0.601426,0.711619,458.4466,399.4163,456.010757,527.316927,578.537643,5.29475
338,50000,12,0.717024,50,0.717024,0.574186,0.7116,458.574,384.9995,455.947739,527.316927,590.124233,5.29475
339,50000,12,0.717024,50,0.717024,0.574186,0.709387,458.6427,384.9995,454.790617,527.316927,590.124233,5.29475
340,50000,12,0.717472,50,0.717472,0.608499,0.71248,458.6427,403.334,456.289387,527.179215,575.64627,5.29475
341,50000,12,0.718028,50,0.718028,0.601426,0.708978,458.6427,399.4163,454.533708,527.170252,578.537643,5.29475
342,50000,12,0.718028,50,0.717338,0.601448,0.711614,458.7382,399.5265,455.755642,527.316927,578.594206,5.29475
343,50000,12,0.718174,50,0.718174,0.602528,0.712712,458.7382,399.4163,456.298712,527.030642,578.35814,5.29475
344,50000,12,0.718174,50,0.717338,0.602528,0.713072,458.7382,400.4311,456.480774,527.316927,578.35814,5.29075
345,50000,12,0.718174,50,0.718002,0.603253,0.711806,458.7827,401.2046,455.747868,527.18024,578.311453,5.29075
346,50000,12,0.718174,50,0.718002,0.66708,0.713842,458.7827,432.5789,456.771658,527.18024,551.05693,5.29075
347,50000,12,0.718174,50,0.718002,0.66708,0.715662,458.8522,434.8278,457.67527,527.179215,551.05693,5.292262
348,50000,12,0.718174,50,0.718174,0.564465,0.71359,459.3201,379.5174,456.621594,527.030642,594.033322,5.292262
349,50000,12,0.718174,50,0.718174,0.638491,0.715483,459.3201,420.5308,457.587255,527.030642,563.775926,5.292262
350,50000,12,0.718174,50,0.718174,0.574097,0.713438,459.3201,386.0767,456.517114,527.030642,590.915906,5.287972
351,50000,12,0.719179,50,0.719179,0.68136,0.716224,459.3201,441.6766,457.898182,526.83223,544.508308,5.287972
352,50000,12,0.719179,50,0.719179,0.68136,0.716415,459.4067,441.6766,457.995361,526.83223,544.508308,5.287972
353,50000,12,0.719179,50,0.719179,0.71384,0.71709,459.4067,456.8207,458.343421,526.83223,529.886039,5.287972
354,50000,12,0.719179,50,0.719179,0.602528,0.715002,459.4067,400.4311,457.298441,526.83223,578.35814,5.287972
355,50000,12,0.719179,50,0.719179,0.628408,0.715578,459.9203,413.5139,457.617021,526.83223,566.938753,5.287972
356,50000,12,0.719206,50,0.719206,0.694213,0.716674,459.9203,449.0443,458.173807,526.765715,539.419686,5.287972
357,50000,12,0.719253,50,0.719253,0.691261,0.7173,459.9203,447.4514,458.473097,526.765715,541.137009,5.287972
358,50000,12,0.719253,50,0.719253,0.576616,0.716481,459.9203,387.0762,458.020382,526.765715,589.620144,5.283181
359,50000,12,0.719253,50,0.719253,0.605863,0.717104,459.9203,402.0135,458.350033,526.765715,576.81737,5.283181
360,50000,12,0.719321,50,0.719321,0.567069,0.715498,459.9203,380.9828,457.512278,526.765715,592.984193,5.283181
361,50000,12,0.71996,50,0.71996,0.604226,0.717147,459.9203,400.7227,458.341492,526.503686,577.229025,5.283181
362,50000,12,0.71996,50,0.71996,0.604868,0.716881,460.0016,401.2637,458.210797,526.503686,577.090904,5.283181
363,50000,12,0.71996,50,0.71996,0.605426,0.717292,460.0016,400.9059,458.389445,526.503686,576.41616,5.283181
364,50000,12,0.720364,50,0.720364,0.693037,0.718327,460.0236,448.3522,458.981527,526.379316,539.873624,5.283181
365,50000,12,0.720364,50,0.720364,0.576731,0.717262,460.0236,385.7639,458.426515,526.379316,588.65152,5.283181
366,50000,12,0.720409,50,0.720409,0.694689,0.718796,460.0236,448.8332,459.221748,526.289918,538.907149,5.283181
367,50000,12,0.720409,50,0.720409,0.712212,0.719139,460.0236,456.5477,459.381414,526.289918,530.408559,5.283181
368,50000,12,0.720409,50,0.720409,0.568543,0.717234,460.0236,381.0937,458.368447,526.289918,591.908315,5.268886
369,50000,12,0.720409,50,0.720409,0.605117,0.71591,460.6209,401.4507,457.720087,525.974479,577.022254,5.268886
370,50000,12,0.721145,50,0.721145,0.694653,0.718957,460.6209,448.6725,459.28283,526.050772,539.057956,5.268886
371,50000,12,0.721145,50,0.721145,0.604226,0.714428,460.6209,400.7227,456.947087,526.050772,577.229025,5.263793
372,50000,12,0.721145,50,0.721145,0.605422,0.717066,460.6209,400.9266,458.259353,525.966269,576.432956,5.263793
373,50000,12,0.721627,50,0.721627,0.692273,0.718613,460.6209,445.0245,459.06979,525.690874,539.48736,5.263793
374,50000,12,0.721627,50,0.721627,0.693906,0.71919,460.6209,446.2986,459.344847,525.690874,539.48736,5.263793
375,50000,12,0.721627,50,0.721627,0.567789,0.717749,460.6209,380.9105,458.614201,525.690874,592.374207,5.263793
376,50000,12,0.722204,50,0.722204,0.568268,0.718307,460.6209,381.166,458.887176,525.324762,592.171327,5.263793
377,50000,12,0.722204,50,0.722204,0.565062,0.716689,460.6209,379.9661,458.073111,525.324762,593.868209,5.263793
378,50000,12,0.722204,50,0.722204,0.566227,0.716031,460.6209,380.7586,457.714005,525.324762,593.490829,5.263793
379,50000,12,0.722257,50,0.722257,0.612795,0.718843,460.9444,403.6293,459.161834,525.324762,572.492931,5.263793
380,50000,12,0.722257,50,0.722257,0.713616,0.720374,460.9444,456.8956,459.959529,525.324762,529.909412,5.262899
381,50000,12,0.722257,50,0.722257,0.703441,0.720316,460.9444,452.4287,459.923204,525.279374,534.490155,5.262401
382,50000,12,0.722257,50,0.722257,0.694251,0.720126,460.9444,448.7877,459.835737,525.279374,539.218094,5.262401
383,50000,12,0.722508,50,0.722508,0.606554,0.719614,460.9904,402.2291,459.567792,525.279374,576.423,5.262401
384,50000,12,0.722508,50,0.722508,0.627158,0.719735,460.9904,413.084,459.657827,525.279374,567.625493,5.262401
385,50000,12,0.722907,50,0.722907,0.604971,0.718519,461.3632,400.3434,459.050153,525.279374,576.770914,5.262401
386,50000,12,0.723196,50,0.723196,0.555048,0.718791,461.3632,373.3106,459.170482,525.024996,597.219488,5.262401
387,50000,12,0.723274,50,0.723274,0.605426,0.718414,461.3142,400.9059,458.965811,524.686707,576.41616,5.262401
388,50000,12,0.723904,50,0.723904,0.606144,0.71951,461.3982,401.3992,459.528476,524.515408,576.186488,5.259882
389,50000,12,0.723904,50,0.723904,0.577828,0.717175,461.3982,386.7301,458.363327,524.515408,588.442869,5.259882
390,50000,12,0.723904,50,0.723904,0.577828,0.718539,461.3982,386.7301,459.050906,524.515408,588.442869,5.259882
391,50000,12,0.723904,50,0.723904,0.577828,0.718649,461.3982,386.7301,459.09467,524.515408,588.442869,5.259882
392,50000,12,0.724288,50,0.724288,0.580389,0.716396,461.8597,388.7199,457.952338,524.515408,587.778868,5.259882
393,50000,12,0.724288,50,0.724288,0.605093,0.718354,461.8597,401.048,458.924525,524.515408,576.770914,5.259363
394,50000,12,0.724288,50,0.724288,0.605538,0.71875,461.8597,401.048,459.192234,524.433838,576.42394,5.259363
395,50000,12,0.724288,50,0.724288,0.690656,0.719586,461.8597,445.6391,459.606279,524.433838,539.912741,5.259363
396,50000,12,0.724288,50,0.724288,0.607138,0.719543,461.8597,402.846,459.603143,524.433838,576.381065,5.259363
397,50000,12,0.724288,50,0.724288,0.604506,0.716728,461.8597,400.4311,458.109439,524.349374,576.815398,5.259363
398,50000,12,0.724288,50,0.724288,0.613619,0.720186,461.8994,405.4961,459.891683,524.349374,573.101728,5.259363
399,50000,12,0.724288,50,0.724288,0.607119,0.72023,461.9159,402.001,459.908455,524.349374,575.829572,5.25805
400,50000,12,0.724738,50,0.724738,0.696144,0.722139,462.1484,447.2684,460.899531,524.349374,536.724001,5.25805
401,50000,12,0.724738,50,0.724288,0.565907,0.718378,461.9938,380.0708,458.937654,524.349374,593.279364,5.25805
402,50000,12,0.725189,50,0.725189,0.574297,0.721397,462.4553,384.9788,460.466552,524.087799,590.024169,5.25805
403,50000,12,0.725308,50,0.725308,0.695181,0.723222,462.2636,449.1352,461.424865,523.801385,538.725801,5.25151
404,50000,12,0.725345,50,0.725345,0.606056,0.722321,462.6042,401.3841,460.970185,523.972372,576.24486,5.250198
405,50000,12,0.725947,50,0.725947,0.606554,0.722551,462.8958,402.2291,461.055032,523.9496,576.423,5.250198
406,50000,12,0.727667,50,0.727667,0.559153,0.719202,464.0892,377.3309,459.35911,523.407592,596.711485,5.250198
407,50000,12,0.727667,50,0.726353,0.559153,0.720632,463.6575,377.3309,460.101152,523.74559,596.711485,5.250198
408,50000,12,0.727667,50,0.726353,0.559153,0.718858,463.8176,377.3309,459.234155,523.801385,596.711485,5.244388
409,50000,12,0.727667,50,0.726353,0.559153,0.721847,463.8176,377.3309,460.785073,523.801385,596.711485,5.244388
410,50000,12,0.727667,50,0.726353,0.575231,0.722643,463.8176,385.0095,461.187924,523.801385,589.315644,5.244388
411,50000,12,0.729413,50,0.729413,0.607258,0.72354,465.4118,402.4733,461.622044,522.931458,576.037233,5.244388
412,50000,12,0.729413,50,0.729413,0.575861,0.722995,465.4118,385.6264,461.337809,522.931458,589.237662,5.244388
413,50000,12,0.729413,50,0.729413,0.690671,0.724479,465.4118,444.5486,462.089172,522.931458,539.170029,5.244388
414,50000,12,0.729413,50,0.729413,0.576306,0.72193,465.4118,385.6264,460.821901,522.931458,588.890688,5.244388
415,50000,12,0.729413,50,0.729413,0.576306,0.721816,465.4118,385.6264,460.794236,522.931458,588.890688,5.244388
416,50000,12,0.729413,50,0.729413,0.57996,0.718123,465.4118,389.0721,459.050493,522.886404,588.349289,5.244388
417,50000,12,0.729413,50,0.729413,0.612566,0.72166,465.4118,405.9583,460.910323,522.886404,574.232287,5.244388
418,50000,12,0.729413,50,0.729413,0.579928,0.723339,465.4118,388.3821,461.732184,522.886404,587.912504,5.244388
419,50000,12,0.729413,50,0.729413,0.578808,0.720059,465.4118,387.5059,460.037345,522.886404,588.198903,5.244388
420,50000,12,0.729413,50,0.729413,0.57775,0.724364,465.4118,386.5627,462.267002,522.886404,588.392118,5.244388
421,50000,12,0.729413,50,0.729413,0.575861,0.721738,465.4118,385.6264,460.935122,522.886404,589.237662,5.244388
422,50000,12,0.730703,50,0.730703,0.697709,0.72648,465.7631,448.1554,463.385772,522.161291,536.097366,5.242894
423,50000,12,0.730703,50,0.730703,0.577284,0.720777,465.7631,386.5627,460.512544,522.161291,589.023172,5.242894
424,50000,12,0.730703,50,0.730703,0.578548,0.724091,465.7631,387.5667,462.242095,522.161291,588.442198,5.242894
425,50000,12,0.730703,50,0.730703,0.578825,0.724136,465.7631,387.0409,462.267978,522.161291,587.873844,5.242894
426,50000,12,0.732151,50,0.732151,0.578518,0.722394,466.2635,386.5025,461.402354,521.36687,588.210698,5.242894
427,50000,12,0.732151,50,0.732151,0.565934,0.725306,466.2635,380.6434,462.877261,521.36687,593.641891,5.238235
428,50000,12,0.732151,50,0.732151,0.559793,0.725648,466.4392,376.4353,463.049317,521.36687,595.61169,5.237474
429,50000,12,0.732423,50,0.732423,0.57775,0.723196,466.9565,386.5025,461.77983,521.36687,588.392118,5.237474
430,50000,12,0.732423,50,0.732151,0.577284,0.726603,466.7659,386.9627,463.611637,521.36687,589.023172,5.237474
431,50000,12,0.732423,50,0.732151,0.576016,0.723275,466.7659,385.282,461.911451,521.36687,588.88613,5.237474
432,50000,12,0.732423,50,0.732423,0.579543,0.723151,466.9565,387.3188,461.918071,521.36687,587.719866,5.229488
433,50000,12,0.732423,50,0.732423,0.579093,0.724042,466.9565,387.3188,462.360842,521.36687,588.074156,5.229488
434,50000,12,0.732423,50,0.732423,0.578808,0.723778,467.3046,387.379,462.259709,521.36687,588.198903,5.229488
435,50000,12,0.73315,50,0.73315,0.578825,0.724689,467.3046,387.0409,462.771187,521.147703,587.873844,5.225321
436,50000,12,0.73315,50,0.73315,0.57823,0.726654,467.3046,387.2652,463.742947,521.107723,588.530456,5.225321
437,50000,12,0.733229,50,0.733229,0.579724,0.726162,467.3046,387.5147,463.502523,521.092665,587.719866,5.225321
438,50000,12,0.733229,50,0.733229,0.579724,0.726382,467.3046,387.8572,463.639136,521.092665,587.719866,5.225321
439,50000,12,0.733229,50,0.733229,0.579128,0.72677,467.3046,387.5025,463.869263,521.092665,587.947134,5.225321
440,50000,12,0.733229,50,0.733229,0.578195,0.723578,467.3046,386.5627,462.232313,521.092665,588.045144,5.225321
441,50000,12,0.733229,50,0.733229,0.575687,0.722665,467.3046,384.422,461.724077,520.581104,588.566538,5.218115
442,50000,12,0.733233,50,0.733233,0.580674,0.724463,467.3046,388.332,462.655037,521.092665,587.296797,5.218115
443,50000,12,0.733233,50,0.733233,0.579093,0.72085,467.5649,387.379,460.884528,521.092665,587.891165,5.218115
444,50000,12,0.733233,50,0.733233,0.578195,0.72102,467.5649,386.5627,460.921908,521.092665,588.045144,5.218115
445,50000,12,0.733556,50,0.733556,0.579187,0.726408,467.5649,387.5935,463.73076,520.838252,587.961909,5.218115
446,50000,12,0.733556,50,0.733556,0.579093,0.719639,467.5649,387.379,460.223858,520.838252,587.961909,5.218115
447,50000,12,0.733556,50,0.733556,0.579998,0.72651,467.5649,387.9995,463.747947,520.838252,587.656439,5.218115
448,50000,12,0.733556,50,0.733556,0.577628,0.724589,467.659,386.4109,462.71646,520.838252,588.385091,5.21264
449,50000,12,0.733559,50,0.733559,0.580168,0.722842,467.5649,387.9995,461.846357,520.838252,587.468248,5.21264
450,50000,12,0.733559,50,0.733556,0.579057,0.725224,467.5851,387.3218,463.046426,520.838252,587.88146,5.21264
451,50000,12,0.733559,50,0.733559,0.580168,0.725965,467.5851,387.9995,463.431698,520.838252,587.468248,5.21264
452,50000,12,0.73378,50,0.73378,0.57892,0.722685,467.659,387.4668,461.745253,520.838252,588.085381,5.21264
453,50000,12,0.73383,50,0.73383,0.580827,0.724368,467.7714,388.702,462.613783,520.838252,587.425292,5.21264
454,50000,12,0.73383,50,0.73383,0.563565,0.724151,467.7714,379.731,462.512298,520.757609,594.878438,5.215714
455,50000,12,0.73383,50,0.73378,0.56152,0.725241,468.0907,378.1015,463.072418,520.757609,595.381699,5.213481
456,50000,12,0.734572,50,0.734572,0.580838,0.727504,468.0907,388.3925,464.228365,520.14824,587.209577,5.213481
457,50000,12,0.734572,50,0.734572,0.580674,0.728222,468.2338,388.332,464.637782,520.14824,587.296797,5.213481
458,50000,12,0.734572,50,0.734572,0.580674,0.725315,468.2338,388.332,463.159641,520.14824,587.296797,5.213481
459,50000,12,0.734917,50,0.734917,0.580674,0.724822,468.2383,388.332,462.895549,520.14824,587.296797,5.213481
460,50000,12,0.734917,50,0.734917,0.580674,0.726365,468.2383,388.332,463.701154,520.14824,587.404954,5.213481
461,50000,12,0.734917,50,0.734917,0.579724,0.726504,468.2383,387.8572,463.757847,520.14824,587.719866,5.211405
462,50000,12,0.734917,50,0.734917,0.579724,0.729444,468.2383,387.8572,465.232662,520.14824,587.719866,5.211405
463,50000,12,0.736095,50,0.736095,0.579724,0.726146,468.6395,387.8572,463.55989,519.882757,587.719866,5.211405
464,50000,12,0.736095,50,0.736095,0.577895,0.722414,468.6395,387.3679,461.631089,519.882757,588.818644,5.211405
465,50000,12,0.736095,50,0.736095,0.571364,0.719451,468.6395,383.3186,460.053133,519.882757,591.198705,5.211405
466,50000,12,0.736095,50,0.736095,0.579724,0.72509,468.6395,387.8572,463.00757,519.882757,587.719866,5.211405
467,50000,12,0.736095,50,0.736095,0.579724,0.721687,468.6395,387.8572,461.250717,519.882757,587.719866,5.211405
468,50000,12,0.736095,50,0.736095,0.580674,0.726604,468.6395,388.332,463.731919,519.882757,587.296797,5.211405
469,50000,12,0.736095,50,0.736095,0.580326,0.720214,468.6395,388.1361,460.438656,519.882757,587.436605,5.211405
470,50000,12,0.737164,50,0.737164,0.580326,0.725778,469.3413,388.1361,463.32166,519.519132,587.436605,5.211405
471,50000,12,0.737164,50,0.737164,0.57217,0.724237,469.3413,384.0244,462.527267,519.519132,591.043682,5.211405
472,50000,12,0.737164,50,0.737164,0.56425,0.724051,469.3413,380.538,462.428058,519.519132,594.884831,5.211405
473,50000,12,0.737164,50,0.737164,0.580674,0.728196,469.3413,388.332,464.501061,519.519132,587.296797,5.211405
474,50000,12,0.737164,50,0.737164,0.579159,0.728258,469.3413,387.5167,464.542334,519.519132,587.932051,5.211405
475,50000,12,0.737164,50,0.737164,0.579159,0.729428,469.3413,387.5167,465.09986,519.519132,587.932051,5.211405
476,50000,12,0.738034,50,0.738034,0.580215,0.72411,469.6593,388.1678,462.411151,519.05329,587.544374,5.211405
477,50000,12,0.738034,50,0.738034,0.581749,0.726449,469.6593,388.9525,463.598236,519.05329,586.880121,5.211405
478,50000,12,0.738034,50,0.738034,0.619757,0.730326,469.6593,409.2683,465.639734,519.05329,570.841848,5.211405
479,50000,12,0.738138,50,0.738138,0.579797,0.725934,469.6593,388.1054,463.388175,518.972647,587.828634,5.211405
480,50000,12,0.738138,50,0.738138,0.580674,0.721485,469.6593,388.332,461.117409,518.972647,587.296797,5.211405
481,50000,12,0.738138,50,0.738138,0.580674,0.727787,469.6593,388.332,464.353417,518.972647,587.296797,5.211405
482,50000,12,0.738138,50,0.738138,0.581607,0.732521,469.6593,388.8316,466.777177,518.972647,586.903552,5.211405
483,50000,12,0.738138,50,0.738138,0.581105,0.726824,469.6593,388.6375,463.867698,518.972647,587.165543,5.211405
484,50000,12,0.738138,50,0.738138,0.581715,0.728805,469.6593,388.9525,464.909324,518.972647,586.900286,5.211405
485,50000,12,0.738138,50,0.738138,0.581749,0.729189,469.6593,388.9525,465.125804,518.972647,586.87388,5.201482
486,50000,12,0.738138,50,0.738138,0.57222,0.729597,469.6593,383.9155,465.266531,518.972647,590.931098,5.201482
487,50000,12,0.738138,50,0.738138,0.580674,0.727504,469.6593,388.332,464.198674,518.972647,587.296797,5.200676
488,50000,12,0.73817,50,0.73817,0.579841,0.729118,469.6593,387.2081,465.066123,518.947217,587.298836,5.195191
489,50000,12,0.73817,50,0.73817,0.581749,0.724925,469.6593,388.9525,462.902784,518.947217,586.921456,5.195191
490,50000,12,0.738274,50,0.738274,0.580759,0.723863,469.6593,388.332,462.341457,518.866574,587.230373,5.195191
491,50000,12,0.738274,50,0.73817,0.57993,0.73026,469.6593,386.7597,465.634305,518.947217,586.82336,5.195191
492,50000,12,0.738274,50,0.73817,0.580374,0.728435,469.6593,388.455,464.710786,518.947217,587.613143,5.195191
493,50000,12,0.738274,50,0.73817,0.578684,0.729004,469.6593,387.759,465.019536,518.947217,588.46489,5.195191
494,50000,12,0.738274,50,0.73817,0.581749,0.731607,469.6593,388.9525,466.359434,518.947217,586.87388,5.195191
495,50000,12,0.738274,50,0.738274,0.579699,0.731983,469.6593,388.6506,466.562214,518.866574,588.270605,5.194385
496,50000,12,0.738274,50,0.738274,0.570958,0.733742,469.6593,383.1782,467.436914,518.866574,591.421931,5.194385
497,50000,12,0.738275,50,0.738275,0.581749,0.731773,469.6593,388.9525,466.388209,518.865923,586.87388,5.194178
498,50000,12,0.738275,50,0.738275,0.562906,0.721329,469.6593,379.4267,461.011359,518.865923,595.188525,5.194178
499,50000,12,0.738275,50,0.738275,0.577798,0.727775,469.6593,387.5537,464.350006,518.865923,589.018636,5.194178
500,50000,12,0.738275,50,0.738275,0.581749,0.731007,469.6593,388.9525,466.011921,518.865923,586.87388,5.194178
501,50000,12,0.738275,50,0.738275,0.571009,0.728036,469.6593,382.8693,464.470654,518.865923,591.174792,5.194178
502,50000,12,0.738783,50,0.738783,0.581749,0.727624,469.6593,388.9525,464.233446,518.469577,586.87388,5.194178
503,50000,12,0.738783,50,0.738411,0.581749,0.726568,469.6593,388.9525,463.705431,518.75985,586.87388,5.194178
504,50000,12,0.738783,50,0.738411,0.581364,0.723507,469.6593,388.6065,462.094098,518.75985,586.942629,5.194178
505,50000,12,0.738783,50,0.738411,0.581749,0.727742,469.6593,388.9525,464.327688,518.75985,586.87388,5.194178
506,50000,12,0.738783,50,0.738411,0.581834,0.728618,469.6593,388.9525,464.758897,518.75985,586.860141,5.194178
507,50000,12,0.738783,50,0.738411,0.581834,0.725165,469.6593,388.9525,462.993543,518.75985,586.860141,5.194178
508,50000,12,0.738783,50,0.738411,0.581749,0.724586,469.6593,388.9525,462.740736,518.75985,586.87388,5.194178
509,50000,12,0.738783,50,0.738411,0.581749,0.723384,469.6593,388.9525,462.097173,518.75985,586.962454,5.194178
510,50000,12,0.738783,50,0.738411,0.581834,0.727465,469.6593,388.9525,464.235545,518.75985,586.807456,5.194178
511,50000,12,0.738783,50,0.738411,0.571506,0.729457,469.7719,383.2238,465.191111,518.75985,591.024385,5.19404
512,50000,12,0.738783,50,0.738411,0.571651,0.731016,469.7719,383.2155,465.971718,518.75985,590.905884,5.19404
513,50000,12,0.738783,50,0.738411,0.580566,0.726076,469.7719,388.3081,463.449076,518.75985,587.364967,5.19404
514,50000,12,0.738783,50,0.738411,0.580959,0.72306,469.7719,388.4333,461.845519,518.75985,587.313223,5.19404
515,50000,12,0.738783,50,0.738411,0.582647,0.731315,469.7719,389.9074,466.102482,518.75985,586.813453,5.19404
516,50000,12,0.738783,50,0.738508,0.562228,0.72448,469.7719,377.4583,462.60185,518.759186,594.39806,5.19404
517,50000,12,0.738783,50,0.738411,0.581749,0.726402,469.7719,388.9525,463.558019,518.75985,586.87388,5.19404
518,50000,12,0.738783,50,0.738411,0.581749,0.730114,469.7719,388.9525,465.466184,518.75985,586.87388,5.19404
519,50000,12,0.738783,50,0.738511,0.581834,0.734666,469.7719,388.9525,467.803071,518.681254,586.807456,5.19404
520,50000,12,0.738783,50,0.738511,0.580369,0.73025,469.7719,387.9844,465.537509,518.681254,587.301381,5.19404
521,50000,12,0.738783,50,0.738511,0.579511,0.727006,469.7719,387.543,463.855595,518.681254,587.675325,5.19404
522,50000,12,0.738783,50,0.738511,0.581749,0.725039,469.7719,388.9525,462.829894,518.681254,586.87388,5.19404
523,50000,12,0.738783,50,0.738609,0.581749,0.72525,469.7719,388.9525,462.929609,518.68059,586.87388,5.194034
524,50000,12,0.738783,50,0.738609,0.581834,0.731134,469.7719,388.9525,465.950066,518.68059,586.807456,5.188653
525,50000,12,0.738783,50,0.738609,0.570945,0.728288,469.7719,382.9387,464.451661,518.68059,591.271484,5.188653
526,50000,12,0.738783,50,0.738609,0.570945,0.730691,469.7719,382.9387,465.727764,518.68059,591.271484,5.188653
527,50000,12,0.738783,50,0.738647,0.581749,0.734525,469.7719,388.9525,467.664877,518.575181,586.87388,5.186806
528,50000,12,0.738783,50,0.738647,0.580459,0.734711,469.7719,388.455,467.773096,518.575181,587.546719,5.186806
529,50000,12,0.738783,50,0.738647,0.581834,0.735252,469.7719,388.9525,468.052448,518.575181,586.807456,5.186806
530,50000,12,0.738783,50,0.738745,0.57872,0.729394,469.7719,386.099,465.03884,518.574517,587.32435,5.186806
531,50000,12,0.738783,50,0.738647,0.581847,0.735028,469.7719,389.0651,467.917269,518.575181,586.873216,5.186806
532,50000,12,0.738783,50,0.738745,0.581834,0.731936,469.7719,388.9525,466.305324,518.574517,586.807456,5.186806
533,50000,12,0.738783,50,0.738745,0.581834,0.732266,469.7719,388.9525,466.489272,518.574517,586.807456,5.186806
534,50000,12,0.738783,50,0.738745,0.581834,0.733227,469.7719,388.9525,466.960316,518.574517,586.873216,5.186806
535,50000,12,0.738783,50,0.738745,0.583193,0.736642,469.7719,389.5544,468.720456,518.574517,586.150854,5.186806
536,50000,12,0.738783,50,0.738745,0.581805,0.735314,469.7719,388.9525,468.024474,518.574517,586.830251,5.186806
537,50000,12,0.738783,50,0.738745,0.57856,0.732272,469.7719,387.0365,466.45911,518.574517,588.077331,5.186806
538,50000,12,0.7394,50,0.7394,0.573475,0.728116,470.0597,384.9337,464.329413,518.256698,590.634497,5.186806
539,50000,12,0.7394,50,0.7394,0.698937,0.737667,470.0597,448.6411,469.195176,518.256698,535.465235,5.186806
540,50000,12,0.7394,50,0.7394,0.580817,0.733511,470.0597,388.0278,467.063474,518.256698,586.981591,5.186782
541,50000,12,0.7394,50,0.7394,0.581847,0.734686,470.0597,389.0651,467.658165,518.256698,586.873216,5.186782
542,50000,12,0.739948,50,0.739948,0.581847,0.734346,470.679,389.0651,467.498571,518.243821,586.873216,5.186782
543,50000,12,0.739948,50,0.739948,0.582558,0.735664,470.679,389.3449,468.183749,518.243821,586.506125,5.186782
544,50000,12,0.739948,50,0.739948,0.571041,0.730787,470.679,383.2908,465.649528,518.243821,591.432713,5.186782
545,50000,12,0.739948,50,0.739948,0.583,0.73594,470.679,389.902,468.29136,518.243821,586.534822,5.186782
546,50000,12,0.739948,50,0.739948,0.581832,0.734081,470.679,389.0651,467.346409,518.150624,586.884663,5.182567
547,50000,12,0.739948,50,0.739948,0.581834,0.735677,470.679,388.9525,468.173847,518.150624,586.807456,5.182567
548,50000,12,0.739948,50,0.739948,0.581834,0.728171,470.679,388.9525,464.30268,518.150624,586.807456,5.182567
549,50000,12,0.739948,50,0.739948,0.581834,0.730382,470.679,388.9525,465.45998,518.150624,586.807456,5.182567
550,50000,12,0.739948,50,0.739948,0.581834,0.734875,470.679,388.9525,467.751756,518.117458,586.807456,5.182567
551,50000,12,0.739948,50,0.739948,0.570186,0.727397,470.679,382.4994,463.916665,518.150624,591.569086,5.182567
552,50000,12,0.739948,50,0.739948,0.582022,0.733923,470.679,389.022,467.302388,518.150624,586.707665,5.182567
553,50000,12,0.739948,50,0.739948,0.583881,0.735164,470.679,390.2961,467.956298,518.127242,586.315494,5.182567
554,50000,12,0.739948,50,0.739948,0.581832,0.73463,470.679,389.0651,467.698524,518.123304,586.884663,5.18153
555,50000,12,0.739948,50,0.739948,0.581818,0.736219,470.679,389.6844,468.494724,518.123304,587.310469,5.18153
556,50000,12,0.740081,50,0.740081,0.581818,0.735748,470.679,389.5718,468.272648,518.123304,587.310469,5.182438
557,50000,12,0.740081,50,0.740081,0.58212,0.732991,470.679,389.1346,466.860692,518.053186,586.871786,5.182438
558,50000,12,0.740081,50,0.740081,0.58212,0.734686,470.679,389.1346,467.763474,518.050833,586.78855,5.181401
559,50000,12,0.740081,50,0.740081,0.583373,0.737779,470.679,390.7152,469.35576,517.97603,586.78855,5.181401
560,50000,12,0.740136,50,0.740136,0.737808,0.737857,470.7485,469.3152,469.409334,517.97603,518.999246,5.181401
561,50000,12,0.740136,50,0.740136,0.581932,0.736257,470.7485,389.0651,468.596792,517.97603,586.806791,5.181401
562,50000,12,0.740136,50,0.740084,0.583097,0.737807,470.679,389.8576,469.385819,517.97603,586.429411,5.181401
563,50000,12,0.740249,50,0.740249,0.581962,0.736354,470.7597,389.0651,468.691562,517.97603,586.783409,5.181401
564,50000,12,0.740437,50,0.740437,0.573876,0.736304,470.8292,385.3768,468.675355,517.963153,590.618671,5.181401
565,50000,12,0.740437,50,0.740437,0.611951,0.738367,470.8292,405.3813,469.738314,517.963153,574.325334,5.181401
566,50000,12,0.740437,50,0.740437,0.582381,0.73651,470.8292,389.6844,468.794695,517.963153,586.871786,5.181377
567,50000,12,0.740437,50,0.740437,0.6205,0.738045,470.8292,409.8296,469.581666,517.952648,570.637964,5.181377
568,50000,12,0.740437,50,0.740437,0.582381,0.73816,470.8292,389.6844,469.629444,517.952648,586.871786,5.181377
569,50000,12,0.740437,50,0.740437,0.582007,0.738203,470.8292,389.5202,469.636993,517.952648,587.052939,5.181377
570,50000,12,0.740437,50,0.740437,0.562807,0.735605,470.8292,377.5323,468.296893,517.952648,593.995917,5.181377
571,50000,12,0.740437,50,0.740437,0.582466,0.733599,470.8292,389.6844,467.295386,517.952648,586.805362,5.181377
572,50000,12,0.740806,50,0.740806,0.582639,0.733763,471.394,389.7651,467.373084,517.952648,586.724029,5.181377
573,50000,12,0.740806,50,0.740437,0.582353,0.73675,470.8292,389.022,468.90709,517.952648,586.449689,5.181377
574,50000,12,0.740806,50,0.740437,0.582466,0.732471,470.8292,389.6844,466.721522,517.963153,586.805362,5.181377
575,50000,12,0.740806,50,0.740437,0.582466,0.730638,470.8292,389.6844,465.785062,517.963153,586.805362,5.181377
576,50000,12,0.740806,50,0.740437,0.572007,0.727845,470.8292,383.3976,464.372889,517.963153,590.750452,5.181377
577,50000,12,0.740806,50,0.740437,0.580562,0.729325,470.8292,387.4916,465.116448,517.963153,586.821266,5.181377
578,50000,12,0.740806,50,0.740437,0.572007,0.734551,470.8292,383.3976,467.812656,517.963153,590.750452,5.181377
579,50000,12,0.740806,50,0.740437,0.563047,0.735398,470.8292,378.2597,468.201886,517.963153,594.296175,5.181377
580,50000,12,0.740806,50,0.740437,0.582742,0.733179,470.8292,389.8346,467.13382,517.963153,586.70463,5.181377
581,50000,12,0.740806,50,0.740437,0.582653,0.737464,470.8292,389.7539,469.291515,517.963153,586.705571,5.181377
582,50000,12,0.740806,50,0.740437,0.578664,0.732342,470.8292,386.7913,466.660378,517.963153,587.831907,5.181377
583,50000,12,0.740806,50,0.740437,0.571761,0.731767,470.8292,383.5598,466.372428,517.963153,591.051294,5.181377
584,50000,12,0.740806,50,0.740437,0.579762,0.730618,470.8292,387.4722,465.791511,517.963153,587.432025,5.181377
585,50000,12,0.740806,50,0.740437,0.582864,0.735414,470.8292,389.8346,468.268044,517.963153,586.595099,5.18038
586,50000,12,0.740806,50,0.740437,0.581195,0.735437,470.8292,388.9386,468.284085,517.963153,587.297166,5.18038
587,50000,12,0.740806,50,0.740437,0.582827,0.736504,470.8292,389.8346,468.812906,517.963153,586.624238,5.18038
588,50000,12,0.740806,50,0.740437,0.582653,0.733593,470.8292,389.7539,467.318453,517.866109,586.705571,5.18038
589,50000,12,0.740806,50,0.740437,0.622538,0.73816,470.8292,410.8528,469.668187,517.963153,569.734184,5.18038
590,50000,12,0.740806,50,0.740437,0.581368,0.737432,470.8292,389.0193,469.29929,517.963153,587.215834,5.18038
591,50000,12,0.740806,50,0.740437,0.693339,0.739541,470.8292,445.2057,470.336741,517.963153,537.52936,5.18038
592,50000,12,0.740806,50,0.740467,0.573298,0.725632,470.8292,384.7976,463.193973,517.939771,590.681456,5.18038
593,50000,12,0.740806,50,0.740624,0.580891,0.728186,470.8292,388.8542,464.554556,517.76296,587.477736,5.18038
594,50000,12,0.740806,50,0.740624,0.58262,0.732649,470.8292,389.7539,466.796889,517.76296,586.731977,5.18038
595,50000,12,0.740806,50,0.740624,0.582653,0.732746,470.8292,389.7539,466.880375,517.76296,586.705571,5.18038
596,50000,12,0.740806,50,0.740624,0.582653,0.730855,470.8292,389.7539,465.878937,517.76296,586.705571,5.18038
597,50000,12,0.740806,50,0.740624,0.582653,0.73187,470.8292,389.7539,466.400784,517.76296,586.705571,5.18038
598,50000,12,0.740806,50,0.740624,0.582653,0.728594,470.8292,389.7539,464.688134,517.76296,586.705571,5.179632
599,50000,12,0.740806,50,0.740679,0.582653,0.735171,471.0737,389.7539,468.080427,517.76296,586.705571,5.179632
600,50000,12,0.740806,50,0.740624,0.582827,0.732525,470.8292,389.8346,466.730772,517.76296,586.624238,5.179632
601,50000,12,0.740806,50,0.74079,0.582827,0.730099,470.8292,389.8346,465.515858,517.688157,586.624238,5.179632
602,50000,12,0.740806,50,0.74079,0.581076,0.734544,470.8292,388.3492,467.775072,517.688157,586.994536,5.179632
603,50000,12,0.740806,50,0.74079,0.582827,0.73474,470.8292,389.8346,467.878728,517.688157,586.624238,5.179632
604,50000,12,0.740806,50,0.74079,0.582827,0.732155,470.8292,389.8346,466.533384,517.688157,586.624238,5.179632
605,50000,12,0.740806,50,0.74079,0.582793,0.732907,470.8292,389.8346,466.895153,517.688157,586.650644,5.176882
606,50000,12,0.741184,50,0.741184,0.582827,0.73163,470.8292,389.7539,466.230855,517.380851,586.624238,5.176882
607,50000,12,0.741184,50,0.741184,0.571558,0.737523,470.8292,383.3527,469.253468,517.380851,591.070725,5.176882
608,50000,12,0.741184,50,0.741184,0.582827,0.734213,470.8292,389.8346,467.568869,517.380851,586.624238,5.176882
609,50000,12,0.741184,50,0.741184,0.58273,0.734613,470.8292,389.8346,467.75854,517.380851,586.699916,5.176882
610,50000,12,0.741184,50,0.741184,0.584423,0.736184,470.8292,390.7632,468.563477,517.380851,586.001586,5.176882
611,50000,12,0.741184,50,0.741184,0.582827,0.73352,470.8292,389.8346,467.186902,517.380851,586.624238,5.176882
612,50000,12,0.741184,50,0.741184,0.574468,0.727261,470.8292,385.8158,463.994378,517.380851,590.451279,5.176882
613,50000,12,0.741214,50,0.741214,0.581456,0.736135,470.8292,388.2343,468.505536,517.357469,586.621461,5.176882
614,50000,12,0.741214,50,0.741214,0.583722,0.734743,470.8292,390.0406,467.772743,517.357469,586.072335,5.176882
615,50000,12,0.741214,50,0.741214,0.578965,0.734615,470.8292,386.7913,467.705681,517.357469,587.597314,5.176882
616,50000,12,0.741214,50,0.741214,0.583128,0.734404,470.8292,389.8346,467.588483,517.357469,586.389645,5.176882
617,50000,12,0.741214,50,0.741214,0.583543,0.737898,470.8292,389.8346,469.3645,517.357469,586.065658,5.176882
618,50000,12,0.741214,50,0.741214,0.582954,0.735995,470.8292,389.7539,468.387035,517.357469,586.470977,5.176882
619,50000,12,0.741214,50,0.741214,0.563522,0.733023,470.8292,378.3404,466.850117,517.357469,593.980249,5.176882
620,50000,12,0.741214,50,0.741214,0.582954,0.734462,470.8292,389.7539,467.571018,517.357469,586.470977,5.176882
621,50000,12,0.741214,50,0.741214,0.582153,0.729499,470.8292,389.5129,464.98478,517.357469,586.934772,5.176882
622,50000,12,0.741214,50,0.741214,0.582153,0.728824,470.8292,389.5129,464.631648,517.357469,586.934772,5.176882
623,50000,12,0.741214,50,0.741214,0.580268,0.73009,470.8292,387.7616,465.253641,517.357469,587.231066,5.176882
624,50000,12,0.741214,50,0.741214,0.582954,0.732418,470.8292,389.7539,466.455779,517.357469,586.470977,5.176882
625,50000,12,0.741214,50,0.741214,0.580764,0.732951,470.8292,388.8705,466.708844,517.357469,587.587505,5.176882
626,50000,12,0.741214,50,0.741214,0.580263,0.733127,470.8292,388.0757,466.797178,517.357469,587.445406,5.176882
627,50000,12,0.742356,50,0.742356,0.583128,0.732328,471.7883,389.8346,466.426384,517.108751,586.389645,5.176648
628,50000,12,0.742386,50,0.742386,0.583128,0.736113,471.7883,389.8346,468.326514,517.085368,586.389645,5.176648
629,50000,12,0.742386,50,0.742386,0.583128,0.737121,471.7883,389.8346,468.842436,517.085368,586.389645,5.176648
630,50000,12,0.742386,50,0.742386,0.583128,0.736614,471.7883,389.8346,468.564128,517.085368,586.389645,5.173809
631,50000,12,0.742386,50,0.742386,0.583128,0.7314,471.7883,389.8346,465.915503,517.085368,586.389645,5.173809
632,50000,12,0.742386,50,0.742386,0.583543,0.735019,471.7883,389.8346,467.735221,517.085368,586.065658,5.173575
633,50000,12,0.742386,50,0.742386,0.583158,0.737658,471.7883,389.8346,469.094104,517.085368,586.366263,5.173575
634,50000,12,0.742386,50,0.742386,0.583543,0.735412,471.7883,389.8346,467.945643,517.085368,586.065658,5.173575
635,50000,12,0.742386,50,0.742386,0.584424,0.735778,471.7883,390.3644,468.14499,517.085368,585.733959,5.173575
636,50000,12,0.742386,50,0.742386,0.562836,0.73624,471.7883,378.1553,468.359109,517.085368,594.391219,5.173575
637,50000,12,0.742386,50,0.742386,0.583158,0.733083,471.7883,389.8346,466.756057,517.085368,586.366263,5.173098
638,50000,12,0.742386,50,0.742386,0.583543,0.735024,471.7883,389.8346,467.754757,517.085368,586.065658,5.173098
639,50000,12,0.742386,50,0.742386,0.584394,0.737631,471.7883,390.3644,469.058681,517.085368,585.757341,5.173098
640,50000,12,0.742386,50,0.742386,0.584107,0.737814,471.7883,390.2232,469.163296,517.085368,585.886609,5.173098
641,50000,12,0.742386,50,0.742386,0.574045,0.73402,471.7883,384.7976,467.258768,517.085368,590.098781,5.173098
642,50000,12,0.742565,50,0.742565,0.584015,0.732832,471.9249,389.9712,466.651094,517.037743,585.788825,5.173098
643,50000,12,0.743121,50,0.743121,0.583752,0.734356,472.5592,389.9712,467.420539,517.02878,585.994651,5.173098
644,50000,12,0.743121,50,0.743121,0.572178,0.736567,472.5592,383.4334,468.570069,516.945576,590.641311,5.173098
645,50000,12,0.743121,50,0.743121,0.572654,0.733773,472.5592,383.8208,467.153676,516.945576,590.529686,5.173098
646,50000,12,0.743121,50,0.743121,0.572654,0.735741,472.5592,383.8208,468.203887,516.945576,590.529686,5.173098
647,50000,12,0.743121,50,0.743121,0.580245,0.738544,472.5592,388.7985,469.657439,516.945576,587.944285,5.173098
648,50000,12,0.743318,50,0.743318,0.580245,0.734987,472.6509,387.7592,467.897647,516.936613,587.944285,5.173098
649,50000,12,0.743318,50,0.743318,0.580245,0.729452,472.6509,388.7985,465.035668,516.936613,587.944285,5.173098
650,50000,12,0.743318,50,0.743318,0.583573,0.734966,472.6509,389.8346,467.83987,516.936613,586.042276,5.173009
651,50000,12,0.743318,50,0.743318,0.583999,0.736937,472.6509,390.0629,468.916029,516.936613,585.862835,5.173009
652,50000,12,0.743318,50,0.743318,0.583573,0.735356,472.6509,389.8346,468.132211,516.936613,586.042276,5.173009
653,50000,12,0.743318,50,0.743318,0.573445,0.730488,472.6509,384.0976,465.656035,516.936613,590.097663,5.170288
654,50000,12,0.743318,50,0.743318,0.583543,0.735049,472.6509,389.8346,468.042334,516.936613,586.065658,5.170288
655,50000,12,0.743318,50,0.743318,0.583573,0.736504,472.6509,389.8346,468.809351,516.936613,586.042276,5.170288
656,50000,12,0.743318,50,0.743318,0.572304,0.736503,472.6509,383.4217,468.826876,516.936613,590.534789,5.170288
657,50000,12,0.743318,50,0.743318,0.583543,0.734826,472.6509,389.8346,467.989581,516.936613,586.065658,5.170288
658,50000,12,0.743318,50,0.743318,0.583573,0.732413,472.6509,389.8346,466.734675,516.936613,586.042276,5.170288
659,50000,12,0.743318,50,0.743318,0.583543,0.734345,472.6509,389.8346,467.772939,516.936613,586.065658,5.170288
660,50000,12,0.743348,50,0.743348,0.581621,0.73207,472.6509,388.9875,466.650999,516.913231,586.99703,5.169366
661,50000,12,0.743348,50,0.743318,0.583999,0.736276,472.6509,390.0629,468.865935,516.936613,585.862835,5.169366
662,50000,12,0.743348,50,0.743348,0.583844,0.737867,472.6509,389.8346,469.692535,516.913231,585.831065,5.169366
663,50000,12,0.743348,50,0.743348,0.676827,0.739681,472.6509,439.9821,470.679408,516.913231,546.908688,5.169366
664,50000,12,0.743348,50,0.743348,0.676827,0.742354,472.6509,439.9821,472.057048,516.913231,546.908688,5.169366
665,50000,12,0.743348,50,0.743348,0.58413,0.740748,472.6509,390.4689,471.249859,516.913231,586.033313,5.169366
666,50000,12,0.743348,50,0.743348,0.58413,0.738309,472.6509,390.4689,470.002773,516.913231,586.033313,5.169366
667,50000,12,0.743348,50,0.743348,0.584556,0.741546,472.6509,390.6972,471.667252,516.913231,585.853872,5.169366
668,50000,12,0.743348,50,0.743348,0.584556,0.735197,472.6509,390.6972,468.401424,516.913231,585.853872,5.169366
669,50000,12,0.743348,50,0.743348,0.584556,0.737192,472.6509,390.6972,469.447362,516.913231,585.853872,5.169366
670,50000,12,0.743348,50,0.743348,0.58369,0.737842,472.6509,390.286,469.76029,516.913231,586.253452,5.169366
671,50000,12,0.743348,50,0.743348,0.58214,0.734478,472.6509,389.8959,468.055522,516.913231,587.201406,5.169366
672,50000,12,0.743348,50,0.743348,0.564264,0.732838,472.6509,379.0179,467.217437,516.913231,593.855446,5.169366
673,50000,12,0.743348,50,0.743348,0.564264,0.733528,472.6509,379.0179,467.555904,516.913231,593.855446,5.169366
674,50000,12,0.743348,50,0.743348,0.584556,0.735893,472.6509,390.6972,468.795632,516.913231,585.853872,5.169366
675,50000,12,0.7434,50,0.7434,0.583993,0.739302,472.6509,390.6972,470.576342,516.872655,586.292555,5.169366
676,50000,12,0.7434,50,0.7434,0.584556,0.737392,472.6509,390.6972,469.588404,516.872655,586.09785,5.169366
677,50000,12,0.7434,50,0.7434,0.574458,0.733622,472.6509,384.9602,467.637028,516.872655,589.885876,5.169366
678,50000,12,0.7434,50,0.7434,0.567447,0.734446,472.6509,382.0962,468.053047,516.872655,593.435513,5.169366
679,50000,12,0.74343,50,0.74343,0.567447,0.731243,472.6509,382.0962,466.359245,516.849273,593.435513,5.169366
680,50000,12,0.74343,50,0.74343,0.57319,0.738736,472.6509,384.296,470.262138,516.849273,590.429524,5.169366
681,50000,12,0.74343,50,0.74343,0.584638,0.739741,472.6509,390.6972,470.782234,516.849273,585.789914,5.169366
682,50000,12,0.74343,50,0.74343,0.584586,0.735359,472.6509,390.6972,468.514037,516.849273,585.83049,5.169366
683,50000,12,0.74343,50,0.74343,0.583188,0.736696,472.6509,390.1997,469.203599,516.849273,586.587747,5.169366
684,50000,12,0.74343,50,0.74343,0.583188,0.733947,472.6509,390.1997,467.782724,516.849273,586.587747,5.169366
685,50000,12,0.74343,50,0.74343,0.584556,0.734366,472.6509,390.6972,467.998684,516.849273,585.853872,5.169366
686,50000,12,0.74343,50,0.74343,0.584586,0.74094,472.6509,390.6972,471.378528,516.849273,585.83049,5.169366
687,50000,12,0.74343,50,0.74343,0.584586,0.739776,472.6509,390.6972,470.791761,516.849273,585.83049,5.169366
688,50000,12,0.74343,50,0.74343,0.584586,0.738669,472.6509,390.6972,470.232522,516.849273,585.83049,5.169366
689,50000,12,0.744155,50,0.744155,0.584586,0.735097,473.4244,390.6972,468.412,516.802586,585.83049,5.169366
690,50000,12,0.744155,50,0.744155,0.584586,0.731834,473.4244,390.6972,466.719293,516.802586,585.83049,5.168493
691,50000,12,0.744155,50,0.744155,0.584068,0.736453,473.4244,389.9209,469.113292,516.802586,585.83049,5.168493
692,50000,12,0.744155,50,0.744155,0.564295,0.733166,473.4244,379.0179,467.370119,516.802586,593.83135,5.168493
693,50000,12,0.744155,50,0.744155,0.584171,0.736304,473.4244,390.425,468.976635,516.680493,585.97173,5.168493
694,50000,12,0.744155,50,0.744155,0.584668,0.738671,473.4244,390.6972,470.237276,516.802586,585.766532,5.168493
695,50000,12,0.744155,50,0.744155,0.585392,0.737878,473.4244,391.4707,469.846419,516.802586,585.719845,5.168493
696,50000,12,0.744155,50,0.744155,0.584668,0.73437,473.4244,390.6972,468.033592,516.802586,585.766532,5.168493
697,50000,12,0.744155,50,0.744155,0.584668,0.738525,473.4244,390.6972,470.154369,516.802586,585.766532,5.168493
698,50000,12,0.744155,50,0.744155,0.584668,0.736925,473.4244,390.6972,469.318923,516.802586,585.783802,5.168493
699,50000,12,0.744155,50,0.744155,0.584586,0.735256,473.4244,390.6972,468.48443,516.802586,585.911614,5.168493
700,50000,12,0.744155,50,0.744155,0.584668,0.739026,473.4244,390.6972,470.418898,516.802586,585.783802,5.168493
701,50000,12,0.744155,50,0.744155,0.584668,0.737906,473.4244,390.6972,469.863974,516.802586,585.766532,5.168493
702,50000,12,0.744155,50,0.744155,0.584209,0.740424,473.4244,390.533,471.20392,516.802586,586.014109,5.168493
703,50000,12,0.744155,50,0.744155,0.62344,0.741957,473.4244,411.3325,471.999924,516.802586,569.352266,5.168493
704,50000,12,0.744155,50,0.744155,0.584668,0.741315,473.4244,390.6972,471.722291,516.802586,585.766532,5.168493
705,50000,12,0.744155,50,0.744155,0.584699,0.737328,473.4244,390.5379,469.641071,516.802586,585.719845,5.168493
706,50000,12,0.744155,50,0.744155,0.58663,0.741427,473.4244,391.812,471.732898,516.802586,584.983077,5.168493
707,50000,12,0.744155,50,0.744155,0.584737,0.740517,473.4244,390.6972,471.302074,516.802586,585.712881,5.168493
708,50000,12,0.744155,50,0.744155,0.574123,0.735814,473.4244,385.0578,468.906829,516.750175,590.212358,5.168493
709,50000,12,0.744155,50,0.744155,0.585392,0.741281,473.4244,391.4707,471.789511,516.802586,585.719845,5.168493
710,50000,12,0.744155,50,0.744155,0.585392,0.739719,473.4244,391.4707,470.99199,516.802586,585.719845,5.168493
711,50000,12,0.744155,50,0.744155,0.584658,0.735992,473.4244,390.6972,469.077107,516.802586,585.866554,5.168026
712,50000,12,0.744181,50,0.744181,0.585392,0.740272,473.4244,391.4707,471.256233,516.781858,585.719845,5.168026
713,50000,12,0.744181,50,0.744181,0.584668,0.734314,473.4244,390.6972,468.193957,516.781858,585.766532,5.168026
714,50000,12,0.744181,50,0.744181,0.586597,0.741404,473.4244,392.4802,471.831936,516.753298,585.456658,5.168026
715,50000,12,0.744181,50,0.744181,0.703193,0.74287,473.4244,451.5334,472.624077,516.781858,534.083682,5.168026
716,50000,12,0.744181,50,0.744181,0.584638,0.735602,473.4244,390.6972,468.884513,516.781858,585.78948,5.168026
717,50000,12,0.744181,50,0.744181,0.568284,0.737408,473.4244,382.8697,469.826769,516.781858,593.300773,5.168026
718,50000,12,0.744181,50,0.744181,0.568284,0.73424,473.4244,382.8697,468.193798,516.781858,593.300773,5.168026
719,50000,12,0.744181,50,0.744181,0.568284,0.730916,473.4244,382.8697,466.462183,516.781858,593.300773,5.168026
720,50000,12,0.744181,50,0.744181,0.584668,0.732841,473.4244,390.6972,467.495863,516.781858,585.766532,5.168026
721,50000,12,0.744181,50,0.744181,0.585392,0.739875,473.4244,391.4707,471.152344,516.781858,585.719845,5.168026
722,50000,12,0.744181,50,0.744181,0.585392,0.736844,473.4244,391.4707,469.550849,516.781858,585.719845,5.168026
723,50000,12,0.744181,50,0.744181,0.584896,0.738547,473.4244,391.1535,470.438936,516.781858,585.894117,5.167819
724,50000,12,0.744181,50,0.744181,0.584317,0.737419,473.4244,390.8538,469.868079,516.781858,586.144801,5.167819
725,50000,12,0.744181,50,0.744181,0.585392,0.736791,473.4244,391.4707,469.574342,516.781858,585.719845,5.167819
726,50000,12,0.744328,50,0.744328,0.585392,0.739011,473.6058,391.4707,470.741026,516.779314,585.719845,5.167819
727,50000,12,0.744328,50,0.744328,0.585392,0.737789,473.6058,391.4707,470.127844,516.779314,585.719845,5.167819
728,50000,12,0.744328,50,0.744328,0.585571,0.738415,473.6058,391.6073,470.483218,516.779314,585.67222,5.167819
729,50000,12,0.744328,50,0.744328,0.584792,0.738254,473.6058,390.6944,470.392026,516.779314,585.719845,5.167819
730,50000,12,0.744328,50,0.744328,0.585392,0.735789,473.6058,391.4707,469.138325,516.779314,585.719845,5.167819
731,50000,12,0.744328,50,0.744328,0.585471,0.738744,473.6058,391.4707,470.634383,516.779314,585.658248,5.167819
732,50000,12,0.744328,50,0.744328,0.584432,0.73891,473.6058,390.6944,470.708318,516.779314,586.236985,5.167819
733,50000,12,0.744328,50,0.744328,0.585392,0.740508,473.6058,391.4707,471.533412,516.779314,585.719845,5.167819
734,50000,12,0.744328,50,0.744328,0.574601,0.731443,473.6058,385.3875,466.846408,516.779314,590.267183,5.167819
735,50000,12,0.744328,50,0.744328,0.574601,0.734595,473.6058,385.3875,468.447404,516.779314,590.267183,5.167819
736,50000,12,0.744328,50,0.744328,0.585219,0.734463,473.6058,391.39,468.37881,516.779314,585.801177,5.167819
737,50000,12,0.744328,50,0.744328,0.585219,0.738518,473.6058,391.39,470.543194,516.779314,585.801177,5.167819
738,50000,12,0.744328,50,0.744328,0.585392,0.736281,473.6058,391.4707,469.370285,516.779314,585.719845,5.167793
739,50000,12,0.744328,50,0.744328,0.585392,0.737892,473.6058,391.4707,470.204664,516.779314,585.719845,5.167793
740,50000,12,0.744328,50,0.744328,0.585392,0.737888,473.6058,391.4707,470.211256,516.779314,585.719845,5.167793
741,50000,12,0.744328,50,0.744328,0.584966,0.737423,473.6058,390.8758,469.952257,516.779314,585.719845,5.167793
742,50000,12,0.744328,50,0.744328,0.585392,0.739483,473.6058,391.4707,470.99988,516.779314,585.719845,5.167793
743,50000,12,0.744328,50,0.744328,0.58316,0.737999,473.6058,391.4094,470.254556,516.779314,587.419963,5.167793
744,50000,12,0.744355,50,0.744355,0.585392,0.732087,473.6058,391.4707,467.217925,516.768119,585.719845,5.167793
745,50000,12,0.744355,50,0.744355,0.585392,0.738203,473.6058,391.4707,470.352243,516.768119,585.719845,5.167793
746,50000,12,0.744355,50,0.744355,0.574653,0.739366,473.6058,385.3875,470.944455,516.768119,590.020044,5.167793
747,50000,12,0.744355,50,0.744355,0.585392,0.738589,473.6058,391.4707,470.562163,516.768119,585.719845,5.167793
748,50000,12,0.744355,50,0.744355,0.565512,0.738913,473.6058,380.0488,470.762188,516.768119,593.572748,5.167793
749,50000,12,0.744355,50,0.744355,0.585392,0.740826,473.6058,391.4707,471.738867,516.768119,585.719845,5.167793
750,50000,12,0.744355,50,0.744355,0.585566,0.742518,473.6058,391.6521,472.619629,516.768119,585.706106,5.167793
751,50000,12,0.744355,50,0.744355,0.585392,0.740532,473.6058,391.4707,471.596492,516.768119,585.719845,5.167793
752,50000,12,0.744355,50,0.744355,0.585392,0.738852,473.6058,391.4707,470.759641,516.768119,585.719845,5.167793
753,50000,12,0.744355,50,0.744355,0.583614,0.735833,473.6058,390.805,469.21625,516.768119,586.660859,5.167793
754,50000,12,0.744355,50,0.744355,0.585382,0.733399,473.6058,391.4707,467.94687,516.768119,585.727843,5.167793
755,50000,12,0.744355,50,0.744355,0.585392,0.732827,473.6058,391.4707,467.670627,516.768119,585.719845,5.167681
756,50000,12,0.744355,50,0.744355,0.56596,0.739117,473.6058,380.1579,470.885028,516.768119,593.295997,5.167681
757,50000,12,0.74437,50,0.74437,0.57417,0.736815,473.6058,385.2509,469.724808,516.755735,590.30514,5.167681
758,50000,12,0.744385,50,0.744385,0.585392,0.734806,473.6058,391.4707,468.66039,516.739559,585.719845,5.167681
759,50000,12,0.744385,50,0.744385,0.585392,0.741024,473.6058,391.4707,471.857488,516.739559,585.719845,5.167681
760,50000,12,0.744385,50,0.744385,0.584194,0.738076,473.6058,390.0518,470.354003,516.744289,585.706106,5.167681
761,50000,12,0.744385,50,0.744385,0.63265,0.742188,473.6058,416.3571,472.506621,516.744289,565.535364,5.167681
762,50000,12,0.744385,50,0.744385,0.574318,0.733096,473.6058,385.7326,467.788687,516.744289,590.512238,5.167681
763,50000,12,0.744385,50,0.744385,0.584258,0.732845,473.6058,390.3055,467.656058,516.744289,585.823328,5.167681
764,50000,12,0.744385,50,0.744385,0.582111,0.733199,473.6058,389.0473,467.861821,516.744289,586.655529,5.167681
765,50000,12,0.744385,50,0.744385,0.582111,0.738451,473.6058,389.0473,470.553152,516.744289,586.655529,5.167681
766,50000,12,0.744385,50,0.744385,0.585566,0.737501,473.6058,391.6521,470.073271,516.744289,585.706106,5.167681
767,50000,12,0.744385,50,0.744385,0.585566,0.736808,473.6058,391.6521,469.711131,516.744289,585.706106,5.167681
768,50000,12,0.744385,50,0.744385,0.585566,0.733866,473.6058,391.6521,468.179589,516.744289,585.706106,5.167681
769,50000,12,0.744385,50,0.744385,0.565547,0.73597,473.6058,379.3498,469.252919,516.744289,593.077071,5.167681
770,50000,12,0.744385,50,0.744385,0.582239,0.735559,473.6058,389.6666,469.0618,516.744289,586.970362,5.167681
771,50000,12,0.744385,50,0.744385,0.582239,0.736935,473.6058,389.6666,469.768931,516.744289,586.970362,5.167681
772,50000,12,0.745096,50,0.745096,0.585566,0.737948,473.6058,391.6521,470.278644,516.190013,585.706106,5.167681
773,50000,12,0.745096,50,0.744385,0.582482,0.736796,473.6058,388.7986,469.667148,516.631964,586.19917,5.167681
774,50000,12,0.745096,50,0.744385,0.585566,0.735666,473.6058,391.6521,469.125827,516.744289,585.706106,5.167681
775,50000,12,0.745096,50,0.744385,0.583544,0.733809,473.6058,390.0497,468.184727,516.744289,586.208994,5.167681
776,50000,12,0.745096,50,0.744457,0.585693,0.738946,473.6128,391.6521,470.788674,516.693217,585.607012,5.167681
777,50000,12,0.745096,50,0.744385,0.585566,0.734746,473.6058,391.6521,468.646167,516.744289,585.706106,5.167681
778,50000,12,0.745096,50,0.744385,0.586265,0.73847,473.6058,392.1787,470.566216,516.744289,585.51368,5.167681
779,50000,12,0.745096,50,0.744385,0.585566,0.735551,473.6058,391.6521,469.081386,516.744289,585.706106,5.167681
780,50000,12,0.745096,50,0.744385,0.5847,0.739101,473.6058,391.2409,470.878663,516.744289,586.105686,5.167681
781,50000,12,0.745096,50,0.744385,0.585566,0.735513,473.6058,391.6521,469.052624,516.744289,585.706106,5.167681
782,50000,12,0.745096,50,0.744385,0.584947,0.731956,473.6058,391.1833,467.227158,516.744289,585.950084,5.167681
783,50000,12,0.745096,50,0.745029,0.585566,0.734219,473.6058,391.6521,468.36423,516.242353,585.706106,5.167681
784,50000,12,0.745096,50,0.745029,0.574704,0.735713,473.6058,385.458,469.120209,516.242353,590.027286,5.166256
785,50000,12,0.745096,50,0.745029,0.574813,0.732671,473.6058,385.465,467.557499,516.242353,589.947101,5.166256
786,50000,12,0.745096,50,0.745029,0.565577,0.732091,473.6058,379.3498,467.224113,516.242353,593.053241,5.166256
787,50000,12,0.745096,50,0.745029,0.585566,0.735486,473.6058,391.6521,468.997414,516.242353,585.706106,5.166256
788,50000,12,0.745096,50,0.745029,0.583905,0.737248,473.6058,390.5424,469.910694,516.242353,586.257757,5.166256
789,50000,12,0.745096,50,0.745029,0.584181,0.737842,473.6058,390.7286,470.197659,516.242353,586.167233,5.166256
790,50000,12,0.745096,50,0.745029,0.591862,0.741522,473.6058,395.9208,472.119641,516.242353,583.655541,5.166256
791,50000,12,0.745096,50,0.745029,0.585596,0.739433,473.6058,391.6521,471.039235,516.242353,585.682275,5.166256
792,50000,12,0.745096,50,0.745029,0.585596,0.73886,473.6058,391.4928,470.707204,516.242353,585.682275,5.166256
793,50000,12,0.745096,50,0.745029,0.585251,0.736707,473.6058,391.3799,469.56071,516.242353,585.768817,5.166256
794,50000,12,0.745096,50,0.745029,0.565685,0.735706,473.6058,380.2302,469.070352,516.242353,593.559009,5.166256
795,50000,12,0.745096,50,0.745029,0.565991,0.734313,473.6058,380.1579,468.322921,516.242353,593.272167,5.166256
796,50000,12,0.745096,50,0.745029,0.585596,0.736478,473.716,391.6521,469.405553,516.242353,585.682275,5.166256
797,50000,12,0.745096,50,0.745029,0.582292,0.735355,473.6058,389.7361,468.813582,516.242353,586.975981,5.166256
798,50000,12,0.745181,50,0.745181,0.584581,0.740208,473.6058,390.6148,471.278893,516.123696,585.779204,5.166256
799,50000,12,0.745181,50,0.745181,0.585596,0.740433,473.6058,391.6521,471.407097,516.123696,585.682275,5.166256
800,50000,12,0.745181,50,0.745181,0.586254,0.739535,473.6058,391.6521,470.931591,516.123696,585.211968,5.166256
801,50000,12,0.745211,50,0.745211,0.585748,0.737196,473.6058,391.6521,469.694557,516.099866,585.563619,5.166256
802,50000,12,0.74525,50,0.74525,0.585779,0.740342,473.6058,391.6521,471.298213,516.070045,585.539789,5.166256
803,50000,12,0.74525,50,0.74525,0.586422,0.740525,473.6058,391.6521,471.379247,516.070045,585.037853,5.166256
804,50000,12,0.74525,50,0.74525,0.588611,0.738353,473.6058,393.6046,470.280202,516.070045,584.639251,5.166256
805,50000,12,0.74528,50,0.74528,0.638871,0.740075,473.6058,421.0917,471.174893,516.046215,563.855442,5.166256
806,50000,12,0.74528,50,0.74528,0.585596,0.734781,473.6058,391.6521,468.366233,516.046215,585.682275,5.166256
807,50000,12,0.74528,50,0.74528,0.585964,0.737957,473.6058,391.3373,470.000691,516.046215,585.184561,5.166256
808,50000,12,0.74528,50,0.74528,0.584841,0.73168,473.6058,391.1546,466.764545,516.046215,585.937596,5.166256
809,50000,12,0.74528,50,0.74528,0.584841,0.732709,473.6058,391.1546,467.252448,516.046215,585.937596,5.166256
810,50000,12,0.74528,50,0.74528,0.584841,0.737287,473.6058,391.1546,469.588001,516.046215,585.937596,5.166256
811,50000,12,0.74528,50,0.74528,0.586422,0.738088,473.6058,391.6521,470.013942,516.046215,585.037853,5.166256
812,50000,12,0.74528,50,0.74528,0.584728,0.738653,473.6058,390.7524,470.272751,516.046215,585.756367,5.166018
813,50000,12,0.74528,50,0.74528,0.584603,0.736503,473.6058,389.4593,469.139015,516.046215,585.180339,5.166018
814,50000,12,0.74528,50,0.74528,0.586422,0.739967,473.6058,391.6521,470.92404,516.046215,585.037853,5.166018
815,50000,12,0.74528,50,0.74528,0.58624,0.738059,473.6058,391.6521,469.956579,516.046215,585.180339,5.166018
816,50000,12,0.74528,50,0.74528,0.586392,0.73905,473.6058,391.6521,470.48716,516.046215,585.061683,5.166018
817,50000,12,0.74528,50,0.74528,0.586422,0.742478,473.6058,391.6521,472.218167,516.046215,585.037853,5.166018
818,50000,12,0.745953,50,0.745953,0.586422,0.738797,473.6058,391.6521,470.296294,515.52176,585.037853,5.166018
819,50000,12,0.745953,50,0.745953,0.575602,0.743007,473.6058,385.6383,472.458722,515.52176,589.447517,5.166018
820,50000,12,0.745953,50,0.74528,0.575602,0.738682,473.6058,385.6383,470.214061,516.046215,589.447517,5.166018
821,50000,12,0.745953,50,0.74528,0.645269,0.743041,473.6058,423.4747,472.475859,516.046215,560.462141,5.160999
822,50000,12,0.745953,50,0.745338,0.586422,0.741515,473.6058,391.6521,471.65774,516.000769,585.037853,5.160999
823,50000,12,0.745953,50,0.74528,0.574588,0.738603,473.6058,384.9472,470.15458,516.046215,589.775599,5.160462
824,50000,12,0.745953,50,0.74528,0.64169,0.743774,473.6058,420.1273,472.834851,516.046215,561.010081,5.160462
825,50000,12,0.745953,50,0.74528,0.566472,0.741484,473.6058,379.3498,471.633521,516.046215,592.355167,5.160462
826,50000,12,0.745953,50,0.745295,0.586491,0.742504,473.8551,391.6521,472.192951,516.046215,584.984202,5.160462
827,50000,12,0.745953,50,0.745295,0.586422,0.738783,473.8551,391.6521,470.269799,516.046215,585.037853,5.160462
828,50000,12,0.745953,50,0.745295,0.586491,0.740268,473.8551,391.6521,471.003301,516.046215,584.984202,5.160462
829,50000,12,0.745953,50,0.745295,0.627436,0.742792,473.8551,413.4422,472.307719,516.046215,567.648855,5.160462
830,50000,12,0.746476,50,0.746476,0.586491,0.739969,474.1148,391.6521,470.845617,515.454798,584.984202,5.160462
831,50000,12,0.746476,50,0.746476,0.586491,0.741717,474.1148,391.6521,471.745189,515.454798,584.984202,5.160462
832,50000,12,0.746476,50,0.746476,0.575602,0.740212,474.7536,385.6383,470.938831,515.454798,589.447517,5.160462
833,50000,12,0.746476,50,0.746476,0.575602,0.74029,474.7536,385.6383,471.049921,515.454798,589.447517,5.160462
834,50000,12,0.746476,50,0.746476,0.62677,0.743918,474.7536,413.0189,472.913545,515.454798,567.884273,5.160462
835,50000,12,0.746476,50,0.746476,0.586588,0.741985,474.7536,391.6521,471.936297,515.454798,584.908938,5.160462
836,50000,12,0.746476,50,0.746476,0.584613,0.740398,474.7536,389.4593,471.098855,515.454798,584.979589,5.160462
837,50000,12,0.746476,50,0.746476,0.584613,0.738247,474.7536,389.4593,470.002938,515.454798,584.979589,5.160462
838,50000,12,0.746476,50,0.746476,0.584613,0.74081,474.7536,389.4593,471.345924,515.454798,585.189399,5.160462
839,50000,12,0.746476,50,0.746476,0.586491,0.74184,474.7536,391.6521,471.88108,515.454798,584.984202,5.160462
840,50000,12,0.746476,50,0.746476,0.586457,0.737822,474.7536,391.6521,469.815644,515.454798,585.010608,5.160462
841,50000,12,0.746476,50,0.746476,0.575752,0.736096,474.7536,385.5689,468.976333,515.454798,589.284401,5.160462
842,50000,12,0.746476,50,0.746476,0.575752,0.740774,474.7536,385.5689,471.375325,515.454798,589.284401,5.160462
843,50000,12,0.746476,50,0.746476,0.586491,0.741625,474.7536,391.6521,471.804552,515.449043,584.984202,5.160462
844,50000,12,0.746476,50,0.746476,0.584672,0.734969,474.7536,389.4593,468.375938,515.454798,585.037853,5.160462
845,50000,12,0.746476,50,0.746476,0.586491,0.740505,474.7536,391.6521,471.296766,515.454798,584.984202,5.160462
846,50000,12,0.746476,50,0.746476,0.586422,0.739614,474.7536,391.6521,470.817109,515.454798,585.037853,5.160462
847,50000,12,0.746476,50,0.746476,0.587346,0.740026,474.7536,392.2526,471.027098,515.454798,584.719948,5.154548
848,50000,12,0.746478,50,0.746478,0.586491,0.739396,474.7536,391.6521,470.700738,515.453201,584.984202,5.154548
849,50000,12,0.746478,50,0.746478,0.586491,0.739472,474.7536,391.6521,470.712353,515.453201,584.984202,5.154548
850,50000,12,0.746478,50,0.746478,0.586318,0.740099,474.7536,391.5714,471.044778,515.453201,585.065534,5.154548
851,50000,12,0.746478,50,0.746478,0.586491,0.736966,474.7536,391.6521,469.410302,515.453201,584.984202,5.154548
852,50000,12,0.746478,50,0.746478,0.586491,0.740134,474.7536,391.6521,471.06278,515.453201,584.984202,5.154548
853,50000,12,0.746478,50,0.746478,0.584793,0.739066,474.7536,390.4242,470.508142,515.453201,585.486228,5.154548
854,50000,12,0.746478,50,0.746478,0.645337,0.7426,474.7536,423.4747,472.335218,515.453201,560.408491,5.154548
855,50000,12,0.746478,50,0.746478,0.585848,0.734224,474.7536,391.6521,467.968173,515.453201,585.486138,5.154548
856,50000,12,0.746478,50,0.746478,0.586491,0.737075,474.7536,391.6521,469.447441,515.453201,584.984202,5.154548
857,50000,12,0.747278,50,0.747278,0.586491,0.742548,475.483,391.6521,472.242022,515.397032,584.984202,5.154548
858,50000,12,0.747278,50,0.74655,0.58575,0.737311,474.7536,391.3448,469.522238,515.397032,585.356407,5.154548
859,50000,12,0.747278,50,0.74655,0.586462,0.73509,474.7536,391.6521,468.339223,515.397032,585.006997,5.154548
860,50000,12,0.747278,50,0.74655,0.584506,0.736271,474.7536,390.189,468.911384,515.397032,585.55191,5.154548
861,50000,12,0.747278,50,0.74655,0.586462,0.740327,474.7536,391.6521,471.013822,515.397032,585.006997,5.154548
862,50000,12,0.747278,50,0.74655,0.586308,0.734718,474.7536,391.6521,468.075558,515.397032,585.126688,5.154548
863,50000,12,0.747278,50,0.74655,0.575599,0.734933,474.7536,385.458,468.194679,515.397032,589.329212,5.154548
864,50000,12,0.747278,50,0.74655,0.586491,0.74189,474.7536,391.6521,471.759173,515.397032,584.984202,5.154548
865,50000,12,0.747278,50,0.74655,0.586491,0.739503,474.7536,391.6521,470.529259,515.397032,584.984202,5.154548
866,50000,12,0.747278,50,0.74655,0.586491,0.741361,474.7536,391.6521,471.475787,515.397032,584.984202,5.154548
867,50000,12,0.747278,50,0.74655,0.586565,0.741313,474.1148,391.6521,471.45059,515.397032,584.926436,5.154548
868,50000,12,0.747278,50,0.74655,0.590653,0.743135,474.1148,395.6999,472.356066,515.397032,584.450741,5.154548
869,50000,12,0.747278,50,0.74655,0.586491,0.741131,474.1148,391.6521,471.310351,515.397032,584.984202,5.154548
870,50000,12,0.747278,50,0.74655,0.586491,0.739529,474.1148,391.6521,470.497352,515.397032,584.984202,5.154548
871,50000,12,0.747278,50,0.74655,0.586491,0.736765,474.1148,391.6521,469.073619,515.397032,584.984202,5.154548
872,50000,12,0.747278,50,0.74655,0.574588,0.740761,474.1148,384.9472,471.12313,515.397032,589.775599,5.154548
873,50000,12,0.747278,50,0.74655,0.574588,0.739183,474.1148,384.9472,470.286828,515.397032,589.775599,5.154548
874,50000,12,0.747278,50,0.746592,0.586245,0.73439,474.1148,391.6521,467.816276,515.363921,585.175971,5.154548
875,50000,12,0.747278,50,0.746592,0.586245,0.737706,474.1148,391.6521,469.588277,515.363921,585.175971,5.154548
876,50000,12,0.747278,50,0.746592,0.585775,0.737319,474.1148,391.388,469.376696,515.363921,585.365779,5.154548
877,50000,12,0.747278,50,0.746605,0.586491,0.73986,474.1148,391.6521,470.65566,515.354103,584.984202,5.154548
878,50000,12,0.747278,50,0.746731,0.584341,0.740086,474.247,390.8156,470.756815,515.344113,586.207931,5.154548
879,50000,12,0.747278,50,0.746731,0.585387,0.740427,474.247,390.8156,470.92166,515.344113,585.285095,5.154275
880,50000,12,0.747278,50,0.746731,0.586491,0.739224,474.247,391.6521,470.341613,515.344113,584.984202,5.154275
881,50000,12,0.747278,50,0.746731,0.586491,0.739082,474.247,391.6521,470.245675,515.344113,584.984202,5.154275
882,50000,12,0.747278,50,0.746731,0.578105,0.737444,474.247,387.6333,469.392974,515.344113,588.832634,5.154275
883,50000,12,0.747278,50,0.746731,0.586534,0.73793,474.247,391.6521,469.704099,515.344113,584.95109,5.153944
884,50000,12,0.747278,50,0.746731,0.57482,0.742403,474.247,385.0864,471.963865,515.344113,589.688018,5.153944
885,50000,12,0.747278,50,0.746731,0.577169,0.740596,474.247,386.3049,471.044705,515.300351,588.671955,5.153944
886,50000,12,0.747278,50,0.746731,0.583829,0.740647,474.247,389.8932,471.051386,515.344113,585.88181,5.153944
887,50000,12,0.747278,50,0.746731,0.585775,0.741712,474.247,391.388,471.620051,515.344113,585.365779,5.153944
888,50000,12,0.747278,50,0.746731,0.586106,0.742487,474.247,391.4704,472.004709,515.300351,585.162738,5.153944
889,50000,12,0.747278,50,0.746731,0.586565,0.74336,474.247,391.6521,472.470886,515.300351,584.926436,5.153944
890,50000,12,0.747278,50,0.746731,0.586561,0.736986,474.247,391.6521,469.170667,515.300351,584.929758,5.153944
891,50000,12,0.747278,50,0.746731,0.586491,0.734339,474.247,391.6521,467.826961,515.257422,584.984202,5.153944
892,50000,12,0.747278,50,0.746774,0.586491,0.734562,474.247,391.6521,467.922687,515.257422,584.984202,5.153639
893,50000,12,0.747278,50,0.746774,0.586565,0.739008,474.247,391.6521,470.207622,515.257422,584.926436,5.153639
894,50000,12,0.747278,50,0.746774,0.586222,0.743274,474.247,391.3061,472.397475,515.257422,584.962074,5.153639
895,50000,12,0.747278,50,0.746829,0.587874,0.743565,474.247,392.3812,472.568947,515.257422,584.393893,5.153004
896,50000,12,0.747278,50,0.746901,0.586587,0.738608,474.247,391.6521,469.98791,515.208134,584.909245,5.153004
897,50000,12,0.747278,50,0.746829,0.582672,0.738175,474.247,388.6895,469.759389,515.257422,585.977816,5.153004
898,50000,12,0.747278,50,0.746829,0.583837,0.74018,474.247,389.482,470.807837,515.257422,585.600436,5.153004
899,50000,12,0.747278,50,0.746829,0.583837,0.736859,474.247,389.482,469.0856,515.22431,585.600436,5.153004
900,50000,12,0.747278,50,0.746858,0.586565,0.740566,474.247,391.6521,470.96534,515.22431,584.926436,5.153004
901,50000,12,0.747278,50,0.746829,0.582598,0.740115,474.247,388.6895,470.732742,515.22431,586.035582,5.153004
902,50000,12,0.747278,50,0.746901,0.584464,0.738158,474.247,390.5661,469.768585,515.211904,585.837641,5.153004
903,50000,12,0.747278,50,0.746829,0.584635,0.738431,474.247,390.805,469.916236,515.22431,585.863999,5.153004
904,50000,12,0.747278,50,0.746952,0.584635,0.737767,474.3836,390.805,469.55012,515.211904,585.863999,5.153004
905,50000,12,0.747278,50,0.746952,0.586608,0.740751,474.3836,391.6521,471.119711,515.212723,584.893325,5.153004
906,50000,12,0.747278,50,0.746952,0.584224,0.738421,474.3836,389.6638,469.873053,515.204502,585.420378,5.152988
907,50000,12,0.747278,50,0.747007,0.58747,0.742579,474.3836,392.3546,471.996533,515.171391,584.69171,5.152988
908,50000,12,0.747278,50,0.747007,0.575719,0.742233,474.3836,385.6383,471.844464,515.171391,589.35664,5.152988
909,50000,12,0.747278,50,0.747007,0.586608,0.743733,474.3836,391.6521,472.625119,515.171391,584.893325,5.152988
910,50000,12,0.747278,50,0.747007,0.586608,0.741622,474.3836,391.6521,471.5402,515.171391,584.893325,5.152988
911,50000,12,0.747278,50,0.747007,0.586534,0.741614,474.3836,391.6521,471.529257,515.171391,584.95109,5.152656
912,50000,12,0.747278,50,0.747007,0.586534,0.741015,474.3836,391.6521,471.244861,515.171391,584.950746,5.152656
913,50000,12,0.747278,50,0.747007,0.628728,0.745665,474.3836,413.9512,473.637318,515.171391,566.98248,5.152574
914,50000,12,0.747278,50,0.747007,0.586534,0.740874,474.3836,391.6521,471.165497,515.171391,584.95109,5.152574
915,50000,12,0.747278,50,0.747007,0.58663,0.742628,474.3836,391.6521,472.051955,515.171391,584.876134,5.152574
916,50000,12,0.747278,50,0.747253,0.586587,0.741992,474.3836,391.6521,471.73033,514.936907,584.909245,5.152045
917,50000,12,0.747377,50,0.747377,0.586534,0.740437,474.3836,391.6521,470.916607,514.840226,584.95109,5.152045
918,50000,12,0.747432,50,0.747432,0.586587,0.736161,474.3836,391.6521,468.717525,514.840226,584.909245,5.152045
919,50000,12,0.747432,50,0.747432,0.586171,0.73309,474.3836,391.3373,467.106949,514.840226,585.023118,5.152045
920,50000,12,0.747432,50,0.747432,0.586171,0.734076,474.3836,391.3373,467.672635,514.840226,585.022842,5.152045
921,50000,12,0.747432,50,0.747432,0.58663,0.742943,474.3836,391.6521,472.183193,514.840226,584.876134,5.151136
922,50000,12,0.7477,50,0.7477,0.586068,0.735959,474.9404,391.6521,468.622551,514.840226,585.405401,5.151136
923,50000,12,0.7477,50,0.747432,0.58663,0.739454,474.3836,391.6521,470.382152,514.840226,584.876134,5.151136
924,50000,12,0.7477,50,0.747556,0.586712,0.741146,474.3836,391.7887,471.282964,514.792601,584.903465,5.151136
925,50000,12,0.7477,50,0.747556,0.587087,0.741617,474.3836,391.7887,471.517295,514.792601,584.611106,5.151136
926,50000,12,0.7477,50,0.747556,0.58663,0.745281,474.3836,391.6521,473.361659,514.792601,584.876134,5.151136
927,50000,12,0.7477,50,0.747556,0.586534,0.745471,474.3836,391.6521,473.471111,514.792601,584.95109,5.151136
928,50000,12,0.7477,50,0.747556,0.58663,0.740697,474.3836,391.6521,471.005868,514.792601,584.903465,5.151136
929,50000,12,0.7477,50,0.747556,0.58663,0.742876,474.3836,391.6521,472.095519,514.792601,584.876134,5.151136
930,50000,12,0.7477,50,0.747556,0.58663,0.741923,474.3836,391.6521,471.620426,514.792601,584.876134,5.151136
931,50000,12,0.7477,50,0.747556,0.58607,0.738513,474.3836,391.156,469.856703,514.792601,584.980182,5.151136
932,50000,12,0.7477,50,0.747556,0.587228,0.74484,474.3836,392.218,473.093353,514.792601,584.788608,5.151136
933,50000,12,0.7477,50,0.747556,0.587087,0.744186,474.3836,391.7887,472.769998,514.792601,584.611106,5.151136
934,50000,12,0.7477,50,0.747556,0.586747,0.739425,474.3836,391.7887,470.333632,514.792601,584.876144,5.151136
935,50000,12,0.748555,50,0.748555,0.578278,0.74103,475.833,387.6333,471.172328,514.792601,588.697246,5.151136
936,50000,12,0.748555,50,0.748555,0.584329,0.742575,475.833,390.0298,471.95829,514.792601,585.583671,5.151136
937,50000,12,0.748555,50,0.748555,0.586628,0.738308,475.833,391.4739,469.769313,514.792601,584.848813,5.151136
938,50000,12,0.748555,50,0.748555,0.586591,0.742029,475.833,391.6521,471.698885,514.792601,584.906235,5.151136
939,50000,12,0.748555,50,0.748555,0.623881,0.745967,475.833,411.1868,473.74643,514.792601,568.910325,5.151136
940,50000,12,0.748555,50,0.748555,0.587087,0.743419,475.833,391.7887,472.468148,514.792601,584.611106,5.149841
941,50000,12,0.748555,50,0.748555,0.586747,0.739741,475.833,391.7887,470.57767,514.792601,584.876144,5.149841
942,50000,12,0.74861,50,0.74861,0.585051,0.742044,475.9696,390.7807,471.789377,514.792601,585.523233,5.149841
943,50000,12,0.74861,50,0.74861,0.607859,0.74582,475.9696,403.0281,473.740535,514.792601,575.940257,5.149841
944,50000,12,0.74861,50,0.74861,0.587005,0.74609,475.9696,391.5098,473.909766,514.792601,584.48779,5.149841
945,50000,12,0.74861,50,0.74861,0.586673,0.738123,475.9696,391.5098,469.814096,514.792601,584.933566,5.149841
946,50000,12,0.748649,50,0.748649,0.624743,0.745732,475.9696,411.3234,473.803426,514.792601,568.329402,5.149841
947,50000,12,0.748649,50,0.748649,0.586591,0.742531,475.9696,391.6521,472.169786,514.792601,584.906235,5.149841
948,50000,12,0.748684,50,0.748684,0.585957,0.73544,475.9696,391.6521,468.501964,514.76528,585.492146,5.149841
949,50000,12,0.748684,50,0.748684,0.586591,0.73814,475.9696,391.6521,469.968672,514.76528,584.933566,5.149841
950,50000,12,0.748684,50,0.748684,0.586591,0.74006,476.2189,391.6521,470.963098,514.792601,584.906235,5.149841
951,50000,12,0.748734,50,0.748734,0.586591,0.738561,476.2189,391.5401,470.236915,514.792601,584.906235,5.150331
952,50000,12,0.748734,50,0.748734,0.587194,0.744299,476.2189,391.7887,473.248519,514.792601,584.527842,5.150331
953,50000,12,0.748734,50,0.748734,0.585044,0.739761,476.2189,391.1124,470.936133,514.791004,585.751571,5.150331
954,50000,12,0.748808,50,0.748808,0.568351,0.738651,476.2189,382.2629,470.487616,514.76528,592.841774,5.150331
955,50000,12,0.750092,50,0.750092,0.583965,0.741386,477.6891,390.0298,471.943312,514.791004,585.867378,5.150331
956,50000,12,0.750092,50,0.750092,0.586673,0.740938,477.6891,391.7887,471.744633,514.791004,584.933566,5.150331
957,50000,12,0.750092,50,0.750092,0.587097,0.742466,477.6891,391.7887,472.586162,514.791004,584.616452,5.150331
958,50000,12,0.750216,50,0.750216,0.586712,0.742429,477.6891,391.7887,472.690061,514.763683,584.903121,5.150043
959,50000,12,0.750216,50,0.750216,0.586712,0.745753,477.6891,391.7887,474.401864,514.763683,584.903121,5.150043
960,50000,12,0.750216,50,0.750216,0.584477,0.745365,477.6891,390.0428,474.228076,514.791004,585.476639,5.150027
961,50000,12,0.750216,50,0.750216,0.586537,0.739525,477.6891,391.7887,471.197309,514.792601,585.039641,5.150027
962,50000,12,0.750216,50,0.750216,0.586747,0.740909,477.6891,391.7887,471.965661,514.792601,584.875801,5.150027
963,50000,12,0.750216,50,0.750216,0.576626,0.741032,477.6891,386.0517,472.018374,514.792601,588.926105,5.150027
964,50000,12,0.750216,50,0.750216,0.585254,0.738814,477.6891,390.9734,470.920858,514.878681,585.494717,5.150027
965,50000,12,0.750216,50,0.750216,0.567927,0.734283,477.6891,382.2629,468.554403,514.878681,593.172541,5.150027
966,50000,12,0.750288,50,0.750288,0.569092,0.733322,477.6891,383.0554,468.128535,514.876508,592.795161,5.150027
967,50000,12,0.750288,50,0.750288,0.582796,0.735608,477.6891,390.4993,469.381008,514.876508,587.094104,5.150027
968,50000,12,0.750333,50,0.750333,0.582796,0.741429,477.9336,390.4993,472.399191,514.874911,587.094104,5.14978
969,50000,12,0.750333,50,0.750333,0.586809,0.738444,477.9336,391.7887,470.874992,514.874911,584.878432,5.14978
970,50000,12,0.750333,50,0.750333,0.58677,0.739347,477.9336,391.7887,471.386199,514.874911,584.858609,5.14978
971,50000,12,0.750333,50,0.750333,0.58677,0.743449,477.9336,391.7887,473.560559,514.874911,584.858609,5.14978
972,50000,12,0.750405,50,0.750405,0.58682,0.739083,477.9336,391.7887,471.295182,514.874911,584.936198,5.14978
973,50000,12,0.750405,50,0.750405,0.586844,0.74115,477.9336,391.7887,472.448126,514.874911,584.86932,5.14978
974,50000,12,0.750529,50,0.750529,0.586885,0.742302,477.9336,391.6294,473.104363,514.851819,584.86932,5.14978
975,50000,12,0.750529,50,0.750529,0.586844,0.738752,477.9336,391.7887,471.301909,514.851819,584.800844,5.14978
976,50000,12,0.750957,50,0.750957,0.586844,0.739792,477.9336,391.7887,471.918046,514.35457,584.800844,5.14978
977,50000,12,0.750957,50,0.750754,0.589852,0.746303,477.9336,393.9857,475.322097,514.300575,583.926744,5.14978
978,50000,12,0.750957,50,0.750754,0.586854,0.746752,477.9336,391.7887,475.653759,514.300575,584.792536,5.14978
979,50000,12,0.750957,50,0.750754,0.586989,0.747493,477.9336,392.0332,476.05132,514.360538,584.851112,5.149485
980,50000,12,0.750957,50,0.750754,0.576655,0.74469,477.9336,386.0248,474.64404,514.360538,588.885302,5.148518
981,50000,12,0.750957,50,0.750754,0.586844,0.745074,477.9336,391.7887,474.855345,514.360538,584.800844,5.148518
982,50000,12,0.751031,50,0.751031,0.586844,0.746777,477.9336,391.7887,475.786332,514.296804,584.800844,5.148518
983,50000,12,0.751185,50,0.751185,0.584531,0.740384,478.313,390.0449,472.442257,514.296804,585.43593,5.148518
984,50000,12,0.751185,50,0.751185,0.58677,0.741468,478.313,391.7887,472.990998,514.296804,584.858609,5.148518
985,50000,12,0.751185,50,0.751185,0.585949,0.737954,478.313,391.4684,471.215654,514.296804,585.283869,5.148518
986,50000,12,0.751427,50,0.751427,0.586989,0.743508,478.7708,392.0332,474.103308,514.296804,584.851112,5.148518
987,50000,12,0.751427,50,0.751427,0.586844,0.741894,478.7708,391.7887,473.258754,514.296804,584.841999,5.148502
988,50000,12,0.751429,50,0.751429,0.583687,0.738791,478.7708,388.9352,471.611339,514.287691,585.351097,5.148502
989,50000,12,0.751927,50,0.751927,0.586189,0.740979,478.7708,391.2721,472.802804,514.016287,584.964963,5.148502
990,50000,12,0.751927,50,0.751429,0.586844,0.742194,478.7708,391.7887,473.447625,514.296804,584.800844,5.148502
991,50000,12,0.752324,50,0.752324,0.586844,0.745322,479.3947,391.7887,475.110908,514.296804,584.800844,5.148502
992,50000,12,0.752324,50,0.752324,0.575838,0.739762,479.3947,386.1137,472.177824,514.123445,589.582288,5.148502
993,50000,12,0.752324,50,0.752324,0.586844,0.742546,479.3947,391.7887,473.635947,514.123445,584.800844,5.148502
994,50000,12,0.752324,50,0.752324,0.585978,0.742643,479.3947,391.3775,473.682227,514.123445,585.200424,5.148502
995,50000,12,0.752324,50,0.752324,0.576933,0.743167,479.3947,386.6383,473.987422,514.007175,589.079536,5.148502
996,50000,12,0.752324,50,0.752324,0.586844,0.744818,479.3947,391.7887,474.883359,514.007175,584.800844,5.147115
997,50000,12,0.752324,50,0.752324,0.587085,0.74545,479.3947,392.0332,475.234139,514.007175,584.776155,5.147115
998,50000,12,0.752324,50,0.752324,0.587085,0.741799,479.3947,392.0332,473.337357,513.891182,584.776155,5.147115
999,50000,12,0.752336,50,0.752336,0.58677,0.742313,479.3947,391.7887,473.60279,513.891182,584.858609,5.147115
1000,50000,12,0.752336,50,0.752336,0.587085,0.742211,479.3947,392.0332,473.611156,513.891182,584.776155,5.14431
1001,50000,12,0.752336,50,0.752336,0.581417,0.743785,479.3947,389.7624,474.434772,513.891182,587.675776,5.14431
1002,50000,12,0.753065,50,0.753065,0.566975,0.743167,479.3947,380.3668,474.121365,513.852877,592.644635,5.14431
1003,50000,12,0.753065,50,0.753065,0.586956,0.741078,479.3947,392.0332,473.047689,513.852877,584.876811,5.14431
1004,50000,12,0.753065,50,0.753065,0.689754,0.750023,479.3947,447.9133,477.797197,513.852877,542.139894,5.14431
1005,50000,12,0.753077,50,0.753077,0.584409,0.744791,479.3947,390.4271,475.03314,513.843764,585.787342,5.14431
1006,50000,12,0.753077,50,0.753065,0.57511,0.74615,479.3947,385.223,475.783942,513.852877,589.553313,5.14431
1007,50000,12,0.753077,50,0.753077,0.57511,0.744972,479.3947,385.223,475.118911,513.843764,589.553313,5.14431
1008,50000,12,0.753077,50,0.753077,0.584458,0.742544,479.3947,390.627,473.820927,513.843764,585.883105,5.14431
1009,50000,12,0.753077,50,0.753077,0.58447,0.744868,479.3947,390.627,475.088497,513.843764,585.873993,5.14431
1010,50000,12,0.753077,50,0.753077,0.584979,0.750239,479.3947,391.0202,477.92154,513.843764,585.739945,5.14431
1011,50000,12,0.753077,50,0.753077,0.584979,0.744044,479.3947,391.0202,474.641448,513.843764,585.739945,5.14431
1012,50000,12,0.753077,50,0.753077,0.587966,0.740453,479.3947,392.6571,472.752379,513.843764,584.507509,5.14431
1013,50000,12,0.753077,50,0.753077,0.577713,0.745477,479.3947,386.9284,475.394258,513.843764,588.665511,5.14431
1014,50000,12,0.753077,50,0.753077,0.584731,0.741981,479.3947,391.621,473.584035,513.843764,586.336211,5.14431
1015,50000,12,0.753077,50,0.753077,0.587736,0.73847,479.3947,392.4126,471.7796,513.843764,584.523085,5.14431
1016,50000,12,0.753077,50,0.753077,0.587724,0.742031,479.3947,392.4126,473.59413,513.843764,584.532198,5.14431
1017,50000,12,0.753077,50,0.753077,0.685216,0.751476,479.3947,442.6421,478.567854,513.843764,542.147506,5.144219
1018,50000,12,0.753077,50,0.753077,0.589463,0.751031,479.3947,393.5732,478.336044,513.843764,583.953552,5.144219
1019,50000,12,0.753077,50,0.753077,0.585868,0.746979,479.3947,391.3778,476.231019,513.843764,585.2862,5.144219
1020,50000,12,0.753077,50,0.753077,0.589142,0.749764,479.3947,393.4496,477.675701,513.843764,584.121016,5.144219
1021,50000,12,0.753077,50,0.753077,0.587736,0.749507,479.3947,392.4126,477.531076,513.843764,584.523085,5.144219
1022,50000,12,0.753077,50,0.753077,0.587977,0.745864,479.3947,392.6571,475.578714,513.843764,584.498396,5.144219
1023,50000,12,0.753077,50,0.753077,0.587977,0.744125,479.3947,392.6571,474.662585,513.843764,584.498396,5.144219
1024,50000,12,0.753077,50,0.753077,0.587977,0.747555,479.3947,392.6571,476.464933,513.843764,584.498396,5.138438
1025,50000,12,0.753077,50,0.753077,0.587977,0.749045,479.3947,392.6571,477.292704,513.843764,584.498396,5.138438
1026,50000,12,0.753077,50,0.753077,0.587977,0.745938,479.3947,392.6571,475.63369,513.843764,584.498396,5.138438
1027,50000,12,0.753077,50,0.753077,0.587977,0.75123,479.3947,392.6571,478.411865,513.843764,584.498396,5.138438
1028,50000,12,0.753077,50,0.753077,0.745961,0.752872,479.3947,475.126,479.271134,513.843764,517.377916,5.138438
1029,50000,12,0.753077,50,0.753077,0.587977,0.751288,479.3947,392.6571,478.450315,513.843764,584.498396,5.138438
1030,50000,12,0.753077,50,0.753077,0.587977,0.748049,479.3947,392.6571,476.739722,513.843764,584.498396,5.138438
1031,50000,12,0.753077,50,0.753077,0.587977,0.749154,479.3947,392.6571,477.326783,513.843764,584.498396,5.138438
1032,50000,12,0.753077,50,0.753077,0.587977,0.745858,479.3947,392.6571,475.595425,513.843764,584.498396,5.138438
1033,50000,12,0.753077,50,0.753077,0.589461,0.74657,479.3947,393.5865,475.960579,513.843764,583.963622,5.138438
1034,50000,12,0.753077,50,0.753077,0.585927,0.739868,479.3947,392.3552,472.477039,513.843764,585.895121,5.138438
1035,50000,12,0.753077,50,0.753077,0.587977,0.74275,479.3947,392.6571,473.974863,513.843764,584.498396,5.138438
1036,50000,12,0.753077,50,0.753077,0.703515,0.749945,479.3947,452.7156,477.728185,513.843764,534.624257,5.138438
1037,50000,12,0.753077,50,0.753077,0.587977,0.750849,479.3947,392.6571,478.207486,513.843764,584.498396,5.138438
1038,50000,12,0.753077,50,0.753077,0.587977,0.746658,479.3947,392.6571,476.033993,513.843764,584.498396,5.138438
1039,50000,12,0.753077,50,0.753077,0.587977,0.746164,479.3947,392.6571,475.764221,513.843764,584.498396,5.138438
1040,50000,12,0.753077,50,0.753077,0.587977,0.746896,479.3947,392.6571,476.146865,513.843764,584.498396,5.138438
1041,50000,12,0.753077,50,0.753077,0.587977,0.741699,479.3947,392.6571,473.415665,513.840987,584.498396,5.138438
1042,50000,12,0.753077,50,0.753077,0.587977,0.738299,479.3947,392.6571,471.603018,513.840987,584.498396,5.138438
1043,50000,12,0.753077,50,0.753077,0.587977,0.745878,479.3947,392.6571,475.555156,513.843764,584.498396,5.138438
1044,50000,12,0.753077,50,0.753077,0.587977,0.75036,479.3947,392.6571,477.944242,513.843764,584.498396,5.138438
1045,50000,12,0.753077,50,0.753077,0.587977,0.742205,479.3947,392.6571,473.686392,513.843764,584.498396,5.138438
1046,50000,12,0.753077,50,0.753077,0.587977,0.747528,479.3947,392.6571,476.442321,513.843764,584.498396,5.138438
1047,50000,12,0.753497,50,0.753497,0.589671,0.750496,479.7002,393.8025,478.026045,513.721037,583.944931,5.138438
1048,50000,12,0.753497,50,0.753077,0.587977,0.74765,479.3947,392.6571,476.533679,513.843764,584.498396,5.138438
1049,50000,12,0.753497,50,0.753077,0.586214,0.743815,479.3947,391.7574,474.522956,513.843764,585.270562,5.138438
1050,50000,12,0.753497,50,0.753077,0.585453,0.74639,479.3947,391.4725,475.876413,513.843764,585.673706,5.138438
1051,50000,12,0.753497,50,0.753077,0.587977,0.746025,479.3947,392.6571,475.663645,513.843764,584.498396,5.138438
1052,50000,12,0.753497,50,0.753156,0.587977,0.744387,479.3947,392.6571,474.813965,513.782167,584.498396,5.138438
1053,50000,12,0.753497,50,0.753077,0.586579,0.738818,479.3947,392.1596,471.880484,513.843764,585.255653,5.138438
1054,50000,12,0.753497,50,0.753077,0.584651,0.740047,479.3947,390.6716,472.578381,513.843764,585.762653,5.138438
1055,50000,12,0.753497,50,0.753077,0.587977,0.740672,479.3947,392.6571,472.926339,513.843764,584.498396,5.138438
1056,50000,12,0.753497,50,0.753077,0.588563,0.749165,479.3947,393.3365,477.341133,513.843764,584.497084,5.138438
1057,50000,12,0.753497,50,0.753077,0.587977,0.74853,479.3947,392.6571,477.002514,513.843764,584.498396,5.138438
1058,50000,12,0.753497,50,0.753077,0.576301,0.748345,479.3947,386.0179,476.903378,513.843764,589.156652,5.138438
1059,50000,12,0.753497,50,0.753077,0.599874,0.750171,479.3947,399.9483,477.870537,513.843764,580.104813,5.138438
1060,50000,12,0.753497,50,0.753077,0.587977,0.750779,479.3947,392.6571,478.202111,513.843764,584.498396,5.138438
1061,50000,12,0.753497,50,0.753077,0.587977,0.749695,479.3947,392.6571,477.6053,513.843764,584.498396,5.138438
1062,50000,12,0.753497,50,0.753077,0.587977,0.747743,479.3947,392.6571,476.58226,513.843764,584.498396,5.138438
1063,50000,12,0.753497,50,0.753077,0.587977,0.746728,479.3947,392.6571,476.071668,513.843764,584.498396,5.138438
1064,50000,12,0.753497,50,0.753077,0.587977,0.744442,479.3947,392.6571,474.865135,513.843764,584.498396,5.138438
1065,50000,12,0.753497,50,0.753077,0.589142,0.747984,479.3947,393.4496,476.715111,513.843764,584.121016,5.138438
1066,50000,12,0.753497,50,0.753077,0.587977,0.745495,479.3947,392.6571,475.399732,513.843764,584.498396,5.138438
1067,50000,12,0.753497,50,0.753077,0.587977,0.745988,479.3947,392.6571,475.660096,513.843764,584.498396,5.138438
1068,50000,12,0.753497,50,0.753077,0.587944,0.749049,479.3947,392.6571,477.264424,513.843764,584.524802,5.138438
1069,50000,12,0.753497,50,0.753077,0.587977,0.748073,479.3947,392.6571,476.768715,513.843764,584.498396,5.138438
1070,50000,12,0.753497,50,0.753077,0.587977,0.748762,479.3947,392.6571,477.113971,513.843764,584.498396,5.138438
1071,50000,12,0.753497,50,0.753077,0.585572,0.743089,479.3947,392.4144,474.139217,513.843764,586.212254,5.138438
1072,50000,12,0.753497,50,0.753077,0.585993,0.746035,479.3947,391.194,475.686542,513.843764,585.066105,5.138438
1073,50000,12,0.753497,50,0.753077,0.623107,0.747863,479.3947,411.075,476.671702,513.843764,569.439237,5.138438
1074,50000,12,0.753497,50,0.753077,0.587977,0.749607,479.3947,392.6571,477.564333,513.843764,584.498396,5.138438
1075,50000,12,0.753497,50,0.753077,0.587977,0.746724,479.3947,392.6571,476.042525,513.843764,584.498396,5.138438
1076,50000,12,0.753497,50,0.753077,0.587977,0.746947,479.3947,392.6571,476.157951,513.843764,584.498396,5.138438
1077,50000,12,0.753497,50,0.753077,0.587977,0.749252,479.3947,392.6571,477.371135,513.843764,584.498396,5.138438
1078,50000,12,0.753497,50,0.753077,0.628429,0.749991,479.3947,413.6753,477.754924,513.843764,567.030235,5.138438
1079,50000,12,0.753497,50,0.753077,0.587977,0.746068,479.3947,392.6571,475.703307,513.843764,584.498396,5.138438
1080,50000,12,0.753497,50,0.753077,0.587977,0.748909,479.3947,392.6571,477.203731,513.843764,584.498396,5.138438
1081,50000,12,0.753497,50,0.753077,0.587977,0.748163,479.3947,392.6571,476.819199,513.843764,584.498396,5.138438
1082,50000,12,0.753497,50,0.753077,0.587977,0.742907,479.3947,392.6571,474.084043,513.843764,584.742374,5.138438
1083,50000,12,0.753497,50,0.753077,0.587977,0.742887,479.3947,392.6571,474.073355,513.843764,584.498396,5.138438
1084,50000,12,0.753497,50,0.753077,0.587977,0.750793,479.3947,392.6571,478.197218,513.843764,584.498396,5.138438
1085,50000,12,0.753497,50,0.753077,0.587521,0.747427,479.3947,392.4288,476.458285,513.843764,584.70122,5.138438
1086,50000,12,0.753497,50,0.753077,0.587977,0.744262,479.3947,392.6571,474.774681,513.843764,584.498396,5.138438
1087,50000,12,0.753497,50,0.753077,0.587977,0.74353,479.3947,392.6571,474.377457,513.843764,584.498396,5.138438
1088,50000,12,0.753497,50,0.753077,0.577187,0.743625,479.3947,386.8828,474.415526,513.843764,589.045734,5.138438
1089,50000,12,0.753497,50,0.753077,0.577187,0.744888,479.3947,386.8828,475.097876,513.843764,589.045734,5.138438
1090,50000,12,0.753497,50,0.753077,0.577187,0.744943,479.3947,386.8828,475.127276,513.843764,589.045734,5.138438
1091,50000,12,0.753609,50,0.753609,0.577187,0.74983,479.9213,386.8828,477.6943,513.781879,589.045734,5.138438
1092,50000,12,0.753609,50,0.753609,0.587977,0.746486,479.9213,392.6571,475.939183,513.781879,584.498396,5.138438
1093,50000,12,0.753609,50,0.753609,0.568097,0.746785,479.9213,381.2352,476.072277,513.781879,592.3513,5.138438
1094,50000,12,0.753609,50,0.753609,0.568097,0.746141,479.9213,381.2352,475.699353,513.781879,592.3513,5.138438
1095,50000,12,0.753609,50,0.753609,0.587377,0.748412,479.9213,391.8808,476.939424,513.781879,584.446144,5.138438
1096,50000,12,0.753609,50,0.753609,0.576582,0.745745,479.9213,386.2559,475.53613,513.781879,589.097431,5.138438
1097,50000,12,0.753609,50,0.753609,0.586056,0.748061,479.9213,390.7797,476.755773,513.781879,584.738636,5.138438
1098,50000,12,0.753609,50,0.753609,0.585868,0.747662,479.9213,391.3778,476.553332,513.781879,585.2862,5.138438
1099,50000,12,0.753609,50,0.753609,0.587922,0.73947,479.9213,392.6571,472.265549,513.781879,584.541392,5.138438
1100,50000,12,0.753609,50,0.753609,0.587977,0.743044,479.9213,392.6571,474.147936,513.781879,584.498396,5.138438
1101,50000,12,0.753609,50,0.753609,0.587977,0.746425,479.9213,392.6571,475.907301,513.781879,584.498396,5.138438
1102,50000,12,0.753609,50,0.753609,0.594243,0.751014,479.9213,396.9258,478.325552,513.781879,582.471662,5.138438
1103,50000,12,0.753609,50,0.753609,0.587944,0.745677,479.9213,392.6571,475.535944,513.781879,584.524802,5.138438
1104,50000,12,0.753609,50,0.753609,0.587944,0.74386,479.9213,392.6571,474.578658,513.781879,584.524802,5.138438
1105,50000,12,0.753609,50,0.753609,0.576582,0.746378,479.9213,386.2559,475.891834,513.781879,589.097431,5.138438
1106,50000,12,0.753609,50,0.753609,0.587977,0.746801,479.9213,392.6571,476.099288,513.781879,584.498396,5.138438
1107,50000,12,0.753609,50,0.753609,0.587732,0.743338,479.9213,392.6571,474.289765,513.781879,584.690166,5.138438
1108,50000,12,0.753658,50,0.753658,0.587977,0.748125,479.9213,392.6571,476.818262,513.743434,584.498396,5.138438
1109,50000,12,0.753658,50,0.753658,0.587977,0.745269,479.9213,392.6571,475.332399,513.743434,584.498396,5.138438
1110,50000,12,0.753658,50,0.753658,0.588676,0.745064,479.9213,393.1837,475.266836,513.743434,584.305971,5.138438
1111,50000,12,0.753658,50,0.753658,0.576773,0.74607,479.9213,386.4788,475.781656,513.743434,589.097368,5.138438
1112,50000,12,0.753658,50,0.753658,0.587977,0.74785,479.9213,392.6571,476.701276,513.743434,584.498396,5.138438
1113,50000,12,0.753658,50,0.753658,0.588676,0.749923,479.9213,393.1837,477.817883,513.743434,584.305971,5.138438
1114,50000,12,0.753658,50,0.753658,0.587997,0.749986,479.9213,392.6571,477.862986,513.743434,584.483161,5.138438
1115,50000,12,0.753658,50,0.753658,0.587983,0.750968,479.9213,392.6571,478.366731,513.743434,584.494241,5.138438
1116,50000,12,0.753658,50,0.753658,0.587977,0.749915,479.9213,392.6571,477.822438,513.743434,584.498396,5.138438
1117,50000,12,0.753658,50,0.753658,0.587983,0.747741,479.9213,392.6571,476.686554,513.743434,584.494241,5.138438
1118,50000,12,0.753658,50,0.753658,0.587983,0.744222,479.9213,392.6571,474.858415,513.716882,584.494241,5.138438
1119,50000,12,0.753658,50,0.753658,0.582985,0.747943,479.9213,389.2295,476.806651,513.743434,586.095595,5.137819
1120,50000,12,0.753658,50,0.753658,0.587977,0.750082,479.9213,392.6571,477.941989,513.743434,584.498396,5.137819
1121,50000,12,0.753658,50,0.753658,0.587278,0.747523,479.9213,392.6862,476.621608,513.743434,585.063228,5.137819
1122,50000,12,0.753658,50,0.753658,0.577624,0.749479,479.9213,386.8815,477.644998,513.743434,588.704027,5.137819
1123,50000,12,0.753658,50,0.753658,0.58844,0.749018,479.9213,393.0942,477.423222,513.743434,584.430822,5.137819
1124,50000,12,0.753658,50,0.753658,0.588077,0.746209,479.9213,392.4074,475.945229,513.743434,584.305971,5.137819
1125,50000,12,0.753658,50,0.753658,0.588676,0.741397,479.9213,393.1837,473.428707,513.743434,584.305971,5.137819
1126,50000,12,0.753658,50,0.753658,0.588676,0.744268,479.9213,393.1837,474.954067,513.743434,584.305971,5.137819
1127,50000,12,0.753658,50,0.753658,0.588092,0.739545,479.9213,392.6641,472.484134,513.743434,584.414055,5.137819
1128,50000,12,0.753658,50,0.753658,0.588676,0.739412,479.9213,393.1837,472.446901,513.743434,584.305971,5.137434
1129,50000,12,0.753658,50,0.753658,0.588676,0.747104,479.9283,393.1837,476.455178,513.711338,584.305971,5.137434
1130,50000,12,0.753658,50,0.753658,0.577987,0.742257,479.9283,387.1005,473.885613,513.711338,588.567725,5.137434
1131,50000,12,0.753658,50,0.753658,0.578455,0.745263,479.9283,387.6201,475.492153,513.711338,588.550746,5.137434
1132,50000,12,0.753663,50,0.753663,0.588676,0.747023,479.9283,393.1837,476.429174,513.711338,584.305971,5.137434
1133,50000,12,0.754076,50,0.754076,0.588726,0.749999,480.2915,393.1837,477.979858,513.665208,584.267526,5.137434
1134,50000,12,0.754076,50,0.754076,0.588582,0.747027,480.2915,393.1012,476.43468,513.665208,584.32423,5.137434
1135,50000,12,0.754076,50,0.754076,0.586774,0.747193,480.2915,392.3366,476.522181,513.665208,585.22228,5.137434
1136,50000,12,0.754076,50,0.754076,0.568977,0.743185,480.2915,381.607,474.396908,513.665208,591.914122,5.137434
1137,50000,12,0.754076,50,0.754076,0.585743,0.739213,480.2915,392.1301,472.338115,513.665208,585.887818,5.137434
1138,50000,12,0.754076,50,0.754076,0.586741,0.744163,480.2915,391.7206,474.931598,513.665208,584.835234,5.137434
1139,50000,12,0.754076,50,0.754076,0.586741,0.742376,480.2915,391.7206,473.969567,513.665208,584.835234,5.137434
1140,50000,12,0.754076,50,0.754076,0.588682,0.744745,480.2915,393.1837,475.198871,513.665208,584.301816,5.137434
1141,50000,12,0.754076,50,0.754076,0.588726,0.742835,480.2915,393.1837,474.216915,513.665208,584.267526,5.137434
1142,50000,12,0.754076,50,0.754076,0.587328,0.74373,480.2915,392.6862,474.693257,513.665208,585.024783,5.137434
1143,50000,12,0.754076,50,0.754076,0.588726,0.747207,480.2915,393.1837,476.550672,513.665208,584.271736,5.137434
1144,50000,12,0.754076,50,0.754076,0.588731,0.746888,480.2915,393.1837,476.376068,513.665208,584.263371,5.137434
1145,50000,12,0.754076,50,0.754076,0.588693,0.741927,480.2915,393.1837,473.793536,513.665208,584.293225,5.137434
1146,50000,12,0.754159,50,0.754159,0.56912,0.743973,480.3584,381.6895,474.833425,513.645298,591.857417,5.137434
1147,50000,12,0.754159,50,0.754159,0.584844,0.745573,480.3584,390.2211,475.646366,513.645298,585.310104,5.137434
1148,50000,12,0.754159,50,0.754159,0.588731,0.744539,480.3654,393.1837,475.16757,513.645298,584.271736,5.137434
1149,50000,12,0.754159,50,0.754159,0.577673,0.743757,480.3584,386.8815,474.741672,513.645298,588.665582,5.137434
1150,50000,12,0.754159,50,0.754159,0.588726,0.740579,480.3584,393.1837,473.084788,513.645298,584.271736,5.137434
1151,50000,12,0.754159,50,0.754159,0.588726,0.743785,480.3584,393.1837,474.753204,513.626763,584.267526,5.137434
1152,50000,12,0.754159,50,0.754159,0.588726,0.745279,480.3584,393.1837,475.543839,513.626763,584.317632,5.137434
1153,50000,12,0.754159,50,0.754159,0.589227,0.741851,480.3584,393.6208,473.765284,513.626763,584.16939,5.137434
1154,50000,12,0.754207,50,0.754207,0.585097,0.744183,480.3654,390.5843,474.985849,513.613217,585.356054,5.137434
1155,50000,12,0.754207,50,0.754207,0.588726,0.747588,480.3654,393.1837,476.772712,513.613217,584.267526,5.137434
1156,50000,12,0.754207,50,0.754207,0.587936,0.748298,480.3654,392.9196,477.171075,513.613217,584.706869,5.137434
1157,50000,12,0.754207,50,0.754207,0.587936,0.743964,480.3654,392.9196,474.886025,513.613217,584.706869,5.137434
1158,50000,12,0.754207,50,0.754207,0.588726,0.747048,480.3654,393.1837,476.527665,513.613217,584.267526,5.137434
1159,50000,12,0.754207,50,0.754207,0.590337,0.751066,480.3654,394.497,478.621797,513.613217,583.891029,5.137434
1160,50000,12,0.754207,50,0.754207,0.589197,0.748669,480.3654,393.6208,477.380835,513.613217,584.19322,5.137434
1161,50000,12,0.754207,50,0.754207,0.589227,0.748797,480.3654,393.6208,477.456227,513.613217,584.16939,5.137434
1162,50000,12,0.754207,50,0.754207,0.586369,0.74718,480.3654,391.1083,476.593526,513.613217,584.715431,5.137434
1163,50000,12,0.754207,50,0.754207,0.588273,0.747434,480.3654,392.8689,476.773477,513.613217,584.41008,5.136588
1164,50000,12,0.754207,50,0.754207,0.589227,0.751285,480.3654,393.6208,478.816189,513.613217,584.16939,5.136588
1165,50000,12,0.754207,50,0.754207,0.589227,0.748997,480.3654,393.6208,477.612613,513.613217,584.16939,5.136588
1166,50000,12,0.754207,50,0.754207,0.589647,0.750042,480.3654,393.9263,478.154934,513.613217,584.046664,5.136588
1167,50000,12,0.754207,50,0.754207,0.586968,0.747792,480.3654,392.284,476.982533,513.613217,585.035536,5.136588
1168,50000,12,0.754207,50,0.754207,0.570385,0.747861,480.3654,384.095,477.008768,513.613217,592.483322,5.136588
1169,50000,12,0.754207,50,0.754207,0.585277,0.742574,480.3654,392.222,474.267112,513.613217,586.313434,5.136588
1170,50000,12,0.754207,50,0.754207,0.585277,0.745134,480.3654,392.222,475.59901,513.613217,586.313434,5.136588
1171,50000,12,0.754207,50,0.754207,0.579949,0.741677,480.3654,388.468,473.816636,513.613217,587.953442,5.136588
1172,50000,12,0.754207,50,0.754207,0.589088,0.747178,480.3654,393.5539,476.664745,513.613217,584.233291,5.136588
1173,50000,12,0.754207,50,0.754207,0.578283,0.742409,480.3654,387.3256,474.161735,513.613217,588.487261,5.136588
1174,50000,12,0.754207,50,0.754207,0.589227,0.748431,480.3654,393.6208,477.323317,513.613217,584.16939,5.136588
1175,50000,12,0.754207,50,0.754207,0.589227,0.750307,480.3654,393.6208,478.321047,513.613217,584.16939,5.136588
1176,50000,12,0.754207,50,0.754207,0.589227,0.749523,480.3654,393.6208,477.899031,513.613217,584.16939,5.136588
1177,50000,12,0.754207,50,0.754207,0.572228,0.748045,480.3654,385.0268,477.140973,513.613217,591.670133,5.136588
1178,50000,12,0.754207,50,0.754207,0.589227,0.747327,480.3654,393.6208,476.749005,513.613217,584.16939,5.136588
1179,50000,12,0.754207,50,0.754207,0.647427,0.752616,480.3654,424.4637,479.514604,513.613217,559.441379,5.136588
1180,50000,12,0.754207,50,0.754207,0.589227,0.747593,480.3654,393.6208,476.895355,513.613217,584.16939,5.136588
1181,50000,12,0.754345,50,0.754345,0.579009,0.741495,480.4917,387.8673,473.689885,513.589752,588.283986,5.136588
1182,50000,12,0.754345,50,0.754345,0.569317,0.742008,480.4917,381.3255,473.938966,513.589752,591.460171,5.136132
1183,50000,12,0.754345,50,0.754345,0.589336,0.746275,480.4917,393.6278,476.187562,513.589752,584.089205,5.136132
1184,50000,12,0.754345,50,0.754345,0.58842,0.746394,480.4917,393.299,476.269624,513.589752,584.583575,5.136132
1185,50000,12,0.754345,50,0.754345,0.638064,0.752096,480.4917,420.2058,479.255733,513.589752,563.891244,5.136132
1186,50000,12,0.754345,50,0.754345,0.589227,0.747492,480.4917,393.6208,476.824429,513.589752,584.16939,5.136132
1187,50000,12,0.754345,50,0.754345,0.589336,0.746692,480.4917,393.6278,476.422303,513.589752,584.089205,5.136132
1188,50000,12,0.754345,50,0.754345,0.589336,0.748012,480.4917,393.6278,477.127242,513.589752,584.089205,5.136132
1189,50000,12,0.754345,50,0.754345,0.589336,0.750464,480.4917,393.6278,478.429154,513.589752,584.089205,5.136132
1190,50000,12,0.754345,50,0.754345,0.590146,0.751989,480.4917,394.0447,479.196433,513.589752,583.736413,5.136132
1191,50000,12,0.754345,50,0.754345,0.579009,0.744038,480.4917,387.8673,475.034758,513.589752,588.283986,5.136132
1192,50000,12,0.754345,50,0.754345,0.589336,0.745989,480.4917,393.6278,476.033292,513.589752,584.089205,5.136132
1193,50000,12,0.754345,50,0.754345,0.589336,0.744022,480.5647,393.6278,475.015295,513.589752,584.089205,5.136132
1194,50000,12,0.754345,50,0.754345,0.589336,0.746314,480.4917,393.6278,476.235168,513.589752,584.089205,5.136132
1195,50000,12,0.754345,50,0.754345,0.588877,0.744791,480.4917,393.313,475.41113,513.589752,584.235914,5.136132
1196,50000,12,0.754345,50,0.754345,0.588877,0.746687,480.4917,393.313,476.426565,513.589752,584.235914,5.136132
1197,50000,12,0.754345,50,0.754345,0.589336,0.747888,480.4917,393.6278,477.088306,513.589752,584.089205,5.136132
1198,50000,12,0.754345,50,0.754345,0.589336,0.744211,480.4917,393.6278,475.116161,513.589752,584.08957,5.136132
1199,50000,12,0.754345,50,0.754345,0.589336,0.749325,480.4917,393.6278,477.821968,513.589752,584.089205,5.136132
1200,50000,12,0.754345,50,0.754345,0.585454,0.744165,480.4917,390.6652,475.095387,513.589752,585.131783,5.136132
1201,50000,12,0.754345,50,0.754345,0.589336,0.747035,480.4917,393.6278,476.639111,513.589752,584.089205,5.136132
1202,50000,12,0.754345,50,0.754345,0.589474,0.747372,480.4917,393.7541,476.795793,513.589752,584.06574,5.136132
1203,50000,12,0.754345,50,0.754345,0.587187,0.744462,480.4917,392.5723,475.28965,513.589752,585.05824,5.136132
1204,50000,12,0.754345,50,0.754345,0.58729,0.742181,480.4917,392.6198,474.080121,513.589752,585.00964,5.135898
1205,50000,12,0.754345,50,0.754345,0.589474,0.741351,480.4917,393.7541,473.682924,513.589752,584.06574,5.135898
1206,50000,12,0.754345,50,0.754345,0.589336,0.739392,480.4917,393.6278,472.603592,513.589752,584.089205,5.135898
1207,50000,12,0.754345,50,0.754345,0.589673,0.74344,480.4917,393.7541,474.732249,513.589752,583.950027,5.135898
1208,50000,12,0.754345,50,0.754345,0.589336,0.737556,480.4917,393.6278,471.695169,513.589752,584.089205,5.135898
1209,50000,12,0.754345,50,0.754345,0.588882,0.742381,480.4917,393.49,474.190826,513.589752,584.350525,5.135898
1210,50000,12,0.754345,50,0.754345,0.589336,0.74533,480.4917,393.6278,475.719489,513.589752,584.089205,5.135898
1211,50000,12,0.754345,50,0.754345,0.589474,0.748242,480.4917,393.7541,477.239593,513.589752,584.06574,5.135898
1212,50000,12,0.754345,50,0.754345,0.569045,0.742534,480.4917,381.9485,474.199443,513.589752,592.090066,5.135898
1213,50000,12,0.754345,50,0.754345,0.589336,0.746714,480.4917,393.6278,476.442073,513.589752,584.089205,5.135898
1214,50000,12,0.754345,50,0.754345,0.588638,0.740462,480.4917,392.7255,473.19884,513.589752,584.089205,5.135898
1215,50000,12,0.754345,50,0.754345,0.589474,0.748025,480.4917,393.518,477.164722,513.589752,584.06574,5.135898
1216,50000,12,0.754345,50,0.754345,0.589474,0.747383,480.4917,393.7541,476.798282,513.589752,584.06574,5.135898
1217,50000,12,0.754345,50,0.754345,0.589474,0.747817,480.4917,393.7541,477.063037,513.589752,584.06574,5.135898
1218,50000,12,0.754345,50,0.754345,0.589474,0.747861,480.4917,393.7541,477.100248,513.589752,584.06574,5.135898
1219,50000,12,0.754345,50,0.754345,0.569183,0.745054,480.4917,382.0748,475.583147,513.589752,592.066601,5.135898
1220,50000,12,0.754345,50,0.754345,0.589336,0.746136,480.4917,393.6278,476.134434,513.589752,584.089205,5.135898
1221,50000,12,0.754345,50,0.754345,0.588739,0.744192,480.4917,393.3071,475.135041,513.589752,584.339602,5.135898
1222,50000,12,0.754345,50,0.754345,0.588739,0.748792,480.4917,393.3071,477.545945,513.589752,584.339602,5.135898
1223,50000,12,0.754345,50,0.754345,0.589474,0.746156,480.4917,393.7541,476.172943,513.589752,584.06574,5.135898
1224,50000,12,0.754345,50,0.754345,0.569183,0.745078,480.4917,382.0748,475.616044,513.589752,592.066601,5.135898
1225,50000,12,0.754345,50,0.754345,0.589474,0.748238,480.4917,393.7541,477.293811,513.589752,584.06574,5.135898
1226,50000,12,0.754345,50,0.754345,0.590061,0.748219,480.4917,394.1334,477.264164,513.589752,583.862566,5.135898
1227,50000,12,0.754345,50,0.754345,0.587349,0.746966,480.4917,392.3211,476.593003,513.589752,584.763454,5.135898
1228,50000,12,0.754345,50,0.754345,0.589474,0.746099,480.6019,393.7541,476.162795,513.589752,584.06574,5.135898
1229,50000,12,0.754345,50,0.754345,0.580971,0.744218,480.4917,389.4465,475.151106,513.589752,587.811912,5.135898
1230,50000,12,0.754345,50,0.754345,0.589474,0.748241,480.4917,393.7541,477.243908,513.078191,584.06574,5.135898
1231,50000,12,0.754345,50,0.754345,0.589474,0.746478,480.4917,393.7541,476.32483,513.589752,584.06574,5.135898
1232,50000,12,0.754345,50,0.754345,0.589432,0.742872,480.4917,393.7541,474.440134,513.589752,584.098851,5.135898
1233,50000,12,0.754345,50,0.754345,0.589474,0.74831,480.4917,393.7541,477.300889,513.589752,584.06574,5.135898
1234,50000,12,0.754345,50,0.754345,0.589474,0.749669,480.4917,393.7541,478.015045,513.589752,584.06574,5.135898
1235,50000,12,0.754345,50,0.754345,0.626597,0.751167,480.4917,413.2888,478.80605,513.589752,568.20037,5.135898
1236,50000,12,0.754345,50,0.754345,0.589474,0.744623,480.4917,393.7541,475.35548,513.589752,584.06574,5.135898
1237,50000,12,0.754345,50,0.754345,0.589474,0.744659,480.4917,393.7541,475.39637,513.589752,584.06574,5.135898
1238,50000,12,0.754345,50,0.754345,0.589474,0.741592,480.4917,393.7541,473.798359,513.589752,584.06574,5.135898
1239,50000,12,0.754345,50,0.754345,0.589474,0.748008,480.4917,393.7541,477.09315,513.589752,584.06574,5.135898
1240,50000,12,0.754345,50,0.754345,0.587069,0.747758,480.4917,393.5114,477.002616,513.589752,585.779598,5.135898
1241,50000,12,0.754345,50,0.754345,0.587091,0.747984,480.4917,391.7658,477.098444,513.589752,584.592793,5.135898
1242,50000,12,0.754345,50,0.754345,0.589474,0.750132,480.4917,393.7541,478.245028,513.589752,584.06574,5.135898
1243,50000,12,0.754345,50,0.754345,0.589474,0.744992,480.4917,393.7541,475.547252,513.589752,584.06574,5.135898
1244,50000,12,0.754345,50,0.754345,0.588206,0.742099,480.6019,392.9778,474.058308,513.589752,584.623251,5.135898
1245,50000,12,0.754345,50,0.754345,0.588206,0.745694,480.4917,393.1097,475.920051,513.589752,584.623251,5.135898
1246,50000,12,0.754345,50,0.754345,0.587069,0.745994,480.4917,393.5114,476.076692,513.589752,585.779598,5.135898
1247,50000,12,0.754345,50,0.754345,0.587069,0.747976,480.4917,393.5114,477.137311,513.589752,585.779598,5.135898
1248,50000,12,0.754345,50,0.754345,0.592583,0.752717,480.4917,395.4495,479.63428,513.589752,582.777095,5.135898
1249,50000,12,0.754345,50,0.754345,0.588584,0.752595,480.4917,393.0543,479.562762,513.589752,584.291122,5.135898
1250,50000,12,0.754345,50,0.754345,0.585593,0.749245,480.4917,390.7915,477.803791,513.589752,585.108318,5.135898
1251,50000,12,0.754345,50,0.754345,0.586317,0.749394,480.4917,390.9006,477.880239,513.589752,584.730938,5.135898
1252,50000,12,0.754345,50,0.754345,0.587482,0.750318,480.4917,391.6931,478.364079,513.589752,584.238732,5.135898
1253,50000,12,0.754345,50,0.754345,0.587482,0.749386,480.4917,391.6931,477.858879,513.589752,584.238732,5.135898
1254,50000,12,0.754345,50,0.754345,0.587482,0.746068,480.4917,391.6931,476.114738,513.589752,584.238732,5.135898
1255,50000,12,0.754345,50,0.754345,0.589301,0.740763,480.4917,393.6734,473.365104,513.589752,584.147072,5.135898
1256,50000,12,0.754345,50,0.754345,0.588785,0.737608,480.4917,393.3123,471.722439,513.589752,584.30784,5.135898
1257,50000,12,0.754345,50,0.754345,0.589474,0.747016,480.4917,393.7541,476.621997,513.589752,584.06574,5.135898
1258,50000,12,0.754345,50,0.754345,0.589445,0.741054,480.4917,393.7541,473.527956,513.589752,584.088688,5.135898
1259,50000,12,0.754345,50,0.754345,0.577799,0.742622,480.4917,387.1149,474.320717,513.589752,588.723996,5.135898
1260,50000,12,0.754345,50,0.754345,0.57606,0.745593,480.4917,386.1672,475.885186,513.589752,589.445197,5.135898
1261,50000,12,0.754345,50,0.754345,0.588459,0.748049,480.4917,392.7168,477.173254,513.589752,584.162668,5.135898
1262,50000,12,0.754345,50,0.754345,0.588459,0.743918,480.4917,392.7168,474.984421,513.589752,584.162668,5.135898
1263,50000,12,0.754535,50,0.754535,0.589474,0.745325,480.4917,393.7541,475.733048,513.073782,584.06574,5.135898
1264,50000,12,0.754535,50,0.754535,0.581088,0.746018,480.4917,389.7353,476.12624,513.073782,587.914173,5.135898
1265,50000,12,0.754535,50,0.754535,0.589229,0.740853,480.4917,393.7541,473.388772,513.073782,584.25751,5.135898
1266,50000,12,0.754535,50,0.754535,0.589474,0.748535,480.4917,393.7541,477.424076,513.073782,584.06574,5.135898
1267,50000,12,0.754535,50,0.754535,0.589474,0.749151,480.4917,393.7541,477.718891,513.073782,584.06574,5.135898
1268,50000,12,0.754535,50,0.754535,0.589474,0.744379,480.4917,393.6421,475.166642,513.073782,584.06574,5.135898
1269,50000,12,0.754535,50,0.754535,0.5862,0.748123,480.4917,391.8381,477.136359,513.073782,585.335615,5.135898
1270,50000,12,0.754535,50,0.754535,0.589229,0.742241,480.4917,393.7541,474.013756,513.073782,584.25751,5.135898
1271,50000,12,0.754535,50,0.754535,0.589993,0.749664,480.4917,394.0653,477.88284,513.073782,583.870025,5.135898
1272,50000,12,0.754535,50,0.754535,0.588459,0.749078,480.4917,392.7168,477.591217,513.068028,584.162668,5.135898
1273,50000,12,0.754535,50,0.754535,0.588978,0.748209,480.4917,393.4819,477.104734,513.073782,584.270938,5.135898
1274,50000,12,0.754535,50,0.754535,0.589474,0.749442,480.4917,393.7541,477.719716,513.073782,584.06574,5.135898
1275,50000,12,0.754535,50,0.754535,0.589441,0.746162,480.4917,393.7541,475.979108,513.073782,584.092146,5.135898
1276,50000,12,0.754535,50,0.754535,0.589474,0.749378,480.4917,393.7541,477.634762,513.073782,584.06574,5.135898
1277,50000,12,0.754535,50,0.754535,0.587365,0.743382,480.4917,392.4748,474.508378,513.073782,584.853543,5.135898
1278,50000,12,0.754535,50,0.754535,0.588251,0.739773,480.4917,393.7541,472.565016,513.073782,585.28332,5.135898
1279,50000,12,0.754535,50,0.754535,0.589474,0.747735,480.4917,393.7541,476.679791,513.073782,584.06574,5.135898
1280,50000,12,0.754535,50,0.754535,0.580971,0.742841,480.4917,389.4465,474.161704,513.073782,587.811912,5.135898
1281,50000,12,0.754535,50,0.754535,0.581088,0.742824,480.4917,389.7353,474.105369,513.073782,587.914173,5.135898
1282,50000,12,0.754535,50,0.754535,0.581088,0.742994,480.4917,389.7353,474.198396,513.073782,587.914173,5.135898
1283,50000,12,0.754535,50,0.754535,0.589474,0.742564,480.4917,393.7541,473.959401,513.073782,584.06574,5.135898
1284,50000,12,0.754535,50,0.754535,0.570632,0.743918,480.4917,384.2283,474.630962,513.073782,592.379672,5.135898
1285,50000,12,0.754535,50,0.754535,0.589474,0.749767,480.4917,393.7541,477.62311,513.073782,584.06574,5.135898
1286,50000,12,0.754535,50,0.754535,0.582021,0.746985,480.4917,389.5903,476.141482,513.073782,587.089263,5.135898
1287,50000,12,0.754535,50,0.754535,0.589474,0.749338,480.4917,393.7541,477.310518,513.073782,584.06574,5.135898
1288,50000,12,0.754535,50,0.754535,0.588226,0.750556,480.4917,393.2214,477.915873,513.073782,584.682873,5.135898
1289,50000,12,0.754535,50,0.754535,0.588785,0.75065,480.4917,393.3123,477.947354,513.073782,584.30784,5.135898
1290,50000,12,0.754535,50,0.754535,0.589474,0.752819,480.4917,393.7541,479.081766,513.073782,584.06574,5.135898
1291,50000,12,0.754535,50,0.754535,0.589474,0.747613,480.4917,393.7541,476.361951,513.073782,584.06574,5.135898
1292,50000,12,0.754535,50,0.754535,0.589292,0.746949,480.4917,393.7541,475.970359,513.073782,584.208227,5.135898
1293,50000,12,0.754535,50,0.754535,0.589474,0.742081,479.9426,393.7541,473.458949,513.073782,584.06574,5.130738
1294,50000,12,0.754535,50,0.754535,0.589474,0.746827,479.9426,393.7541,475.940492,513.073782,584.06574,5.130738
1295,50000,12,0.754535,50,0.754535,0.592294,0.749741,479.9426,395.5887,477.428162,513.073782,583.095802,5.130738
1296,50000,12,0.754535,50,0.754535,0.589474,0.748173,479.9426,393.7541,476.617908,513.073782,584.06574,5.130738
1297,50000,12,0.754535,50,0.754535,0.698274,0.753752,479.9426,449.5405,479.494664,513.073782,536.584719,5.130738
1298,50000,12,0.754535,50,0.754535,0.588459,0.75088,479.9426,392.7168,478.015014,513.073782,584.162668,5.130738
1299,50000,12,0.754535,50,0.754535,0.587069,0.75019,479.9426,393.5114,477.659395,513.073782,585.779598,5.130738
