gen,seed,threads,best_global,picos,fit_best,fit_worst,fit_mean,green_best,green_worst,green_mean,emis_best,emis_worst,emis_mean
0,45000,,0.513643,25,0.487542,0.347223,0.421521,318.6988,236.097,278.30189,608.530416,670.647469,637.704948
1,45000,,0.513643,34,0.499178,0.347502,0.43131,331.0532,232.0131,283.830844,608.530416,665.652683,633.774303
2,45000,,0.513643,50,0.499178,0.347502,0.440951,331.0532,232.0131,289.276252,607.479558,664.420912,629.902742
3,45000,,0.513643,40,0.500277,0.3825,0.451249,332.0123,253.7499,295.330533,607.479558,651.942592,625.927459
4,45000,,0.513643,17,0.500277,0.3825,0.459285,332.0123,254.1284,299.662578,607.479558,652.595338,622.562691
5,45000,,0.513643,30,0.500277,0.408542,0.467789,332.0123,280.0323,304.544353,607.479558,649.404783,619.200637
6,45000,,0.513643,14,0.500277,0.408542,0.472247,332.0123,280.6544,307.668197,607.479558,649.404783,617.816406
7,45000,,0.513643,35,0.500277,0.424264,0.475379,332.0123,286.4524,309.158451,602.051323,641.026748,616.37259
8,45000,,0.513643,20,0.500277,0.433676,0.479872,332.0123,285.2336,311.902542,602.051323,632.868867,614.706879
9,45000,,0.513643,14,0.503054,0.449639,0.48387,332.0123,290.115,313.984937,602.051323,626.226046,612.983487
10,45000,,0.513643,31,0.505685,0.449639,0.486653,332.0123,293.9012,315.551038,602.051323,626.226046,611.862649
11,45000,,0.513643,39,0.513395,0.449897,0.489907,336.1318,294.1506,317.526337,599.89579,626.191188,610.647966
12,45000,,0.513643,16,0.513395,0.468825,0.49257,336.1318,306.7504,319.199059,599.89579,622.447817,609.691889
13,45000,,0.51474,31,0.51474,0.471466,0.495385,336.1318,304.4057,321.380973,598.132266,624.324304,608.958364
14,45000,,0.523465,15,0.523465,0.475024,0.499846,342.3404,309.568,324.653364,595.238109,623.918375,607.671284
15,45000,,0.527599,35,0.527599,0.447752,0.502119,346.6902,303.4587,326.179924,594.563769,634.102394,606.921424
16,45000,,0.531092,22,0.531092,0.478084,0.506308,347.8395,315.1289,328.723389,594.563769,620.836415,605.358139
17,45000,,0.531092,11,0.531092,0.482189,0.509839,347.8395,315.1289,330.113719,594.563769,616.563714,603.535736
18,45000,,0.539793,35,0.539793,0.459622,0.512497,351.3457,308.714,331.470752,588.506706,628.364844,602.37227
19,45000,,0.539793,24,0.539793,0.481131,0.515488,347.8395,316.1005,332.874035,588.506706,619.224201,600.97919
20,45000,,0.540871,20,0.540871,0.493426,0.516629,347.8395,316.1005,333.142706,588.161389,613.407083,600.269337
21,45000,,0.540871,17,0.540871,0.501579,0.520439,350.436,318.4441,335.284063,588.161389,607.169288,598.732122
22,45000,,0.555472,34,0.555472,0.502182,0.524233,360.672,323.1383,337.286588,588.161389,608.679141,597.114697
23,45000,,0.555472,11,0.555472,0.502182,0.527328,360.672,323.1383,339.276749,585.873533,608.679141,596.034905
24,45000,,0.559083,12,0.559083,0.502182,0.530334,360.672,323.1383,341.173697,582.312143,608.679141,594.961324
25,45000,,0.566047,32,0.566047,0.468619,0.532994,360.672,304.0433,342.696325,579.699772,618.217224,593.906906
26,45000,,0.568374,38,0.568374,0.501316,0.536391,361.4898,321.2156,344.661286,578.903769,606.820519,592.573943
27,45000,,0.568374,13,0.568374,0.514998,0.540426,361.4898,325.7399,346.723699,578.903769,606.820519,590.808617
28,45000,,0.572035,20,0.572035,0.511248,0.543852,368.328,324.3737,348.618686,578.903769,600.011174,589.405573
29,45000,,0.572035,42,0.572035,0.51829,0.54615,368.328,326.9083,349.663266,578.086937,600.159595,588.313385
30,45000,,0.572035,21,0.572035,0.518893,0.548868,368.328,326.9083,351.587065,578.086937,596.013037,587.48282
31,45000,,0.574483,11,0.574483,0.522944,0.551212,371.6137,331.8862,353.292812,575.602027,596.013037,586.797452
32,45000,,0.589199,13,0.589199,0.493423,0.554369,381.0748,318.6131,355.48356,575.602027,608.633707,585.802844
33,45000,,0.589199,32,0.589199,0.472537,0.556709,381.0748,318.0281,357.169947,575.312694,624.532421,585.107832
34,45000,,0.591574,50,0.591574,0.473682,0.559218,381.9129,316.1942,358.418085,574.201723,622.411075,583.986956
35,45000,,0.591574,12,0.591574,0.519853,0.562955,381.9129,339.8967,360.953165,573.865713,603.37855,582.770911
36,45000,,0.591574,25,0.591574,0.537563,0.566132,381.9129,340.5079,362.600158,573.865713,591.42182,581.396272
37,45000,,0.595425,16,0.595425,0.542229,0.568743,384.2624,346.1788,364.413932,572.717309,591.42182,580.575077
38,45000,,0.597074,49,0.597074,0.487895,0.569107,384.5929,329.6219,364.670434,571.689805,620.322472,580.463273
39,45000,,0.597717,12,0.597717,0.512956,0.572523,385.4306,340.5652,366.698435,571.689805,608.10778,579.157707
40,45000,,0.599236,15,0.599236,0.505847,0.575207,386.2328,337.3995,368.644032,569.974339,611.531538,578.368183
41,45000,,0.599236,29,0.599236,0.517832,0.577915,386.2328,344.032,370.809269,569.974339,606.627752,577.70669
42,45000,,0.600147,13,0.600147,0.482394,0.581279,386.9715,319.7061,373.121547,569.974339,617.96859,576.632183
43,45000,,0.601793,17,0.601793,0.560989,0.585244,390.0921,359.0706,375.820351,567.110703,583.043061,575.348138
44,45000,,0.60512,50,0.60512,0.490561,0.585259,392.4254,330.6241,376.132082,569.726949,618.914348,575.545329
45,45000,,0.605239,23,0.605239,0.533749,0.587296,392.4254,349.1442,377.487267,568.699405,597.638584,574.864374
46,45000,,0.608815,27,0.608815,0.489715,0.588777,392.5851,330.0297,378.777429,568.197096,619.176192,574.573651
47,45000,,0.609203,17,0.609203,0.563808,0.591807,393.394,359.1554,380.45186,567.783056,581.030774,573.33278
48,45000,,0.609203,40,0.609203,0.563808,0.592822,393.6262,359.1554,381.286938,567.783056,582.140965,573.100759
49,45000,,0.609203,13,0.609203,0.498584,0.593984,393.6262,332.1951,382.273556,567.783056,613.709462,572.855548
50,45000,,0.609203,32,0.609203,0.493102,0.59505,393.6262,330.6256,382.981622,567.273883,616.933434,572.498089
51,45000,,0.611127,50,0.611127,0.531612,0.596504,393.6262,346.011,383.889756,567.042939,597.20595,571.972719
52,45000,,0.611745,10,0.611745,0.571513,0.598297,395.6027,363.1555,384.877836,567.215332,577.928039,571.235994
53,45000,,0.611745,39,0.610234,0.573752,0.599712,395.1671,366.3966,386.081044,567.215332,578.784891,570.938424
54,45000,,0.611745,13,0.611345,0.582754,0.601362,395.584,370.36,387.383946,567.105988,575.680383,570.52504
55,45000,,0.611745,37,0.611006,0.588625,0.602177,395.584,377.1483,387.871803,567.147004,574.928928,570.216395
56,45000,,0.613348,30,0.613348,0.596608,0.603233,395.9225,381.7247,388.511548,566.897614,572.818011,569.821058
57,45000,,0.613348,23,0.613348,0.596827,0.604309,395.9225,381.7247,389.115788,566.897614,572.317336,569.386553
58,45000,,0.613348,33,0.613348,0.535142,0.604355,395.9225,350.7432,389.18506,566.781867,597.623098,569.397561
59,45000,,0.617783,33,0.617783,0.544076,0.60533,397.5514,353.6702,389.754886,563.787803,592.616449,569.018508
60,45000,,0.617783,14,0.617783,0.598117,0.607433,398.9532,383.1313,391.193373,563.787803,572.112028,568.341939
61,45000,,0.620795,15,0.620795,0.591122,0.60829,398.9532,383.1313,391.858609,562.946596,576.983298,568.119676
62,45000,,0.621638,41,0.621638,0.588093,0.608804,399.114,383.1313,392.352143,562.570013,578.208072,568.049109
63,45000,,0.622437,41,0.622437,0.578034,0.609827,399.7797,374.6054,392.926369,562.392222,580.157724,567.636075
64,45000,,0.622437,13,0.622437,0.598735,0.611604,399.7797,383.1313,393.798897,562.392222,572.171139,566.834438
65,45000,,0.62511,28,0.62511,0.593285,0.612556,401.0136,379.9489,394.570656,561.134601,572.868519,566.609429
66,45000,,0.625262,36,0.625262,0.506463,0.611805,401.0136,336.4445,394.347615,560.42758,610.411344,567.045526
67,45000,,0.625262,26,0.625262,0.516384,0.61271,401.0136,347.2104,395.00086,560.42758,609.886971,566.777886
68,45000,,0.625262,16,0.625262,0.601089,0.615564,401.0136,387.1125,396.450384,560.42758,572.814141,565.523089
69,45000,,0.631735,32,0.631735,0.604447,0.61663,404.1909,387.1125,396.727784,558.096162,571.620829,564.877404
70,45000,,0.631735,32,0.631735,0.604447,0.617271,404.1909,388.0807,397.02104,558.096162,571.620829,564.573732
71,45000,,0.631735,13,0.631735,0.607242,0.618498,404.1909,387.9793,397.549443,558.096162,569.947695,563.970883
72,45000,,0.631735,22,0.631735,0.604447,0.619508,404.1909,387.9793,397.976763,558.096162,571.620829,563.469207
73,45000,,0.631735,50,0.631735,0.60155,0.620448,404.1909,387.5831,398.309465,558.096162,572.508684,562.958631
74,45000,,0.632481,32,0.632481,0.604447,0.621022,404.5495,388.8,398.772563,557.754532,571.620829,562.82175
75,45000,,0.632481,24,0.631742,0.608064,0.622277,404.1909,388.8,399.30335,558.091163,569.067597,562.198038
76,45000,,0.632481,34,0.631735,0.609662,0.623367,404.1909,388.8,399.768562,558.033919,568.56735,561.659916
77,45000,,0.632481,20,0.631735,0.601768,0.624005,404.1909,388.8,400.162843,558.033919,572.782484,561.426487
78,45000,,0.632793,24,0.632793,0.591927,0.624944,404.5394,383.9004,400.63992,556.94816,575.549554,561.013661
79,45000,,0.633575,37,0.633575,0.6088,0.626094,404.5394,394.714,401.178739,556.678168,570.316612,560.477541
80,45000,,0.633575,16,0.633575,0.614102,0.627381,404.5394,396.3971,401.824971,556.678168,567.849494,559.907314
81,45000,,0.637108,49,0.637108,0.603096,0.627511,405.5262,392.0934,401.936445,554.799984,572.328182,559.879965
82,45000,,0.637108,12,0.637108,0.614102,0.629424,405.5262,396.3971,402.729518,554.619689,567.150355,558.91994
83,45000,,0.637108,37,0.637108,0.603452,0.629741,405.5262,393.2267,402.833199,554.619689,572.80953,558.741477
84,45000,,0.640818,33,0.640818,0.616317,0.630901,406.9467,396.8595,403.258483,552.725643,565.209715,558.122326
85,45000,,0.659616,33,0.659616,0.600714,0.632586,422.3162,391.5097,404.140127,547.918928,573.795319,557.398098
86,45000,,0.659616,13,0.659616,0.611772,0.634044,422.3162,397.5172,404.884943,547.918928,571.197531,556.760382
87,45000,,0.659616,15,0.659616,0.616551,0.635122,422.3162,397.2838,405.487483,547.918928,565.311616,556.323037
88,45000,,0.660061,26,0.660061,0.617721,0.635954,422.3162,396.4631,405.85,545.547929,564.009914,555.916933
89,45000,,0.660061,50,0.660061,0.587179,0.636496,422.3162,385.5576,406.348869,545.547929,580.363375,555.828809
90,45000,,0.660061,24,0.660061,0.588222,0.636439,422.3162,386.9902,406.447886,545.547929,580.510515,555.939399
91,45000,,0.660061,12,0.660061,0.621169,0.639251,422.3162,396.1906,408.14173,545.547929,563.19785,554.881283
92,45000,,0.660061,16,0.660061,0.514685,0.639547,422.3162,340.7598,408.42157,545.547929,606.889721,554.837691
93,45000,,0.663125,41,0.663125,0.502416,0.640581,422.3162,339.1234,408.915016,544.557322,615.362959,554.361681
94,45000,,0.664759,50,0.664759,0.597933,0.643637,427.7497,393.6663,410.944908,544.557322,577.409331,553.338846
95,45000,,0.665821,19,0.665821,0.610892,0.647129,428.0825,394.96,412.561578,544.409927,568.167951,551.697996
96,45000,,0.665821,28,0.665821,0.532039,0.647184,428.0825,354.1145,412.673989,544.409927,602.303098,551.730481
97,45000,,0.668806,32,0.668806,0.606556,0.649615,428.8647,391.5274,413.830909,542.49713,569.304472,550.609884
98,45000,,0.674382,12,0.674382,0.61019,0.652109,430.2,397.2974,415.008107,542.260396,570.282122,549.452816
99,45000,,0.674382,26,0.674382,0.511117,0.652369,430.2,343.1131,415.249861,542.260396,611.249646,549.41238
100,45000,,0.674382,50,0.670956,0.568919,0.653474,428.948,377.0729,415.936476,542.49713,588.921272,549.010781
101,45000,,0.674382,18,0.670956,0.623468,0.656018,428.948,398.1323,417.302396,542.49713,560.484633,547.941694
102,45000,,0.675315,31,0.675315,0.51014,0.654608,435.4027,344.3847,416.55057,542.49713,612.863693,548.537626
103,45000,,0.678317,28,0.678317,0.614423,0.657796,434.6205,400.5778,418.559126,541.897657,572.037837,547.397067
104,45000,,0.678317,15,0.678317,0.580321,0.659111,434.6205,381.9176,419.328455,541.897657,583.273774,546.887055
105,45000,,0.678317,36,0.678317,0.642964,0.661397,434.6205,406.6468,420.90336,541.360866,554.14024,546.158868
106,45000,,0.678317,50,0.678317,0.436535,0.659041,434.6205,299.2419,419.491246,541.360866,640.025495,547.050313
107,45000,,0.678317,21,0.678317,0.609126,0.662893,435.0852,396.4585,421.635783,541.360866,570.549872,545.482667
108,45000,,0.678317,31,0.678317,0.515065,0.662282,435.0852,344.39,421.674024,541.360866,609.025723,545.985272
109,45000,,0.678504,21,0.678504,0.604777,0.665134,437.0772,389.6248,423.427477,540.684424,569.362743,544.935914
110,45000,,0.683491,42,0.683491,0.643309,0.666782,437.0772,407.0159,424.38016,538.789597,553.488702,544.288782
111,45000,,0.683491,17,0.683491,0.643299,0.669125,439.5875,407.0159,425.849224,538.748822,551.139541,543.445479
112,45000,,0.683491,32,0.683491,0.440364,0.667268,440.5242,301.0441,425.389224,538.748822,638.246823,544.585251
113,45000,,0.683733,24,0.683733,0.511485,0.669224,440.5242,343.7629,426.688881,538.730469,611.398043,543.930876
114,45000,,0.685105,26,0.685105,0.457227,0.67095,440.5242,309.5411,427.800975,536.517895,630.787362,543.329877
115,45000,,0.685105,46,0.683733,0.519264,0.672317,440.5242,347.9859,428.385786,536.517895,608.160562,542.655638
116,45000,,0.688119,22,0.688119,0.626145,0.675061,440.5242,411.9178,430.086752,536.517895,567.634147,541.654864
117,45000,,0.688119,21,0.688119,0.538229,0.675194,440.5242,360.9999,430.090226,536.517895,602.088496,541.553689
118,45000,,0.689071,22,0.689071,0.621498,0.676806,440.5242,398.3157,430.980618,536.517895,562.143797,540.892739
119,45000,,0.689071,41,0.689071,0.55014,0.675414,445.2746,369.8418,430.874375,535.902272,598.722775,541.907279
120,45000,,0.689071,17,0.689071,0.631741,0.6796,445.2746,406.7699,433.065689,535.902272,559.819563,540.110554
121,45000,,0.689071,13,0.689071,0.533769,0.678796,441.4845,359.0568,432.646099,535.902272,604.265316,540.456774
122,45000,,0.689071,47,0.689071,0.533769,0.67698,440.6527,359.0568,431.846158,535.73026,604.265316,541.337027
123,45000,,0.689199,35,0.689199,0.553812,0.677735,441.6269,369.3723,432.457638,535.73026,595.543923,541.158131
124,45000,,0.692751,33,0.692751,0.46509,0.679589,442.7075,319.7493,433.514714,535.73026,631.494994,540.419808
125,45000,,0.692751,16,0.692751,0.671128,0.683935,444.2918,425.5826,436.01893,535.73026,543.492185,538.70844
126,45000,,0.694303,42,0.694303,0.673344,0.684453,444.2918,425.5826,436.195092,535.210431,543.436567,538.422422
127,45000,,0.694303,33,0.694303,0.522401,0.682997,443.0639,348.2531,435.484696,535.341909,605.892747,539.081816
128,45000,,0.694303,24,0.694303,0.657534,0.684742,443.0639,426.8985,436.421275,535.341909,553.914386,538.348859
129,45000,,0.694303,39,0.694303,0.650812,0.68509,443.0639,424.6591,436.593843,534.78433,556.931826,538.192647
130,45000,,0.699168,11,0.699168,0.636865,0.686507,445.6638,419.3623,437.609464,533.28956,564.261464,537.767928
131,45000,,0.699168,27,0.699168,0.65058,0.687477,445.6638,424.3793,438.330354,533.28956,556.925833,537.494428
132,45000,,0.699168,50,0.699168,0.47686,0.682656,445.6638,323.9941,435.789604,533.28956,625.1589,539.552157
133,45000,,0.699168,22,0.699168,0.638154,0.688063,445.6638,412.851,438.789743,533.28956,559.496567,537.345611
134,45000,,0.699168,32,0.699168,0.642947,0.688306,445.6638,412.6584,439.063885,533.28956,555.025055,537.339124
135,45000,,0.699168,29,0.699168,0.590817,0.687496,445.6638,390.9025,438.765969,533.28956,581.107961,537.771353
136,45000,,0.701804,34,0.701804,0.590817,0.689968,447.492,390.9025,439.980397,532.458995,581.107961,536.656796
137,45000,,0.701804,25,0.699737,0.507881,0.68894,445.9693,343.9933,439.488441,532.860053,614.363671,537.128995
138,45000,,0.701804,38,0.701346,0.552866,0.690471,447.5248,368.6668,440.321441,532.837704,595.809614,536.493326
139,45000,,0.701804,35,0.701346,0.571054,0.690205,447.5248,383.2693,440.490265,532.484034,591.408066,536.813814
140,45000,,0.701804,16,0.701346,0.66077,0.693056,447.5248,428.9157,442.343079,532.484034,553.620663,535.832174
141,45000,,0.701804,49,0.701346,0.541221,0.69151,447.5248,365.9361,441.943776,532.837704,603.062526,536.769801
142,45000,,0.701804,32,0.701346,0.663988,0.693859,447.5248,434.2593,443.216179,532.837704,553.08802,535.790466
143,45000,,0.701804,33,0.701346,0.506695,0.692607,447.5248,341.3556,442.514698,532.837704,613.521287,536.297071
144,45000,,0.701804,35,0.701346,0.644928,0.693939,447.5248,418.7527,443.217798,532.675301,557.563969,535.728827
145,45000,,0.704763,31,0.704763,0.542815,0.692931,453.7092,368.5533,442.859971,532.445282,603.573124,536.275928
146,45000,,0.704763,14,0.704763,0.656945,0.695918,453.7092,427.8545,444.454689,531.708688,554.289552,535.014693
147,45000,,0.704763,50,0.704763,0.622806,0.695082,453.7092,407.2172,444.291622,532.484034,567.089166,535.557513
148,45000,,0.709527,17,0.709527,0.619984,0.694948,453.7721,407.2172,444.172131,530.642884,570.054422,535.581756
149,45000,,0.709527,31,0.709527,0.622806,0.695997,453.7721,407.2172,444.732919,530.642884,567.089166,535.139252
150,45000,,0.709527,50,0.709527,0.487254,0.695553,453.7721,336.0446,444.574398,530.642884,625.126193,535.37941
151,45000,,0.709527,15,0.709527,0.62619,0.697354,453.7721,416.3896,445.764199,530.642884,570.59554,534.772199
152,45000,,0.709527,15,0.709527,0.689776,0.699307,454.1305,438.7647,446.759874,530.642884,539.268786,533.915386
153,45000,,0.709527,17,0.709527,0.69169,0.700099,454.1305,442.3032,447.162119,530.642884,539.096774,533.567359
154,45000,,0.709627,50,0.709627,0.658968,0.699635,454.1305,431.7471,446.977687,530.642884,555.320087,533.805821
155,45000,,0.710913,50,0.710913,0.665968,0.699692,454.6485,432.8513,447.024932,530.149239,550.599597,533.792973
156,45000,,0.710913,49,0.710913,0.653759,0.699282,454.6485,427.7086,446.950533,530.149239,556.676896,534.062919
157,45000,,0.710913,9,0.710913,0.659872,0.701542,454.6485,427.1131,448.081048,530.149239,551.509904,533.05775
158,45000,,0.710913,22,0.710913,0.540721,0.700472,454.6485,364.5487,447.74899,530.123058,602.522891,533.670202
159,45000,,0.710913,50,0.710913,0.650481,0.701343,454.6485,426.0611,448.313799,530.123058,558.129486,533.368895
160,45000,,0.710913,40,0.710913,0.664887,0.701472,454.6485,430.6621,448.530017,530.123058,551.406207,533.412973
161,45000,,0.712021,15,0.712021,0.669221,0.703306,455.3779,436.2862,449.436919,529.773602,550.364253,532.590566
162,45000,,0.712021,48,0.712021,0.669221,0.702855,455.3779,436.2862,449.228045,529.773602,550.364253,532.801909
163,45000,,0.712021,29,0.712021,0.649421,0.703799,455.3779,424.5518,449.910896,529.773602,558.139529,532.523814
164,45000,,0.712021,37,0.712021,0.673787,0.705001,455.3779,438.3445,450.620695,529.747421,548.182061,532.061914
165,45000,,0.712348,33,0.712348,0.698709,0.705956,455.7159,446.0664,451.205893,529.745181,535.962295,531.709037
166,45000,,0.712348,24,0.712348,0.625927,0.705881,455.7159,416.2145,451.275756,529.633688,570.683282,531.814182
167,45000,,0.712673,33,0.712673,0.652287,0.705607,457.3523,428.5749,451.230691,529.536175,559.521985,531.997867
168,45000,,0.712673,45,0.712673,0.654177,0.705581,457.3523,424.1619,451.202076,529.536175,556.931558,531.998542
169,45000,,0.712673,17,0.712673,0.654177,0.705717,457.3523,428.5749,451.321515,529.536175,557.273338,531.972617
170,45000,,0.715694,38,0.715694,0.653735,0.706979,457.3523,427.1276,451.907433,526.589059,556.306607,531.381211
171,45000,,0.715694,14,0.715694,0.648344,0.707252,457.3523,428.3832,452.438055,527.566113,561.352708,531.523882
172,45000,,0.715694,48,0.715694,0.648385,0.706348,457.3523,425.4129,452.151913,527.566113,559.329884,532.037321
173,45000,,0.715694,41,0.715694,0.652442,0.708296,457.3523,428.1573,453.178894,527.566113,558.004804,531.20556
174,45000,,0.718385,31,0.718385,0.694453,0.709494,461.0416,445.2447,453.801121,527.566113,536.686346,530.688597
175,45000,,0.718385,27,0.717291,0.694861,0.71021,459.9178,445.5481,454.274871,528.705209,536.571372,530.447329
176,45000,,0.718385,28,0.717291,0.694453,0.710988,460.5477,445.2447,454.913069,527.681054,536.686346,530.267634
177,45000,,0.718385,31,0.717291,0.677981,0.711593,460.5477,438.4009,455.396628,527.681054,544.94884,530.119909
178,45000,,0.719727,30,0.719727,0.698797,0.712286,460.5477,449.3313,455.921349,527.220013,536.663548,529.931457
179,45000,,0.724115,30,0.724115,0.699205,0.713031,462.43,449.335,456.492184,525.066187,536.548573,529.732448
180,45000,,0.724115,33,0.724115,0.706321,0.713431,462.43,452.9032,456.736189,525.066187,532.561525,529.584175
181,45000,,0.724115,41,0.724115,0.709166,0.713653,462.43,453.7309,456.761054,525.066187,531.966914,529.427884
182,45000,,0.72539,19,0.72539,0.709255,0.714267,462.43,453.7309,457.128228,523.915594,531.337112,529.19501
183,45000,,0.72539,46,0.72539,0.687105,0.714269,462.43,446.5005,457.249889,523.915594,543.259778,529.274523
184,45000,,0.72539,32,0.72539,0.653877,0.714091,462.43,428.3851,457.227145,523.915594,557.038285,529.398172
185,45000,,0.72539,30,0.72539,0.710185,0.714977,462.43,454.5956,457.709902,523.915594,532.69232,529.030446
186,45000,,0.72539,44,0.72539,0.678384,0.714831,462.43,441.2576,457.626724,523.915594,546.548771,529.088768
187,45000,,0.72539,13,0.72539,0.678384,0.715373,462.43,441.2576,457.961124,523.915594,546.548771,528.890501
188,45000,,0.726803,41,0.726803,0.660791,0.71444,463.1075,432.2749,457.727441,523.423167,554.251755,529.461492
189,45000,,0.726803,14,0.726803,0.678384,0.716083,463.1075,441.2576,458.545111,523.423167,546.548771,528.727802
190,45000,,0.726803,46,0.726803,0.651579,0.715789,463.1075,428.4359,458.48953,523.423167,558.8646,528.919518
191,45000,,0.726843,50,0.726843,0.675995,0.716138,463.2177,437.7066,458.737844,523.392484,546.032333,528.814315
192,45000,,0.726843,24,0.726843,0.697527,0.717162,464.6816,449.0729,459.136477,523.392484,536.854196,528.282472
193,45000,,0.726843,46,0.726843,0.681097,0.717013,464.6816,439.9043,459.038982,523.392484,543.525737,528.333413
194,45000,,0.726882,16,0.726882,0.701522,0.717856,464.6816,450.514,459.500074,523.392484,534.703814,527.984425
195,45000,,0.726882,30,0.726882,0.704754,0.718115,464.6816,454.2347,459.69096,523.392484,534.675916,527.910447
196,45000,,0.726882,38,0.726882,0.708664,0.718742,464.6816,454.7337,459.894804,523.392484,531.96087,527.55835
197,45000,,0.726882,21,0.726882,0.713962,0.719321,464.6816,455.7452,460.181076,523.392484,530.883754,527.298079
198,45000,,0.726882,50,0.726882,0.678623,0.719237,464.6816,442.6937,460.204643,523.392484,547.324288,527.379374
199,45000,,0.727365,24,0.727365,0.686562,0.71985,465.1744,446.5357,460.62118,523.182633,543.706473,527.180432
200,45000,,0.729313,39,0.729313,0.694651,0.720532,468.7699,450.4296,461.076073,523.051874,540.006541,526.953517
201,45000,,0.729313,22,0.729313,0.694651,0.721024,468.7699,450.4296,461.413111,523.051874,540.006541,526.795621
202,45000,,0.729529,34,0.729529,0.712679,0.721726,469.4945,456.3639,461.850896,523.128068,530.273042,526.541169
203,45000,,0.730079,32,0.730079,0.708384,0.721893,469.4945,456.25,462.001568,523.128068,533.195326,526.512421
204,45000,,0.730079,50,0.730079,0.670328,0.721005,469.4945,438.0379,461.738762,523.128068,550.674687,527.029036
205,45000,,0.730079,23,0.730079,0.67878,0.722292,469.4945,438.3378,462.359112,522.957819,544.282749,526.440239
206,45000,,0.731839,31,0.731839,0.660059,0.722358,470.4684,432.9731,462.51835,522.745234,555.290302,526.496095
207,45000,,0.731839,14,0.731839,0.712962,0.72382,470.4684,457.0198,463.253862,522.859116,531.226329,525.848158
208,45000,,0.731839,50,0.731839,0.680733,0.722859,470.4684,441.8711,462.920257,522.66219,545.127765,526.37423
209,45000,,0.731878,22,0.731878,0.680733,0.723771,472.0425,441.8711,463.373322,522.716499,545.127765,525.966865
210,45000,,0.731878,15,0.731878,0.713196,0.725231,472.0425,456.4669,464.088328,522.716499,529.58673,525.307041
211,45000,,0.732891,26,0.732891,0.715174,0.72542,472.0425,459.206,464.344656,522.006325,531.323349,525.331277
212,45000,,0.732891,50,0.732891,0.715174,0.725591,472.0425,459.206,464.398822,521.941439,531.323349,525.234229
213,45000,,0.732891,50,0.732891,0.680583,0.724768,472.0425,440.9667,463.794154,521.941439,545.787764,525.470851
214,45000,,0.732891,18,0.732891,0.677138,0.724401,472.0425,440.2076,463.901363,521.941439,546.816669,525.829234
215,45000,,0.732891,37,0.732891,0.694621,0.726288,470.4684,449.5476,464.98952,521.941439,539.439177,525.086039
216,45000,,0.732891,34,0.732891,0.681763,0.72586,470.4684,441.5732,464.845674,521.941439,545.165709,525.32397
217,45000,,0.732891,38,0.732891,0.684983,0.727225,470.4684,443.9226,465.469974,521.732895,543.187389,524.677043
218,45000,,0.733657,14,0.733657,0.707208,0.728472,472.0425,456.4216,466.036694,521.732895,534.22712,524.084354
219,45000,,0.733657,21,0.733657,0.686251,0.729117,472.0425,445.6002,466.431035,521.732895,543.322442,523.845369
220,45000,,0.734699,50,0.734699,0.65268,0.728882,472.0425,426.0833,466.434323,520.684272,556.429098,524.0308
221,45000,,0.735082,32,0.735082,0.720052,0.730486,472.0425,460.3903,467.251189,520.684272,529.100297,523.327017
222,45000,,0.735082,34,0.735082,0.721655,0.730893,472.0425,461.9166,467.279692,520.684272,528.526666,523.029194
223,45000,,0.735082,33,0.734699,0.647761,0.729757,472.0425,428.8495,466.803099,520.684272,562.119655,523.59537
224,45000,,0.735082,12,0.734699,0.701722,0.731225,471.1116,451.0874,467.488007,520.684272,534.931726,522.909921
225,45000,,0.735082,37,0.734699,0.701722,0.731479,471.1116,451.0874,467.701384,520.684272,534.931726,522.854147
226,45000,,0.735082,50,0.734699,0.685783,0.73055,471.1116,442.9608,467.349517,520.684272,541.918383,523.343083
227,45000,,0.735082,25,0.734699,0.685783,0.731248,471.1116,442.9608,467.74242,520.684272,543.259731,523.062108
228,45000,,0.735082,48,0.734699,0.715704,0.732179,471.1116,460.5477,468.325379,520.684272,530.365567,522.727041
229,45000,,0.735223,24,0.735223,0.684724,0.732319,471.2682,445.4773,468.429137,520.684272,544.431068,522.687223
230,45000,,0.735239,32,0.735239,0.665261,0.732296,471.2682,435.8541,468.366834,520.684272,553.16368,522.663274
231,45000,,0.735791,50,0.735791,0.68701,0.731747,471.7837,446.1314,468.15433,520.381456,543.352961,522.948842
232,45000,,0.735791,32,0.735791,0.711168,0.733012,471.7837,459.1555,468.839664,520.381456,532.970518,522.421187
233,45000,,0.73589,14,0.73589,0.730137,0.733869,471.7837,467.2878,469.244506,520.381456,523.911861,522.024595
234,45000,,0.73589,13,0.73589,0.729014,0.73408,471.7837,466.7257,469.386339,520.381456,524.123303,521.954919
235,45000,,0.736334,37,0.736334,0.727888,0.734171,472.1044,465.4423,469.467455,520.381456,524.141872,521.938113
236,45000,,0.736334,50,0.736334,0.654498,0.732919,472.1044,429.9992,468.785723,520.381456,557.635166,522.457897
237,45000,,0.736473,50,0.736473,0.665375,0.733335,472.1044,433.5134,468.933227,520.381456,551.506513,522.232605
238,45000,,0.736864,46,0.736864,0.658,0.733768,472.2383,431.8253,469.215761,520.381456,556.127617,522.083876
239,45000,,0.736864,15,0.736864,0.68748,0.734019,472.2383,444.8526,469.408412,520.381456,541.862923,522.016958
240,45000,,0.736864,31,0.736864,0.68748,0.734437,472.2383,444.8526,469.71255,520.104679,541.862923,521.894707
241,45000,,0.737406,50,0.737406,0.655999,0.732972,472.559,432.0221,469.004424,520.381456,557.820168,522.562889
242,45000,,0.738096,30,0.738096,0.68774,0.734563,473.2265,447.0751,469.889279,520.381456,543.148982,521.914888
243,45000,,0.738096,48,0.738096,0.686795,0.734659,473.2265,444.7994,469.999147,520.295903,542.361275,521.914242
244,45000,,0.738096,12,0.738096,0.72744,0.735735,473.2265,466.7009,470.56596,519.895487,525.334449,521.454264
245,45000,,0.738096,46,0.738096,0.684997,0.734242,473.2265,444.0442,469.776132,519.88209,543.25766,522.089323
246,45000,,0.738181,27,0.738181,0.682993,0.734597,473.2265,442.3281,469.989105,519.88209,543.67067,521.955252
247,45000,,0.738181,47,0.738181,0.683575,0.734663,473.2265,442.8063,470.004563,519.88209,543.537517,521.914603
248,45000,,0.738181,36,0.738181,0.683575,0.734339,473.2265,442.8063,469.942316,519.88209,543.537517,522.125749
249,45000,,0.738181,34,0.738181,0.674288,0.734495,473.2265,437.3001,469.977704,519.88209,547.091514,522.027786
250,45000,,0.738811,13,0.738811,0.726725,0.736571,473.2265,466.304,471.106588,519.88209,525.910061,521.164223
251,45000,,0.738867,47,0.738867,0.72829,0.736723,473.4,467.7001,471.094697,519.874107,525.341071,521.037737
252,45000,,0.738867,27,0.738811,0.686502,0.736428,473.2265,445.2636,470.943526,519.84067,542.901001,521.166984
253,45000,,0.738867,46,0.738859,0.687357,0.736547,473.2265,445.5431,470.95916,519.676567,542.4217,521.084829
254,45000,,0.738867,24,0.738859,0.686736,0.736728,473.2265,445.1385,471.04025,519.676567,542.634349,520.997593
255,45000,,0.742168,20,0.742168,0.685581,0.736234,476.8482,444.2754,470.927112,518.700933,542.957351,521.307314
256,45000,,0.742602,50,0.742602,0.664281,0.733976,477.8469,435.7743,469.648061,517.288341,553.874466,522.211676
257,45000,,0.742602,50,0.742602,0.664202,0.732946,477.8469,433.9043,469.158567,517.288341,553.874466,522.686734
258,45000,,0.743038,16,0.743038,0.674151,0.736816,477.8469,439.0027,471.067151,517.288341,548.339033,520.946872
259,45000,,0.743038,14,0.743038,0.720866,0.738076,477.8469,463.5452,471.798167,517.288341,528.347822,520.453858
260,45000,,0.743038,40,0.743038,0.68543,0.737331,477.8469,444.2259,471.385466,517.288341,543.164947,520.759067
261,45000,,0.743038,50,0.743038,0.68543,0.736914,477.8469,444.2259,471.206302,517.288341,543.164947,520.963945
262,45000,,0.743038,46,0.743038,0.673777,0.737186,477.8469,441.1859,471.340837,517.288341,550.094127,520.842258
263,45000,,0.744308,28,0.744308,0.725063,0.738594,477.8469,466.0599,472.155601,517.288341,527.548188,520.289651
264,45000,,0.744474,33,0.744474,0.692411,0.737385,477.8469,450.833,471.574856,517.288341,542.347207,520.843112
265,45000,,0.744639,31,0.744639,0.66297,0.73675,478.3251,431.6042,471.247458,517.288341,553.278514,521.119656
266,45000,,0.744639,15,0.744639,0.693605,0.739349,478.3251,448.515,472.806812,517.288341,539.53905,520.137036
267,45000,,0.745326,39,0.745326,0.694183,0.738749,478.3251,448.8608,472.484342,517.288341,539.320626,520.388984
268,45000,,0.745841,50,0.745841,0.683405,0.738046,479.2811,442.498,472.089891,517.288341,543.46322,520.673177
269,45000,,0.745841,17,0.745326,0.728481,0.74036,478.3251,467.801,473.337702,517.288341,525.260007,519.704523
270,45000,,0.745841,14,0.745326,0.691938,0.740118,478.3251,448.274,473.392552,517.288341,540.678197,519.929488
271,45000,,0.745841,49,0.745326,0.689428,0.739372,478.3251,447.0798,472.977982,517.288341,541.835509,520.234155
272,45000,,0.745841,46,0.745326,0.670566,0.73815,478.71,437.8002,472.514535,517.288341,550.329406,520.876272
273,45000,,0.745841,12,0.745326,0.695413,0.740566,478.71,449.0703,473.830517,517.288341,538.501365,519.87348
274,45000,,0.746074,42,0.746074,0.704676,0.741064,478.3251,457.9354,474.414875,517.288341,537.973633,519.876672
275,45000,,0.746074,50,0.746074,0.673459,0.739803,478.3251,443.3166,473.926987,517.288341,551.769485,520.533264
276,45000,,0.746074,13,0.746074,0.735486,0.742355,478.9916,469.8815,475.25511,517.452455,524.133151,519.433199
277,45000,,0.746928,24,0.746928,0.732051,0.742508,479.534,469.0385,475.217015,516.812213,524.652977,519.288435
278,45000,,0.746928,50,0.746928,0.729414,0.74271,479.8158,464.2181,475.395464,516.812213,524.443825,519.250134
279,45000,,0.747416,43,0.747416,0.652504,0.741337,479.534,429.1137,474.678249,516.812213,558.597379,519.84037
280,45000,,0.747416,16,0.747416,0.660959,0.74255,479.534,433.7295,475.319571,516.812213,555.095332,519.324308
281,45000,,0.747416,46,0.747416,0.702377,0.742624,479.8158,454.4833,475.29527,517.288341,536.69622,519.250342
282,45000,,0.747558,29,0.747558,0.689079,0.742971,479.8158,446.8954,475.668443,517.248508,541.984664,519.229314
283,45000,,0.747794,27,0.747794,0.662986,0.743026,479.8158,435.3784,475.804467,517.145413,554.619424,519.277538
284,45000,,0.748424,15,0.748424,0.674079,0.743775,479.47,440.9286,476.281869,516.89724,549.686273,519.013102
285,45000,,0.749281,16,0.749281,0.68267,0.743538,479.6829,448.6259,476.157351,516.665181,548.143109,519.115198
286,45000,,0.749281,50,0.748424,0.67921,0.743103,479.4788,444.9782,475.991632,516.89724,549.300495,519.343272
287,45000,,0.749281,50,0.748776,0.692551,0.743298,480.5103,450.5861,476.267894,516.665181,543.395249,519.376018
288,45000,,0.749281,50,0.748776,0.689346,0.743566,479.4881,444.7884,476.271254,516.665181,540.364541,519.168992
289,45000,,0.749281,35,0.748776,0.676672,0.744416,479.7394,438.1444,476.696495,516.615823,545.798056,518.791081
290,45000,,0.749281,18,0.748725,0.70775,0.745237,480.2414,454.1768,477.21187,516.615823,532.299891,518.495978
291,45000,,0.749281,49,0.748725,0.665789,0.744117,480.2414,440.5751,476.728603,516.615823,555.915597,519.04632
292,45000,,0.749281,33,0.749018,0.723359,0.746137,479.7394,465.2419,477.567491,516.665181,527.540179,518.032274
293,45000,,0.749434,24,0.749434,0.735465,0.746735,479.7394,470.787,477.930287,516.345117,521.812751,517.809471
294,45000,,0.749434,12,0.749434,0.686762,0.746652,480.3401,445.8486,477.856771,516.345117,543.090114,517.824542
295,45000,,0.749434,45,0.749434,0.699142,0.745703,480.3401,453.1681,477.308536,516.345117,538.33875,518.197839
296,45000,,0.749461,50,0.749461,0.699142,0.746103,480.3401,453.1681,477.61288,516.23945,538.33875,518.089466
297,45000,,0.750065,49,0.750065,0.708883,0.747067,480.3401,458.8435,478.192498,516.23945,534.543416,517.72595
298,45000,,0.750358,21,0.750358,0.708136,0.747548,480.3401,458.8435,478.461595,516.082094,535.126743,517.531328
299,45000,,0.750358,32,0.750358,0.697968,0.747635,480.3401,451.8443,478.449614,515.976428,538.367025,517.455405
300,45000,,0.750358,50,0.750358,0.683967,0.74639,481.0066,445.4112,477.72522,515.976428,544.976848,517.941146
301,45000,,0.750358,39,0.750358,0.696022,0.746423,480.3401,451.0271,477.780594,515.976428,539.337246,517.9524
302,45000,,0.750564,19,0.750564,0.699135,0.747008,480.3401,453.8025,478.127806,516.082094,538.768777,517.729011
303,45000,,0.750564,50,0.750358,0.698917,0.746788,480.3401,453.7932,477.960928,516.082094,538.933083,517.788117
304,45000,,0.750564,37,0.750358,0.669079,0.745675,480.3401,437.6886,477.346231,516.082094,551.415171,518.244716
305,45000,,0.750564,16,0.750358,0.681365,0.74684,480.7204,444.1062,477.961581,516.082094,546.132225,517.748144
306,45000,,0.750564,50,0.750358,0.670655,0.745299,480.7111,438.5519,477.173102,516.082094,550.763812,518.421628
307,45000,,0.750564,41,0.750358,0.667458,0.745138,480.7204,436.5737,477.0626,516.082094,551.931787,518.473425
308,45000,,0.750564,14,0.750383,0.741282,0.748736,480.7204,475.3469,478.937481,515.938103,520.331307,516.923057
309,45000,,0.750564,13,0.750417,0.741795,0.749115,480.7204,475.1222,479.054625,515.938103,519.780679,516.706046
310,45000,,0.750564,14,0.750417,0.700524,0.74876,480.7111,454.1928,478.812456,515.938103,537.947274,516.821002
311,45000,,0.750564,28,0.750417,0.739953,0.749194,480.3277,473.7532,479.026543,515.938103,520.364496,516.625744
312,45000,,0.7538,50,0.7538,0.697474,0.747452,482.4892,452.3914,478.137332,515.353564,539.119317,517.388688
313,45000,,0.7538,50,0.7538,0.703716,0.748149,482.4892,455.5269,478.474829,515.353564,536.351117,517.071242
314,45000,,0.7538,50,0.7538,0.719931,0.74895,482.4892,464.2209,478.92705,515.353564,529.52947,516.749859
315,45000,,0.7538,50,0.7538,0.695433,0.748269,482.4892,450.641,478.5902,515.353564,539.537821,517.054878
316,45000,,0.7538,50,0.7538,0.724423,0.749283,482.4892,465.6838,479.112852,515.353564,527.005851,516.614127
317,45000,,0.7538,40,0.7538,0.699428,0.749129,482.4892,453.489,479.075588,515.353564,538.330452,516.709251
318,45000,,0.7538,26,0.7538,0.670178,0.748704,482.4892,439.1082,478.924218,515.353564,551.508827,516.93915
319,45000,,0.7538,50,0.7538,0.681365,0.748827,482.4892,444.1062,478.979999,515.353564,546.132225,516.880558
320,45000,,0.7538,15,0.7538,0.702202,0.749931,482.4892,456.2343,479.610257,515.353564,538.006242,516.441893
321,45000,,0.754358,48,0.754358,0.702202,0.750045,482.4892,456.2343,479.741325,514.918,538.006242,516.44118
322,45000,,0.75436,33,0.75436,0.685105,0.750097,483.7876,445.2995,479.819161,514.918,544.014863,516.452557
323,45000,,0.75436,35,0.75436,0.741407,0.750392,483.7876,475.2551,480.044948,515.353564,520.172192,516.373711
324,45000,,0.75436,13,0.75436,0.749386,0.751554,483.7876,479.1716,480.794513,515.353564,516.573076,515.969728
325,45000,,0.75436,40,0.75436,0.685105,0.750674,483.7876,445.2995,480.331999,515.104661,544.014863,516.346591
326,45000,,0.75436,50,0.75436,0.734279,0.751165,483.7876,470.5412,480.670559,515.104661,522.573344,516.189907
327,45000,,0.75443,37,0.75443,0.742965,0.751566,483.7876,475.2309,480.945509,515.104661,519.463631,516.06125
328,45000,,0.75443,36,0.75443,0.742965,0.751849,483.7876,475.2309,481.135927,515.104661,519.301868,515.96815
329,45000,,0.755676,25,0.755676,0.743806,0.752123,484.8128,475.7228,481.298918,515.104661,519.463631,515.864323
330,45000,,0.755676,16,0.755676,0.744889,0.752494,484.8128,476.4601,481.609208,515.104661,518.263955,515.782812
331,45000,,0.755676,24,0.755676,0.749787,0.752998,484.8128,479.224,482.015264,515.104661,516.495596,515.661773
332,45000,,0.755676,50,0.755676,0.672979,0.752184,484.8128,440.6431,481.658208,515.104661,550.352511,516.057469
333,45000,,0.756912,50,0.756912,0.74146,0.752885,485.2992,475.647,482.111881,514.809303,520.393622,515.8141
334,45000,,0.756912,48,0.755676,0.74146,0.752735,484.8128,475.647,482.058772,515.104661,520.393622,515.895621
335,45000,,0.756912,25,0.756912,0.704058,0.752471,485.2992,457.5725,482.104785,514.809303,537.976846,516.132702
336,45000,,0.756912,39,0.756912,0.704058,0.752978,485.2992,457.5725,482.411167,514.809303,537.455196,515.942539
337,45000,,0.756912,37,0.756912,0.668097,0.75282,485.2992,437.8488,482.340235,514.54743,552.287824,516.018036
338,45000,,0.756912,28,0.756912,0.704609,0.753599,485.2992,458.0155,482.877442,514.54743,537.322945,515.770416
339,45000,,0.756912,32,0.756912,0.705644,0.75384,485.2992,459.3877,483.092646,514.54743,537.435022,515.726618
340,45000,,0.765938,50,0.765938,0.746531,0.754923,493.7845,477.1137,483.898496,512.495212,518.735101,515.421695
341,45000,,0.765938,28,0.765938,0.743795,0.754449,493.7845,478.0995,483.76233,512.495212,520.216117,515.700079
342,45000,,0.765938,13,0.765938,0.749969,0.755157,493.7845,481.0814,484.202619,512.495212,519.271133,515.442961
343,45000,,0.765938,40,0.765938,0.670096,0.752959,493.7845,438.767,483.214415,511.351569,551.344184,516.49563
344,45000,,0.766088,50,0.766088,0.713349,0.755081,497.2492,463.3497,484.428849,511.351569,534.079586,515.654071
345,45000,,0.766088,23,0.766088,0.67635,0.755775,497.2492,443.4237,485.080678,511.351569,549.586768,515.549942
346,45000,,0.766088,50,0.766088,0.67635,0.753932,497.2492,443.4237,484.077697,511.351569,549.586768,516.31519
347,45000,,0.766088,14,0.766088,0.703347,0.755805,497.2492,458.109,485.178327,511.351569,538.369738,515.591848
348,45000,,0.766845,34,0.766845,0.674512,0.753891,497.2492,441.0948,484.324749,511.351569,549.46001,516.512802
349,45000,,0.766845,46,0.766845,0.681833,0.755816,497.2492,444.5213,485.3231,511.351569,546.045477,515.680096
350,45000,,0.766845,15,0.766845,0.715424,0.757947,497.2492,464.7605,486.559891,511.351569,533.406756,514.846371
351,45000,,0.766845,41,0.766845,0.683926,0.756053,497.2492,449.3274,485.623555,510.852862,547.633458,515.696801
352,45000,,0.766845,15,0.766845,0.703608,0.758543,497.3612,458.6912,486.883679,510.852862,539.832641,514.599062
353,45000,,0.767941,15,0.767941,0.74329,0.760305,497.2492,479.0544,488.003302,510.537531,521.249592,513.974352
354,45000,,0.767941,42,0.767941,0.687039,0.758216,497.2492,447.636,487.133439,511.071976,544.072108,515.021403
355,45000,,0.767941,50,0.767941,0.691098,0.758067,497.2492,449.3215,487.248257,511.351569,542.035548,515.214266
356,45000,,0.767941,31,0.767941,0.682829,0.75992,497.2492,447.7675,488.463046,511.351569,547.444078,514.582786
357,45000,,0.767941,12,0.767941,0.718939,0.761805,497.2492,468.5816,489.524732,511.351569,533.225513,513.824456
358,45000,,0.767941,13,0.767941,0.708913,0.762018,497.2492,460.6746,489.709753,511.292246,535.747293,513.782104
359,45000,,0.767941,19,0.767941,0.674513,0.761946,497.2492,441.4104,489.584762,511.292246,549.670369,513.754634
360,45000,,0.769061,50,0.769061,0.678749,0.758617,497.2492,444.9658,487.861086,510.739959,548.748929,515.195879
361,45000,,0.769061,50,0.769061,0.675995,0.757827,497.2492,445.2683,487.555692,510.739959,551.0996,515.607529
362,45000,,0.769061,50,0.769061,0.708444,0.760786,497.2492,460.8633,489.285809,510.414105,536.239838,514.459024
363,45000,,0.769061,32,0.769061,0.704083,0.762892,497.2492,460.8633,490.505364,510.414105,541.127996,513.633198
364,45000,,0.77173,32,0.77173,0.730242,0.764186,499.9021,475.0305,491.229034,510.414105,528.730997,513.109378
365,45000,,0.77173,27,0.77173,0.730419,0.76453,499.9021,473.3538,491.575133,510.414105,527.469291,513.072647
366,45000,,0.772681,24,0.772681,0.744589,0.765388,499.9021,481.3821,492.081787,510.414105,521.968105,512.742844
367,45000,,0.772681,34,0.772681,0.689785,0.764616,499.9021,453.2746,491.733085,510.414105,545.708063,513.111178
368,45000,,0.772681,17,0.772681,0.69136,0.765162,499.5132,454.3805,491.974818,510.361823,545.221173,512.847431
369,45000,,0.772681,19,0.772681,0.702032,0.765681,499.5132,458.3188,492.293149,509.71275,541.211333,512.655868
370,45000,,0.772681,50,0.772681,0.684605,0.764521,499.5132,448.409,491.67352,509.71275,546.488584,513.145541
371,45000,,0.772692,50,0.772692,0.698698,0.761226,499.8497,459.3826,490.1607,509.71275,543.005513,514.702194
372,45000,,0.772692,17,0.772692,0.715501,0.765773,499.8497,468.0786,492.494515,510.121525,535.569765,512.719012
373,45000,,0.772756,38,0.772756,0.706181,0.763477,499.8497,460.3467,491.21236,510.39977,537.658903,513.650846
374,45000,,0.772756,27,0.772756,0.706181,0.763604,499.8497,459.7382,491.470674,510.39977,539.718804,513.724799
375,45000,,0.772756,46,0.772756,0.705698,0.763571,499.8497,459.2485,491.533719,510.39977,539.492931,513.792651
376,45000,,0.772756,22,0.772756,0.704173,0.764651,499.8497,459.7022,492.207899,510.127075,540.659068,513.402576
377,45000,,0.772756,14,0.772756,0.701902,0.766171,499.8497,460.9665,492.999618,510.127075,541.411176,512.746912
378,45000,,0.772756,31,0.772756,0.703219,0.766699,499.8497,456.9985,493.510733,510.127075,537.725541,512.67765
379,45000,,0.772756,50,0.772756,0.714351,0.766671,499.8497,464.0677,493.650209,510.127075,534.375473,512.793467
380,45000,,0.774121,41,0.774121,0.710497,0.767027,500.6627,464.5368,493.894615,510.017685,537.099689,512.679478
381,45000,,0.774407,31,0.774407,0.69914,0.768152,500.8218,461.937,494.678559,510.017685,544.216243,512.327428
382,45000,,0.774471,22,0.774471,0.692722,0.767815,500.8218,457.5403,494.729641,510.017685,546.276058,512.623803
383,45000,,0.774471,37,0.774471,0.697413,0.769543,500.8218,453.459,495.835562,509.704111,539.882319,512.017448
384,45000,,0.774471,32,0.774471,0.710916,0.770314,500.8218,467.1138,496.497865,509.704111,538.499736,511.859448
385,45000,,0.774769,24,0.774769,0.713235,0.770987,501.1793,468.3538,497.021845,509.704111,537.522053,511.685751
386,45000,,0.774812,50,0.774812,0.673377,0.769737,501.1793,441.1605,496.322316,509.704111,550.389248,512.192076
387,45000,,0.774812,24,0.774812,0.700624,0.769587,500.8364,458.0317,496.425665,509.704111,540.441474,512.378392
388,45000,,0.776233,23,0.776233,0.694063,0.771562,501.4916,454.3294,497.705651,509.704111,543.078459,511.69566
389,45000,,0.776233,50,0.776233,0.700244,0.769397,501.4916,457.594,496.744288,509.704111,540.444484,512.74018
390,45000,,0.776233,24,0.776233,0.740537,0.772146,501.4916,480.7924,498.219624,509.704111,524.561752,511.585013
391,45000,,0.776233,40,0.776233,0.678731,0.771243,501.4916,453.3225,497.803359,509.704111,554.362594,512.009964
392,45000,,0.776233,29,0.776233,0.692109,0.770463,501.669,454.7633,497.430773,509.428022,547.089199,512.36902
393,45000,,0.776317,41,0.776317,0.692199,0.768823,501.6847,454.7633,496.611794,509.428022,546.367716,513.099532
394,45000,,0.776317,23,0.776317,0.700013,0.771269,501.6847,458.5013,498.108898,509.428022,541.23332,512.194344
395,45000,,0.776317,50,0.776317,0.707688,0.77033,501.6847,460.9751,497.579033,509.428022,536.90436,512.571838
396,45000,,0.777944,21,0.777944,0.721224,0.772012,502.7994,468.1784,498.51099,509.428022,532.783761,511.884115
397,45000,,0.777944,14,0.777944,0.741711,0.773162,502.7994,480.7829,499.175973,509.428022,524.939434,511.433254
398,45000,,0.777944,12,0.777944,0.713415,0.773565,502.7994,468.7796,499.460276,509.428022,537.666916,511.309197
399,45000,,0.779538,30,0.779538,0.684351,0.773283,502.7994,450.8543,499.37164,508.64618,548.325035,511.469826
400,45000,,0.779538,50,0.779538,0.682867,0.773095,502.7994,452.1149,499.342959,508.64618,550.327156,511.59733
401,45000,,0.779538,50,0.779538,0.695785,0.773118,502.7994,459.8245,499.368576,508.64618,545.417808,511.596027
402,45000,,0.779538,50,0.779538,0.712804,0.773113,502.7994,468.3831,499.462139,508.64618,537.877474,511.663373
403,45000,,0.779538,42,0.779538,0.695629,0.77336,503.5084,459.9501,499.642066,508.64618,545.623227,511.590565
404,45000,,0.779538,30,0.779538,0.731843,0.773945,503.5084,475.9567,500.05896,508.64618,528.102632,511.413881
405,45000,,0.780117,24,0.780117,0.731843,0.774123,505.4278,475.9567,500.169884,508.64618,528.102632,511.349279
406,45000,,0.780117,40,0.780117,0.748231,0.775161,505.4278,485.8262,500.744685,508.64618,521.933233,510.924887
407,45000,,0.780117,45,0.780117,0.696838,0.773941,505.4278,460.4163,500.248174,508.64618,544.992447,511.544253
408,45000,,0.780117,26,0.780117,0.694032,0.774737,505.4278,458.2349,500.615242,508.64618,545.719417,511.169162
409,45000,,0.780117,34,0.780117,0.732218,0.775412,505.4278,478.575,501.085077,508.64618,529.564747,510.957257
410,45000,,0.780117,35,0.780117,0.678915,0.774603,505.4278,452.1009,500.718419,508.64618,553.400738,511.342583
411,45000,,0.780117,46,0.780117,0.682224,0.775137,505.4278,452.9812,500.985954,508.64618,551.409606,511.105431
412,45000,,0.780117,22,0.780117,0.755638,0.776677,505.4278,490.9146,501.797179,508.64618,519.565766,510.447841
413,45000,,0.780117,50,0.780117,0.743824,0.776547,505.4278,485.1824,501.697808,508.64618,524.939397,510.482443
414,45000,,0.780117,17,0.780117,0.733415,0.776941,505.4278,478.9973,501.947234,508.30694,528.913892,510.342049
415,45000,,0.780117,47,0.780117,0.738938,0.777193,505.4278,480.9813,502.05373,508.30694,525.935468,510.217282
416,45000,,0.780781,25,0.780781,0.697924,0.777259,505.8845,461.0951,502.078847,508.30694,544.600199,510.18258
417,45000,,0.780781,44,0.780781,0.66524,0.776979,505.8845,445.8195,501.980636,508.30694,559.85768,510.334916
418,45000,,0.780781,29,0.780781,0.708439,0.777647,505.8845,465.9109,502.392569,508.30694,539.62561,510.090318
419,45000,,0.780781,43,0.780781,0.758227,0.778545,505.8845,493.7205,502.909956,508.30694,519.455874,509.736792
420,45000,,0.780781,16,0.780781,0.697222,0.778131,505.8845,460.7454,502.674824,508.30694,544.913936,509.901673
421,45000,,0.780781,21,0.780781,0.759887,0.779097,505.8845,494.8738,503.185292,508.30694,518.904222,509.490562
422,45000,,0.780781,50,0.780781,0.686624,0.777603,505.8845,456.5914,502.475572,508.30694,550.396472,510.179724
423,45000,,0.780781,50,0.780781,0.687079,0.776056,505.8845,456.6121,501.643032,508.30694,550.055547,510.829135
424,45000,,0.781503,50,0.781503,0.680824,0.776065,505.8845,454.8427,501.678459,508.201771,553.748831,510.845716
425,45000,,0.787049,41,0.787049,0.668903,0.777148,505.8845,449.0726,502.024501,504.556109,559.180977,510.232916
426,45000,,0.787049,21,0.787049,0.666214,0.777649,505.8845,446.6654,502.351006,504.556109,559.665134,510.06063
427,45000,,0.787049,50,0.787049,0.68108,0.77619,505.8845,454.8427,501.555259,504.556109,553.623802,510.665552
428,45000,,0.787341,39,0.787341,0.667277,0.775143,505.8845,447.1142,500.947309,504.556109,559.13641,511.074869
429,45000,,0.787341,24,0.787341,0.68108,0.777934,505.8845,454.8427,502.336404,504.556109,553.54892,509.828649
430,45000,,0.787341,50,0.787341,0.681961,0.776373,505.8845,455.8088,501.669098,504.85534,553.508945,510.599377
431,45000,,0.787341,50,0.787341,0.696205,0.777878,505.8845,459.8366,502.456351,504.85534,545.097869,509.953047
432,45000,,0.787341,40,0.787341,0.668378,0.778599,505.8845,448.2454,502.72848,504.85534,559.03608,509.572839
433,45000,,0.787341,15,0.787341,0.708705,0.779589,506.364,466.0814,503.29075,504.85534,539.532758,509.177159
434,45000,,0.787341,50,0.787341,0.68108,0.777888,507.514,454.8427,502.406688,504.85534,553.54892,509.911471
435,45000,,0.787399,41,0.787399,0.746672,0.780426,506.2551,485.2393,503.704264,504.85534,522.756098,508.801666
436,45000,,0.787399,26,0.787399,0.755895,0.781221,506.2551,490.3771,504.113815,504.85534,519.005316,508.455789
437,45000,,0.788217,13,0.788217,0.70797,0.78045,506.7476,465.5472,503.733891,504.446565,539.747996,508.802265
438,45000,,0.788217,14,0.788217,0.772941,0.782166,506.7476,499.6507,504.523454,504.446565,511.923725,507.99303
439,45000,,0.788217,14,0.788217,0.693588,0.780922,506.7476,460.6144,503.921851,504.446565,547.66035,508.560535
440,45000,,0.788217,33,0.788151,0.697372,0.781208,506.2551,458.415,503.906531,504.446565,543.234882,508.327069
441,45000,,0.788217,50,0.788151,0.66619,0.776288,507.146,447.0612,501.471173,504.446565,559.948773,510.532585
442,45000,,0.788217,50,0.788151,0.66619,0.777722,507.146,447.0612,502.146831,504.446565,559.948773,509.867051
443,45000,,0.788217,50,0.788151,0.684117,0.778891,507.0371,456.278,502.65499,504.446565,552.142137,509.295959
444,45000,,0.788217,50,0.788151,0.692436,0.777287,507.603,455.2516,501.743273,504.446565,545.625046,509.935527
445,45000,,0.788217,50,0.788151,0.69708,0.778534,507.603,462.5845,502.357267,504.446565,546.256781,509.374382
446,45000,,0.789482,50,0.789482,0.706879,0.780855,507.904,463.7045,503.504953,504.446565,539.363869,508.333032
447,45000,,0.789482,27,0.789482,0.680782,0.780057,507.904,454.9228,503.071668,504.446565,553.835493,508.665035
448,45000,,0.789482,15,0.789482,0.705946,0.782435,508.0812,462.7186,504.22549,504.446565,539.430942,507.583974
449,45000,,0.789482,50,0.789482,0.682314,0.778681,507.904,455.7769,502.128439,504.446565,553.212411,509.106582
450,45000,,0.789482,50,0.789482,0.679216,0.780332,507.904,453.4227,502.983834,504.446565,554.051327,508.391944
451,45000,,0.789482,50,0.789482,0.692085,0.779143,507.904,456.8436,502.31141,504.382403,546.306326,508.868864
452,45000,,0.789482,33,0.789482,0.68246,0.780578,507.904,455.9224,503.089006,504.382403,553.196539,508.27049
453,45000,,0.789482,46,0.789482,0.71012,0.782114,508.0812,464.7115,503.804192,504.194126,537.510914,507.551464
454,45000,,0.789482,19,0.789482,0.756558,0.785049,507.904,489.9745,505.203125,504.194126,518.21807,506.199813
455,45000,,0.789482,50,0.789482,0.708432,0.783573,507.904,465.243,504.386145,504.194126,539.183613,506.803402
456,45000,,0.789482,29,0.789482,0.706719,0.78413,507.904,464.5014,504.66576,504.194126,540.02272,506.556443
457,45000,,0.789482,40,0.789399,0.695519,0.778852,507.5536,458.415,501.870172,504.194126,545.520871,508.799807
458,45000,,0.790148,14,0.790148,0.697415,0.783547,507.91,458.415,504.290561,504.036458,543.20177,506.759992
459,45000,,0.790741,35,0.790741,0.697415,0.783635,508.2233,458.415,504.332603,503.784019,543.20177,506.719891
460,45000,,0.790741,50,0.790741,0.697415,0.780186,508.2233,458.415,502.588419,503.784019,543.218812,508.241176
461,45000,,0.790741,50,0.790741,0.694213,0.780104,508.2233,455.9533,502.570328,503.784019,544.049446,508.292454
462,45000,,0.790741,41,0.790741,0.697163,0.780088,509.5737,458.6232,502.604664,503.784019,543.537946,508.328174
463,45000,,0.790741,31,0.790741,0.706812,0.784559,509.5737,464.5228,504.953892,503.784019,539.964576,506.415042
464,45000,,0.790741,41,0.790741,0.697319,0.781842,509.5737,458.4574,503.582504,503.784019,543.305167,507.615628
465,45000,,0.791324,18,0.791324,0.709961,0.78466,509.5737,465.4411,505.071789,503.738994,538.1241,506.415295
466,45000,,0.791324,24,0.791324,0.707221,0.785836,509.5737,464.7418,505.751261,503.738994,539.792443,505.953238
467,45000,,0.791324,50,0.791324,0.697998,0.779775,510.0148,458.6606,502.517067,503.738994,542.911395,508.513733
468,45000,,0.791324,50,0.791324,0.704095,0.782108,509.5737,462.6468,503.796637,503.738994,541.34818,507.551384
469,45000,,0.792806,35,0.792806,0.704355,0.784468,511.1511,462.4499,505.112071,503.635597,541.093907,506.59217
470,45000,,0.792806,32,0.792806,0.703929,0.785657,511.1511,462.7699,505.789145,503.612643,541.093907,506.118737
471,45000,,0.792869,40,0.792869,0.694766,0.785816,511.1657,457.1644,505.901876,503.612643,544.429868,506.069977
472,45000,,0.792869,43,0.792869,0.681633,0.785147,511.1657,453.1185,505.723968,503.352388,551.962087,506.472193
473,45000,,0.792869,23,0.792869,0.700251,0.785075,511.1657,460.7857,505.809979,503.635597,542.578367,506.586162
474,45000,,0.792869,25,0.792869,0.705355,0.786972,511.1657,464.2624,506.83735,503.635597,540.926963,505.795293
475,45000,,0.792869,47,0.792869,0.697588,0.782891,511.1657,459.6784,504.683699,503.635597,543.913294,507.535496
476,45000,,0.792869,50,0.792869,0.700251,0.78379,511.1657,460.7857,505.137902,503.635597,542.578367,507.138542
477,45000,,0.792869,33,0.792869,0.705796,0.78303,511.1657,463.2493,504.808071,503.635597,540.005223,507.510252
478,45000,,0.793688,32,0.793688,0.692579,0.783989,511.766,458.1296,505.475298,503.635597,546.782132,507.208963
479,45000,,0.793688,20,0.793688,0.695888,0.788957,511.766,459.0099,508.158371,503.635597,544.791,505.132276
480,45000,,0.793688,50,0.793688,0.693329,0.784555,511.766,457.7309,505.827648,503.701682,545.930324,507.003782
481,45000,,0.793688,50,0.793688,0.693329,0.784313,511.766,457.7309,505.78519,503.701682,545.930324,507.164451
482,45000,,0.793688,49,0.793688,0.695311,0.784549,511.766,458.5984,506.037294,503.701682,545.388993,507.149267
483,45000,,0.793736,22,0.793736,0.70827,0.789766,511.766,465.799,508.920426,503.701682,539.682544,505.011553
484,45000,,0.793736,50,0.793736,0.70794,0.787983,511.766,464.2231,508.011375,503.701682,539.558877,505.793552
485,45000,,0.793736,23,0.793736,0.708477,0.790337,511.766,465.7712,509.363568,503.701682,539.502565,504.863552
486,45000,,0.793736,41,0.793736,0.705858,0.788974,511.766,463.2639,508.703122,503.52205,539.864959,505.48344
487,45000,,0.794142,42,0.794142,0.696612,0.787575,512.0904,460.7077,508.030109,503.701682,545.364106,506.12393
488,45000,,0.794142,14,0.794142,0.694559,0.789144,512.0904,458.6288,508.973483,503.701682,545.572774,505.5326
489,45000,,0.794142,38,0.794142,0.697279,0.790316,512.0904,460.5929,509.640116,503.63151,544.767015,505.064643
490,45000,,0.794142,50,0.794142,0.694939,0.784866,512.0904,459.0895,506.704661,503.701682,545.584865,507.349223
491,45000,,0.794142,50,0.794142,0.707419,0.786594,512.0904,465.1994,507.697737,503.505008,539.944461,506.666844
492,45000,,0.794142,50,0.794142,0.715124,0.789303,512.0904,468.3638,509.175943,503.581305,536.055559,505.544027
493,45000,,0.79419,50,0.79419,0.705799,0.785381,512.0904,463.4494,507.141218,503.684935,540.035559,507.239824
494,45000,,0.79419,23,0.79419,0.685603,0.790826,512.0904,455.4975,510.111203,503.684935,550.459898,504.982548
495,45000,,0.79419,46,0.794142,0.695875,0.788937,512.0904,460.4033,509.14082,503.52205,545.734959,505.805858
496,45000,,0.79419,50,0.79419,0.708109,0.788105,512.0904,465.2479,508.728691,503.52205,539.439053,506.179154
497,45000,,0.79419,50,0.79419,0.697146,0.786213,512.0904,460.4613,507.760718,503.684935,544.782997,507.006138
498,45000,,0.79419,47,0.79419,0.699104,0.787505,512.0904,462.7151,508.454363,503.684935,544.765962,506.463
499,45000,,0.79419,19,0.79419,0.702594,0.788762,512.0904,463.0041,509.207891,503.684935,542.236986,505.987269
500,45000,,0.79419,40,0.79419,0.707984,0.789666,512.0904,465.7712,509.666859,503.684935,539.88685,505.589722
501,45000,,0.79419,50,0.79419,0.709466,0.790199,512.0904,466.2215,509.978531,503.654057,539.033091,505.38283
502,45000,,0.79419,50,0.79419,0.708032,0.788783,512.0904,465.7712,509.256595,503.684935,539.849538,506.003564
503,45000,,0.79419,50,0.79419,0.708361,0.791614,512.0904,465.7572,510.779344,503.684935,539.5839,504.815987
504,45000,,0.79419,37,0.79419,0.695856,0.787147,512.0904,460.0849,508.347169,503.684935,545.536351,506.670714
505,45000,,0.79419,15,0.79419,0.710729,0.790775,512.0904,467.8325,510.342871,503.684935,539.127271,505.177454
506,45000,,0.79419,49,0.79419,0.761638,0.792439,512.0904,495.7314,511.268734,503.684935,518.295546,504.500193
507,45000,,0.79419,50,0.79419,0.707984,0.790295,512.1805,465.4194,510.089207,503.684935,539.88685,505.382101
508,45000,,0.79419,50,0.79419,0.706241,0.788269,512.3727,463.825,509.005383,503.684935,540.834165,506.236467
509,45000,,0.79419,50,0.79419,0.70419,0.787293,512.3727,463.1717,508.476333,503.684935,541.104278,506.643096
510,45000,,0.798608,50,0.798608,0.708032,0.78873,515.3274,465.7712,509.131408,502.098222,539.849538,505.961041
511,45000,,0.798608,42,0.797872,0.707234,0.786436,514.5632,464.7997,507.940897,502.469954,539.849538,506.952355
512,45000,,0.798608,40,0.797872,0.705579,0.789471,514.5632,463.3939,509.599837,502.252942,540.169834,505.697238
513,45000,,0.798608,50,0.794917,0.705579,0.788929,513.0074,463.3939,509.307589,503.645129,540.169834,505.923797
514,45000,,0.798608,32,0.795749,0.696926,0.7911,513.0074,461.0545,510.566023,502.484112,545.351877,505.07365
515,45000,,0.798608,13,0.795749,0.70892,0.793161,513.0074,466.2773,511.679075,502.484112,539.496148,504.212408
516,45000,,0.798608,50,0.795432,0.708884,0.791638,513.0074,466.0956,510.878293,503.111622,539.496148,504.863184
517,45000,,0.798608,50,0.795749,0.695892,0.786637,513.0074,459.165,508.172163,502.484112,544.892339,506.950601
518,45000,,0.798608,50,0.795749,0.695931,0.78648,513.0074,459.165,508.095555,502.484112,545.213383,507.021772
519,45000,,0.798608,50,0.795432,0.695931,0.785986,513.0074,459.165,507.853953,503.111622,545.213383,507.245085
520,45000,,0.798608,50,0.795488,0.69731,0.785911,513.0495,461.2923,507.814859,503.111622,545.211661,507.277931
521,45000,,0.798608,50,0.795488,0.69731,0.787892,513.0495,461.2923,508.955282,503.111622,545.211661,506.496497
522,45000,,0.798608,42,0.795432,0.69731,0.78696,513.0495,461.2923,508.417586,503.111622,545.211661,506.863367
523,45000,,0.798608,26,0.795432,0.708884,0.787857,513.0495,466.0956,508.864108,503.127593,539.402735,506.46305
524,45000,,0.798608,50,0.79628,0.708487,0.787026,513.355,466.0956,508.412325,502.852752,539.712397,506.80827
525,45000,,0.798608,46,0.79628,0.708548,0.790745,513.355,466.0956,510.456128,502.852752,539.734682,505.277087
526,45000,,0.798608,26,0.79628,0.709354,0.792664,513.355,466.701,511.481775,502.761548,539.44187,504.467933
527,45000,,0.798608,50,0.79628,0.707859,0.791281,513.355,464.4726,510.760026,502.761548,539.417015,505.062885
528,45000,,0.798608,40,0.796733,0.74269,0.792858,513.6373,484.2469,511.576942,502.624407,525.197295,504.380304
529,45000,,0.798608,24,0.796733,0.708907,0.792542,513.6373,466.4011,511.366607,502.624407,539.58967,504.485397
530,45000,,0.798608,50,0.796733,0.696698,0.78726,513.6206,460.7502,508.507342,502.624407,545.325606,506.689292
531,45000,,0.798608,50,0.796831,0.695072,0.787909,513.6206,459.9261,508.879054,502.547469,546.041623,506.432172
532,45000,,0.798608,19,0.797088,0.695072,0.790638,513.6206,459.9261,510.276036,502.352773,546.041623,505.239633
533,45000,,0.798608,36,0.797088,0.700441,0.789797,513.9024,463.3283,509.840626,502.352773,544.133997,505.604453
534,45000,,0.798608,50,0.797088,0.708679,0.789815,513.9024,466.2369,509.844167,502.352773,539.657533,505.59265
535,45000,,0.798608,50,0.797088,0.698837,0.79068,513.9024,461.827,510.308492,502.352773,544.37875,505.228628
536,45000,,0.798608,50,0.797088,0.709356,0.792568,513.945,466.4033,511.319148,502.352773,539.24047,504.433148
537,45000,,0.798608,31,0.797542,0.709265,0.793226,513.945,466.1021,511.636574,502.215631,539.109834,504.133193
538,45000,,0.798608,47,0.797584,0.698392,0.793024,513.945,461.5339,511.499755,501.966167,544.529363,504.198477
539,45000,,0.798608,27,0.797584,0.711247,0.791991,513.945,466.9111,510.960516,501.966167,538.419858,504.643083
540,45000,,0.798608,50,0.797641,0.710654,0.791,513.945,466.7686,510.374586,501.966167,538.554521,505.023971
541,45000,,0.798608,28,0.797641,0.709755,0.793651,514.0841,466.5661,511.802856,501.966167,539.038636,503.912518
542,45000,,0.798608,46,0.797641,0.696342,0.793088,514.0841,460.2788,511.537737,501.966167,545.287574,504.174251
543,45000,,0.798608,50,0.797641,0.696342,0.79094,514.0841,460.2788,510.348589,501.966167,545.287574,505.052766
544,45000,,0.798608,45,0.797641,0.697235,0.790251,513.9456,460.7408,509.991235,501.966167,544.900733,505.351298
545,45000,,0.798608,12,0.797641,0.711735,0.794956,513.9456,467.5716,512.501129,501.966167,538.167636,503.362865
546,45000,,0.798608,32,0.797906,0.699469,0.794132,514.2783,461.994,512.055541,501.966167,543.99748,503.707056
547,45000,,0.798608,50,0.797906,0.711281,0.794448,514.2783,467.2472,512.164398,501.966167,538.383885,503.533421
548,45000,,0.798608,50,0.797906,0.698351,0.791606,514.2783,461.1639,510.611158,501.88923,544.313955,504.709457
549,45000,,0.798608,50,0.797906,0.6998,0.791542,514.2783,462.3135,510.59666,501.88923,543.954046,504.74982
550,45000,,0.798608,50,0.798038,0.6998,0.792402,514.2783,462.3135,511.047834,501.829026,543.954046,504.380952
551,45000,,0.798608,35,0.798038,0.729723,0.796602,514.2783,479.1236,513.306725,501.829026,531.87834,502.619155
552,45000,,0.798608,23,0.798438,0.711281,0.796477,514.46,466.9545,513.20114,501.829026,538.108646,502.645555
553,45000,,0.798608,50,0.798438,0.695604,0.794547,514.46,459.8289,512.168717,501.752089,545.561979,503.459483
554,45000,,0.798608,50,0.798438,0.696775,0.792526,514.7034,460.4605,511.100261,501.752089,545.071325,504.319873
555,45000,,0.798608,50,0.798438,0.711281,0.792401,514.7034,466.6301,510.995756,501.752089,538.108646,504.347257
556,45000,,0.798608,32,0.798438,0.7118,0.7943,514.7034,467.4331,512.020944,501.752089,538.024012,503.552833
557,45000,,0.798608,15,0.798456,0.696252,0.796254,515.0361,459.8087,513.075479,501.752089,545.04295,502.735586
558,45000,,0.798608,29,0.798456,0.712282,0.796465,515.0361,468.0524,513.181092,501.752089,538.063555,502.641304
559,45000,,0.798608,50,0.798456,0.711411,0.79452,515.0361,466.6301,512.125172,501.752089,537.992958,503.450675
560,45000,,0.798608,50,0.798456,0.711644,0.792754,515.0361,467.408,511.176015,501.672981,538.145908,504.192601
561,45000,,0.798608,50,0.798456,0.711644,0.793717,515.0361,467.408,511.713415,501.704455,538.145908,503.801521
562,45000,,0.798608,50,0.798456,0.712715,0.794494,515.0361,468.2341,512.118011,501.752089,537.847306,503.466623
563,45000,,0.798608,50,0.798456,0.697401,0.794966,515.0361,460.092,512.402786,501.752089,544.33593,503.289148
564,45000,,0.798608,19,0.798553,0.712811,0.796548,515.0361,468.134,513.289499,501.752089,537.705516,502.649226
565,45000,,0.798608,13,0.7985,0.712811,0.796564,515.0361,468.134,513.287145,501.752089,537.705516,502.635327
566,45000,,0.798952,39,0.798952,0.71142,0.79599,515.1389,468.0646,512.960284,501.53584,538.744124,502.864062
567,45000,,0.798952,50,0.798952,0.694791,0.7945,515.1389,459.611,512.171907,501.53584,546.049928,503.497818
568,45000,,0.798952,50,0.798952,0.711596,0.792893,515.1389,466.9545,511.314438,501.53584,538.18322,504.177213
569,45000,,0.798952,50,0.798952,0.69251,0.791534,515.1389,459.841,510.629259,501.53584,547.982927,504.777463
570,45000,,0.798986,50,0.798986,0.712193,0.792758,515.1389,467.8307,511.225936,501.53584,538.133031,504.222754
571,45000,,0.798986,50,0.798952,0.698392,0.793633,515.1389,462.3071,511.730881,501.53584,545.047312,503.878663
572,45000,,0.798986,50,0.798952,0.712229,0.793949,515.1389,467.4331,511.939091,501.53584,538.154759,503.771918
573,45000,,0.798986,50,0.798986,0.711976,0.794061,515.1389,467.7141,511.983851,501.53584,538.075311,503.714158
574,45000,,0.798986,19,0.798986,0.697757,0.796748,515.1389,461.1731,513.426828,501.53584,544.783071,502.585179
575,45000,,0.799084,28,0.799084,0.79639,0.798485,515.1389,512.8264,514.340514,501.53584,502.622669,501.843084
576,45000,,0.799084,50,0.799084,0.698545,0.794126,515.1389,461.4382,512.054929,501.53584,544.346135,503.711141
577,45000,,0.799084,50,0.798986,0.698545,0.792139,515.1389,461.4382,511.013072,501.389275,544.346135,504.563144
578,45000,,0.799084,50,0.799084,0.698172,0.793245,515.1389,460.8549,511.636944,501.389275,544.346135,504.118737
579,45000,,0.799084,50,0.799084,0.698172,0.791953,515.1389,460.8549,510.981929,501.389275,544.666136,504.687596
580,45000,,0.799119,50,0.799119,0.703101,0.791418,515.2253,462.5072,510.708037,501.522963,541.508481,504.920937
581,45000,,0.799482,50,0.799482,0.696772,0.792064,515.2253,459.8087,511.048499,501.522963,544.636896,504.645551
582,45000,,0.799482,50,0.799482,0.711829,0.791254,515.2253,467.2822,510.583635,501.522963,538.133031,504.965641
583,45000,,0.799482,50,0.799482,0.712193,0.790915,515.2253,467.4929,510.486019,501.522963,538.133031,505.164531
584,45000,,0.799482,41,0.799482,0.697507,0.792697,515.2253,460.7967,511.482215,501.522963,544.725865,504.441982
585,45000,,0.799482,42,0.799482,0.697507,0.794202,515.2253,460.7967,512.216154,501.522963,544.725865,503.760458
586,45000,,0.799482,43,0.799482,0.712193,0.79313,515.2253,467.7555,511.650092,501.522963,538.133031,504.216978
587,45000,,0.799482,14,0.799482,0.712193,0.794496,515.2253,467.7555,512.420801,501.522963,538.133031,503.668244
588,45000,,0.799482,32,0.799482,0.711829,0.796388,515.2253,467.5738,513.452068,501.522963,538.095769,502.883373
589,45000,,0.799482,50,0.799482,0.711296,0.792809,515.2253,467.0572,511.49979,501.522963,538.165471,504.366533
590,45000,,0.799482,50,0.799482,0.711776,0.794249,515.2253,466.9545,512.23466,501.522963,537.847306,503.735593
591,45000,,0.799482,50,0.799482,0.711594,0.792294,515.2253,466.9545,511.171866,501.522963,537.864527,504.548772
592,45000,,0.799769,50,0.799769,0.711776,0.794756,515.2253,466.9545,512.522513,501.195543,537.847306,503.532912
593,45000,,0.799769,50,0.799769,0.712715,0.796015,515.2253,467.9425,513.204044,501.195543,537.847306,503.008043
594,45000,,0.799769,50,0.799769,0.714331,0.797374,515.2253,469.1103,513.993443,501.195543,537.174302,502.476966
595,45000,,0.806265,33,0.806265,0.796877,0.799672,519.0709,513.6846,515.227327,498.853809,502.657437,501.511561
596,45000,,0.806265,12,0.806265,0.713164,0.799165,519.0709,468.0832,514.923712,498.853809,537.396451,501.703465
597,45000,,0.806265,49,0.805802,0.698833,0.795281,519.0709,461.7281,512.824661,498.872122,544.315967,503.326282
598,45000,,0.806265,50,0.805324,0.703308,0.792462,519.0709,465.3408,511.294085,499.418861,543.246279,504.499449
599,45000,,0.806265,50,0.805324,0.69996,0.790937,519.0709,462.1863,510.50616,499.418861,543.743584,505.160843
600,45000,,0.806265,50,0.805324,0.69996,0.785024,519.0709,462.1863,507.308323,499.163746,543.743584,507.629853
601,45000,,0.806265,50,0.805324,0.702319,0.788441,519.0709,464.099,509.215614,499.163746,543.185002,506.242653
602,45000,,0.806265,19,0.805471,0.703943,0.792226,519.0709,465.0744,511.307039,498.654414,542.572031,504.692053
603,45000,,0.806265,32,0.805471,0.710524,0.791531,519.0709,466.0166,510.918787,498.654414,538.07078,504.974153
604,45000,,0.806265,50,0.805471,0.699411,0.789089,518.7772,462.4888,509.609194,498.654414,544.374982,506.001437
605,45000,,0.806265,29,0.805471,0.700961,0.791742,518.7772,462.9638,510.994784,498.654414,543.483704,504.860416
606,45000,,0.806265,33,0.805471,0.700142,0.793918,518.7772,462.84,512.148075,498.654414,544.039701,503.936186
607,45000,,0.806265,41,0.805471,0.698745,0.794168,518.7772,461.4315,512.413223,498.654414,544.185923,503.918784
608,45000,,0.806265,50,0.805471,0.709978,0.792454,518.7772,465.633,511.444838,498.654414,538.239661,504.60661
609,45000,,0.806265,27,0.805471,0.71188,0.794823,518.7772,466.6229,512.766088,498.654414,537.419182,503.644024
610,45000,,0.806907,14,0.806907,0.710781,0.795447,520.3029,466.5758,513.134135,498.641537,538.244707,503.404037
611,45000,,0.806907,40,0.806019,0.707496,0.794465,518.7772,466.7494,512.552833,498.641537,540.923553,503.780586
612,45000,,0.806907,50,0.806907,0.711154,0.79289,520.3029,467.1764,511.661938,498.641537,538.992845,504.412403
613,45000,,0.807358,50,0.807358,0.713431,0.79688,520.3029,468.892,513.742715,498.44653,538.87934,502.69396
614,45000,,0.807358,42,0.807358,0.710781,0.798704,520.3029,466.5758,514.7392,498.44653,538.244707,501.939302
615,45000,,0.807358,19,0.807358,0.712043,0.801846,520.5474,467.4961,516.474157,498.44653,537.877212,500.651125
616,45000,,0.807358,50,0.807358,0.69886,0.798675,520.5474,460.8323,514.732142,498.44653,543.693967,501.957474
617,45000,,0.808793,41,0.808793,0.711523,0.799296,520.8183,468.0683,515.145897,498.143437,538.666091,501.749961
618,45000,,0.809068,34,0.809068,0.710781,0.798039,520.8183,466.5758,514.556927,497.71272,538.244707,502.335867
619,45000,,0.810318,14,0.810318,0.719012,0.802959,521.4547,471.3643,517.24602,497.380677,535.03355,500.30018
620,45000,,0.810318,12,0.810318,0.712628,0.804219,521.4547,468.4629,517.921346,497.380677,538.068687,499.769648
621,45000,,0.810318,50,0.810318,0.705049,0.800026,521.4547,467.1707,515.754174,497.380677,543.114354,501.58786
622,45000,,0.810318,50,0.810318,0.711891,0.800354,521.4547,468.1604,515.963533,497.2012,538.831711,501.472787
623,45000,,0.810318,50,0.810318,0.713281,0.800614,521.4547,468.8313,516.110448,497.2012,537.805927,501.368518
624,45000,,0.810318,46,0.810318,0.712658,0.798924,521.4547,467.8549,515.155972,497.2012,538.044918,502.046727
625,45000,,0.810318,18,0.810318,0.71417,0.803433,521.4547,469.9196,517.679498,497.2012,537.842305,500.221117
626,45000,,0.810318,46,0.810318,0.705727,0.801563,521.9184,465.5955,516.684765,497.2012,541.529699,501.012581
627,45000,,0.811006,50,0.811006,0.705727,0.801467,522.5548,465.5955,516.62815,497.2012,541.536972,501.049938
628,45000,,0.811006,48,0.810914,0.710091,0.805133,522.4366,467.0748,518.593974,497.193282,539.117323,499.507846
629,45000,,0.811006,22,0.811006,0.713368,0.807562,522.5548,469.3003,519.921928,497.193282,538.05284,498.502798
630,45000,,0.811006,50,0.811006,0.738936,0.808067,522.5548,483.8459,520.182608,497.193282,527.856899,498.283732
631,45000,,0.811006,24,0.811006,0.712628,0.80753,522.5548,468.4629,519.888263,497.193282,538.068687,498.505433
632,45000,,0.811006,21,0.811006,0.712636,0.807281,522.5548,468.3089,519.794953,497.193282,538.038296,498.637392
633,45000,,0.811006,50,0.811006,0.705398,0.804327,522.5548,465.591,518.179145,497.037392,541.783715,499.858197
634,45000,,0.811006,50,0.811006,0.709206,0.804555,522.5548,465.7699,518.251415,497.193282,538.933124,499.728822
635,45000,,0.811006,28,0.811006,0.712679,0.804888,522.5548,468.4271,518.43188,497.037392,538.005185,499.590536
636,45000,,0.811006,31,0.811006,0.704272,0.807519,522.5548,464.4681,519.876979,497.037392,541.90965,498.506484
637,45000,,0.811006,50,0.811006,0.702189,0.807353,522.5548,463.7918,519.864979,497.2012,543.081203,498.627605
638,45000,,0.811006,50,0.811006,0.712815,0.804831,522.5548,468.4271,518.463441,497.2012,537.899024,499.655511
639,45000,,0.811006,31,0.811006,0.706115,0.807144,522.5548,466.5209,519.763761,497.2012,541.84712,498.723308
640,45000,,0.811006,31,0.811006,0.713184,0.809282,522.5548,468.4271,520.99039,497.2012,537.610807,497.876968
641,45000,,0.811006,50,0.811006,0.712679,0.803638,522.5548,468.4271,517.89792,497.2012,538.205779,500.207406
642,45000,,0.811117,50,0.811117,0.712227,0.804284,522.8263,468.3058,518.325325,497.2012,538.275957,499.989673
643,45000,,0.811117,36,0.811117,0.702408,0.80694,522.8263,464.5602,519.868323,497.2012,543.425057,498.951834
644,45000,,0.811117,28,0.811117,0.713262,0.80842,522.8263,468.6727,520.667568,497.193282,537.714809,498.333659
645,45000,,0.811117,50,0.811117,0.71347,0.808031,522.8263,469.5272,520.45849,497.037392,538.125092,498.496488
646,45000,,0.811117,50,0.811117,0.705353,0.805734,522.8263,465.4144,519.291515,497.037392,541.699951,499.506381
647,45000,,0.811117,50,0.811117,0.705353,0.805394,522.8263,465.4144,519.169011,497.288312,541.699951,499.689497
648,45000,,0.811117,50,0.811117,0.713098,0.80766,522.8263,468.7326,520.410731,497.355988,538.205779,498.753931
649,45000,,0.811117,50,0.811117,0.706041,0.807676,522.8263,466.5145,520.444443,497.355988,541.900545,498.76419
650,45000,,0.811117,27,0.811117,0.712598,0.805433,522.8263,468.3089,519.232014,497.355988,538.205779,499.70089
651,45000,,0.811117,45,0.811117,0.712598,0.805884,522.8263,468.3089,519.497646,497.355988,538.039963,499.527608
652,45000,,0.811117,46,0.811117,0.7066,0.806047,522.8263,466.8267,519.648431,497.355988,541.674065,499.501041
653,45000,,0.811117,11,0.811117,0.71347,0.809215,522.8263,469.5272,521.389561,497.355988,538.125092,498.197072
654,45000,,0.811132,15,0.811132,0.804442,0.81083,522.8263,519.5308,522.312516,497.355988,500.674735,497.555938
655,45000,,0.811359,41,0.811359,0.705398,0.80897,523.0708,465.591,521.335687,497.355988,541.783715,498.352446
656,45000,,0.811359,50,0.811359,0.70674,0.807089,523.0708,466.1519,520.358281,497.355988,541.112478,499.16437
657,45000,,0.811359,50,0.811359,0.713366,0.805872,523.0708,469.5272,519.701351,497.355988,538.205779,499.673172
658,45000,,0.811359,50,0.811359,0.713366,0.807091,523.0708,469.5272,520.344554,497.355988,538.205779,499.153338
659,45000,,0.811459,50,0.811459,0.707865,0.803983,523.0708,467.5418,518.694952,497.227755,541.166672,500.472174
660,45000,,0.811459,50,0.811459,0.708311,0.805088,523.0708,468.3974,519.334755,497.227755,541.391955,500.039378
661,45000,,0.811459,50,0.811459,0.71347,0.80433,523.0708,469.5272,518.925835,497.227755,538.125092,500.356785
662,45000,,0.811459,50,0.811459,0.711177,0.80699,523.0708,467.5389,520.398101,497.227755,538.580871,499.267966
663,45000,,0.811459,50,0.811459,0.712434,0.805924,523.0708,468.939,519.847155,497.227755,538.539192,499.730691
664,45000,,0.811475,50,0.811475,0.711177,0.806476,523.1217,467.5389,520.13144,497.227755,538.580871,499.490192
665,45000,,0.811475,50,0.811475,0.707428,0.804865,523.1217,465.8771,519.284502,497.227755,541.313073,500.179563
666,45000,,0.811945,24,0.811945,0.75316,0.810063,523.1217,492.5825,522.154289,497.172432,522.616567,498.047966
667,45000,,0.811945,13,0.811945,0.808352,0.81115,523.1217,520.1399,522.713851,497.172432,498.256131,497.574911
668,45000,,0.811945,11,0.811945,0.809315,0.811267,523.1217,520.5771,522.824082,497.172432,498.256131,497.557397
669,45000,,0.811945,13,0.811945,0.8111,0.811356,523.1217,522.5548,522.892701,497.172432,497.676301,497.534093
670,45000,,0.811945,50,0.811945,0.713724,0.809369,523.1217,469.8226,521.812407,497.172432,538.124571,498.360617
671,45000,,0.81195,50,0.81195,0.713712,0.808725,523.3662,469.5272,521.48524,497.172432,538.100403,498.64356
672,45000,,0.812057,50,0.812057,0.705014,0.805758,523.3662,466.199,519.873729,497.172432,542.593246,499.877717
673,45000,,0.812057,50,0.81195,0.705471,0.805042,523.3662,466.199,519.437393,497.172432,542.134191,500.143611
674,45000,,0.812057,50,0.812057,0.705471,0.806829,523.3662,466.199,520.40268,497.124478,542.134191,499.397214
675,45000,,0.812627,50,0.812627,0.713712,0.807773,523.867,469.7717,520.902421,497.099789,538.100403,498.995433
676,45000,,0.812627,50,0.812627,0.708494,0.807491,523.867,468.1869,520.751924,497.099789,541.107852,499.114305
677,45000,,0.812627,50,0.812627,0.773883,0.810546,523.867,501.5647,522.417043,497.099789,512.47159,497.847781
678,45000,,0.812627,50,0.812627,0.71347,0.809694,523.867,469.5272,521.987165,497.099789,538.125092,498.224276
679,45000,,0.812627,50,0.812627,0.698502,0.80562,523.867,464.0835,519.819846,497.099789,546.15259,499.949669
680,45000,,0.815411,50,0.815411,0.698502,0.810771,525.1978,464.0835,522.589277,495.180886,546.15259,497.787487
681,45000,,0.815432,50,0.815432,0.712997,0.807095,525.1295,468.9751,520.576049,495.180886,538.124325,499.305549
682,45000,,0.816372,41,0.816372,0.70805,0.806901,525.8743,468.148,520.546092,495.608543,541.428088,499.43683
683,45000,,0.816372,15,0.816372,0.714316,0.810407,525.8743,470.0111,522.47613,495.608543,537.789665,497.995789
684,45000,,0.816372,32,0.816372,0.695421,0.808098,526.2382,462.3415,521.247853,495.608543,547.388218,498.973502
685,45000,,0.816372,50,0.816372,0.695525,0.80602,526.2382,462.3994,520.202252,495.608543,547.345613,499.893438
686,45000,,0.816372,50,0.816372,0.713598,0.80496,526.2382,469.8286,519.613787,495.619671,538.294619,500.325619
687,45000,,0.816372,50,0.816372,0.703048,0.803291,526.2382,464.8288,518.710436,495.619671,543.105842,501.022177
688,45000,,0.816372,50,0.816372,0.703048,0.8034,526.2382,464.8288,518.762727,495.619671,543.105842,500.9722
689,45000,,0.816372,50,0.816372,0.714037,0.805242,526.2382,469.3436,519.760548,495.619671,537.803454,500.204279
690,45000,,0.816372,50,0.816372,0.708285,0.807793,526.2382,467.8033,521.208393,495.619671,541.014123,499.18519
691,45000,,0.816674,22,0.816674,0.71414,0.810248,526.2382,469.7035,522.650778,495.609483,537.803454,498.236258
692,45000,,0.816674,50,0.816674,0.71407,0.804998,526.2382,469.7035,519.771132,495.609483,538.019195,500.401569
693,45000,,0.816674,24,0.816674,0.71414,0.810396,526.6086,469.7035,522.835558,495.609483,537.720621,498.245086
694,45000,,0.816674,13,0.816674,0.706167,0.811175,526.6086,466.0296,523.323915,495.609483,541.477543,497.964454
695,45000,,0.816902,38,0.816902,0.708829,0.811868,526.8436,468.2443,523.750391,495.609483,541.066108,497.709636
696,45000,,0.816902,50,0.816902,0.715668,0.812321,526.8436,470.0684,523.947518,495.609483,536.773082,497.488389
697,45000,,0.817082,50,0.817082,0.71242,0.810147,526.8436,468.5101,522.731739,495.533696,538.262629,498.36968
698,45000,,0.817082,50,0.817082,0.714626,0.807093,526.6086,470.6077,521.113282,495.334406,537.947429,499.666933
699,45000,,0.817502,50,0.817502,0.705592,0.807604,526.8776,466.6487,521.372412,495.309717,542.341175,499.44195
700,45000,,0.817502,28,0.817502,0.709967,0.807145,527.1801,468.4094,521.085179,495.309717,540.107989,499.60787
701,45000,,0.817502,25,0.817502,0.716042,0.812286,527.1801,471.6611,524.016446,495.334406,537.549028,497.562145
702,45000,,0.817502,50,0.817502,0.709169,0.808494,527.1801,468.2443,521.93693,495.334406,540.619822,499.126142
703,45000,,0.817502,50,0.817502,0.709169,0.811113,527.1801,468.2443,523.379714,495.334406,540.619822,498.050306
704,45000,,0.817581,50,0.817581,0.709536,0.813148,527.2128,468.5224,524.527261,495.308814,540.519991,497.232185
705,45000,,0.817581,25,0.817581,0.70303,0.811719,527.2128,467.8291,523.810416,495.308814,545.130522,497.86644
706,45000,,0.817581,23,0.817581,0.708636,0.810655,527.2128,467.8945,523.213418,495.308814,540.801674,498.296381
707,45000,,0.817581,50,0.817581,0.707957,0.805807,528.0408,467.6407,520.550316,495.287846,541.160655,500.293016
708,45000,,0.817581,50,0.817581,0.705194,0.804744,528.0408,465.7181,520.032188,495.263157,542.027747,500.775059
709,45000,,0.817581,50,0.817581,0.746834,0.812792,528.0408,487.5862,524.445033,495.263157,524.202581,497.454186
710,45000,,0.817905,50,0.817905,0.705396,0.809525,528.0408,466.6487,522.610184,495.27977,542.493966,498.773096
711,45000,,0.817905,50,0.817905,0.700352,0.807789,528.0408,464.7935,521.726509,495.309717,545.185086,499.535454
712,45000,,0.817905,33,0.817905,0.706702,0.809071,528.0408,467.4892,522.511007,495.309717,542.038169,499.060748
713,45000,,0.817905,38,0.817905,0.706702,0.810032,528.0408,467.4892,523.052701,495.309717,542.038169,498.673888
714,45000,,0.817905,50,0.817905,0.706702,0.810945,528.0408,467.4892,523.661331,495.309717,542.038169,498.369606
715,45000,,0.817905,50,0.817905,0.715135,0.807693,528.5616,470.7201,521.919752,495.358539,537.625541,499.739456
716,45000,,0.817905,40,0.817905,0.706702,0.807948,528.5616,467.4892,522.086469,495.358539,542.038169,499.652435
717,45000,,0.818263,50,0.818263,0.709136,0.807055,528.5616,468.4266,521.539759,495.400782,540.767951,499.982532
718,45000,,0.818263,26,0.817905,0.714928,0.813092,528.5616,470.9442,524.861955,495.400782,537.937242,497.500071
719,45000,,0.818263,50,0.817905,0.715278,0.81039,528.5616,470.9781,523.376014,495.400782,537.687243,498.61156
720,45000,,0.818373,50,0.818373,0.717604,0.809421,528.5616,471.5984,522.731217,495.096739,536.288705,498.935708
721,45000,,0.818373,45,0.818373,0.714733,0.813787,528.5616,470.6077,525.211202,495.096739,537.863558,497.192035
722,45000,,0.818513,12,0.818513,0.715153,0.815807,528.5616,470.9132,526.339868,495.096739,537.740831,496.372797
723,45000,,0.818513,38,0.818513,0.706835,0.813352,528.3631,467.1916,524.95508,495.096739,541.735138,497.359659
724,45000,,0.818871,50,0.818871,0.705238,0.81137,528.415,468.4804,523.904265,495.096739,543.844523,498.20149
725,45000,,0.818871,50,0.818871,0.701219,0.812579,528.415,464.9325,524.608148,495.096739,544.601892,497.729849
726,45000,,0.818871,50,0.818871,0.715278,0.812807,528.415,470.9781,524.666225,495.051751,537.687243,497.590874
727,45000,,0.818871,50,0.818871,0.715278,0.809385,528.415,470.9781,522.774133,495.096739,537.687243,498.99221
728,45000,,0.818871,50,0.818871,0.715278,0.809069,528.415,470.9781,522.599666,495.096739,537.687243,499.121461
729,45000,,0.818871,45,0.818871,0.715024,0.807516,528.415,469.8044,521.66526,495.096739,537.687243,499.70737
730,45000,,0.819326,25,0.819326,0.707024,0.812592,529.2925,467.2685,524.519889,495.065859,541.639258,497.660382
731,45000,,0.819326,50,0.819326,0.710119,0.809385,529.2925,469.8483,522.824734,494.919294,540.954105,499.026017
732,45000,,0.819326,50,0.819326,0.708711,0.807474,529.2925,468.3743,521.721422,494.919294,541.06455,499.777766
733,45000,,0.819326,50,0.819326,0.714575,0.808938,529.2925,469.0402,522.510064,494.919294,537.677055,499.164284
734,45000,,0.819514,42,0.819514,0.71558,0.812117,529.2925,471.3146,524.278779,494.834183,537.677055,497.869564
735,45000,,0.819514,28,0.819514,0.717906,0.813278,529.2925,471.9349,524.907095,494.705966,536.278517,497.384981
736,45000,,0.819514,50,0.819514,0.717718,0.812554,529.2925,471.9349,524.555394,494.705966,536.425082,497.714208
737,45000,,0.819514,35,0.819514,0.717906,0.814164,529.2925,471.9349,525.457678,494.695778,536.278517,497.063238
738,45000,,0.819624,19,0.819624,0.718988,0.815396,529.2925,472.8643,526.180768,494.695778,536.057321,496.586166
739,45000,,0.819624,47,0.819624,0.708869,0.811431,529.2925,467.3416,524.012886,494.695778,540.249024,498.226839
740,45000,,0.819624,50,0.819624,0.714018,0.813512,529.2925,470.5504,525.165985,494.695778,538.382925,497.37632
741,45000,,0.819624,50,0.819624,0.701918,0.814205,529.2925,465.6458,525.582152,494.695778,544.534638,497.114322
742,45000,,0.819624,42,0.819624,0.712032,0.813193,529.2925,469.7981,524.993585,494.695778,539.42857,497.509618
743,45000,,0.819624,46,0.819624,0.715925,0.810136,529.2925,471.5228,523.251848,494.695778,537.547532,498.72658
744,45000,,0.819624,32,0.819624,0.700889,0.810519,529.2925,464.9292,523.458556,494.695778,544.857328,498.566368
745,45000,,0.819835,48,0.819835,0.713947,0.810456,529.3574,471.6222,523.438556,494.573902,539.156452,498.602377
746,45000,,0.819835,50,0.819514,0.717599,0.812288,529.2925,470.6692,524.466979,494.573902,535.979043,497.86199
747,45000,,0.819835,33,0.819835,0.721601,0.815172,529.3574,473.0482,526.110258,494.573902,534.141918,496.714084
748,45000,,0.819835,23,0.819835,0.718881,0.816466,529.3574,472.4927,526.825462,494.573902,535.891557,496.183745
749,45000,,0.819835,12,0.819835,0.803655,0.81871,529.3574,519.9338,528.053259,494.573902,501.558023,495.256015
750,45000,,0.819835,13,0.819835,0.71803,0.818115,529.3574,471.9998,527.709701,494.573902,536.224929,495.490048
751,45000,,0.819835,46,0.819835,0.719112,0.817119,529.3574,472.9292,527.166376,494.532134,536.003732,495.90314
752,45000,,0.819835,50,0.819835,0.709479,0.815623,529.3574,468.0408,526.344713,494.532134,540.242307,496.519517
753,45000,,0.819889,50,0.819889,0.711103,0.814833,529.6019,470.0075,525.932528,494.532134,540.292943,496.858988
754,45000,,0.819889,50,0.819889,0.71325,0.815341,529.6019,470.429,526.218522,494.532134,538.900706,496.654934
755,45000,,0.819889,50,0.819889,0.710441,0.813874,529.6019,469.2147,525.42448,494.532134,540.277886,497.266569
756,45000,,0.819889,50,0.819889,0.718559,0.813424,529.6019,472.5325,525.163364,494.532134,536.169792,497.442738
757,45000,,0.819889,50,0.819889,0.702516,0.812594,529.6019,466.2607,524.766958,494.532134,544.480199,497.824359
758,45000,,0.819893,50,0.819893,0.734759,0.815373,529.6019,480.9262,526.373848,494.532134,529.93307,496.734002
759,45000,,0.819893,50,0.819893,0.718306,0.813452,529.6019,472.6327,525.31189,494.507445,536.434196,497.520783
760,45000,,0.820214,50,0.820214,0.7193,0.815083,529.6019,472.9292,526.27399,494.507445,535.979043,496.893247
761,45000,,0.820214,50,0.820214,0.71701,0.814115,529.6019,470.9625,525.688425,494.507445,536.325286,497.255534
762,45000,,0.820214,50,0.820214,0.756878,0.817028,529.6019,493.2781,527.327587,494.507445,520.182588,496.081889
763,45000,,0.820214,25,0.820214,0.710033,0.818458,529.6019,469.1711,528.187116,494.507445,540.567138,495.542452
764,45000,,0.820214,50,0.820214,0.719354,0.816509,529.6019,473.1737,527.100101,494.507445,535.979043,496.334675
765,45000,,0.820833,33,0.820833,0.707755,0.817345,529.8605,467.3802,527.489966,493.873727,541.143759,495.943896
766,45000,,0.820833,50,0.820833,0.707755,0.810657,529.8605,467.3802,523.883326,493.977957,541.193728,498.743173
767,45000,,0.820866,50,0.820866,0.707755,0.811677,530.0716,467.3802,524.53226,493.977957,541.193728,498.382475
768,45000,,0.820866,50,0.820866,0.708949,0.817159,530.0716,468.2799,527.644993,493.977957,540.823275,496.192412
769,45000,,0.821241,23,0.821241,0.7193,0.818188,530.2924,472.9292,528.230877,493.977957,535.857167,495.782617
770,45000,,0.821241,15,0.821241,0.718084,0.817011,530.2924,472.2443,527.61274,493.977957,536.346805,496.286485
771,45000,,0.821241,15,0.821241,0.718084,0.817012,530.2924,472.2443,527.600503,493.977957,536.346805,496.277069
772,45000,,0.821429,23,0.821429,0.709238,0.817004,530.2924,468.2853,527.641063,493.977957,540.593986,496.310563
773,45000,,0.821509,50,0.821509,0.709508,0.81601,530.675,468.531,527.105874,493.977957,540.547817,496.727109
774,45000,,0.821509,50,0.821509,0.718084,0.815718,530.675,472.2443,526.925423,493.977957,536.346805,496.834025
775,45000,,0.821509,50,0.821509,0.718084,0.814843,530.675,472.2389,526.432902,493.977957,536.346805,497.186793
776,45000,,0.821742,50,0.821742,0.719354,0.817567,530.8221,473.1737,527.972017,493.977957,535.979043,496.09346
777,45000,,0.821987,50,0.821987,0.708583,0.815821,530.9984,467.7043,527.001168,493.977957,540.715188,496.804591
778,45000,,0.821987,50,0.821742,0.717799,0.81334,530.8221,472.2664,525.65099,493.96777,536.696966,497.834897
779,45000,,0.821987,50,0.821742,0.709852,0.814114,530.8221,468.3074,526.102266,493.96777,540.129398,497.534217
780,45000,,0.822111,50,0.822111,0.717799,0.8178,531.2253,472.4353,528.197306,493.96777,536.696966,496.062709
781,45000,,0.822111,50,0.822111,0.712515,0.816801,531.2253,470.5859,527.609452,493.96777,539.579132,496.448159
782,45000,,0.822154,32,0.822154,0.718058,0.81887,531.2253,472.2443,528.788304,493.96777,536.367253,495.624182
783,45000,,0.823006,48,0.823006,0.707578,0.815781,531.8744,467.8481,527.060736,493.96777,541.595755,496.87562
784,45000,,0.823006,50,0.823006,0.710055,0.811954,531.8744,468.3074,524.921174,493.96777,539.970979,498.426957
785,45000,,0.823006,23,0.823006,0.710543,0.818149,531.8744,469.3407,528.386707,493.919657,540.283477,495.917596
786,45000,,0.823006,41,0.823006,0.718739,0.818005,531.8744,472.3922,528.367298,493.96777,535.979043,496.016985
787,45000,,0.823374,50,0.823374,0.709551,0.81655,532.2004,468.5244,527.615243,493.96777,540.510064,496.647375
788,45000,,0.823374,50,0.823374,0.728356,0.819344,532.2004,477.1956,529.157883,493.96777,531.652477,495.502223
789,45000,,0.823374,26,0.823374,0.709127,0.818613,532.2004,468.2853,528.818131,493.96777,540.680312,495.84486
790,45000,,0.823374,12,0.823374,0.709698,0.81894,532.2004,468.5666,529.124404,494.331623,540.423249,495.794501
791,45000,,0.8238,17,0.8238,0.802666,0.821638,532.583,518.2958,530.638391,494.104565,501.232399,494.704713
792,45000,,0.8238,32,0.8238,0.709127,0.817547,532.583,468.2853,528.330075,494.09734,540.680312,496.348667
793,45000,,0.824127,50,0.824127,0.708268,0.816231,532.583,467.3543,527.649879,494.066468,540.726172,496.919468
794,45000,,0.824127,50,0.824127,0.709127,0.817393,532.583,468.2853,528.312269,494.066468,540.680312,496.457343
795,45000,,0.824127,50,0.824127,0.718691,0.816586,532.583,472.753,527.850905,494.040107,536.214468,496.777569
796,45000,,0.824127,50,0.824127,0.709677,0.817444,532.583,468.6777,528.35643,494.040107,540.514496,496.446765
797,45000,,0.824127,50,0.824127,0.709448,0.81351,532.583,468.5549,526.090787,494.040107,540.61069,497.997249
798,45000,,0.824127,50,0.824127,0.718437,0.811897,532.583,472.4834,525.210952,494.040107,536.23167,498.665792
799,45000,,0.824127,41,0.824127,0.709127,0.815071,532.583,468.2853,527.015166,494.040107,540.680312,497.399375
800,45000,,0.824127,13,0.824127,0.764855,0.821648,532.583,496.6904,530.830446,494.040107,516.247103,494.826055
801,45000,,0.824127,18,0.824127,0.764855,0.821633,532.583,496.6904,530.80812,494.040107,516.247103,494.822333
802,45000,,0.824127,32,0.824127,0.764949,0.821092,532.583,496.96,530.504944,494.040107,516.354098,495.041007
803,45000,,0.824127,50,0.824127,0.76505,0.820931,532.583,496.96,530.398555,494.040107,516.275468,495.095508
804,45000,,0.824127,50,0.824127,0.710205,0.819003,532.583,469.2641,529.382596,494.040107,540.495298,495.918919
805,45000,,0.824127,50,0.824127,0.711505,0.817506,532.583,469.6459,528.500916,494.040107,539.737502,496.495518
806,45000,,0.824127,50,0.824127,0.727882,0.819017,532.583,477.4725,529.333841,494.040107,532.207563,495.874754
807,45000,,0.824127,50,0.824127,0.701873,0.816147,532.583,465.9457,527.817393,494.040107,544.771091,497.097134
808,45000,,0.824127,50,0.824127,0.702252,0.818067,532.583,466.1848,528.925083,494.040107,544.635508,496.341786
809,45000,,0.824127,38,0.824127,0.702826,0.81723,532.583,466.1313,528.477867,494.040107,544.151674,496.695457
810,45000,,0.824127,39,0.824127,0.7058,0.818171,532.583,466.2998,528.947717,494.040107,541.944569,496.276374
811,45000,,0.824127,15,0.824127,0.780619,0.821519,532.583,506.6222,530.965543,494.040107,510.606503,495.016967
812,45000,,0.824127,22,0.824127,0.793537,0.82193,532.583,516.2104,531.250037,494.066468,506.955018,494.886558
813,45000,,0.824127,50,0.824127,0.70976,0.819968,532.583,468.794,530.168106,494.066468,540.527527,495.692136
814,45000,,0.824127,50,0.824127,0.709318,0.819941,532.583,468.5244,530.105439,494.066468,540.691293,495.671271
815,45000,,0.824127,50,0.824127,0.70402,0.818331,532.583,466.1316,529.276083,494.066468,543.220437,496.371175
816,45000,,0.824127,50,0.824127,0.70976,0.816038,532.583,468.794,527.949405,494.066468,540.527527,497.270737
817,45000,,0.824127,50,0.824127,0.70976,0.817168,532.583,468.794,528.529004,494.066468,540.527527,496.777746
818,45000,,0.824127,50,0.824127,0.709725,0.817449,532.583,468.6701,528.725042,494.066468,540.527527,496.690243
819,45000,,0.82436,22,0.82436,0.710121,0.819714,532.7309,468.794,529.997136,493.984118,540.246062,495.775522
820,45000,,0.82436,29,0.82436,0.71071,0.819482,532.7309,469.3852,529.915299,493.984118,540.182359,495.901582
821,45000,,0.82436,50,0.82436,0.70976,0.818887,532.7309,468.794,529.600396,493.984118,540.527527,496.154821
822,45000,,0.82436,50,0.824156,0.70976,0.819316,533.0323,468.794,529.846602,494.066468,540.527527,495.985296
823,45000,,0.82436,50,0.824156,0.70976,0.818285,533.0323,468.794,529.28246,494.066468,540.527527,496.411828
824,45000,,0.82436,50,0.824156,0.70976,0.815464,533.0323,468.794,527.72097,494.06309,540.527527,497.565789
825,45000,,0.82436,50,0.824156,0.70976,0.819169,533.0323,468.794,529.834508,494.066468,540.527527,496.092231
826,45000,,0.824517,29,0.824517,0.70976,0.820698,533.0323,468.794,530.666607,494.063628,540.527527,495.456824
827,45000,,0.824517,50,0.824517,0.70976,0.819441,533.0323,468.794,530.017117,494.063628,540.527527,496.002217
828,45000,,0.824517,50,0.824517,0.70976,0.818301,533.0323,468.794,529.343449,494.063628,540.527527,496.440255
829,45000,,0.824517,30,0.824517,0.70976,0.817645,533.0323,468.794,529.005286,494.063628,540.527527,496.724665
830,45000,,0.824517,50,0.824517,0.70976,0.819942,533.0323,468.794,530.30788,494.035155,540.527527,495.806278
831,45000,,0.824517,41,0.824517,0.764901,0.821654,533.0323,496.96,531.229422,494.035155,516.39141,495.088604
832,45000,,0.824517,14,0.824517,0.764949,0.822549,533.0323,496.96,531.690805,494.035155,516.354098,494.699079
833,45000,,0.824517,41,0.824517,0.707164,0.820166,533.0323,467.0351,530.404742,494.035155,541.373526,495.696664
834,45000,,0.824517,50,0.824517,0.707164,0.819142,533.0323,467.0351,529.777651,493.976095,541.373526,496.075251
835,45000,,0.824645,50,0.824645,0.707785,0.816385,533.0469,468.794,528.332792,493.973255,542.067717,497.257153
836,45000,,0.824645,50,0.824645,0.70976,0.820617,533.0469,468.794,530.717448,493.973255,540.527527,495.554147
837,45000,,0.824645,33,0.824645,0.70976,0.821882,533.0469,468.794,531.451433,493.973255,540.527527,495.05958
838,45000,,0.824645,14,0.824645,0.70976,0.823124,533.0469,468.794,532.157712,493.973255,540.527527,494.563892
839,45000,,0.824645,12,0.824645,0.821385,0.824307,533.0469,531.4142,532.820744,493.973255,495.421898,494.085638
840,45000,,0.824645,19,0.824645,0.70976,0.823181,533.0469,468.794,532.187727,493.973255,540.527527,494.539832
841,45000,,0.824645,50,0.824645,0.703787,0.82089,533.0469,466.0038,530.898925,493.973255,543.316472,495.462836
842,45000,,0.824645,50,0.824645,0.705184,0.820319,533.0469,466.0957,530.631717,493.973255,543.833971,495.729024
843,45000,,0.824645,50,0.824645,0.705184,0.815884,533.0469,466.0957,528.122895,493.973255,542.288906,497.506957
844,45000,,0.824645,50,0.824645,0.709586,0.817957,533.0469,468.6745,529.299737,493.973255,540.582803,496.679013
845,45000,,0.824645,50,0.824645,0.709586,0.81547,533.0469,468.6745,527.900009,493.973255,540.582803,497.680867
846,45000,,0.824645,50,0.824645,0.707164,0.817241,533.0469,467.0351,528.899378,493.973255,541.373526,496.968764
847,45000,,0.824645,50,0.824645,0.710831,0.818547,533.0469,469.5573,529.640583,493.973255,540.203972,496.447465
848,45000,,0.824645,50,0.824645,0.70976,0.818742,533.0469,468.696,529.80738,493.973255,540.527527,496.406685
849,45000,,0.824645,50,0.824645,0.707164,0.818729,533.0469,467.0351,529.785082,493.973255,541.373526,496.40187
850,45000,,0.825392,50,0.825392,0.70976,0.820642,533.3951,468.794,530.722352,492.587049,540.527527,495.538297
851,45000,,0.825392,50,0.825392,0.706726,0.819562,533.5407,465.5814,530.156697,492.908834,540.740999,496.00142
852,45000,,0.825392,50,0.825392,0.703213,0.820179,533.4427,466.7694,530.570039,493.088321,544.277766,495.797041
853,45000,,0.825753,50,0.825753,0.703341,0.820685,533.5553,466.784,530.830355,492.806993,544.187393,495.576521
854,45000,,0.825753,50,0.825465,0.703341,0.817695,533.5553,466.784,529.195086,493.088321,544.187393,496.813394
855,45000,,0.825753,31,0.825753,0.70976,0.822717,533.5553,468.794,531.961403,492.806993,540.527527,494.749434
856,45000,,0.825753,50,0.825753,0.746903,0.823913,533.5553,489.5233,532.574169,492.806993,525.446837,494.227361
857,45000,,0.825753,50,0.825753,0.710718,0.821445,533.5553,469.1052,531.143826,492.806993,539.988423,495.193646
858,45000,,0.825753,16,0.825753,0.82184,0.824784,533.5553,531.2077,533.039689,492.806993,495.029067,493.860103
859,45000,,0.825753,27,0.825753,0.710249,0.822514,533.5553,468.8086,531.777677,492.806993,540.155689,494.784645
860,45000,,0.825853,50,0.825853,0.710847,0.821054,533.9035,469.1198,530.945377,492.799441,539.903466,495.365693
861,45000,,0.825853,50,0.825853,0.709646,0.820912,533.9035,468.8086,530.85946,492.799441,540.626395,495.419127
862,45000,,0.825853,50,0.825853,0.709888,0.81961,533.9035,468.8086,530.118151,492.799441,540.437154,495.938357
863,45000,,0.825853,50,0.825753,0.710914,0.820075,533.9035,469.1198,530.438896,492.806993,539.84563,495.790226
864,45000,,0.825853,41,0.825753,0.709888,0.817797,533.9035,468.8086,529.102501,492.806993,540.437154,496.671896
865,45000,,0.825993,47,0.825993,0.710383,0.817371,534.1218,468.991,528.811811,492.806993,540.177664,496.809058
866,45000,,0.825993,29,0.825993,0.710949,0.81959,534.1218,469.1052,529.985438,492.806993,539.973554,495.864718
867,45000,,0.825993,31,0.825993,0.710428,0.818771,534.1218,469.1052,529.47331,492.799441,540.214976,496.160102
868,45000,,0.825993,50,0.825993,0.709339,0.816423,534.1218,468.1495,528.101922,492.799441,540.712753,497.073009
869,45000,,0.825993,37,0.825993,0.71025,0.817118,534.1218,468.9615,528.359121,492.799441,540.353935,496.702901
870,45000,,0.825993,37,0.825993,0.720975,0.822379,534.1218,473.4539,531.2529,492.799441,534.902532,494.53848
871,45000,,0.825993,37,0.825993,0.705633,0.820003,534.1218,466.0603,529.917598,492.799441,541.914569,495.497174
872,45000,,0.825993,50,0.825993,0.705633,0.816137,534.1218,466.0603,527.734867,492.799441,541.914569,497.050032
873,45000,,0.825993,50,0.825993,0.705633,0.815336,534.1218,466.0603,527.316254,492.799441,541.914569,497.394127
874,45000,,0.825993,50,0.825993,0.706785,0.818205,534.1218,466.3566,528.82822,492.799441,541.215069,496.169197
875,45000,,0.825993,32,0.825993,0.710786,0.821543,534.1218,469.1052,530.695129,492.799441,539.936003,494.816656
876,45000,,0.825999,50,0.825999,0.706764,0.822396,534.1218,466.1426,531.198623,492.789348,541.087989,494.48928
877,45000,,0.825999,23,0.825999,0.71069,0.821161,534.1218,469.0248,530.493211,492.799441,540.010651,494.97969
878,45000,,0.825999,50,0.825999,0.710786,0.819831,534.1218,469.1052,529.751085,492.799441,539.936003,495.519772
879,45000,,0.825999,50,0.825999,0.710476,0.817117,534.1218,469.1052,528.189523,492.799441,540.177664,496.590073
880,45000,,0.825999,50,0.825999,0.710476,0.816534,534.1218,469.1052,527.8818,492.799441,540.177664,496.839089
881,45000,,0.825999,23,0.825999,0.715248,0.823438,534.1218,471.1213,531.731584,492.799441,537.806086,494.033125
882,45000,,0.825999,13,0.825999,0.711,0.823407,534.1218,469.1052,531.819255,492.799441,539.76899,494.115933
883,45000,,0.825999,49,0.825999,0.710397,0.821888,534.1218,469.1052,530.980763,492.799441,540.23956,494.739193
884,45000,,0.825999,50,0.825999,0.70998,0.819393,534.1218,468.0679,529.523593,492.799441,539.869347,495.708514
885,45000,,0.825999,50,0.825999,0.709492,0.819899,534.1218,468.0679,529.781943,492.799441,540.250099,495.487105
886,45000,,0.825999,50,0.825999,0.71092,0.820491,534.1218,469.1052,530.132842,492.799441,539.830886,495.260339
887,45000,,0.825999,50,0.825999,0.71069,0.820176,534.1218,469.1052,529.981279,492.799441,540.010651,495.404739
888,45000,,0.825999,50,0.825999,0.711,0.820138,534.1218,469.1052,529.997425,492.799441,539.76899,495.445581
889,45000,,0.826186,50,0.826186,0.712124,0.82175,534.1218,469.8156,530.876422,492.783117,539.367861,494.776746
890,45000,,0.826186,40,0.826186,0.782458,0.824471,534.1218,508.6009,532.453478,492.783117,510.497978,493.711543
891,45000,,0.826186,14,0.826186,0.711,0.823921,534.1218,469.1052,532.149295,492.783117,539.76899,493.936826
892,45000,,0.826186,41,0.826186,0.711,0.822448,533.6134,469.1052,531.364728,492.783117,539.76899,494.559366
893,45000,,0.826186,50,0.826186,0.710786,0.821163,534.1218,469.1052,530.700875,492.783117,539.936003,495.117434
894,45000,,0.826186,50,0.826186,0.706544,0.816867,534.1218,466.4636,528.268774,492.783117,541.474191,496.838641
895,45000,,0.826186,50,0.826186,0.704452,0.817089,534.1218,467.0806,528.430432,492.783117,543.519229,496.773534
896,45000,,0.826186,50,0.826186,0.711,0.816989,533.6134,469.1052,528.313542,492.783117,539.76899,496.773337
897,45000,,0.826186,50,0.826186,0.710754,0.816474,533.6134,468.4709,528.102932,492.783117,539.936003,497.033344
898,45000,,0.826186,50,0.826186,0.708678,0.81712,533.6134,467.0298,528.473036,492.783117,540.189637,496.777575
899,45000,,0.826186,50,0.826186,0.711,0.819336,533.6134,469.1052,529.76341,492.783117,539.76899,495.914214
900,45000,,0.826186,40,0.826186,0.710764,0.818551,533.6134,468.4709,529.313574,492.783117,539.76899,496.225217
901,45000,,0.826186,13,0.826186,0.756764,0.823371,533.6134,494.957,531.974053,492.783117,521.396134,494.248028
902,45000,,0.826186,14,0.826186,0.786024,0.825559,533.6134,511.2164,533.198305,492.783117,509.46936,493.362153
903,45000,,0.826186,18,0.826186,0.824297,0.826005,533.6134,532.4323,533.448553,492.783117,493.833205,493.181887
904,45000,,0.826186,50,0.826186,0.710381,0.824857,533.6134,468.6364,532.798536,492.783117,539.937393,493.641727
905,45000,,0.826186,50,0.826186,0.706487,0.82024,533.6134,468.5496,530.207368,492.783117,542.917011,495.506514
906,45000,,0.826186,50,0.826186,0.712564,0.821492,533.6134,469.2727,530.864219,492.783117,539.144929,494.969948
907,45000,,0.826186,50,0.826186,0.783036,0.82436,533.6134,510.3739,532.492819,492.783117,511.252134,493.823924
908,45000,,0.826186,50,0.826186,0.711,0.824235,533.6134,469.1052,532.406568,492.783117,539.76899,493.863753
909,45000,,0.826186,50,0.826186,0.711,0.822285,533.6134,469.1052,531.286666,492.783117,539.898705,494.634749
910,45000,,0.826186,50,0.826186,0.711,0.822165,533.6134,469.1052,531.194426,492.783117,539.76899,494.666548
911,45000,,0.826186,50,0.826186,0.711,0.824015,533.6134,469.1052,532.252243,492.783117,539.76899,493.931807
912,45000,,0.826186,50,0.826186,0.70928,0.818135,533.6134,467.9118,528.872175,492.783117,540.310997,496.253923
913,45000,,0.826186,49,0.826186,0.708371,0.817728,533.6134,467.1169,528.584699,492.783117,540.486837,496.378533
914,45000,,0.826478,25,0.826478,0.712861,0.823095,533.6134,470.212,531.633145,492.666067,539.059036,494.234787
915,45000,,0.826478,50,0.826478,0.711,0.819729,533.6134,469.1052,529.739426,492.666067,539.76899,495.591194
916,45000,,0.826478,50,0.826478,0.712974,0.821865,533.6134,470.2894,530.863852,492.666067,539.022338,494.678699
917,45000,,0.826478,50,0.826478,0.711,0.822344,533.6134,469.1052,531.134232,492.666067,539.76899,494.486009
918,45000,,0.826478,38,0.826478,0.711,0.824413,533.6134,469.1052,532.252472,492.666067,539.76899,493.621854
919,45000,,0.826613,32,0.826613,0.711,0.823482,533.6134,469.1052,531.673435,492.561232,539.76899,493.959776
920,45000,,0.826613,50,0.826613,0.711,0.822378,533.6134,469.1052,531.059027,492.561232,539.76899,494.409506
921,45000,,0.826613,50,0.826613,0.711,0.819248,533.6134,469.1052,529.271165,492.561232,539.76899,495.653007
922,45000,,0.826613,50,0.826613,0.711381,0.8227,533.6134,469.1052,531.145759,492.561232,539.471745,494.21617
923,45000,,0.826613,41,0.826613,0.711203,0.822582,533.6134,469.271,531.073215,492.561232,539.721673,494.25957
924,45000,,0.826613,31,0.826613,0.790563,0.825806,533.6134,511.6384,532.876049,492.561232,506.211622,492.952928
925,45000,,0.826613,50,0.826613,0.712767,0.824701,533.6134,470.1606,532.240813,492.561232,539.097612,493.389144
926,45000,,0.826613,50,0.826613,0.708574,0.818855,533.6134,467.2827,528.978862,492.561232,540.43952,495.763403
927,45000,,0.826613,28,0.826613,0.711203,0.820723,533.6134,469.271,530.012381,492.561232,539.721673,494.998629
928,45000,,0.826613,29,0.826613,0.711203,0.822346,533.6134,469.271,530.923084,492.561232,539.721673,494.343579
929,45000,,0.826613,50,0.826613,0.711,0.821868,533.6134,469.1052,530.697337,492.561232,539.76899,494.564564
930,45000,,0.826613,50,0.826613,0.711,0.819502,533.7792,469.1052,529.377598,492.561232,539.76899,495.525656
931,45000,,0.826613,50,0.826613,0.711,0.820042,533.7792,469.1052,529.694645,492.561232,539.76899,495.317569
932,45000,,0.826613,14,0.826613,0.712834,0.823471,533.6134,470.1936,531.539269,492.561232,539.067543,493.878443
933,45000,,0.826613,41,0.826613,0.717369,0.825126,533.6134,471.8254,532.454964,492.561232,536.624149,493.201719
934,45000,,0.826613,50,0.826613,0.711203,0.823195,533.6134,469.271,531.376277,492.561232,539.721673,493.985061
935,45000,,0.828809,50,0.828809,0.711203,0.822777,535.9457,469.271,531.181555,492.204639,539.721673,494.180146
936,45000,,0.828809,50,0.828809,0.709228,0.822276,535.9457,468.1048,530.98228,492.204639,541.261863,494.43776
937,45000,,0.828809,50,0.828809,0.712947,0.825001,535.9457,470.3465,532.597517,492.204639,539.082076,493.394175
938,45000,,0.828886,34,0.828886,0.815999,0.826849,535.9457,528.3243,533.681144,492.204639,497.552515,492.678916
939,45000,,0.828886,13,0.828886,0.708918,0.825931,535.9457,468.05,533.242426,492.204639,540.686097,493.101308
940,45000,,0.828886,49,0.828886,0.708918,0.821422,535.9457,468.05,530.770023,492.135291,540.686097,494.961104
941,45000,,0.828886,50,0.828886,0.708524,0.818309,535.9457,467.5251,529.099784,492.204639,540.641644,496.270317
942,45000,,0.828886,50,0.828886,0.710936,0.819055,535.9457,469.271,529.671775,492.135291,539.962958,496.071618
943,45000,,0.829196,30,0.829196,0.704652,0.822311,535.9457,466.315,531.612111,492.135291,542.85069,494.832698
944,45000,,0.829196,31,0.829196,0.710659,0.821502,535.9457,469.271,531.18487,492.109733,540.145984,495.177269
945,45000,,0.829196,50,0.829196,0.711068,0.821379,535.9457,469.271,531.236475,492.135291,539.886139,495.307436
946,45000,,0.829196,50,0.829196,0.710525,0.819653,535.9457,469.0492,530.261882,492.135291,540.113204,496.000451
947,45000,,0.829196,50,0.829196,0.710281,0.819734,535.9457,468.9598,530.331754,492.135291,540.282091,495.984126
948,45000,,0.829196,26,0.829196,0.710893,0.823015,535.9457,469.271,532.28068,492.135291,540.14996,494.731033
949,45000,,0.829196,29,0.829196,0.710525,0.823351,535.9457,469.0492,532.495891,492.135291,540.101867,494.613579
950,45000,,0.829196,50,0.829196,0.709974,0.818153,535.9457,468.8706,529.606873,492.135291,540.411753,496.731816
951,45000,,0.82932,50,0.82932,0.706505,0.818136,535.9457,466.3578,529.651673,492.135291,541.434077,496.775434
952,45000,,0.82932,50,0.82932,0.71034,0.819368,536.051,469.0492,530.394879,492.135291,540.245974,496.311845
953,45000,,0.82932,33,0.82932,0.70827,0.820231,536.051,467.9755,530.894885,492.135291,541.141595,495.974249
954,45000,,0.829554,50,0.829554,0.709842,0.819211,536.0812,468.8355,530.315658,492.153588,540.491671,496.381904
955,45000,,0.829554,50,0.82932,0.709842,0.824002,536.051,468.8355,533.02447,492.153588,540.491671,494.45968
956,45000,,0.829554,50,0.829554,0.709842,0.824054,536.0812,468.8355,533.038366,492.153588,540.491671,494.428797
957,45000,,0.829554,50,0.82932,0.710751,0.824421,536.051,469.3204,533.210172,492.153588,540.107065,494.257451
958,45000,,0.829554,16,0.829554,0.747554,0.827319,536.0812,490.1762,534.869667,492.137405,525.376856,493.109062
959,45000,,0.829554,49,0.829554,0.710555,0.822578,536.0812,469.0492,532.184974,492.137405,540.078578,495.007752
960,45000,,0.829554,50,0.829554,0.709181,0.821502,536.0812,467.9756,531.535175,492.137405,540.430796,495.411847
961,45000,,0.829554,50,0.829554,0.709108,0.818537,536.0812,467.9756,529.807619,492.137405,540.487676,496.566772
962,45000,,0.829554,50,0.829554,0.710023,0.82155,536.0812,468.6354,531.467325,492.137405,540.216036,495.329234
963,45000,,0.829554,50,0.829554,0.710023,0.820965,536.0812,468.6354,531.129036,492.137405,540.216036,495.558287
964,45000,,0.829554,50,0.829554,0.710029,0.82051,536.0812,469.0492,530.845149,492.137405,540.488473,495.723475
965,45000,,0.829554,50,0.829554,0.710225,0.820503,536.0812,468.885,530.813278,492.137405,540.225556,495.707349
966,45000,,0.829554,50,0.829554,0.706012,0.817545,536.0812,467.0792,529.175466,491.931135,543.249889,496.916814
967,45000,,0.829554,50,0.829554,0.706012,0.816563,536.0812,466.9187,528.605666,492.137405,543.249889,497.300867
968,45000,,0.829554,31,0.829554,0.706012,0.819717,536.0812,468.4936,530.424685,492.137405,543.249889,496.059648
969,45000,,0.829554,16,0.829554,0.710525,0.82482,536.0812,469.0492,533.222532,492.137405,540.101867,493.954307
970,45000,,0.829554,17,0.829554,0.710525,0.825571,536.0812,469.0492,533.659293,492.137405,540.101867,493.661198
971,45000,,0.829554,50,0.829554,0.710525,0.825606,536.0812,469.0492,533.699023,492.137405,540.101867,493.660451
972,45000,,0.82968,50,0.82968,0.710155,0.818415,536.1865,468.8434,529.671429,492.137405,540.602263,496.570823
973,45000,,0.82968,50,0.82968,0.703979,0.819917,536.1865,467.0969,530.498713,492.125741,543.899067,495.953274
974,45000,,0.82968,50,0.82968,0.709835,0.822433,536.1865,469.0492,531.901801,492.125741,540.639701,494.931279
975,45000,,0.82968,50,0.82968,0.710525,0.823085,536.5085,469.0492,532.232464,492.125741,540.101867,494.64395
976,45000,,0.82968,50,0.82968,0.710525,0.825717,536.1865,469.0492,533.712443,492.125741,540.101867,493.582771
977,45000,,0.82968,50,0.82968,0.710525,0.826666,536.1865,469.0492,534.290861,492.125741,540.101867,493.230409
978,45000,,0.82968,50,0.82968,0.709967,0.821401,536.1865,469.0492,531.36433,492.125741,540.756062,495.375819
979,45000,,0.82968,50,0.82968,0.706134,0.817867,536.1865,467.8523,529.417267,492.114317,542.724894,496.827618
980,45000,,0.82968,50,0.82968,0.71069,0.821649,536.1865,469.3122,531.545604,492.114317,540.149622,495.30418
981,45000,,0.82968,50,0.82968,0.711038,0.81745,536.1865,469.3604,529.156616,492.114317,540.045574,496.978653
982,45000,,0.82968,50,0.82968,0.710883,0.820504,536.1865,469.2518,530.837683,492.114317,540.045574,495.72257
983,45000,,0.82968,50,0.82968,0.710525,0.823465,536.1865,469.0492,532.538628,492.114317,540.101867,494.55319
984,45000,,0.82968,38,0.82968,0.711239,0.825351,536.1865,469.8083,533.588134,492.114317,540.053572,493.78552
985,45000,,0.82968,15,0.82968,0.710777,0.826964,536.1865,469.0492,534.536083,491.943536,539.905096,493.162056
986,45000,,0.82968,50,0.82968,0.711249,0.823809,536.1865,469.5459,532.751945,491.943536,540.045574,494.427815
987,45000,,0.82968,50,0.82968,0.711038,0.824591,536.1865,469.3604,533.198373,492.114317,540.045574,494.117196
988,45000,,0.82968,50,0.82968,0.710525,0.824308,536.1865,469.0492,533.051665,492.114317,540.101867,494.239551
989,45000,,0.82968,50,0.82968,0.711249,0.826482,536.1865,469.8083,534.300656,492.114317,540.045574,493.380521
990,45000,,0.82968,46,0.82968,0.711249,0.826788,536.1865,469.8083,534.490874,492.114317,540.045574,493.269297
991,45000,,0.82968,35,0.82968,0.710769,0.8212,536.1865,469.174,531.367572,492.114317,540.045574,495.534885
992,45000,,0.82968,50,0.82968,0.709967,0.822525,536.1865,469.3765,532.112886,492.114317,540.756062,495.000716
993,45000,,0.82968,42,0.82968,0.706224,0.824513,536.1865,468.492,533.266922,492.114317,543.083322,494.223511
994,45000,,0.82968,34,0.82968,0.711249,0.823129,536.1865,469.8083,532.47915,492.149806,540.045574,494.775663
995,45000,,0.82968,50,0.82968,0.711354,0.826246,536.1865,469.8662,534.219289,492.142611,540.002968,493.510183
996,45000,,0.82968,50,0.82968,0.786029,0.829048,536.1865,511.725,535.799681,492.142611,509.805735,492.383554
997,45000,,0.82968,24,0.82968,0.712464,0.828438,536.1865,470.5582,535.47464,492.142611,539.600677,492.64185
998,45000,,0.82968,39,0.82968,0.711249,0.826411,536.1865,469.8083,534.337194,492.142611,540.045574,493.46028
999,45000,,0.82968,50,0.82968,0.708621,0.82721,536.1865,467.82,534.77605,492.142611,540.76342,493.131243
1000,45000,,0.82968,50,0.82968,0.711249,0.826386,536.1865,469.8083,534.287288,492.142611,540.045574,493.446398
1001,45000,,0.82968,50,0.82968,0.711539,0.825802,536.1865,469.8751,533.950229,492.142611,539.864205,493.676186
1002,45000,,0.82968,27,0.82968,0.711539,0.827105,536.1865,469.8751,534.695249,492.142611,539.864205,493.159198
1003,45000,,0.82974,34,0.82974,0.708621,0.823866,536.2044,467.82,532.869144,492.114764,540.76342,494.462133
1004,45000,,0.82974,50,0.82974,0.711249,0.827024,536.2044,469.8083,534.685985,492.114764,540.045574,493.215749
1005,45000,,0.82974,50,0.82974,0.711249,0.82638,536.2044,469.8083,534.324264,492.114764,540.045574,493.475934
1006,45000,,0.82974,46,0.82974,0.711249,0.826803,536.2044,469.8083,534.571654,492.114764,540.045574,493.312052
1007,45000,,0.82974,28,0.82974,0.710226,0.824307,536.2044,469.2651,533.166049,492.114764,540.479976,494.31706
1008,45000,,0.82974,50,0.82974,0.71301,0.825824,536.2044,470.8545,534.012887,492.114764,539.373314,493.701225
1009,45000,,0.82974,50,0.82974,0.710728,0.825285,536.2044,469.7426,533.696492,492.114764,540.408036,493.909105
1010,45000,,0.82974,50,0.82974,0.711249,0.821076,536.2044,469.8083,531.319299,492.114764,540.045574,495.599665
1011,45000,,0.82974,23,0.82974,0.719382,0.825885,536.2044,473.0345,534.025075,492.114764,535.863732,493.661509
1012,45000,,0.82974,32,0.82974,0.711502,0.827048,536.2044,469.9741,534.716084,492.114764,539.959218,493.217358
1013,45000,,0.82974,50,0.82974,0.744511,0.827678,536.2044,488.2873,535.07572,492.114764,526.484614,492.967062
1014,45000,,0.82974,50,0.82974,0.711249,0.826895,536.2044,469.8083,534.640103,492.114764,540.045574,493.286062
1015,45000,,0.82974,50,0.82974,0.743893,0.828685,536.2044,487.9139,535.606272,492.114764,526.715889,492.537104
1016,45000,,0.82974,41,0.82974,0.710226,0.825274,536.2044,469.2651,533.706288,492.114764,540.479976,493.924642
1017,45000,,0.82974,33,0.82974,0.825768,0.829666,536.2044,533.49,536.167053,492.114764,493.394425,492.147535
1018,45000,,0.82974,50,0.82974,0.711249,0.826159,536.2044,469.8083,534.206617,492.114764,540.045574,493.569314
1019,45000,,0.82974,50,0.82974,0.711203,0.826179,536.2044,469.8083,534.212308,492.114764,540.082907,493.557944
1020,45000,,0.830053,22,0.830053,0.711249,0.82594,536.5035,469.8083,534.054806,491.747716,540.045574,493.638966
1021,45000,,0.830053,33,0.830053,0.711249,0.827317,536.5035,469.8083,534.803706,491.740164,540.045574,493.066295
1022,45000,,0.830053,50,0.830053,0.709456,0.825008,536.3332,468.9661,533.521687,491.740164,540.879654,494.008179
1023,45000,,0.830055,50,0.830055,0.711249,0.824616,536.2694,469.8083,533.312092,491.740164,540.045574,494.173701
1024,45000,,0.830179,50,0.830179,0.711502,0.825557,536.4275,469.9741,533.83336,491.740164,539.959218,493.788709
1025,45000,,0.830179,50,0.830179,0.712573,0.825781,536.4275,470.4708,533.953134,491.740164,539.635664,493.694352
1026,45000,,0.830179,35,0.830179,0.711502,0.827015,536.4275,469.9741,534.63862,491.740164,539.959218,493.190969
1027,45000,,0.830179,46,0.830179,0.711249,0.826185,536.4275,469.8083,534.128294,491.740164,540.045574,493.49689
1028,45000,,0.830179,50,0.830179,0.711249,0.824691,536.4275,469.3604,533.287339,491.740164,539.92699,494.0986
1029,45000,,0.830179,24,0.830179,0.711502,0.827864,536.4275,469.9741,535.099068,491.740164,539.959218,492.837653
1030,45000,,0.830179,26,0.830179,0.710068,0.827051,536.4275,468.8759,534.631812,491.739441,540.342416,493.158753
1031,45000,,0.830179,50,0.830179,0.704248,0.824266,536.2892,467.6345,533.094451,491.740164,544.049998,494.300546
1032,45000,,0.830179,50,0.830179,0.709977,0.822826,536.2892,468.7023,532.274544,491.740164,540.297136,494.874535
1033,45000,,0.830179,50,0.830179,0.710898,0.824493,536.2892,469.7825,533.203643,491.740164,540.30254,494.196774
1034,45000,,0.830179,50,0.830179,0.709213,0.82326,536.2892,468.5716,532.514388,491.740164,540.805218,494.696757
1035,45000,,0.830179,50,0.830179,0.709856,0.823487,536.2892,468.7531,532.661207,491.740164,540.425441,494.618065
1036,45000,,0.830179,50,0.830179,0.706047,0.819975,536.2892,468.9094,530.666233,491.740164,543.501359,496.020393
1037,45000,,0.830179,34,0.830179,0.711423,0.822077,536.2892,469.9741,531.780986,491.740164,540.021114,495.12783
1038,45000,,0.830179,12,0.830179,0.710153,0.828141,536.2892,469.1395,535.143947,491.740164,540.452559,492.651301
1039,45000,,0.830179,40,0.830179,0.708391,0.825068,536.2892,467.9263,533.393052,491.740164,541.013535,493.875263
1040,45000,,0.830241,50,0.830241,0.707227,0.822151,536.2892,466.7648,531.75941,491.698976,541.143287,495.055947
1041,45000,,0.83044,50,0.83044,0.7074,0.823851,536.2892,466.6877,532.76845,491.56671,540.956954,494.406169
1042,45000,,0.83044,50,0.830241,0.709487,0.824698,536.2892,468.3838,533.255565,491.698976,540.511099,494.071473
1043,45000,,0.83044,50,0.830241,0.708952,0.824867,536.2892,468.0933,533.31189,491.698976,541.032669,493.977325
1044,45000,,0.83044,50,0.830241,0.709856,0.823976,536.2892,468.7531,532.817365,491.698976,540.425441,494.341322
1045,45000,,0.83044,50,0.830241,0.708689,0.82227,536.2892,467.3548,531.841643,491.698976,540.39838,495.018035
1046,45000,,0.83044,41,0.830241,0.708689,0.824988,536.2892,467.3548,533.384469,491.698976,540.39838,493.931622
1047,45000,,0.83044,42,0.830241,0.705977,0.820805,536.2892,467.3548,531.025659,491.698976,543.056182,495.613715
1048,45000,,0.83044,50,0.830241,0.705558,0.824108,536.2892,467.3548,532.916045,491.698976,543.565154,494.304236
1049,45000,,0.83044,50,0.830241,0.710192,0.824294,536.2892,468.933,532.990467,491.698976,540.288828,494.209174
1050,45000,,0.83044,26,0.830241,0.711502,0.827565,536.2892,469.9741,534.859206,491.698976,539.959218,492.910344
1051,45000,,0.83044,31,0.830241,0.711698,0.828124,536.2892,469.9882,535.129466,491.698976,539.816364,492.654913
1052,45000,,0.83044,50,0.830241,0.814277,0.829537,536.418,527.8893,535.899516,491.698976,498.604394,492.069287
1053,45000,,0.83044,50,0.830241,0.70998,0.827209,536.418,468.818,534.599119,491.698976,540.371852,493.013885
1054,45000,,0.83044,50,0.830241,0.70917,0.823849,536.2892,468.9408,532.703423,491.698976,541.086103,494.364275
1055,45000,,0.83044,41,0.830241,0.710101,0.823537,536.2892,468.7672,532.566518,491.698976,540.243547,494.515375
1056,45000,,0.83044,19,0.830241,0.770765,0.82797,536.2892,501.0591,535.002888,491.698976,514.564384,492.69057
1057,45000,,0.83044,50,0.830241,0.70998,0.822126,536.2892,468.818,531.75499,491.698976,540.371852,495.072089
1058,45000,,0.83044,50,0.830241,0.70998,0.823935,536.2892,468.818,532.751936,491.698976,540.371852,494.329514
1059,45000,,0.83044,50,0.830241,0.710101,0.823702,536.2892,468.7672,532.589414,491.698976,540.243547,494.402515
1060,45000,,0.83044,50,0.830241,0.710192,0.819735,536.2892,468.9408,530.290766,491.698976,540.288828,495.956216
1061,45000,,0.83044,42,0.830241,0.709821,0.820806,536.2892,468.7672,530.952898,491.698976,540.542178,495.564683
1062,45000,,0.83044,15,0.830241,0.82604,0.830086,536.2892,533.8228,536.142697,491.698976,493.427255,491.803718
1063,45000,,0.83044,39,0.830241,0.821459,0.830096,536.34,532.3698,536.16536,491.698976,496.004249,491.811428
1064,45000,,0.83044,50,0.830241,0.710071,0.826617,536.2892,468.7672,534.196901,491.698976,540.417132,493.205633
1065,45000,,0.83044,50,0.830241,0.709686,0.824273,536.34,468.1837,532.860591,491.698976,540.536521,494.138826
1066,45000,,0.83044,50,0.830241,0.709946,0.820027,536.2892,468.3065,530.466039,491.698976,540.371852,495.846088
1067,45000,,0.83044,50,0.830241,0.726559,0.827609,536.2892,477.7696,534.72729,491.698976,533.43898,492.787363
1068,45000,,0.83044,50,0.830241,0.70998,0.823764,536.34,468.818,532.546208,491.698976,540.371852,494.325302
1069,45000,,0.83044,50,0.830241,0.70998,0.821906,536.34,468.7672,531.526438,491.698976,540.371852,495.090559
1070,45000,,0.83044,50,0.830241,0.70998,0.822629,536.34,468.7672,531.90231,491.698976,540.371852,494.778818
1071,45000,,0.83044,50,0.830241,0.707352,0.822706,536.2892,466.8297,531.976705,491.698976,541.089699,494.76828
1072,45000,,0.83044,41,0.830241,0.709313,0.822468,536.2892,468.674,531.829411,491.698976,540.795428,494.855693
1073,45000,,0.83044,12,0.830241,0.707871,0.828519,536.34,467.5387,535.250574,491.698976,541.159655,492.427947
1074,45000,,0.83044,13,0.830241,0.829893,0.830225,536.34,536.1664,536.197686,491.698976,491.975653,491.732589
1075,45000,,0.83044,24,0.830241,0.830201,0.830231,536.2892,536.1664,536.1971,491.698976,491.797875,491.726832
1076,45000,,0.83044,50,0.830241,0.710101,0.826588,536.2892,468.7672,534.147509,491.698976,540.243547,493.195128
1077,45000,,0.83044,50,0.830241,0.707658,0.824099,536.2892,466.7426,532.76743,491.698976,540.792499,494.211778
1078,45000,,0.83044,50,0.830241,0.710563,0.82463,536.2892,469.0636,533.021859,491.698976,540.081476,493.968374
1079,45000,,0.83044,50,0.830241,0.70998,0.825506,536.2892,468.7672,533.516455,491.698976,540.560214,493.616614
1080,45000,,0.83044,50,0.830241,0.708451,0.821254,536.2892,468.0411,531.090145,491.698976,541.044398,495.307144
1081,45000,,0.83044,50,0.830241,0.708451,0.823481,536.2892,468.0411,532.351613,491.698976,541.044398,494.415181
1082,45000,,0.83044,50,0.830241,0.70998,0.825014,536.2892,468.818,533.204059,491.698976,540.371852,493.791089
1083,45000,,0.83044,50,0.830241,0.70998,0.819492,536.2892,468.818,530.130281,491.698976,540.371852,496.037921
1084,45000,,0.83044,50,0.830305,0.70998,0.822917,536.2892,468.7618,532.02074,491.648551,540.371852,494.63379
1085,45000,,0.83044,50,0.830305,0.70998,0.823762,536.2892,468.818,532.433931,491.648551,540.371852,494.251578
1086,45000,,0.83044,50,0.830305,0.708239,0.825712,536.1664,467.9183,533.573576,491.648551,541.127423,493.493591
1087,45000,,0.83044,50,0.830305,0.704955,0.824505,536.1664,467.5017,532.888226,491.648551,543.409601,493.976128
1088,45000,,0.83044,50,0.830305,0.708142,0.824752,536.1664,468.245,533.094727,491.648551,541.421975,493.922136
1089,45000,,0.83044,50,0.830305,0.70998,0.825013,536.1664,468.818,533.246914,491.648551,540.371852,493.820466
1090,45000,,0.83044,50,0.830305,0.70998,0.826245,536.1664,468.818,533.908048,491.648551,540.371852,493.30254
1091,45000,,0.83044,43,0.830305,0.712326,0.82754,536.1664,470.1732,534.653911,491.648551,539.450316,492.791933
1092,45000,,0.83044,31,0.830305,0.70998,0.826693,536.1664,468.818,534.157417,491.648551,540.371852,493.120162
1093,45000,,0.83044,50,0.830305,0.70998,0.821679,536.1664,468.818,531.344426,491.648551,540.371852,495.145918
1094,45000,,0.83044,50,0.830305,0.709076,0.824863,536.1664,468.0417,533.131578,491.648551,540.5573,493.860322
1095,45000,,0.83044,50,0.830305,0.708483,0.824085,536.1664,467.7332,532.71025,491.648551,540.812674,494.184262
1096,45000,,0.83044,42,0.830305,0.70998,0.824705,536.1664,468.818,533.009226,491.648551,540.371852,493.901056
1097,45000,,0.83044,14,0.830305,0.752284,0.828672,536.1664,491.8747,535.25079,491.648551,522.824964,492.30886
1098,45000,,0.83044,40,0.830305,0.711281,0.828575,536.1664,469.4767,535.213343,491.648551,539.79897,492.35924
1099,45000,,0.83044,50,0.830305,0.709977,0.826642,536.1664,468.818,534.133045,491.648551,540.374008,493.143413
1100,45000,,0.83044,50,0.830305,0.709977,0.827042,536.1664,468.818,534.341421,491.648551,540.374008,492.97093
1101,45000,,0.83044,50,0.830305,0.753585,0.828788,536.1664,492.5334,535.294691,491.648551,522.252083,492.247952
1102,45000,,0.83044,40,0.830305,0.710459,0.828856,536.1664,468.9302,535.36199,491.648551,540.073401,492.240021
1103,45000,,0.83044,16,0.830305,0.709977,0.827952,536.1664,468.818,534.851743,491.648551,540.374008,492.603584
1104,45000,,0.83044,50,0.830305,0.709589,0.824396,536.1664,468.818,532.872515,491.648551,540.677029,494.050339
1105,45000,,0.830981,50,0.830981,0.709977,0.828254,536.8472,468.818,535.047201,491.184287,540.374008,492.498323
1106,45000,,0.830981,50,0.830981,0.708783,0.828225,536.6714,468.0417,534.962573,491.184287,540.785211,492.464294
1107,45000,,0.830981,50,0.830981,0.709977,0.828233,536.7174,468.818,535.000791,491.184287,540.374008,492.48401
1108,45000,,0.830981,30,0.830981,0.709977,0.827478,536.7174,468.818,534.556329,491.184287,540.374008,492.775071
1109,45000,,0.830981,16,0.830981,0.709264,0.827105,536.7174,468.5575,534.374032,491.184287,540.756261,492.943698
1110,45000,,0.830981,46,0.830981,0.709977,0.823926,536.7174,468.818,532.620655,491.184287,540.374008,494.248807
1111,45000,,0.830981,50,0.830981,0.709977,0.822759,536.7363,468.818,531.93736,491.184287,540.374008,494.700675
1112,45000,,0.830981,50,0.830981,0.707151,0.823898,536.7174,467.0933,532.541255,491.184287,541.423096,494.217441
1113,45000,,0.830981,50,0.830981,0.707151,0.825281,536.8462,467.0933,533.293499,491.184287,541.423096,493.642352
1114,45000,,0.830981,50,0.830981,0.707151,0.821318,536.8462,467.0933,531.091673,491.184287,541.423096,495.25789
1115,45000,,0.830981,50,0.830981,0.709968,0.818811,536.8462,468.818,529.648688,491.184287,540.449325,496.246743
1116,45000,,0.830981,50,0.830981,0.709977,0.820729,536.8462,468.818,530.762191,491.184287,540.449325,495.496619
1117,45000,,0.830981,50,0.830981,0.706717,0.824076,536.8462,466.9051,532.661161,491.184287,541.635202,494.158422
1118,45000,,0.830981,50,0.830981,0.709977,0.82323,536.8462,468.818,532.213213,491.184287,540.374008,494.517961
1119,45000,,0.830981,29,0.830981,0.810254,0.829984,536.8462,526.2347,535.978357,491.184287,500.635537,491.773395
1120,45000,,0.830981,39,0.830981,0.707041,0.826793,536.8462,467.0933,534.122745,491.169444,541.50872,493.018409
1121,45000,,0.830981,50,0.830981,0.703941,0.825369,536.7174,465.3302,533.341121,491.169444,543.468347,493.605775
1122,45000,,0.830981,50,0.830981,0.716966,0.828667,536.7174,470.8116,535.128631,491.169444,536.258742,492.231281
1123,45000,,0.830981,48,0.830981,0.709112,0.822555,536.7174,468.1837,531.722778,491.169444,540.648767,494.716152
1124,45000,,0.830981,13,0.830981,0.708779,0.826913,536.7174,467.7807,534.154466,491.064608,540.613456,492.946054
1125,45000,,0.830981,14,0.830981,0.738876,0.828552,536.7174,484.2412,535.073586,491.064608,528.168351,492.283634
1126,45000,,0.830981,14,0.830981,0.795884,0.830304,536.7174,517.0249,536.060426,491.064608,505.670851,491.578825
1127,45000,,0.830981,50,0.830981,0.709977,0.826963,536.7174,468.818,534.217593,491.064608,540.374008,492.949514
1128,45000,,0.830981,50,0.830981,0.709933,0.822678,536.7174,468.7211,531.787176,491.064608,540.374008,494.663034
1129,45000,,0.830981,50,0.830981,0.705315,0.822657,536.7174,466.5203,531.776915,491.184287,542.471063,494.672827
1130,45000,,0.830981,50,0.830981,0.70439,0.819071,536.8462,467.0933,529.733254,491.184287,543.837117,496.100167
1131,45000,,0.830981,50,0.830981,0.707151,0.821785,536.8462,467.0933,531.314491,491.184287,541.423096,495.043368
1132,45000,,0.830981,50,0.830981,0.707151,0.822872,536.8462,467.0933,531.907372,491.184287,541.423096,494.592864
1133,45000,,0.830981,50,0.830981,0.707151,0.823558,536.8462,467.0933,532.269899,491.184287,541.423096,494.300711
1134,45000,,0.830981,50,0.830981,0.707151,0.823903,536.8462,467.0933,532.502349,491.184287,541.423096,494.187466
1135,45000,,0.830981,50,0.830981,0.710407,0.823867,536.8462,469.0062,532.457676,491.184287,540.165161,494.185502
1136,45000,,0.830981,50,0.830981,0.707151,0.826453,536.8462,467.0933,533.880742,491.184287,541.423096,493.121858
1137,45000,,0.830981,50,0.830981,0.707151,0.826821,536.8462,467.0933,534.056447,491.184287,541.423096,492.952852
1138,45000,,0.830981,50,0.830981,0.707151,0.825539,536.8462,467.0933,533.259681,491.184287,541.423096,493.418231
1139,45000,,0.830981,50,0.830981,0.706633,0.826008,536.8462,466.6245,533.513737,491.169444,541.512419,493.223331
1140,45000,,0.830981,50,0.830981,0.706717,0.82225,536.8462,466.9051,531.370898,491.184287,541.635202,494.718629
1141,45000,,0.830981,50,0.830981,0.706851,0.82612,536.8462,466.9291,533.562217,491.184287,541.546785,493.16845
1142,45000,,0.830981,50,0.830981,0.748874,0.827835,536.7174,490.2327,534.536748,491.184287,524.384615,492.483361
1143,45000,,0.830981,32,0.830981,0.707151,0.826413,536.7174,467.0933,533.735316,491.184287,541.423096,493.055532
1144,45000,,0.830981,24,0.830981,0.70766,0.826633,536.7174,467.4865,533.86405,491.184287,541.289049,492.970437
1145,45000,,0.830981,50,0.830981,0.705431,0.825095,536.7174,465.8999,532.97964,491.184287,541.965104,493.577207
1146,45000,,0.830981,50,0.830981,0.705869,0.823874,536.7174,466.6615,532.310973,491.064608,542.133585,494.08113
1147,45000,,0.830981,50,0.830981,0.706833,0.821903,536.7174,467.0933,531.185742,491.064608,541.67079,494.86486
1148,45000,,0.830981,50,0.830981,0.705829,0.825064,536.7174,466.0295,532.970894,491.184287,541.741186,493.59528
1149,45000,,0.830981,50,0.830981,0.707151,0.823403,536.7174,467.0933,532.040998,491.184287,541.423096,494.267964
1150,45000,,0.830981,37,0.830981,0.702909,0.827191,536.26,464.4517,534.093559,491.184287,542.961284,492.688549
1151,45000,,0.830981,16,0.830981,0.702909,0.82968,536.26,464.4517,535.518964,491.157727,542.961284,491.702746
1152,45000,,0.830981,14,0.830981,0.829043,0.830962,536.26,533.9647,536.237047,491.157727,491.184287,491.184021
1153,45000,,0.830981,33,0.830981,0.707151,0.82602,536.26,467.0933,533.476125,491.157727,541.423096,493.188265
1154,45000,,0.830981,50,0.830981,0.707151,0.825171,536.26,467.0933,532.983613,491.157727,541.423096,493.520975
1155,45000,,0.830981,50,0.830981,0.705134,0.824325,536.26,465.0139,532.511668,491.157727,541.602508,493.864346
1156,45000,,0.830981,50,0.830981,0.705134,0.822343,536.26,465.0139,531.40461,491.184287,541.935838,494.66868
1157,45000,,0.830981,50,0.830981,0.708814,0.82444,536.26,468.0795,532.563105,491.184287,540.786486,493.808725
1158,45000,,0.830981,50,0.830981,0.707151,0.824501,536.26,467.0933,532.633783,491.184287,541.423096,493.8089
1159,45000,,0.830981,50,0.830981,0.706982,0.820547,536.26,467.0933,530.394123,491.184287,541.554472,495.391904
1160,45000,,0.830981,50,0.830981,0.701482,0.825555,536.26,463.6188,533.213343,491.184287,543.516629,493.375359
1161,45000,,0.830981,50,0.830981,0.706982,0.821469,536.26,467.0933,530.906306,491.184287,541.554472,495.01625
1162,45000,,0.830981,50,0.830981,0.707151,0.825961,536.26,467.0933,533.449971,491.184287,541.423096,493.217171
1163,45000,,0.830981,50,0.830981,0.707555,0.826125,536.26,467.0933,533.514318,491.184287,541.107582,493.131839
1164,45000,,0.830981,50,0.830981,0.707151,0.824591,536.26,467.0933,532.674714,491.184287,541.423096,493.766053
1165,45000,,0.830981,50,0.830981,0.706213,0.821603,536.26,464.4279,530.948643,491.184287,541.423096,494.940116
1166,45000,,0.830981,50,0.830981,0.706213,0.822586,536.26,464.4279,531.485891,491.184287,541.423096,494.533151
1167,45000,,0.830981,50,0.830981,0.706213,0.822715,536.26,464.4279,531.564415,491.184287,541.423096,494.485581
1168,45000,,0.830981,50,0.830981,0.707151,0.82032,536.26,467.0933,530.254882,491.184287,541.423096,495.475977
1169,45000,,0.830981,50,0.830981,0.707151,0.82371,536.26,467.0933,532.208694,491.184287,541.423096,494.141097
1170,45000,,0.830981,22,0.830981,0.707151,0.826362,536.26,467.0933,533.647982,491.184287,541.423096,493.036848
1171,45000,,0.830981,50,0.830981,0.707421,0.82889,536.26,467.0933,535.095718,491.184287,541.212258,492.035457
1172,45000,,0.830981,50,0.830981,0.705769,0.82682,536.26,465.5399,533.950477,491.184287,541.459985,492.881946
1173,45000,,0.830981,50,0.830981,0.706507,0.824461,536.26,466.3706,532.597706,491.184287,541.440708,493.815448
1174,45000,,0.830981,39,0.830981,0.707151,0.826462,536.26,467.0933,533.730567,491.184287,541.423096,493.014523
1175,45000,,0.830981,10,0.830981,0.744944,0.829368,536.26,487.6903,535.330911,491.184287,525.746502,491.819607
1176,45000,,0.830981,48,0.830981,0.707151,0.825852,536.26,467.0933,533.356163,491.184287,541.423096,493.239349
1177,45000,,0.830981,50,0.830981,0.749591,0.828061,536.26,490.5128,534.594252,491.184287,524.012785,492.34544
1178,45000,,0.830981,50,0.830981,0.798042,0.830385,536.26,518.3239,535.909579,491.184287,504.858015,491.414493
1179,45000,,0.830981,50,0.830981,0.702125,0.827048,536.26,465.777,534.048657,491.184287,544.460845,492.770199
1180,45000,,0.830981,50,0.830981,0.825535,0.830881,536.26,532.8215,536.196002,491.184287,493.127793,491.219631
1181,45000,,0.830981,40,0.830981,0.706242,0.828503,536.26,466.967,534.879903,491.184287,542.04744,492.192311
1182,45000,,0.830981,15,0.830981,0.708952,0.829761,536.26,468.1871,535.579271,491.184287,540.751214,491.679956
1183,45000,,0.830981,47,0.830981,0.707151,0.82725,536.26,467.0933,534.175499,491.184287,541.423096,492.698005
1184,45000,,0.830981,50,0.830981,0.707151,0.827091,536.26,467.0933,534.046631,491.184287,541.423096,492.735571
1185,45000,,0.830981,50,0.830981,0.711828,0.829592,536.26,470.0805,535.485178,491.184287,539.776569,491.748584
1186,45000,,0.830981,50,0.830981,0.706242,0.82534,536.26,466.967,533.114951,491.184287,542.04744,493.476906
1187,45000,,0.830981,50,0.830981,0.707071,0.821671,536.26,467.0933,531.074973,491.184287,541.484992,494.971219
1188,45000,,0.830981,14,0.830981,0.707151,0.828504,536.26,467.0933,534.876666,491.184287,541.423096,492.189013
1189,45000,,0.830981,31,0.830981,0.707142,0.829695,536.26,467.0933,535.540588,491.184287,541.429602,491.705331
1190,45000,,0.831014,50,0.831014,0.707151,0.827201,536.2789,467.0933,534.135279,491.171527,541.423096,492.708897
1191,45000,,0.831014,50,0.831014,0.707151,0.828618,536.2789,467.0933,534.933661,491.171527,541.423096,492.138715
1192,45000,,0.831014,50,0.831014,0.707957,0.828203,536.2789,467.6726,534.703716,491.171527,541.182624,492.30815
1193,45000,,0.831014,50,0.831014,0.707151,0.827192,536.2789,467.0933,534.1468,491.171527,541.423096,492.723388
1194,45000,,0.831014,50,0.831014,0.706815,0.823852,536.2789,466.9791,532.285653,491.171527,541.608235,494.08172
1195,45000,,0.831014,50,0.831014,0.707151,0.821542,536.2789,467.0933,531.00922,491.171527,541.423096,495.027956
1196,45000,,0.831014,50,0.831014,0.707151,0.818628,536.2789,467.0933,529.420824,491.171527,541.423096,496.236395
1197,45000,,0.831014,26,0.831014,0.707151,0.827398,536.2789,467.0933,534.283366,491.171527,541.423096,492.654184
1198,45000,,0.831014,50,0.831014,0.744944,0.829309,536.2789,487.6903,535.324989,491.171527,525.746502,491.861911
1199,45000,,0.831014,50,0.831014,0.707753,0.824794,536.2789,467.391,532.784002,491.171527,541.152924,493.680784
1200,45000,,0.831014,50,0.831014,0.707546,0.828607,536.2789,467.2993,534.93887,491.171527,541.252861,492.150954
1201,45000,,0.831014,41,0.831014,0.705042,0.824672,536.2789,465.2199,532.737556,491.171527,542.2109,493.74502
1202,45000,,0.831014,12,0.831014,0.798057,0.830656,536.2789,518.3239,536.08241,491.171527,504.846005,491.318468
1203,45000,,0.831014,28,0.831014,0.707151,0.82711,536.2789,467.0933,534.06503,491.171527,541.423096,492.732871
1204,45000,,0.831014,50,0.831014,0.699787,0.825906,536.2789,464.3864,533.42269,491.171527,545.353128,493.241691
1205,45000,,0.831014,50,0.831014,0.707151,0.824751,536.2789,467.0933,532.772311,491.171527,541.423096,493.706414
1206,45000,,0.831014,50,0.831014,0.707151,0.825818,536.2789,467.0933,533.387662,491.171527,541.423096,493.287045
1207,45000,,0.831014,50,0.831014,0.707729,0.82641,536.2789,467.2993,533.707046,491.171527,541.110374,493.039027
1208,45000,,0.831014,50,0.831014,0.707729,0.827733,536.2789,467.2993,534.442663,491.171527,541.110374,492.499991
1209,45000,,0.831014,50,0.831014,0.707437,0.827749,536.2789,467.2305,534.449804,491.171527,541.291845,492.492079
1210,45000,,0.831014,50,0.831014,0.707729,0.825501,536.2789,467.2993,533.204144,491.171527,541.110374,493.41104
1211,45000,,0.831014,50,0.831014,0.707962,0.828812,536.2789,467.4271,535.037262,491.171527,541.014339,492.056584
1212,45000,,0.831014,50,0.831014,0.705941,0.826935,536.2789,466.317,533.997799,491.171527,541.846354,492.824121
1213,45000,,0.831014,15,0.831014,0.709779,0.827782,536.2789,468.6765,534.503764,491.171527,540.434282,492.502319
1214,45000,,0.831014,17,0.831014,0.707151,0.827299,536.2789,467.0933,534.198318,491.171527,541.423096,492.674825
1215,45000,,0.831014,25,0.831014,0.828448,0.830982,536.2789,534.7131,536.260029,491.171527,492.12351,491.183158
1216,45000,,0.831014,50,0.831014,0.825139,0.830903,536.2789,532.0107,536.194421,491.171527,492.893824,491.200988
1217,45000,,0.831014,50,0.831014,0.825139,0.830951,536.2789,532.0107,536.233761,491.171527,492.893824,491.190365
1218,45000,,0.831014,50,0.831014,0.707729,0.828549,536.2789,467.2993,534.897821,491.171527,541.110374,492.168837
1219,45000,,0.831014,50,0.831014,0.707729,0.827386,536.2789,467.2993,534.247347,491.171527,541.110374,492.639429
1220,45000,,0.831014,50,0.831014,0.707135,0.82001,536.2789,467.0933,530.129359,491.171527,541.435151,495.633398
1221,45000,,0.831014,50,0.831014,0.707238,0.822104,536.2789,466.7727,531.279862,491.171527,541.298736,494.771218
1222,45000,,0.831014,50,0.831014,0.705803,0.818155,536.2789,465.7467,529.045122,491.171527,541.571664,496.353942
1223,45000,,0.831014,50,0.831014,0.705803,0.818816,536.2789,465.7467,529.427116,491.171527,541.571664,496.094106
1224,45000,,0.831014,50,0.831014,0.701756,0.822826,536.2789,464.5091,531.656651,491.171527,543.89932,494.460126
1225,45000,,0.831014,50,0.831014,0.705893,0.825966,536.2789,466.7263,533.430367,491.171527,542.158341,493.199998
1226,45000,,0.831014,50,0.831014,0.707729,0.826821,536.2789,467.2993,533.942629,491.171527,541.110374,492.875919
1227,45000,,0.831014,50,0.831014,0.694097,0.825628,536.2789,462.3707,533.296104,491.171527,548.440041,493.373426
1228,45000,,0.831014,50,0.831014,0.705712,0.825589,536.2789,465.2199,533.25248,491.171527,541.289786,493.374801
1229,45000,,0.831014,42,0.831014,0.705712,0.822078,536.2789,465.2199,531.280564,491.171527,541.492628,494.791868
1230,45000,,0.831014,20,0.831014,0.707729,0.822459,536.2789,467.2993,531.490442,491.171527,541.110374,494.635321
1231,45000,,0.831014,50,0.831014,0.707729,0.825727,536.2789,467.2993,533.337909,491.171527,541.110374,493.32399
1232,45000,,0.831014,50,0.831014,0.707729,0.827056,536.2789,467.2993,534.098199,491.171527,541.110374,492.797058
1233,45000,,0.831014,50,0.831014,0.702359,0.828343,536.2789,464.3367,534.798729,491.171527,543.926408,492.262908
1234,45000,,0.831014,50,0.831014,0.702359,0.828089,536.2789,465.2516,534.679976,491.171527,543.926408,492.381428
1235,45000,,0.831014,50,0.831014,0.707729,0.827815,536.2789,467.2993,534.50788,491.171527,541.110374,492.479443
1236,45000,,0.831014,39,0.831014,0.700474,0.827087,536.2789,464.9597,534.139894,491.171527,545.201154,492.800775
1237,45000,,0.831014,42,0.831014,0.79322,0.830146,536.2789,515.6819,535.803913,491.171527,506.848122,491.530127
1238,45000,,0.831014,46,0.831014,0.707729,0.828106,536.2789,467.2993,534.662277,491.171527,541.110374,492.356297
1239,45000,,0.831014,26,0.831014,0.825568,0.830899,536.2789,532.8404,536.215043,491.171527,493.150194,491.218292
1240,45000,,0.831014,50,0.831014,0.702141,0.823417,536.2789,465.963,532.033591,491.171527,544.573483,494.251761
1241,45000,,0.831014,50,0.831014,0.714717,0.82845,536.2789,469.2929,534.812596,491.171527,536.995109,492.188573
1242,45000,,0.831014,31,0.831014,0.707729,0.825088,536.2789,467.2993,532.932606,491.171527,541.110374,493.550945
1243,45000,,0.831014,43,0.831014,0.707729,0.825504,536.2789,467.2993,533.149944,491.171527,541.110374,493.372183
1244,45000,,0.831014,50,0.831014,0.706985,0.826949,536.2789,466.5202,533.952915,491.171527,541.16814,492.783638
1245,45000,,0.831014,50,0.831014,0.707729,0.827149,536.2789,467.2993,534.056795,491.171527,541.110374,492.697062
1246,45000,,0.831014,50,0.831014,0.707729,0.826527,536.2789,467.2993,533.72811,491.171527,541.110374,492.961687
1247,45000,,0.831014,33,0.831014,0.706008,0.828533,536.2789,466.1059,534.859671,491.171527,541.652382,492.155743
1248,45000,,0.831014,16,0.831014,0.811028,0.8308,536.2789,523.9114,536.145218,491.171527,498.473141,491.248304
1249,45000,,0.831014,24,0.831014,0.702141,0.824867,536.2789,465.963,532.86098,491.171527,544.573483,493.675577
1250,45000,,0.831014,50,0.831014,0.702141,0.823967,536.2789,464.5758,532.349713,491.171527,544.573483,494.034822
1251,45000,,0.831014,50,0.831014,0.707729,0.826172,536.2789,467.2993,533.606337,491.171527,541.110374,493.15744
1252,45000,,0.831014,50,0.831014,0.708086,0.826951,536.2789,467.5019,534.039277,491.171527,540.967081,492.839969
1253,45000,,0.831014,50,0.831014,0.707729,0.8272,536.2789,467.2993,534.11316,491.171527,541.110374,492.694688
1254,45000,,0.831014,50,0.831014,0.707729,0.827036,536.2789,467.2993,534.008302,491.171527,541.110374,492.752209
1255,45000,,0.831014,50,0.831014,0.706207,0.827543,536.2789,465.8778,534.296708,491.171527,541.344366,492.550331
1256,45000,,0.831014,50,0.831014,0.705756,0.822677,536.2789,465.8778,531.589263,491.171527,542.196065,494.531546
1257,45000,,0.831014,50,0.831014,0.707207,0.826481,536.2789,467.2336,533.739583,491.171527,541.472837,493.005696
1258,45000,,0.831014,50,0.831014,0.828498,0.830969,536.2789,534.6173,536.250002,491.171527,492.019949,491.186927
1259,45000,,0.831014,37,0.831014,0.708061,0.829691,536.2789,467.5803,535.514047,491.171527,541.039777,491.690632
1260,45000,,0.831014,35,0.831014,0.707729,0.828434,536.2789,467.2993,534.804848,491.171527,541.110374,492.195658
1261,45000,,0.831014,50,0.831014,0.713423,0.828639,536.2789,470.5992,534.94167,491.171527,538.880142,492.127688
1262,45000,,0.831014,46,0.831014,0.707729,0.825497,536.2789,467.2993,533.15985,491.171527,541.110374,493.384089
1263,45000,,0.831014,12,0.831014,0.7021,0.82927,536.2789,463.9489,535.297969,491.171527,543.255644,491.873889
1264,45000,,0.831014,41,0.831014,0.708086,0.82883,536.2789,467.5019,535.048249,491.171527,540.967081,492.05021
1265,45000,,0.831014,50,0.831014,0.707437,0.826774,536.2789,467.2305,533.894315,491.171527,541.291845,492.880184
1266,45000,,0.831014,50,0.831014,0.707437,0.825041,536.2789,467.2305,532.916495,491.171527,541.291845,493.577023
1267,45000,,0.831014,50,0.831014,0.707719,0.827571,536.2789,467.2993,534.295568,491.171527,541.118197,492.527717
1268,45000,,0.831014,50,0.831014,0.707729,0.828776,536.2789,467.2993,534.984341,491.171527,541.110374,492.049661
1269,45000,,0.831014,50,0.831014,0.707729,0.825992,536.2789,467.2993,533.451901,491.171527,541.110374,493.194157
1270,45000,,0.831014,50,0.831014,0.707729,0.82594,536.2789,467.2993,533.425896,491.171527,541.110374,493.217384
1271,45000,,0.831014,50,0.831014,0.701756,0.824691,536.2789,464.5091,532.718902,491.171527,543.89932,493.71765
1272,45000,,0.831014,20,0.831014,0.748488,0.829175,536.2789,490.0073,535.243756,491.171527,524.534379,491.912214
1273,45000,,0.831014,15,0.831014,0.707729,0.829757,536.2789,467.2993,535.566343,491.171527,541.110374,491.673942
1274,45000,,0.831014,12,0.831014,0.829235,0.830996,536.2789,534.9424,536.265535,491.171527,491.663509,491.176447
1275,45000,,0.831014,27,0.831014,0.707729,0.827317,536.2789,467.2993,534.209512,491.171527,541.110374,492.667833
1276,45000,,0.831014,50,0.831014,0.707718,0.825131,536.2789,467.2993,532.972474,491.171527,541.118373,493.544195
1277,45000,,0.831014,50,0.831014,0.707718,0.824032,536.2789,467.2993,532.332811,491.171527,541.118373,493.972772
1278,45000,,0.831014,50,0.831014,0.707718,0.818728,536.2789,467.2993,529.296156,491.171527,541.118373,496.075027
1279,45000,,0.831014,50,0.831014,0.704501,0.823088,536.2789,467.2336,531.797689,491.171527,544.170499,494.350316
1280,45000,,0.831014,50,0.831014,0.707207,0.825203,536.2789,467.2336,533.025018,491.171527,541.472837,493.523093
1281,45000,,0.831014,50,0.831014,0.702141,0.826381,536.2789,465.963,533.660498,491.171527,544.573483,493.030701
1282,45000,,0.831014,50,0.831014,0.707729,0.824733,536.828,467.2993,532.738111,491.171527,541.110374,493.69769
1283,45000,,0.831014,50,0.831014,0.701183,0.826894,536.2789,465.347,533.976419,491.171527,544.907575,492.841755
1284,45000,,0.831014,50,0.831014,0.707729,0.82733,536.2789,467.2993,534.195648,491.171527,541.110374,492.648563
1285,45000,,0.831014,50,0.831014,0.707729,0.826133,536.2789,467.2993,533.497121,491.171527,541.110374,493.114079
1286,45000,,0.831014,50,0.831014,0.709624,0.827708,536.2789,468.5672,534.419317,491.171527,540.48199,492.50397
1287,45000,,0.831014,50,0.831014,0.708536,0.824897,536.828,467.7691,532.863075,491.171527,540.795249,493.653616
1288,45000,,0.831014,50,0.831014,0.707729,0.826762,536.2789,467.2993,533.888963,491.171527,541.110374,492.886454
1289,45000,,0.831014,50,0.831014,0.707729,0.8279,536.2789,467.2993,534.507944,491.171527,541.110374,492.413698
1290,45000,,0.831014,50,0.831014,0.707729,0.827108,536.2789,467.2993,534.050243,491.171527,541.110374,492.724723
1291,45000,,0.831014,50,0.831014,0.700474,0.826198,536.2789,464.9597,533.589054,491.171527,545.201154,493.125049
1292,45000,,0.831014,44,0.831014,0.700474,0.823871,536.2789,464.9597,532.267566,491.171527,545.201154,494.054816
1293,45000,,0.831014,29,0.831014,0.747854,0.829155,536.2789,489.421,535.222571,491.171527,524.636651,491.913092
1294,45000,,0.831014,50,0.831014,0.753994,0.829884,536.2789,491.9523,535.613567,491.171527,521.543287,491.607079
1295,45000,,0.831014,50,0.831014,0.729796,0.829782,536.2789,476.6342,535.541221,491.171527,530.153076,491.637514
1296,45000,,0.831014,23,0.831014,0.826475,0.830907,536.2789,533.191,536.20497,491.171527,492.642534,491.205396
1297,45000,,0.831014,50,0.831014,0.707729,0.829705,536.2789,467.2993,535.521528,491.171527,541.110374,491.684913
1298,45000,,0.831014,50,0.831014,0.70676,0.824747,536.2789,466.6294,532.75575,491.171527,541.41732,493.698747
1299,45000,,0.831014,33,0.831014,0.70676,0.827331,536.2789,466.6294,534.182499,491.171527,541.41732,492.639419
1300,45000,,0.831014,38,0.831014,0.70676,0.824764,536.2789,466.6294,532.762794,491.171527,541.41732,493.689937
1301,45000,,0.831014,50,0.831014,0.70562,0.822881,536.2789,466.02,531.717022,491.171527,541.898178,494.457988
1302,45000,,0.831014,50,0.831014,0.707729,0.820861,536.2789,467.2993,530.533601,491.171527,541.110374,495.240998
1303,45000,,0.831014,50,0.831014,0.702141,0.820639,536.2789,465.963,530.506227,491.171527,544.573483,495.395217
1304,45000,,0.831014,50,0.831014,0.707729,0.82769,536.2789,467.2993,534.455583,491.171527,541.110374,492.542319
1305,45000,,0.831014,50,0.831014,0.704158,0.82404,536.2789,465.9228,532.359499,491.171527,542.972791,493.984175
1306,45000,,0.831014,50,0.831014,0.707729,0.824275,536.2789,467.2993,532.450848,491.171527,541.110374,493.862144
1307,45000,,0.831014,31,0.831014,0.707729,0.824343,536.2789,467.2993,532.481089,491.171527,541.110374,493.829973
1308,45000,,0.831014,41,0.831014,0.705435,0.826948,536.2789,465.9482,533.947029,491.171527,541.993658,492.780328
1309,45000,,0.831014,50,0.831014,0.725869,0.829131,536.2789,475.9145,535.158889,491.171527,532.733869,491.889533
1310,45000,,0.831014,48,0.831014,0.702141,0.82586,536.2789,465.963,533.33497,491.171527,544.573483,493.218704
1311,45000,,0.831014,14,0.831014,0.709655,0.829735,536.2789,468.3639,535.560522,491.171527,540.320874,491.687495
1312,45000,,0.831014,11,0.831014,0.82776,0.830916,536.2789,534.3175,536.220058,491.171527,492.395216,491.208238
1313,45000,,0.831014,16,0.831014,0.707729,0.829748,536.2789,467.2993,535.56949,491.171527,541.110374,491.683153
1314,45000,,0.831014,37,0.831014,0.706162,0.825773,536.2789,466.2702,533.350229,491.171527,541.642622,493.297077
1315,45000,,0.831014,50,0.831014,0.707729,0.82505,536.2789,467.2993,532.943466,491.171527,541.110374,493.588398
1316,45000,,0.831014,50,0.831014,0.727681,0.827495,536.2789,478.0181,534.309482,491.171527,532.730167,492.595981
1317,45000,,0.831014,50,0.831014,0.707729,0.825204,536.2789,467.2993,533.037547,491.171527,541.110374,493.531033
1318,45000,,0.831014,50,0.831014,0.706535,0.822909,536.2789,466.523,531.790804,491.171527,541.521577,494.486005
1319,45000,,0.831014,50,0.831014,0.704158,0.828169,536.2789,465.9228,534.734237,491.171527,542.972791,492.354895
1320,45000,,0.831014,50,0.831014,0.708499,0.826012,536.2789,467.7493,533.47944,491.171527,540.81085,493.196743
1321,45000,,0.831014,50,0.831014,0.788573,0.830233,536.2789,512.8594,535.860579,491.171527,508.581839,491.500404
1322,45000,,0.831014,50,0.831014,0.706706,0.823229,536.2789,466.665,531.942538,491.171527,541.90765,494.338079
1323,45000,,0.831014,50,0.831014,0.701756,0.821163,536.2789,464.5091,530.799982,491.171527,543.89932,495.183474
1324,45000,,0.831014,50,0.831014,0.707729,0.821077,536.2789,467.2993,530.712526,491.170486,541.110374,495.191984
1325,45000,,0.831014,50,0.831014,0.707729,0.820355,536.2789,467.2993,530.279891,491.171527,541.110374,495.465518
1326,45000,,0.831014,50,0.831014,0.707729,0.824928,536.2789,467.2993,532.85039,491.171527,541.110374,493.620794
1327,45000,,0.831014,50,0.831014,0.706706,0.825406,536.2789,467.2993,533.124374,491.171527,541.90765,493.431592
1328,45000,,0.831014,48,0.831014,0.707729,0.821151,536.2789,467.2993,530.69892,491.171527,541.110374,495.125382
1329,45000,,0.831014,26,0.831014,0.707729,0.825031,536.2789,467.2993,532.932463,491.171527,541.110374,493.595306
1330,45000,,0.831014,50,0.831014,0.7051,0.824121,536.2789,465.311,532.406596,491.171527,541.828221,493.95313
1331,45000,,0.831014,50,0.831014,0.707729,0.825115,536.2789,467.2993,532.9815,491.171527,541.110374,493.563178
1332,45000,,0.831014,39,0.831014,0.748597,0.829372,536.2789,489.638,535.341783,491.171527,524.20223,491.824202
1333,45000,,0.831014,40,0.831014,0.708536,0.826315,536.2789,467.7691,533.616799,491.171527,540.795249,493.052748
1334,45000,,0.831014,11,0.831014,0.707107,0.827514,536.2789,467.0817,534.290327,491.171527,541.449085,492.568925
1335,45000,,0.831014,27,0.831014,0.728858,0.828933,536.2789,477.3658,535.086518,491.171527,531.950553,491.995524
1336,45000,,0.831014,50,0.831014,0.696472,0.82549,536.2789,463.6922,533.191121,491.171527,547.473104,493.411042
1337,45000,,0.831014,50,0.831014,0.696472,0.82418,536.2789,463.6922,532.414793,491.171527,547.473104,493.912078
1338,45000,,0.831014,50,0.831014,0.696472,0.826012,536.2789,463.6922,533.521872,491.171527,547.473104,493.224934
1339,45000,,0.831014,50,0.831014,0.696472,0.824193,536.2789,463.6922,532.499304,491.171527,547.473104,493.959083
1340,45000,,0.831014,50,0.831014,0.699667,0.822841,536.2789,461.6365,531.705512,491.171527,543.603422,494.481518
1341,45000,,0.831014,50,0.831014,0.699667,0.819768,536.2789,461.6365,529.996969,491.171527,543.603422,495.733727
1342,45000,,0.831014,50,0.831014,0.707729,0.826855,536.2789,467.2993,533.995528,491.171527,541.110374,492.884995
1343,45000,,0.831014,50,0.831014,0.707036,0.826258,536.2789,466.9335,533.630894,491.171527,541.405835,493.106414
1344,45000,,0.831014,50,0.831014,0.707729,0.825251,536.2789,467.2993,533.023993,491.171527,541.110374,493.484894
1345,45000,,0.831014,50,0.831014,0.707036,0.825007,536.2789,466.9335,532.896864,491.171527,541.405835,493.590008
1346,45000,,0.831014,31,0.831014,0.703829,0.828645,536.2789,467.1424,534.981295,491.171527,544.046735,492.149207
1347,45000,,0.831014,18,0.831014,0.801712,0.830721,536.2789,518.7162,536.103273,491.171527,502.258244,491.282395
1348,45000,,0.831014,50,0.831014,0.707346,0.827285,536.2789,467.0105,534.187259,491.170486,541.215464,492.678262
1349,45000,,0.831014,50,0.831014,0.707729,0.825548,536.2789,467.2993,533.212843,491.170486,541.110374,493.380324
1350,45000,,0.831014,50,0.831014,0.750169,0.829247,536.2789,490.7188,535.290654,491.171527,523.700063,491.886966
1351,45000,,0.831014,50,0.831014,0.704145,0.825316,536.2789,465.4258,533.096715,491.171527,542.650312,493.482889
1352,45000,,0.831014,50,0.831014,0.704145,0.823734,536.2789,465.4258,532.207626,491.171527,542.650312,494.12165
1353,45000,,0.831014,46,0.831014,0.707729,0.823268,536.2789,467.2993,531.982236,491.171527,541.110374,494.333736
1354,45000,,0.831014,18,0.831014,0.705053,0.827272,536.2789,465.5607,534.211168,491.171527,542.032452,492.704623
1355,45000,,0.831014,50,0.831014,0.711482,0.827986,536.2789,470.1285,534.613423,491.171527,540.078394,492.416765
1356,45000,,0.831014,50,0.831014,0.707729,0.825481,536.2789,467.2993,533.191116,491.171527,541.110374,493.418195
1357,45000,,0.831014,50,0.831014,0.707729,0.823244,536.2789,467.2993,531.922709,491.171527,541.110374,494.31274
1358,45000,,0.831014,48,0.831014,0.707729,0.825417,536.2789,467.2993,533.104637,491.171527,541.110374,493.409671
1359,45000,,0.831014,25,0.831014,0.756816,0.829051,536.2789,494.4217,535.104496,491.171527,520.997145,491.915282
1360,45000,,0.832427,50,0.832427,0.707729,0.827517,537.2856,467.2993,534.247738,490.743977,541.110374,492.538074
1361,45000,,0.832427,38,0.831014,0.705446,0.826252,536.2789,465.0232,533.571023,491.171527,541.365978,493.071192
1362,45000,,0.832427,25,0.831014,0.705446,0.82532,536.2789,465.0232,533.079931,491.171527,541.365978,493.468689
1363,45000,,0.832427,50,0.831014,0.705446,0.826488,536.2789,465.0232,533.742917,491.171527,541.365978,493.002499
1364,45000,,0.832427,50,0.831014,0.707729,0.825175,536.2789,467.2993,532.999472,491.171527,541.2956,493.528071
1365,45000,,0.832427,50,0.831014,0.706385,0.826822,536.2789,466.9974,533.923979,491.171527,541.955939,492.862756
1366,45000,,0.832427,39,0.831014,0.707729,0.827019,536.2789,467.2993,534.027839,491.171527,541.110374,492.778677
1367,45000,,0.832427,15,0.831014,0.704158,0.827293,536.2789,465.9228,534.22377,491.171527,542.972791,492.696605
1368,45000,,0.832427,35,0.831014,0.70936,0.829519,536.2789,468.4222,535.453047,491.171527,540.590061,491.783652
1369,45000,,0.832427,50,0.831014,0.707729,0.826307,536.2789,467.2993,533.641643,491.171527,541.110374,493.075365
1370,45000,,0.832427,50,0.831014,0.705545,0.823968,536.2789,465.1245,532.287067,491.171527,541.356463,493.992471
1371,45000,,0.832427,50,0.831014,0.707729,0.827508,536.2789,467.2993,534.304718,491.171527,541.110374,492.582739
1372,45000,,0.832427,50,0.831014,0.707729,0.827046,536.2789,467.2993,534.049044,491.171527,541.110374,492.772073
1373,45000,,0.832427,50,0.831014,0.700474,0.823251,536.2789,464.9597,531.948929,491.171527,545.201154,494.325216
1374,45000,,0.832427,50,0.831014,0.704501,0.822121,536.2789,467.2993,531.341037,491.171527,544.170499,494.799089
1375,45000,,0.832427,50,0.831014,0.707015,0.823634,536.2789,467.0388,532.170986,491.171527,541.492628,494.174644
1376,45000,,0.832427,50,0.831014,0.706724,0.826443,536.2789,467.0388,533.676958,491.171527,542.054892,492.993267
1377,45000,,0.832427,50,0.831014,0.708183,0.828185,536.2789,467.445,534.680033,491.171527,540.853536,492.306754
1378,45000,,0.832427,50,0.831014,0.707723,0.82713,536.2789,467.2993,534.116104,491.171527,541.11453,492.751436
1379,45000,,0.832427,24,0.831014,0.754461,0.829729,536.2789,492.7975,535.568413,491.171527,521.745433,491.697113
1380,45000,,0.832427,30,0.831014,0.708259,0.825372,536.2789,467.692,533.115068,491.171527,540.960044,493.452263
1381,45000,,0.832427,50,0.831014,0.710927,0.826526,536.2789,468.7869,533.736796,491.171527,539.612624,492.968666
1382,45000,,0.832427,50,0.831014,0.710227,0.828051,536.2789,468.9087,534.642624,491.171527,540.240201,492.385862
1383,45000,,0.832427,50,0.831014,0.707729,0.829284,536.2789,467.2993,535.322878,491.171527,541.110374,491.879783
1384,45000,,0.832427,50,0.831014,0.706162,0.821358,536.2789,466.2702,530.866164,491.171527,541.642622,495.075514
1385,45000,,0.832427,14,0.831014,0.703987,0.824921,536.2789,467.2993,532.88239,491.171527,544.416819,493.648016
1386,45000,,0.832427,37,0.831014,0.707729,0.824161,536.2789,467.2993,532.42101,491.171527,541.110374,493.931113
1387,45000,,0.832427,50,0.831014,0.707729,0.825506,536.2789,467.2993,533.18812,491.171527,541.110374,493.39603
1388,45000,,0.832427,50,0.831014,0.707729,0.822279,536.2789,467.2993,531.374092,491.171527,541.110374,494.698168
1389,45000,,0.832427,50,0.831014,0.707729,0.823957,536.2789,467.2993,532.314371,491.171527,541.110374,494.018748
1390,45000,,0.832427,50,0.831014,0.707729,0.823791,536.2789,466.9628,532.273991,491.171527,541.110374,494.1217
1391,45000,,0.832427,50,0.831014,0.707729,0.822802,536.2789,466.9628,531.730049,491.171527,541.110374,494.528327
1392,45000,,0.832427,50,0.831014,0.707398,0.824917,536.2789,467.0532,532.87012,491.171527,541.203479,493.642525
1393,45000,,0.832427,31,0.831014,0.705545,0.828756,536.2789,465.1245,535.0451,491.171527,541.356463,492.105513
1394,45000,,0.832427,40,0.831014,0.707729,0.827607,536.2789,467.2993,534.420026,491.171527,541.110374,492.583072
1395,45000,,0.832427,50,0.831014,0.694097,0.822255,536.2789,462.3707,531.459383,490.974668,548.440041,494.773588
1396,45000,,0.832427,50,0.831014,0.694097,0.822542,536.2789,462.3707,531.631689,491.171527,548.440041,494.665192
1397,45000,,0.832427,43,0.831014,0.707729,0.825626,536.2789,467.2993,533.300131,491.171527,541.110374,493.377448
1398,45000,,0.832427,27,0.831014,0.707729,0.826743,536.2789,467.2993,533.911826,491.171527,541.110374,492.916108
1399,45000,,0.832427,50,0.831014,0.707729,0.827233,536.2789,467.2993,534.162821,491.171527,541.110374,492.702157
1400,45000,,0.832427,50,0.831014,0.707729,0.824278,536.2789,467.2993,532.500686,491.171527,541.110374,493.893284
1401,45000,,0.832427,28,0.831014,0.712406,0.827396,536.2789,470.2865,534.262708,491.171527,539.463847,492.642449
1402,45000,,0.832427,50,0.831014,0.706162,0.825152,536.2789,466.2702,533.030313,491.171527,541.642622,493.566993
1403,45000,,0.832427,50,0.831014,0.700474,0.822539,536.2789,464.9597,531.574083,491.171527,545.201154,494.628875
1404,45000,,0.832427,40,0.831014,0.707729,0.82497,536.2789,467.2993,532.900924,491.171527,541.110374,493.621774
1405,45000,,0.832427,10,0.831014,0.707729,0.828404,536.2789,467.2993,534.82891,491.171527,541.110374,492.235511
1406,45000,,0.832427,40,0.831014,0.707729,0.825495,536.2789,467.2993,533.222162,491.171527,541.110374,493.42738
1407,45000,,0.832427,50,0.831014,0.706941,0.824184,536.2789,467.2061,532.423589,491.171527,541.662255,493.914839
1408,45000,,0.832427,50,0.831014,0.707729,0.822392,536.2789,467.2993,531.417823,491.171527,541.110374,494.63882
1409,45000,,0.832427,50,0.831014,0.709089,0.826458,536.2789,468.1838,533.667948,491.171527,540.642285,492.975684
1410,45000,,0.832427,50,0.831014,0.707729,0.826078,536.2789,467.2993,533.453168,491.171527,541.110374,493.127861
1411,45000,,0.832427,50,0.831014,0.701237,0.824891,536.2789,466.1329,532.807731,491.171527,545.392368,493.62138
1412,45000,,0.832427,50,0.831014,0.706746,0.822757,536.2789,466.2563,531.589751,491.171527,541.177529,494.469789
1413,45000,,0.832427,34,0.831014,0.707833,0.828472,536.2789,467.3572,534.809441,491.171527,541.067769,492.169272
1414,45000,,0.832427,13,0.831014,0.705632,0.829642,536.2789,465.4798,535.486104,491.171527,541.526163,491.710317
1415,45000,,0.832427,27,0.831014,0.707729,0.829726,536.2789,467.2993,535.551999,491.171527,541.110374,491.688549
1416,45000,,0.832427,50,0.831014,0.703987,0.82463,536.2789,467.2993,532.697272,491.171527,544.416819,493.75091
1417,45000,,0.832427,50,0.831014,0.703987,0.82558,536.2789,466.3303,533.2281,491.171527,544.416819,493.365501
1418,45000,,0.832427,50,0.831014,0.694097,0.827522,536.2789,462.3707,534.335533,491.171527,548.440041,492.5929
1419,45000,,0.832427,50,0.831014,0.694097,0.825235,536.2789,462.3707,533.04556,491.171527,548.440041,493.512452
1420,45000,,0.832427,50,0.831014,0.780988,0.829769,536.2789,509.9004,535.608513,491.171527,512.515135,491.69349
1421,45000,,0.832427,50,0.831014,0.708183,0.829063,536.2789,467.445,535.183744,491.171527,540.853536,491.958953
1422,45000,,0.832427,50,0.831014,0.707729,0.825824,536.2789,467.2993,533.362457,491.171527,541.110374,493.265214
1423,45000,,0.832427,42,0.831014,0.707729,0.829551,536.2789,467.2993,535.441473,491.171527,541.110374,491.751157
1424,45000,,0.832427,21,0.831014,0.708704,0.82973,536.2789,467.8377,535.529348,490.974668,540.710593,491.670631
1425,45000,,0.832427,50,0.831014,0.707718,0.825973,536.2789,467.2993,533.439959,491.171527,541.118373,493.200769
1426,45000,,0.832427,50,0.831014,0.772507,0.830285,536.2789,503.6972,535.862453,491.171527,514.973914,491.460588
1427,45000,,0.832427,50,0.831014,0.758786,0.829654,536.2789,493.082,535.486585,491.171527,518.562319,491.701455
1428,45000,,0.832427,25,0.831014,0.707393,0.827309,536.2789,467.1851,534.200711,491.171527,541.295513,492.668342
1429,45000,,0.832427,50,0.831014,0.707729,0.829589,536.2789,467.2993,535.477286,491.171527,541.110374,491.745604
1430,45000,,0.832427,50,0.831014,0.694097,0.826941,536.2789,462.3707,534.060777,491.171527,548.440041,492.861701
1431,45000,,0.832427,42,0.831014,0.70653,0.823976,536.2789,466.262,532.357116,491.171527,542.44316,494.032873
1432,45000,,0.832427,17,0.831014,0.764428,0.830308,536.2789,498.3664,535.875973,491.171527,517.703182,491.451828
1433,45000,,0.832427,42,0.831014,0.707723,0.828366,536.2789,467.2993,534.782594,491.171527,541.11453,492.233858
1434,45000,,0.832427,50,0.831014,0.707723,0.825931,536.2789,467.2993,533.431442,491.171527,541.11453,493.227861
1435,45000,,0.832427,50,0.831014,0.707483,0.824528,536.2789,466.665,532.66448,491.171527,541.110374,493.807894
1436,45000,,0.832427,50,0.831014,0.700365,0.82715,536.2789,464.5924,534.162512,491.171527,545.040406,492.766977
1437,45000,,0.832427,50,0.831014,0.707649,0.826221,536.2789,467.2993,533.591922,491.171527,541.17227,493.108892
1438,45000,,0.832427,50,0.831014,0.707729,0.821392,536.2789,467.2993,530.892285,491.171527,541.110374,495.066905
1439,45000,,0.832427,50,0.831014,0.705712,0.822307,536.2789,465.2199,531.412589,491.171527,541.289786,494.701856
1440,45000,,0.832427,50,0.831014,0.70385,0.819494,536.2789,466.0399,529.81365,491.171527,543.741116,495.824814
1441,45000,,0.832427,50,0.831014,0.700983,0.826753,536.2789,464.6366,533.894875,491.171527,544.587957,492.897564
1442,45000,,0.832427,39,0.831014,0.737289,0.828923,536.2789,482.7659,535.113615,491.171527,528.417336,492.021346
1443,45000,,0.832427,41,0.831014,0.708257,0.8266,536.2789,467.832,533.783286,491.171527,541.055238,492.9419
1444,45000,,0.832427,42,0.831014,0.707729,0.825962,536.2789,466.7679,533.441141,491.171527,541.110374,493.210459
1445,45000,,0.832531,50,0.832531,0.707729,0.826819,537.4051,467.2993,533.921861,490.74243,541.110374,492.864077
1446,45000,,0.832531,41,0.832531,0.707833,0.827108,537.4051,467.2993,534.104265,490.74243,541.067769,492.760346
1447,45000,,0.832531,11,0.832531,0.79322,0.830722,537.4051,515.6819,536.134573,490.74243,506.848122,491.302363
1448,45000,,0.832531,13,0.832427,0.79322,0.830896,537.2856,515.6819,536.257486,490.743977,506.848122,491.24921
1449,45000,,0.832531,16,0.832427,0.708617,0.828711,537.2856,467.8598,535.048763,490.743977,540.793064,492.143436
1450,45000,,0.832531,15,0.832427,0.828714,0.831533,537.2856,534.7806,536.662719,490.743977,491.960846,491.023807
1451,45000,,0.832531,50,0.832427,0.706397,0.824157,537.2856,465.9527,532.532227,490.743977,541.246887,494.008864
1452,45000,,0.832531,50,0.832427,0.749757,0.828914,537.2856,490.4387,535.229695,490.743977,523.833914,492.105862
1453,45000,,0.832531,50,0.832427,0.708617,0.826487,537.2856,467.8598,533.871326,490.743977,540.793064,493.08934
1454,45000,,0.832531,50,0.832531,0.707729,0.823948,537.4051,467.2993,532.467969,490.74243,541.216182,494.128884
1455,45000,,0.832531,50,0.832531,0.707619,0.824864,537.4051,467.2993,532.958479,490.74243,541.195998,493.74332
1456,45000,,0.832531,50,0.832531,0.707729,0.820713,537.4051,467.2993,530.698876,490.74243,541.110374,495.46651
1457,45000,,0.832531,50,0.832531,0.707729,0.822612,537.4051,467.2993,531.73467,490.74243,541.110374,494.679657
1458,45000,,0.832531,50,0.832531,0.707729,0.82285,537.4051,467.2993,531.929437,490.74243,541.110374,494.624822
1459,45000,,0.832531,50,0.832531,0.706476,0.823163,537.4051,467.2868,532.087624,490.74243,542.079011,494.486708
1460,45000,,0.832531,50,0.832531,0.708312,0.825955,537.4051,467.8598,533.669605,490.74243,541.031044,493.368856
1461,45000,,0.832531,50,0.832531,0.706022,0.823213,537.4051,466.4573,532.076837,490.74243,541.877043,494.440142
1462,45000,,0.832531,50,0.832531,0.708312,0.823577,537.4051,467.8598,532.271853,490.74243,541.031044,494.286903
1463,45000,,0.832531,50,0.832531,0.705501,0.826166,537.4051,466.3916,533.731861,490.74243,542.239506,493.245807
1464,45000,,0.832531,45,0.832531,0.705501,0.829461,537.4051,466.3916,535.584087,490.74243,542.239506,491.916708
1465,45000,,0.832531,38,0.832531,0.708312,0.829009,537.4051,467.8598,535.37563,490.74243,541.031044,492.130227
1466,45000,,0.832531,50,0.832531,0.706022,0.825997,537.4051,466.4573,533.723998,490.74243,542.571234,493.372355
1467,45000,,0.832531,31,0.832531,0.708312,0.829388,537.4051,467.8598,535.603502,490.74243,541.031044,491.986562
1468,45000,,0.832531,50,0.832531,0.709873,0.830042,537.4051,469.5794,535.96922,490.74243,540.96544,491.721637
1469,45000,,0.832531,50,0.832531,0.708312,0.824362,537.4051,467.8598,532.790901,490.74243,541.031044,494.022094
1470,45000,,0.832531,50,0.832531,0.708312,0.823665,537.4051,467.8598,532.451729,490.74243,541.031044,494.33913
1471,45000,,0.832531,25,0.832531,0.708312,0.827131,537.4051,467.8598,534.336837,490.74243,541.031044,492.898426
1472,45000,,0.832531,50,0.832531,0.708312,0.827132,537.4051,467.8598,534.35052,490.74243,541.031044,492.906614
1473,45000,,0.832531,50,0.832531,0.703286,0.829069,537.4051,466.5435,535.491934,490.74243,544.068792,492.161175
1474,45000,,0.832531,50,0.832531,0.708312,0.827409,537.4051,467.8598,534.51539,490.74243,541.031044,492.801761
1475,45000,,0.832531,23,0.832531,0.805452,0.832048,537.4051,522.9245,537.146799,490.74243,502.160856,490.946174
1476,45000,,0.832531,17,0.832531,0.831702,0.832505,537.4051,536.9589,537.384226,490.74243,491.09065,490.748796
1477,45000,,0.832531,13,0.832531,0.709249,0.831277,537.4051,468.0817,536.695194,490.74243,540.44888,491.244868
1478,45000,,0.832531,29,0.832531,0.8285,0.832385,537.4051,534.8922,537.300558,490.74243,492.202856,490.786606
1479,45000,,0.832531,50,0.832531,0.708312,0.828696,537.4051,467.8598,535.24835,490.74243,541.031044,492.288414
1480,45000,,0.832531,50,0.832531,0.708312,0.830029,537.4051,467.8598,536.004467,490.74243,541.031044,491.755577
1481,45000,,0.832531,50,0.832531,0.708312,0.825098,537.4051,467.8598,533.244273,490.74243,541.031044,493.752138
1482,45000,,0.832531,50,0.832531,0.707903,0.824064,537.4051,467.8598,532.637528,490.74243,541.350177,494.152034
1483,45000,,0.832531,50,0.832531,0.746526,0.829324,537.4051,488.903,535.579073,490.74243,525.325363,492.020213
1484,45000,,0.832531,50,0.832531,0.701057,0.829622,537.4051,465.5202,535.770218,490.74243,545.121823,491.915959
1485,45000,,0.832531,50,0.832531,0.709169,0.828209,537.4051,468.3887,534.907154,490.74243,540.716692,492.440294
1486,45000,,0.832531,50,0.832531,0.708312,0.826049,537.4051,467.8598,533.683491,490.74243,541.031044,493.304351
1487,45000,,0.832531,50,0.832531,0.709942,0.828982,537.4051,468.6184,535.398248,490.74243,540.376914,492.165964
1488,45000,,0.832531,50,0.832531,0.708312,0.827635,537.4051,467.8598,534.592521,490.74243,541.031044,492.676844
1489,45000,,0.832531,50,0.832531,0.707114,0.828218,537.4051,466.8225,534.906769,490.71587,541.270492,492.432619
1490,45000,,0.832531,20,0.832531,0.709675,0.82822,537.4051,468.6957,534.926679,490.71587,540.527573,492.444042
1491,45000,,0.832531,42,0.832531,0.79964,0.831803,537.4051,519.2995,536.961782,490.74243,504.265023,491.013082
1492,45000,,0.832531,50,0.832531,0.708312,0.829978,537.4051,467.8598,535.96299,490.54557,541.031044,491.767816
1493,45000,,0.832531,50,0.832531,0.709287,0.831127,537.4051,468.4176,536.635296,490.74243,540.644084,491.322238
1494,45000,,0.832531,42,0.832531,0.709158,0.829676,537.4051,468.3437,535.792125,490.74243,540.695617,491.88861
1495,45000,,0.832531,41,0.832531,0.751833,0.830433,537.4051,491.9566,536.204971,490.74243,523.232225,491.574963
1496,45000,,0.832531,45,0.832531,0.755874,0.830584,537.4051,493.8042,536.307764,490.74243,521.317883,491.525665
1497,45000,,0.832531,12,0.832531,0.796514,0.831377,537.4051,517.9728,536.781037,490.74243,505.814169,491.224389
1498,45000,,0.832531,16,0.832531,0.707411,0.828941,537.4051,467.0736,535.413491,490.74243,541.206718,492.208223
1499,45000,,0.832531,44,0.832531,0.707411,0.825907,537.4051,467.0736,533.696153,490.74243,541.206718,493.424365
1500,45000,,0.832531,50,0.832531,0.719037,0.829484,537.4051,472.2085,535.675876,490.74243,535.57964,491.960411
1501,45000,,0.832531,50,0.832531,0.708312,0.826958,537.4051,467.8598,534.259859,490.74243,541.031044,492.982313
1502,45000,,0.832531,50,0.832531,0.708312,0.825972,537.4051,467.8598,533.694633,490.74243,541.031044,493.371971
1503,45000,,0.832531,50,0.832531,0.708312,0.826354,537.4051,467.8598,533.933092,490.74243,541.219405,493.234195
1504,45000,,0.832531,50,0.832531,0.708498,0.826641,537.4051,467.8598,534.132591,490.74243,541.219405,493.143816
1505,45000,,0.832531,50,0.832531,0.709122,0.827709,537.4051,468.2767,534.732854,490.74243,540.678252,492.713293
1506,45000,,0.832531,50,0.832531,0.708152,0.828113,537.4051,467.9283,534.915373,490.74243,541.20137,492.520687
1507,45000,,0.832531,50,0.832531,0.707994,0.824917,537.4051,467.8598,533.110045,490.74243,541.278737,493.803465
1508,45000,,0.832531,23,0.832531,0.707828,0.827555,537.4051,467.5172,534.622667,490.74243,541.179163,492.759635
1509,45000,,0.832531,50,0.832531,0.710362,0.829201,537.4051,469.237,535.505575,490.74243,540.354951,492.067057
1510,45000,,0.832531,50,0.832531,0.701765,0.826185,537.4051,465.8352,533.84374,490.74243,544.781283,493.306054
1511,45000,,0.832531,32,0.832531,0.701765,0.82779,537.4051,465.8352,534.782123,490.74243,544.781283,492.683231
1512,45000,,0.832531,14,0.832531,0.750753,0.830566,537.4051,491.2793,536.301682,490.74243,523.620732,491.535754
1513,45000,,0.832531,17,0.832531,0.752033,0.831726,537.4051,491.7293,536.948342,490.74243,522.923219,491.064238
1514,45000,,0.832531,50,0.832531,0.705024,0.825985,537.4051,464.9651,533.717479,490.74243,541.655901,493.377815
1515,45000,,0.832531,50,0.832531,0.708312,0.827309,537.4051,467.8598,534.499012,490.74243,541.031044,492.868174
1516,45000,,0.832531,50,0.832531,0.708312,0.829367,537.4051,467.8598,535.669987,490.74243,541.031044,492.047858
1517,45000,,0.832531,50,0.832531,0.708312,0.828137,537.4051,467.8598,534.952105,490.74243,541.031044,492.526508
1518,45000,,0.832531,50,0.832531,0.705225,0.825499,537.4051,465.6477,533.47305,490.74243,541.95613,493.592378
1519,45000,,0.832531,50,0.832531,0.706203,0.826233,537.4051,466.5805,533.891764,490.74243,541.818847,493.300907
1520,45000,,0.832531,50,0.832531,0.70835,0.826441,537.4051,467.002,533.98633,490.74243,540.42661,493.202109
1521,45000,,0.832531,50,0.832531,0.70457,0.825513,537.4051,465.8501,533.496158,490.74243,544.337488,493.597267
1522,45000,,0.832531,50,0.832531,0.708312,0.82198,537.4051,467.8598,531.470788,490.74243,541.031044,494.995535
1523,45000,,0.832531,50,0.832531,0.708312,0.824943,537.4051,467.8598,533.132891,490.74243,541.031044,493.798555
1524,45000,,0.832531,50,0.832531,0.701766,0.823149,537.4051,465.9075,532.165383,490.74243,544.828244,494.5494
1525,45000,,0.832531,50,0.832531,0.708143,0.825986,537.4051,467.8598,533.76597,490.74243,541.162419,493.40891
1526,45000,,0.832531,24,0.832531,0.708312,0.829061,537.4051,467.8598,535.495162,490.741388,541.031044,492.169721
1527,45000,,0.832531,31,0.832531,0.796346,0.83184,537.4051,517.9728,537.024484,490.74243,505.945545,491.026226
1528,45000,,0.832531,50,0.832531,0.708312,0.829119,537.4051,467.8598,535.513198,490.74243,541.031044,492.13596
1529,45000,,0.832531,50,0.832531,0.708127,0.823593,537.4051,467.8598,532.421136,490.74243,541.175151,494.374592
1530,45000,,0.832581,50,0.832581,0.708312,0.826497,537.4051,467.8598,534.007291,490.703836,541.031044,493.172198
1531,45000,,0.832581,50,0.832581,0.708312,0.827089,537.4051,467.8598,534.364166,490.703836,541.031044,492.949885
1532,45000,,0.832581,50,0.832581,0.706476,0.827148,537.4051,467.2868,534.403424,490.703836,542.079011,492.929654
1533,45000,,0.832581,22,0.832581,0.708312,0.829391,537.4051,467.8598,535.665205,490.703836,541.031044,492.026292
1534,45000,,0.832581,41,0.832581,0.706968,0.828188,537.4051,467.5579,534.950526,490.703836,541.876608,492.48554
1535,45000,,0.832581,50,0.832581,0.706968,0.827221,537.4051,467.5579,534.40669,490.703836,541.876608,492.875465
1536,45000,,0.832581,50,0.832581,0.705085,0.825007,537.4051,467.057,533.234519,490.703836,544.091168,493.816783
1537,45000,,0.832581,50,0.832581,0.708312,0.826234,537.4051,467.8598,533.86915,490.703836,541.031044,493.284735
1538,45000,,0.832581,26,0.832581,0.785018,0.831911,537.4051,511.4607,537.073886,490.703836,510.416997,491.004137
1539,45000,,0.832581,20,0.832581,0.708312,0.831199,537.4051,467.8598,536.654407,490.703836,541.031044,491.278204
1540,45000,,0.832581,50,0.832581,0.708312,0.826278,537.4051,467.8598,533.885741,490.703836,541.031044,493.26136
1541,45000,,0.832581,50,0.832581,0.708312,0.828384,537.4051,467.8598,535.05712,490.703836,541.031044,492.40424
1542,45000,,0.832581,50,0.832581,0.706809,0.829425,537.4051,466.2738,535.635877,490.703836,541.140596,491.979798
1543,45000,,0.832581,50,0.832581,0.705085,0.827245,537.4051,466.2738,534.439473,490.703836,544.091168,492.878103
1544,45000,,0.832581,50,0.832581,0.708312,0.826183,537.4051,467.8598,533.795499,490.703836,541.031044,493.275399
1545,45000,,0.832581,43,0.832581,0.752715,0.831014,537.4051,492.5822,536.539647,490.703836,522.96302,491.346068
1546,45000,,0.832581,25,0.832581,0.70703,0.828564,537.4051,467.428,535.163412,490.703836,541.741533,492.334934
1547,45000,,0.832581,50,0.832581,0.708312,0.826372,537.4051,467.8598,533.92817,490.703836,541.031044,493.216853
1548,45000,,0.832581,50,0.832581,0.704426,0.824284,537.4051,464.0965,532.700642,490.703836,541.540441,494.023165
1549,45000,,0.832581,50,0.832581,0.704426,0.826441,537.4051,464.0965,533.900174,490.703836,541.540441,493.144188
1550,45000,,0.832581,50,0.832581,0.704308,0.828592,537.4051,466.0596,535.128446,490.703836,542.947738,492.289312
1551,45000,,0.832581,20,0.832581,0.709059,0.831304,537.4051,468.2492,536.685316,490.703836,540.709523,491.217119
1552,45000,,0.832581,44,0.832581,0.705085,0.82921,537.4051,467.8598,535.541247,490.703836,544.091168,492.084182
1553,45000,,0.832581,50,0.832581,0.708312,0.826759,537.4051,467.8598,534.138264,490.703836,541.031044,493.055545
1554,45000,,0.832581,50,0.832581,0.706248,0.825419,537.4051,466.7544,533.394628,490.703836,541.899794,493.602625
1555,45000,,0.832581,41,0.832581,0.708312,0.822726,537.4051,467.8598,531.881592,490.703836,541.031044,494.68892
1556,45000,,0.832581,11,0.832581,0.710073,0.82981,537.4051,468.906,535.842962,490.703836,540.358784,491.818172
1557,45000,,0.832581,17,0.832581,0.828084,0.832498,537.4051,534.6159,537.36398,490.703836,492.34204,490.741002
1558,45000,,0.832581,35,0.832581,0.706022,0.829898,537.4051,466.4573,535.870672,490.703836,541.877043,491.768226
1559,45000,,0.832581,50,0.832581,0.707407,0.828939,537.4051,467.0835,535.326219,490.703836,541.216492,492.15152
1560,45000,,0.832581,50,0.832581,0.708312,0.826593,537.4051,467.8598,534.045959,490.703836,541.031044,493.123538
1561,45000,,0.832581,50,0.832581,0.820902,0.832377,537.4051,531.5447,537.276568,490.703836,495.886289,490.776566
1562,45000,,0.832581,50,0.832581,0.708312,0.829993,537.4051,467.8598,535.9312,490.703836,541.031044,491.734863
1563,45000,,0.832581,50,0.832581,0.70429,0.828815,537.4051,464.8972,535.294084,490.703836,542.18303,492.22633
1564,45000,,0.832581,50,0.832581,0.708312,0.828137,537.4051,467.8598,534.882323,490.703836,541.031044,492.479725
1565,45000,,0.832581,50,0.832581,0.704973,0.822833,537.4051,465.546,531.936058,490.703836,542.084807,494.642597
1566,45000,,0.832581,50,0.832581,0.704973,0.823626,537.4051,465.546,532.373553,490.703836,542.084807,494.316541
1567,45000,,0.832581,50,0.832581,0.708312,0.828199,537.4051,467.8598,534.934254,490.703836,541.031044,492.465632
1568,45000,,0.832581,50,0.832581,0.708312,0.829129,537.4051,467.8598,535.47776,490.703836,541.031044,492.104558
1569,45000,,0.832581,50,0.832581,0.706968,0.827751,537.4051,467.5372,534.708054,490.703836,541.876608,492.663539
1570,45000,,0.832581,50,0.832581,0.707758,0.826531,537.4051,467.5372,534.027778,490.703836,541.246692,493.159461
1571,45000,,0.832581,33,0.832581,0.710562,0.830858,537.4051,469.4318,536.449051,490.703836,540.329149,491.406758
1572,45000,,0.832581,28,0.832581,0.708312,0.826249,537.4051,467.8598,533.854468,490.703836,541.031044,493.263023
1573,45000,,0.832581,50,0.832581,0.70407,0.823301,537.4051,465.2182,532.201158,490.703836,542.569232,494.454689
1574,45000,,0.832581,50,0.832581,0.708312,0.818601,537.4051,467.8598,529.542974,490.703836,541.031044,496.339485
1575,45000,,0.832581,50,0.832581,0.708312,0.821876,537.4051,467.8598,531.399459,490.703836,541.031044,495.029351
1576,45000,,0.832581,50,0.832581,0.706592,0.823975,537.4051,466.6664,532.565432,490.703836,541.573051,494.173249
1577,45000,,0.832581,50,0.832581,0.706408,0.823242,537.4051,466.7144,532.166706,490.703836,541.74829,494.477721
1578,45000,,0.832581,50,0.832581,0.708312,0.826875,537.4051,467.8598,534.216148,490.703836,541.031044,493.017778
1579,45000,,0.832581,50,0.832581,0.708312,0.820869,537.4051,467.8598,530.837365,490.703836,541.031044,495.43766
1580,45000,,0.832581,50,0.832581,0.708312,0.824443,537.4051,467.8598,532.86643,490.703836,541.031044,494.009991
1581,45000,,0.832581,41,0.832581,0.707612,0.827955,537.4051,467.057,534.824817,490.703836,541.039185,492.583249
1582,45000,,0.832581,34,0.832581,0.708312,0.830175,537.4051,467.8598,536.054402,490.703836,541.031044,491.675575
1583,45000,,0.832581,50,0.832581,0.708312,0.826071,537.4051,467.8598,533.736873,490.703836,541.031044,493.323686
1584,45000,,0.832581,40,0.832581,0.709009,0.831154,537.4051,468.2758,536.612162,490.703836,540.765946,491.285027
1585,45000,,0.832581,20,0.832581,0.708312,0.830092,537.4051,467.8598,536.010105,490.703836,541.031044,491.710483
1586,45000,,0.832581,50,0.832581,0.708727,0.827957,537.4051,468.0461,534.819859,490.703836,540.831778,492.5782
1587,45000,,0.832581,50,0.832581,0.709869,0.827832,537.4051,468.789,534.695491,490.677277,540.438817,492.592484
1588,45000,,0.832581,50,0.832581,0.708288,0.827745,537.4051,467.8598,534.659012,490.677277,541.049313,492.635397
1589,45000,,0.832581,50,0.832581,0.707773,0.825151,537.4051,467.3777,533.2153,490.703836,541.128436,493.691431
1590,45000,,0.832581,41,0.832581,0.719037,0.828387,537.4051,472.2085,535.046755,490.703836,535.57964,492.394869
1591,45000,,0.832581,14,0.832581,0.708312,0.830319,537.4051,467.8598,536.134701,490.703836,541.031044,491.61653
1592,45000,,0.832581,22,0.832581,0.708312,0.829062,537.4051,467.8598,535.404839,490.703836,541.031044,492.107805
1593,45000,,0.832581,50,0.832581,0.746958,0.830187,537.4051,486.1463,535.995503,490.703836,523.140873,491.62667
1594,45000,,0.832581,50,0.832581,0.709456,0.831065,537.4051,469.0924,536.555325,490.703836,540.964468,491.316351
1595,45000,,0.832581,50,0.832581,0.708312,0.830943,537.4051,467.8598,536.492143,490.703836,541.031044,491.369541
1596,45000,,0.832581,50,0.832581,0.707816,0.827051,537.4051,467.8598,534.329723,490.703836,541.417649,492.955967
1597,45000,,0.832581,50,0.832581,0.705064,0.82257,537.4051,467.8598,531.839569,490.703836,544.158333,494.782932
1598,45000,,0.832581,50,0.832581,0.706266,0.826077,537.4051,466.8518,533.780234,490.703836,541.951479,493.347341
1599,45000,,0.832581,50,0.832581,0.707524,0.827455,537.4051,467.7666,534.548573,490.658848,541.582924,492.787982
1600,45000,,0.832581,50,0.832581,0.708312,0.828234,537.4051,467.8598,534.957708,490.703836,541.031044,492.454478
1601,45000,,0.832581,50,0.832581,0.727197,0.830098,537.4051,479.1849,536.033159,490.703836,533.889676,491.721077
1602,45000,,0.832581,28,0.832581,0.70729,0.831113,537.4051,467.8598,536.599856,490.703836,541.828319,491.309036
1603,45000,,0.832581,46,0.832581,0.812147,0.832307,537.4051,527.4388,537.266938,490.703836,499.963626,490.824879
1604,45000,,0.832581,50,0.832581,0.708312,0.827569,537.4051,467.8598,534.596773,490.703836,541.031044,492.731065
1605,45000,,0.832581,35,0.832581,0.708312,0.829037,537.4051,467.8598,535.382216,490.703836,541.031044,492.112071
1606,45000,,0.832581,49,0.832581,0.708312,0.829523,537.4051,467.8598,535.691353,490.703836,541.031044,491.940362
1607,45000,,0.832581,49,0.832581,0.707795,0.826653,537.4051,467.0837,534.063362,490.703836,541.120366,493.08827
1608,45000,,0.832581,15,0.832581,0.708312,0.82952,537.4051,467.8598,535.668832,490.703836,541.031044,491.928024
1609,45000,,0.832581,50,0.832581,0.708312,0.827471,537.4051,467.8598,534.536195,490.666296,541.031044,492.766642
1610,45000,,0.832581,50,0.832581,0.708768,0.830387,537.4051,468.2906,536.155233,490.666296,540.963825,491.577372
1611,45000,,0.832581,50,0.832581,0.708312,0.829189,537.4051,467.8598,535.49446,490.703836,541.031044,492.068794
1612,45000,,0.832581,50,0.832581,0.708312,0.82918,537.4051,467.8598,535.483938,490.703836,541.031044,492.069345
1613,45000,,0.832581,33,0.832581,0.708312,0.828741,537.4051,467.8598,535.240555,490.703836,541.031044,492.24865
1614,45000,,0.832581,50,0.832581,0.707828,0.826339,537.4051,467.5172,533.901591,490.703836,541.179163,493.2244
1615,45000,,0.832581,50,0.832581,0.707524,0.826044,537.4051,467.7666,533.730078,490.506976,541.582924,493.340189
1616,45000,,0.832581,50,0.832581,0.708727,0.826673,537.4051,468.0461,534.085828,490.703836,540.831778,493.087953
1617,45000,,0.832581,19,0.832581,0.708312,0.827933,537.4051,467.8598,534.766768,490.703836,541.031044,492.561302
1618,45000,,0.832581,20,0.832581,0.708312,0.828581,537.4051,467.8598,535.160812,490.703836,541.031044,492.319998
1619,45000,,0.832581,50,0.832581,0.708312,0.82906,537.4051,467.8598,535.428223,490.703836,541.031044,492.125264
1620,45000,,0.832581,50,0.832581,0.701566,0.827845,537.4051,465.1971,534.760724,490.703836,544.508626,492.625331
1621,45000,,0.832581,50,0.832581,0.708312,0.82858,537.4051,467.8598,535.159027,490.703836,541.031044,492.319019
1622,45000,,0.832581,50,0.832581,0.708312,0.828315,537.4051,467.8598,534.992125,490.703836,541.031044,492.41411
1623,45000,,0.832581,50,0.832581,0.710111,0.830673,537.4051,469.1208,536.343693,490.703836,540.472417,491.480915
1624,45000,,0.832581,50,0.832581,0.70884,0.830107,537.4051,468.3925,535.98582,490.703836,540.975907,491.682527
1625,45000,,0.832581,50,0.832581,0.70884,0.83045,537.4051,468.3925,536.234127,490.703836,540.975907,491.58145
1626,45000,,0.832581,31,0.832581,0.709078,0.829606,537.4051,468.3414,535.765135,490.703836,540.755796,491.925386
1627,45000,,0.832581,50,0.832581,0.708312,0.829485,537.4051,467.8598,535.687673,490.703836,541.031044,491.967499
1628,45000,,0.832581,38,0.832581,0.717504,0.830918,537.4051,472.5932,536.492009,490.703836,537.033214,491.389242
1629,45000,,0.832581,25,0.832581,0.75117,0.83159,537.4051,491.4454,536.838603,490.703836,523.406363,491.097227
1630,45000,,0.832581,50,0.832581,0.705024,0.830299,537.4051,464.9651,536.103864,490.703836,541.655901,491.611692
1631,45000,,0.832581,50,0.832581,0.708312,0.829236,537.4051,467.8598,535.479495,490.703836,541.031044,492.022308
1632,45000,,0.832581,42,0.832581,0.708312,0.824537,537.4051,467.8598,532.860189,490.703836,541.10636,493.93267
1633,45000,,0.832581,40,0.832581,0.709037,0.828097,537.4051,468.0792,534.831986,490.703836,540.612111,492.47662
1634,45000,,0.832581,37,0.832581,0.708312,0.827536,537.4051,467.8598,534.528859,490.703836,541.031044,492.711473
1635,45000,,0.832581,18,0.832581,0.709456,0.83051,537.4051,469.0924,536.246774,490.703836,540.964468,491.543156
1636,45000,,0.832581,50,0.832581,0.708312,0.827318,537.4051,467.8598,534.452877,490.703836,541.031044,492.830618
1637,45000,,0.832581,50,0.832581,0.708312,0.826228,537.4051,467.8598,533.833849,490.703836,541.031044,493.26556
1638,45000,,0.832581,50,0.832581,0.708312,0.82542,537.4051,467.8598,533.389491,490.703836,541.031044,493.598346
1639,45000,,0.832581,50,0.832581,0.708312,0.823027,537.4051,467.8598,532.037662,490.703836,541.031044,494.559143
1640,45000,,0.832581,32,0.832581,0.708312,0.828281,537.4051,467.8598,534.991017,490.703836,541.031044,492.440297
1641,45000,,0.832581,42,0.832581,0.708312,0.830482,537.4051,467.8598,536.247119,490.703836,541.031044,491.565224
1642,45000,,0.832581,50,0.832581,0.708312,0.831235,537.4051,467.8598,536.672802,490.703836,541.031044,491.262482
1643,45000,,0.832581,50,0.832581,0.708312,0.830902,537.4051,467.8598,536.490919,490.703836,541.031044,491.400615
1644,45000,,0.832581,18,0.832581,0.709273,0.831214,537.4051,468.4701,536.654597,490.703836,540.690639,491.266727
1645,45000,,0.832581,45,0.832581,0.706968,0.827016,537.4051,467.5579,534.295628,490.703836,541.876608,492.960676
1646,45000,,0.832581,50,0.832581,0.742081,0.830708,537.4051,485.2558,536.384981,490.703836,526.348366,491.481089
1647,45000,,0.832581,50,0.832581,0.707795,0.827636,537.4051,467.391,534.681873,490.703836,541.120366,492.735825
1648,45000,,0.832581,41,0.832581,0.708312,0.828589,537.4051,467.8598,535.165312,490.703836,541.031044,492.316373
1649,45000,,0.832581,32,0.832581,0.708312,0.830344,537.4051,467.8598,536.163122,490.666296,541.031044,491.615906
1650,45000,,0.832581,50,0.832581,0.708312,0.829766,537.4051,467.8598,535.788273,490.703836,541.031044,491.816056
1651,45000,,0.832581,35,0.832581,0.708312,0.828197,537.4051,467.8598,534.931067,490.703836,541.031044,492.465144
1652,45000,,0.832581,14,0.832581,0.746935,0.831689,537.4051,488.903,536.898218,490.703836,525.006229,491.059638
1653,45000,,0.832581,49,0.832581,0.75117,0.831703,537.4051,491.4454,536.904193,490.703836,523.406363,491.052621
1654,45000,,0.832581,50,0.832581,0.708312,0.827578,537.4051,467.8598,534.601448,490.703836,541.031044,492.727262
1655,45000,,0.832581,50,0.832581,0.723888,0.829346,537.4051,476.1447,535.607289,490.703836,534.433615,492.022209
1656,45000,,0.832581,50,0.832581,0.694681,0.829868,537.4051,462.9312,535.899989,490.703836,548.36071,491.810866
1657,45000,,0.832581,50,0.832581,0.694681,0.825501,537.4051,462.9312,533.466878,490.703836,548.36071,493.58713
1658,45000,,0.832581,34,0.832581,0.707828,0.828403,537.4051,467.5172,535.088694,490.703836,541.179163,492.410144
1659,45000,,0.832581,33,0.832581,0.706809,0.829366,537.4051,466.2738,535.661118,490.703836,541.140596,492.042572
1660,45000,,0.832581,50,0.832581,0.708312,0.827434,537.4051,467.8598,534.518219,490.703836,541.031044,492.7838
1661,45000,,0.832581,50,0.832581,0.708312,0.828302,537.4051,467.8598,535.058544,490.703836,541.031044,492.468755
1662,45000,,0.832581,50,0.832581,0.708312,0.825492,537.4051,467.8598,533.523365,490.703836,541.031044,493.631864
1663,45000,,0.832581,14,0.832581,0.807854,0.832279,537.4051,522.2931,537.240962,490.703836,499.864389,490.829151
1664,45000,,0.832581,16,0.832581,0.706968,0.827613,537.4051,467.5579,534.630131,490.703836,541.876608,492.719014
1665,45000,,0.832581,50,0.832581,0.704433,0.820726,537.4051,467.2709,530.764641,490.703836,543.661785,495.50105
1666,45000,,0.832581,50,0.832581,0.704433,0.820498,537.4051,467.2709,530.616205,490.703836,543.661785,495.579254
1667,45000,,0.832581,50,0.832581,0.706968,0.822971,537.4051,467.5579,532.019887,490.703836,541.876608,494.591121
1668,45000,,0.832581,50,0.832581,0.706968,0.826007,537.4051,467.5579,533.728255,490.703836,541.876608,493.367844
1669,45000,,0.832581,50,0.832581,0.708312,0.824393,537.4051,467.8598,532.830911,490.703836,541.031044,494.024737
1670,45000,,0.832581,50,0.832581,0.708143,0.825143,537.4051,467.8598,533.253547,490.703836,541.162419,493.723632
1671,45000,,0.832581,50,0.832581,0.708312,0.830554,537.4051,467.8598,536.285271,490.703836,541.031044,491.533912
1672,45000,,0.832581,50,0.832581,0.750907,0.830782,537.4051,491.3988,536.426579,490.506976,523.580591,491.451485
1673,45000,,0.832581,50,0.832581,0.708312,0.829467,537.4051,467.8598,535.564904,490.506976,541.031044,491.899707
1674,45000,,0.832581,50,0.832581,0.709177,0.829711,537.4051,468.1972,535.757337,490.506976,540.58264,491.838033
1675,45000,,0.832581,38,0.832581,0.729441,0.8303,537.4051,478.7851,536.092972,490.703836,531.871223,491.603903
1676,45000,,0.832581,35,0.832581,0.708312,0.828816,537.4051,467.8598,535.284914,490.703836,541.031044,492.219307
1677,45000,,0.832581,50,0.832581,0.707108,0.829166,537.4051,466.8225,535.483061,490.703836,541.274858,492.079276
1678,45000,,0.832581,50,0.832581,0.708312,0.826986,537.4051,467.8598,534.257173,490.703836,541.031044,492.958555
1679,45000,,0.832581,15,0.832581,0.708312,0.828944,537.4051,467.8598,535.374966,490.703836,541.031044,492.180429
1680,45000,,0.832581,41,0.832581,0.708312,0.825722,537.4051,467.8598,533.540058,490.703836,541.031044,493.463825
1681,45000,,0.832581,50,0.832581,0.708312,0.82121,537.4051,467.8598,531.023105,490.703836,541.031044,495.296233
1682,45000,,0.832581,50,0.832581,0.718866,0.827382,537.4051,472.7515,534.496694,490.703836,536.077103,492.810083
1683,45000,,0.832581,50,0.832581,0.704742,0.828087,537.4051,466.4833,534.873373,490.703836,542.893461,492.512092
1684,45000,,0.832581,50,0.832581,0.706476,0.825781,537.4051,467.2868,533.603571,490.703836,542.079011,493.460212
1685,45000,,0.832581,50,0.832581,0.708312,0.827159,537.4051,467.8598,534.33005,490.703836,541.031044,492.872552
1686,45000,,0.832581,16,0.832581,0.708312,0.830806,537.4051,467.8598,536.380116,490.703836,541.031044,491.401326
1687,45000,,0.832581,14,0.832581,0.712026,0.831283,537.4051,470.067,536.668275,490.703836,539.61323,491.222517
1688,45000,,0.832581,50,0.832581,0.70407,0.82994,537.4051,465.2182,535.913136,490.703836,542.569232,491.764019
1689,45000,,0.832581,50,0.832581,0.708312,0.827561,537.4051,467.8598,534.563396,490.703836,541.031044,492.714836
1690,45000,,0.832581,50,0.832581,0.708312,0.828657,537.4051,467.8598,535.16916,490.703836,541.031044,492.266379
1691,45000,,0.832581,50,0.832581,0.702306,0.828325,537.4051,464.1738,534.972916,490.703836,543.245279,492.393636
1692,45000,,0.832581,50,0.832581,0.702306,0.829611,537.4051,464.1738,535.673834,490.703836,543.245279,491.860006
1693,45000,,0.832581,50,0.832581,0.708312,0.830028,537.4051,467.8598,535.956357,490.703836,541.031044,491.724189
1694,45000,,0.832581,50,0.832581,0.705198,0.829522,537.4051,464.944,535.635331,490.703836,541.506207,491.903681
1695,45000,,0.832581,16,0.832581,0.831523,0.832557,537.4051,536.294,537.382916,490.658848,491.010038,490.707252
1696,45000,,0.832581,28,0.832581,0.708312,0.831315,537.4051,467.8598,536.689242,490.703836,541.031044,491.211612
1697,45000,,0.832581,50,0.832581,0.706022,0.830878,537.4051,466.4573,536.452133,490.703836,541.877043,491.393371
1698,45000,,0.832581,50,0.832581,0.706022,0.827603,537.4051,466.4573,534.619395,490.703836,541.877043,492.719493
1699,45000,,0.832581,50,0.832581,0.707976,0.828161,537.4051,467.7456,534.946567,490.703836,541.216182,492.503393
