gen,seed,threads,best_global,picos,fit_best,fit_worst,fit_mean,green_best,green_worst,green_mean,emis_best,emis_worst,emis_mean
0,47500,,0.513517,,0.513517,0.355572,0.430476,328.7941,233.7709,282.323541,599.782346,659.304159,633.414809
1,47500,,0.513517,,0.513517,0.383918,0.441511,328.7941,251.5032,288.569036,599.782346,652.558534,628.992484
2,47500,,0.513517,,0.513517,0.400497,0.453138,328.7941,262.3859,294.762701,599.782346,647.287939,624.073498
3,47500,,0.520405,,0.520405,0.4016,0.464395,338.6861,263.8243,300.933017,599.782346,646.630805,619.428083
4,47500,,0.520405,,0.520405,0.411065,0.477083,338.6861,270.5883,308.334061,599.459656,640.69157,614.490911
5,47500,,0.521542,,0.521542,0.445157,0.484405,338.6861,288.0693,312.92979,597.522144,626.54595,611.858949
6,47500,,0.524206,,0.524206,0.445157,0.491512,338.6861,289.1621,317.222853,597.522144,626.54595,609.19249
7,47500,,0.524206,,0.524206,0.46669,0.49727,338.6861,297.7008,320.654544,596.828584,622.475222,607.000708
8,47500,,0.528808,,0.528808,0.472682,0.50255,345.9017,305.3251,323.65748,594.687107,616.643716,604.894772
9,47500,,0.556599,,0.556599,0.474094,0.506813,359.0282,305.3251,326.241145,586.438314,616.672149,603.30131
10,47500,,0.556599,,0.556599,0.479229,0.510532,359.0282,305.3251,328.304923,586.438314,614.148113,601.782805
11,47500,,0.556599,,0.556599,0.481148,0.514663,359.0282,308.7371,330.995395,586.438314,617.575578,600.363515
12,47500,,0.563042,,0.563042,0.492897,0.519655,360.6296,317.6257,334.047351,582.486197,613.728135,598.515587
13,47500,,0.567929,,0.567929,0.493901,0.522614,366.302,317.6257,335.431983,582.475602,611.153349,597.13533
14,47500,,0.567929,,0.567929,0.500026,0.527856,366.302,317.6257,338.531716,580.912841,611.153349,595.123794
15,47500,,0.567929,,0.567929,0.504951,0.532552,366.302,323.3974,341.59798,580.912841,607.199835,593.515196
16,47500,,0.568127,,0.568127,0.510007,0.537833,366.302,323.3974,344.782405,580.912841,603.2623,591.530213
17,47500,,0.568127,,0.568127,0.510007,0.54461,370.3848,329.9009,349.381851,580.572676,603.2623,589.325968
18,47500,,0.576558,,0.576558,0.522713,0.550591,370.3848,334.8799,353.255409,577.430359,600.724943,587.256761
19,47500,,0.576558,,0.576558,0.52282,0.55481,370.8363,336.5967,355.931409,576.834022,600.724943,585.759028
20,47500,,0.58234,,0.58234,0.526837,0.559412,372.8454,336.7859,358.964162,575.619738,599.470095,584.201536
21,47500,,0.58234,,0.58234,0.526837,0.563386,372.8454,336.7859,361.022261,575.619738,596.774831,582.481177
22,47500,,0.58234,,0.58234,0.544289,0.566849,373.5806,350.7085,363.257233,574.57559,590.550035,581.277579
23,47500,,0.582805,,0.582805,0.547382,0.568927,374.9718,351.0534,364.310627,573.788446,588.283918,580.362399
24,47500,,0.582914,,0.582914,0.549462,0.571111,374.9718,351.9048,365.623013,571.967019,587.885723,579.538824
25,47500,,0.59286,,0.59286,0.550017,0.573249,377.3503,353.5261,366.772602,570.432824,587.885723,578.641137
26,47500,,0.59286,,0.59286,0.550017,0.575586,377.3503,353.5261,368.147097,569.142003,587.885723,577.739633
27,47500,,0.597482,,0.597482,0.550017,0.577473,381.2514,353.5261,369.325549,568.960318,587.885723,577.057452
28,47500,,0.600973,,0.600973,0.550017,0.580012,383.4218,353.5261,370.875939,568.173174,587.885723,576.115857
29,47500,,0.605523,,0.605523,0.556638,0.583332,384.4225,357.6029,372.738897,565.294906,585.453369,574.774446
30,47500,,0.606491,,0.606491,0.568837,0.586004,389.7652,366.0081,374.349892,565.294906,581.570072,573.769674
31,47500,,0.620939,,0.620939,0.569721,0.58888,395.1686,366.1214,376.126435,560.471114,580.957073,572.717235
32,47500,,0.620939,,0.620939,0.576201,0.591352,395.1686,367.5776,377.647439,560.471114,576.973297,571.808366
33,47500,,0.620939,,0.620939,0.578022,0.594109,395.1686,368.0466,379.457997,560.471114,578.157671,570.87065
34,47500,,0.623148,,0.623148,0.578022,0.597064,395.5451,368.0466,381.731061,558.860648,578.157671,570.089367
35,47500,,0.623148,,0.623148,0.578022,0.599039,395.5451,368.0466,383.088623,558.860648,575.77236,569.458504
36,47500,,0.623148,,0.623148,0.584984,0.601209,395.5451,374.4709,384.72381,558.860648,576.424693,568.861728
37,47500,,0.623148,,0.623148,0.584984,0.603781,396.4756,374.5593,386.093504,558.860648,576.424693,567.773382
38,47500,,0.625913,,0.625913,0.588797,0.605512,397.9626,377.3033,387.278732,558.463923,576.424693,567.21708
39,47500,,0.627964,,0.627964,0.591873,0.607666,400.4857,377.3033,388.346972,558.088707,575.163716,566.253274
40,47500,,0.627964,,0.627964,0.593923,0.609597,400.4857,377.3033,389.346874,558.088707,574.094494,565.416872
41,47500,,0.628234,,0.628234,0.594225,0.61204,400.4857,379.7357,390.633784,557.040872,572.611662,564.373937
42,47500,,0.628234,,0.628234,0.595845,0.614386,400.4857,381.993,391.885466,557.040872,572.826415,563.382733
43,47500,,0.634522,,0.634522,0.597427,0.616395,401.8913,381.993,392.944982,553.859006,572.057991,562.525307
44,47500,,0.634522,,0.634522,0.600021,0.61864,401.8913,383.8645,394.157233,553.859006,570.847415,561.586405
45,47500,,0.634522,,0.634522,0.600021,0.620748,401.8913,383.8645,395.239507,553.859006,569.212653,560.667718
46,47500,,0.634522,,0.634522,0.601894,0.622777,401.8913,384.4565,396.352964,553.859006,568.278852,559.830962
47,47500,,0.634666,,0.634666,0.605217,0.624356,402.4364,386.2076,397.049784,553.746748,568.169361,559.066227
48,47500,,0.634666,,0.634666,0.610626,0.625873,402.4364,391.467,397.815996,553.746748,566.665528,558.39666
49,47500,,0.635417,,0.635417,0.613985,0.62739,406.3255,391.467,398.667903,553.657096,563.547121,557.784533
50,47500,,0.638186,,0.638186,0.613985,0.628914,407.7705,391.467,399.400342,553.5784,563.547121,557.086366
51,47500,,0.638186,,0.638186,0.617639,0.630477,407.7705,393.255,400.175007,553.449707,562.724174,556.386367
52,47500,,0.638186,,0.638186,0.617682,0.631814,407.7705,394.0021,400.928568,553.341169,562.724174,555.848591
53,47500,,0.63908,,0.63908,0.617682,0.632899,407.7705,394.728,401.569612,553.341169,562.724174,555.431805
54,47500,,0.63908,,0.63908,0.625089,0.634143,407.7705,398.1363,402.372939,553.050782,559.222679,554.999617
55,47500,,0.641882,,0.641882,0.625089,0.634984,408.9397,397.9489,403.04712,552.564855,559.222679,554.795361
56,47500,,0.641882,,0.641882,0.628807,0.635696,408.9504,397.9489,403.598134,552.141279,558.987682,554.609327
57,47500,,0.642441,,0.642441,0.630884,0.636504,409.8135,398.9148,404.263091,552.141279,558.155578,554.425067
58,47500,,0.642441,,0.642441,0.631894,0.637586,409.8135,398.9148,405.096532,551.020527,557.235821,554.139285
59,47500,,0.643809,,0.643809,0.632795,0.638438,409.8135,400.3826,405.55775,549.935164,557.048736,553.783482
60,47500,,0.64497,,0.64497,0.634813,0.639444,409.8135,401.4423,406.243821,549.688653,557.048736,553.458979
61,47500,,0.646415,,0.646415,0.634813,0.640344,411.0609,402.2267,406.832834,549.233517,556.961255,553.15131
62,47500,,0.650932,,0.650932,0.636354,0.641391,413.4072,402.2267,407.439607,548.314901,556.641661,552.741541
63,47500,,0.650932,,0.650932,0.636577,0.642583,413.4072,402.5592,407.969057,548.314901,556.641661,552.166973
64,47500,,0.650932,,0.650932,0.637607,0.643794,413.4816,402.8748,408.637887,548.314901,554.983484,551.670096
65,47500,,0.651901,,0.651901,0.638265,0.644657,414.7042,402.8748,409.283377,547.977881,554.983484,551.429957
66,47500,,0.655842,,0.655842,0.638265,0.646043,415.6297,402.8748,410.149994,546.958288,553.493036,550.929629
67,47500,,0.655842,,0.655842,0.63837,0.647111,415.6297,402.8748,410.647271,546.958288,553.263662,550.42947
68,47500,,0.655842,,0.655842,0.641882,0.648416,415.6297,406.0552,411.460457,546.958288,553.263662,549.956063
69,47500,,0.656509,,0.656509,0.641882,0.649302,416.3565,406.0666,411.988013,546.92505,553.263662,549.619122
70,47500,,0.656509,,0.656509,0.641939,0.650248,416.3565,406.6843,412.557836,546.833992,553.218672,549.262499
71,47500,,0.660324,,0.660324,0.641939,0.651194,419.1707,407.6739,413.117128,545.713401,553.218672,548.899814
72,47500,,0.660324,,0.660324,0.641939,0.65209,419.1707,408.7897,413.623863,545.247182,553.218672,548.540403
73,47500,,0.660426,,0.660426,0.646782,0.65322,419.1707,410.5997,414.243949,545.247182,551.462918,548.074526
74,47500,,0.660426,,0.660426,0.649114,0.653912,419.4839,412.2756,414.622919,545.247182,550.420665,547.78884
75,47500,,0.660426,,0.660426,0.649285,0.654536,419.4839,412.3079,414.931465,544.249307,550.376721,547.50839
76,47500,,0.662276,,0.662276,0.650138,0.655508,419.4839,412.3079,415.380431,542.553068,550.016332,547.051088
77,47500,,0.662908,,0.662908,0.650138,0.656266,419.4839,412.3079,415.734815,542.078405,550.016332,546.697724
78,47500,,0.665217,,0.665217,0.651327,0.657203,419.8819,412.6824,416.203013,541.816621,549.29139,546.28057
79,47500,,0.665217,,0.665217,0.651809,0.658222,420.2558,413.0987,416.656896,541.816621,549.29139,545.790111
80,47500,,0.665217,,0.665217,0.651903,0.658843,420.2558,413.3389,417.022226,541.442557,549.264705,545.550522
81,47500,,0.665534,,0.665534,0.652457,0.659721,420.6414,413.3389,417.521996,541.442557,548.508041,545.20051
82,47500,,0.666218,,0.666218,0.653594,0.660898,420.8925,414.1551,417.982283,540.967894,548.292829,544.590788
83,47500,,0.666218,,0.666218,0.653594,0.661657,422.5788,414.2955,418.350741,540.967894,547.817193,544.245401
84,47500,,0.669735,,0.669735,0.658539,0.662421,422.5788,416.0544,418.665289,540.101831,545.990401,543.860546
85,47500,,0.669735,,0.669735,0.658539,0.663113,422.5788,416.0987,419.074991,540.101831,545.755596,543.595665
86,47500,,0.669735,,0.669735,0.658539,0.663858,424.0932,416.0987,419.493664,540.101831,545.755596,543.294831
87,47500,,0.670781,,0.670781,0.658539,0.664503,424.0932,416.0987,419.792511,539.130044,545.733676,542.991758
88,47500,,0.670781,,0.670781,0.658539,0.665207,424.0932,416.0987,420.131487,539.130044,545.733676,542.670136
89,47500,,0.670781,,0.670781,0.660454,0.665807,424.0932,417.4584,420.546595,539.484091,545.733676,542.480422
90,47500,,0.672068,,0.672068,0.660454,0.666594,424.0932,417.6113,420.943252,539.059578,545.733676,542.131771
91,47500,,0.672068,,0.672068,0.662111,0.667193,424.0932,418.0173,421.249088,539.059578,545.266003,541.869907
92,47500,,0.672091,,0.672091,0.663988,0.668034,424.0932,418.8999,421.698934,539.059578,544.701688,541.515098
93,47500,,0.672633,,0.672633,0.663988,0.66879,424.0932,418.8999,421.926837,538.538216,544.701688,541.078251
94,47500,,0.672633,,0.672633,0.664799,0.669439,424.0932,418.8999,422.110529,538.538216,544.134797,540.695271
95,47500,,0.673242,,0.673242,0.664799,0.670142,424.1806,418.8999,422.428058,538.538216,542.890954,540.359736
96,47500,,0.673424,,0.673424,0.664799,0.670738,424.1806,419.6785,422.622469,538.411203,542.890954,540.024843
97,47500,,0.673523,,0.673523,0.664824,0.671322,424.7618,420.0159,422.906886,538.312834,542.890954,539.759881
98,47500,,0.673807,,0.673807,0.668542,0.671757,424.9369,421.5174,423.113915,538.048653,542.723644,539.559677
99,47500,,0.674582,,0.674582,0.668542,0.672094,425.1913,421.8707,423.338825,538.048653,542.723644,539.447371
100,47500,,0.676084,,0.676084,0.670125,0.672546,425.1913,421.9827,423.45814,537.183209,541.16556,539.17485
101,47500,,0.676084,,0.676084,0.670125,0.672888,425.1913,422.3297,423.596968,537.183209,541.16556,539.000762
102,47500,,0.676084,,0.676084,0.670125,0.673235,425.6772,422.3297,423.686011,537.183209,541.16556,538.790233
103,47500,,0.67661,,0.67661,0.670781,0.673567,425.6772,422.3297,423.799818,537.183209,540.464031,538.60693
104,47500,,0.676907,,0.676907,0.670781,0.673829,425.6772,422.3297,423.889538,536.907436,540.464031,538.462857
105,47500,,0.677705,,0.677705,0.671047,0.674283,426.2593,422.6092,424.165527,536.907436,540.464031,538.294271
106,47500,,0.677705,,0.677705,0.671514,0.674762,426.2593,422.6092,424.415621,536.884161,540.464031,538.088214
107,47500,,0.677705,,0.677705,0.67173,0.675205,426.2593,422.6092,424.667775,536.884161,540.29515,537.910958
108,47500,,0.679072,,0.679072,0.672633,0.675542,427.2436,422.6092,424.86275,536.621017,539.147662,537.779433
109,47500,,0.679072,,0.679072,0.672633,0.675885,427.2436,422.6092,425.061689,536.275903,539.147662,537.644586
110,47500,,0.679072,,0.679072,0.672633,0.67622,428.0635,422.6092,425.343495,536.463618,539.147662,537.572377
111,47500,,0.679739,,0.679739,0.672633,0.676484,428.1211,422.6092,425.472474,536.463618,539.147662,537.452759
112,47500,,0.679739,,0.679739,0.672633,0.676857,428.1211,422.6092,425.714201,536.063888,538.997356,537.324181
113,47500,,0.679739,,0.679739,0.673807,0.677306,428.1211,423.398,425.955097,536.063888,538.997356,537.135002
114,47500,,0.679766,,0.679766,0.673807,0.677722,428.2853,423.398,426.199215,535.649676,538.260897,536.974029
115,47500,,0.680018,,0.680018,0.673807,0.67809,428.1211,423.398,426.528308,534.978071,538.260897,536.907921
116,47500,,0.680018,,0.680018,0.673807,0.67838,428.1211,423.398,426.727177,534.978071,538.260897,536.814934
117,47500,,0.680418,,0.680418,0.675621,0.678676,428.5011,424.188,426.899228,534.978071,538.043626,536.698974
118,47500,,0.681024,,0.681024,0.676166,0.679014,428.5011,424.188,427.067405,534.978071,538.043626,536.548116
119,47500,,0.681755,,0.681755,0.676288,0.679387,429.7533,424.5017,427.25209,534.978071,538.043626,536.380986
120,47500,,0.682582,,0.682582,0.677084,0.679804,429.7533,425.135,427.48072,534.978071,537.449157,536.209281
121,47500,,0.682582,,0.682582,0.677084,0.680102,429.7533,425.135,427.663882,534.563859,537.449157,536.099014
122,47500,,0.682582,,0.682582,0.677084,0.680436,429.7533,425.4369,427.932383,534.563859,537.449157,536.0187
123,47500,,0.682863,,0.682863,0.679727,0.680664,429.7533,426.1953,428.220591,534.563859,536.688618,536.033702
124,47500,,0.682863,,0.682863,0.679739,0.680987,430.2287,425.8934,428.432532,534.563859,536.688618,535.924102
125,47500,,0.68347,,0.68347,0.679739,0.681262,430.2287,425.8934,428.595236,534.301805,536.688618,535.818408
126,47500,,0.68347,,0.68347,0.680207,0.68157,430.2287,426.1953,428.750704,534.301805,536.549387,535.682937
127,47500,,0.684554,,0.684554,0.680207,0.68182,431.1626,426.1953,428.844735,534.110755,536.549387,535.550703
128,47500,,0.684554,,0.684554,0.680207,0.682141,431.1626,426.1953,429.040086,534.301805,536.549387,535.431251
129,47500,,0.684554,,0.684554,0.681024,0.682363,431.1626,428.0107,429.203796,534.093501,536.358664,535.367811
130,47500,,0.685664,,0.685664,0.681366,0.682619,431.1844,428.1401,429.363486,534.093501,536.358664,535.274736
131,47500,,0.686082,,0.686082,0.681366,0.68287,431.6413,428.1401,429.552019,533.63129,536.358664,535.205852
132,47500,,0.686082,,0.686082,0.6815,0.683072,431.6413,428.1401,429.730218,533.63129,536.358664,535.16751
133,47500,,0.686082,,0.686082,0.681778,0.683445,431.6413,428.6779,429.945186,533.63129,536.231288,535.020682
134,47500,,0.686082,,0.686082,0.681778,0.683657,431.6413,428.6779,430.071138,533.63129,536.231288,534.939203
135,47500,,0.686082,,0.686082,0.681778,0.683894,431.6413,428.6779,430.25397,533.63129,536.231288,534.877275
136,47500,,0.686082,,0.686082,0.681778,0.684156,431.6413,428.8164,430.36904,533.539109,536.231288,534.749666
137,47500,,0.686082,,0.686082,0.681778,0.684376,431.6413,428.8172,430.501024,533.539109,536.192039,534.666987
138,47500,,0.686082,,0.686082,0.681938,0.684539,431.6413,429.0176,430.580906,533.539109,536.121235,534.593015
139,47500,,0.688299,,0.688299,0.682156,0.684736,432.7949,429.0176,430.655034,532.465288,536.121235,534.48913
140,47500,,0.688299,,0.688299,0.682156,0.684942,432.7949,429.0176,430.740227,532.465288,536.121235,534.385345
141,47500,,0.688892,,0.688892,0.682167,0.685139,433.049,429.0176,430.822884,532.003077,536.121235,534.287269
142,47500,,0.688892,,0.688892,0.682167,0.685352,433.049,429.0176,430.945054,532.003077,536.121235,534.202791
143,47500,,0.688892,,0.688892,0.682277,0.685596,433.049,429.6437,431.090741,532.003077,536.121235,534.110035
144,47500,,0.688892,,0.688892,0.682978,0.68576,433.049,429.6437,431.138529,532.003077,535.330671,534.01467
145,47500,,0.689222,,0.689222,0.682978,0.685933,433.049,429.6437,431.196903,531.909973,535.330671,533.918458
146,47500,,0.689222,,0.689222,0.684561,0.686064,433.4335,430.0244,431.222816,531.909973,534.818762,533.83353
147,47500,,0.689222,,0.689222,0.68527,0.686218,433.4335,430.0244,431.326679,531.909973,534.818762,533.783527
148,47500,,0.690908,,0.690908,0.685337,0.686431,434.5325,430.0244,431.477402,531.909973,534.818762,533.71808
149,47500,,0.690908,,0.690908,0.685337,0.686623,434.5325,430.0244,431.651757,531.909973,534.818762,533.684934
150,47500,,0.690908,,0.690908,0.68536,0.686878,434.5325,430.0244,431.854456,531.909973,534.717554,533.621906
151,47500,,0.690908,,0.690908,0.685364,0.687048,434.5325,430.544,431.953276,531.877043,534.717554,533.556146
152,47500,,0.690908,,0.690908,0.685364,0.687369,434.5325,430.544,432.169224,531.877043,534.717554,533.450211
153,47500,,0.690908,,0.690908,0.685781,0.687667,434.5325,430.544,432.356636,531.877043,534.717554,533.343147
154,47500,,0.691017,,0.691017,0.685854,0.688009,434.9393,430.5448,432.617012,531.977574,534.717554,533.25116
155,47500,,0.691553,,0.691553,0.685854,0.688414,436.0977,430.5448,432.905877,531.959586,534.717554,533.128514
156,47500,,0.691553,,0.691553,0.685854,0.688823,436.0977,430.5448,433.137487,531.7724,534.717554,532.964906
157,47500,,0.691553,,0.691553,0.686082,0.689112,436.0977,431.136,433.416506,531.7724,534.375006,532.926496
158,47500,,0.691754,,0.691754,0.686082,0.689467,436.0977,431.136,433.696378,531.7724,534.375006,532.836769
159,47500,,0.691797,,0.691797,0.68716,0.689802,436.0977,431.407,433.913634,531.7724,534.375006,532.721469
160,47500,,0.691797,,0.691797,0.68716,0.690017,436.0977,431.407,434.015463,531.7724,534.375006,532.621801
161,47500,,0.692789,,0.692789,0.687739,0.690227,436.4433,432.0135,434.222519,531.841647,533.75519,532.596697
162,47500,,0.692815,,0.692815,0.687739,0.690536,436.5816,432.8561,434.403347,531.7724,533.75519,532.476967
163,47500,,0.692914,,0.692914,0.687739,0.690806,436.5816,432.9058,434.61776,531.726548,533.75519,532.409994
164,47500,,0.692914,,0.692914,0.687869,0.691075,436.5816,432.9058,434.779109,531.67252,533.75519,532.308672
165,47500,,0.692914,,0.692914,0.687869,0.691286,436.5816,432.9058,434.855618,531.516682,533.75519,532.195327
166,47500,,0.692914,,0.692914,0.688235,0.691542,436.5816,432.9058,435.047899,531.516682,533.75519,532.124391
167,47500,,0.693137,,0.693137,0.689183,0.691685,436.5816,432.9058,435.175971,531.516682,532.730496,532.098405
168,47500,,0.693137,,0.693137,0.689183,0.691863,436.5816,432.9058,435.387053,531.516682,532.730496,532.100989
169,47500,,0.693433,,0.693433,0.691109,0.692098,438.0085,434.0996,435.608824,531.516682,532.663441,532.065993
170,47500,,0.693433,,0.693433,0.691109,0.692195,438.0085,434.0996,435.713179,531.516682,532.668925,532.060827
171,47500,,0.693591,,0.693591,0.691239,0.69235,438.0085,434.0996,435.896868,531.344875,532.668925,532.063059
172,47500,,0.693959,,0.693959,0.691306,0.692508,438.0085,434.0996,436.114962,531.344875,532.668925,532.085608
173,47500,,0.693985,,0.693985,0.691605,0.692647,438.0085,434.5905,436.282754,531.344875,532.668925,532.089942
174,47500,,0.69448,,0.69448,0.691605,0.692807,438.768,434.5905,436.450873,531.038218,532.905459,532.077472
175,47500,,0.69448,,0.69448,0.691605,0.69294,438.768,434.5905,436.636509,531.038218,532.905459,532.098162
176,47500,,0.694714,,0.694714,0.691605,0.693127,438.8792,434.5905,436.862154,531.038218,532.905459,532.103429
177,47500,,0.694714,,0.694714,0.691779,0.693308,438.8792,435.1161,437.07264,531.038218,532.905459,532.10354
178,47500,,0.694714,,0.694714,0.691779,0.693458,438.8792,435.1161,437.225615,531.038218,532.905459,532.088798
179,47500,,0.694714,,0.694714,0.691779,0.693573,438.8792,435.1161,437.354021,531.038218,532.905459,532.085579
180,47500,,0.695385,,0.695385,0.691779,0.693755,440.4558,435.1161,437.540083,531.038218,532.905459,532.067816
181,47500,,0.695875,,0.695875,0.691779,0.694017,440.4558,435.1161,437.74739,530.9486,532.905459,532.002763
182,47500,,0.695875,,0.695875,0.692372,0.694263,440.4558,435.1161,437.938917,530.9486,532.905459,531.938721
183,47500,,0.695875,,0.695875,0.692372,0.694427,440.4558,435.1161,438.083775,530.9486,532.869304,531.908008
184,47500,,0.696465,,0.696465,0.692799,0.694594,440.6015,436.1528,438.26416,530.9486,532.869304,531.898784
185,47500,,0.696916,,0.696916,0.692799,0.694759,440.6015,436.2235,438.380498,530.33325,532.869304,531.848466
186,47500,,0.697997,,0.697997,0.692799,0.695008,441.5022,436.2235,438.674209,530.33325,532.869304,531.85063
187,47500,,0.697997,,0.697997,0.693563,0.695279,441.5022,436.2235,438.989321,530.33325,532.531561,531.850153
188,47500,,0.69832,,0.69832,0.693563,0.695663,442.6671,436.5529,439.420295,530.33325,532.531561,531.839539
189,47500,,0.698989,,0.698989,0.693591,0.696016,442.8299,436.5529,439.780973,530.33325,532.494652,531.805972
190,47500,,0.698989,,0.698989,0.693591,0.696411,442.8299,436.5529,440.182934,530.54801,533.165822,531.767672
191,47500,,0.699008,,0.699008,0.694183,0.696812,443.5378,436.5529,440.540844,530.859091,532.494652,531.694671
192,47500,,0.6996,,0.6996,0.695035,0.697211,443.5378,438.5412,440.904065,530.853415,532.365868,531.626225
193,47500,,0.6996,,0.6996,0.695035,0.697514,443.5378,438.6576,441.201712,530.853415,532.347985,531.589633
194,47500,,0.6996,,0.6996,0.695185,0.697832,443.5378,439.4406,441.527192,530.831509,532.347985,531.560102
195,47500,,0.69972,,0.69972,0.695672,0.698091,443.5378,439.8637,441.769481,530.831509,532.347985,531.520436
196,47500,,0.700306,,0.700306,0.695672,0.698367,444.2104,439.872,442.060963,530.831509,532.405124,531.499895
197,47500,,0.700954,,0.700954,0.695672,0.698722,444.2104,439.872,442.320462,530.205731,532.347985,531.397365
198,47500,,0.701051,,0.701051,0.696918,0.698954,444.2104,440.457,442.487011,530.205731,532.347985,531.32746
199,47500,,0.701051,,0.701051,0.696918,0.699244,444.2104,440.457,442.716169,530.205731,531.990079,531.255465
200,47500,,0.702003,,0.702003,0.697307,0.699538,444.5204,440.882,442.960598,530.045886,531.990079,531.189713
201,47500,,0.702003,,0.702003,0.697831,0.699807,444.5204,440.9674,443.208971,529.88412,531.990079,531.146147
202,47500,,0.702003,,0.702003,0.698072,0.700057,444.5204,441.7528,443.354719,529.88412,531.565289,531.049087
203,47500,,0.702417,,0.702417,0.698703,0.700359,445.4589,441.998,443.578511,529.88412,531.527868,530.963668
204,47500,,0.703594,,0.703594,0.698703,0.700557,445.4589,441.998,443.7388,529.463338,531.527868,530.916101
205,47500,,0.703594,,0.703594,0.698703,0.700773,445.4589,441.998,443.879744,529.463338,531.479921,530.842069
206,47500,,0.703862,,0.703862,0.698703,0.701007,446.0911,441.998,444.04571,529.463338,531.479921,530.770759
207,47500,,0.703862,,0.703862,0.699142,0.701348,446.0911,441.998,444.254616,529.463338,531.479921,530.644964
208,47500,,0.703862,,0.703862,0.699142,0.701564,446.0911,441.998,444.384344,529.463338,531.479921,530.563262
209,47500,,0.703862,,0.703862,0.699251,0.701734,446.0911,442.4048,444.504067,529.463338,531.479921,530.510887
210,47500,,0.703972,,0.703972,0.699848,0.702003,446.2349,442.6706,444.703107,529.40975,531.479921,530.434804
211,47500,,0.703972,,0.703972,0.700234,0.702241,446.2349,443.117,444.845822,529.40975,531.334661,530.344748
212,47500,,0.703972,,0.703972,0.700562,0.702466,446.2349,443.6946,444.997485,529.40975,531.219623,530.270893
213,47500,,0.704747,,0.704747,0.70086,0.702625,446.4011,443.9635,445.079764,528.722446,531.213386,530.201771
214,47500,,0.704747,,0.704747,0.701148,0.702818,446.4011,443.9773,445.176967,528.722446,531.213386,530.116732
215,47500,,0.705113,,0.705113,0.70117,0.703021,446.6452,443.117,445.276223,528.722446,531.119901,530.024704
216,47500,,0.705113,,0.705113,0.701183,0.703173,446.6452,443.117,445.369719,528.722446,531.119901,529.968674
217,47500,,0.705875,,0.705875,0.701889,0.703401,447.141,444.0046,445.52584,528.722446,530.898405,529.895326
218,47500,,0.705875,,0.705875,0.701889,0.70357,447.141,444.0046,445.639399,528.722446,530.898405,529.839807
219,47500,,0.705875,,0.705875,0.701889,0.703798,447.141,444.5685,445.794007,529.048382,530.898405,529.76557
220,47500,,0.706172,,0.706172,0.70236,0.704025,447.141,444.6334,445.957526,528.679882,530.552783,529.697901
221,47500,,0.706172,,0.706172,0.70236,0.704171,447.141,445.1053,446.058734,528.679882,530.587608,529.651806
222,47500,,0.706172,,0.706172,0.702514,0.704313,447.141,445.1053,446.118819,528.679882,530.587608,529.581151
223,47500,,0.706414,,0.706414,0.703129,0.704519,447.182,445.1053,446.21622,528.655193,530.34487,529.486051
224,47500,,0.706414,,0.706414,0.703279,0.704784,447.182,445.1702,446.36322,528.655193,530.34487,529.378067
225,47500,,0.706538,,0.706538,0.703279,0.704964,447.2469,445.1702,446.450139,528.601605,530.34487,529.296023
226,47500,,0.706538,,0.706538,0.704094,0.705207,447.3345,445.3573,446.562801,528.601605,530.030794,529.181904
227,47500,,0.707552,,0.707552,0.704404,0.705359,447.6549,445.3573,446.645558,528.084084,529.762801,529.118729
228,47500,,0.707552,,0.707552,0.704404,0.705605,447.719,445.3573,446.771009,528.084084,529.626512,529.010521
229,47500,,0.707552,,0.707552,0.704712,0.705821,447.719,445.4303,446.904028,528.084084,529.84148,528.931123
230,47500,,0.707552,,0.707552,0.70482,0.706032,447.719,446.2449,447.018969,528.084084,529.562444,528.844214
231,47500,,0.707552,,0.707552,0.705022,0.706171,447.719,446.2449,447.106116,528.084084,529.562444,528.793579
232,47500,,0.707672,,0.707672,0.705022,0.70635,447.719,446.2449,447.205093,527.990994,529.562444,528.720761
233,47500,,0.707672,,0.707672,0.705318,0.706522,447.719,446.466,447.286565,527.990994,529.562444,528.641249
234,47500,,0.707672,,0.707672,0.705387,0.706669,447.8848,446.466,447.352482,527.990994,529.26929,528.57049
235,47500,,0.707672,,0.707672,0.705387,0.706843,448.1354,446.466,447.445439,527.990994,529.26929,528.496692
236,47500,,0.708741,,0.708741,0.705464,0.707038,448.1858,446.466,447.536082,527.5128,529.26929,528.406061
237,47500,,0.708741,,0.708741,0.705954,0.707168,448.1858,446.9151,447.575947,527.5128,529.26929,528.331263
238,47500,,0.708741,,0.708741,0.705954,0.707325,448.5425,447.2469,447.636608,527.5128,529.26929,528.249261
239,47500,,0.708741,,0.708741,0.706005,0.707448,449.0092,447.2469,447.680982,527.5128,529.152278,528.183212
240,47500,,0.708741,,0.708741,0.706005,0.707572,449.0092,447.312,447.712951,527.5128,529.152278,528.108039
241,47500,,0.708741,,0.708741,0.706005,0.707682,449.0092,447.312,447.759603,527.5128,529.152278,528.052767
242,47500,,0.708939,,0.708939,0.706005,0.707829,449.0092,446.6977,447.804367,526.598508,529.152278,527.968785
243,47500,,0.710221,,0.710221,0.706903,0.707964,449.1628,446.6977,447.843227,526.598508,528.360701,527.888993
244,47500,,0.710221,,0.710221,0.707286,0.708094,449.1628,446.6977,447.882282,526.598508,528.408407,527.81393
245,47500,,0.710593,,0.710593,0.707286,0.708249,449.1628,446.6977,447.954369,526.598508,528.291329,527.741312
246,47500,,0.710593,,0.710593,0.70747,0.708354,449.1628,446.6977,447.95293,526.320378,528.161789,527.658566
247,47500,,0.710593,,0.710593,0.70747,0.708508,449.1628,446.6977,448.0488,526.320378,528.161789,527.602676
248,47500,,0.710593,,0.710593,0.70747,0.708654,449.1628,446.6977,448.067906,526.320378,528.044021,527.501581
249,47500,,0.710593,,0.710593,0.707672,0.708773,449.1628,446.6977,448.092081,526.277224,528.037641,527.424903
250,47500,,0.710593,,0.710593,0.707825,0.708925,449.1628,446.6977,448.094132,526.277224,528.037641,527.307738
251,47500,,0.710593,,0.710593,0.707825,0.709083,449.1628,446.6977,448.12152,526.277224,527.917914,527.203134
252,47500,,0.710593,,0.710593,0.707825,0.709169,449.1628,446.6977,448.157714,526.277224,527.917914,527.160136
253,47500,,0.710838,,0.710838,0.707825,0.709303,450.0504,446.6977,448.234339,525.82081,527.917914,527.107023
254,47500,,0.710838,,0.710838,0.707825,0.709423,450.0504,445.9338,448.302412,525.279604,527.871267,527.059085
255,47500,,0.710838,,0.710838,0.707924,0.709533,450.0504,445.9338,448.376215,525.279604,527.794023,527.022329
256,47500,,0.71104,,0.71104,0.707924,0.709673,450.0504,445.9338,448.473553,525.279604,527.794023,526.97845
257,47500,,0.712066,,0.712066,0.70886,0.709854,450.0504,445.9338,448.610851,525.279604,527.625738,526.929409
258,47500,,0.712066,,0.712066,0.70886,0.710016,450.0504,445.9338,448.634577,525.279604,527.625738,526.819135
259,47500,,0.712066,,0.712066,0.708905,0.710155,450.0504,445.9338,448.606734,525.279604,527.625738,526.69159
260,47500,,0.712066,,0.712066,0.708905,0.710274,450.0504,445.9338,448.643435,524.780036,527.625738,526.623656
261,47500,,0.713453,,0.713453,0.708905,0.710429,450.0504,445.9338,448.716827,524.469325,527.625738,526.552091
262,47500,,0.713453,,0.713453,0.708905,0.7106,450.0504,446.6437,448.816764,524.469325,527.625738,526.485673
263,47500,,0.713453,,0.713453,0.708905,0.710816,450.0504,446.6437,448.913678,524.469325,527.625738,526.382199
264,47500,,0.714909,,0.714909,0.708905,0.711086,450.0504,446.6437,448.995333,523.613809,527.625738,526.226136
265,47500,,0.715046,,0.715046,0.709113,0.711255,450.2634,446.6437,448.964458,523.114627,527.625738,526.073575
266,47500,,0.715046,,0.715046,0.709113,0.711407,450.2634,446.6437,448.99755,523.114627,527.428767,525.977136
267,47500,,0.715046,,0.715046,0.709113,0.711629,450.2634,446.6437,448.997532,523.114627,527.411073,525.80426
268,47500,,0.715046,,0.715046,0.709113,0.71192,450.4522,446.6437,449.085906,523.114627,527.335677,525.636505
269,47500,,0.716438,,0.716438,0.710441,0.712215,450.4522,446.6437,449.161942,522.896619,526.9292,525.457121
270,47500,,0.716438,,0.716438,0.711105,0.712403,450.4522,446.6437,449.176195,522.896619,526.83611,525.320086
271,47500,,0.716438,,0.716438,0.711105,0.712632,450.4522,446.6437,449.24085,522.871213,526.74319,525.184754
272,47500,,0.716438,,0.716438,0.711105,0.713004,450.4522,447.5313,449.348223,522.871213,526.74319,524.966155
273,47500,,0.716438,,0.716438,0.711105,0.713244,450.4522,447.5313,449.403577,522.690591,526.74319,524.816677
274,47500,,0.716655,,0.716655,0.711105,0.713649,450.4522,447.5313,449.46752,522.664799,526.676729,524.543156
275,47500,,0.717893,,0.717893,0.711552,0.714115,450.4522,448.4303,449.627139,521.761775,526.422215,524.286786
276,47500,,0.717893,,0.717893,0.711552,0.714555,450.5647,448.4303,449.734577,521.761775,526.422215,524.015389
277,47500,,0.717893,,0.717893,0.711552,0.714944,450.5647,448.4303,449.822024,521.761775,526.300568,523.771051
278,47500,,0.717893,,0.717893,0.711552,0.715143,450.6712,448.4303,449.848994,521.761775,526.300568,523.633734
279,47500,,0.718149,,0.718149,0.711932,0.715466,451.1001,448.4442,449.922217,521.761775,526.300568,523.430838
280,47500,,0.718178,,0.718178,0.712351,0.71594,451.1001,448.4442,450.025855,521.539982,525.267527,523.130321
281,47500,,0.718455,,0.718455,0.712379,0.716204,451.1001,448.4442,450.099909,521.4408,525.267527,522.974083
282,47500,,0.718455,,0.718455,0.712379,0.716437,451.1001,448.4442,450.13271,521.4408,525.267527,522.814446
283,47500,,0.719306,,0.719306,0.712485,0.716691,451.2276,448.8052,450.228344,521.310082,525.267527,522.680245
284,47500,,0.719306,,0.719306,0.713046,0.716947,451.4864,448.8052,450.335017,521.310082,524.946552,522.552595
285,47500,,0.719306,,0.719306,0.713046,0.717269,451.4864,449.3675,450.443696,521.310082,524.946552,522.373869
286,47500,,0.720016,,0.720016,0.714604,0.717547,451.584,449.4878,450.541368,520.995507,524.24991,522.222653
287,47500,,0.720016,,0.720016,0.715544,0.717747,451.584,449.8488,450.600577,520.989107,523.320655,522.106111
288,47500,,0.720058,,0.720058,0.715916,0.717949,451.6139,449.8488,450.685156,520.962605,523.030594,522.004939
289,47500,,0.720058,,0.720058,0.715916,0.718136,451.6139,449.8488,450.766432,520.962605,523.030594,521.914137
290,47500,,0.720058,,0.720058,0.715916,0.718385,451.6139,449.8488,450.833024,520.885647,523.030594,521.764378
291,47500,,0.720058,,0.720058,0.716704,0.718522,452.4455,449.8958,450.885446,520.885647,522.82418,521.692724
292,47500,,0.720539,,0.720539,0.716704,0.718691,451.7883,449.8958,450.956689,520.724053,522.82418,521.608525
293,47500,,0.720539,,0.720539,0.716704,0.718889,451.7883,449.8958,451.037384,520.724053,522.448019,521.507935
294,47500,,0.720577,,0.720577,0.717588,0.719098,451.7883,450.2568,451.124676,520.674532,522.448019,521.403724
295,47500,,0.720972,,0.720972,0.717588,0.719219,451.9703,450.2568,451.194875,520.508659,522.448019,521.356154
296,47500,,0.720972,,0.720972,0.717588,0.719457,451.9703,450.2568,451.299771,520.508659,522.448019,521.240895
297,47500,,0.720972,,0.720972,0.717588,0.71965,451.9703,450.2568,451.394574,520.508659,522.448019,521.153559
298,47500,,0.721249,,0.721249,0.717588,0.719797,452.1447,450.2568,451.463028,520.409477,522.448019,521.085292
299,47500,,0.721249,,0.721249,0.717893,0.719938,452.1447,450.2568,451.532814,520.409477,522.127044,521.021691
300,47500,,0.721249,,0.721249,0.717935,0.720092,452.1447,450.2568,451.616524,520.409477,521.837946,520.957759
301,47500,,0.721249,,0.721249,0.717935,0.720221,452.1447,450.2568,451.679792,520.409477,521.83389,520.89979
302,47500,,0.722969,,0.722969,0.718827,0.720341,452.7928,451.2276,451.72923,519.502282,521.800988,520.838805
303,47500,,0.722969,,0.722969,0.718827,0.720462,452.7928,451.2276,451.776548,519.502282,521.800988,520.776581
304,47500,,0.722969,,0.722969,0.718827,0.720596,452.7928,450.8666,451.81237,519.502282,521.800988,520.695806
305,47500,,0.722969,,0.722969,0.719243,0.72073,452.7928,450.8666,451.849565,519.502282,521.568836,520.616259
306,47500,,0.722969,,0.722969,0.719456,0.720935,452.7928,451.2276,451.922683,519.502282,521.568836,520.505164
307,47500,,0.722969,,0.722969,0.719456,0.721116,452.7928,451.2276,452.001281,519.502282,521.568836,520.417058
308,47500,,0.722969,,0.722969,0.719456,0.721277,452.7928,451.2276,452.065854,519.442083,521.568836,520.33469
309,47500,,0.72371,,0.72371,0.71987,0.721483,453.3933,451.2276,452.150972,519.280489,520.930118,520.230918
310,47500,,0.72371,,0.72371,0.720539,0.721621,453.3933,451.6093,452.207393,519.280489,520.730452,520.161102
311,47500,,0.72371,,0.72371,0.720539,0.721831,453.3933,451.6093,452.28645,519.280489,520.730452,520.050141
312,47500,,0.72371,,0.72371,0.720539,0.722041,453.3933,451.6093,452.377722,519.280489,520.724053,519.94777
313,47500,,0.72371,,0.72371,0.720539,0.722182,453.3933,451.6093,452.463136,519.280489,520.724053,519.895351
314,47500,,0.72371,,0.72371,0.720539,0.722318,453.3933,451.6093,452.527653,519.280489,520.724053,519.832055
315,47500,,0.72371,,0.72371,0.720539,0.722537,453.3933,451.6093,452.631701,519.280489,520.724053,519.731111
316,47500,,0.723994,,0.723994,0.720866,0.722694,453.3933,451.6093,452.705267,519.10478,520.508659,519.657912
317,47500,,0.723994,,0.723994,0.720972,0.722891,453.3933,451.9703,452.812708,519.10478,520.508659,519.576465
318,47500,,0.723994,,0.723994,0.721249,0.723012,453.3933,452.1447,452.883871,519.10478,520.466756,519.529691
319,47500,,0.723994,,0.723994,0.721249,0.723153,453.7253,452.1447,452.947953,519.10478,520.466756,519.462373
320,47500,,0.723994,,0.723994,0.72209,0.723273,453.7504,452.4065,453.031224,519.10478,520.466756,519.424966
321,47500,,0.72452,,0.72452,0.72209,0.723373,454.2143,452.3038,453.069762,519.10478,520.466756,519.37229
322,47500,,0.72452,,0.72452,0.722174,0.723499,454.2143,452.3038,453.148322,519.10478,519.79473,519.326645
323,47500,,0.724804,,0.724804,0.722883,0.723643,454.2143,452.6602,453.263522,519.023192,519.759227,519.291523
324,47500,,0.724804,,0.724804,0.723228,0.723765,454.2143,452.7928,453.368735,519.023192,519.759227,519.267311
325,47500,,0.725545,,0.725545,0.723228,0.723893,454.8148,452.7928,453.476285,518.847483,519.571108,519.239006
326,47500,,0.725545,,0.725545,0.723253,0.724042,454.8148,452.7928,453.590113,518.823281,519.55956,519.199697
327,47500,,0.725545,,0.725545,0.723359,0.724144,454.8148,453.0465,453.659801,518.823281,519.55956,519.166869
328,47500,,0.725805,,0.725805,0.723359,0.724256,455.0685,453.0465,453.736541,518.814996,519.55956,519.130297
329,47500,,0.725805,,0.725805,0.72371,0.724354,455.0685,453.3933,453.808275,518.814996,519.337768,519.101965
330,47500,,0.725805,,0.725805,0.723969,0.724436,455.0685,453.3933,453.869773,518.78195,519.294086,519.07936
331,47500,,0.725805,,0.725805,0.723969,0.724518,455.0685,453.3933,453.935649,518.78195,519.294086,519.059571
332,47500,,0.725805,,0.725805,0.723969,0.724602,455.0685,453.3933,454.017743,518.78195,519.348382,519.048883
333,47500,,0.725924,,0.725924,0.723969,0.724688,455.0685,453.3933,454.091481,518.722077,519.348382,519.031636
334,47500,,0.725924,,0.725924,0.723994,0.72482,455.0685,453.3933,454.203113,518.722077,519.348382,519.003058
335,47500,,0.725924,,0.725924,0.723994,0.724958,455.0685,453.3933,454.315481,518.722077,519.348382,518.971178
336,47500,,0.72693,,0.72693,0.723994,0.725111,455.8958,453.3933,454.441184,518.492166,519.348382,518.935728
337,47500,,0.72693,,0.72693,0.723994,0.725235,455.8958,453.3933,454.544072,518.492166,519.26416,518.908332
338,47500,,0.72693,,0.72693,0.723994,0.72534,455.8958,453.3933,454.633502,518.492166,519.26416,518.886252
339,47500,,0.72693,,0.72693,0.723994,0.725498,455.8958,453.3933,454.763425,518.492166,519.26416,518.850036
340,47500,,0.72693,,0.72693,0.723994,0.725609,455.8958,453.3933,454.848753,518.492166,519.26416,518.820752
341,47500,,0.727049,,0.727049,0.723994,0.725756,455.8958,453.3933,454.949112,518.399247,519.26416,518.772874
342,47500,,0.727049,,0.727049,0.7241,0.725889,455.8958,453.647,455.056412,518.399247,519.26416,518.741667
343,47500,,0.727049,,0.727049,0.7241,0.726056,455.8958,453.647,455.193097,518.399247,519.26416,518.702349
344,47500,,0.727049,,0.727049,0.7241,0.726179,455.8958,453.647,455.292548,518.399247,519.26416,518.673411
345,47500,,0.727049,,0.727049,0.724293,0.726337,455.8958,453.647,455.414771,518.399247,519.201405,518.63196
346,47500,,0.727049,,0.727049,0.724398,0.726417,455.8958,454.008,455.477281,518.399247,519.201405,518.611236
347,47500,,0.727049,,0.727049,0.725805,0.72651,455.8958,455.0685,455.54326,518.399247,518.814996,518.582937
348,47500,,0.727083,,0.727083,0.725805,0.726565,455.8958,455.0685,455.578889,518.372439,518.814996,518.563835
349,47500,,0.727083,,0.727083,0.725844,0.726633,455.8958,455.0685,455.622791,518.372439,518.784728,518.54054
350,47500,,0.727083,,0.727083,0.725844,0.726685,455.8958,455.0685,455.655883,518.372439,518.784728,518.522389
351,47500,,0.727083,,0.727083,0.725844,0.726738,455.8958,455.0685,455.688975,518.372439,518.784728,518.502976
352,47500,,0.727083,,0.727083,0.725924,0.726778,455.8958,455.0685,455.710549,518.372439,518.722077,518.485903
353,47500,,0.727083,,0.727083,0.725924,0.726786,455.8958,455.0685,455.710549,518.372439,518.722077,518.479948
354,47500,,0.727083,,0.727083,0.725924,0.726802,455.8958,455.0685,455.720605,518.372439,518.722077,518.474366
355,47500,,0.727202,,0.727202,0.725924,0.726849,455.8958,455.0685,455.750452,518.279519,518.722077,518.4572
356,47500,,0.727202,,0.727202,0.725924,0.726902,455.8958,455.0685,455.786789,518.279519,518.722077,518.440305
357,47500,,0.727977,,0.727977,0.725924,0.726958,456.4048,455.0685,455.821726,518.016047,518.722077,518.420048
358,47500,,0.727977,,0.727977,0.725924,0.726999,456.4048,455.0685,455.846545,518.016047,518.722077,518.405295
359,47500,,0.727977,,0.727977,0.725924,0.72705,456.4048,455.0685,455.879637,518.016047,518.722077,518.387108
360,47500,,0.727977,,0.727977,0.726526,0.727094,456.4048,455.5713,455.902735,518.016047,518.589226,518.368489
361,47500,,0.727977,,0.727977,0.727049,0.727118,456.4048,455.8958,455.91107,518.016047,518.399247,518.355686
362,47500,,0.727977,,0.727977,0.727049,0.72715,456.4048,455.8958,455.92634,518.016047,518.399247,518.340337
363,47500,,0.728016,,0.728016,0.727049,0.727165,456.4048,455.8888,455.93136,517.985778,518.399247,518.332002
364,47500,,0.728016,,0.728016,0.727049,0.727199,456.4048,455.8888,455.94663,517.985778,518.399247,518.316092
365,47500,,0.728016,,0.728016,0.727049,0.72721,456.4048,455.8958,455.9467,517.985778,518.399247,518.307554
366,47500,,0.728016,,0.728016,0.727049,0.727238,456.4048,455.8958,455.95688,517.985778,518.399247,518.292209
367,47500,,0.728263,,0.728263,0.727049,0.727288,456.9106,455.8958,455.982298,517.985778,518.399247,518.270823
368,47500,,0.728263,,0.728263,0.727049,0.727329,456.9106,455.8958,456.002658,517.985778,518.399247,518.252082
369,47500,,0.728263,,0.728263,0.727049,0.727374,456.9106,455.8958,456.023018,517.887714,518.399247,518.23103
370,47500,,0.728263,,0.728263,0.727049,0.727392,456.9106,455.8958,456.028108,517.887714,518.399247,518.220097
371,47500,,0.728263,,0.728263,0.727049,0.727494,456.9106,455.8958,456.089124,517.887714,518.399247,518.181153
372,47500,,0.728263,,0.728263,0.727049,0.727547,456.9106,455.8958,456.119632,517.887714,518.399247,518.160904
373,47500,,0.728561,,0.728561,0.727087,0.727616,456.9106,455.8958,456.163916,517.803412,518.368978,518.1366
374,47500,,0.728561,,0.728561,0.727087,0.727697,456.9106,455.8958,456.223406,517.803412,518.368978,518.113096
375,47500,,0.728561,,0.728561,0.727087,0.727774,456.9106,455.8958,456.274663,517.803412,518.368978,518.087345
376,47500,,0.728561,,0.728561,0.727213,0.727846,456.9106,455.8958,456.317517,517.803412,518.270914,518.060074
377,47500,,0.728561,,0.728561,0.727213,0.727913,456.9106,455.8958,456.360339,517.803412,518.270914,518.036612
378,47500,,0.728561,,0.728561,0.727213,0.728003,456.9106,455.8958,456.422059,517.803412,518.270914,518.007447
379,47500,,0.728561,,0.728561,0.727213,0.728087,456.9106,455.8958,456.485598,517.803412,518.270914,517.984844
380,47500,,0.728561,,0.728561,0.727241,0.72814,456.9106,455.8958,456.527815,517.803412,518.383069,517.971872
381,47500,,0.728991,,0.728991,0.727241,0.728197,457.4196,455.8958,456.574095,517.803412,518.383069,517.958286
382,47500,,0.728991,,0.728991,0.727241,0.728248,457.4196,455.8958,456.61956,517.803412,518.249251,517.949034
383,47500,,0.728991,,0.728991,0.727241,0.728306,457.4196,455.8958,456.66092,517.803412,518.249251,517.930833
384,47500,,0.729133,,0.729133,0.727241,0.728375,457.4196,455.8958,456.73266,517.794548,518.249251,517.925801
385,47500,,0.729133,,0.729133,0.727241,0.72842,457.4196,455.8958,456.771096,517.794548,518.249251,517.916301
386,47500,,0.729144,,0.729144,0.727241,0.728449,457.4196,455.8958,456.79359,517.785943,518.249251,517.908241
387,47500,,0.729144,,0.729144,0.728142,0.728535,457.4196,456.4048,456.87551,517.785943,518.131802,517.896741
388,47500,,0.729263,,0.729263,0.72817,0.728587,457.4196,456.4048,456.911844,517.693023,518.131802,517.880392
389,47500,,0.729263,,0.729263,0.72817,0.72863,457.4196,456.4048,456.936529,517.693023,518.131802,517.862797
390,47500,,0.729263,,0.729263,0.72817,0.72868,457.4196,456.4048,456.972934,517.693023,518.131802,517.848307
391,47500,,0.729536,,0.729536,0.728393,0.728747,457.7824,456.7676,457.02234,517.693023,518.030278,517.829405
392,47500,,0.729536,,0.729536,0.728393,0.728802,457.7824,456.7676,457.069767,517.67136,518.030278,517.818485
393,47500,,0.729536,,0.729536,0.728473,0.728874,457.7824,456.7676,457.127566,517.67136,517.968457,517.801118
394,47500,,0.730426,,0.730426,0.728473,0.728931,458.5246,456.7676,457.169124,517.526701,517.968457,517.784226
395,47500,,0.730426,,0.730426,0.728561,0.729034,458.5246,456.7676,457.257368,517.526701,517.812751,517.762702
396,47500,,0.730426,,0.730426,0.728561,0.729152,458.5246,456.7676,457.365866,517.526701,517.812751,517.744018
397,47500,,0.730426,,0.730426,0.728561,0.729224,458.5246,456.7676,457.42692,517.526701,517.812751,517.728388
398,47500,,0.730426,,0.730426,0.728561,0.729355,458.5246,456.7676,457.546269,517.526701,517.812751,517.70621
399,47500,,0.730545,,0.730545,0.728561,0.729495,458.5246,456.7676,457.678284,517.433782,517.812751,517.685582
400,47500,,0.730545,,0.730545,0.728561,0.729552,458.5246,456.7676,457.730158,517.433782,517.812751,517.676081
401,47500,,0.730545,,0.730545,0.728561,0.729656,458.5246,456.7676,457.824912,517.433782,518.216354,517.658286
402,47500,,0.730573,,0.730573,0.728561,0.729774,458.5246,456.7676,457.908464,517.412118,517.894896,517.621952
403,47500,,0.730573,,0.730573,0.728561,0.729931,458.5246,456.7676,458.041164,517.412118,517.894896,517.588965
404,47500,,0.730573,,0.730573,0.728561,0.730091,458.5246,456.7676,458.175436,517.412118,517.803412,517.553673
405,47500,,0.730573,,0.730573,0.728561,0.73021,458.5246,456.7676,458.275052,517.412118,517.803412,517.527986
406,47500,,0.730573,,0.730573,0.728561,0.730317,458.5246,456.7676,458.362716,517.412118,517.803412,517.503143
407,47500,,0.730573,,0.730573,0.729263,0.730428,458.5246,457.4196,458.454174,517.412118,517.693023,517.477397
408,47500,,0.730573,,0.730573,0.729683,0.730481,458.5246,457.7824,458.494912,517.412118,517.608721,517.463585
409,47500,,0.731396,,0.731396,0.729683,0.730524,458.861,457.7824,458.520542,516.995132,517.608721,517.447059
410,47500,,0.731396,,0.731396,0.730415,0.730541,458.861,458.5246,458.527964,516.995132,517.535306,517.439368
411,47500,,0.731396,,0.731396,0.730426,0.730552,458.861,458.5246,458.527964,516.995132,517.526701,517.430178
412,47500,,0.731396,,0.731396,0.730426,0.730562,458.861,458.5246,458.527964,516.995132,517.526701,517.422416
413,47500,,0.731396,,0.731396,0.730426,0.730587,458.861,458.5246,458.534692,516.995132,517.526701,517.408004
414,47500,,0.731396,,0.731396,0.730426,0.730606,458.861,458.5246,458.54142,516.995132,517.526701,517.39703
415,47500,,0.731396,,0.731396,0.730545,0.730626,458.861,458.5246,458.548148,516.995132,517.433782,517.386021
416,47500,,0.731396,,0.731396,0.730545,0.730647,458.861,458.5246,458.556576,516.995132,517.433782,517.375531
417,47500,,0.731424,,0.731424,0.730545,0.73069,458.861,458.5246,458.575096,516.973468,517.508841,517.354462
418,47500,,0.731424,,0.731424,0.730545,0.730728,458.861,458.5246,458.593652,516.973468,517.508841,517.337453
419,47500,,0.731711,,0.731711,0.730545,0.730776,458.861,458.5246,458.611335,516.579419,517.508841,517.311391
420,47500,,0.731711,,0.731711,0.730573,0.730815,458.861,458.5246,458.631142,516.579419,517.508841,517.294763
421,47500,,0.731739,,0.731739,0.730573,0.730842,458.861,458.5246,458.634011,516.557755,517.508841,517.275275
422,47500,,0.73175,,0.73175,0.730573,0.730937,459.0204,458.5246,458.662084,516.54915,517.508841,517.22013
423,47500,,0.73175,,0.73175,0.730573,0.730995,459.1904,458.5246,458.691322,516.54915,517.508841,517.194344
424,47500,,0.732158,,0.732158,0.730573,0.731069,459.4849,458.5246,458.725125,516.54915,517.412118,517.159167
425,47500,,0.732159,,0.732159,0.730573,0.731118,459.4849,458.5246,458.745364,516.54915,517.412118,517.134652
426,47500,,0.732159,,0.732159,0.730573,0.731163,459.4849,458.5246,458.761757,516.54915,517.412118,517.110816
427,47500,,0.732404,,0.732404,0.730574,0.731233,459.6549,458.5246,458.803094,516.54915,517.411271,517.083532
428,47500,,0.732404,,0.732404,0.730574,0.731286,459.6549,458.5246,458.818306,516.54915,517.411271,517.052523
429,47500,,0.732404,,0.732404,0.730574,0.731344,459.6549,458.5246,458.834537,516.54915,517.411271,517.017836
430,47500,,0.732404,,0.732404,0.730688,0.731418,459.6549,458.6073,458.870624,516.54915,517.403239,516.984532
431,47500,,0.732404,,0.732404,0.730688,0.731518,459.6549,458.6073,458.930182,516.480174,517.403239,516.946181
432,47500,,0.732404,,0.732404,0.730688,0.731614,459.6549,458.6073,458.988593,516.480174,517.403239,516.910611
433,47500,,0.732404,,0.732404,0.730688,0.731686,459.6549,458.6073,459.015378,516.480174,517.403239,516.872259
434,47500,,0.732404,,0.732404,0.730818,0.731782,459.6549,458.6073,459.088372,516.480174,517.334537,516.846231
435,47500,,0.732415,,0.732415,0.730818,0.731879,459.6549,458.6073,459.158802,516.480174,517.334537,516.817809
436,47500,,0.732416,,0.732416,0.730818,0.731968,459.6549,458.6073,459.221884,516.480174,517.334537,516.790987
437,47500,,0.732416,,0.732416,0.730818,0.732037,459.6549,458.2484,459.279958,516.480174,517.334537,516.775708
438,47500,,0.732416,,0.732416,0.730818,0.732129,459.6549,458.6073,459.373381,516.470723,517.334537,516.766629
439,47500,,0.732519,,0.732519,0.731539,0.732196,459.7764,458.6073,459.425477,516.470723,516.965436,516.749443
440,47500,,0.732519,,0.732519,0.731669,0.732275,459.7764,458.6073,459.517091,516.470723,516.895888,516.749172
441,47500,,0.732865,,0.732865,0.731669,0.732315,460.2202,458.6073,459.554884,516.470723,516.895888,516.743631
442,47500,,0.732865,,0.732865,0.731795,0.732352,460.2202,458.7773,459.589646,516.470723,516.879251,516.738256
443,47500,,0.732865,,0.732865,0.731795,0.732381,460.2202,458.7773,459.624414,516.470723,516.879251,516.738837
444,47500,,0.732865,,0.732865,0.731985,0.732399,460.2202,458.7773,459.64139,516.470723,516.77208,516.735995
445,47500,,0.732865,,0.732865,0.731985,0.732426,460.2202,458.7773,459.674479,516.480174,516.77208,516.736709
446,47500,,0.732865,,0.732865,0.732178,0.732448,460.2202,459.438,459.699664,516.697292,516.77208,516.736955
447,47500,,0.732876,,0.732876,0.732404,0.732467,460.2202,459.6549,459.721994,516.723809,516.759916,516.737066
448,47500,,0.732876,,0.732876,0.732404,0.732485,460.2202,459.6549,459.743391,516.723809,516.759916,516.737514
449,47500,,0.732876,,0.732876,0.732404,0.732498,460.2202,459.6549,459.759135,516.723809,516.759916,516.737525
450,47500,,0.732876,,0.732876,0.732404,0.732512,460.2202,459.6549,459.774879,516.723809,516.759916,516.737029
451,47500,,0.732878,,0.732878,0.732404,0.732536,460.2202,459.6549,459.803144,516.723809,516.759916,516.737443
452,47500,,0.73313,,0.73313,0.732404,0.732553,460.2202,459.6549,459.821729,516.5539,516.897786,516.736988
453,47500,,0.73313,,0.73313,0.732404,0.732576,460.2202,459.6549,459.845556,516.5539,516.897786,516.734811
454,47500,,0.73313,,0.73313,0.732404,0.732597,460.2202,459.6549,459.858881,516.5539,516.759916,516.726978
455,47500,,0.733612,,0.733612,0.732415,0.732635,460.8441,459.6549,459.899038,516.5539,516.759916,516.724489
456,47500,,0.733612,,0.733612,0.732415,0.732692,460.8441,459.6549,459.957533,516.5539,516.759916,516.71918
457,47500,,0.733689,,0.733689,0.732415,0.732742,460.8441,459.6549,460.004722,516.535763,516.759916,516.711472
458,47500,,0.733689,,0.733689,0.732415,0.732799,460.8441,459.6549,460.045422,516.535763,516.759916,516.694682
459,47500,,0.733689,,0.733689,0.732416,0.732838,460.8441,459.6549,460.075281,516.535763,516.759916,516.684514
460,47500,,0.733689,,0.733689,0.732416,0.732883,460.8441,459.6549,460.11418,516.535763,516.759916,516.674859
461,47500,,0.733689,,0.733689,0.732416,0.732956,460.8441,459.6549,460.178035,516.535763,516.759916,516.661319
462,47500,,0.73431,,0.73431,0.732416,0.733036,461.2365,459.6549,460.249037,516.314268,516.758497,516.646092
463,47500,,0.73431,,0.73431,0.732416,0.733152,461.2365,459.6549,460.354687,516.314268,516.758497,516.626278
464,47500,,0.73431,,0.73431,0.732416,0.733225,461.2365,459.6549,460.416928,516.314268,516.758497,516.611602
465,47500,,0.734558,,0.734558,0.732416,0.733322,461.2365,459.6549,460.495456,516.03943,516.751312,516.588081
466,47500,,0.734673,,0.734673,0.732416,0.733401,461.2365,459.6549,460.556203,516.031398,516.751312,516.567619
467,47500,,0.734673,,0.734673,0.732416,0.733525,461.2365,459.6549,460.648232,516.031398,516.751312,516.532089
468,47500,,0.734673,,0.734673,0.73253,0.73362,461.2365,459.7764,460.728899,516.031398,516.843185,516.512338
469,47500,,0.734673,,0.734673,0.732608,0.733739,461.2365,459.7764,460.812331,516.031398,516.843185,516.475196
470,47500,,0.734926,,0.734926,0.732608,0.73386,461.2365,459.7764,460.88791,515.833986,516.843185,516.431481
471,47500,,0.734926,,0.734926,0.733019,0.733956,461.2365,460.2202,460.93786,515.833986,516.843185,516.390225
472,47500,,0.734926,,0.734926,0.73313,0.734066,461.2365,460.2202,460.988467,515.833986,516.596716,516.338415
473,47500,,0.734926,,0.734926,0.733612,0.734183,461.2365,460.8441,461.040579,515.833986,516.59587,516.282121
474,47500,,0.734926,,0.734926,0.733612,0.734263,461.2365,460.8441,461.073186,515.833986,516.59587,516.241495
475,47500,,0.735894,,0.735894,0.73365,0.734373,462.1956,460.8441,461.121044,515.721077,516.566446,516.187611
476,47500,,0.735894,,0.735894,0.733689,0.73448,462.1956,460.8441,461.173882,515.721077,516.535763,516.139624
477,47500,,0.735894,,0.735894,0.733689,0.734563,462.1956,460.8441,461.207017,515.721077,516.535763,516.096873
478,47500,,0.735894,,0.735894,0.733689,0.734646,462.1956,460.8441,461.256452,515.721077,516.535763,516.065566
479,47500,,0.735894,,0.735894,0.733689,0.734757,462.1956,460.8441,461.311033,515.51887,516.535763,516.01537
480,47500,,0.735894,,0.735894,0.733689,0.734862,462.1956,460.8441,461.373526,515.51887,516.535763,515.975212
481,47500,,0.735894,,0.735894,0.733689,0.734996,462.1956,460.8441,461.463447,515.51887,516.535763,515.930935
482,47500,,0.736298,,0.736298,0.733689,0.735129,462.1956,460.8441,461.54026,515.40596,516.535763,515.878977
483,47500,,0.736298,,0.736298,0.734673,0.735248,462.1956,461.2365,461.628928,515.40596,516.272384,515.845189
484,47500,,0.736951,,0.736951,0.734673,0.735373,463.0325,461.2365,461.733728,515.40596,516.272384,515.818064
485,47500,,0.736951,,0.736951,0.734673,0.73547,463.0325,461.2365,461.802358,515.40596,516.272384,515.788808
486,47500,,0.736951,,0.736951,0.734673,0.735579,463.0325,461.2365,461.888677,515.40596,516.272384,515.761354
487,47500,,0.736951,,0.736951,0.734673,0.735718,463.0325,461.2365,461.985559,515.40596,516.074972,515.717784
488,47500,,0.736951,,0.736951,0.734926,0.735858,463.0325,461.2365,462.075302,515.40596,516.074972,515.66918
489,47500,,0.736951,,0.736951,0.734926,0.735947,463.0325,461.2365,462.13184,515.40596,515.833986,515.6373
490,47500,,0.736951,,0.736951,0.734926,0.736079,463.0325,461.2365,462.233188,515.40596,515.833986,515.602656
491,47500,,0.736951,,0.736951,0.734926,0.736249,463.0325,461.2365,462.367411,515.314531,515.833986,515.559346
492,47500,,0.736951,,0.736951,0.734926,0.736386,463.0325,461.2365,462.473041,515.314531,515.833986,515.523638
493,47500,,0.736951,,0.736951,0.734926,0.73652,463.0325,461.2365,462.58729,515.314531,515.833986,515.495756
494,47500,,0.736951,,0.736951,0.735894,0.736638,463.0325,462.1956,462.691963,515.314531,515.721077,515.473758
495,47500,,0.736951,,0.736951,0.735894,0.736734,463.0325,462.1956,462.769328,515.314531,515.721077,515.450416
496,47500,,0.736951,,0.736951,0.735894,0.736782,463.0325,462.1956,462.811023,515.314531,515.721077,515.441135
497,47500,,0.736951,,0.736951,0.735894,0.736806,463.0325,462.1956,462.832913,515.314531,515.721077,515.437378
498,47500,,0.736951,,0.736951,0.735894,0.736835,463.0325,462.1956,462.864659,515.314531,515.721077,515.435927
499,47500,,0.736951,,0.736951,0.736298,0.736865,463.0325,462.1956,462.895791,515.314531,515.462427,515.433461
500,47500,,0.736951,,0.736951,0.736298,0.736892,463.0325,462.1956,462.928653,515.314531,515.462427,515.434468
501,47500,,0.736951,,0.736951,0.736298,0.736914,463.0325,462.1956,462.95895,515.314531,515.462427,515.437128
502,47500,,0.736951,,0.736951,0.736298,0.736925,463.0325,462.1956,462.976583,515.314531,515.462427,515.440555
503,47500,,0.736951,,0.736951,0.736298,0.736928,463.0325,462.1956,462.987075,515.314531,515.457698,515.445542
504,47500,,0.736951,,0.736951,0.736298,0.736932,463.0325,462.1956,462.996339,515.314531,515.457698,515.448452
505,47500,,0.736951,,0.736951,0.736298,0.736938,463.0325,462.1956,463.006719,515.314531,515.457698,515.450668
506,47500,,0.736951,,0.736951,0.73685,0.736947,463.0325,462.7981,463.020892,515.314531,515.457698,515.453356
507,47500,,0.736951,,0.736951,0.736951,0.73695,463.0325,463.0325,463.03077,515.420751,515.457698,515.457328
508,47500,,0.736951,,0.736951,0.736951,0.736951,463.0325,463.0325,463.0325,515.457698,515.457698,515.457698
509,47500,,0.736951,,0.736951,0.736951,0.736951,463.0325,463.0325,463.0325,515.457698,515.457698,515.457698
510,47500,,0.736951,,0.736951,0.736951,0.736951,463.0325,463.0325,463.0325,515.457698,515.457698,515.457698
511,47500,,0.736951,,0.736951,0.736951,0.736951,463.0325,463.0325,463.0325,515.457698,515.457698,515.457698
512,47500,,0.736977,,0.736977,0.736951,0.736951,463.0325,463.0325,463.0325,515.437295,515.457698,515.457494
513,47500,,0.736977,,0.736977,0.736951,0.736952,463.0325,463.0325,463.0325,515.437295,515.457698,515.457289
514,47500,,0.736977,,0.736977,0.736951,0.736952,463.0325,463.0325,463.0325,515.437295,515.457698,515.457085
515,47500,,0.736977,,0.736977,0.736951,0.736953,463.0325,463.0325,463.0325,515.437295,515.457698,515.456473
516,47500,,0.736977,,0.736977,0.736951,0.736954,463.0325,463.0325,463.0325,515.437295,515.457698,515.455657
517,47500,,0.736977,,0.736977,0.736951,0.736954,463.0325,463.0325,463.0325,515.437295,515.457698,515.455045
518,47500,,0.736977,,0.736977,0.736951,0.736955,463.0325,463.0325,463.0325,515.437295,515.457698,515.454229
519,47500,,0.737116,,0.737116,0.736951,0.736958,463.0569,463.0325,463.032744,515.345296,515.457698,515.452085
520,47500,,0.737116,,0.737116,0.736951,0.736959,463.0569,463.0325,463.032744,515.345296,515.457698,515.451473
521,47500,,0.737407,,0.737407,0.736951,0.736967,463.5008,463.0325,463.037671,515.345296,515.457698,515.448504
522,47500,,0.737407,,0.737407,0.736951,0.73697,463.5008,463.0325,463.037915,515.345296,515.457698,515.446359
523,47500,,0.737407,,0.737407,0.736951,0.736976,463.5008,463.0325,463.042598,515.345296,515.457698,515.444718
524,47500,,0.737407,,0.737407,0.736951,0.736987,463.5008,463.0325,463.051964,515.345296,515.457698,515.442456
525,47500,,0.737407,,0.737407,0.736951,0.736995,463.5008,463.0325,463.056891,515.345296,515.457698,515.439894
526,47500,,0.737407,,0.737407,0.736951,0.737001,463.5008,463.0325,463.061574,515.345296,515.457698,515.438457
527,47500,,0.737407,,0.737407,0.736951,0.737013,463.5008,463.0325,463.071184,515.345296,515.457698,515.435274
528,47500,,0.737407,,0.737407,0.736951,0.737033,463.5008,463.0325,463.09016,515.345296,515.457698,515.432482
529,47500,,0.737433,,0.737433,0.736951,0.73704,463.5008,463.0325,463.095087,515.345296,515.457698,515.430328
530,47500,,0.737433,,0.737433,0.736951,0.737062,463.5008,463.0325,463.114307,515.324894,515.457698,515.426208
531,47500,,0.737433,,0.737433,0.736951,0.73708,463.5008,463.0325,463.128844,515.324894,515.457698,515.421484
532,47500,,0.737433,,0.737433,0.736951,0.737093,463.5008,463.0325,463.138698,515.324894,515.457698,515.417789
533,47500,,0.737433,,0.737433,0.736977,0.73712,463.5008,463.0325,463.162601,515.324894,515.437295,515.412843
534,47500,,0.737433,,0.737433,0.736977,0.737142,463.5008,463.0325,463.181333,515.160627,515.437295,515.408716
535,47500,,0.737433,,0.737433,0.736977,0.737154,463.5008,463.0325,463.191187,515.160627,515.437295,515.405838
536,47500,,0.737433,,0.737433,0.736977,0.737169,463.5008,463.0325,463.201285,515.160627,515.437295,515.401019
537,47500,,0.737433,,0.737433,0.736977,0.737192,463.5008,463.0325,463.224456,515.160627,515.437295,515.398007
538,47500,,0.737598,,0.737598,0.736977,0.737225,463.5252,463.0325,463.253286,515.160627,515.437295,515.391927
539,47500,,0.737598,,0.737598,0.736977,0.737253,463.5252,463.0325,463.276945,515.160627,515.437295,515.385851
540,47500,,0.737598,,0.737598,0.736977,0.737275,463.5252,463.0325,463.296165,515.160627,515.437295,515.38173
541,47500,,0.737598,,0.737598,0.736977,0.73729,463.5252,463.0325,463.302068,515.160627,515.437295,515.373642
542,47500,,0.737598,,0.737598,0.736977,0.737317,463.5252,463.0325,463.321776,515.160627,515.437295,515.365835
543,47500,,0.737809,,0.737809,0.736977,0.737343,463.5252,463.0325,463.34124,515.118909,515.437295,515.359151
544,47500,,0.737809,,0.737809,0.736977,0.737356,463.5252,463.0325,463.346655,515.118909,515.437295,515.352077
545,47500,,0.737809,,0.737809,0.736977,0.737387,463.5252,463.0325,463.374997,515.118909,515.437295,515.346807
546,47500,,0.737809,,0.737809,0.736977,0.737409,463.5252,463.0325,463.385583,515.118909,515.437295,515.337067
547,47500,,0.737809,,0.737809,0.736977,0.737448,463.5252,463.0325,463.415145,515.118909,515.437295,515.326177
548,47500,,0.737809,,0.737809,0.736977,0.737477,463.5252,463.0325,463.434121,515.118909,515.437295,515.316814
549,47500,,0.737809,,0.737809,0.736977,0.737511,463.5252,463.0325,463.458268,515.118909,515.437295,515.306428
550,47500,,0.737809,,0.737809,0.737142,0.737543,463.5252,463.0569,463.482415,515.118909,515.395577,515.297685
551,47500,,0.737809,,0.737809,0.737142,0.73757,463.5252,463.0569,463.493245,515.104636,515.395577,515.283912
552,47500,,0.739003,,0.739003,0.737142,0.737614,464.8322,463.0569,463.51295,515.063329,515.395577,515.26262
553,47500,,0.739003,,0.739003,0.737142,0.737654,464.8322,463.0569,463.540557,514.992234,515.395577,515.24946
554,47500,,0.739003,,0.739003,0.737433,0.737706,464.8322,463.5008,463.585426,514.992234,515.395577,515.239594
555,47500,,0.739003,,0.739003,0.737433,0.737723,464.8322,463.5008,463.586158,514.992234,515.395577,515.226506
556,47500,,0.739003,,0.739003,0.737433,0.737784,464.8322,463.5008,463.626344,514.992234,515.395577,515.206106
557,47500,,0.739003,,0.739003,0.737433,0.73784,464.8322,463.5008,463.666286,514.992234,515.395577,515.189332
558,47500,,0.739376,,0.739376,0.737433,0.737932,464.8322,463.5008,463.745194,514.772387,515.395577,515.170372
559,47500,,0.739376,,0.739376,0.737433,0.738021,464.8322,463.5008,463.811276,514.772387,515.395577,515.144616
560,47500,,0.739376,,0.739376,0.737598,0.738134,465.0177,463.5252,463.893015,514.772387,515.283176,515.111494
561,47500,,0.739376,,0.739376,0.737598,0.738173,465.0177,463.5252,463.919155,514.772387,515.283176,515.098851
562,47500,,0.739376,,0.739376,0.737598,0.738214,465.0177,463.5252,463.945295,514.772387,515.283176,515.084534
563,47500,,0.739376,,0.739376,0.737598,0.738282,465.0177,463.5252,463.997575,514.772387,515.283176,515.066196
564,47500,,0.739376,,0.739376,0.737598,0.738338,465.0177,463.5252,464.03864,514.772387,515.283176,515.050385
565,47500,,0.739376,,0.739376,0.737598,0.738444,465.0177,463.5252,464.122625,514.772387,515.283176,515.023883
566,47500,,0.739376,,0.739376,0.737598,0.738532,465.0177,463.5252,464.18983,514.772387,515.283176,515.000049
567,47500,,0.740602,,0.740602,0.737598,0.738647,465.6111,463.5252,464.281604,514.337813,515.283176,514.972065
568,47500,,0.740602,,0.740602,0.737598,0.738738,465.6111,463.5252,464.354374,514.337813,515.283176,514.949408
569,47500,,0.740602,,0.740602,0.737598,0.738885,465.6111,463.5252,464.476385,514.076421,515.283176,514.917111
570,47500,,0.740602,,0.740602,0.737809,0.739065,465.6111,463.5252,464.605702,514.076421,515.330975,514.86301
571,47500,,0.740602,,0.740602,0.737835,0.739259,465.6111,463.5252,464.760453,514.076421,515.330975,514.815217
572,47500,,0.740602,,0.740602,0.737835,0.739375,465.6111,463.5252,464.854611,514.076421,515.098507,514.787783
573,47500,,0.74086,,0.74086,0.737835,0.739475,465.7966,463.5252,464.931472,514.056019,515.098507,514.761499
574,47500,,0.74086,,0.74086,0.737835,0.739581,465.7966,463.5252,464.998395,513.999813,515.098507,514.723458
575,47500,,0.74086,,0.74086,0.737835,0.73977,465.7966,463.5252,465.104557,513.999813,515.098507,514.647251
576,47500,,0.74086,,0.74086,0.739234,0.739896,465.7966,464.8322,465.174912,513.999813,515.007123,514.59612
577,47500,,0.74086,,0.74086,0.739234,0.739985,465.7966,464.8322,465.199226,513.999813,515.007123,514.543445
578,47500,,0.74086,,0.74086,0.739234,0.740076,465.7966,464.8322,465.238022,513.999813,515.007123,514.498398
579,47500,,0.74086,,0.74086,0.739234,0.740134,465.7966,464.8322,465.268809,513.999813,515.007123,514.473772
580,47500,,0.74086,,0.74086,0.73926,0.740235,465.7966,464.8322,465.308257,513.999813,514.98672,514.421281
581,47500,,0.74086,,0.74086,0.73926,0.740313,465.7966,464.8322,465.340725,513.999813,514.98672,514.38217
582,47500,,0.74086,,0.74086,0.73926,0.740401,465.7966,465.0177,465.377151,513.999813,514.98672,514.338128
583,47500,,0.74086,,0.74086,0.73926,0.740462,465.7966,465.0177,465.409545,513.999813,514.98672,514.312153
584,47500,,0.740894,,0.740894,0.73926,0.740518,465.8926,465.0177,465.44696,513.999813,514.98672,514.293137
585,47500,,0.742786,,0.742786,0.73926,0.740612,467.5498,465.0177,465.53273,513.933209,514.98672,514.27734
586,47500,,0.743018,,0.743018,0.73926,0.740746,467.7353,465.0177,465.662167,513.877003,514.98672,514.259893
587,47500,,0.743018,,0.743018,0.739805,0.740856,467.7353,465.1627,465.754077,513.877003,514.673028,514.235847
588,47500,,0.743018,,0.743018,0.739805,0.740976,467.7353,465.1627,465.875115,513.877003,514.673028,514.223291
589,47500,,0.743018,,0.743018,0.739805,0.741149,467.7353,465.1627,466.055639,513.877003,514.673028,514.209239
590,47500,,0.743018,,0.743018,0.74019,0.741282,467.7353,465.2633,466.198067,513.877003,514.572969,514.200557
591,47500,,0.743018,,0.743018,0.740306,0.741369,467.7353,465.3652,466.270912,513.877003,514.572969,514.181541
592,47500,,0.743018,,0.743018,0.740834,0.741497,467.7353,465.7966,466.382503,513.877003,514.572969,514.156514
593,47500,,0.743018,,0.743018,0.740834,0.741603,468.2644,465.7966,466.487991,513.877003,514.572969,514.144333
594,47500,,0.743018,,0.743018,0.740834,0.74168,468.2644,465.7966,466.555337,513.877003,514.572969,514.129506
595,47500,,0.743068,,0.743068,0.74086,0.74182,468.1837,465.7966,466.675564,513.877003,514.572969,514.101527
596,47500,,0.743266,,0.743266,0.74086,0.741919,468.3495,465.7966,466.772225,513.877003,514.572969,514.088667
597,47500,,0.743266,,0.743266,0.74086,0.742067,468.3495,465.7966,466.908358,513.877003,514.529815,514.064858
598,47500,,0.743266,,0.743266,0.74086,0.742169,468.3495,465.7966,467.00352,513.877003,514.321323,514.048538
599,47500,,0.743266,,0.743266,0.74086,0.742305,468.3495,465.7966,467.141094,513.877003,514.321323,514.035078
600,47500,,0.743266,,0.743266,0.741057,0.74243,468.3495,465.9624,467.271883,513.877003,514.218051,514.024629
601,47500,,0.743266,,0.743266,0.741057,0.742528,468.3495,465.9624,467.382795,513.877003,514.218051,514.022602
602,47500,,0.743266,,0.743266,0.741057,0.742666,468.3495,465.9624,467.539638,513.877003,514.218051,514.020505
603,47500,,0.743266,,0.743266,0.741057,0.74282,468.3495,465.9624,467.722003,513.877003,514.7247,514.022418
604,47500,,0.743266,,0.743266,0.741057,0.742935,468.3495,465.9624,467.856811,513.877003,514.529815,514.023138
605,47500,,0.743266,,0.743266,0.741559,0.742983,468.3495,466.1441,467.917682,513.877003,514.174549,514.026645
606,47500,,0.743266,,0.743266,0.741559,0.743033,468.3495,466.1441,467.986848,513.877003,514.174549,514.034036
607,47500,,0.743266,,0.743266,0.741559,0.743064,468.3495,466.1441,468.03766,513.877003,514.174549,514.043302
608,47500,,0.743266,,0.743266,0.741559,0.743096,468.3495,466.1441,468.088382,513.877003,514.174549,514.05227
609,47500,,0.743266,,0.743266,0.741559,0.743122,468.3495,466.1441,468.121552,513.877003,514.174549,514.054624
610,47500,,0.743266,,0.743266,0.741559,0.743153,468.3495,466.1441,468.17149,513.877003,514.174549,514.063956
611,47500,,0.743266,,0.743266,0.741559,0.743196,468.3495,466.1441,468.231198,513.877003,514.174549,514.07039
612,47500,,0.743266,,0.743266,0.741559,0.743222,468.3495,466.1441,468.268852,513.877003,514.174549,514.075358
613,47500,,0.743817,,0.743817,0.743018,0.743254,468.8277,467.7353,468.320256,513.877003,514.174549,514.085069
614,47500,,0.743817,,0.743817,0.743018,0.743264,468.8277,467.7353,468.344824,513.877003,514.156352,514.093437
615,47500,,0.743817,,0.743817,0.743187,0.743276,468.8277,468.3495,468.359064,513.985754,514.156352,514.093662
616,47500,,0.743817,,0.743817,0.743266,0.743277,468.8277,468.3495,468.359064,513.985754,514.09524,514.093051
617,47500,,0.743817,,0.743817,0.743266,0.743282,468.8277,468.3495,468.363846,513.985754,514.09524,514.091956
618,47500,,0.743817,,0.743817,0.743266,0.743288,468.8277,468.3495,468.368628,513.985754,514.09524,514.090861
619,47500,,0.743817,,0.743817,0.743266,0.743293,468.8277,468.3495,468.37341,513.985754,514.09524,514.089766
620,47500,,0.743817,,0.743817,0.743266,0.743299,468.8277,468.3495,468.378192,513.985754,514.09524,514.088671
621,47500,,0.743817,,0.743817,0.743266,0.743311,468.8277,468.3495,468.389078,513.985754,514.09524,514.086112
622,47500,,0.743817,,0.743817,0.743266,0.743318,468.8277,468.3495,468.395182,513.985754,514.09524,514.084648
623,47500,,0.743817,,0.743817,0.743266,0.74333,468.8277,468.3495,468.404746,513.985754,514.09524,514.082459
624,47500,,0.743817,,0.743817,0.743266,0.743346,468.8277,468.3495,468.419092,513.985754,514.09524,514.079174
625,47500,,0.743817,,0.743817,0.743266,0.74337,468.8277,468.3495,468.439542,513.985754,514.09524,514.074425
626,47500,,0.743817,,0.743817,0.743266,0.743389,468.8277,468.3495,468.456542,513.985754,514.09524,514.070554
627,47500,,0.743817,,0.743817,0.743266,0.743416,468.8277,468.3495,468.479636,513.985754,514.09524,514.065067
628,47500,,0.743817,,0.743817,0.743266,0.743444,468.8277,468.3495,468.503536,513.985754,514.09524,514.059441
629,47500,,0.743817,,0.743817,0.743266,0.743481,468.8277,468.3495,468.536228,513.985754,514.09524,514.052129
630,47500,,0.743817,,0.743817,0.743266,0.743508,468.8277,468.3495,468.559356,513.985754,514.09524,514.047007
631,47500,,0.743817,,0.743817,0.743266,0.743535,468.8277,468.3495,468.585404,513.985754,514.177919,514.043098
632,47500,,0.743817,,0.743817,0.743266,0.743547,468.8277,468.3495,468.593646,513.985754,514.09524,514.039356
633,47500,,0.743817,,0.743817,0.743266,0.743568,468.8277,468.3495,468.611418,513.985754,514.09524,514.034981
634,47500,,0.743817,,0.743817,0.743266,0.743592,468.8277,468.3495,468.632684,513.985754,514.09524,514.030245
635,47500,,0.743817,,0.743817,0.743266,0.743637,468.8277,468.3495,468.671722,513.985754,514.09524,514.021134
636,47500,,0.743817,,0.743817,0.743266,0.743666,468.8277,468.3495,468.696448,513.985754,514.09524,514.015672
637,47500,,0.743817,,0.743817,0.743266,0.743707,468.8277,468.3495,468.73206,513.985754,514.09524,514.007651
638,47500,,0.743817,,0.743817,0.743266,0.74374,468.8277,468.3495,468.760752,513.985754,514.09524,514.001082
639,47500,,0.743817,,0.743817,0.743266,0.743762,468.8277,468.3495,468.77988,513.985754,514.09524,513.996703
640,47500,,0.743817,,0.743817,0.743266,0.743767,468.8277,468.3495,468.784662,513.985754,514.09524,513.995608
641,47500,,0.743817,,0.743817,0.743266,0.743778,468.8277,468.3495,468.794226,513.985754,514.09524,513.993418
642,47500,,0.743817,,0.743817,0.743266,0.743784,468.8277,468.3495,468.799008,513.985754,514.09524,513.992323
643,47500,,0.743817,,0.743817,0.743266,0.743789,468.8277,468.3495,468.80379,513.985754,514.09524,513.991228
644,47500,,0.743817,,0.743817,0.743266,0.743795,468.8277,468.3495,468.808572,513.985754,514.09524,513.990134
645,47500,,0.743817,,0.743817,0.743266,0.743806,468.8277,468.3495,468.818136,513.985754,514.09524,513.987944
646,47500,,0.743817,,0.743817,0.743817,0.743817,468.8277,468.8277,468.8277,513.985754,513.985754,513.985754
647,47500,,0.743817,,0.743817,0.743817,0.743817,468.8277,468.8277,468.8277,513.985754,513.985754,513.985754
648,47500,,0.743817,,0.743817,0.743817,0.743817,468.8277,468.8277,468.8277,513.985754,513.985754,513.985754
649,47500,,0.743817,,0.743817,0.743817,0.743817,468.8277,468.8277,468.8277,513.985754,513.985754,513.985754
650,47500,,0.743817,,0.743817,0.743817,0.743817,468.8277,468.8277,468.8277,513.985754,513.985754,513.985754
651,47500,,0.743817,,0.743817,0.743817,0.743817,468.8277,468.8277,468.8277,513.985754,513.985754,513.985754
652,47500,,0.743817,,0.743817,0.743817,0.743817,468.8277,468.8277,468.8277,513.985754,513.985754,513.985754
653,47500,,0.743817,,0.743817,0.743817,0.743817,468.8277,468.8277,468.8277,513.985754,513.985754,513.985754
654,47500,,0.743817,,0.743817,0.743817,0.743817,468.8277,468.8277,468.8277,513.985754,513.985754,513.985754
655,47500,,0.743817,,0.743817,0.743817,0.743817,468.8277,468.8277,468.8277,513.985754,513.985754,513.985754
656,47500,,0.743817,,0.743817,0.743817,0.743817,468.8277,468.8277,468.8277,513.985754,513.985754,513.985754
657,47500,,0.743817,,0.743817,0.743817,0.743817,468.8277,468.8277,468.8277,513.985754,513.985754,513.985754
658,47500,,0.743817,,0.743817,0.743817,0.743817,468.8277,468.8277,468.8277,513.985754,513.985754,513.985754
659,47500,,0.743817,,0.743817,0.743817,0.743817,468.8277,468.8277,468.8277,513.985754,513.985754,513.985754
660,47500,,0.743817,,0.743817,0.743817,0.743817,468.8277,468.8277,468.8277,513.985754,513.985754,513.985754
661,47500,,0.743817,,0.743817,0.743817,0.743817,468.8277,468.8277,468.8277,513.985754,513.985754,513.985754
662,47500,,0.743817,,0.743817,0.743817,0.743817,468.8277,468.8277,468.8277,513.985754,513.985754,513.985754
663,47500,,0.743943,,0.743943,0.743817,0.743818,468.8856,468.8277,468.828279,513.925956,513.985754,513.985156
664,47500,,0.743943,,0.743943,0.743817,0.743821,468.8856,468.8277,468.829437,513.923933,513.985754,513.983342
665,47500,,0.743943,,0.743943,0.743817,0.743825,468.8856,468.8277,468.830595,513.923933,513.985754,513.981528
666,47500,,0.743943,,0.743943,0.743817,0.743831,468.8856,468.8277,468.832911,513.923933,513.985754,513.978518
667,47500,,0.743943,,0.743943,0.743817,0.743837,468.8856,468.8277,468.835227,513.923933,513.985754,513.974889
668,47500,,0.743943,,0.743943,0.743817,0.743838,468.8856,468.8277,468.835227,513.923933,513.985754,513.974271
669,47500,,0.74395,,0.74395,0.743817,0.743845,468.8856,468.8277,468.837543,513.881891,513.985754,513.970222
670,47500,,0.74395,,0.74395,0.743817,0.743851,468.8856,468.8277,468.838701,513.881891,513.985754,513.966133
671,47500,,0.744805,,0.744805,0.743817,0.743868,469.5569,468.8277,468.846572,513.703876,513.985754,513.958364
672,47500,,0.744805,,0.744805,0.743817,0.74388,469.5569,468.8277,468.852101,513.703876,513.985754,513.952915
673,47500,,0.744805,,0.744805,0.743817,0.743902,469.5569,468.8277,468.866814,513.703876,514.024282,513.945373
674,47500,,0.744805,,0.744805,0.743817,0.743927,469.5569,468.8277,468.885898,513.703876,514.024282,513.938549
675,47500,,0.744805,,0.744805,0.743817,0.743957,469.5569,468.8277,468.904119,513.703876,514.024282,513.927359
676,47500,,0.744805,,0.744805,0.743817,0.743999,469.5569,468.8277,468.928603,513.703876,514.024282,513.911178
677,47500,,0.744805,,0.744805,0.743817,0.744046,469.5569,468.8277,468.965355,513.703876,514.024282,513.899429
678,47500,,0.744805,,0.744805,0.743817,0.744115,469.5569,468.8277,469.009849,513.703876,513.985754,513.875181
679,47500,,0.744805,,0.744805,0.743817,0.744173,469.5569,468.8277,469.048364,513.703876,513.985754,513.855714
680,47500,,0.745254,,0.745254,0.743817,0.744225,469.9361,468.8277,469.079953,513.607873,513.985754,513.836069
681,47500,,0.745254,,0.745254,0.743817,0.74429,469.9361,468.8277,469.129175,513.607873,514.113546,513.818651
682,47500,,0.745254,,0.745254,0.743817,0.74432,469.9361,468.8277,469.153658,513.607873,514.113546,513.811532
683,47500,,0.745254,,0.745254,0.743817,0.744373,469.9361,468.8277,469.195386,513.607873,514.113546,513.798529
684,47500,,0.745254,,0.745254,0.743943,0.744436,469.9361,468.8277,469.251082,513.607873,514.113546,513.786817
685,47500,,0.745254,,0.745254,0.743943,0.744483,469.9361,468.8277,469.286702,513.607873,514.113546,513.774049
686,47500,,0.745254,,0.745254,0.743943,0.744546,469.9637,468.8277,469.354601,513.607873,514.113546,513.769961
687,47500,,0.745254,,0.745254,0.743943,0.744604,469.9637,468.8277,469.405347,513.597991,514.113546,513.758556
688,47500,,0.745254,,0.745254,0.74395,0.744669,469.9637,468.8277,469.468307,513.597991,514.113546,513.750603
689,47500,,0.745254,,0.745254,0.744029,0.744721,469.9637,468.8277,469.528049,513.607873,514.069481,513.749675
690,47500,,0.745254,,0.745254,0.744029,0.744781,469.9637,468.8277,469.579703,513.597991,514.069481,513.737442
691,47500,,0.745363,,0.745363,0.744029,0.744856,470.3429,468.8277,469.661889,513.597991,514.069481,513.734481
692,47500,,0.746501,,0.746501,0.744029,0.74494,470.6465,468.8277,469.723985,513.110781,514.069481,513.710526
693,47500,,0.746501,,0.746501,0.744029,0.744999,470.6465,468.8277,469.780915,513.110781,514.069481,513.702513
694,47500,,0.746501,,0.746501,0.744029,0.745041,470.6465,468.8277,469.822793,513.110781,514.069481,513.697642
695,47500,,0.746501,,0.746501,0.744029,0.745085,470.6465,468.8277,469.878137,513.110781,514.00766,513.700151
696,47500,,0.746501,,0.746501,0.744138,0.74515,470.6465,469.2345,469.949751,513.110781,514.00766,513.697746
697,47500,,0.746501,,0.746501,0.744811,0.745229,470.6465,469.499,470.013371,513.110781,513.891466,513.67851
698,47500,,0.746501,,0.746501,0.744891,0.745285,470.6465,469.499,470.05594,513.110781,513.891466,513.663631
699,47500,,0.74658,,0.74658,0.744891,0.745379,470.6476,469.499,470.12081,513.04896,513.857284,513.634163
700,47500,,0.74658,,0.74658,0.74492,0.745456,470.6476,469.9058,470.15748,513.04896,513.857284,513.59819
701,47500,,0.74661,,0.74661,0.74492,0.745557,471.0533,469.9058,470.217745,513.04896,513.857284,513.560091
702,47500,,0.74661,,0.74661,0.74492,0.74565,471.0533,469.9058,470.29326,513.04896,513.857284,513.53781
703,47500,,0.74661,,0.74661,0.74492,0.745751,471.0533,469.9058,470.373999,513.04896,513.857284,513.513128
704,47500,,0.746642,,0.746642,0.74492,0.74587,471.1943,469.9058,470.468709,513.04896,513.857284,513.483868
705,47500,,0.746642,,0.746642,0.745,0.745988,471.1943,469.9058,470.561489,513.04896,513.857284,513.453917
706,47500,,0.747294,,0.747294,0.745,0.746082,471.1943,469.9058,470.62547,512.696331,513.795463,513.42378
707,47500,,0.747403,,0.747403,0.745,0.746195,471.358,469.9058,470.716322,512.696331,513.795463,513.396274
708,47500,,0.747403,,0.747403,0.745,0.746322,471.358,469.9058,470.794391,512.696331,513.795463,513.349669
709,47500,,0.747403,,0.747403,0.745363,0.746421,471.358,470.2408,470.844,512.696331,513.795463,513.305726
710,47500,,0.747403,,0.747403,0.745703,0.746573,471.499,470.2408,470.933158,512.696331,513.677692,513.247148
711,47500,,0.747403,,0.747403,0.745967,0.746679,471.604,470.2408,470.996427,512.696331,513.677692,513.206494
712,47500,,0.747403,,0.747403,0.745967,0.746794,471.604,470.2408,471.063183,512.696331,513.488922,513.161914
713,47500,,0.747636,,0.747636,0.746076,0.746898,471.604,470.6476,471.131628,512.696331,513.488922,513.125998
714,47500,,0.747636,,0.747636,0.746076,0.746993,471.8236,470.6476,471.192802,512.696331,513.488922,513.093247
715,47500,,0.747636,,0.747636,0.746356,0.747109,471.8236,470.6476,471.240347,512.696331,513.488922,513.03455
716,47500,,0.747636,,0.747636,0.746356,0.747197,471.8236,470.6476,471.30148,512.696331,513.367625,513.006746
717,47500,,0.74806,,0.74806,0.746356,0.747276,472.1283,470.6476,471.340274,512.696331,513.367625,512.970951
718,47500,,0.74806,,0.74806,0.746356,0.747394,472.1283,470.6476,471.406323,512.696331,513.367625,512.923617
719,47500,,0.74806,,0.74806,0.746983,0.74748,472.1283,470.9512,471.45665,512.696331,513.240677,512.889871
720,47500,,0.748107,,0.748107,0.747294,0.747523,472.1283,470.9512,471.488747,512.696331,513.240677,512.878431
721,47500,,0.748107,,0.748107,0.747294,0.74755,472.1283,470.9512,471.497048,512.665632,513.240677,512.862565
722,47500,,0.748107,,0.748107,0.747294,0.747584,472.1283,470.9512,471.512519,512.665632,513.014996,512.84675
723,47500,,0.748107,,0.748107,0.747294,0.747623,472.1283,470.9512,471.540652,512.665632,513.014996,512.835056
724,47500,,0.748107,,0.748107,0.747356,0.747655,472.1283,471.358,471.557165,512.665632,513.014996,512.820763
725,47500,,0.748107,,0.748107,0.747403,0.747689,472.1283,471.358,471.577595,512.665632,512.888048,512.807883
726,47500,,0.748107,,0.748107,0.747403,0.747727,472.1283,471.358,471.613431,512.665632,512.888048,512.802243
727,47500,,0.748107,,0.748107,0.747403,0.747765,472.1283,471.358,471.644896,512.665632,512.888048,512.793713
728,47500,,0.748107,,0.748107,0.747403,0.747788,472.1283,471.358,471.650432,512.665632,512.888048,512.779646
729,47500,,0.748107,,0.748107,0.747403,0.747818,472.1283,471.358,471.672027,512.665632,512.888048,512.770672
730,47500,,0.748107,,0.748107,0.747403,0.747849,472.1283,471.358,471.68888,512.665632,512.888048,512.758262
731,47500,,0.748107,,0.748107,0.747636,0.747884,472.1283,471.358,471.717013,512.665632,512.888048,512.749789
732,47500,,0.748107,,0.748107,0.747636,0.747901,472.1283,471.358,471.731662,512.665632,512.888048,512.746414
733,47500,,0.748107,,0.748107,0.747636,0.747924,472.1283,471.358,471.757487,512.665632,512.888048,512.745738
734,47500,,0.748107,,0.748107,0.747636,0.747947,472.1283,471.358,471.781902,512.665632,512.888048,512.743751
735,47500,,0.748107,,0.748107,0.747636,0.747978,472.1283,471.358,471.821723,512.665632,512.888048,512.746213
736,47500,,0.748107,,0.748107,0.747636,0.748005,472.1283,471.358,471.856661,512.665632,512.888048,512.749071
737,47500,,0.748107,,0.748107,0.747636,0.748031,472.1283,471.358,471.890189,512.665632,512.888048,512.75062
738,47500,,0.748107,,0.748107,0.747683,0.748049,472.1283,471.358,471.912541,512.665632,512.888048,512.751652
739,47500,,0.748107,,0.748107,0.747683,0.748054,472.1283,471.358,471.916014,512.665632,512.888048,512.749944
740,47500,,0.748107,,0.748107,0.747683,0.748059,472.1283,471.358,471.920897,512.665632,512.888048,512.749546
741,47500,,0.748107,,0.748107,0.747683,0.74806,471.9873,471.358,471.918077,512.665632,512.756972,512.746925
742,47500,,0.748107,,0.748107,0.747683,0.748077,471.9873,471.358,471.943249,512.665632,512.756972,512.750578
743,47500,,0.748107,,0.748107,0.747683,0.748081,471.9873,471.358,471.949542,512.665632,512.756972,512.751492
744,47500,,0.748107,,0.748107,0.747683,0.748094,471.9873,471.358,471.968421,512.665632,512.756972,512.754232
745,47500,,0.748107,,0.748107,0.747683,0.748098,471.9873,471.358,471.974714,512.665632,512.756972,512.755145
746,47500,,0.748107,,0.748107,0.748107,0.748107,471.9873,471.9873,471.9873,512.756972,512.756972,512.756972
747,47500,,0.748107,,0.748107,0.748107,0.748107,471.9873,471.9873,471.9873,512.756972,512.756972,512.756972
748,47500,,0.748107,,0.748107,0.748107,0.748107,471.9873,471.9873,471.9873,512.756972,512.756972,512.756972
749,47500,,0.748107,,0.748107,0.748107,0.748107,471.9873,471.9873,471.9873,512.756972,512.756972,512.756972
750,47500,,0.748107,,0.748107,0.748107,0.748107,471.9873,471.9873,471.9873,512.756972,512.756972,512.756972
751,47500,,0.748107,,0.748107,0.748107,0.748107,471.9873,471.9873,471.9873,512.756972,512.756972,512.756972
752,47500,,0.748107,,0.748107,0.748107,0.748107,471.9873,471.9873,471.9873,512.756972,512.756972,512.756972
753,47500,,0.748107,,0.748107,0.748107,0.748107,471.9873,471.9873,471.9873,512.756972,512.756972,512.756972
754,47500,,0.748107,,0.748107,0.748107,0.748107,471.9873,471.9873,471.9873,512.756972,512.756972,512.756972
755,47500,,0.748107,,0.748107,0.748107,0.748107,471.9873,471.9873,471.9873,512.756972,512.756972,512.756972
756,47500,,0.748107,,0.748107,0.748107,0.748107,471.9873,471.9873,471.9873,512.756972,512.756972,512.756972
757,47500,,0.748107,,0.748107,0.748107,0.748107,471.9873,471.9873,471.9873,512.756972,512.756972,512.756972
758,47500,,0.748107,,0.748107,0.748107,0.748107,471.9873,471.9873,471.9873,512.756972,512.756972,512.756972
759,47500,,0.748107,,0.748107,0.748107,0.748107,471.9873,471.9873,471.9873,512.756972,512.756972,512.756972
760,47500,,0.748107,,0.748107,0.748107,0.748107,471.9873,471.9873,471.9873,512.756972,512.756972,512.756972
761,47500,,0.748107,,0.748107,0.748107,0.748107,471.9873,471.9873,471.9873,512.756972,512.756972,512.756972
762,47500,,0.748107,,0.748107,0.748107,0.748107,471.9873,471.9873,471.9873,512.756972,512.756972,512.756972
763,47500,,0.748107,,0.748107,0.748107,0.748107,471.9873,471.9873,471.9873,512.756972,512.756972,512.756972
764,47500,,0.748107,,0.748107,0.748107,0.748107,471.9873,471.9873,471.9873,512.756972,512.756972,512.756972
765,47500,,0.748107,,0.748107,0.748107,0.748107,471.9873,471.9873,471.9873,512.756972,512.756972,512.756972
766,47500,,0.748107,,0.748107,0.748107,0.748107,471.9873,471.9873,471.9873,512.756972,512.756972,512.756972
767,47500,,0.748107,,0.748107,0.748107,0.748107,471.9873,471.9873,471.9873,512.756972,512.756972,512.756972
768,47500,,0.748107,,0.748107,0.748107,0.748107,471.9873,471.9873,471.9873,512.756972,512.756972,512.756972
769,47500,,0.748107,,0.748107,0.748107,0.748107,471.9873,471.9873,471.9873,512.756972,512.756972,512.756972
770,47500,,0.748107,,0.748107,0.748107,0.748107,471.9873,471.9873,471.9873,512.756972,512.756972,512.756972
771,47500,,0.748107,,0.748107,0.748107,0.748107,471.9873,471.9873,471.9873,512.756972,512.756972,512.756972
772,47500,,0.748107,,0.748107,0.748107,0.748107,471.9873,471.9873,471.9873,512.756972,512.756972,512.756972
773,47500,,0.748107,,0.748107,0.748107,0.748107,471.9873,471.9873,471.9873,512.756972,512.756972,512.756972
774,47500,,0.748107,,0.748107,0.748107,0.748107,471.9873,471.9873,471.9873,512.756972,512.756972,512.756972
775,47500,,0.748107,,0.748107,0.748107,0.748107,471.9873,471.9873,471.9873,512.756972,512.756972,512.756972
776,47500,,0.748107,,0.748107,0.748107,0.748107,471.9873,471.9873,471.9873,512.756972,512.756972,512.756972
777,47500,,0.748331,,0.748331,0.748107,0.748109,472.6216,471.9873,471.993643,512.756972,513.006886,512.759471
778,47500,,0.748331,,0.748331,0.748107,0.748109,472.6216,471.9873,471.993643,512.756972,513.006886,512.759471
779,47500,,0.748331,,0.748331,0.748107,0.748111,472.6216,471.9873,471.999986,512.756972,513.006886,512.76197
780,47500,,0.748331,,0.748331,0.748107,0.748113,472.6216,471.9873,472.006329,512.756972,513.006886,512.76447
781,47500,,0.748331,,0.748331,0.748107,0.74812,472.6216,471.9873,472.025358,512.756972,513.006886,512.771967
782,47500,,0.748331,,0.748331,0.748107,0.748131,472.6216,471.9873,472.057073,512.756972,513.006886,512.784463
783,47500,,0.748331,,0.748331,0.748107,0.748136,472.6216,471.9873,472.069759,512.756972,513.006886,512.789461
784,47500,,0.748331,,0.748331,0.748107,0.748138,472.6216,471.9873,472.076102,512.756972,513.006886,512.79196
785,47500,,0.748331,,0.748331,0.748107,0.748149,472.6216,471.9873,472.107817,512.756972,513.006886,512.804456
786,47500,,0.748331,,0.748331,0.748107,0.748154,472.6216,471.9873,472.120503,512.756972,513.006886,512.809454
787,47500,,0.748331,,0.748331,0.748107,0.74817,472.6216,471.9873,472.164904,512.756972,513.006886,512.826948
788,47500,,0.748331,,0.748331,0.748107,0.748185,472.6216,471.9873,472.209305,512.756972,513.006886,512.844442
789,47500,,0.748331,,0.748331,0.748107,0.748196,472.6216,471.9873,472.24102,512.756972,513.006886,512.856938
790,47500,,0.748331,,0.748331,0.748107,0.748212,472.6216,471.9873,472.285421,512.756972,513.006886,512.874432
791,47500,,0.748331,,0.748331,0.748107,0.748223,472.6216,471.9873,472.317136,512.756972,513.006886,512.886927
792,47500,,0.748331,,0.748331,0.748107,0.748237,472.6216,471.9873,472.355194,512.756972,513.006886,512.901922
793,47500,,0.748331,,0.748331,0.748107,0.748246,472.6216,471.9873,472.380566,512.756972,513.006886,512.911919
794,47500,,0.748331,,0.748331,0.748107,0.748259,472.6216,471.9873,472.418624,512.756972,513.006886,512.926914
795,47500,,0.748331,,0.748331,0.748107,0.748277,472.6216,471.9873,472.469368,512.756972,513.006886,512.946907
796,47500,,0.748331,,0.748331,0.748107,0.748291,472.6216,471.9873,472.507426,512.756972,513.006886,512.961901
797,47500,,0.748331,,0.748331,0.748107,0.7483,472.6216,471.9873,472.532798,512.756972,513.006886,512.971898
798,47500,,0.748331,,0.748331,0.748107,0.748313,472.6216,471.9873,472.570856,512.756972,513.006886,512.986893
799,47500,,0.748331,,0.748331,0.748107,0.748322,472.6216,471.9873,472.596228,512.756972,513.006886,512.996889
800,47500,,0.748331,,0.748331,0.748331,0.748331,472.6216,472.6216,472.6216,513.006886,513.006886,513.006886
801,47500,,0.748331,,0.748331,0.748331,0.748331,472.6216,472.6216,472.6216,513.006886,513.006886,513.006886
802,47500,,0.748331,,0.748331,0.748331,0.748331,472.6216,472.6216,472.6216,513.006886,513.006886,513.006886
803,47500,,0.748331,,0.748331,0.748331,0.748331,472.6216,472.6216,472.6216,513.006886,513.006886,513.006886
804,47500,,0.748331,,0.748331,0.748331,0.748331,472.6216,472.6216,472.6216,513.006886,513.006886,513.006886
805,47500,,0.748331,,0.748331,0.748331,0.748331,472.6216,472.6216,472.6216,513.006886,513.006886,513.006886
806,47500,,0.748331,,0.748331,0.748331,0.748331,472.6216,472.6216,472.6216,513.006886,513.006886,513.006886
807,47500,,0.748331,,0.748331,0.748331,0.748331,472.6216,472.6216,472.6216,513.006886,513.006886,513.006886
808,47500,,0.748331,,0.748331,0.748331,0.748331,472.6216,472.6216,472.6216,513.006886,513.006886,513.006886
809,47500,,0.748331,,0.748331,0.748331,0.748331,472.6216,472.6216,472.6216,513.006886,513.006886,513.006886
810,47500,,0.748331,,0.748331,0.748331,0.748331,472.6216,472.6216,472.6216,513.006886,513.006886,513.006886
811,47500,,0.748331,,0.748331,0.748331,0.748331,472.6216,472.6216,472.6216,513.006886,513.006886,513.006886
812,47500,,0.748331,,0.748331,0.748331,0.748331,472.6216,472.6216,472.6216,513.006886,513.006886,513.006886
813,47500,,0.748331,,0.748331,0.748331,0.748331,472.6216,472.6216,472.6216,513.006886,513.006886,513.006886
814,47500,,0.748331,,0.748331,0.748331,0.748331,472.6216,472.6216,472.6216,513.006886,513.006886,513.006886
815,47500,,0.748331,,0.748331,0.748331,0.748331,472.6216,472.6216,472.6216,513.006886,513.006886,513.006886
816,47500,,0.748331,,0.748331,0.748331,0.748331,472.6216,472.6216,472.6216,513.006886,513.006886,513.006886
817,47500,,0.748331,,0.748331,0.748331,0.748331,472.6216,472.6216,472.6216,513.006886,513.006886,513.006886
818,47500,,0.748331,,0.748331,0.748331,0.748331,472.6216,472.6216,472.6216,513.006886,513.006886,513.006886
819,47500,,0.748331,,0.748331,0.748331,0.748331,472.6216,472.6216,472.6216,513.006886,513.006886,513.006886
820,47500,,0.748331,,0.748331,0.748331,0.748331,472.6216,472.6216,472.6216,513.006886,513.006886,513.006886
821,47500,,0.748331,,0.748331,0.748331,0.748331,472.6216,472.6216,472.6216,513.006886,513.006886,513.006886
822,47500,,0.748331,,0.748331,0.748331,0.748331,472.6216,472.6216,472.6216,513.006886,513.006886,513.006886
823,47500,,0.748331,,0.748331,0.748331,0.748331,472.6216,472.6216,472.6216,513.006886,513.006886,513.006886
824,47500,,0.748331,,0.748331,0.748331,0.748331,472.6216,472.6216,472.6216,513.006886,513.006886,513.006886
825,47500,,0.748331,,0.748331,0.748331,0.748331,472.6216,472.6216,472.6216,513.006886,513.006886,513.006886
826,47500,,0.748331,,0.748331,0.748331,0.748331,472.6216,472.6216,472.6216,513.006886,513.006886,513.006886
827,47500,,0.748331,,0.748331,0.748331,0.748331,472.6216,472.6216,472.6216,513.006886,513.006886,513.006886
828,47500,,0.748331,,0.748331,0.748331,0.748331,472.6216,472.6216,472.6216,513.006886,513.006886,513.006886
829,47500,,0.748331,,0.748331,0.748331,0.748331,472.6216,472.6216,472.6216,513.006886,513.006886,513.006886
830,47500,,0.748331,,0.748331,0.748331,0.748331,472.6216,472.6216,472.6216,513.006886,513.006886,513.006886
831,47500,,0.748331,,0.748331,0.748331,0.748331,472.6216,472.6216,472.6216,513.006886,513.006886,513.006886
832,47500,,0.748331,,0.748331,0.748331,0.748331,472.6216,472.6216,472.6216,513.006886,513.006886,513.006886
833,47500,,0.748331,,0.748331,0.748331,0.748331,472.6216,472.6216,472.6216,513.006886,513.006886,513.006886
834,47500,,0.748331,,0.748331,0.748331,0.748331,472.6216,472.6216,472.6216,513.006886,513.006886,513.006886
835,47500,,0.748331,,0.748331,0.748331,0.748331,472.6216,472.6216,472.6216,513.006886,513.006886,513.006886
836,47500,,0.748331,,0.748331,0.748331,0.748331,472.6216,472.6216,472.6216,513.006886,513.006886,513.006886
837,47500,,0.748331,,0.748331,0.748331,0.748331,472.6216,472.6216,472.6216,513.006886,513.006886,513.006886
838,47500,,0.748331,,0.748331,0.748331,0.748331,472.6216,472.6216,472.6216,513.006886,513.006886,513.006886
839,47500,,0.748331,,0.748331,0.748331,0.748331,472.6216,472.6216,472.6216,513.006886,513.006886,513.006886
840,47500,,0.748331,,0.748331,0.748331,0.748331,472.6216,472.6216,472.6216,513.006886,513.006886,513.006886
841,47500,,0.748331,,0.748331,0.748331,0.748331,472.6216,472.6216,472.6216,513.006886,513.006886,513.006886
842,47500,,0.748331,,0.748331,0.748331,0.748331,472.6216,472.6216,472.6216,513.006886,513.006886,513.006886
843,47500,,0.748331,,0.748331,0.748331,0.748331,472.6216,472.6216,472.6216,513.006886,513.006886,513.006886
844,47500,,0.748658,,0.748658,0.748331,0.748334,472.7366,472.6216,472.62275,512.829108,513.006886,513.005108
845,47500,,0.748658,,0.748658,0.748331,0.748334,472.7366,472.6216,472.62275,512.829108,513.006886,513.005108
846,47500,,0.748658,,0.748658,0.748331,0.748334,472.7366,472.6216,472.62275,512.829108,513.006886,513.005108
847,47500,,0.748658,,0.748658,0.748331,0.748341,472.7366,472.6216,472.62505,512.829108,513.006886,513.001553
848,47500,,0.748779,,0.748779,0.748331,0.748355,472.8626,472.6216,472.63091,512.81944,513.006886,512.994345
849,47500,,0.749141,,0.749141,0.748331,0.748381,472.9543,472.6216,472.641247,512.598111,513.006886,512.981272
850,47500,,0.749852,,0.749852,0.748331,0.748412,474.0436,472.6216,472.662587,512.598111,513.006886,512.971633
851,47500,,0.749852,,0.749852,0.748331,0.748461,474.0436,472.6216,472.690471,512.598111,513.006886,512.952139
852,47500,,0.749852,,0.749852,0.748331,0.748526,474.0436,472.6216,472.740935,512.598111,513.006886,512.935185
853,47500,,0.749852,,0.749852,0.748331,0.748628,474.0436,472.6216,472.806196,512.598111,513.006886,512.899423
854,47500,,0.749852,,0.749852,0.748331,0.748747,474.0436,472.6216,472.897944,512.598111,513.006886,512.867462
855,47500,,0.749852,,0.749852,0.748331,0.74885,474.0436,472.6216,472.975349,512.598111,513.006886,512.83908
856,47500,,0.749852,,0.749852,0.748331,0.748968,474.0436,472.6216,473.065248,512.598111,513.006886,512.80759
857,47500,,0.749852,,0.749852,0.748331,0.749044,474.0436,472.6216,473.106554,512.598111,513.006886,512.776221
858,47500,,0.749852,,0.749852,0.748331,0.74913,474.0436,472.6216,473.174675,512.598111,513.006886,512.754527
859,47500,,0.750335,,0.750335,0.748331,0.749228,474.2613,472.6216,473.26387,512.54253,513.006886,512.737961
860,47500,,0.750335,,0.750335,0.748331,0.749261,474.2613,472.6216,473.285538,512.54253,513.006886,512.726484
861,47500,,0.750335,,0.750335,0.748331,0.749322,474.2613,472.6216,473.334619,512.54253,513.006886,512.712069
862,47500,,0.750335,,0.750335,0.748779,0.749397,474.2613,472.8626,473.381405,512.54253,512.951306,512.68498
863,47500,,0.750335,,0.750335,0.748779,0.749444,474.2613,472.8626,473.432315,512.54253,512.951306,512.682417
864,47500,,0.750335,,0.750335,0.748779,0.749476,474.2613,472.8626,473.461549,512.54253,512.951306,512.676782
865,47500,,0.750335,,0.750335,0.748779,0.749506,474.2613,472.8626,473.4823,512.54253,512.81944,512.667613
866,47500,,0.750335,,0.750335,0.748779,0.749559,474.2613,472.8626,473.536181,512.54253,512.951306,512.661725
867,47500,,0.750335,,0.750335,0.748779,0.749636,474.2613,472.8626,473.608979,512.54253,512.951306,512.651
868,47500,,0.750335,,0.750335,0.748779,0.749693,474.2613,472.8626,473.663436,512.54253,512.951306,512.642922
869,47500,,0.750335,,0.750335,0.748779,0.749773,474.2613,472.8626,473.737494,512.54253,512.951306,512.629753
870,47500,,0.750335,,0.750335,0.748779,0.749845,474.2613,472.8626,473.812238,512.54253,512.951306,512.624268
871,47500,,0.750335,,0.750335,0.748779,0.749897,474.2613,472.8626,473.859129,512.54253,512.81944,512.614995
872,47500,,0.750335,,0.750335,0.748779,0.749974,474.2613,472.8626,473.934447,512.54253,512.81944,512.605321
873,47500,,0.750335,,0.750335,0.749141,0.750078,474.2613,472.9543,474.035905,512.54253,512.773528,512.592094
874,47500,,0.750335,,0.750335,0.749141,0.750153,474.2613,472.9543,474.107443,512.54253,512.763859,512.581419
875,47500,,0.750335,,0.750335,0.749141,0.750186,474.2613,472.9543,474.125098,512.54253,512.763859,512.567355
876,47500,,0.750335,,0.750335,0.749141,0.750201,474.2613,472.9543,474.138168,512.54253,512.763859,512.564404
877,47500,,0.750335,,0.750335,0.749141,0.750222,474.2613,472.9543,474.153072,512.54253,512.763859,512.558225
878,47500,,0.750335,,0.750335,0.749141,0.750267,474.2613,472.9543,474.194116,512.54253,512.763859,512.550933
879,47500,,0.750335,,0.750335,0.749141,0.750296,474.2613,472.9543,474.221173,512.54253,512.763859,512.546411
880,47500,,0.750496,,0.750496,0.749973,0.750321,474.3935,474.1696,474.248635,512.505613,512.763859,512.54493
881,47500,,0.750496,,0.750496,0.750335,0.750337,474.3935,474.2613,474.262622,512.505613,512.54253,512.542161
882,47500,,0.750496,,0.750496,0.750335,0.750337,474.3935,474.2613,474.262622,512.505613,512.54253,512.542161
883,47500,,0.750496,,0.750496,0.750335,0.75034,474.3935,474.2613,474.265266,512.505613,512.54253,512.541423
884,47500,,0.750496,,0.750496,0.750335,0.75034,474.3935,474.2613,474.265266,512.505613,512.54253,512.541423
885,47500,,0.750496,,0.750496,0.750335,0.750342,474.3935,474.2613,474.266588,512.505613,512.54253,512.541054
886,47500,,0.750496,,0.750496,0.750335,0.750342,474.3935,474.2613,474.266588,512.505613,512.54253,512.541054
887,47500,,0.750496,,0.750496,0.750335,0.750345,474.3935,474.2613,474.269232,512.505613,512.54253,512.540315
888,47500,,0.750496,,0.750496,0.750335,0.750348,474.3935,474.2613,474.271876,512.505613,512.54253,512.539577
889,47500,,0.750496,,0.750496,0.750335,0.75035,474.3935,474.2613,474.273198,512.505613,512.54253,512.539208
890,47500,,0.750496,,0.750496,0.750335,0.75035,474.3935,474.2613,474.273198,512.505613,512.54253,512.539208
891,47500,,0.750496,,0.750496,0.750335,0.750353,474.3935,474.2613,474.275842,512.505613,512.54253,512.538469
892,47500,,0.750496,,0.750496,0.750335,0.750358,474.3935,474.2613,474.279808,512.505613,512.54253,512.537362
893,47500,,0.750496,,0.750496,0.750335,0.750361,474.3935,474.2613,474.282452,512.505613,512.54253,512.536624
894,47500,,0.750496,,0.750496,0.750335,0.750364,474.3935,474.2613,474.285096,512.505613,512.54253,512.535885
895,47500,,0.750496,,0.750496,0.750335,0.750371,474.3935,474.2613,474.290384,512.505613,512.54253,512.534409
896,47500,,0.750496,,0.750496,0.750335,0.750375,474.3935,474.2613,474.29435,512.505613,512.54253,512.533301
897,47500,,0.750496,,0.750496,0.750335,0.75038,474.3935,474.2613,474.298316,512.505613,512.54253,512.532193
898,47500,,0.750496,,0.750496,0.750335,0.750385,474.3935,474.2613,474.302282,512.505613,512.54253,512.531086
899,47500,,0.750496,,0.750496,0.750335,0.750395,474.3935,474.2613,474.310214,512.505613,512.54253,512.528871
900,47500,,0.750496,,0.750496,0.750335,0.750403,474.3935,474.2613,474.316824,512.505613,512.54253,512.527025
901,47500,,0.750496,,0.750496,0.750335,0.750417,474.3935,474.2613,474.328722,512.505613,512.54253,512.523702
902,47500,,0.750496,,0.750496,0.750335,0.750432,474.3935,474.2613,474.34062,512.505613,512.54253,512.52038
903,47500,,0.750496,,0.750496,0.750335,0.750446,474.3935,474.2613,474.352518,512.505613,512.54253,512.517057
904,47500,,0.750496,,0.750496,0.750335,0.750453,474.3935,474.2613,474.357806,512.505613,512.54253,512.51558
905,47500,,0.750496,,0.750496,0.750335,0.750459,474.3935,474.2613,474.363094,512.505613,512.54253,512.514104
906,47500,,0.750496,,0.750496,0.750335,0.750464,474.3935,474.2613,474.36706,512.505613,512.54253,512.512996
907,47500,,0.750496,,0.750496,0.750335,0.75047,474.3935,474.2613,474.372348,512.505613,512.54253,512.511519
908,47500,,0.750496,,0.750496,0.750335,0.750472,474.3935,474.2613,474.37367,512.505613,512.54253,512.51115
909,47500,,0.750496,,0.750496,0.750335,0.750477,474.3935,474.2613,474.377636,512.505613,512.54253,512.510043
910,47500,,0.750496,,0.750496,0.750335,0.750478,474.3935,474.2613,474.378958,512.505613,512.54253,512.509674
911,47500,,0.750496,,0.750496,0.750335,0.750483,474.3935,474.2613,474.382924,512.505613,512.54253,512.508566
912,47500,,0.750496,,0.750496,0.750335,0.750485,474.3935,474.2613,474.384246,512.505613,512.54253,512.508197
913,47500,,0.750496,,0.750496,0.750335,0.750488,474.3935,474.2613,474.38689,512.505613,512.54253,512.507459
914,47500,,0.750496,,0.750496,0.750335,0.75049,474.3935,474.2613,474.388212,512.505613,512.54253,512.507089
915,47500,,0.750496,,0.750496,0.750335,0.75049,474.3935,474.2613,474.388212,512.505613,512.54253,512.507089
916,47500,,0.750496,,0.750496,0.750335,0.750493,474.3935,474.2613,474.390856,512.505613,512.54253,512.506351
917,47500,,0.750496,,0.750496,0.750496,0.750496,474.3935,474.3935,474.3935,512.505613,512.505613,512.505613
918,47500,,0.750496,,0.750496,0.750496,0.750496,474.3935,474.3935,474.3935,512.505613,512.505613,512.505613
919,47500,,0.750496,,0.750496,0.750496,0.750496,474.3935,474.3935,474.3935,512.505613,512.505613,512.505613
920,47500,,0.750496,,0.750496,0.750496,0.750496,474.3935,474.3935,474.3935,512.505613,512.505613,512.505613
921,47500,,0.750496,,0.750496,0.750496,0.750496,474.3935,474.3935,474.3935,512.505613,512.505613,512.505613
922,47500,,0.750496,,0.750496,0.750496,0.750496,474.3935,474.3935,474.3935,512.505613,512.505613,512.505613
923,47500,,0.750496,,0.750496,0.750496,0.750496,474.3935,474.3935,474.3935,512.505613,512.505613,512.505613
924,47500,,0.750496,,0.750496,0.750496,0.750496,474.3935,474.3935,474.3935,512.505613,512.505613,512.505613
925,47500,,0.750496,,0.750496,0.750496,0.750496,474.3935,474.3935,474.3935,512.505613,512.505613,512.505613
926,47500,,0.750496,,0.750496,0.750496,0.750496,474.3935,474.3935,474.3935,512.505613,512.505613,512.505613
927,47500,,0.750496,,0.750496,0.750496,0.750496,474.3935,474.3935,474.3935,512.505613,512.505613,512.505613
928,47500,,0.750496,,0.750496,0.750496,0.750496,474.3935,474.3935,474.3935,512.505613,512.505613,512.505613
929,47500,,0.750496,,0.750496,0.750496,0.750496,474.3935,474.3935,474.3935,512.505613,512.505613,512.505613
930,47500,,0.750496,,0.750496,0.750496,0.750496,474.3935,474.3935,474.3935,512.505613,512.505613,512.505613
931,47500,,0.750496,,0.750496,0.750496,0.750496,474.3935,474.3935,474.3935,512.505613,512.505613,512.505613
932,47500,,0.750496,,0.750496,0.750496,0.750496,474.3935,474.3935,474.3935,512.505613,512.505613,512.505613
933,47500,,0.750496,,0.750496,0.750496,0.750496,474.3935,474.3935,474.3935,512.505613,512.505613,512.505613
934,47500,,0.750496,,0.750496,0.750496,0.750496,474.3935,474.3935,474.3935,512.505613,512.505613,512.505613
935,47500,,0.750496,,0.750496,0.750496,0.750496,474.3935,474.3935,474.3935,512.505613,512.505613,512.505613
936,47500,,0.750496,,0.750496,0.750496,0.750496,474.3935,474.3935,474.3935,512.505613,512.505613,512.505613
937,47500,,0.750496,,0.750496,0.750496,0.750496,474.3935,474.3935,474.3935,512.505613,512.505613,512.505613
938,47500,,0.750496,,0.750496,0.750496,0.750496,474.3935,474.3935,474.3935,512.505613,512.505613,512.505613
939,47500,,0.750496,,0.750496,0.750496,0.750496,474.3935,474.3935,474.3935,512.505613,512.505613,512.505613
940,47500,,0.750496,,0.750496,0.750496,0.750496,474.3935,474.3935,474.3935,512.505613,512.505613,512.505613
941,47500,,0.750496,,0.750496,0.750496,0.750496,474.3935,474.3935,474.3935,512.505613,512.505613,512.505613
942,47500,,0.750496,,0.750496,0.750496,0.750496,474.3935,474.3935,474.3935,512.505613,512.505613,512.505613
943,47500,,0.750496,,0.750496,0.750496,0.750496,474.3935,474.3935,474.3935,512.505613,512.505613,512.505613
944,47500,,0.750496,,0.750496,0.750496,0.750496,474.3935,474.3935,474.3935,512.505613,512.505613,512.505613
945,47500,,0.750496,,0.750496,0.750496,0.750496,474.3935,474.3935,474.3935,512.505613,512.505613,512.505613
946,47500,,0.750496,,0.750496,0.750496,0.750496,474.3935,474.3935,474.3935,512.505613,512.505613,512.505613
947,47500,,0.750496,,0.750496,0.750496,0.750496,474.3935,474.3935,474.3935,512.505613,512.505613,512.505613
948,47500,,0.750496,,0.750496,0.750496,0.750496,474.3935,474.3935,474.3935,512.505613,512.505613,512.505613
949,47500,,0.750496,,0.750496,0.750496,0.750496,474.3935,474.3935,474.3935,512.505613,512.505613,512.505613
950,47500,,0.750496,,0.750496,0.750496,0.750496,474.3935,474.3935,474.3935,512.505613,512.505613,512.505613
951,47500,,0.750496,,0.750496,0.750496,0.750496,474.3935,474.3935,474.3935,512.505613,512.505613,512.505613
952,47500,,0.750496,,0.750496,0.750496,0.750496,474.3935,474.3935,474.3935,512.505613,512.505613,512.505613
953,47500,,0.750496,,0.750496,0.750496,0.750496,474.3935,474.3935,474.3935,512.505613,512.505613,512.505613
954,47500,,0.750496,,0.750496,0.750496,0.750496,474.3935,474.3935,474.3935,512.505613,512.505613,512.505613
955,47500,,0.750496,,0.750496,0.750496,0.750496,474.3935,474.3935,474.3935,512.505613,512.505613,512.505613
956,47500,,0.750496,,0.750496,0.750496,0.750496,474.3935,474.3935,474.3935,512.505613,512.505613,512.505613
957,47500,,0.750496,,0.750496,0.750496,0.750496,474.3935,474.3935,474.3935,512.505613,512.505613,512.505613
958,47500,,0.750496,,0.750496,0.750496,0.750496,474.3935,474.3935,474.3935,512.505613,512.505613,512.505613
959,47500,,0.750496,,0.750496,0.750496,0.750496,474.3935,474.3935,474.3935,512.505613,512.505613,512.505613
960,47500,,0.750496,,0.750496,0.750496,0.750496,474.3935,474.3935,474.3935,512.505613,512.505613,512.505613
961,47500,,0.750496,,0.750496,0.750496,0.750496,474.3935,474.3935,474.3935,512.505613,512.505613,512.505613
962,47500,,0.750496,,0.750496,0.750496,0.750496,474.3935,474.3935,474.3935,512.505613,512.505613,512.505613
963,47500,,0.750496,,0.750496,0.750496,0.750496,474.3935,474.3935,474.3935,512.505613,512.505613,512.505613
964,47500,,0.750496,,0.750496,0.750496,0.750496,474.3935,474.3935,474.3935,512.505613,512.505613,512.505613
965,47500,,0.750496,,0.750496,0.750496,0.750496,474.3935,474.3935,474.3935,512.505613,512.505613,512.505613
966,47500,,0.750496,,0.750496,0.750496,0.750496,474.3935,474.3935,474.3935,512.505613,512.505613,512.505613
967,47500,,0.750496,,0.750496,0.750496,0.750496,474.3935,474.3935,474.3935,512.505613,512.505613,512.505613
968,47500,,0.750496,,0.750496,0.750496,0.750496,474.3935,474.3935,474.3935,512.505613,512.505613,512.505613
969,47500,,0.750496,,0.750496,0.750496,0.750496,474.3935,474.3935,474.3935,512.505613,512.505613,512.505613
970,47500,,0.750496,,0.750496,0.750496,0.750496,474.3935,474.3935,474.3935,512.505613,512.505613,512.505613
971,47500,,0.750496,,0.750496,0.750496,0.750496,474.3935,474.3935,474.3935,512.505613,512.505613,512.505613
972,47500,,0.750496,,0.750496,0.750496,0.750496,474.3935,474.3935,474.3935,512.505613,512.505613,512.505613
973,47500,,0.750496,,0.750496,0.750496,0.750496,474.3935,474.3935,474.3935,512.505613,512.505613,512.505613
974,47500,,0.750496,,0.750496,0.750496,0.750496,474.3935,474.3935,474.3935,512.505613,512.505613,512.505613
975,47500,,0.750496,,0.750496,0.750496,0.750496,474.3935,474.3935,474.3935,512.505613,512.505613,512.505613
976,47500,,0.750496,,0.750496,0.750496,0.750496,474.3935,474.3935,474.3935,512.505613,512.505613,512.505613
977,47500,,0.750496,,0.750496,0.750496,0.750496,474.3935,474.3935,474.3935,512.505613,512.505613,512.505613
978,47500,,0.750496,,0.750496,0.750496,0.750496,474.3935,474.3935,474.3935,512.505613,512.505613,512.505613
979,47500,,0.750496,,0.750496,0.750496,0.750496,474.3935,474.3935,474.3935,512.505613,512.505613,512.505613
980,47500,,0.750496,,0.750496,0.750496,0.750496,474.3935,474.3935,474.3935,512.505613,512.505613,512.505613
981,47500,,0.750496,,0.750496,0.750496,0.750496,474.3935,474.3935,474.3935,512.505613,512.505613,512.505613
982,47500,,0.750496,,0.750496,0.750496,0.750496,474.3935,474.3935,474.3935,512.505613,512.505613,512.505613
983,47500,,0.750496,,0.750496,0.750496,0.750496,474.3935,474.3935,474.3935,512.505613,512.505613,512.505613
984,47500,,0.750496,,0.750496,0.750496,0.750496,474.3935,474.3935,474.3935,512.505613,512.505613,512.505613
985,47500,,0.750496,,0.750496,0.750496,0.750496,474.3935,474.3935,474.3935,512.505613,512.505613,512.505613
986,47500,,0.750496,,0.750496,0.750496,0.750496,474.3935,474.3935,474.3935,512.505613,512.505613,512.505613
987,47500,,0.750496,,0.750496,0.750496,0.750496,474.3935,474.3935,474.3935,512.505613,512.505613,512.505613
988,47500,,0.750496,,0.750496,0.750496,0.750496,474.3935,474.3935,474.3935,512.505613,512.505613,512.505613
989,47500,,0.750496,,0.750496,0.750496,0.750496,474.3935,474.3935,474.3935,512.505613,512.505613,512.505613
990,47500,,0.750496,,0.750496,0.750496,0.750496,474.3935,474.3935,474.3935,512.505613,512.505613,512.505613
991,47500,,0.750496,,0.750496,0.750496,0.750496,474.3935,474.3935,474.3935,512.505613,512.505613,512.505613
992,47500,,0.750496,,0.750496,0.750496,0.750496,474.3935,474.3935,474.3935,512.505613,512.505613,512.505613
993,47500,,0.750496,,0.750496,0.750496,0.750496,474.3935,474.3935,474.3935,512.505613,512.505613,512.505613
994,47500,,0.750496,,0.750496,0.750496,0.750496,474.3935,474.3935,474.3935,512.505613,512.505613,512.505613
995,47500,,0.750496,,0.750496,0.750496,0.750496,474.3935,474.3935,474.3935,512.505613,512.505613,512.505613
996,47500,,0.750496,,0.750496,0.750496,0.750496,474.3935,474.3935,474.3935,512.505613,512.505613,512.505613
997,47500,,0.750496,,0.750496,0.750496,0.750496,474.3935,474.3935,474.3935,512.505613,512.505613,512.505613
998,47500,,0.750496,,0.750496,0.750496,0.750496,474.3935,474.3935,474.3935,512.505613,512.505613,512.505613
999,47500,,0.750496,,0.750496,0.750496,0.750496,474.3935,474.3935,474.3935,512.505613,512.505613,512.505613
1000,47500,,0.750496,,0.750496,0.750496,0.750496,474.3935,474.3935,474.3935,512.505613,512.505613,512.505613
1001,47500,,0.750496,,0.750496,0.750496,0.750496,474.3935,474.3935,474.3935,512.505613,512.505613,512.505613
1002,47500,,0.750496,,0.750496,0.750496,0.750496,474.3935,474.3935,474.3935,512.505613,512.505613,512.505613
1003,47500,,0.750496,,0.750496,0.750496,0.750496,474.3935,474.3935,474.3935,512.505613,512.505613,512.505613
1004,47500,,0.750496,,0.750496,0.750496,0.750496,474.3935,474.3935,474.3935,512.505613,512.505613,512.505613
1005,47500,,0.750496,,0.750496,0.750496,0.750496,474.3935,474.3935,474.3935,512.505613,512.505613,512.505613
1006,47500,,0.750496,,0.750496,0.750496,0.750496,474.3935,474.3935,474.3935,512.505613,512.505613,512.505613
1007,47500,,0.750496,,0.750496,0.750496,0.750496,474.3935,474.3935,474.3935,512.505613,512.505613,512.505613
1008,47500,,0.750496,,0.750496,0.750496,0.750496,474.3935,474.3935,474.3935,512.505613,512.505613,512.505613
1009,47500,,0.750496,,0.750496,0.750496,0.750496,474.3935,474.3935,474.3935,512.505613,512.505613,512.505613
1010,47500,,0.750496,,0.750496,0.750496,0.750496,474.3935,474.3935,474.3935,512.505613,512.505613,512.505613
1011,47500,,0.750496,,0.750496,0.750496,0.750496,474.3935,474.3935,474.3935,512.505613,512.505613,512.505613
1012,47500,,0.750496,,0.750496,0.750496,0.750496,474.3935,474.3935,474.3935,512.505613,512.505613,512.505613
1013,47500,,0.750496,,0.750496,0.750496,0.750496,474.3935,474.3935,474.3935,512.505613,512.505613,512.505613
1014,47500,,0.750496,,0.750496,0.750496,0.750496,474.3935,474.3935,474.3935,512.505613,512.505613,512.505613
1015,47500,,0.750496,,0.750496,0.750496,0.750496,474.3935,474.3935,474.3935,512.505613,512.505613,512.505613
1016,47500,,0.750496,,0.750496,0.750496,0.750496,474.3935,474.3935,474.3935,512.505613,512.505613,512.505613
1017,47500,,0.750496,,0.750496,0.750496,0.750496,474.3935,474.3935,474.3935,512.505613,512.505613,512.505613
1018,47500,,0.750496,,0.750496,0.750496,0.750496,474.3935,474.3935,474.3935,512.505613,512.505613,512.505613
1019,47500,,0.750496,,0.750496,0.750496,0.750496,474.3935,474.3935,474.3935,512.505613,512.505613,512.505613
1020,47500,,0.750496,,0.750496,0.750496,0.750496,474.3935,474.3935,474.3935,512.505613,512.505613,512.505613
1021,47500,,0.750496,,0.750496,0.750496,0.750496,474.3935,474.3935,474.3935,512.505613,512.505613,512.505613
1022,47500,,0.750506,,0.750506,0.750496,0.750496,474.3935,474.3935,474.3935,512.497614,512.505613,512.505533
1023,47500,,0.750506,,0.750506,0.750496,0.750496,474.3935,474.3935,474.3935,512.497614,512.505613,512.505533
1024,47500,,0.750506,,0.750506,0.750496,0.750496,474.3935,474.3935,474.3935,512.497614,512.505613,512.505453
1025,47500,,0.750506,,0.750506,0.750496,0.750496,474.3935,474.3935,474.3935,512.497614,512.505613,512.505293
1026,47500,,0.750506,,0.750506,0.750496,0.750497,474.3935,474.3935,474.3935,512.497614,512.505613,512.505053
1027,47500,,0.750506,,0.750506,0.750496,0.750497,474.3935,474.3935,474.3935,512.497614,512.505613,512.504813
1028,47500,,0.750506,,0.750506,0.750496,0.750497,474.3935,474.3935,474.3935,512.497614,512.505613,512.504733
1029,47500,,0.750506,,0.750506,0.750496,0.750498,474.3935,474.3935,474.3935,512.497614,512.505613,512.504333
1030,47500,,0.750506,,0.750506,0.750496,0.750498,474.3935,474.3935,474.3935,512.497614,512.505613,512.504013
1031,47500,,0.750506,,0.750506,0.750496,0.750498,474.3935,474.3935,474.3935,512.497614,512.505613,512.503773
1032,47500,,0.750506,,0.750506,0.750496,0.750499,474.3935,474.3935,474.3935,512.497614,512.505613,512.503053
1033,47500,,0.750506,,0.750506,0.750496,0.7505,474.3935,474.3935,474.3935,512.497614,512.505613,512.502493
1034,47500,,0.750506,,0.750506,0.750496,0.750501,474.3935,474.3935,474.3935,512.497614,512.505613,512.502093
1035,47500,,0.750506,,0.750506,0.750496,0.750501,474.3935,474.3935,474.3935,512.497614,512.505613,512.501853
1036,47500,,0.750506,,0.750506,0.750496,0.750501,474.3935,474.3935,474.3935,512.497614,512.505613,512.501693
1037,47500,,0.750506,,0.750506,0.750496,0.750502,474.3935,474.3935,474.3935,512.497614,512.505613,512.501374
1038,47500,,0.750506,,0.750506,0.750496,0.750502,474.3935,474.3935,474.3935,512.497614,512.505613,512.501294
1039,47500,,0.750506,,0.750506,0.750496,0.750502,474.3935,474.3935,474.3935,512.497614,512.505613,512.501054
1040,47500,,0.750506,,0.750506,0.750496,0.750502,474.3935,474.3935,474.3935,512.497614,512.505613,512.500814
1041,47500,,0.750506,,0.750506,0.750496,0.750502,474.3935,474.3935,474.3935,512.497614,512.505613,512.500654
1042,47500,,0.750506,,0.750506,0.750496,0.750503,474.3935,474.3935,474.3935,512.497614,512.505613,512.500414
1043,47500,,0.750506,,0.750506,0.750496,0.750503,474.3935,474.3935,474.3935,512.497614,512.505613,512.500174
1044,47500,,0.750506,,0.750506,0.750496,0.750504,474.3935,474.3935,474.3935,512.497614,512.505613,512.499694
1045,47500,,0.750506,,0.750506,0.750496,0.750504,474.3935,474.3935,474.3935,512.497614,512.505613,512.499294
1046,47500,,0.750506,,0.750506,0.750496,0.750504,474.3935,474.3935,474.3935,512.497614,512.505613,512.499134
1047,47500,,0.750506,,0.750506,0.750496,0.750505,474.3935,474.3935,474.3935,512.497614,512.505613,512.498814
1048,47500,,0.750506,,0.750506,0.750496,0.750505,474.3935,474.3935,474.3935,512.497614,512.505613,512.498494
1049,47500,,0.750506,,0.750506,0.750496,0.750505,474.3935,474.3935,474.3935,512.497614,512.505613,512.498334
1050,47500,,0.750506,,0.750506,0.750496,0.750506,474.3935,474.3935,474.3935,512.497614,512.505613,512.498094
1051,47500,,0.750506,,0.750506,0.750496,0.750506,474.3935,474.3935,474.3935,512.497614,512.505613,512.497854
1052,47500,,0.750506,,0.750506,0.750496,0.750506,474.3935,474.3935,474.3935,512.497614,512.505613,512.497694
1053,47500,,0.750506,,0.750506,0.750496,0.750506,474.3935,474.3935,474.3935,512.497614,512.505613,512.497694
1054,47500,,0.750506,,0.750506,0.750496,0.750506,474.3935,474.3935,474.3935,512.497614,512.505613,512.497694
1055,47500,,0.750506,,0.750506,0.750506,0.750506,474.3935,474.3935,474.3935,512.497614,512.497614,512.497614
1056,47500,,0.750506,,0.750506,0.750506,0.750506,474.3935,474.3935,474.3935,512.497614,512.497614,512.497614
1057,47500,,0.750506,,0.750506,0.750506,0.750506,474.3935,474.3935,474.3935,512.497614,512.497614,512.497614
1058,47500,,0.750506,,0.750506,0.750506,0.750506,474.3935,474.3935,474.3935,512.497614,512.497614,512.497614
1059,47500,,0.750506,,0.750506,0.750506,0.750506,474.3935,474.3935,474.3935,512.497614,512.497614,512.497614
1060,47500,,0.750506,,0.750506,0.750506,0.750506,474.3935,474.3935,474.3935,512.497614,512.497614,512.497614
1061,47500,,0.750506,,0.750506,0.750506,0.750506,474.3935,474.3935,474.3935,512.497614,512.497614,512.497614
1062,47500,,0.750506,,0.750506,0.750506,0.750506,474.3935,474.3935,474.3935,512.497614,512.497614,512.497614
1063,47500,,0.750506,,0.750506,0.750506,0.750506,474.3935,474.3935,474.3935,512.497614,512.497614,512.497614
1064,47500,,0.750937,,0.750937,0.750506,0.750511,474.699,474.3935,474.396555,512.366151,512.497614,512.4963
1065,47500,,0.750937,,0.750937,0.750506,0.750511,474.699,474.3935,474.396555,512.366151,512.497614,512.4963
1066,47500,,0.750937,,0.750937,0.750506,0.750515,474.699,474.3935,474.39961,512.366151,512.497614,512.494985
1067,47500,,0.750937,,0.750937,0.750506,0.750515,474.699,474.3935,474.39961,512.366151,512.497614,512.494985
1068,47500,,0.750937,,0.750937,0.750506,0.750524,474.699,474.3935,474.40572,512.366151,512.497614,512.492356
1069,47500,,0.750937,,0.750937,0.750506,0.750536,474.699,474.3935,474.414885,512.366151,512.497614,512.488412
1070,47500,,0.750937,,0.750937,0.750506,0.750549,474.699,474.3935,474.42405,512.366151,512.497614,512.484468
1071,47500,,0.750937,,0.750937,0.750506,0.750562,474.699,474.3935,474.433215,512.366151,512.497614,512.480524
1072,47500,,0.750937,,0.750937,0.750506,0.75058,474.699,474.3935,474.445435,512.366151,512.497614,512.475266
1073,47500,,0.750937,,0.750937,0.750506,0.750593,474.699,474.3935,474.4546,512.366151,512.497614,512.471322
1074,47500,,0.750937,,0.750937,0.750506,0.750601,474.699,474.3935,474.46071,512.366151,512.497614,512.468692
1075,47500,,0.750937,,0.750937,0.750506,0.750627,474.699,474.3935,474.47904,512.366151,512.497614,512.460805
1076,47500,,0.750937,,0.750937,0.750506,0.750657,474.699,474.3935,474.500425,512.366151,512.497614,512.451602
1077,47500,,0.750937,,0.750937,0.750506,0.750692,474.699,474.3935,474.524865,512.366151,512.497614,512.441085
1078,47500,,0.750937,,0.750937,0.750506,0.750726,474.699,474.3935,474.549305,512.366151,512.497614,512.430568
1079,47500,,0.750937,,0.750937,0.750506,0.750774,474.699,474.3935,474.58291,512.366151,512.497614,512.416107
1080,47500,,0.750937,,0.750937,0.750506,0.750804,474.699,474.3935,474.604295,512.366151,512.497614,512.406905
1081,47500,,0.750937,,0.750937,0.750506,0.750843,474.699,474.3935,474.63179,512.366151,512.497614,512.395073
1082,47500,,0.750937,,0.750937,0.750506,0.750868,474.699,474.3935,474.65012,512.366151,512.497614,512.387185
1083,47500,,0.750937,,0.750937,0.750506,0.750903,474.699,474.3935,474.67456,512.366151,512.497614,512.376668
1084,47500,,0.750937,,0.750937,0.750506,0.750903,474.699,474.3935,474.67456,512.366151,512.497614,512.376668
1085,47500,,0.750937,,0.750937,0.750506,0.750907,474.699,474.3935,474.677615,512.366151,512.497614,512.375354
1086,47500,,0.750937,,0.750937,0.750506,0.750911,474.699,474.3935,474.68067,512.366151,512.497614,512.374039
1087,47500,,0.750937,,0.750937,0.750506,0.75092,474.699,474.3935,474.68678,512.366151,512.497614,512.37141
1088,47500,,0.750937,,0.750937,0.750506,0.750929,474.699,474.3935,474.69289,512.366151,512.497614,512.36878
1089,47500,,0.750937,,0.750937,0.750506,0.750933,474.699,474.3935,474.695945,512.366151,512.497614,512.367466
1090,47500,,0.750937,,0.750937,0.750937,0.750937,474.699,474.699,474.699,512.366151,512.366151,512.366151
1091,47500,,0.750937,,0.750937,0.750937,0.750937,474.699,474.699,474.699,512.366151,512.366151,512.366151
1092,47500,,0.750937,,0.750937,0.750937,0.750937,474.699,474.699,474.699,512.366151,512.366151,512.366151
1093,47500,,0.750937,,0.750937,0.750937,0.750937,474.699,474.699,474.699,512.366151,512.366151,512.366151
1094,47500,,0.750937,,0.750937,0.750937,0.750937,474.699,474.699,474.699,512.366151,512.366151,512.366151
1095,47500,,0.750937,,0.750937,0.750937,0.750937,474.699,474.699,474.699,512.366151,512.366151,512.366151
1096,47500,,0.750937,,0.750937,0.750937,0.750937,474.699,474.699,474.699,512.366151,512.366151,512.366151
1097,47500,,0.750937,,0.750937,0.750937,0.750937,474.699,474.699,474.699,512.366151,512.366151,512.366151
1098,47500,,0.750937,,0.750937,0.750937,0.750937,474.699,474.699,474.699,512.366151,512.366151,512.366151
1099,47500,,0.750937,,0.750937,0.750937,0.750937,474.699,474.699,474.699,512.366151,512.366151,512.366151
1100,47500,,0.750937,,0.750937,0.750937,0.750937,474.699,474.699,474.699,512.366151,512.366151,512.366151
1101,47500,,0.750937,,0.750937,0.750937,0.750937,474.699,474.699,474.699,512.366151,512.366151,512.366151
1102,47500,,0.750937,,0.750937,0.750937,0.750937,474.699,474.699,474.699,512.366151,512.366151,512.366151
1103,47500,,0.750937,,0.750937,0.750937,0.750937,474.699,474.699,474.699,512.366151,512.366151,512.366151
1104,47500,,0.750937,,0.750937,0.750937,0.750937,474.699,474.699,474.699,512.366151,512.366151,512.366151
1105,47500,,0.750937,,0.750937,0.750937,0.750937,474.699,474.699,474.699,512.366151,512.366151,512.366151
1106,47500,,0.750937,,0.750937,0.750937,0.750937,474.699,474.699,474.699,512.366151,512.366151,512.366151
1107,47500,,0.750937,,0.750937,0.750937,0.750937,474.699,474.699,474.699,512.366151,512.366151,512.366151
1108,47500,,0.750937,,0.750937,0.750937,0.750937,474.699,474.699,474.699,512.366151,512.366151,512.366151
1109,47500,,0.750937,,0.750937,0.750937,0.750937,474.699,474.699,474.699,512.366151,512.366151,512.366151
1110,47500,,0.750937,,0.750937,0.750937,0.750937,474.699,474.699,474.699,512.366151,512.366151,512.366151
1111,47500,,0.750937,,0.750937,0.750937,0.750937,474.699,474.699,474.699,512.366151,512.366151,512.366151
1112,47500,,0.750937,,0.750937,0.750937,0.750937,474.699,474.699,474.699,512.366151,512.366151,512.366151
1113,47500,,0.750937,,0.750937,0.750937,0.750937,474.699,474.699,474.699,512.366151,512.366151,512.366151
1114,47500,,0.750937,,0.750937,0.750937,0.750937,474.699,474.699,474.699,512.366151,512.366151,512.366151
1115,47500,,0.750937,,0.750937,0.750937,0.750937,474.699,474.699,474.699,512.366151,512.366151,512.366151
1116,47500,,0.750937,,0.750937,0.750937,0.750937,474.699,474.699,474.699,512.366151,512.366151,512.366151
1117,47500,,0.750937,,0.750937,0.750937,0.750937,474.699,474.699,474.699,512.366151,512.366151,512.366151
1118,47500,,0.750937,,0.750937,0.750937,0.750937,474.699,474.699,474.699,512.366151,512.366151,512.366151
1119,47500,,0.750937,,0.750937,0.750937,0.750937,474.699,474.699,474.699,512.366151,512.366151,512.366151
1120,47500,,0.750937,,0.750937,0.750937,0.750937,474.699,474.699,474.699,512.366151,512.366151,512.366151
1121,47500,,0.750937,,0.750937,0.750937,0.750937,474.699,474.699,474.699,512.366151,512.366151,512.366151
1122,47500,,0.750937,,0.750937,0.750937,0.750937,474.699,474.699,474.699,512.366151,512.366151,512.366151
1123,47500,,0.750937,,0.750937,0.750937,0.750937,474.699,474.699,474.699,512.366151,512.366151,512.366151
1124,47500,,0.750937,,0.750937,0.750937,0.750937,474.699,474.699,474.699,512.366151,512.366151,512.366151
1125,47500,,0.750937,,0.750937,0.750937,0.750937,474.699,474.699,474.699,512.366151,512.366151,512.366151
1126,47500,,0.750937,,0.750937,0.750937,0.750937,474.699,474.699,474.699,512.366151,512.366151,512.366151
1127,47500,,0.750937,,0.750937,0.750937,0.750937,474.699,474.699,474.699,512.366151,512.366151,512.366151
1128,47500,,0.750937,,0.750937,0.750937,0.750937,474.699,474.699,474.699,512.366151,512.366151,512.366151
1129,47500,,0.750937,,0.750937,0.750937,0.750937,474.699,474.699,474.699,512.366151,512.366151,512.366151
1130,47500,,0.750937,,0.750937,0.750937,0.750937,474.699,474.699,474.699,512.366151,512.366151,512.366151
1131,47500,,0.750937,,0.750937,0.750937,0.750937,474.699,474.699,474.699,512.366151,512.366151,512.366151
1132,47500,,0.750937,,0.750937,0.750937,0.750937,474.699,474.699,474.699,512.366151,512.366151,512.366151
1133,47500,,0.750937,,0.750937,0.750937,0.750937,474.699,474.699,474.699,512.366151,512.366151,512.366151
1134,47500,,0.750937,,0.750937,0.750937,0.750937,474.699,474.699,474.699,512.366151,512.366151,512.366151
1135,47500,,0.750937,,0.750937,0.750937,0.750937,474.699,474.699,474.699,512.366151,512.366151,512.366151
1136,47500,,0.750937,,0.750937,0.750937,0.750937,474.699,474.699,474.699,512.366151,512.366151,512.366151
1137,47500,,0.750937,,0.750937,0.750937,0.750937,474.699,474.699,474.699,512.366151,512.366151,512.366151
1138,47500,,0.750937,,0.750937,0.750937,0.750937,474.699,474.699,474.699,512.366151,512.366151,512.366151
1139,47500,,0.750937,,0.750937,0.750937,0.750937,474.699,474.699,474.699,512.366151,512.366151,512.366151
1140,47500,,0.750937,,0.750937,0.750937,0.750937,474.699,474.699,474.699,512.366151,512.366151,512.366151
1141,47500,,0.750937,,0.750937,0.750937,0.750937,474.699,474.699,474.699,512.366151,512.366151,512.366151
1142,47500,,0.750937,,0.750937,0.750937,0.750937,474.699,474.699,474.699,512.366151,512.366151,512.366151
1143,47500,,0.750937,,0.750937,0.750937,0.750937,474.699,474.699,474.699,512.366151,512.366151,512.366151
1144,47500,,0.750937,,0.750937,0.750937,0.750937,474.699,474.699,474.699,512.366151,512.366151,512.366151
1145,47500,,0.750937,,0.750937,0.750937,0.750937,474.699,474.699,474.699,512.366151,512.366151,512.366151
1146,47500,,0.750937,,0.750937,0.750937,0.750937,474.699,474.699,474.699,512.366151,512.366151,512.366151
1147,47500,,0.750937,,0.750937,0.750937,0.750937,474.699,474.699,474.699,512.366151,512.366151,512.366151
1148,47500,,0.750937,,0.750937,0.750937,0.750937,474.699,474.699,474.699,512.366151,512.366151,512.366151
1149,47500,,0.750937,,0.750937,0.750937,0.750937,474.699,474.699,474.699,512.366151,512.366151,512.366151
1150,47500,,0.750937,,0.750937,0.750937,0.750937,474.699,474.699,474.699,512.366151,512.366151,512.366151
1151,47500,,0.750937,,0.750937,0.750937,0.750937,474.699,474.699,474.699,512.366151,512.366151,512.366151
1152,47500,,0.750937,,0.750937,0.750937,0.750937,474.699,474.699,474.699,512.366151,512.366151,512.366151
1153,47500,,0.750937,,0.750937,0.750937,0.750937,474.699,474.699,474.699,512.366151,512.366151,512.366151
1154,47500,,0.750937,,0.750937,0.750937,0.750937,474.699,474.699,474.699,512.366151,512.366151,512.366151
1155,47500,,0.750937,,0.750937,0.750937,0.750937,474.699,474.699,474.699,512.366151,512.366151,512.366151
1156,47500,,0.750937,,0.750937,0.750937,0.750937,474.699,474.699,474.699,512.366151,512.366151,512.366151
1157,47500,,0.750937,,0.750937,0.750937,0.750937,474.699,474.699,474.699,512.366151,512.366151,512.366151
1158,47500,,0.750937,,0.750937,0.750937,0.750937,474.699,474.699,474.699,512.366151,512.366151,512.366151
1159,47500,,0.750937,,0.750937,0.750937,0.750937,474.699,474.699,474.699,512.366151,512.366151,512.366151
1160,47500,,0.751154,,0.751154,0.750937,0.750939,474.699,474.699,474.699,512.19727,512.366151,512.364462
1161,47500,,0.751154,,0.751154,0.750937,0.750946,474.699,474.699,474.699,512.19727,512.366151,512.359396
1162,47500,,0.751154,,0.751154,0.750937,0.750952,474.699,474.699,474.699,512.19727,512.366151,512.354329
1163,47500,,0.751154,,0.751154,0.750937,0.750959,474.699,474.699,474.699,512.19727,512.366151,512.349263
1164,47500,,0.751154,,0.751154,0.750937,0.750965,474.699,474.699,474.699,512.19727,512.366151,512.344197
1165,47500,,0.751154,,0.751154,0.750937,0.750972,474.699,474.699,474.699,512.19727,512.366151,512.33913
1166,47500,,0.751154,,0.751154,0.750937,0.750994,474.699,474.699,474.699,512.19727,512.366151,512.322242
1167,47500,,0.751154,,0.751154,0.750937,0.751007,474.699,474.699,474.699,512.19727,512.366151,512.312109
1168,47500,,0.751154,,0.751154,0.750937,0.751022,474.699,474.699,474.699,512.19727,512.366151,512.300287
1169,47500,,0.751154,,0.751154,0.750937,0.751041,474.699,474.699,474.699,512.19727,512.366151,512.285088
1170,47500,,0.751154,,0.751154,0.750937,0.751061,474.699,474.699,474.699,512.19727,512.366151,512.26975
1171,47500,,0.751154,,0.751154,0.750937,0.751082,474.699,474.699,474.699,512.19727,512.366151,512.253001
1172,47500,,0.751154,,0.751154,0.750937,0.751104,474.699,474.699,474.699,512.19727,512.366151,512.236122
1173,47500,,0.751154,,0.751154,0.750937,0.751113,474.699,474.699,474.699,512.19727,512.366151,512.229357
1174,47500,,0.751154,,0.751154,0.750937,0.751124,474.699,474.699,474.699,512.19727,512.366151,512.220913
1175,47500,,0.751154,,0.751154,0.750937,0.751134,474.699,474.699,474.699,512.19727,512.366151,512.212469
1176,47500,,0.751154,,0.751154,0.750937,0.751145,474.699,474.699,474.699,512.19727,512.366151,512.204025
1177,47500,,0.751154,,0.751154,0.750937,0.75115,474.699,474.699,474.699,512.19727,512.366151,512.200648
1178,47500,,0.751154,,0.751154,0.751154,0.751154,474.699,474.699,474.699,512.19727,512.19727,512.19727
1179,47500,,0.751154,,0.751154,0.751154,0.751154,474.699,474.699,474.699,512.19727,512.19727,512.19727
1180,47500,,0.751154,,0.751154,0.751154,0.751154,474.699,474.699,474.699,512.19727,512.19727,512.19727
1181,47500,,0.751154,,0.751154,0.751154,0.751154,474.699,474.699,474.699,512.19727,512.19727,512.19727
1182,47500,,0.751154,,0.751154,0.751154,0.751154,474.699,474.699,474.699,512.19727,512.19727,512.19727
1183,47500,,0.751154,,0.751154,0.751154,0.751154,474.699,474.699,474.699,512.19727,512.19727,512.19727
1184,47500,,0.751154,,0.751154,0.751154,0.751154,474.699,474.699,474.699,512.19727,512.19727,512.19727
1185,47500,,0.751154,,0.751154,0.751154,0.751154,474.699,474.699,474.699,512.19727,512.19727,512.19727
1186,47500,,0.751154,,0.751154,0.751154,0.751154,474.699,474.699,474.699,512.19727,512.19727,512.19727
1187,47500,,0.751154,,0.751154,0.751154,0.751154,474.699,474.699,474.699,512.19727,512.19727,512.19727
1188,47500,,0.751154,,0.751154,0.751154,0.751154,474.699,474.699,474.699,512.19727,512.19727,512.19727
1189,47500,,0.751154,,0.751154,0.751154,0.751154,474.699,474.699,474.699,512.19727,512.19727,512.19727
1190,47500,,0.751154,,0.751154,0.751154,0.751154,474.699,474.699,474.699,512.19727,512.19727,512.19727
1191,47500,,0.751154,,0.751154,0.751154,0.751154,474.699,474.699,474.699,512.19727,512.19727,512.19727
1192,47500,,0.751154,,0.751154,0.751154,0.751154,474.699,474.699,474.699,512.19727,512.19727,512.19727
1193,47500,,0.751154,,0.751154,0.751154,0.751154,474.699,474.699,474.699,512.19727,512.19727,512.19727
1194,47500,,0.751154,,0.751154,0.751154,0.751154,474.699,474.699,474.699,512.19727,512.19727,512.19727
1195,47500,,0.751154,,0.751154,0.751154,0.751154,474.699,474.699,474.699,512.19727,512.19727,512.19727
1196,47500,,0.751154,,0.751154,0.751154,0.751154,474.699,474.699,474.699,512.19727,512.19727,512.19727
1197,47500,,0.751154,,0.751154,0.751154,0.751154,474.699,474.699,474.699,512.19727,512.19727,512.19727
1198,47500,,0.751154,,0.751154,0.751154,0.751154,474.699,474.699,474.699,512.19727,512.19727,512.19727
1199,47500,,0.751154,,0.751154,0.751154,0.751154,474.699,474.699,474.699,512.19727,512.19727,512.19727
1200,47500,,0.751154,,0.751154,0.751154,0.751154,474.699,474.699,474.699,512.19727,512.19727,512.19727
1201,47500,,0.751154,,0.751154,0.751154,0.751154,474.699,474.699,474.699,512.19727,512.19727,512.19727
1202,47500,,0.751154,,0.751154,0.751154,0.751154,474.699,474.699,474.699,512.19727,512.19727,512.19727
1203,47500,,0.751154,,0.751154,0.751154,0.751154,474.699,474.699,474.699,512.19727,512.19727,512.19727
1204,47500,,0.751154,,0.751154,0.751154,0.751154,474.699,474.699,474.699,512.19727,512.19727,512.19727
1205,47500,,0.751154,,0.751154,0.751154,0.751154,474.699,474.699,474.699,512.19727,512.19727,512.19727
1206,47500,,0.751154,,0.751154,0.751154,0.751154,474.699,474.699,474.699,512.19727,512.19727,512.19727
1207,47500,,0.751154,,0.751154,0.751154,0.751154,474.699,474.699,474.699,512.19727,512.19727,512.19727
1208,47500,,0.751154,,0.751154,0.751154,0.751154,474.699,474.699,474.699,512.19727,512.19727,512.19727
1209,47500,,0.751154,,0.751154,0.751154,0.751154,474.699,474.699,474.699,512.19727,512.19727,512.19727
1210,47500,,0.751154,,0.751154,0.751154,0.751154,474.699,474.699,474.699,512.19727,512.19727,512.19727
1211,47500,,0.751154,,0.751154,0.751154,0.751154,474.699,474.699,474.699,512.19727,512.19727,512.19727
1212,47500,,0.751154,,0.751154,0.751154,0.751154,474.699,474.699,474.699,512.19727,512.19727,512.19727
1213,47500,,0.751154,,0.751154,0.751154,0.751154,474.699,474.699,474.699,512.19727,512.19727,512.19727
1214,47500,,0.751154,,0.751154,0.751154,0.751154,474.699,474.699,474.699,512.19727,512.19727,512.19727
1215,47500,,0.751154,,0.751154,0.751154,0.751154,474.699,474.699,474.699,512.19727,512.19727,512.19727
1216,47500,,0.751154,,0.751154,0.751154,0.751154,474.699,474.699,474.699,512.19727,512.19727,512.19727
1217,47500,,0.751154,,0.751154,0.751154,0.751154,474.699,474.699,474.699,512.19727,512.19727,512.19727
1218,47500,,0.751154,,0.751154,0.751154,0.751154,474.699,474.699,474.699,512.19727,512.19727,512.19727
1219,47500,,0.751154,,0.751154,0.751154,0.751154,474.699,474.699,474.699,512.19727,512.19727,512.19727
1220,47500,,0.751154,,0.751154,0.751154,0.751154,474.699,474.699,474.699,512.19727,512.19727,512.19727
1221,47500,,0.751154,,0.751154,0.751154,0.751154,474.699,474.699,474.699,512.19727,512.19727,512.19727
1222,47500,,0.751154,,0.751154,0.751154,0.751154,474.699,474.699,474.699,512.19727,512.19727,512.19727
1223,47500,,0.751154,,0.751154,0.751154,0.751154,474.699,474.699,474.699,512.19727,512.19727,512.19727
1224,47500,,0.751154,,0.751154,0.751154,0.751154,474.699,474.699,474.699,512.19727,512.19727,512.19727
1225,47500,,0.751154,,0.751154,0.751154,0.751154,474.699,474.699,474.699,512.19727,512.19727,512.19727
1226,47500,,0.751154,,0.751154,0.751154,0.751154,474.699,474.699,474.699,512.19727,512.19727,512.19727
1227,47500,,0.751154,,0.751154,0.751154,0.751154,474.699,474.699,474.699,512.19727,512.19727,512.19727
1228,47500,,0.751154,,0.751154,0.751154,0.751154,474.699,474.699,474.699,512.19727,512.19727,512.19727
1229,47500,,0.751154,,0.751154,0.751154,0.751154,474.699,474.699,474.699,512.19727,512.19727,512.19727
1230,47500,,0.751154,,0.751154,0.751154,0.751154,474.699,474.699,474.699,512.19727,512.19727,512.19727
1231,47500,,0.751154,,0.751154,0.751154,0.751154,474.699,474.699,474.699,512.19727,512.19727,512.19727
1232,47500,,0.751154,,0.751154,0.751154,0.751154,474.699,474.699,474.699,512.19727,512.19727,512.19727
1233,47500,,0.751154,,0.751154,0.751154,0.751154,474.699,474.699,474.699,512.19727,512.19727,512.19727
1234,47500,,0.751154,,0.751154,0.751154,0.751154,474.699,474.699,474.699,512.19727,512.19727,512.19727
1235,47500,,0.751154,,0.751154,0.751154,0.751154,474.699,474.699,474.699,512.19727,512.19727,512.19727
1236,47500,,0.751154,,0.751154,0.751154,0.751154,474.699,474.699,474.699,512.19727,512.19727,512.19727
1237,47500,,0.751154,,0.751154,0.751154,0.751154,474.699,474.699,474.699,512.19727,512.19727,512.19727
1238,47500,,0.751154,,0.751154,0.751154,0.751154,474.699,474.699,474.699,512.19727,512.19727,512.19727
1239,47500,,0.751154,,0.751154,0.751154,0.751154,474.699,474.699,474.699,512.19727,512.19727,512.19727
1240,47500,,0.751154,,0.751154,0.751154,0.751154,474.699,474.699,474.699,512.19727,512.19727,512.19727
1241,47500,,0.751154,,0.751154,0.751154,0.751154,474.699,474.699,474.699,512.19727,512.19727,512.19727
1242,47500,,0.751154,,0.751154,0.751154,0.751154,474.699,474.699,474.699,512.19727,512.19727,512.19727
1243,47500,,0.751154,,0.751154,0.751154,0.751154,474.699,474.699,474.699,512.19727,512.19727,512.19727
1244,47500,,0.751154,,0.751154,0.751154,0.751154,474.699,474.699,474.699,512.19727,512.19727,512.19727
1245,47500,,0.751154,,0.751154,0.751154,0.751154,474.699,474.699,474.699,512.19727,512.19727,512.19727
1246,47500,,0.751154,,0.751154,0.751154,0.751154,474.699,474.699,474.699,512.19727,512.19727,512.19727
1247,47500,,0.751154,,0.751154,0.751154,0.751154,474.699,474.699,474.699,512.19727,512.19727,512.19727
1248,47500,,0.751154,,0.751154,0.751154,0.751154,474.699,474.699,474.699,512.19727,512.19727,512.19727
1249,47500,,0.751154,,0.751154,0.751154,0.751154,474.699,474.699,474.699,512.19727,512.19727,512.19727
1250,47500,,0.751154,,0.751154,0.751154,0.751154,474.699,474.699,474.699,512.19727,512.19727,512.19727
1251,47500,,0.751154,,0.751154,0.751154,0.751154,474.699,474.699,474.699,512.19727,512.19727,512.19727
1252,47500,,0.751154,,0.751154,0.751154,0.751154,474.699,474.699,474.699,512.19727,512.19727,512.19727
1253,47500,,0.751154,,0.751154,0.751154,0.751154,474.699,474.699,474.699,512.19727,512.19727,512.19727
1254,47500,,0.751154,,0.751154,0.751154,0.751154,474.699,474.699,474.699,512.19727,512.19727,512.19727
1255,47500,,0.751154,,0.751154,0.751154,0.751154,474.699,474.699,474.699,512.19727,512.19727,512.19727
1256,47500,,0.751154,,0.751154,0.751154,0.751154,474.699,474.699,474.699,512.19727,512.19727,512.19727
1257,47500,,0.751154,,0.751154,0.751154,0.751154,474.699,474.699,474.699,512.19727,512.19727,512.19727
1258,47500,,0.751154,,0.751154,0.751154,0.751154,474.699,474.699,474.699,512.19727,512.19727,512.19727
1259,47500,,0.751154,,0.751154,0.751154,0.751154,474.699,474.699,474.699,512.19727,512.19727,512.19727
1260,47500,,0.751154,,0.751154,0.751154,0.751154,474.699,474.699,474.699,512.19727,512.19727,512.19727
1261,47500,,0.751154,,0.751154,0.751154,0.751154,474.699,474.699,474.699,512.19727,512.19727,512.19727
1262,47500,,0.751154,,0.751154,0.751154,0.751154,474.699,474.699,474.699,512.19727,512.19727,512.19727
1263,47500,,0.751154,,0.751154,0.751154,0.751154,474.699,474.699,474.699,512.19727,512.19727,512.19727
1264,47500,,0.751154,,0.751154,0.751154,0.751154,474.699,474.699,474.699,512.19727,512.19727,512.19727
1265,47500,,0.751154,,0.751154,0.751154,0.751154,474.699,474.699,474.699,512.19727,512.19727,512.19727
1266,47500,,0.751154,,0.751154,0.751154,0.751154,474.699,474.699,474.699,512.19727,512.19727,512.19727
1267,47500,,0.751154,,0.751154,0.751154,0.751154,474.699,474.699,474.699,512.19727,512.19727,512.19727
1268,47500,,0.751154,,0.751154,0.751154,0.751154,474.699,474.699,474.699,512.19727,512.19727,512.19727
1269,47500,,0.751154,,0.751154,0.751154,0.751154,474.699,474.699,474.699,512.19727,512.19727,512.19727
1270,47500,,0.751154,,0.751154,0.751154,0.751154,474.699,474.699,474.699,512.19727,512.19727,512.19727
1271,47500,,0.751154,,0.751154,0.751154,0.751154,474.699,474.699,474.699,512.19727,512.19727,512.19727
1272,47500,,0.751154,,0.751154,0.751154,0.751154,474.699,474.699,474.699,512.19727,512.19727,512.19727
1273,47500,,0.751154,,0.751154,0.751154,0.751154,474.699,474.699,474.699,512.19727,512.19727,512.19727
1274,47500,,0.751154,,0.751154,0.751154,0.751154,474.699,474.699,474.699,512.19727,512.19727,512.19727
1275,47500,,0.751154,,0.751154,0.751154,0.751154,474.699,474.699,474.699,512.19727,512.19727,512.19727
1276,47500,,0.751154,,0.751154,0.751154,0.751154,474.699,474.699,474.699,512.19727,512.19727,512.19727
1277,47500,,0.751154,,0.751154,0.751154,0.751154,474.699,474.699,474.699,512.19727,512.19727,512.19727
1278,47500,,0.751154,,0.751154,0.751154,0.751154,474.699,474.699,474.699,512.19727,512.19727,512.19727
1279,47500,,0.751154,,0.751154,0.751154,0.751154,474.699,474.699,474.699,512.19727,512.19727,512.19727
1280,47500,,0.751154,,0.751154,0.751154,0.751154,474.699,474.699,474.699,512.19727,512.19727,512.19727
1281,47500,,0.751154,,0.751154,0.751154,0.751154,474.699,474.699,474.699,512.19727,512.19727,512.19727
1282,47500,,0.751154,,0.751154,0.751154,0.751154,474.699,474.699,474.699,512.19727,512.19727,512.19727
1283,47500,,0.751154,,0.751154,0.751154,0.751154,474.699,474.699,474.699,512.19727,512.19727,512.19727
1284,47500,,0.751154,,0.751154,0.751154,0.751154,474.699,474.699,474.699,512.19727,512.19727,512.19727
1285,47500,,0.751154,,0.751154,0.751154,0.751154,474.699,474.699,474.699,512.19727,512.19727,512.19727
1286,47500,,0.751154,,0.751154,0.751154,0.751154,474.699,474.699,474.699,512.19727,512.19727,512.19727
1287,47500,,0.751154,,0.751154,0.751154,0.751154,474.699,474.699,474.699,512.19727,512.19727,512.19727
1288,47500,,0.751154,,0.751154,0.751154,0.751154,474.699,474.699,474.699,512.19727,512.19727,512.19727
1289,47500,,0.751154,,0.751154,0.751154,0.751154,474.699,474.699,474.699,512.19727,512.19727,512.19727
1290,47500,,0.751154,,0.751154,0.751154,0.751154,474.699,474.699,474.699,512.19727,512.19727,512.19727
1291,47500,,0.751154,,0.751154,0.751154,0.751154,474.699,474.699,474.699,512.19727,512.19727,512.19727
1292,47500,,0.751154,,0.751154,0.751154,0.751154,474.699,474.699,474.699,512.19727,512.19727,512.19727
1293,47500,,0.751154,,0.751154,0.751154,0.751154,474.699,474.699,474.699,512.19727,512.19727,512.19727
1294,47500,,0.751154,,0.751154,0.751154,0.751154,474.699,474.699,474.699,512.19727,512.19727,512.19727
1295,47500,,0.751154,,0.751154,0.751154,0.751154,474.699,474.699,474.699,512.19727,512.19727,512.19727
1296,47500,,0.751154,,0.751154,0.751154,0.751154,474.699,474.699,474.699,512.19727,512.19727,512.19727
1297,47500,,0.751154,,0.751154,0.751154,0.751154,474.699,474.699,474.699,512.19727,512.19727,512.19727
1298,47500,,0.751154,,0.751154,0.751154,0.751154,474.699,474.699,474.699,512.19727,512.19727,512.19727
1299,47500,,0.751154,,0.751154,0.751154,0.751154,474.699,474.699,474.699,512.19727,512.19727,512.19727
1300,47500,,0.751154,,0.751154,0.751154,0.751154,474.699,474.699,474.699,512.19727,512.19727,512.19727
1301,47500,,0.751154,,0.751154,0.751154,0.751154,474.699,474.699,474.699,512.19727,512.19727,512.19727
1302,47500,,0.751154,,0.751154,0.751154,0.751154,474.699,474.699,474.699,512.19727,512.19727,512.19727
1303,47500,,0.751154,,0.751154,0.751154,0.751154,474.699,474.699,474.699,512.19727,512.19727,512.19727
1304,47500,,0.751154,,0.751154,0.751154,0.751154,474.699,474.699,474.699,512.19727,512.19727,512.19727
1305,47500,,0.751154,,0.751154,0.751154,0.751154,474.699,474.699,474.699,512.19727,512.19727,512.19727
1306,47500,,0.751154,,0.751154,0.751154,0.751154,474.699,474.699,474.699,512.19727,512.19727,512.19727
1307,47500,,0.751154,,0.751154,0.751154,0.751154,474.699,474.699,474.699,512.19727,512.19727,512.19727
1308,47500,,0.751154,,0.751154,0.751154,0.751154,474.699,474.699,474.699,512.19727,512.19727,512.19727
1309,47500,,0.751154,,0.751154,0.751154,0.751154,474.699,474.699,474.699,512.19727,512.19727,512.19727
1310,47500,,0.751154,,0.751154,0.751154,0.751154,474.699,474.699,474.699,512.19727,512.19727,512.19727
1311,47500,,0.751154,,0.751154,0.751154,0.751154,474.699,474.699,474.699,512.19727,512.19727,512.19727
1312,47500,,0.751154,,0.751154,0.751154,0.751154,474.699,474.699,474.699,512.19727,512.19727,512.19727
1313,47500,,0.751154,,0.751154,0.751154,0.751154,474.699,474.699,474.699,512.19727,512.19727,512.19727
1314,47500,,0.751154,,0.751154,0.751154,0.751154,474.699,474.699,474.699,512.19727,512.19727,512.19727
1315,47500,,0.751154,,0.751154,0.751154,0.751154,474.699,474.699,474.699,512.19727,512.19727,512.19727
1316,47500,,0.751154,,0.751154,0.751154,0.751154,474.699,474.699,474.699,512.19727,512.19727,512.19727
1317,47500,,0.751154,,0.751154,0.751154,0.751154,474.699,474.699,474.699,512.19727,512.19727,512.19727
1318,47500,,0.751154,,0.751154,0.751154,0.751154,474.699,474.699,474.699,512.19727,512.19727,512.19727
1319,47500,,0.751154,,0.751154,0.751154,0.751154,474.699,474.699,474.699,512.19727,512.19727,512.19727
1320,47500,,0.751154,,0.751154,0.751154,0.751154,474.699,474.699,474.699,512.19727,512.19727,512.19727
1321,47500,,0.751154,,0.751154,0.751154,0.751154,474.699,474.699,474.699,512.19727,512.19727,512.19727
1322,47500,,0.751154,,0.751154,0.751154,0.751154,474.699,474.699,474.699,512.19727,512.19727,512.19727
1323,47500,,0.751154,,0.751154,0.751154,0.751154,474.699,474.699,474.699,512.19727,512.19727,512.19727
1324,47500,,0.751154,,0.751154,0.751154,0.751154,474.699,474.699,474.699,512.19727,512.19727,512.19727
1325,47500,,0.751154,,0.751154,0.751154,0.751154,474.699,474.699,474.699,512.19727,512.19727,512.19727
1326,47500,,0.751154,,0.751154,0.751154,0.751154,474.699,474.699,474.699,512.19727,512.19727,512.19727
1327,47500,,0.751154,,0.751154,0.751154,0.751154,474.699,474.699,474.699,512.19727,512.19727,512.19727
1328,47500,,0.751154,,0.751154,0.751154,0.751154,474.699,474.699,474.699,512.19727,512.19727,512.19727
1329,47500,,0.751154,,0.751154,0.751154,0.751154,474.699,474.699,474.699,512.19727,512.19727,512.19727
1330,47500,,0.751154,,0.751154,0.751154,0.751154,474.699,474.699,474.699,512.19727,512.19727,512.19727
1331,47500,,0.751154,,0.751154,0.751154,0.751154,474.699,474.699,474.699,512.19727,512.19727,512.19727
1332,47500,,0.751154,,0.751154,0.751154,0.751154,474.699,474.699,474.699,512.19727,512.19727,512.19727
1333,47500,,0.751154,,0.751154,0.751154,0.751154,474.699,474.699,474.699,512.19727,512.19727,512.19727
1334,47500,,0.751154,,0.751154,0.751154,0.751154,474.699,474.699,474.699,512.19727,512.19727,512.19727
1335,47500,,0.751154,,0.751154,0.751154,0.751154,474.699,474.699,474.699,512.19727,512.19727,512.19727
1336,47500,,0.751154,,0.751154,0.751154,0.751154,474.699,474.699,474.699,512.19727,512.19727,512.19727
1337,47500,,0.751154,,0.751154,0.751154,0.751154,474.699,474.699,474.699,512.19727,512.19727,512.19727
1338,47500,,0.751154,,0.751154,0.751154,0.751154,474.699,474.699,474.699,512.19727,512.19727,512.19727
1339,47500,,0.751154,,0.751154,0.751154,0.751154,474.699,474.699,474.699,512.19727,512.19727,512.19727
1340,47500,,0.751154,,0.751154,0.751154,0.751154,474.699,474.699,474.699,512.19727,512.19727,512.19727
1341,47500,,0.751154,,0.751154,0.751154,0.751154,474.699,474.699,474.699,512.19727,512.19727,512.19727
1342,47500,,0.751154,,0.751154,0.751154,0.751154,474.699,474.699,474.699,512.19727,512.19727,512.19727
1343,47500,,0.751154,,0.751154,0.751154,0.751154,474.699,474.699,474.699,512.19727,512.19727,512.19727
1344,47500,,0.751154,,0.751154,0.751154,0.751154,474.699,474.699,474.699,512.19727,512.19727,512.19727
1345,47500,,0.751154,,0.751154,0.751154,0.751154,474.699,474.699,474.699,512.19727,512.19727,512.19727
1346,47500,,0.751154,,0.751154,0.751154,0.751154,474.699,474.699,474.699,512.19727,512.19727,512.19727
1347,47500,,0.751154,,0.751154,0.751154,0.751154,474.699,474.699,474.699,512.19727,512.19727,512.19727
1348,47500,,0.751154,,0.751154,0.751154,0.751154,474.699,474.699,474.699,512.19727,512.19727,512.19727
1349,47500,,0.751154,,0.751154,0.751154,0.751154,474.699,474.699,474.699,512.19727,512.19727,512.19727
1350,47500,,0.751154,,0.751154,0.751154,0.751154,474.699,474.699,474.699,512.19727,512.19727,512.19727
1351,47500,,0.751154,,0.751154,0.751154,0.751154,474.699,474.699,474.699,512.19727,512.19727,512.19727
1352,47500,,0.751154,,0.751154,0.751154,0.751154,474.699,474.699,474.699,512.19727,512.19727,512.19727
1353,47500,,0.751154,,0.751154,0.751154,0.751154,474.699,474.699,474.699,512.19727,512.19727,512.19727
1354,47500,,0.751154,,0.751154,0.751154,0.751154,474.699,474.699,474.699,512.19727,512.19727,512.19727
1355,47500,,0.751154,,0.751154,0.751154,0.751154,474.699,474.699,474.699,512.19727,512.19727,512.19727
1356,47500,,0.751154,,0.751154,0.751154,0.751154,474.699,474.699,474.699,512.19727,512.19727,512.19727
1357,47500,,0.751154,,0.751154,0.751154,0.751154,474.699,474.699,474.699,512.19727,512.19727,512.19727
1358,47500,,0.751154,,0.751154,0.751154,0.751154,474.699,474.699,474.699,512.19727,512.19727,512.19727
1359,47500,,0.751154,,0.751154,0.751154,0.751154,474.699,474.699,474.699,512.19727,512.19727,512.19727
1360,47500,,0.751154,,0.751154,0.751154,0.751154,474.699,474.699,474.699,512.19727,512.19727,512.19727
1361,47500,,0.751154,,0.751154,0.751154,0.751154,474.699,474.699,474.699,512.19727,512.19727,512.19727
1362,47500,,0.751154,,0.751154,0.751154,0.751154,474.699,474.699,474.699,512.19727,512.19727,512.19727
1363,47500,,0.751154,,0.751154,0.751154,0.751154,474.699,474.699,474.699,512.19727,512.19727,512.19727
1364,47500,,0.751154,,0.751154,0.751154,0.751154,474.699,474.699,474.699,512.19727,512.19727,512.19727
1365,47500,,0.751154,,0.751154,0.751154,0.751154,474.699,474.699,474.699,512.19727,512.19727,512.19727
1366,47500,,0.751154,,0.751154,0.751154,0.751154,474.699,474.699,474.699,512.19727,512.19727,512.19727
1367,47500,,0.751154,,0.751154,0.751154,0.751154,474.699,474.699,474.699,512.19727,512.19727,512.19727
1368,47500,,0.751154,,0.751154,0.751154,0.751154,474.699,474.699,474.699,512.19727,512.19727,512.19727
1369,47500,,0.751154,,0.751154,0.751154,0.751154,474.699,474.699,474.699,512.19727,512.19727,512.19727
1370,47500,,0.751154,,0.751154,0.751154,0.751154,474.699,474.699,474.699,512.19727,512.19727,512.19727
1371,47500,,0.751154,,0.751154,0.751154,0.751154,474.699,474.699,474.699,512.19727,512.19727,512.19727
1372,47500,,0.751154,,0.751154,0.751154,0.751154,474.699,474.699,474.699,512.19727,512.19727,512.19727
1373,47500,,0.751154,,0.751154,0.751154,0.751154,474.699,474.699,474.699,512.19727,512.19727,512.19727
1374,47500,,0.751154,,0.751154,0.751154,0.751154,474.699,474.699,474.699,512.19727,512.19727,512.19727
1375,47500,,0.751154,,0.751154,0.751154,0.751154,474.699,474.699,474.699,512.19727,512.19727,512.19727
1376,47500,,0.751154,,0.751154,0.751154,0.751154,474.699,474.699,474.699,512.19727,512.19727,512.19727
1377,47500,,0.751154,,0.751154,0.751154,0.751154,474.699,474.699,474.699,512.19727,512.19727,512.19727
1378,47500,,0.751154,,0.751154,0.751154,0.751154,474.699,474.699,474.699,512.19727,512.19727,512.19727
1379,47500,,0.751154,,0.751154,0.751154,0.751154,474.699,474.699,474.699,512.19727,512.19727,512.19727
1380,47500,,0.751154,,0.751154,0.751154,0.751154,474.699,474.699,474.699,512.19727,512.19727,512.19727
1381,47500,,0.751154,,0.751154,0.751154,0.751154,474.699,474.699,474.699,512.19727,512.19727,512.19727
1382,47500,,0.751154,,0.751154,0.751154,0.751154,474.699,474.699,474.699,512.19727,512.19727,512.19727
1383,47500,,0.751154,,0.751154,0.751154,0.751154,474.699,474.699,474.699,512.19727,512.19727,512.19727
1384,47500,,0.751154,,0.751154,0.751154,0.751154,474.699,474.699,474.699,512.19727,512.19727,512.19727
1385,47500,,0.751154,,0.751154,0.751154,0.751154,474.699,474.699,474.699,512.19727,512.19727,512.19727
1386,47500,,0.751154,,0.751154,0.751154,0.751154,474.699,474.699,474.699,512.19727,512.19727,512.19727
1387,47500,,0.751154,,0.751154,0.751154,0.751154,474.699,474.699,474.699,512.19727,512.19727,512.19727
1388,47500,,0.751154,,0.751154,0.751154,0.751154,474.699,474.699,474.699,512.19727,512.19727,512.19727
1389,47500,,0.751154,,0.751154,0.751154,0.751154,474.699,474.699,474.699,512.19727,512.19727,512.19727
1390,47500,,0.751154,,0.751154,0.751154,0.751154,474.699,474.699,474.699,512.19727,512.19727,512.19727
1391,47500,,0.751154,,0.751154,0.751154,0.751154,474.699,474.699,474.699,512.19727,512.19727,512.19727
1392,47500,,0.751154,,0.751154,0.751154,0.751154,474.699,474.699,474.699,512.19727,512.19727,512.19727
1393,47500,,0.751154,,0.751154,0.751154,0.751154,474.699,474.699,474.699,512.19727,512.19727,512.19727
1394,47500,,0.751154,,0.751154,0.751154,0.751154,474.699,474.699,474.699,512.19727,512.19727,512.19727
1395,47500,,0.751154,,0.751154,0.751154,0.751154,474.699,474.699,474.699,512.19727,512.19727,512.19727
1396,47500,,0.751154,,0.751154,0.751154,0.751154,474.699,474.699,474.699,512.19727,512.19727,512.19727
1397,47500,,0.751154,,0.751154,0.751154,0.751154,474.699,474.699,474.699,512.19727,512.19727,512.19727
1398,47500,,0.751154,,0.751154,0.751154,0.751154,474.699,474.699,474.699,512.19727,512.19727,512.19727
1399,47500,,0.751154,,0.751154,0.751154,0.751154,474.699,474.699,474.699,512.19727,512.19727,512.19727
1400,47500,,0.751154,,0.751154,0.751154,0.751154,474.699,474.699,474.699,512.19727,512.19727,512.19727
1401,47500,,0.751154,,0.751154,0.751154,0.751154,474.699,474.699,474.699,512.19727,512.19727,512.19727
1402,47500,,0.751154,,0.751154,0.751154,0.751154,474.699,474.699,474.699,512.19727,512.19727,512.19727
1403,47500,,0.751154,,0.751154,0.751154,0.751154,474.699,474.699,474.699,512.19727,512.19727,512.19727
1404,47500,,0.751154,,0.751154,0.751154,0.751154,474.699,474.699,474.699,512.19727,512.19727,512.19727
1405,47500,,0.751154,,0.751154,0.751154,0.751154,474.699,474.699,474.699,512.19727,512.19727,512.19727
1406,47500,,0.751154,,0.751154,0.751154,0.751154,474.699,474.699,474.699,512.19727,512.19727,512.19727
1407,47500,,0.751154,,0.751154,0.751154,0.751154,474.699,474.699,474.699,512.19727,512.19727,512.19727
1408,47500,,0.751154,,0.751154,0.751154,0.751154,474.699,474.699,474.699,512.19727,512.19727,512.19727
1409,47500,,0.751154,,0.751154,0.751154,0.751154,474.699,474.699,474.699,512.19727,512.19727,512.19727
1410,47500,,0.751154,,0.751154,0.751154,0.751154,474.699,474.699,474.699,512.19727,512.19727,512.19727
1411,47500,,0.751154,,0.751154,0.751154,0.751154,474.699,474.699,474.699,512.19727,512.19727,512.19727
1412,47500,,0.751154,,0.751154,0.751154,0.751154,474.699,474.699,474.699,512.19727,512.19727,512.19727
1413,47500,,0.751154,,0.751154,0.751154,0.751154,474.699,474.699,474.699,512.19727,512.19727,512.19727
1414,47500,,0.751154,,0.751154,0.751154,0.751154,474.699,474.699,474.699,512.19727,512.19727,512.19727
1415,47500,,0.751154,,0.751154,0.751154,0.751154,474.699,474.699,474.699,512.19727,512.19727,512.19727
1416,47500,,0.751154,,0.751154,0.751154,0.751154,474.699,474.699,474.699,512.19727,512.19727,512.19727
1417,47500,,0.751154,,0.751154,0.751154,0.751154,474.699,474.699,474.699,512.19727,512.19727,512.19727
1418,47500,,0.751154,,0.751154,0.751154,0.751154,474.699,474.699,474.699,512.19727,512.19727,512.19727
1419,47500,,0.751154,,0.751154,0.751154,0.751154,474.699,474.699,474.699,512.19727,512.19727,512.19727
1420,47500,,0.751154,,0.751154,0.751154,0.751154,474.699,474.699,474.699,512.19727,512.19727,512.19727
1421,47500,,0.751154,,0.751154,0.751154,0.751154,474.699,474.699,474.699,512.19727,512.19727,512.19727
1422,47500,,0.751154,,0.751154,0.751154,0.751154,474.699,474.699,474.699,512.19727,512.19727,512.19727
1423,47500,,0.751154,,0.751154,0.751154,0.751154,474.699,474.699,474.699,512.19727,512.19727,512.19727
1424,47500,,0.751154,,0.751154,0.751154,0.751154,474.699,474.699,474.699,512.19727,512.19727,512.19727
1425,47500,,0.751154,,0.751154,0.751154,0.751154,474.699,474.699,474.699,512.19727,512.19727,512.19727
1426,47500,,0.751154,,0.751154,0.751154,0.751154,474.699,474.699,474.699,512.19727,512.19727,512.19727
1427,47500,,0.751154,,0.751154,0.751154,0.751154,474.699,474.699,474.699,512.19727,512.19727,512.19727
1428,47500,,0.751154,,0.751154,0.751154,0.751154,474.699,474.699,474.699,512.19727,512.19727,512.19727
1429,47500,,0.751154,,0.751154,0.751154,0.751154,474.699,474.699,474.699,512.19727,512.19727,512.19727
1430,47500,,0.751154,,0.751154,0.751154,0.751154,474.699,474.699,474.699,512.19727,512.19727,512.19727
1431,47500,,0.751154,,0.751154,0.751154,0.751154,474.699,474.699,474.699,512.19727,512.19727,512.19727
1432,47500,,0.751154,,0.751154,0.751154,0.751154,474.699,474.699,474.699,512.19727,512.19727,512.19727
1433,47500,,0.751154,,0.751154,0.751154,0.751154,474.699,474.699,474.699,512.19727,512.19727,512.19727
1434,47500,,0.751154,,0.751154,0.751154,0.751154,474.699,474.699,474.699,512.19727,512.19727,512.19727
1435,47500,,0.751154,,0.751154,0.751154,0.751154,474.699,474.699,474.699,512.19727,512.19727,512.19727
1436,47500,,0.751154,,0.751154,0.751154,0.751154,474.699,474.699,474.699,512.19727,512.19727,512.19727
1437,47500,,0.751154,,0.751154,0.751154,0.751154,474.699,474.699,474.699,512.19727,512.19727,512.19727
1438,47500,,0.751154,,0.751154,0.751154,0.751154,474.699,474.699,474.699,512.19727,512.19727,512.19727
1439,47500,,0.751154,,0.751154,0.751154,0.751154,474.699,474.699,474.699,512.19727,512.19727,512.19727
1440,47500,,0.751154,,0.751154,0.751154,0.751154,474.699,474.699,474.699,512.19727,512.19727,512.19727
1441,47500,,0.751154,,0.751154,0.751154,0.751154,474.699,474.699,474.699,512.19727,512.19727,512.19727
1442,47500,,0.751154,,0.751154,0.751154,0.751154,474.699,474.699,474.699,512.19727,512.19727,512.19727
1443,47500,,0.751154,,0.751154,0.751154,0.751154,474.699,474.699,474.699,512.19727,512.19727,512.19727
1444,47500,,0.751154,,0.751154,0.751154,0.751154,474.699,474.699,474.699,512.19727,512.19727,512.19727
1445,47500,,0.751154,,0.751154,0.751154,0.751154,474.699,474.699,474.699,512.19727,512.19727,512.19727
1446,47500,,0.751154,,0.751154,0.751154,0.751154,474.699,474.699,474.699,512.19727,512.19727,512.19727
1447,47500,,0.751154,,0.751154,0.751154,0.751154,474.699,474.699,474.699,512.19727,512.19727,512.19727
1448,47500,,0.751154,,0.751154,0.751154,0.751154,474.699,474.699,474.699,512.19727,512.19727,512.19727
1449,47500,,0.751154,,0.751154,0.751154,0.751154,474.699,474.699,474.699,512.19727,512.19727,512.19727
1450,47500,,0.751154,,0.751154,0.751154,0.751154,474.699,474.699,474.699,512.19727,512.19727,512.19727
1451,47500,,0.751154,,0.751154,0.751154,0.751154,474.699,474.699,474.699,512.19727,512.19727,512.19727
1452,47500,,0.751154,,0.751154,0.751154,0.751154,474.699,474.699,474.699,512.19727,512.19727,512.19727
1453,47500,,0.751154,,0.751154,0.751154,0.751154,474.699,474.699,474.699,512.19727,512.19727,512.19727
1454,47500,,0.751154,,0.751154,0.751154,0.751154,474.699,474.699,474.699,512.19727,512.19727,512.19727
1455,47500,,0.751154,,0.751154,0.751154,0.751154,474.699,474.699,474.699,512.19727,512.19727,512.19727
1456,47500,,0.751154,,0.751154,0.751154,0.751154,474.699,474.699,474.699,512.19727,512.19727,512.19727
1457,47500,,0.751154,,0.751154,0.751154,0.751154,474.699,474.699,474.699,512.19727,512.19727,512.19727
1458,47500,,0.751154,,0.751154,0.751154,0.751154,474.699,474.699,474.699,512.19727,512.19727,512.19727
1459,47500,,0.751154,,0.751154,0.751154,0.751154,474.699,474.699,474.699,512.19727,512.19727,512.19727
1460,47500,,0.751154,,0.751154,0.751154,0.751154,474.699,474.699,474.699,512.19727,512.19727,512.19727
1461,47500,,0.751154,,0.751154,0.751154,0.751154,474.699,474.699,474.699,512.19727,512.19727,512.19727
1462,47500,,0.751154,,0.751154,0.751154,0.751154,474.699,474.699,474.699,512.19727,512.19727,512.19727
1463,47500,,0.751154,,0.751154,0.751154,0.751154,474.699,474.699,474.699,512.19727,512.19727,512.19727
1464,47500,,0.751154,,0.751154,0.751154,0.751154,474.699,474.699,474.699,512.19727,512.19727,512.19727
1465,47500,,0.751154,,0.751154,0.751154,0.751154,474.699,474.699,474.699,512.19727,512.19727,512.19727
1466,47500,,0.751154,,0.751154,0.751154,0.751154,474.699,474.699,474.699,512.19727,512.19727,512.19727
1467,47500,,0.751154,,0.751154,0.751154,0.751154,474.699,474.699,474.699,512.19727,512.19727,512.19727
1468,47500,,0.751154,,0.751154,0.751154,0.751154,474.699,474.699,474.699,512.19727,512.19727,512.19727
1469,47500,,0.751154,,0.751154,0.751154,0.751154,474.699,474.699,474.699,512.19727,512.19727,512.19727
1470,47500,,0.751154,,0.751154,0.751154,0.751154,474.699,474.699,474.699,512.19727,512.19727,512.19727
1471,47500,,0.751154,,0.751154,0.751154,0.751154,474.699,474.699,474.699,512.19727,512.19727,512.19727
1472,47500,,0.751154,,0.751154,0.751154,0.751154,474.699,474.699,474.699,512.19727,512.19727,512.19727
1473,47500,,0.751154,,0.751154,0.751154,0.751154,474.699,474.699,474.699,512.19727,512.19727,512.19727
1474,47500,,0.751154,,0.751154,0.751154,0.751154,474.699,474.699,474.699,512.19727,512.19727,512.19727
1475,47500,,0.751154,,0.751154,0.751154,0.751154,474.699,474.699,474.699,512.19727,512.19727,512.19727
1476,47500,,0.751154,,0.751154,0.751154,0.751154,474.699,474.699,474.699,512.19727,512.19727,512.19727
1477,47500,,0.751154,,0.751154,0.751154,0.751154,474.699,474.699,474.699,512.19727,512.19727,512.19727
1478,47500,,0.751154,,0.751154,0.751154,0.751154,474.699,474.699,474.699,512.19727,512.19727,512.19727
1479,47500,,0.751154,,0.751154,0.751154,0.751154,474.699,474.699,474.699,512.19727,512.19727,512.19727
1480,47500,,0.751154,,0.751154,0.751154,0.751154,474.699,474.699,474.699,512.19727,512.19727,512.19727
1481,47500,,0.751154,,0.751154,0.751154,0.751154,474.699,474.699,474.699,512.19727,512.19727,512.19727
1482,47500,,0.751154,,0.751154,0.751154,0.751154,474.699,474.699,474.699,512.19727,512.19727,512.19727
1483,47500,,0.751154,,0.751154,0.751154,0.751154,474.699,474.699,474.699,512.19727,512.19727,512.19727
1484,47500,,0.751154,,0.751154,0.751154,0.751154,474.699,474.699,474.699,512.19727,512.19727,512.19727
1485,47500,,0.751154,,0.751154,0.751154,0.751154,474.699,474.699,474.699,512.19727,512.19727,512.19727
1486,47500,,0.751154,,0.751154,0.751154,0.751154,474.699,474.699,474.699,512.19727,512.19727,512.19727
1487,47500,,0.751154,,0.751154,0.751154,0.751154,474.699,474.699,474.699,512.19727,512.19727,512.19727
1488,47500,,0.751154,,0.751154,0.751154,0.751154,474.699,474.699,474.699,512.19727,512.19727,512.19727
1489,47500,,0.751154,,0.751154,0.751154,0.751154,474.699,474.699,474.699,512.19727,512.19727,512.19727
1490,47500,,0.751154,,0.751154,0.751154,0.751154,474.699,474.699,474.699,512.19727,512.19727,512.19727
1491,47500,,0.751154,,0.751154,0.751154,0.751154,474.699,474.699,474.699,512.19727,512.19727,512.19727
1492,47500,,0.751154,,0.751154,0.751154,0.751154,474.699,474.699,474.699,512.19727,512.19727,512.19727
1493,47500,,0.751154,,0.751154,0.751154,0.751154,474.699,474.699,474.699,512.19727,512.19727,512.19727
1494,47500,,0.751154,,0.751154,0.751154,0.751154,474.699,474.699,474.699,512.19727,512.19727,512.19727
1495,47500,,0.751154,,0.751154,0.751154,0.751154,474.699,474.699,474.699,512.19727,512.19727,512.19727
1496,47500,,0.751154,,0.751154,0.751154,0.751154,474.699,474.699,474.699,512.19727,512.19727,512.19727
1497,47500,,0.751154,,0.751154,0.751154,0.751154,474.699,474.699,474.699,512.19727,512.19727,512.19727
1498,47500,,0.751154,,0.751154,0.751154,0.751154,474.699,474.699,474.699,512.19727,512.19727,512.19727
1499,47500,,0.751154,,0.751154,0.751154,0.751154,474.699,474.699,474.699,512.19727,512.19727,512.19727
1500,47500,,0.751154,,0.751154,0.751154,0.751154,474.699,474.699,474.699,512.19727,512.19727,512.19727
1501,47500,,0.751154,,0.751154,0.751154,0.751154,474.699,474.699,474.699,512.19727,512.19727,512.19727
1502,47500,,0.751154,,0.751154,0.751154,0.751154,474.699,474.699,474.699,512.19727,512.19727,512.19727
1503,47500,,0.751154,,0.751154,0.751154,0.751154,474.699,474.699,474.699,512.19727,512.19727,512.19727
1504,47500,,0.751154,,0.751154,0.751154,0.751154,474.699,474.699,474.699,512.19727,512.19727,512.19727
1505,47500,,0.751154,,0.751154,0.751154,0.751154,474.699,474.699,474.699,512.19727,512.19727,512.19727
1506,47500,,0.751154,,0.751154,0.751154,0.751154,474.699,474.699,474.699,512.19727,512.19727,512.19727
1507,47500,,0.751154,,0.751154,0.751154,0.751154,474.699,474.699,474.699,512.19727,512.19727,512.19727
1508,47500,,0.751154,,0.751154,0.751154,0.751154,474.699,474.699,474.699,512.19727,512.19727,512.19727
1509,47500,,0.751154,,0.751154,0.751154,0.751154,474.699,474.699,474.699,512.19727,512.19727,512.19727
1510,47500,,0.751154,,0.751154,0.751154,0.751154,474.699,474.699,474.699,512.19727,512.19727,512.19727
1511,47500,,0.751154,,0.751154,0.751154,0.751154,474.699,474.699,474.699,512.19727,512.19727,512.19727
1512,47500,,0.751154,,0.751154,0.751154,0.751154,474.699,474.699,474.699,512.19727,512.19727,512.19727
1513,47500,,0.751154,,0.751154,0.751154,0.751154,474.699,474.699,474.699,512.19727,512.19727,512.19727
1514,47500,,0.751154,,0.751154,0.751154,0.751154,474.699,474.699,474.699,512.19727,512.19727,512.19727
1515,47500,,0.751154,,0.751154,0.751154,0.751154,474.699,474.699,474.699,512.19727,512.19727,512.19727
1516,47500,,0.751154,,0.751154,0.751154,0.751154,474.699,474.699,474.699,512.19727,512.19727,512.19727
1517,47500,,0.751154,,0.751154,0.751154,0.751154,474.699,474.699,474.699,512.19727,512.19727,512.19727
1518,47500,,0.751154,,0.751154,0.751154,0.751154,474.699,474.699,474.699,512.19727,512.19727,512.19727
1519,47500,,0.751154,,0.751154,0.751154,0.751154,474.699,474.699,474.699,512.19727,512.19727,512.19727
1520,47500,,0.751154,,0.751154,0.751154,0.751154,474.699,474.699,474.699,512.19727,512.19727,512.19727
1521,47500,,0.751154,,0.751154,0.751154,0.751154,474.699,474.699,474.699,512.19727,512.19727,512.19727
1522,47500,,0.751154,,0.751154,0.751154,0.751154,474.699,474.699,474.699,512.19727,512.19727,512.19727
1523,47500,,0.751154,,0.751154,0.751154,0.751154,474.699,474.699,474.699,512.19727,512.19727,512.19727
1524,47500,,0.751154,,0.751154,0.751154,0.751154,474.699,474.699,474.699,512.19727,512.19727,512.19727
1525,47500,,0.751154,,0.751154,0.751154,0.751154,474.699,474.699,474.699,512.19727,512.19727,512.19727
1526,47500,,0.751154,,0.751154,0.751154,0.751154,474.699,474.699,474.699,512.19727,512.19727,512.19727
1527,47500,,0.751154,,0.751154,0.751154,0.751154,474.699,474.699,474.699,512.19727,512.19727,512.19727
1528,47500,,0.751154,,0.751154,0.751154,0.751154,474.699,474.699,474.699,512.19727,512.19727,512.19727
1529,47500,,0.751154,,0.751154,0.751154,0.751154,474.699,474.699,474.699,512.19727,512.19727,512.19727
1530,47500,,0.751154,,0.751154,0.751154,0.751154,474.699,474.699,474.699,512.19727,512.19727,512.19727
1531,47500,,0.751154,,0.751154,0.751154,0.751154,474.699,474.699,474.699,512.19727,512.19727,512.19727
1532,47500,,0.751154,,0.751154,0.751154,0.751154,474.699,474.699,474.699,512.19727,512.19727,512.19727
1533,47500,,0.751154,,0.751154,0.751154,0.751154,474.699,474.699,474.699,512.19727,512.19727,512.19727
1534,47500,,0.751154,,0.751154,0.751154,0.751154,474.699,474.699,474.699,512.19727,512.19727,512.19727
1535,47500,,0.751154,,0.751154,0.751154,0.751154,474.699,474.699,474.699,512.19727,512.19727,512.19727
1536,47500,,0.751154,,0.751154,0.751154,0.751154,474.699,474.699,474.699,512.19727,512.19727,512.19727
1537,47500,,0.751154,,0.751154,0.751154,0.751154,474.699,474.699,474.699,512.19727,512.19727,512.19727
1538,47500,,0.751154,,0.751154,0.751154,0.751154,474.699,474.699,474.699,512.19727,512.19727,512.19727
1539,47500,,0.751154,,0.751154,0.751154,0.751154,474.699,474.699,474.699,512.19727,512.19727,512.19727
1540,47500,,0.751154,,0.751154,0.751154,0.751154,474.699,474.699,474.699,512.19727,512.19727,512.19727
1541,47500,,0.751154,,0.751154,0.751154,0.751154,474.699,474.699,474.699,512.19727,512.19727,512.19727
1542,47500,,0.751154,,0.751154,0.751154,0.751154,474.699,474.699,474.699,512.19727,512.19727,512.19727
1543,47500,,0.751154,,0.751154,0.751154,0.751154,474.699,474.699,474.699,512.19727,512.19727,512.19727
1544,47500,,0.751154,,0.751154,0.751154,0.751154,474.699,474.699,474.699,512.19727,512.19727,512.19727
1545,47500,,0.751154,,0.751154,0.751154,0.751154,474.699,474.699,474.699,512.19727,512.19727,512.19727
1546,47500,,0.751154,,0.751154,0.751154,0.751154,474.699,474.699,474.699,512.19727,512.19727,512.19727
1547,47500,,0.751154,,0.751154,0.751154,0.751154,474.699,474.699,474.699,512.19727,512.19727,512.19727
1548,47500,,0.751154,,0.751154,0.751154,0.751154,474.699,474.699,474.699,512.19727,512.19727,512.19727
1549,47500,,0.751154,,0.751154,0.751154,0.751154,474.699,474.699,474.699,512.19727,512.19727,512.19727
1550,47500,,0.751154,,0.751154,0.751154,0.751154,474.699,474.699,474.699,512.19727,512.19727,512.19727
1551,47500,,0.751154,,0.751154,0.751154,0.751154,474.699,474.699,474.699,512.19727,512.19727,512.19727
1552,47500,,0.751154,,0.751154,0.751154,0.751154,474.699,474.699,474.699,512.19727,512.19727,512.19727
1553,47500,,0.751154,,0.751154,0.751154,0.751154,474.699,474.699,474.699,512.19727,512.19727,512.19727
1554,47500,,0.751154,,0.751154,0.751154,0.751154,474.699,474.699,474.699,512.19727,512.19727,512.19727
1555,47500,,0.751154,,0.751154,0.751154,0.751154,474.699,474.699,474.699,512.19727,512.19727,512.19727
1556,47500,,0.751154,,0.751154,0.751154,0.751154,474.699,474.699,474.699,512.19727,512.19727,512.19727
1557,47500,,0.751154,,0.751154,0.751154,0.751154,474.699,474.699,474.699,512.19727,512.19727,512.19727
1558,47500,,0.751154,,0.751154,0.751154,0.751154,474.699,474.699,474.699,512.19727,512.19727,512.19727
1559,47500,,0.751154,,0.751154,0.751154,0.751154,474.699,474.699,474.699,512.19727,512.19727,512.19727
1560,47500,,0.751154,,0.751154,0.751154,0.751154,474.699,474.699,474.699,512.19727,512.19727,512.19727
1561,47500,,0.751154,,0.751154,0.751154,0.751154,474.699,474.699,474.699,512.19727,512.19727,512.19727
1562,47500,,0.751154,,0.751154,0.751154,0.751154,474.699,474.699,474.699,512.19727,512.19727,512.19727
1563,47500,,0.751154,,0.751154,0.751154,0.751154,474.699,474.699,474.699,512.19727,512.19727,512.19727
1564,47500,,0.751154,,0.751154,0.751154,0.751154,474.699,474.699,474.699,512.19727,512.19727,512.19727
1565,47500,,0.751154,,0.751154,0.751154,0.751154,474.699,474.699,474.699,512.19727,512.19727,512.19727
1566,47500,,0.751154,,0.751154,0.751154,0.751154,474.699,474.699,474.699,512.19727,512.19727,512.19727
1567,47500,,0.751154,,0.751154,0.751154,0.751154,474.699,474.699,474.699,512.19727,512.19727,512.19727
1568,47500,,0.751154,,0.751154,0.751154,0.751154,474.699,474.699,474.699,512.19727,512.19727,512.19727
1569,47500,,0.751154,,0.751154,0.751154,0.751154,474.699,474.699,474.699,512.19727,512.19727,512.19727
1570,47500,,0.751154,,0.751154,0.751154,0.751154,474.699,474.699,474.699,512.19727,512.19727,512.19727
1571,47500,,0.751154,,0.751154,0.751154,0.751154,474.699,474.699,474.699,512.19727,512.19727,512.19727
1572,47500,,0.751154,,0.751154,0.751154,0.751154,474.699,474.699,474.699,512.19727,512.19727,512.19727
1573,47500,,0.751154,,0.751154,0.751154,0.751154,474.699,474.699,474.699,512.19727,512.19727,512.19727
1574,47500,,0.751154,,0.751154,0.751154,0.751154,474.699,474.699,474.699,512.19727,512.19727,512.19727
1575,47500,,0.751154,,0.751154,0.751154,0.751154,474.699,474.699,474.699,512.19727,512.19727,512.19727
1576,47500,,0.751154,,0.751154,0.751154,0.751154,474.699,474.699,474.699,512.19727,512.19727,512.19727
1577,47500,,0.751154,,0.751154,0.751154,0.751154,474.699,474.699,474.699,512.19727,512.19727,512.19727
1578,47500,,0.751154,,0.751154,0.751154,0.751154,474.699,474.699,474.699,512.19727,512.19727,512.19727
1579,47500,,0.751154,,0.751154,0.751154,0.751154,474.699,474.699,474.699,512.19727,512.19727,512.19727
1580,47500,,0.751154,,0.751154,0.751154,0.751154,474.699,474.699,474.699,512.19727,512.19727,512.19727
1581,47500,,0.751154,,0.751154,0.751154,0.751154,474.699,474.699,474.699,512.19727,512.19727,512.19727
1582,47500,,0.751154,,0.751154,0.751154,0.751154,474.699,474.699,474.699,512.19727,512.19727,512.19727
1583,47500,,0.751154,,0.751154,0.751154,0.751154,474.699,474.699,474.699,512.19727,512.19727,512.19727
1584,47500,,0.751154,,0.751154,0.751154,0.751154,474.699,474.699,474.699,512.19727,512.19727,512.19727
1585,47500,,0.751154,,0.751154,0.751154,0.751154,474.699,474.699,474.699,512.19727,512.19727,512.19727
1586,47500,,0.751154,,0.751154,0.751154,0.751154,474.699,474.699,474.699,512.19727,512.19727,512.19727
1587,47500,,0.751154,,0.751154,0.751154,0.751154,474.699,474.699,474.699,512.19727,512.19727,512.19727
1588,47500,,0.751154,,0.751154,0.751154,0.751154,474.699,474.699,474.699,512.19727,512.19727,512.19727
1589,47500,,0.751154,,0.751154,0.751154,0.751154,474.699,474.699,474.699,512.19727,512.19727,512.19727
1590,47500,,0.751154,,0.751154,0.751154,0.751154,474.699,474.699,474.699,512.19727,512.19727,512.19727
1591,47500,,0.751154,,0.751154,0.751154,0.751154,474.699,474.699,474.699,512.19727,512.19727,512.19727
1592,47500,,0.751154,,0.751154,0.751154,0.751154,474.699,474.699,474.699,512.19727,512.19727,512.19727
1593,47500,,0.751154,,0.751154,0.751154,0.751154,474.699,474.699,474.699,512.19727,512.19727,512.19727
1594,47500,,0.751154,,0.751154,0.751154,0.751154,474.699,474.699,474.699,512.19727,512.19727,512.19727
1595,47500,,0.751154,,0.751154,0.751154,0.751154,474.699,474.699,474.699,512.19727,512.19727,512.19727
1596,47500,,0.751154,,0.751154,0.751154,0.751154,474.699,474.699,474.699,512.19727,512.19727,512.19727
1597,47500,,0.751154,,0.751154,0.751154,0.751154,474.699,474.699,474.699,512.19727,512.19727,512.19727
1598,47500,,0.751154,,0.751154,0.751154,0.751154,474.699,474.699,474.699,512.19727,512.19727,512.19727
1599,47500,,0.751154,,0.751154,0.751154,0.751154,474.699,474.699,474.699,512.19727,512.19727,512.19727
1600,47500,,0.751154,,0.751154,0.751154,0.751154,474.699,474.699,474.699,512.19727,512.19727,512.19727
1601,47500,,0.751154,,0.751154,0.751154,0.751154,474.699,474.699,474.699,512.19727,512.19727,512.19727
1602,47500,,0.751154,,0.751154,0.751154,0.751154,474.699,474.699,474.699,512.19727,512.19727,512.19727
1603,47500,,0.751154,,0.751154,0.751154,0.751154,474.699,474.699,474.699,512.19727,512.19727,512.19727
1604,47500,,0.751154,,0.751154,0.751154,0.751154,474.699,474.699,474.699,512.19727,512.19727,512.19727
1605,47500,,0.751154,,0.751154,0.751154,0.751154,474.699,474.699,474.699,512.19727,512.19727,512.19727
1606,47500,,0.751154,,0.751154,0.751154,0.751154,474.699,474.699,474.699,512.19727,512.19727,512.19727
1607,47500,,0.751154,,0.751154,0.751154,0.751154,474.699,474.699,474.699,512.19727,512.19727,512.19727
1608,47500,,0.751154,,0.751154,0.751154,0.751154,474.699,474.699,474.699,512.19727,512.19727,512.19727
1609,47500,,0.751154,,0.751154,0.751154,0.751154,474.699,474.699,474.699,512.19727,512.19727,512.19727
1610,47500,,0.751154,,0.751154,0.751154,0.751154,474.699,474.699,474.699,512.19727,512.19727,512.19727
1611,47500,,0.751154,,0.751154,0.751154,0.751154,474.699,474.699,474.699,512.19727,512.19727,512.19727
1612,47500,,0.751154,,0.751154,0.751154,0.751154,474.699,474.699,474.699,512.19727,512.19727,512.19727
1613,47500,,0.751154,,0.751154,0.751154,0.751154,474.699,474.699,474.699,512.19727,512.19727,512.19727
1614,47500,,0.751154,,0.751154,0.751154,0.751154,474.699,474.699,474.699,512.19727,512.19727,512.19727
1615,47500,,0.751154,,0.751154,0.751154,0.751154,474.699,474.699,474.699,512.19727,512.19727,512.19727
1616,47500,,0.751154,,0.751154,0.751154,0.751154,474.699,474.699,474.699,512.19727,512.19727,512.19727
1617,47500,,0.751154,,0.751154,0.751154,0.751154,474.699,474.699,474.699,512.19727,512.19727,512.19727
1618,47500,,0.751154,,0.751154,0.751154,0.751154,474.699,474.699,474.699,512.19727,512.19727,512.19727
1619,47500,,0.751154,,0.751154,0.751154,0.751154,474.699,474.699,474.699,512.19727,512.19727,512.19727
1620,47500,,0.751154,,0.751154,0.751154,0.751154,474.699,474.699,474.699,512.19727,512.19727,512.19727
1621,47500,,0.751154,,0.751154,0.751154,0.751154,474.699,474.699,474.699,512.19727,512.19727,512.19727
1622,47500,,0.751154,,0.751154,0.751154,0.751154,474.699,474.699,474.699,512.19727,512.19727,512.19727
1623,47500,,0.751154,,0.751154,0.751154,0.751154,474.699,474.699,474.699,512.19727,512.19727,512.19727
1624,47500,,0.751154,,0.751154,0.751154,0.751154,474.699,474.699,474.699,512.19727,512.19727,512.19727
1625,47500,,0.751154,,0.751154,0.751154,0.751154,474.699,474.699,474.699,512.19727,512.19727,512.19727
1626,47500,,0.751154,,0.751154,0.751154,0.751154,474.699,474.699,474.699,512.19727,512.19727,512.19727
1627,47500,,0.751154,,0.751154,0.751154,0.751154,474.699,474.699,474.699,512.19727,512.19727,512.19727
1628,47500,,0.751154,,0.751154,0.751154,0.751154,474.699,474.699,474.699,512.19727,512.19727,512.19727
1629,47500,,0.751154,,0.751154,0.751154,0.751154,474.699,474.699,474.699,512.19727,512.19727,512.19727
1630,47500,,0.751154,,0.751154,0.751154,0.751154,474.699,474.699,474.699,512.19727,512.19727,512.19727
1631,47500,,0.751154,,0.751154,0.751154,0.751154,474.699,474.699,474.699,512.19727,512.19727,512.19727
1632,47500,,0.751154,,0.751154,0.751154,0.751154,474.699,474.699,474.699,512.19727,512.19727,512.19727
1633,47500,,0.751154,,0.751154,0.751154,0.751154,474.699,474.699,474.699,512.19727,512.19727,512.19727
1634,47500,,0.751154,,0.751154,0.751154,0.751154,474.699,474.699,474.699,512.19727,512.19727,512.19727
1635,47500,,0.751154,,0.751154,0.751154,0.751154,474.699,474.699,474.699,512.19727,512.19727,512.19727
1636,47500,,0.751154,,0.751154,0.751154,0.751154,474.699,474.699,474.699,512.19727,512.19727,512.19727
1637,47500,,0.751154,,0.751154,0.751154,0.751154,474.699,474.699,474.699,512.19727,512.19727,512.19727
1638,47500,,0.751154,,0.751154,0.751154,0.751154,474.699,474.699,474.699,512.19727,512.19727,512.19727
1639,47500,,0.751154,,0.751154,0.751154,0.751154,474.699,474.699,474.699,512.19727,512.19727,512.19727
1640,47500,,0.751154,,0.751154,0.751154,0.751154,474.699,474.699,474.699,512.19727,512.19727,512.19727
1641,47500,,0.751154,,0.751154,0.751154,0.751154,474.699,474.699,474.699,512.19727,512.19727,512.19727
1642,47500,,0.751154,,0.751154,0.751154,0.751154,474.699,474.699,474.699,512.19727,512.19727,512.19727
1643,47500,,0.751154,,0.751154,0.751154,0.751154,474.699,474.699,474.699,512.19727,512.19727,512.19727
1644,47500,,0.751154,,0.751154,0.751154,0.751154,474.699,474.699,474.699,512.19727,512.19727,512.19727
1645,47500,,0.751154,,0.751154,0.751154,0.751154,474.699,474.699,474.699,512.19727,512.19727,512.19727
1646,47500,,0.751154,,0.751154,0.751154,0.751154,474.699,474.699,474.699,512.19727,512.19727,512.19727
1647,47500,,0.751154,,0.751154,0.751154,0.751154,474.699,474.699,474.699,512.19727,512.19727,512.19727
1648,47500,,0.751154,,0.751154,0.751154,0.751154,474.699,474.699,474.699,512.19727,512.19727,512.19727
1649,47500,,0.751154,,0.751154,0.751154,0.751154,474.699,474.699,474.699,512.19727,512.19727,512.19727
1650,47500,,0.751154,,0.751154,0.751154,0.751154,474.699,474.699,474.699,512.19727,512.19727,512.19727
1651,47500,,0.751154,,0.751154,0.751154,0.751154,474.699,474.699,474.699,512.19727,512.19727,512.19727
1652,47500,,0.751154,,0.751154,0.751154,0.751154,474.699,474.699,474.699,512.19727,512.19727,512.19727
1653,47500,,0.751154,,0.751154,0.751154,0.751154,474.699,474.699,474.699,512.19727,512.19727,512.19727
1654,47500,,0.751154,,0.751154,0.751154,0.751154,474.699,474.699,474.699,512.19727,512.19727,512.19727
1655,47500,,0.751154,,0.751154,0.751154,0.751154,474.699,474.699,474.699,512.19727,512.19727,512.19727
1656,47500,,0.751154,,0.751154,0.751154,0.751154,474.699,474.699,474.699,512.19727,512.19727,512.19727
1657,47500,,0.751154,,0.751154,0.751154,0.751154,474.699,474.699,474.699,512.19727,512.19727,512.19727
1658,47500,,0.751154,,0.751154,0.751154,0.751154,474.699,474.699,474.699,512.19727,512.19727,512.19727
1659,47500,,0.751154,,0.751154,0.751154,0.751154,474.699,474.699,474.699,512.19727,512.19727,512.19727
1660,47500,,0.751154,,0.751154,0.751154,0.751154,474.699,474.699,474.699,512.19727,512.19727,512.19727
1661,47500,,0.751154,,0.751154,0.751154,0.751154,474.699,474.699,474.699,512.19727,512.19727,512.19727
1662,47500,,0.751154,,0.751154,0.751154,0.751154,474.699,474.699,474.699,512.19727,512.19727,512.19727
1663,47500,,0.751154,,0.751154,0.751154,0.751154,474.699,474.699,474.699,512.19727,512.19727,512.19727
1664,47500,,0.751154,,0.751154,0.751154,0.751154,474.699,474.699,474.699,512.19727,512.19727,512.19727
1665,47500,,0.751154,,0.751154,0.751154,0.751154,474.699,474.699,474.699,512.19727,512.19727,512.19727
1666,47500,,0.751154,,0.751154,0.751154,0.751154,474.699,474.699,474.699,512.19727,512.19727,512.19727
1667,47500,,0.751154,,0.751154,0.751154,0.751154,474.699,474.699,474.699,512.19727,512.19727,512.19727
1668,47500,,0.751154,,0.751154,0.751154,0.751154,474.699,474.699,474.699,512.19727,512.19727,512.19727
1669,47500,,0.751154,,0.751154,0.751154,0.751154,474.699,474.699,474.699,512.19727,512.19727,512.19727
1670,47500,,0.751154,,0.751154,0.751154,0.751154,474.699,474.699,474.699,512.19727,512.19727,512.19727
1671,47500,,0.751154,,0.751154,0.751154,0.751154,474.699,474.699,474.699,512.19727,512.19727,512.19727
1672,47500,,0.751154,,0.751154,0.751154,0.751154,474.699,474.699,474.699,512.19727,512.19727,512.19727
1673,47500,,0.751154,,0.751154,0.751154,0.751154,474.699,474.699,474.699,512.19727,512.19727,512.19727
1674,47500,,0.751154,,0.751154,0.751154,0.751154,474.699,474.699,474.699,512.19727,512.19727,512.19727
1675,47500,,0.751154,,0.751154,0.751154,0.751154,474.699,474.699,474.699,512.19727,512.19727,512.19727
1676,47500,,0.751154,,0.751154,0.751154,0.751154,474.699,474.699,474.699,512.19727,512.19727,512.19727
1677,47500,,0.751154,,0.751154,0.751154,0.751154,474.699,474.699,474.699,512.19727,512.19727,512.19727
1678,47500,,0.751154,,0.751154,0.751154,0.751154,474.699,474.699,474.699,512.19727,512.19727,512.19727
1679,47500,,0.751154,,0.751154,0.751154,0.751154,474.699,474.699,474.699,512.19727,512.19727,512.19727
1680,47500,,0.751154,,0.751154,0.751154,0.751154,474.699,474.699,474.699,512.19727,512.19727,512.19727
1681,47500,,0.751154,,0.751154,0.751154,0.751154,474.699,474.699,474.699,512.19727,512.19727,512.19727
1682,47500,,0.751154,,0.751154,0.751154,0.751154,474.699,474.699,474.699,512.19727,512.19727,512.19727
1683,47500,,0.751154,,0.751154,0.751154,0.751154,474.699,474.699,474.699,512.19727,512.19727,512.19727
1684,47500,,0.751154,,0.751154,0.751154,0.751154,474.699,474.699,474.699,512.19727,512.19727,512.19727
1685,47500,,0.751154,,0.751154,0.751154,0.751154,474.699,474.699,474.699,512.19727,512.19727,512.19727
1686,47500,,0.751154,,0.751154,0.751154,0.751154,474.699,474.699,474.699,512.19727,512.19727,512.19727
1687,47500,,0.751154,,0.751154,0.751154,0.751154,474.699,474.699,474.699,512.19727,512.19727,512.19727
1688,47500,,0.751154,,0.751154,0.751154,0.751154,474.699,474.699,474.699,512.19727,512.19727,512.19727
1689,47500,,0.751154,,0.751154,0.751154,0.751154,474.699,474.699,474.699,512.19727,512.19727,512.19727
1690,47500,,0.751154,,0.751154,0.751154,0.751154,474.699,474.699,474.699,512.19727,512.19727,512.19727
1691,47500,,0.751154,,0.751154,0.751154,0.751154,474.699,474.699,474.699,512.19727,512.19727,512.19727
1692,47500,,0.751154,,0.751154,0.751154,0.751154,474.699,474.699,474.699,512.19727,512.19727,512.19727
1693,47500,,0.751154,,0.751154,0.751154,0.751154,474.699,474.699,474.699,512.19727,512.19727,512.19727
1694,47500,,0.751154,,0.751154,0.751154,0.751154,474.699,474.699,474.699,512.19727,512.19727,512.19727
1695,47500,,0.751154,,0.751154,0.751154,0.751154,474.699,474.699,474.699,512.19727,512.19727,512.19727
1696,47500,,0.751154,,0.751154,0.751154,0.751154,474.699,474.699,474.699,512.19727,512.19727,512.19727
1697,47500,,0.751154,,0.751154,0.751154,0.751154,474.699,474.699,474.699,512.19727,512.19727,512.19727
1698,47500,,0.751154,,0.751154,0.751154,0.751154,474.699,474.699,474.699,512.19727,512.19727,512.19727
1699,47500,,0.751154,,0.751154,0.751154,0.751154,474.699,474.699,474.699,512.19727,512.19727,512.19727
