gen,seed,threads,best_global,picos,fit_best,fit_worst,fit_mean,green_best,green_worst,green_mean,emis_best,emis_worst,emis_mean
0,67500,,0.497397,,0.497397,0.360998,0.425492,324.1164,246.1821,281.874859,605.537084,665.060803,637.001647
1,67500,,0.498448,,0.498448,0.375034,0.440246,326.0867,258.6481,290.712315,605.537084,661.099778,631.415673
2,67500,,0.501558,,0.501558,0.39864,0.449396,331.2969,266.7684,296.579307,605.537084,649.216478,628.209852
3,67500,,0.507922,,0.507922,0.39864,0.460208,331.8719,268.8482,303.008956,605.537084,649.216478,624.085233
4,67500,,0.507922,,0.507922,0.406443,0.468911,332.3521,265.5594,308.088971,605.143884,642.356048,620.70085
5,67500,,0.516778,,0.516778,0.423006,0.47634,335.3434,281.0213,313.026469,601.62816,642.356048,618.214679
6,67500,,0.520498,,0.520498,0.44215,0.483123,341.103,294.4773,316.456923,601.62816,635.398087,615.222646
7,67500,,0.520498,,0.520498,0.452322,0.488568,348.3736,298.1589,319.75423,599.685511,633.461231,613.185308
8,67500,,0.520498,,0.520498,0.452322,0.49276,348.3736,298.1589,322.425376,599.685511,629.208367,611.705309
9,67500,,0.520498,,0.520498,0.456967,0.496595,348.3736,303.6785,325.050521,599.685511,629.030133,610.473627
10,67500,,0.520498,,0.520498,0.465727,0.499945,348.3736,303.6785,327.466915,599.685511,623.713897,609.479733
11,67500,,0.532246,,0.532246,0.465727,0.503941,350.5572,307.2764,330.922139,598.856593,623.713897,608.677728
12,67500,,0.532328,,0.532328,0.474199,0.507973,350.5572,308.431,333.311192,597.349881,616.804971,607.134049
13,67500,,0.538724,,0.538724,0.48456,0.512065,354.9127,316.103,335.855502,592.471824,615.349293,605.646894
14,67500,,0.540159,,0.540159,0.489132,0.515831,354.9127,316.704,338.072143,592.471824,615.568477,604.194641
15,67500,,0.540159,,0.540159,0.490349,0.52022,354.9127,316.704,340.87033,591.31348,615.236937,602.646805
16,67500,,0.546746,,0.546746,0.49486,0.524836,357.6506,325.0172,343.606819,591.154005,612.80381,600.880278
17,67500,,0.546746,,0.546746,0.496238,0.528092,359.7375,325.0172,345.518888,589.025178,612.517039,599.621657
18,67500,,0.546746,,0.546746,0.497932,0.530779,359.7375,328.1108,347.19762,589.025178,611.481073,598.650678
19,67500,,0.547898,,0.547898,0.50185,0.533118,362.6073,329.4871,348.756062,587.905604,609.797491,597.870656
20,67500,,0.553942,,0.553942,0.50185,0.535455,365.1408,329.4871,350.261367,586.235559,609.797491,597.056081
21,67500,,0.553942,,0.553942,0.503545,0.538319,365.1408,332.1313,351.956131,586.235559,609.797491,595.957831
22,67500,,0.560728,,0.560728,0.516562,0.541388,369.6253,335.6331,353.955018,586.235559,605.551241,594.903434
23,67500,,0.563872,,0.563872,0.520121,0.544403,369.6253,338.6906,355.946751,585.80322,605.551241,593.886323
24,67500,,0.563872,,0.563872,0.522488,0.547089,370.8701,343.0423,357.782931,585.80322,603.608454,593.022251
25,67500,,0.564651,,0.564651,0.526304,0.549078,372.0826,343.0423,359.505187,583.894598,601.807228,592.624758
26,67500,,0.566004,,0.566004,0.536935,0.552458,374.1781,349.9397,362.000269,583.208106,601.807228,591.660386
27,67500,,0.573583,,0.573583,0.540666,0.554985,374.1781,349.4924,363.665842,581.876891,600.853299,590.805377
28,67500,,0.579067,,0.579067,0.54372,0.557444,374.1781,349.4924,364.624454,577.166648,597.19821,589.529961
29,67500,,0.579067,,0.579067,0.54372,0.559736,374.1781,349.4924,365.972114,577.166648,597.19821,588.645256
30,67500,,0.583459,,0.583459,0.544897,0.561792,380.953,349.1927,367.066924,577.166648,596.502244,587.774905
31,67500,,0.583459,,0.583459,0.546926,0.56454,380.953,350.2589,368.448922,577.166648,595.946027,586.55761
32,67500,,0.584677,,0.584677,0.548999,0.567714,381.521,352.0992,370.007888,577.166648,592.436893,585.126723
33,67500,,0.586911,,0.586911,0.548999,0.570031,381.521,352.0992,371.017332,577.166648,592.420522,583.995345
34,67500,,0.587487,,0.587487,0.549864,0.572235,384.1617,353.4425,372.298346,574.912223,587.949139,583.134844
35,67500,,0.592171,,0.592171,0.561757,0.574878,384.1617,359.1067,373.806123,572.840721,587.496891,582.083898
36,67500,,0.597612,,0.597612,0.56354,0.577435,390.8022,359.1067,375.420762,572.840721,587.590608,581.171274
37,67500,,0.597612,,0.597612,0.566275,0.580169,390.8022,365.3109,377.407147,572.840721,587.590608,580.369567
38,67500,,0.597612,,0.597612,0.566275,0.5827,390.8022,365.3755,378.874216,572.840721,587.590608,579.379033
39,67500,,0.597707,,0.597707,0.566275,0.584699,390.8022,368.0989,380.144917,572.840721,587.496891,578.670702
40,67500,,0.599795,,0.599795,0.569362,0.587254,390.8022,368.0989,381.68408,571.080041,585.729326,577.709833
41,67500,,0.604807,,0.604807,0.575544,0.589739,393.0618,377.0899,383.239844,569.07569,584.563288,576.81356
42,67500,,0.604929,,0.604929,0.575544,0.591334,394.5285,377.0899,384.208828,569.07569,584.563288,576.218813
43,67500,,0.604929,,0.604929,0.576746,0.593321,394.5285,377.0899,385.44226,569.07569,584.286954,575.495955
44,67500,,0.610531,,0.610531,0.579761,0.595506,400.2858,377.0899,387.05432,569.07569,583.449635,574.871778
45,67500,,0.610531,,0.610531,0.585428,0.597128,400.2858,377.6858,388.234065,567.285867,579.501967,574.396842
46,67500,,0.615187,,0.615187,0.585782,0.599135,400.2858,379.1646,389.585079,567.285437,579.501967,573.736988
47,67500,,0.615187,,0.615187,0.585782,0.600986,400.2858,379.1646,390.786377,567.285437,579.501967,573.097922
48,67500,,0.615187,,0.615187,0.586188,0.602564,403.3373,379.6853,391.789243,566.177545,579.501967,572.539058
49,67500,,0.615187,,0.615187,0.594329,0.604506,403.3498,383.9128,393.281406,566.177545,577.439356,572.024496
50,67500,,0.615375,,0.615375,0.594329,0.606346,404.2278,383.9128,394.40965,566.177545,575.528646,571.345567
51,67500,,0.620787,,0.620787,0.599699,0.608275,404.2278,384.6903,395.482018,564.820544,575.205317,570.559542
52,67500,,0.620787,,0.620787,0.600817,0.610468,404.7684,384.6903,396.715669,562.677124,575.180619,569.675622
53,67500,,0.623922,,0.623922,0.600817,0.61219,405.0728,386.39,397.62838,562.677124,575.180619,568.943646
54,67500,,0.62504,,0.62504,0.600817,0.613976,405.0728,386.39,398.658757,562.199449,574.524935,568.240924
55,67500,,0.626291,,0.626291,0.602119,0.615572,405.7414,386.39,399.947548,561.903373,572.886731,567.859773
56,67500,,0.626899,,0.626899,0.605032,0.616892,406.76,386.39,400.777199,561.903373,572.886731,567.385923
57,67500,,0.632587,,0.632587,0.605032,0.618427,410.3767,386.39,401.756949,559.911895,572.886731,566.845459
58,67500,,0.632587,,0.632587,0.610764,0.619877,410.3767,393.9884,402.491807,559.911895,572.886731,566.206925
59,67500,,0.632587,,0.632587,0.6131,0.621311,411.971,393.9884,402.993601,559.911895,571.060566,565.424339
60,67500,,0.635774,,0.635774,0.614392,0.622598,411.9732,393.9884,403.857252,557.586314,571.060566,564.999542
61,67500,,0.635774,,0.635774,0.615262,0.624025,411.9732,393.9884,404.623244,557.586314,570.967457,564.399812
62,67500,,0.635774,,0.635774,0.615416,0.625631,413.1659,394.8072,405.597077,557.586314,570.967457,563.79966
63,67500,,0.636612,,0.636612,0.617485,0.6268,413.1659,394.8072,406.075972,557.586314,568.899232,563.209093
64,67500,,0.638802,,0.638802,0.619902,0.62804,413.1659,396.5644,407.218565,557.406944,568.919424,563.00693
65,67500,,0.638802,,0.638802,0.620166,0.629357,413.7869,401.5137,407.867026,556.994498,568.619136,562.414639
66,67500,,0.638802,,0.638802,0.622506,0.630591,414.7316,402.0609,408.424849,556.994498,568.619136,561.825422
67,67500,,0.639414,,0.639414,0.622506,0.632227,414.7316,402.0609,409.102756,556.994498,568.619136,561.004204
68,67500,,0.639414,,0.639414,0.622617,0.63317,414.7316,404.438,409.527753,556.994498,567.28122,560.552866
69,67500,,0.641481,,0.641481,0.625233,0.634249,417.7055,406.0766,409.929721,556.120649,567.363966,559.980682
70,67500,,0.642494,,0.642494,0.627199,0.635244,417.7055,406.9037,410.423342,555.356294,567.12986,559.535821
71,67500,,0.644662,,0.644662,0.628426,0.63622,417.7055,406.9037,410.724573,555.106528,566.192318,558.976142
72,67500,,0.644662,,0.644662,0.629595,0.637296,414.776,406.9037,410.958962,555.106528,565.678587,558.294336
73,67500,,0.644662,,0.644662,0.629595,0.638101,414.776,407.0707,411.052479,554.115253,565.678587,557.728558
74,67500,,0.646142,,0.646142,0.631598,0.639165,416.8335,407.0707,411.390619,554.085581,564.379945,557.125307
75,67500,,0.646142,,0.646142,0.631598,0.639888,416.8335,408.1193,411.708243,554.115253,564.379945,556.774524
76,67500,,0.646142,,0.646142,0.632297,0.640907,416.8335,408.522,412.219342,554.026981,564.379945,556.321879
77,67500,,0.647462,,0.647462,0.637544,0.641661,416.8335,409.3083,412.556386,553.741686,560.830008,555.959406
78,67500,,0.647462,,0.647462,0.637544,0.642265,417.7625,409.3083,412.925254,553.741686,560.830008,555.735844
79,67500,,0.648886,,0.648886,0.637706,0.643185,417.7625,409.3083,413.473268,553.400486,559.694148,555.385148
80,67500,,0.649606,,0.649606,0.638091,0.643996,417.7625,409.3083,413.918412,552.458007,559.694148,555.051451
81,67500,,0.652746,,0.652746,0.638091,0.64478,419.562,409.3083,414.345373,552.008206,560.144092,554.726053
82,67500,,0.652746,,0.652746,0.640871,0.645512,419.562,411.4388,414.557608,552.008206,556.008917,554.296939
83,67500,,0.653046,,0.653046,0.641229,0.64629,419.562,412.0975,414.996459,551.77403,556.008917,553.984122
84,67500,,0.654925,,0.654925,0.641229,0.64717,420.2344,412.1266,415.496584,550.616892,556.008917,553.633325
85,67500,,0.671988,,0.671988,0.642494,0.649157,423.0695,404.8409,415.918304,527.134192,555.564165,552.365715
86,67500,,0.671988,,0.671988,0.643078,0.65114,430.2232,404.8409,416.411132,527.134192,554.890075,551.149048
87,67500,,0.674141,,0.674141,0.643078,0.652858,423.0695,394.9581,416.325606,527.134192,554.890075,549.751824
88,67500,,0.674141,,0.674141,0.643078,0.655069,431.3384,394.9581,416.74627,532.194645,554.890075,548.309223
89,67500,,0.674141,,0.674141,0.64324,0.657639,433.1291,404.6878,417.997343,532.194645,554.763905,547.143267
90,67500,,0.676509,,0.676509,0.644307,0.659643,433.1291,405.7836,418.495624,531.750369,554.115253,545.913327
91,67500,,0.677138,,0.677138,0.64938,0.661439,433.7,405.9972,419.663987,532.194645,552.508803,545.295579
92,67500,,0.677138,,0.677138,0.64938,0.663925,433.7,411.3851,421.325733,532.194645,552.508803,544.470393
93,67500,,0.677138,,0.677138,0.652059,0.665639,433.9163,412.3096,422.249357,532.180302,551.224718,543.752075
94,67500,,0.681741,,0.681741,0.653737,0.667664,433.9163,411.989,423.675111,532.180302,551.005953,543.1279
95,67500,,0.681741,,0.681741,0.653737,0.66937,433.9163,411.989,424.750534,530.875437,550.476248,542.517808
96,67500,,0.683064,,0.683064,0.656801,0.671207,440.6951,415.479,426.122022,530.875437,551.910653,542.004576
97,67500,,0.687067,,0.687067,0.656801,0.672974,440.6951,415.479,427.291496,530.875437,550.656859,541.409477
98,67500,,0.687067,,0.687067,0.656801,0.674452,443.999,415.479,428.479758,530.875437,550.656859,541.053115
99,67500,,0.687534,,0.687534,0.656801,0.676255,443.999,415.479,429.717077,530.875437,550.179577,540.475729
100,67500,,0.688374,,0.688374,0.659857,0.677462,443.999,416.4485,430.484069,530.875437,548.692325,540.048346
101,67500,,0.688374,,0.688374,0.669844,0.678811,443.999,416.4485,431.813826,530.875437,546.203865,539.887173
102,67500,,0.688374,,0.688374,0.669844,0.679964,443.999,416.4485,433.000971,530.875437,546.203865,539.783689
103,67500,,0.690993,,0.690993,0.670446,0.681116,443.999,416.4485,434.298808,530.875437,543.582914,539.75424
104,67500,,0.694299,,0.694299,0.672697,0.682545,446.5575,416.4485,435.43498,530.875437,543.582914,539.401567
105,67500,,0.697616,,0.697616,0.672697,0.683522,449.3018,420.0743,436.199041,531.049301,543.337916,539.150983
106,67500,,0.697616,,0.697616,0.677121,0.684597,449.3018,427.4737,437.28884,531.147948,544.75454,539.042677
107,67500,,0.697616,,0.697616,0.677121,0.68535,449.3018,428.5085,437.220392,531.147948,544.75454,538.409455
108,67500,,0.697616,,0.697616,0.677636,0.685746,449.3018,427.9695,437.200272,531.147948,544.75454,538.087327
109,67500,,0.697682,,0.697682,0.679472,0.686718,449.6383,427.9695,438.014606,530.834738,543.021059,537.875188
110,67500,,0.697682,,0.697682,0.680989,0.687903,449.6383,427.9695,439.215636,530.54152,543.021059,537.755203
111,67500,,0.697682,,0.697682,0.681257,0.688642,449.6383,427.9695,439.793001,530.54152,543.021059,537.566178
112,67500,,0.700514,,0.700514,0.68292,0.689316,449.6383,428.1587,440.113423,530.54152,543.021059,537.254668
113,67500,,0.700514,,0.700514,0.68292,0.690196,449.6383,428.7963,440.642701,530.54152,543.021059,536.923453
114,67500,,0.700514,,0.700514,0.68292,0.690786,449.6383,429.6775,441.323599,530.54152,543.021059,536.918967
115,67500,,0.702124,,0.702124,0.68292,0.691539,450.242,429.6775,441.92799,530.54152,543.021059,536.736709
116,67500,,0.702124,,0.702124,0.684407,0.692315,450.242,429.6775,442.805665,530.54152,542.555386,536.719468
117,67500,,0.702124,,0.702124,0.68559,0.693193,450.242,429.6775,443.660689,530.54152,542.555386,536.607643
118,67500,,0.702124,,0.702124,0.686519,0.693981,450.242,432.0677,444.387735,531.161705,541.424669,536.48055
119,67500,,0.702124,,0.702124,0.686519,0.694925,450.242,432.2694,445.292716,531.161705,541.424669,536.350381
120,67500,,0.702124,,0.702124,0.686519,0.695693,450.663,436.2023,446.257945,530.413004,541.424669,536.398638
121,67500,,0.702124,,0.702124,0.686519,0.696498,450.663,436.2023,446.949324,531.48503,541.424669,536.234017
122,67500,,0.702124,,0.702124,0.689455,0.697184,450.663,436.2023,447.352653,531.48503,540.727006,535.968725
123,67500,,0.702124,,0.702124,0.689455,0.69775,451.5468,436.2023,447.689272,531.48503,540.727006,535.752916
124,67500,,0.702124,,0.702124,0.690101,0.698311,456.9122,437.9002,448.427804,531.48503,540.727006,535.810565
125,67500,,0.703691,,0.703691,0.690101,0.698846,456.9122,437.9002,448.849623,531.48503,540.727006,535.675828
126,67500,,0.705505,,0.705505,0.693168,0.699357,460.5285,440.1122,449.361656,531.48503,539.741266,535.619943
127,67500,,0.708337,,0.708337,0.696075,0.70005,460.5285,444.4874,450.011718,531.48503,539.741266,535.515455
128,67500,,0.708337,,0.708337,0.696075,0.700589,460.5285,444.4874,450.604425,531.674066,540.46165,535.492189
129,67500,,0.708337,,0.708337,0.696075,0.701131,460.5285,444.4874,451.182174,531.674066,540.46165,535.456002
130,67500,,0.708337,,0.708337,0.69764,0.701781,460.9156,446.8107,451.987525,531.674066,540.46165,535.489312
131,67500,,0.708501,,0.708501,0.69764,0.702371,460.9156,446.8107,452.786313,531.674066,540.46165,535.56445
132,67500,,0.708501,,0.708501,0.69764,0.703025,460.5285,446.8107,453.299302,531.674066,539.508211,535.398041
133,67500,,0.708501,,0.708501,0.69764,0.703831,460.5285,446.8107,454.083069,531.641513,539.508211,535.293995
134,67500,,0.709935,,0.709935,0.69764,0.704614,460.7397,446.8107,454.630493,531.674066,538.307645,535.050517
135,67500,,0.710099,,0.710099,0.69764,0.705453,460.7397,446.8107,455.586373,531.674066,537.680328,535.036506
136,67500,,0.710099,,0.710099,0.699546,0.706039,460.7397,450.242,456.192298,532.182092,537.029016,534.985589
137,67500,,0.714324,,0.714324,0.70099,0.706575,462.8828,450.242,456.719482,531.51985,537.029016,534.921027
138,67500,,0.714324,,0.714324,0.701604,0.707007,462.8828,450.9995,456.972401,531.51985,537.029016,534.75329
139,67500,,0.714324,,0.714324,0.701604,0.707341,462.8828,450.9995,457.261032,531.51985,536.94287,534.685775
140,67500,,0.714324,,0.714324,0.703853,0.707838,462.8828,450.9995,457.70045,531.51985,536.928288,534.592818
141,67500,,0.714324,,0.714324,0.704386,0.708399,462.8828,450.9995,458.186071,531.51985,537.639486,534.480939
142,67500,,0.714324,,0.714324,0.704386,0.708887,462.8828,451.2422,458.415273,531.51985,537.639486,534.253451
143,67500,,0.714324,,0.714324,0.705306,0.709547,462.8828,451.2422,458.964888,531.223653,537.639486,534.107041
144,67500,,0.714345,,0.714345,0.70538,0.710207,462.8828,451.2422,459.245872,530.838864,535.816421,533.780273
145,67500,,0.714345,,0.714345,0.70538,0.710761,462.8828,451.2422,459.501907,530.705122,535.836199,533.520395
146,67500,,0.714345,,0.714345,0.70538,0.711256,462.8828,451.2422,459.747294,530.705122,535.816421,533.298128
147,67500,,0.716978,,0.716978,0.707692,0.711675,462.9632,452.5027,459.949732,529.240611,534.993657,533.107231
148,67500,,0.716978,,0.716978,0.70776,0.712217,462.9632,454.8205,460.245107,529.240611,534.993657,532.88251
149,67500,,0.716978,,0.716978,0.708612,0.712548,463.4887,455.0563,460.417829,529.240611,535.811912,532.740167
150,67500,,0.716978,,0.716978,0.709322,0.712869,463.5316,455.0563,460.581342,529.240611,535.811912,532.599292
151,67500,,0.716978,,0.716978,0.709322,0.713092,463.5316,455.0563,460.848683,529.240611,535.811912,532.604436
152,67500,,0.716978,,0.716978,0.709322,0.713449,463.5316,455.0563,461.155527,529.240611,535.811912,532.531641
153,67500,,0.716978,,0.716978,0.709935,0.713911,463.5316,456.3168,461.535125,529.240611,534.993657,532.425192
154,67500,,0.716978,,0.716978,0.709935,0.714147,463.5316,456.3168,461.591435,529.240611,534.993657,532.279273
155,67500,,0.716978,,0.716978,0.711445,0.714466,463.4866,456.3168,461.685622,529.240611,533.891359,532.093767
156,67500,,0.716978,,0.716978,0.711669,0.714727,463.4866,456.4546,461.900405,529.240611,533.891359,532.03349
157,67500,,0.716978,,0.716978,0.712431,0.715038,463.4866,459.1972,461.93127,529.240611,533.891359,531.811857
158,67500,,0.717409,,0.717409,0.712664,0.715387,463.4866,459.7361,462.063303,529.240611,533.006112,531.628324
159,67500,,0.717859,,0.717859,0.713634,0.71563,463.4866,459.8059,462.088907,529.240611,533.006112,531.455805
160,67500,,0.719698,,0.719698,0.713634,0.715858,464.2194,459.8059,462.063012,528.903124,533.006112,531.260542
161,67500,,0.719698,,0.719698,0.713634,0.716256,464.3238,459.8059,462.041563,528.903124,532.990348,530.93545
162,67500,,0.720556,,0.720556,0.713634,0.716678,464.6645,460.3528,462.207466,528.903124,532.797207,530.71801
163,67500,,0.720556,,0.720556,0.714382,0.717103,464.6645,460.3528,462.297671,528.903124,532.781443,530.446466
164,67500,,0.720556,,0.720556,0.715062,0.717345,464.6645,460.3528,462.337628,528.714977,532.781443,530.28447
165,67500,,0.720621,,0.720621,0.715234,0.717576,464.6645,460.3528,462.374692,528.714977,532.701271,530.129786
166,67500,,0.720621,,0.720621,0.715936,0.71778,464.6645,460.3528,462.399906,528.714977,531.598738,529.987212
167,67500,,0.72165,,0.72165,0.715936,0.718033,466.7652,460.3528,462.569892,528.714977,531.598738,529.903887
168,67500,,0.72165,,0.72165,0.71645,0.71833,466.7652,460.3528,462.796743,528.714977,531.598738,529.824177
169,67500,,0.722083,,0.722083,0.716804,0.718662,466.7652,460.3528,463.117814,528.714977,531.24778,529.780329
170,67500,,0.728782,,0.728782,0.712186,0.719231,468.5487,444.5597,462.679828,516.754771,531.162142,529.042721
171,67500,,0.73117,,0.73117,0.716938,0.720015,470.4779,455.459,463.675458,516.754771,531.162142,529.09892
172,67500,,0.73128,,0.73128,0.716938,0.720472,470.5727,455.459,463.820263,516.754771,531.162142,528.839071
173,67500,,0.73128,,0.73128,0.71755,0.721134,470.4779,455.459,463.796085,516.754771,531.162142,528.30641
174,67500,,0.73968,,0.73968,0.71755,0.72179,470.7147,454.1199,464.157361,516.754771,531.162142,528.036911
175,67500,,0.73968,,0.73968,0.71755,0.722402,470.7147,454.1199,464.350817,516.754771,531.162142,527.68943
176,67500,,0.73968,,0.73968,0.717859,0.722919,470.7147,454.1199,464.562452,516.754771,531.02259,527.427612
177,67500,,0.73968,,0.73968,0.717859,0.723719,470.923,452.1477,465.013057,516.754771,531.02259,527.105594
178,67500,,0.73968,,0.73968,0.717859,0.72506,470.4779,452.1477,465.490447,516.754771,530.629282,526.38007
179,67500,,0.73968,,0.73968,0.718674,0.725687,470.4779,452.1477,465.490411,516.754771,530.569234,525.890767
180,67500,,0.742798,,0.742798,0.719032,0.726717,474.755,452.1477,465.794973,516.435019,529.893923,525.29147
181,67500,,0.742798,,0.742798,0.719032,0.728105,474.755,452.1477,466.241174,516.754771,529.893923,524.507976
182,67500,,0.742798,,0.742798,0.719032,0.729149,474.755,453.9887,466.717247,516.754771,529.215731,524.012762
183,67500,,0.742798,,0.742798,0.720756,0.730356,474.755,457.1698,467.302235,517.360695,529.215731,523.462661
184,67500,,0.742798,,0.742798,0.720953,0.731288,474.755,457.1698,467.7164,515.920434,529.215731,523.013833
185,67500,,0.742798,,0.742798,0.721697,0.732056,474.755,457.1698,467.870163,515.703682,529.215731,522.517309
186,67500,,0.742798,,0.742798,0.722941,0.732998,474.755,458.1955,468.451238,515.703682,529.215731,522.172537
187,67500,,0.742798,,0.742798,0.723066,0.733898,474.755,458.7541,468.879019,515.506297,529.215731,521.756834
188,67500,,0.742872,,0.742872,0.725437,0.734729,474.755,460.5741,469.428104,515.506297,528.397587,521.476728
189,67500,,0.743449,,0.743449,0.725437,0.735838,475.2904,460.5741,470.044907,515.506297,528.397587,521.024592
190,67500,,0.743449,,0.743449,0.726571,0.736518,475.2904,460.5741,470.429259,515.506297,528.314452,520.75214
191,67500,,0.743484,,0.743484,0.726606,0.73712,475.8478,460.5741,470.963722,515.506297,528.574732,520.640504
192,67500,,0.743484,,0.743484,0.726606,0.738199,478.6042,464.6769,471.82718,515.506297,528.848851,520.377886
193,67500,,0.744135,,0.744135,0.726639,0.738875,478.6042,464.6769,472.198563,515.506297,528.288752,520.099274
194,67500,,0.745689,,0.745689,0.728081,0.73957,476.1009,465.623,472.729052,515.289544,528.167778,519.912703
195,67500,,0.745689,,0.745689,0.731731,0.740223,477.4365,465.623,473.110808,515.281546,527.100441,519.659438
196,67500,,0.746669,,0.746669,0.733164,0.740665,478.1275,465.6945,473.287127,515.281546,526.345391,519.432413
197,67500,,0.746669,,0.746669,0.733164,0.740974,478.1275,465.6945,473.420562,515.281546,526.345391,519.280882
198,67500,,0.746669,,0.746669,0.733613,0.741699,476.9054,465.6945,473.359308,515.281546,526.345391,518.674544
199,67500,,0.746669,,0.746669,0.733613,0.742128,476.6315,464.3386,473.52378,515.281546,524.656447,518.44989
200,67500,,0.746966,,0.746966,0.733613,0.742544,476.6315,466.0839,473.819296,515.281546,524.481208,518.323723
201,67500,,0.746966,,0.746966,0.736213,0.743095,478.2395,466.0839,474.081104,514.843028,523.874576,518.069427
202,67500,,0.746966,,0.746966,0.736213,0.743631,476.9588,466.0839,474.534645,515.281546,523.874576,517.954739
203,67500,,0.74734,,0.74734,0.736213,0.744051,476.9588,466.5372,474.919299,515.569096,523.874576,517.884956
204,67500,,0.74734,,0.74734,0.736439,0.744443,477.8243,466.5372,475.153661,515.569096,520.893328,517.736511
205,67500,,0.74734,,0.74734,0.736439,0.744645,477.8243,466.5372,475.352681,515.569096,520.893328,517.711998
206,67500,,0.747612,,0.747612,0.736439,0.745124,477.8243,466.5372,475.702412,516.115245,520.893328,517.5729
207,67500,,0.747868,,0.747868,0.736439,0.745482,477.8243,466.5372,475.898765,516.115245,520.893328,517.425444
208,67500,,0.748175,,0.748175,0.738188,0.745866,477.8243,471.3308,476.159093,516.137134,520.439466,517.300264
209,67500,,0.749218,,0.749218,0.738188,0.746181,477.8243,471.3308,476.296723,515.537422,520.053251,517.146687
210,67500,,0.74934,,0.74934,0.740173,0.746442,477.8243,471.9895,476.43918,515.514153,518.946769,517.038975
211,67500,,0.74934,,0.74934,0.742699,0.746806,478.0531,474.755,476.626736,515.514153,518.896177,516.880601
212,67500,,0.750459,,0.750459,0.742893,0.747195,479.2816,474.755,476.815198,515.388878,518.678266,516.702916
213,67500,,0.750459,,0.750459,0.7435,0.747447,479.2816,475.13,476.922957,515.388878,518.455748,516.578532
214,67500,,0.752711,,0.752711,0.7435,0.74789,480.11,475.13,477.114706,514.608469,518.455748,516.361773
215,67500,,0.752711,,0.752711,0.7435,0.748272,480.11,475.13,477.304668,514.608469,518.455748,516.190817
216,67500,,0.752711,,0.752711,0.74681,0.74854,480.11,476.5427,477.407401,514.608469,516.855761,516.050923
217,67500,,0.752711,,0.752711,0.74681,0.748796,480.11,476.5427,477.576676,514.608469,516.821239,515.964722
218,67500,,0.752833,,0.752833,0.746898,0.749161,480.2175,476.6099,477.787444,514.585199,516.797188,515.821091
219,67500,,0.752977,,0.752977,0.746898,0.749508,480.3273,476.6099,477.958053,514.547057,516.797188,515.664821
220,67500,,0.752977,,0.752977,0.74734,0.74987,480.3273,476.7442,478.144421,514.547057,516.542518,515.507229
221,67500,,0.753234,,0.753234,0.748075,0.750301,480.3312,477.0517,478.377694,514.348789,516.243874,515.327218
222,67500,,0.753234,,0.753234,0.748075,0.750677,480.3312,477.0517,478.627326,514.348789,516.243874,515.201638
223,67500,,0.754042,,0.754042,0.748587,0.751034,480.7265,477.258,478.857391,513.98325,515.914529,515.077415
224,67500,,0.754042,,0.754042,0.748587,0.75142,480.7265,477.258,479.107122,513.98325,515.914529,514.943377
225,67500,,0.754939,,0.754939,0.748587,0.751787,481.5637,477.258,479.333124,513.844529,515.914529,514.808752
226,67500,,0.754939,,0.754939,0.749433,0.752301,481.5637,477.5192,479.740678,513.844529,515.810129,514.68084
227,67500,,0.754939,,0.754939,0.749555,0.752727,481.5637,477.6267,480.022304,513.844529,515.810129,514.537338
228,67500,,0.754939,,0.754939,0.750449,0.75304,481.5637,478.0896,480.207545,513.810436,515.810129,514.417276
229,67500,,0.755417,,0.755417,0.750449,0.753344,481.9705,478.0896,480.394219,513.720724,515.297551,514.305358
230,67500,,0.755417,,0.755417,0.750764,0.753603,481.9705,478.1357,480.56749,513.720724,515.297551,514.219648
231,67500,,0.755417,,0.755417,0.751658,0.753835,481.9705,478.5986,480.719128,513.720724,514.985575,514.140413
232,67500,,0.755617,,0.755617,0.75208,0.754061,481.9705,479.9379,480.873627,513.558733,514.985575,514.067462
233,67500,,0.755617,,0.755617,0.752977,0.754174,481.9705,480.3273,480.959734,513.558733,514.547057,514.037092
234,67500,,0.755617,,0.755617,0.752977,0.75432,481.9705,480.3273,481.04694,513.558733,514.547057,513.98115
235,67500,,0.755617,,0.755617,0.752977,0.754467,482.1611,480.3273,481.156874,513.558733,514.547057,513.94071
236,67500,,0.756072,,0.756072,0.753356,0.754622,482.5238,480.4387,481.25657,513.394313,514.32552,513.886702
237,67500,,0.756072,,0.756072,0.753746,0.754744,482.5238,480.619,481.331418,513.394313,514.263802,513.84125
238,67500,,0.756223,,0.756223,0.753746,0.754904,482.5547,480.619,481.444904,513.264441,514.263802,513.792355
239,67500,,0.756759,,0.756759,0.754042,0.755093,482.8116,480.619,481.602139,513.261907,514.263802,513.750602
240,67500,,0.756759,,0.756759,0.754078,0.755236,482.8116,480.619,481.718947,513.261907,514.263802,513.716908
241,67500,,0.756759,,0.756759,0.754078,0.755393,482.8116,480.619,481.839512,513.261907,514.263802,513.675285
242,67500,,0.757656,,0.757656,0.754078,0.755575,483.6488,480.619,481.969943,513.123185,514.263802,513.621139
243,67500,,0.757656,,0.757656,0.754126,0.755716,483.6488,480.7265,482.063125,513.123185,514.263802,513.573508
244,67500,,0.757786,,0.757786,0.754162,0.755962,483.6488,480.7265,482.248417,512.868142,514.263802,513.506099
245,67500,,0.757786,,0.757786,0.754201,0.75617,483.6488,480.7265,482.403148,512.868142,514.02956,513.446861
246,67500,,0.757786,,0.757786,0.754284,0.756363,483.6488,480.8367,482.553005,512.868142,514.02956,513.397432
247,67500,,0.757994,,0.757994,0.754627,0.756615,484.175,480.9817,482.772258,512.868142,514.02956,513.34717
248,67500,,0.758446,,0.758446,0.754756,0.756872,484.175,480.9817,482.958992,512.72942,513.803858,513.272034
249,67500,,0.758446,,0.758446,0.754879,0.757045,484.175,481.0892,483.077349,512.72942,513.803858,513.216509
250,67500,,0.758464,,0.758464,0.755466,0.757186,484.175,482.0612,483.187458,512.585614,513.803858,513.17995
251,67500,,0.758464,,0.758464,0.755701,0.757401,484.175,482.3332,483.336411,512.585614,513.803858,513.112406
252,67500,,0.758637,,0.758637,0.755701,0.757577,484.231,482.3332,483.452048,512.019512,513.803858,513.052512
253,67500,,0.758637,,0.758637,0.755701,0.757741,484.175,482.3332,483.545719,512.019512,513.803858,512.9875
254,67500,,0.758637,,0.758637,0.756095,0.757875,484.175,482.3332,483.619661,512.019512,513.465455,512.932796
255,67500,,0.76144,,0.759534,0.745904,0.757619,484.7214,471.1302,483.159132,510.545549,514.023753,512.823812
256,67500,,0.76144,,0.760444,0.756779,0.75815,485.4397,482.8099,483.73559,511.88079,513.682176,512.795679
257,67500,,0.76144,,0.760444,0.75697,0.75828,485.4397,482.8099,483.757085,511.781232,513.465455,512.70875
258,67500,,0.76144,,0.760444,0.75697,0.758498,485.4397,482.8099,483.827495,511.781232,513.465455,512.58583
259,67500,,0.76144,,0.760699,0.75697,0.758708,485.4397,482.8099,483.906224,511.553076,513.465455,512.474602
260,67500,,0.76144,,0.760699,0.757656,0.758964,485.4397,483.1443,483.992933,511.553076,513.123185,512.333239
261,67500,,0.76144,,0.760803,0.757786,0.759137,486.1688,483.1443,484.060261,511.553076,513.240311,512.243681
262,67500,,0.76144,,0.760803,0.757786,0.759308,486.1688,483.1443,484.145952,511.494398,512.871409,512.16733
263,67500,,0.764112,,0.764112,0.757786,0.759451,488.6228,483.1443,484.225729,511.256117,512.871409,512.109023
264,67500,,0.764548,,0.764548,0.757786,0.759766,489.0062,483.1443,484.424955,511.020888,512.871409,511.997506
265,67500,,0.764548,,0.764548,0.758464,0.759948,489.0062,483.1443,484.534527,511.020888,512.585614,511.928446
266,67500,,0.764548,,0.764548,0.758464,0.760129,489.0062,483.6592,484.621004,511.020888,512.585614,511.845567
267,67500,,0.764548,,0.764548,0.758464,0.760416,489.0062,483.6592,484.841226,511.020888,512.585614,511.768807
268,67500,,0.764567,,0.764567,0.758464,0.760771,489.0062,483.6592,485.11613,510.462375,512.585614,511.676254
269,67500,,0.764567,,0.764567,0.758464,0.761159,489.0062,483.7874,485.455659,510.462375,512.585614,511.60133
270,67500,,0.764567,,0.764567,0.758464,0.761441,489.0062,483.7874,485.698821,510.462375,512.585614,511.544277
271,67500,,0.76506,,0.76506,0.759775,0.761748,489.3488,483.9815,485.926944,510.462375,512.179007,511.457504
272,67500,,0.76506,,0.76506,0.759775,0.761954,489.3488,483.9815,486.115164,510.462375,512.179007,511.423352
273,67500,,0.765845,,0.765845,0.759862,0.762376,490.1011,483.9815,486.440262,510.43847,512.009296,511.31223
274,67500,,0.765845,,0.765845,0.759862,0.762615,490.1011,483.9815,486.577523,510.43847,512.325612,511.217402
275,67500,,0.765845,,0.765845,0.759862,0.76291,490.1011,483.9815,486.851939,510.43847,512.325612,511.171145
276,67500,,0.765845,,0.765845,0.759862,0.763302,490.1011,483.9815,487.17578,510.43847,512.23181,511.08219
277,67500,,0.76587,,0.76587,0.759862,0.763579,490.1011,483.9815,487.393101,510.43847,511.737763,511.011771
278,67500,,0.766721,,0.766721,0.759862,0.763916,490.7724,483.9815,487.75022,510.43847,511.625022,510.988265
279,67500,,0.766721,,0.766721,0.760535,0.764142,490.7724,484.4211,487.975517,510.424968,511.475926,510.96346
280,67500,,0.766721,,0.766721,0.760955,0.764456,490.7724,484.8515,488.276754,510.326651,511.475926,510.920175
281,67500,,0.766721,,0.766721,0.760955,0.764765,490.7724,484.8515,488.617673,510.326651,511.650666,510.907406
282,67500,,0.766721,,0.766721,0.762263,0.765085,490.7724,485.7063,489.017825,510.326651,511.650666,510.926199
283,67500,,0.766721,,0.766721,0.762775,0.765262,490.7724,485.7063,489.233892,510.326651,511.650666,510.932556
284,67500,,0.766721,,0.766721,0.762815,0.765471,490.7724,485.7063,489.432777,510.326651,511.337204,510.903202
285,67500,,0.766933,,0.766933,0.76386,0.765648,490.7724,486.7858,489.655725,510.210812,511.337204,510.914571
286,67500,,0.766933,,0.766933,0.764548,0.765801,490.7724,488.479,489.80153,510.210812,511.337204,510.89296
287,67500,,0.766933,,0.766933,0.764548,0.76592,490.7724,488.479,489.909021,510.210812,511.337204,510.872048
288,67500,,0.766933,,0.766933,0.764548,0.766035,490.7724,488.479,489.991512,510.210812,511.337204,510.8376
289,67500,,0.767523,,0.767523,0.765095,0.766176,490.7724,488.479,490.06792,509.727527,511.194733,510.778717
290,67500,,0.767523,,0.767523,0.765095,0.766343,490.7724,488.479,490.164804,509.727527,511.103273,510.713352
291,67500,,0.767523,,0.767523,0.765095,0.766554,491.1351,488.479,490.322335,509.727527,511.103273,510.654183
292,67500,,0.767523,,0.767523,0.765095,0.766693,491.1351,488.479,490.406096,509.727527,511.103273,510.602011
293,67500,,0.768737,,0.768737,0.765538,0.766806,491.1618,489.5739,490.472181,509.51446,511.014674,510.55859
294,67500,,0.768737,,0.768737,0.766391,0.766891,491.1618,489.5739,490.463998,509.51446,510.825511,510.486399
295,67500,,0.769376,,0.769376,0.766391,0.767034,491.5245,489.5739,490.489082,509.258653,510.825511,510.392085
296,67500,,0.769376,,0.769376,0.766391,0.767207,491.5245,489.5739,490.536587,509.258653,510.825511,510.288859
297,67500,,0.769376,,0.769376,0.766484,0.767355,491.5245,489.6287,490.572854,509.258653,510.825511,510.197246
298,67500,,0.769376,,0.769376,0.76651,0.767444,491.5245,489.6287,490.636774,509.258653,510.825511,510.170626
299,67500,,0.769376,,0.769376,0.76651,0.767603,491.5245,489.6287,490.679269,509.258653,510.825511,510.075328
300,67500,,0.769402,,0.769402,0.766721,0.76775,491.5245,489.6287,490.741117,509.238578,510.825511,510.002388
301,67500,,0.769402,,0.769402,0.766721,0.767972,491.5245,489.6287,490.832303,509.238578,510.825511,509.89004
302,67500,,0.769402,,0.769402,0.766958,0.76811,491.5245,490.0669,490.901661,509.238578,510.77095,509.829114
303,67500,,0.769402,,0.769402,0.766963,0.768203,491.5245,490.0669,490.94361,509.238578,510.77095,509.784236
304,67500,,0.769402,,0.769402,0.766963,0.768342,491.5245,490.0669,491.025591,509.238578,510.77095,509.731029
305,67500,,0.769402,,0.769402,0.767052,0.768477,491.5245,490.0669,491.099233,509.238578,510.77095,509.674826
306,67500,,0.769402,,0.769402,0.767052,0.768621,491.5245,490.4638,491.156475,509.238578,510.77095,509.601145
307,67500,,0.769402,,0.769402,0.767077,0.768699,491.5245,490.4638,491.187681,509.238578,510.750875,509.561141
308,67500,,0.769402,,0.769402,0.767603,0.768782,491.5245,490.4638,491.219859,509.238578,509.976882,509.517691
309,67500,,0.769402,,0.769402,0.767809,0.768864,491.5245,490.5486,491.265819,509.238578,509.976882,509.484584
310,67500,,0.770939,,0.770939,0.76784,0.769011,493.0183,490.7724,491.353276,509.040597,509.952978,509.428554
311,67500,,0.770939,,0.770939,0.76784,0.769129,493.0183,490.7724,491.426335,509.040597,509.952978,509.385697
312,67500,,0.770965,,0.770965,0.76784,0.769235,493.0183,490.7724,491.503268,509.020522,509.952978,509.354787
313,67500,,0.770965,,0.770965,0.76784,0.769311,493.0183,490.7724,491.531895,509.020522,509.952978,509.314293
314,67500,,0.7711,,0.7711,0.767866,0.76945,493.0183,490.7724,491.614871,508.915434,509.932902,509.261679
315,67500,,0.7711,,0.7711,0.76864,0.769556,493.0183,491.1351,491.692443,508.915434,509.69147,509.231237
316,67500,,0.771125,,0.771125,0.76864,0.769661,493.0183,491.1351,491.756818,508.895359,509.572007,509.192029
317,67500,,0.771125,,0.771125,0.769093,0.769773,493.0183,491.1351,491.843904,508.895359,509.439823,509.163161
318,67500,,0.771282,,0.771282,0.769141,0.769864,493.0183,491.1351,491.918619,508.772948,509.282557,509.142191
319,67500,,0.771282,,0.771282,0.769141,0.769972,493.0183,491.1351,492.005277,508.772948,509.282557,509.11577
320,67500,,0.771282,,0.771282,0.769141,0.770081,493.0183,491.1351,492.106362,508.772948,509.282557,509.098597
321,67500,,0.771282,,0.771282,0.769141,0.770187,493.0183,491.1351,492.199702,508.772948,509.268687,509.078861
322,67500,,0.771455,,0.771455,0.769376,0.770276,493.3703,491.5177,492.271427,508.772948,509.268687,509.057425
323,67500,,0.771455,,0.771455,0.769376,0.77034,493.3703,491.5177,492.327444,508.772948,509.268687,509.044851
324,67500,,0.771455,,0.771455,0.769402,0.770435,493.3703,491.5177,492.417733,508.752873,509.268687,509.031449
325,67500,,0.771455,,0.771455,0.769402,0.770552,493.3703,491.5245,492.515095,508.752873,509.238578,509.005457
326,67500,,0.771455,,0.771455,0.769402,0.770592,493.3703,491.5245,492.546005,508.752873,509.238578,508.994596
327,67500,,0.771864,,0.771864,0.769402,0.770723,493.8669,491.5245,492.653562,508.752873,509.238578,508.965084
328,67500,,0.772053,,0.772053,0.769402,0.770857,493.9991,491.5245,492.770894,508.752873,509.238578,508.938697
329,67500,,0.772053,,0.772053,0.769585,0.770964,493.9991,491.5245,492.859226,508.433739,509.206026,508.914384
330,67500,,0.772514,,0.772514,0.769591,0.771086,494.2189,491.5245,492.963092,508.433739,509.206026,508.888717
331,67500,,0.772514,,0.772514,0.769591,0.771208,494.2189,491.5245,493.06476,508.433739,509.206026,508.862017
332,67500,,0.772514,,0.772514,0.770005,0.771327,494.2189,491.8765,493.174157,508.433739,509.206026,508.842776
333,67500,,0.772514,,0.772514,0.770113,0.771467,494.2189,492.3036,493.292056,508.433739,509.206026,508.811968
334,67500,,0.772514,,0.772514,0.770302,0.771571,494.2189,492.4358,493.374961,508.433739,509.147114,508.786805
335,67500,,0.772543,,0.772543,0.771092,0.771682,494.3511,493.0183,493.464072,508.287205,508.95399,508.759676
336,67500,,0.772543,,0.772543,0.771092,0.771758,494.3511,493.0183,493.527585,508.266823,508.95399,508.742859
337,67500,,0.772779,,0.772779,0.771092,0.771862,494.6092,493.0183,493.602815,508.100213,508.95399,508.71228
338,67500,,0.772779,,0.772779,0.771092,0.771945,494.6092,493.0183,493.662387,508.100213,508.95399,508.687982
339,67500,,0.773269,,0.773269,0.771092,0.772046,494.9612,493.0183,493.735818,508.100213,508.95399,508.658331
340,67500,,0.785187,,0.785187,0.771308,0.772863,505.0801,493.0183,494.326665,505.596486,508.899816,508.4164
341,67500,,0.785187,,0.785187,0.771308,0.773445,505.0801,493.0183,494.820127,505.596486,508.899816,508.293186
342,67500,,0.785187,,0.785187,0.77172,0.774001,505.0801,493.0183,495.287819,505.596486,510.078349,508.173499
343,67500,,0.785187,,0.785187,0.771757,0.774622,505.0801,493.0183,495.731923,505.596486,510.078349,507.98623
344,67500,,0.785187,,0.785187,0.771813,0.775155,505.0801,493.1505,496.193209,505.596486,510.078349,507.879798
345,67500,,0.785187,,0.785187,0.772166,0.775959,505.0801,493.3703,496.829163,505.029097,509.434718,507.679085
346,67500,,0.785187,,0.785187,0.772236,0.776988,505.0801,493.5025,497.60362,505.029097,509.434718,507.3947
347,67500,,0.785452,,0.785452,0.772566,0.777931,505.0801,493.7974,498.389579,504.722359,509.434718,507.186252
348,67500,,0.785452,,0.785452,0.772818,0.778815,505.0801,494.1966,499.127431,504.722359,509.434718,506.99103
349,67500,,0.785452,,0.785452,0.772818,0.779693,505.0801,494.5486,499.721254,504.722359,509.434718,506.703966
350,67500,,0.785452,,0.785452,0.773861,0.780683,505.093,494.6613,500.560041,504.633376,508.386504,506.49446
351,67500,,0.787943,,0.787943,0.775964,0.781368,507.0771,495.7148,501.07425,504.722359,508.419056,506.304097
352,67500,,0.787943,,0.787943,0.776696,0.782003,507.0771,497.3641,501.584738,504.422649,508.255041,506.150854
353,67500,,0.787943,,0.787943,0.7767,0.782683,507.0771,498.0461,502.205855,504.422649,508.255041,506.036682
354,67500,,0.787943,,0.787943,0.777455,0.783216,507.0771,498.7884,502.686344,504.422649,507.825092,505.943443
355,67500,,0.78801,,0.78801,0.780693,0.783738,507.0771,499.2404,503.132362,504.422649,506.804073,505.834966
356,67500,,0.78801,,0.78801,0.780693,0.784175,507.0771,500.3399,503.526319,504.422649,506.990705,505.758391
357,67500,,0.78801,,0.78801,0.780693,0.784581,507.0771,500.8069,503.909763,504.251645,506.990705,505.69802
358,67500,,0.78801,,0.78801,0.780693,0.784943,507.0771,500.8069,504.206609,504.251645,506.804073,505.615008
359,67500,,0.78801,,0.78801,0.780693,0.78533,507.0771,500.8069,504.512642,504.20322,506.651644,505.518098
360,67500,,0.78801,,0.78801,0.781554,0.785657,507.0771,501.648,504.756761,504.20322,506.781862,505.426955
361,67500,,0.78801,,0.78801,0.781751,0.785977,507.0771,501.648,505.025014,504.20322,506.3904,505.356997
362,67500,,0.78801,,0.78801,0.781751,0.786234,507.0771,501.648,505.264975,504.20322,506.3904,505.317416
363,67500,,0.78801,,0.78801,0.782629,0.78653,507.0771,502.2748,505.515909,504.20322,506.133303,505.254366
364,67500,,0.788732,,0.788732,0.782629,0.786804,507.8562,502.2748,505.771622,504.20322,506.133303,505.21191
365,67500,,0.789116,,0.789116,0.784467,0.787127,507.8562,503.4325,506.049956,503.840339,505.987814,505.14634
366,67500,,0.78938,,0.78938,0.785434,0.787403,507.8562,503.4667,506.277103,503.840339,505.987814,505.08334
367,67500,,0.789806,,0.789806,0.785452,0.787643,508.2315,503.4667,506.465528,503.840339,505.987814,505.022638
368,67500,,0.789806,,0.789806,0.785452,0.787872,508.2315,503.4667,506.635959,503.840339,505.987814,504.958438
369,67500,,0.789806,,0.789806,0.785452,0.788126,508.2315,503.4667,506.8102,503.840339,505.91733,504.876654
370,67500,,0.789926,,0.789926,0.78611,0.788399,508.2315,505.3894,507.04847,503.431564,505.827261,504.823493
371,67500,,0.790809,,0.790809,0.78611,0.788695,509.5269,505.3894,507.218516,503.431564,505.827261,504.706445
372,67500,,0.790876,,0.790876,0.787352,0.788959,509.5269,505.3894,507.430756,503.431564,505.198781,504.642845
373,67500,,0.790876,,0.790876,0.787352,0.789133,509.5269,505.3894,507.540738,503.431564,505.198781,504.580526
374,67500,,0.790876,,0.790876,0.787352,0.789361,509.6089,505.3894,507.715387,503.413919,505.142324,504.520053
375,67500,,0.791475,,0.791475,0.787352,0.789572,509.7898,505.3894,507.887563,502.833382,505.178689,504.470978
376,67500,,0.791475,,0.791475,0.788336,0.789748,509.7898,506.4164,508.056887,502.833382,505.142324,504.447292
377,67500,,0.791618,,0.791618,0.788336,0.789888,509.8596,506.4164,508.15914,502.833382,505.142324,504.406242
378,67500,,0.792672,,0.792672,0.788336,0.790022,510.6813,506.4164,508.319351,502.833382,505.142324,504.408899
379,67500,,0.793482,,0.793482,0.788336,0.790173,511.014,506.7491,508.514515,502.833382,505.142324,504.422265
380,67500,,0.793482,,0.793482,0.789016,0.790353,511.014,506.7491,508.753993,502.833382,505.124789,504.442632
381,67500,,0.793482,,0.793482,0.789049,0.790532,511.014,506.7491,508.9259,502.833382,505.068333,504.417755
382,67500,,0.793482,,0.793482,0.789443,0.790753,511.014,507.2658,509.062966,502.833382,505.068333,504.337168
383,67500,,0.793482,,0.793482,0.789443,0.790895,511.014,507.2658,509.173166,502.833382,505.068333,504.300228
384,67500,,0.794138,,0.794138,0.789443,0.791237,511.3107,507.2658,509.361007,502.833382,505.068333,504.159819
385,67500,,0.794138,,0.794138,0.789582,0.791499,511.3107,507.6455,509.55253,502.833382,505.068333,504.083658
386,67500,,0.794138,,0.794138,0.789582,0.791784,511.3107,507.659,509.790812,502.833382,505.068333,504.020689
387,67500,,0.794138,,0.794138,0.789707,0.792075,511.3107,507.659,510.004133,502.66639,505.068333,503.936533
388,67500,,0.794138,,0.794138,0.789707,0.792304,511.3107,507.659,510.158215,502.66639,505.068333,503.861668
389,67500,,0.795191,,0.795191,0.790732,0.792602,512.4553,507.659,510.389347,502.66639,504.659557,503.784032
390,67500,,0.795191,,0.795191,0.790732,0.79285,512.4553,507.659,510.596283,502.66639,504.659557,503.729016
391,67500,,0.795191,,0.795191,0.790732,0.793094,512.4553,507.659,510.785999,502.66639,504.659557,503.665937
392,67500,,0.795191,,0.795191,0.790732,0.793362,512.4553,508.5365,511.011567,502.66639,504.659557,503.608281
393,67500,,0.795191,,0.795191,0.790732,0.793647,512.4553,509.519,511.250437,502.794738,504.659557,503.545895
394,67500,,0.795191,,0.795191,0.790732,0.793829,512.4553,509.519,511.38603,502.794738,504.659557,503.494507
395,67500,,0.795191,,0.795191,0.791938,0.794066,512.4553,510.1225,511.545521,502.794738,504.242028,503.416569
396,67500,,0.795191,,0.795191,0.791966,0.79423,512.4553,510.1225,511.65862,502.794738,504.242028,503.364735
397,67500,,0.795398,,0.795398,0.792455,0.794383,512.4553,510.718,511.756089,502.756842,504.242028,503.310596
398,67500,,0.795398,,0.795398,0.792455,0.794562,512.4553,510.718,511.882989,502.756842,504.242028,503.256387
399,67500,,0.795645,,0.795645,0.792707,0.794692,512.4553,510.7342,511.968321,502.727684,504.045057,503.211947
400,67500,,0.795645,,0.795645,0.792707,0.794838,512.4553,510.7342,512.043177,502.727684,504.045057,503.148281
401,67500,,0.795768,,0.795768,0.793329,0.794972,512.7955,511.0324,512.142362,502.651529,503.647883,503.110365
402,67500,,0.795768,,0.795768,0.793329,0.795035,512.7955,511.0324,512.191555,502.651529,503.647883,503.093623
403,67500,,0.795768,,0.795768,0.793329,0.795135,512.7955,511.0324,512.249832,502.651529,503.647883,503.055073
404,67500,,0.795895,,0.795895,0.793329,0.795233,512.7955,511.0324,512.3114,502.62237,503.647883,503.019794
405,67500,,0.795895,,0.795895,0.793329,0.795308,512.7955,511.0324,512.348389,502.62237,503.647883,502.985679
406,67500,,0.795895,,0.795895,0.794948,0.795356,512.7955,511.6434,512.361176,502.62237,503.148922,502.957488
407,67500,,0.795973,,0.795973,0.794948,0.795411,513.4459,511.6434,512.414001,502.615283,503.203039,502.949558
408,67500,,0.79612,,0.79612,0.795003,0.795497,513.4459,511.6434,512.468036,502.500902,503.203039,502.918387
409,67500,,0.79612,,0.79612,0.795003,0.795561,513.4459,511.6434,512.507128,502.500902,503.203039,502.89511
410,67500,,0.796384,,0.796384,0.795003,0.795632,513.4459,511.6434,512.557899,502.500902,503.212451,502.873338
411,67500,,0.796384,,0.796384,0.795191,0.795717,513.4459,512.2448,512.610455,502.49149,503.212451,502.842886
412,67500,,0.796408,,0.796408,0.795191,0.795798,513.4703,512.2448,512.664635,502.49149,503.203039,502.815585
413,67500,,0.796408,,0.796408,0.795215,0.795902,513.4703,512.2448,512.760091,502.49149,503.203039,502.798927
414,67500,,0.796408,,0.796408,0.795215,0.795965,513.4703,512.2448,512.826417,502.49149,503.203039,502.794167
415,67500,,0.796799,,0.796799,0.795344,0.796027,513.4703,512.2448,512.876542,502.49149,503.203039,502.778741
416,67500,,0.797095,,0.797095,0.795368,0.79607,513.9779,512.2448,512.930572,502.49149,503.203039,502.781552
417,67500,,0.797563,,0.797563,0.795368,0.796149,513.9779,512.3552,512.981844,502.217571,503.203039,502.754539
418,67500,,0.797563,,0.797563,0.795368,0.796231,513.9779,512.3552,513.03824,502.217571,503.203039,502.72826
419,67500,,0.797563,,0.797563,0.795645,0.796313,513.9779,512.3552,513.115106,502.217571,503.203039,502.715833
420,67500,,0.797563,,0.797563,0.795973,0.796388,514.1593,512.8513,513.177872,502.217571,503.203039,502.699395
421,67500,,0.797563,,0.797563,0.796018,0.796482,514.1593,512.8513,513.221771,502.217571,502.976257,502.655265
422,67500,,0.797563,,0.797563,0.796018,0.796576,514.1593,512.8513,513.289833,502.217571,502.976257,502.627603
423,67500,,0.798274,,0.798274,0.796018,0.796728,514.605,512.8513,513.406079,502.185018,502.821407,502.587546
424,67500,,0.798274,,0.798274,0.796018,0.796886,514.6554,512.8513,513.545629,502.185018,502.821407,502.557195
425,67500,,0.798729,,0.798729,0.790886,0.796893,514.605,508.3627,513.455319,500.505909,503.764599,502.491452
426,67500,,0.798729,,0.798729,0.796109,0.797169,514.6554,511.0356,513.681896,500.505909,502.800143,502.427671
427,67500,,0.799952,,0.799952,0.796109,0.797262,515.1319,511.0356,513.708475,500.505909,502.800143,502.373595
428,67500,,0.799952,,0.799952,0.796109,0.797412,515.1319,511.8247,513.813547,500.665372,502.767591,502.326915
429,67500,,0.799952,,0.799952,0.796109,0.797579,515.1319,512.3232,513.912093,500.665372,502.767591,502.262385
430,67500,,0.799952,,0.799952,0.796514,0.797735,515.1319,512.3232,514.046074,500.665372,502.767591,502.230256
431,67500,,0.799952,,0.799952,0.796799,0.797917,515.2612,512.3232,514.113546,500.665372,502.767591,502.134142
432,67500,,0.799952,,0.799952,0.796799,0.798019,515.2612,512.3232,514.218562,500.665372,502.767591,502.124576
433,67500,,0.800071,,0.800071,0.796799,0.798223,515.911,512.3232,514.359609,500.583437,502.767591,502.060289
434,67500,,0.80143,,0.80143,0.796955,0.798445,516.2632,512.3232,514.497142,500.583437,502.675175,501.979043
435,67500,,0.80143,,0.80143,0.79712,0.798705,516.2632,512.6394,514.694806,500.583437,502.645571,501.908374
436,67500,,0.80143,,0.80143,0.79726,0.798866,516.2632,512.9116,514.835638,500.695337,502.645571,501.877382
437,67500,,0.801921,,0.801921,0.79726,0.799183,516.4775,513.8719,515.054757,500.595094,502.645571,501.777051
438,67500,,0.801921,,0.801921,0.79726,0.799499,516.4939,513.3548,515.228989,500.595094,502.645571,501.647705
439,67500,,0.802015,,0.802015,0.797295,0.799843,516.6596,513.3548,515.408695,500.595094,502.645571,501.499516
440,67500,,0.802908,,0.802908,0.797295,0.800162,517.2073,513.3548,515.599881,500.30839,502.645571,501.378969
441,67500,,0.802908,,0.802908,0.797503,0.800454,517.2073,514.1244,515.781723,500.30839,502.464368,501.273124
442,67500,,0.802908,,0.802908,0.798655,0.800603,517.2073,514.4429,515.869331,500.30839,502.251496,501.215667
443,67500,,0.802908,,0.802908,0.798897,0.800837,517.2073,514.4429,516.006956,500.301884,502.16061,501.125239
444,67500,,0.802908,,0.802908,0.799186,0.801099,517.2073,514.9929,516.133048,500.301884,502.16061,501.004995
445,67500,,0.80333,,0.80333,0.799351,0.801402,517.6346,514.9929,516.294428,500.27112,502.128057,500.877247
446,67500,,0.80333,,0.80333,0.799351,0.801644,517.6346,514.9929,516.444125,500.226132,502.048208,500.788424
447,67500,,0.80333,,0.80333,0.799351,0.801883,517.6346,515.1319,516.592594,500.226132,502.048208,500.701859
448,67500,,0.80333,,0.80333,0.799952,0.802121,517.6346,515.1319,516.742445,500.226132,502.015656,500.61664
449,67500,,0.803372,,0.803372,0.799952,0.802376,517.7034,515.1319,516.899135,500.226132,502.015656,500.522371
450,67500,,0.803505,,0.803505,0.800062,0.80256,517.7034,515.911,517.014144,500.144094,502.015656,500.456156
451,67500,,0.803505,,0.803505,0.800663,0.802697,517.7034,515.911,517.070542,500.144094,501.19667,500.386884
452,67500,,0.803575,,0.803575,0.800828,0.802806,517.7034,515.9354,517.142214,499.996195,501.084269,500.349905
453,67500,,0.804095,,0.804095,0.80152,0.802959,518.059,516.3055,517.238683,499.958926,500.836254,500.295016
454,67500,,0.804095,,0.804095,0.801934,0.803041,518.059,516.2811,517.304398,499.958926,500.643381,500.275118
455,67500,,0.804193,,0.804193,0.802015,0.803116,518.1817,516.3055,517.361269,499.958926,500.643381,500.254887
456,67500,,0.804193,,0.804193,0.80281,0.803218,518.1817,517.0846,517.450892,499.958926,500.30839,500.235362
457,67500,,0.804193,,0.804193,0.80281,0.803309,518.1817,517.0846,517.525555,499.958926,500.30839,500.214809
458,67500,,0.804193,,0.804193,0.802818,0.803377,518.1817,517.0846,517.579112,499.958926,500.30763,500.197296
459,67500,,0.80444,,0.80444,0.802818,0.803476,518.4262,517.0846,517.6584,499.831899,500.301884,500.173067
460,67500,,0.804615,,0.804615,0.802818,0.803557,518.4404,517.0846,517.72123,499.808487,500.301884,500.152335
461,67500,,0.804615,,0.804615,0.802818,0.803646,518.4404,517.0846,517.788735,499.774636,500.301884,500.127921
462,67500,,0.804615,,0.804615,0.802981,0.803743,518.4404,517.2168,517.872857,499.774636,500.284978,500.108323
463,67500,,0.804615,,0.804615,0.802981,0.803864,518.4404,517.2168,517.954561,499.774636,500.284978,500.06901
464,67500,,0.804619,,0.804619,0.802981,0.803987,518.4404,517.2168,518.027758,499.632149,500.284978,500.021919
465,67500,,0.804619,,0.804619,0.802981,0.804084,518.4404,517.2168,518.086234,499.632149,500.263753,499.985595
466,67500,,0.804684,,0.804684,0.803603,0.804135,518.4404,517.7639,518.114317,499.632149,500.14984,499.965014
467,67500,,0.804684,,0.804684,0.803603,0.804196,518.4404,517.7639,518.153184,499.632149,500.14984,499.942955
468,67500,,0.804749,,0.804749,0.803851,0.804253,518.5619,517.9516,518.191141,499.632149,500.120682,499.923915
469,67500,,0.804993,,0.804993,0.803851,0.804312,518.5619,517.9516,518.223169,499.595489,500.120682,499.89954
470,67500,,0.804993,,0.804993,0.803851,0.80436,518.8829,517.9516,518.255241,499.595489,500.120682,499.883873
471,67500,,0.804993,,0.804993,0.803886,0.804424,518.8829,517.9516,518.291428,499.595489,500.056287,499.85832
472,67500,,0.804993,,0.804993,0.803979,0.804507,518.8829,517.9516,518.354744,499.595489,499.977167,499.835984
473,67500,,0.804993,,0.804993,0.803979,0.804567,518.8829,517.9516,518.397453,499.595489,499.977167,499.817825
474,67500,,0.804993,,0.804993,0.804116,0.804633,518.8829,518.0696,518.438637,499.595489,499.964672,499.793372
475,67500,,0.804993,,0.804993,0.804187,0.804685,518.8829,518.0732,518.469084,499.595489,499.964672,499.773808
476,67500,,0.805125,,0.805125,0.804193,0.804744,518.8829,518.0732,518.511813,499.577165,499.964672,499.756356
477,67500,,0.80523,,0.80523,0.80427,0.804805,519.0186,518.0732,518.554812,499.569708,499.957938,499.736903
478,67500,,0.805474,,0.805474,0.804412,0.804858,519.0186,518.376,518.576641,499.526184,499.957938,499.710524
479,67500,,0.805474,,0.805474,0.804587,0.804903,519.0186,518.376,518.593875,499.526184,499.866209,499.686989
480,67500,,0.805507,,0.805507,0.804618,0.804954,519.0186,518.376,518.63077,499.500403,499.842304,499.671957
481,67500,,0.806012,,0.806012,0.804646,0.805018,519.3503,518.376,518.679236,499.329074,499.840427,499.654679
482,67500,,0.806012,,0.806012,0.804651,0.805083,519.3706,518.376,518.730005,499.329074,499.840427,499.637712
483,67500,,0.806012,,0.806012,0.804651,0.80514,519.3706,518.376,518.767382,499.329074,499.840427,499.618682
484,67500,,0.806012,,0.806012,0.804651,0.805263,519.3706,518.376,518.84842,499.329074,499.840427,499.577072
485,67500,,0.806146,,0.806146,0.804651,0.805388,519.4718,518.3854,518.933119,499.306113,499.801814,499.535814
486,67500,,0.806146,,0.806146,0.804651,0.805499,519.4718,518.3854,519.013135,499.306113,499.744092,499.503304
487,67500,,0.806146,,0.806146,0.804859,0.805561,519.4718,518.4404,519.061529,499.306113,499.692317,499.486893
488,67500,,0.806718,,0.806718,0.804892,0.805632,519.8737,518.4404,519.113758,499.129122,499.692317,499.466429
489,67500,,0.806718,,0.806718,0.804892,0.805718,519.8737,518.4404,519.173351,499.129122,499.692317,499.439415
490,67500,,0.806718,,0.806718,0.805474,0.805793,519.8737,519.0186,519.225256,499.129122,499.526184,499.415901
491,67500,,0.806718,,0.806718,0.805474,0.805846,519.9285,519.0186,519.261581,499.129122,499.526184,499.398897
492,67500,,0.806852,,0.806852,0.805474,0.805874,519.9952,519.0186,519.282508,499.106161,499.526184,499.390946
493,67500,,0.806852,,0.806852,0.805474,0.805922,519.9952,519.0186,519.319454,499.106161,499.526184,499.378218
494,67500,,0.807031,,0.807031,0.805474,0.805998,520.2239,519.0186,519.37672,499.106161,499.526184,499.357563
495,67500,,0.807031,,0.807031,0.805505,0.806044,520.2239,519.0186,519.405363,499.106161,499.50786,499.340567
496,67500,,0.807031,,0.807031,0.805505,0.806108,520.2239,519.0186,519.446411,499.106161,499.50786,499.318321
497,67500,,0.807031,,0.807031,0.805505,0.806211,520.2239,519.0186,519.518305,499.093708,499.50786,499.286278
498,67500,,0.807031,,0.807031,0.805505,0.806293,520.2239,519.0186,519.577807,499.093708,499.50228,499.261789
499,67500,,0.807031,,0.807031,0.805538,0.806385,520.2239,519.0186,519.650087,499.093708,499.484899,499.238505
500,67500,,0.807214,,0.807214,0.805538,0.806456,520.2239,519.0186,519.712226,498.976648,499.484899,499.224886
501,67500,,0.807214,,0.807214,0.805538,0.806508,520.2239,519.0186,519.758285,498.976648,499.484899,499.215079
502,67500,,0.807214,,0.807214,0.805538,0.80655,520.2239,519.0186,519.785851,498.976648,499.476499,499.201413
503,67500,,0.807214,,0.807214,0.805557,0.806592,520.2239,519.0186,519.821764,498.976648,499.461474,499.192213
504,67500,,0.807214,,0.807214,0.805557,0.806669,520.2239,519.0186,519.882931,498.976648,499.461474,499.173638
505,67500,,0.807214,,0.807214,0.805557,0.806729,520.2239,519.0186,519.926491,498.976648,499.461474,499.156066
506,67500,,0.807214,,0.807214,0.806028,0.806779,520.2239,519.3706,519.967435,498.976648,499.329964,499.144062
507,67500,,0.807363,,0.807363,0.806028,0.806825,520.4519,519.3706,520.005796,498.976648,499.329964,499.134342
508,67500,,0.807363,,0.807363,0.806028,0.806875,520.4519,519.3706,520.054326,498.976648,499.329964,499.127387
509,67500,,0.807515,,0.807515,0.806028,0.806919,520.4519,519.3706,520.091398,498.894369,499.329964,499.118243
510,67500,,0.811357,,0.811357,0.805877,0.807022,522.6196,517.74,520.119977,497.350895,499.403996,499.056606
511,67500,,0.811357,,0.811357,0.806211,0.807174,522.6196,519.1121,520.222452,497.350895,499.236808,499.006968
512,67500,,0.811357,,0.811357,0.806627,0.807274,522.6196,519.7759,520.283398,497.350895,499.236808,498.969555
513,67500,,0.811357,,0.811357,0.806627,0.807369,522.6196,519.3745,520.305201,497.350895,499.236808,498.909995
514,67500,,0.811357,,0.811357,0.806657,0.80744,522.6196,519.3745,520.324925,497.350895,499.212904,498.867757
515,67500,,0.811357,,0.811357,0.806657,0.807594,522.6196,519.3745,520.408986,497.350895,499.212904,498.80432
516,67500,,0.811357,,0.811357,0.806657,0.807787,522.6196,519.3745,520.502936,497.350895,499.212904,498.71715
517,67500,,0.811357,,0.811357,0.807031,0.807986,522.6196,519.3745,520.632776,497.350895,499.119135,498.648706
518,67500,,0.811357,,0.811357,0.807031,0.808183,522.6196,519.3745,520.755265,497.350895,499.240664,498.57673
519,67500,,0.811357,,0.811357,0.807031,0.808384,522.6196,520.0093,520.916874,497.350895,499.263337,498.528723
520,67500,,0.811357,,0.811357,0.807031,0.808664,522.6893,520.0093,521.071208,497.350895,499.263337,498.413529
521,67500,,0.811357,,0.811357,0.807031,0.808883,522.6893,520.0093,521.221922,497.350895,499.240664,498.343671
522,67500,,0.811357,,0.811357,0.807031,0.809065,522.6893,520.1066,521.359346,497.350895,499.240664,498.294002
523,67500,,0.811357,,0.811357,0.807031,0.809238,522.6893,519.7366,521.496082,497.350895,499.119135,498.25036
524,67500,,0.811357,,0.811357,0.807031,0.80947,522.6893,520.1066,521.658206,497.350895,499.119135,498.178405
525,67500,,0.811357,,0.811357,0.807243,0.809705,522.6893,520.1066,521.831803,497.350895,498.977317,498.110916
526,67500,,0.811357,,0.811357,0.807243,0.809849,522.6893,520.1066,521.905853,497.350895,498.977317,498.048629
527,67500,,0.811357,,0.811357,0.80777,0.810001,522.6893,520.4025,522.007065,497.350895,498.977317,497.998134
528,67500,,0.811357,,0.811357,0.808054,0.810092,522.6893,520.4025,522.036936,497.350895,498.80781,497.946971
529,67500,,0.811357,,0.811357,0.808083,0.810263,523.2697,520.4025,522.113762,497.350895,498.80781,497.864973
530,67500,,0.811497,,0.811497,0.808639,0.810473,523.2697,521.1953,522.232326,497.350895,498.80781,497.780232
531,67500,,0.811497,,0.811497,0.809508,0.810564,523.5142,521.2329,522.298319,497.350895,498.579601,497.753886
532,67500,,0.811497,,0.811497,0.809538,0.810642,523.5142,521.2329,522.340245,497.350895,498.579601,497.721279
533,67500,,0.811583,,0.811583,0.809538,0.810754,523.5142,521.2329,522.423192,497.350895,498.579601,497.689306
534,67500,,0.811583,,0.811583,0.809538,0.810855,523.5142,521.2329,522.461133,497.350895,498.579601,497.635868
535,67500,,0.811827,,0.811827,0.809538,0.810994,523.5142,521.2329,522.564136,497.246373,498.177766,497.596401
536,67500,,0.811981,,0.811981,0.809649,0.811137,523.4761,521.72,522.679812,497.246373,498.177766,497.562493
537,67500,,0.812091,,0.812091,0.809687,0.811282,523.7628,521.72,522.793795,497.1963,498.050308,497.525412
538,67500,,0.812319,,0.812319,0.809687,0.811402,523.7888,521.72,522.899245,497.1963,498.050308,497.502854
539,67500,,0.812319,,0.812319,0.809687,0.811487,523.7888,521.72,522.974053,497.1963,498.050308,497.486351
540,67500,,0.812319,,0.812319,0.809687,0.811569,523.7888,521.72,523.038427,497.1963,498.050308,497.465994
541,67500,,0.812871,,0.812871,0.809687,0.811674,524.1759,521.72,523.104152,497.106008,498.050308,497.428122
542,67500,,0.812871,,0.812871,0.809687,0.811748,524.1759,521.72,523.147711,497.106008,498.050308,497.399121
543,67500,,0.812962,,0.812962,0.810835,0.811841,524.1759,522.2361,523.215005,497.044693,497.771838,497.371798
544,67500,,0.812962,,0.812962,0.811026,0.811977,524.1759,522.6196,523.307832,497.044693,497.771838,497.328448
545,67500,,0.812962,,0.812962,0.811357,0.812126,524.1759,522.6196,523.399783,497.044693,497.545071,497.273176
546,67500,,0.813416,,0.813416,0.811525,0.81224,524.3628,522.8641,523.475846,496.912483,497.522646,497.235972
547,67500,,0.813416,,0.813416,0.811525,0.812349,524.3628,522.8641,523.564621,496.912483,497.522646,497.209835
548,67500,,0.813416,,0.813416,0.811525,0.812494,524.3628,522.8641,523.671004,496.912483,497.522646,497.1686
549,67500,,0.813416,,0.813416,0.811633,0.812586,524.3628,522.8641,523.744028,496.912483,497.418124,497.145254
550,67500,,0.813416,,0.813416,0.811633,0.812699,524.3628,522.8641,523.825098,496.912483,497.418124,497.111333
551,67500,,0.813416,,0.813416,0.811633,0.812784,524.3628,522.8641,523.887558,496.912483,497.481984,497.08743
552,67500,,0.813416,,0.813416,0.811633,0.812898,524.3628,522.8641,523.974594,496.912483,497.418124,497.056652
553,67500,,0.813416,,0.813416,0.811633,0.812959,524.3628,522.8641,524.016141,496.912483,497.418124,497.037157
554,67500,,0.813416,,0.813416,0.811633,0.81304,524.3628,522.8641,524.066143,496.912483,497.299312,497.007396
555,67500,,0.813416,,0.813416,0.811633,0.813114,524.3628,522.8641,524.117385,496.912483,497.299312,496.983654
556,67500,,0.813417,,0.813417,0.812061,0.813155,524.3628,523.2067,524.14733,496.912191,497.19479,496.972115
557,67500,,0.813417,,0.813417,0.812061,0.8132,524.3628,523.2067,524.183327,496.912191,497.19479,496.960809
558,67500,,0.813417,,0.813417,0.812061,0.813238,524.3628,523.2067,524.215744,496.912191,497.19479,496.952898
559,67500,,0.813417,,0.813417,0.812767,0.813286,524.3628,523.8306,524.25636,496.912191,497.062619,496.942492
560,67500,,0.813417,,0.813417,0.812767,0.813318,524.3628,523.8306,524.283764,496.912191,497.062619,496.935759
561,67500,,0.813445,,0.813445,0.812767,0.813343,524.3628,523.8306,524.304258,496.889767,497.062619,496.930098
562,67500,,0.813445,,0.813445,0.812767,0.813382,524.3628,523.8306,524.33619,496.889767,497.062619,496.921303
563,67500,,0.813445,,0.813445,0.812767,0.813394,524.3628,523.8306,524.346834,496.889767,497.062619,496.918746
564,67500,,0.813445,,0.813445,0.813387,0.813413,524.3628,524.3628,524.3628,496.889767,496.934907,496.914687
565,67500,,0.813445,,0.813445,0.813387,0.813415,524.3628,524.3628,524.3628,496.889767,496.934907,496.913554
566,67500,,0.813445,,0.813445,0.813387,0.813417,524.3628,524.3628,524.3628,496.889767,496.934907,496.911973
567,67500,,0.813445,,0.813445,0.813387,0.813419,524.3628,524.3628,524.3628,496.889767,496.934907,496.910389
568,67500,,0.813445,,0.813445,0.813387,0.813421,524.3628,524.3628,524.3628,496.889767,496.934907,496.909029
569,67500,,0.813445,,0.813445,0.813416,0.813422,524.3628,524.3628,524.3628,496.889767,496.912483,496.90812
570,67500,,0.813445,,0.813445,0.813416,0.813423,524.3628,524.3628,524.3628,496.889767,496.912483,496.907214
571,67500,,0.813445,,0.813445,0.813416,0.813424,524.3628,524.3628,524.3628,496.889767,496.912483,496.906303
572,67500,,0.813445,,0.813445,0.813416,0.813426,524.3628,524.3628,524.3628,496.889767,496.912483,496.904943
573,67500,,0.813445,,0.813445,0.813416,0.813428,524.3628,524.3628,524.3628,496.889767,496.912483,496.903358
574,67500,,0.813445,,0.813445,0.813416,0.81343,524.3628,524.3628,524.3628,496.889767,496.912483,496.901777
575,67500,,0.813898,,0.813898,0.813416,0.813436,524.8195,524.3628,524.367367,496.842886,496.912483,496.899945
576,67500,,0.813898,,0.813898,0.813416,0.813437,524.8195,524.3628,524.367367,496.842886,496.912483,496.899042
577,67500,,0.813898,,0.813898,0.813416,0.813443,524.8195,524.3628,524.371934,496.842886,496.912483,496.897662
578,67500,,0.813898,,0.813898,0.813416,0.813454,524.8195,524.3628,524.381068,496.842886,496.912483,496.895364
579,67500,,0.813898,,0.813898,0.813416,0.81346,524.8195,524.3628,524.385635,496.842886,496.912483,496.893551
580,67500,,0.813898,,0.813898,0.813416,0.813476,524.8195,524.3628,524.399336,496.842886,496.912483,496.89059
581,67500,,0.813927,,0.813927,0.813416,0.813501,524.8589,524.3628,524.422565,496.820462,496.912483,496.886645
582,67500,,0.813927,,0.813927,0.813416,0.813527,524.8589,524.3628,524.445794,496.820462,496.912483,496.881852
583,67500,,0.813927,,0.813927,0.813416,0.813548,524.8589,524.3628,524.464456,496.820462,496.912483,496.877949
584,67500,,0.813965,,0.813965,0.813416,0.813596,524.8589,524.3628,524.511308,496.81658,496.912483,496.871624
585,67500,,0.813965,,0.813965,0.813416,0.813629,524.8589,524.3628,524.544065,496.81658,496.912483,496.868031
586,67500,,0.814391,,0.814391,0.813416,0.813668,525.3156,524.3628,524.581783,496.790858,496.912483,496.86267
587,67500,,0.814391,,0.814391,0.813443,0.81369,525.3156,524.3628,524.600445,496.790858,496.891755,496.858421
588,67500,,0.814391,,0.814391,0.813445,0.813712,525.3156,524.3628,524.619895,496.790858,496.889767,496.854201
589,67500,,0.814391,,0.814391,0.813445,0.813755,525.3156,524.3628,524.662574,496.790858,496.889767,496.849331
590,67500,,0.814391,,0.814391,0.813445,0.81379,525.3156,524.3628,524.696119,496.790858,496.889767,496.844526
591,67500,,0.814391,,0.814391,0.813445,0.813822,525.3156,524.3628,524.730058,496.790858,496.889767,496.842282
592,67500,,0.814391,,0.814391,0.813445,0.813852,525.3156,524.3628,524.758248,496.790858,496.889767,496.837796
593,67500,,0.814391,,0.814391,0.813445,0.813905,525.3156,524.3628,524.811243,496.790858,496.889767,496.831378
594,67500,,0.814391,,0.814391,0.813445,0.813945,525.3156,524.3628,524.848961,496.790858,496.889767,496.82548
595,67500,,0.816289,,0.816289,0.813181,0.814088,526.9378,524.0775,524.956196,496.222826,496.928463,496.786293
596,67500,,0.816289,,0.816289,0.813472,0.814231,526.9378,524.3628,525.071011,496.222826,496.928463,496.751741
597,67500,,0.816289,,0.816289,0.813472,0.814341,526.9378,524.3628,525.162676,496.222826,496.928463,496.727141
598,67500,,0.816289,,0.816289,0.813472,0.814439,526.9378,524.3628,525.230505,496.222826,496.869039,496.696039
599,67500,,0.816289,,0.816289,0.813472,0.814641,526.9378,524.3628,525.365129,496.109387,496.869039,496.628825
600,67500,,0.816289,,0.816289,0.813472,0.814812,526.9378,524.3628,525.499536,496.109387,497.140085,496.585203
601,67500,,0.816289,,0.816289,0.813774,0.814941,526.9378,524.6911,525.588868,496.109387,497.140085,496.544482
602,67500,,0.816289,,0.816289,0.813774,0.815125,526.9378,524.8195,525.684861,496.109387,497.140085,496.465336
603,67500,,0.816289,,0.816289,0.814391,0.815291,526.9378,525.1028,525.801922,496.010187,496.790858,496.414544
604,67500,,0.81683,,0.81683,0.814391,0.815415,527.3789,525.1028,525.893048,496.010187,496.790858,496.379038
605,67500,,0.817366,,0.817366,0.814391,0.815494,527.7721,525.1028,525.94684,496.010187,496.79321,496.353285
606,67500,,0.817366,,0.817366,0.814391,0.815598,527.7721,525.1028,526.014391,496.010187,496.790858,496.317044
607,67500,,0.817366,,0.817366,0.814759,0.815655,527.7721,525.1028,526.068306,496.010187,496.616778,496.308979
608,67500,,0.817366,,0.817366,0.81494,0.815743,527.7721,525.4817,526.133673,496.010187,496.616778,496.284547
609,67500,,0.817366,,0.817366,0.81494,0.815823,527.7721,525.3845,526.210187,495.814677,496.616778,496.273273
610,67500,,0.817366,,0.817366,0.81494,0.815917,527.7721,525.3845,526.279718,495.814677,496.582096,496.246748
611,67500,,0.817366,,0.817366,0.815117,0.816024,527.7721,525.3845,526.347231,495.814677,496.513481,496.208295
612,67500,,0.817366,,0.817366,0.815117,0.816102,527.7721,525.3845,526.405372,495.814677,496.513481,496.186152
613,67500,,0.817838,,0.817838,0.815117,0.816187,527.9907,525.3845,526.466523,495.814677,496.490832,496.160983
614,67500,,0.817838,,0.817838,0.815117,0.816287,527.9907,525.3845,526.578277,495.814677,496.490832,496.157774
615,67500,,0.817838,,0.817838,0.815346,0.816379,527.9907,525.3845,526.649148,495.814677,496.444768,496.133618
616,67500,,0.818373,,0.818373,0.815508,0.816488,528.3839,525.3845,526.74527,495.740434,496.444768,496.113104
617,67500,,0.818373,,0.818373,0.815522,0.816588,528.3839,525.3845,526.824321,495.740434,496.42404,496.088106
618,67500,,0.818373,,0.818373,0.815534,0.816741,528.3839,525.3845,526.950299,495.507084,496.42404,496.052805
619,67500,,0.818373,,0.818373,0.8157,0.81689,528.3839,525.3845,527.053164,495.507084,496.317766,496.005834
620,67500,,0.818373,,0.818373,0.8157,0.817,528.3839,525.3845,527.14548,495.507084,496.461691,495.981598
621,67500,,0.818373,,0.818373,0.8157,0.8171,528.3839,525.3845,527.240612,495.507084,496.461691,495.967653
622,67500,,0.818373,,0.818373,0.8157,0.817199,528.3839,525.3845,527.326407,495.507084,496.461691,495.947645
623,67500,,0.818373,,0.818373,0.8157,0.817352,528.3839,525.8168,527.462799,495.507084,496.255356,495.920093
624,67500,,0.818373,,0.818373,0.81595,0.817467,528.3839,525.9709,527.548959,495.507084,496.255356,495.888138
625,67500,,0.818373,,0.818373,0.816364,0.817573,528.3839,526.5003,527.639639,495.507084,496.15944,495.865756
626,67500,,0.818373,,0.818373,0.816364,0.817669,528.3839,526.5003,527.716701,495.507084,496.15944,495.843056
627,67500,,0.818373,,0.818373,0.81654,0.817792,528.3839,526.5625,527.816824,495.352741,496.15944,495.813705
628,67500,,0.818373,,0.818373,0.81654,0.817869,528.3839,526.5625,527.852633,495.352741,496.162599,495.777555
629,67500,,0.818373,,0.818373,0.81654,0.817968,528.3839,526.5625,527.901558,495.352741,496.130563,495.73373
630,67500,,0.818373,,0.818373,0.816726,0.818032,528.3839,526.5625,527.945526,495.352741,496.130563,495.712816
631,67500,,0.818373,,0.818373,0.817079,0.818134,528.3839,526.8813,528.03193,495.352741,495.965386,495.690999
632,67500,,0.818373,,0.818373,0.817079,0.818187,528.3839,526.8813,528.084073,495.410746,495.965386,495.68516
633,67500,,0.818373,,0.818373,0.817079,0.818231,528.3839,526.8813,528.117164,495.410746,495.874481,495.672984
634,67500,,0.819175,,0.819175,0.817513,0.81827,528.4887,527.17,528.158978,495.185794,495.874481,495.670719
635,67500,,0.819175,,0.819175,0.817614,0.818307,528.4887,527.2395,528.200279,495.185794,495.740434,495.66889
636,67500,,0.819351,,0.819351,0.817689,0.818348,528.5582,527.2395,528.239881,495.09453,495.740434,495.663587
637,67500,,0.819351,,0.819351,0.817689,0.818403,528.5582,527.2395,528.271622,495.09453,495.740434,495.641947
638,67500,,0.819351,,0.819351,0.817689,0.818429,528.5582,527.2395,528.287685,495.09453,495.740434,495.632685
639,67500,,0.819351,,0.819351,0.818022,0.818468,528.5582,527.576,528.320368,495.058831,495.740434,495.624069
640,67500,,0.819351,,0.819351,0.818022,0.81851,528.5582,527.576,528.333019,495.09453,495.740434,495.599688
641,67500,,0.819351,,0.819351,0.818125,0.818569,528.5582,527.7217,528.369076,495.09453,495.740434,495.578218
642,67500,,0.819351,,0.819351,0.818139,0.818613,528.5582,527.7469,528.391497,495.09453,495.740434,495.558599
643,67500,,0.819351,,0.819351,0.818366,0.818693,528.5582,527.7469,528.409447,495.09453,495.740434,495.508363
644,67500,,0.819351,,0.819351,0.818366,0.818755,528.5582,527.7469,528.423043,495.09453,495.740434,495.468666
645,67500,,0.819351,,0.819351,0.818366,0.81883,528.5582,527.7469,528.443937,495.09453,495.740434,495.42442
646,67500,,0.819351,,0.819351,0.818366,0.81891,528.5582,527.7469,528.464724,495.09453,495.740434,495.376312
647,67500,,0.819351,,0.819351,0.818373,0.818966,528.5582,528.3839,528.480857,495.09453,495.740434,495.342904
648,67500,,0.819351,,0.819351,0.818373,0.819014,528.5582,528.3839,528.488877,495.09453,495.740434,495.310849
649,67500,,0.819351,,0.819351,0.818373,0.819077,528.5582,528.3839,528.498993,495.09453,495.740434,495.268787
650,67500,,0.819351,,0.819351,0.818401,0.819125,528.5582,528.3839,528.507708,495.09453,495.719187,495.237152
651,67500,,0.819351,,0.819351,0.818401,0.819162,528.5582,528.3839,528.513985,495.09453,495.719187,495.21263
652,67500,,0.819351,,0.819351,0.818401,0.819207,528.5582,528.3839,528.522005,495.09453,495.719187,495.182534
653,67500,,0.819351,,0.819351,0.818401,0.81923,528.5582,528.3839,528.526881,495.09453,495.719187,495.167767
654,67500,,0.819351,,0.819351,0.818401,0.819244,528.5582,528.3839,528.530014,495.09453,495.719187,495.159247
655,67500,,0.819351,,0.819351,0.818401,0.819255,528.5582,528.3839,528.534184,495.09453,495.719187,495.153771
656,67500,,0.819351,,0.819351,0.818401,0.819279,528.5582,528.3839,528.539755,495.09453,495.719187,495.13854
657,67500,,0.819351,,0.819351,0.818401,0.819307,528.5582,528.3839,528.544984,495.09453,495.719187,495.1198
658,67500,,0.819351,,0.819351,0.819175,0.819332,528.5582,528.4887,528.550555,495.09453,495.185794,495.104569
659,67500,,0.819351,,0.819351,0.819175,0.819332,528.5582,528.4887,528.550555,495.09453,495.185794,495.104569
660,67500,,0.819351,,0.819351,0.819175,0.819337,528.5582,528.4887,528.55264,495.09453,495.185794,495.101832
661,67500,,0.819407,,0.819407,0.819175,0.819345,528.5582,528.4887,528.55542,495.050948,495.185794,495.097745
662,67500,,0.819407,,0.819407,0.819175,0.819346,528.5582,528.4887,528.556115,495.050948,495.185794,495.096833
663,67500,,0.819407,,0.819407,0.819175,0.81935,528.5582,528.4887,528.557505,495.050948,495.185794,495.095007
664,67500,,0.819407,,0.819407,0.819351,0.819352,528.5582,528.5582,528.5582,495.050948,495.09453,495.094095
665,67500,,0.819407,,0.819407,0.819351,0.819352,528.5582,528.5582,528.5582,495.050948,495.09453,495.093659
666,67500,,0.819407,,0.819407,0.819351,0.819353,528.5582,528.5582,528.5582,495.050948,495.09453,495.093223
667,67500,,0.819407,,0.819407,0.819351,0.819354,528.5582,528.5582,528.5582,495.050948,495.09453,495.092351
668,67500,,0.819407,,0.819407,0.819351,0.819355,528.5582,528.5582,528.5582,495.050948,495.09453,495.091915
669,67500,,0.819407,,0.819407,0.819351,0.819356,528.5582,528.5582,528.5582,495.050948,495.09453,495.091044
670,67500,,0.819407,,0.819407,0.819351,0.819357,528.5582,528.5582,528.5582,495.050948,495.09453,495.089736
671,67500,,0.819407,,0.819407,0.819351,0.819359,528.5582,528.5582,528.5582,495.050948,495.09453,495.088429
672,67500,,0.819407,,0.819407,0.819351,0.819362,528.5582,528.5582,528.5582,495.050948,495.09453,495.08625
673,67500,,0.819407,,0.819407,0.819351,0.819363,528.5582,528.5582,528.5582,495.050948,495.09453,495.085378
674,67500,,0.819407,,0.819407,0.819351,0.819364,528.5582,528.5582,528.5582,495.050948,495.09453,495.084942
675,67500,,0.819407,,0.819407,0.819351,0.819366,528.5582,528.5582,528.5582,495.050948,495.09453,495.083199
676,67500,,0.819407,,0.819407,0.819351,0.819369,528.5582,528.5582,528.5582,495.050948,495.09453,495.08102
677,67500,,0.819407,,0.819407,0.819351,0.81937,528.5582,528.5582,528.5582,495.050948,495.09453,495.079712
678,67500,,0.819407,,0.819407,0.819351,0.819372,528.5582,528.5582,528.5582,495.050948,495.09453,495.077969
679,67500,,0.819407,,0.819407,0.819351,0.819375,528.5582,528.5582,528.5582,495.050948,495.09453,495.07579
680,67500,,0.820786,,0.820786,0.817894,0.819339,530.1082,527.6857,528.544407,494.739238,495.843402,495.094796
681,67500,,0.820786,,0.820786,0.817894,0.819398,530.1082,527.9794,528.58235,494.739238,495.843402,495.074047
682,67500,,0.820786,,0.820786,0.819351,0.81944,530.1082,528.3085,528.612215,494.716814,495.473157,495.061713
683,67500,,0.821112,,0.821112,0.819351,0.819501,530.1082,528.3085,528.660178,494.716814,495.473157,495.045869
684,67500,,0.821112,,0.821112,0.819351,0.819558,530.1082,528.3085,528.716127,494.716814,495.405939,495.039355
685,67500,,0.821294,,0.821294,0.819351,0.819627,530.6375,528.3085,528.778893,494.716814,495.405939,495.026952
686,67500,,0.821294,,0.821294,0.819351,0.819704,530.6375,528.3085,528.848018,494.716814,495.405939,495.013796
687,67500,,0.821294,,0.821294,0.819351,0.819736,530.6375,528.3085,528.854453,494.716814,495.405939,494.992928
688,67500,,0.821294,,0.821294,0.819407,0.819797,530.6375,528.3085,528.885932,494.716814,495.405939,494.966691
689,67500,,0.821294,,0.821294,0.819407,0.819867,530.6375,528.3085,528.94556,494.716814,495.369331,494.952036
690,67500,,0.821294,,0.821294,0.819407,0.81993,530.6375,528.3085,528.989815,494.716814,495.339012,494.932454
691,67500,,0.821294,,0.821294,0.819407,0.819994,530.6375,528.3085,529.04264,494.716814,495.289748,494.918044
692,67500,,0.821689,,0.821689,0.819407,0.820081,530.6375,528.3085,529.113399,494.654853,495.289748,494.897433
693,67500,,0.821689,,0.821689,0.819407,0.820198,530.6375,528.3085,529.230248,494.654853,495.289748,494.884413
694,67500,,0.821689,,0.821689,0.819407,0.820308,530.6375,528.3085,529.347236,494.654853,495.289748,494.876671
695,67500,,0.821689,,0.821689,0.819407,0.820379,530.6375,528.3085,529.419642,494.654853,495.309823,494.870203
696,67500,,0.821689,,0.821689,0.819407,0.820484,530.6375,528.3085,529.559332,494.654853,495.309823,494.881635
697,67500,,0.821689,,0.821689,0.819407,0.820573,530.6375,528.3085,529.669015,494.654853,495.289748,494.886267
698,67500,,0.821689,,0.821689,0.819407,0.820731,530.6375,528.3085,529.803181,494.654853,495.289748,494.85228
699,67500,,0.821689,,0.821689,0.819407,0.820903,530.6375,528.3085,529.977291,494.654853,495.289748,494.835036
700,67500,,0.821689,,0.821689,0.819407,0.820963,530.6375,528.3085,530.040072,494.621329,495.289748,494.830204
701,67500,,0.821689,,0.821689,0.819407,0.821062,530.6375,528.3085,530.134199,494.621329,495.289748,494.815919
702,67500,,0.821689,,0.821689,0.819407,0.821141,530.6237,528.3085,530.203664,494.621329,495.289748,494.801282
703,67500,,0.821689,,0.821689,0.819407,0.821229,530.6237,528.5582,530.314703,494.654853,495.289748,494.807138
704,67500,,0.821689,,0.821689,0.819838,0.821276,530.6237,528.9894,530.361214,494.606398,495.289748,494.80128
705,67500,,0.821689,,0.821689,0.820033,0.821338,530.6237,529.1587,530.412897,494.606398,495.453688,494.787304
706,67500,,0.821689,,0.821689,0.820033,0.821406,530.6237,529.3086,530.464279,494.606398,495.453688,494.769037
707,67500,,0.821689,,0.821689,0.820033,0.821499,530.6237,529.3086,530.521508,494.606398,495.453688,494.735099
708,67500,,0.821689,,0.821689,0.820033,0.821542,530.93,529.3086,530.546023,494.606398,495.453688,494.717792
709,67500,,0.821689,,0.821689,0.820388,0.821573,530.93,530.0944,530.574184,494.606398,495.453688,494.712743
710,67500,,0.821924,,0.821924,0.82047,0.821602,531.0169,530.1512,530.596588,494.606398,495.289748,494.704764
711,67500,,0.821924,,0.821924,0.82047,0.821644,531.0169,530.1512,530.612124,494.606398,495.289748,494.682631
712,67500,,0.821924,,0.821924,0.821376,0.82167,531.0169,530.2991,530.635629,494.606398,494.928021,494.677911
713,67500,,0.821924,,0.821924,0.821376,0.821685,531.0169,530.2991,530.641974,494.606398,494.928021,494.670714
714,67500,,0.821924,,0.821924,0.821376,0.821701,531.0169,530.6237,530.656675,494.606398,494.928021,494.667812
715,67500,,0.821924,,0.821924,0.821689,0.821718,531.0169,530.6237,530.670884,494.654853,494.735395,494.664518
716,67500,,0.821924,,0.821924,0.821689,0.821722,531.0169,530.6237,530.678748,494.654853,494.735395,494.666129
717,67500,,0.821924,,0.821924,0.821689,0.821729,531.0169,530.6237,530.690544,494.654853,494.735395,494.668545
718,67500,,0.821924,,0.821924,0.821689,0.821736,531.0169,530.6237,530.70234,494.654853,494.735395,494.670962
719,67500,,0.821924,,0.821924,0.821689,0.821746,531.0169,530.6237,530.718068,494.654853,494.735395,494.674183
720,67500,,0.821924,,0.821924,0.821689,0.821753,531.0169,530.6237,530.729864,494.654853,494.735395,494.6766
721,67500,,0.821953,,0.821953,0.821689,0.821767,531.0169,530.6237,530.753456,494.654853,494.735395,494.681208
722,67500,,0.821953,,0.821953,0.821689,0.821774,531.0169,530.6237,530.765252,494.654853,494.735395,494.6834
723,67500,,0.821953,,0.821953,0.821689,0.821781,531.0169,530.6237,530.777048,494.654853,494.735395,494.685816
724,67500,,0.821953,,0.821953,0.821689,0.821792,531.0169,530.6237,530.792776,494.654853,494.735395,494.688365
725,67500,,0.821953,,0.821953,0.821689,0.821797,531.0169,530.6237,530.80064,494.654853,494.735395,494.689752
726,67500,,0.821953,,0.821953,0.821689,0.821805,531.0169,530.6237,530.812436,494.654853,494.735395,494.691047
727,67500,,0.821953,,0.821953,0.821689,0.821815,531.0169,530.6237,530.828164,494.654853,494.735395,494.69382
728,67500,,0.821953,,0.821953,0.821689,0.821826,531.0169,530.6237,530.843892,494.654853,494.735395,494.696144
729,67500,,0.821953,,0.821953,0.821689,0.821837,531.0169,530.6237,530.85962,494.654853,494.735395,494.698021
730,67500,,0.821953,,0.821953,0.821689,0.821849,531.0169,530.6237,530.875348,494.654853,494.735395,494.699
731,67500,,0.821953,,0.821953,0.821689,0.821869,531.0169,530.6237,530.902872,494.654853,494.735395,494.701947
732,67500,,0.821953,,0.821953,0.821689,0.82188,531.0169,530.6237,530.9186,494.654853,494.735395,494.703599
733,67500,,0.821953,,0.821953,0.821689,0.821889,531.0169,530.6237,530.930396,494.654853,494.735395,494.70467
734,67500,,0.821953,,0.821953,0.821689,0.821898,531.0169,530.6237,530.942192,494.654853,494.735395,494.70574
735,67500,,0.821953,,0.821953,0.821689,0.821909,531.0169,530.6237,530.95792,494.654853,494.735395,494.707841
736,67500,,0.821953,,0.821953,0.821689,0.821914,531.0169,530.6237,530.965784,494.654853,494.735395,494.708555
737,67500,,0.821953,,0.821953,0.821689,0.821922,531.0169,530.6237,530.973648,494.654853,494.735395,494.707923
738,67500,,0.821953,,0.821953,0.821689,0.82193,531.0169,530.6237,530.985444,494.654853,494.735395,494.709666
739,67500,,0.821953,,0.821953,0.821689,0.821933,531.0169,530.6237,530.989376,494.654853,494.735395,494.710248
740,67500,,0.821953,,0.821953,0.821689,0.821938,531.0169,530.6237,530.99724,494.654853,494.735395,494.711186
741,67500,,0.821953,,0.821953,0.821689,0.821939,531.0169,530.6237,530.99724,494.654853,494.735395,494.710737
742,67500,,0.821953,,0.821953,0.821689,0.821942,531.0169,530.6237,531.001172,494.654853,494.735395,494.71087
743,67500,,0.821953,,0.821953,0.821689,0.821945,531.0169,530.6237,531.005104,494.654853,494.71297,494.711227
744,67500,,0.821953,,0.821953,0.821689,0.821947,531.0169,530.6237,531.009036,494.654853,494.71297,494.711808
745,67500,,0.821953,,0.821953,0.821689,0.821947,531.0169,530.6237,531.009036,494.654853,494.71297,494.711808
746,67500,,0.8223,,0.8223,0.821689,0.821954,531.3291,530.6237,531.01609,494.650945,494.71297,494.711769
747,67500,,0.8223,,0.8223,0.821953,0.82196,531.3291,531.0169,531.023144,494.650945,494.71297,494.71173
748,67500,,0.8223,,0.8223,0.821953,0.82196,531.3291,531.0169,531.023144,494.650945,494.71297,494.71173
749,67500,,0.8223,,0.8223,0.821953,0.82196,531.3291,531.0169,531.023144,494.650945,494.71297,494.71173
750,67500,,0.8223,,0.8223,0.821953,0.821967,531.3291,531.0169,531.029388,494.650945,494.71297,494.710489
751,67500,,0.8223,,0.8223,0.821953,0.821974,531.3291,531.0169,531.035632,494.650945,494.71297,494.709249
752,67500,,0.8223,,0.8223,0.821953,0.821977,531.3291,531.0169,531.038754,494.650945,494.71297,494.708629
753,67500,,0.8223,,0.8223,0.821953,0.821984,531.3291,531.0169,531.044998,494.650945,494.71297,494.707388
754,67500,,0.8223,,0.8223,0.821953,0.821994,531.3291,531.0169,531.054364,494.650945,494.71297,494.705527
755,67500,,0.8223,,0.8223,0.821953,0.822012,531.3291,531.0169,531.069974,494.650945,494.71297,494.702426
756,67500,,0.8223,,0.8223,0.821953,0.822029,531.3291,531.0169,531.085584,494.650945,494.71297,494.699325
757,67500,,0.8223,,0.8223,0.821953,0.82204,531.3291,531.0169,531.09495,494.650945,494.71297,494.697464
758,67500,,0.8223,,0.8223,0.821953,0.822054,531.3291,531.0169,531.107438,494.650945,494.71297,494.694983
759,67500,,0.8223,,0.8223,0.821953,0.822078,531.3291,531.0169,531.129292,494.650945,494.71297,494.690641
760,67500,,0.8223,,0.8223,0.821953,0.822099,531.3291,531.0169,531.148024,494.650945,494.71297,494.68692
761,67500,,0.8223,,0.8223,0.821953,0.822116,531.3291,531.0169,531.163634,494.650945,494.71297,494.683818
762,67500,,0.8223,,0.8223,0.821953,0.822137,531.3291,531.0169,531.182366,494.650945,494.71297,494.680097
763,67500,,0.8223,,0.8223,0.821953,0.822151,531.3291,531.0169,531.194854,494.650945,494.71297,494.677616
764,67500,,0.8223,,0.8223,0.821953,0.822172,531.3291,531.0169,531.213586,494.650945,494.71297,494.673894
765,67500,,0.822669,,0.822669,0.821195,0.822172,531.6492,530.0944,531.194306,494.488243,494.71297,494.661093
766,67500,,0.822669,,0.822669,0.821953,0.822222,531.6492,530.6978,531.246849,494.488243,494.71297,494.657361
767,67500,,0.822669,,0.822669,0.821953,0.822253,531.6492,530.6978,531.270815,494.498858,494.71297,494.648854
768,67500,,0.822669,,0.822669,0.821953,0.822272,531.6492,530.6978,531.282372,494.498858,494.71297,494.642106
769,67500,,0.822669,,0.822669,0.821953,0.822296,531.6492,530.6978,531.305604,494.478637,494.71297,494.638567
770,67500,,0.822669,,0.822669,0.821953,0.822315,531.6492,530.6978,531.324405,494.478637,494.71297,494.636647
771,67500,,0.822669,,0.822669,0.821953,0.822332,531.6492,530.6978,531.335952,494.478637,494.71297,494.630938
772,67500,,0.822669,,0.822669,0.8223,0.822351,531.6492,531.2271,531.348729,494.478637,494.650945,494.624775
773,67500,,0.822669,,0.822669,0.8223,0.822359,531.6492,531.2271,531.35091,494.478637,494.650945,494.619967
774,67500,,0.822669,,0.822669,0.8223,0.822375,531.6492,531.2271,531.357453,494.478637,494.650945,494.611997
775,67500,,0.822669,,0.822669,0.8223,0.822386,531.6492,531.2271,531.361815,494.478637,494.650945,494.606133
776,67500,,0.822669,,0.822669,0.8223,0.822398,531.6492,531.2271,531.360936,494.478637,494.650945,494.596415
777,67500,,0.822669,,0.822669,0.8223,0.822414,531.6492,531.2271,531.366459,494.469799,494.650945,494.587505
778,67500,,0.822746,,0.822746,0.8223,0.822433,531.6492,531.2271,531.375183,494.426217,494.650945,494.578739
779,67500,,0.822746,,0.822746,0.8223,0.82245,531.6492,531.2271,531.380706,494.426217,494.650945,494.568781
780,67500,,0.822746,,0.822746,0.8223,0.822471,531.6492,531.2271,531.394671,494.426217,494.650945,494.562036
781,67500,,0.822746,,0.822746,0.8223,0.822485,531.6492,531.2271,531.396993,494.426217,494.650945,494.552107
782,67500,,0.822746,,0.822746,0.8223,0.822496,531.6492,531.2271,531.396114,494.426217,494.650945,494.543608
783,67500,,0.822746,,0.822746,0.8223,0.822506,531.6492,531.2271,531.400476,494.426217,494.650945,494.538267
784,67500,,0.822746,,0.822746,0.8223,0.822519,531.6492,531.2271,531.403818,494.426217,494.650945,494.530244
785,67500,,0.822746,,0.822746,0.8223,0.822546,531.6492,531.2271,531.417924,494.426217,494.650945,494.518561
786,67500,,0.822746,,0.822746,0.8223,0.822567,531.6492,531.2271,531.423588,494.426217,494.650945,494.506633
787,67500,,0.822746,,0.822746,0.8223,0.822586,531.6492,531.2271,531.431292,494.426217,494.650945,494.496927
788,67500,,0.822746,,0.822746,0.8223,0.822609,531.6492,531.2271,531.448599,494.426217,494.650945,494.490711
789,67500,,0.822746,,0.822746,0.822356,0.822631,531.6492,531.2271,531.475227,494.426217,494.621608,494.491053
790,67500,,0.822746,,0.822746,0.822356,0.822643,531.6492,531.2271,531.48075,494.426217,494.607362,494.485725
791,67500,,0.822746,,0.822746,0.822356,0.822653,531.6492,531.2271,531.482052,494.426217,494.607362,494.47879
792,67500,,0.822746,,0.822746,0.822378,0.82267,531.6492,531.2271,531.498198,494.426217,494.578025,494.476313
793,67500,,0.822746,,0.822746,0.822378,0.822682,531.6492,531.2271,531.509982,494.426217,494.578025,494.474465
794,67500,,0.822746,,0.822746,0.822378,0.822692,531.6492,531.2271,531.517545,494.426217,494.578025,494.471711
795,67500,,0.822746,,0.822746,0.822424,0.822695,531.6492,531.2271,531.516525,494.426217,494.578025,494.469028
796,67500,,0.822746,,0.822746,0.822424,0.822699,531.6492,531.2271,531.517686,494.426217,494.578025,494.466685
797,67500,,0.822746,,0.822746,0.822424,0.822702,531.6492,531.2271,531.514626,494.426217,494.578025,494.462387
798,67500,,0.822746,,0.822746,0.822424,0.822709,531.6492,531.2271,531.518988,494.426217,494.578025,494.459838
799,67500,,0.822746,,0.822746,0.822424,0.822711,531.6492,531.2271,531.515928,494.426217,494.578025,494.455541
800,67500,,0.822746,,0.822746,0.822501,0.82272,531.6492,531.2271,531.523491,494.426217,494.578025,494.453659
801,67500,,0.822746,,0.822746,0.822501,0.822724,531.6492,531.2271,531.525672,494.426217,494.578025,494.452602
802,67500,,0.822746,,0.822746,0.822501,0.822724,531.6492,531.2271,531.524652,494.426217,494.578025,494.451315
803,67500,,0.822746,,0.822746,0.822501,0.822729,531.5472,531.2271,531.524793,494.426217,494.4493,494.447684
804,67500,,0.822746,,0.822746,0.822501,0.822729,531.5472,531.2271,531.524793,494.426217,494.4493,494.447684
805,67500,,0.822746,,0.822746,0.822501,0.822734,531.5472,531.2271,531.531195,494.426217,494.4493,494.448146
806,67500,,0.822746,,0.822746,0.822501,0.822739,531.5472,531.2271,531.537597,494.426217,494.4493,494.448607
807,67500,,0.822746,,0.822746,0.822501,0.822741,531.5472,531.2271,531.540798,494.426217,494.4493,494.448838
808,67500,,0.822746,,0.822746,0.822501,0.822744,531.5472,531.2271,531.543999,494.426217,494.4493,494.449069
809,67500,,0.822746,,0.822746,0.822746,0.822746,531.5472,531.5472,531.5472,494.4493,494.4493,494.4493
810,67500,,0.822746,,0.822746,0.822746,0.822746,531.5472,531.5472,531.5472,494.4493,494.4493,494.4493
811,67500,,0.822746,,0.822746,0.822746,0.822746,531.5472,531.5472,531.5472,494.4493,494.4493,494.4493
812,67500,,0.822746,,0.822746,0.822746,0.822746,531.5472,531.5472,531.5472,494.4493,494.4493,494.4493
813,67500,,0.822746,,0.822746,0.822746,0.822746,531.5472,531.5472,531.5472,494.4493,494.4493,494.4493
814,67500,,0.822746,,0.822746,0.822746,0.822746,531.5472,531.5472,531.5472,494.4493,494.4493,494.4493
815,67500,,0.822746,,0.822746,0.822746,0.822746,531.5472,531.5472,531.5472,494.4493,494.4493,494.4493
816,67500,,0.822746,,0.822746,0.822746,0.822746,531.5472,531.5472,531.5472,494.4493,494.4493,494.4493
817,67500,,0.822746,,0.822746,0.822746,0.822746,531.5472,531.5472,531.5472,494.4493,494.4493,494.4493
818,67500,,0.822746,,0.822746,0.822746,0.822746,531.5472,531.5472,531.5472,494.4493,494.4493,494.4493
819,67500,,0.822746,,0.822746,0.822746,0.822746,531.5472,531.5472,531.5472,494.4493,494.4493,494.4493
820,67500,,0.822746,,0.822746,0.822746,0.822746,531.5472,531.5472,531.5472,494.4493,494.4493,494.4493
821,67500,,0.822746,,0.822746,0.822746,0.822746,531.5472,531.5472,531.5472,494.4493,494.4493,494.4493
822,67500,,0.822746,,0.822746,0.822746,0.822746,531.5472,531.5472,531.5472,494.4493,494.4493,494.4493
823,67500,,0.822746,,0.822746,0.822746,0.822746,531.5472,531.5472,531.5472,494.4493,494.4493,494.4493
824,67500,,0.822746,,0.822746,0.822746,0.822746,531.5472,531.5472,531.5472,494.4493,494.4493,494.4493
825,67500,,0.822746,,0.822746,0.822746,0.822746,531.5472,531.5472,531.5472,494.4493,494.4493,494.4493
826,67500,,0.822746,,0.822746,0.822746,0.822746,531.5472,531.5472,531.5472,494.4493,494.4493,494.4493
827,67500,,0.822746,,0.822746,0.822746,0.822746,531.5472,531.5472,531.5472,494.4493,494.4493,494.4493
828,67500,,0.822746,,0.822746,0.822746,0.822746,531.5472,531.5472,531.5472,494.4493,494.4493,494.4493
829,67500,,0.822746,,0.822746,0.822746,0.822746,531.5472,531.5472,531.5472,494.4493,494.4493,494.4493
830,67500,,0.822746,,0.822746,0.822746,0.822746,531.5472,531.5472,531.5472,494.4493,494.4493,494.4493
831,67500,,0.822746,,0.822746,0.822746,0.822746,531.5472,531.5472,531.5472,494.4493,494.4493,494.4493
832,67500,,0.822746,,0.822746,0.822746,0.822746,531.5472,531.5472,531.5472,494.4493,494.4493,494.4493
833,67500,,0.822746,,0.822746,0.822746,0.822746,531.5472,531.5472,531.5472,494.4493,494.4493,494.4493
834,67500,,0.822746,,0.822746,0.822746,0.822746,531.5472,531.5472,531.5472,494.4493,494.4493,494.4493
835,67500,,0.822746,,0.822746,0.822746,0.822746,531.5472,531.5472,531.5472,494.4493,494.4493,494.4493
836,67500,,0.822746,,0.822746,0.822746,0.822746,531.5472,531.5472,531.5472,494.4493,494.4493,494.4493
837,67500,,0.822746,,0.822746,0.822746,0.822746,531.5472,531.5472,531.5472,494.4493,494.4493,494.4493
838,67500,,0.822746,,0.822746,0.822746,0.822746,531.5472,531.5472,531.5472,494.4493,494.4493,494.4493
839,67500,,0.822746,,0.822746,0.822746,0.822746,531.5472,531.5472,531.5472,494.4493,494.4493,494.4493
840,67500,,0.822746,,0.822746,0.822746,0.822746,531.5472,531.5472,531.5472,494.4493,494.4493,494.4493
841,67500,,0.822746,,0.822746,0.822746,0.822746,531.5472,531.5472,531.5472,494.4493,494.4493,494.4493
842,67500,,0.822746,,0.822746,0.822746,0.822746,531.5472,531.5472,531.5472,494.4493,494.4493,494.4493
843,67500,,0.822746,,0.822746,0.822746,0.822746,531.5472,531.5472,531.5472,494.4493,494.4493,494.4493
844,67500,,0.822746,,0.822746,0.822746,0.822746,531.5472,531.5472,531.5472,494.4493,494.4493,494.4493
845,67500,,0.822746,,0.822746,0.822746,0.822746,531.5472,531.5472,531.5472,494.4493,494.4493,494.4493
846,67500,,0.822746,,0.822746,0.822746,0.822746,531.5472,531.5472,531.5472,494.4493,494.4493,494.4493
847,67500,,0.822746,,0.822746,0.822746,0.822746,531.5472,531.5472,531.5472,494.4493,494.4493,494.4493
848,67500,,0.822746,,0.822746,0.822746,0.822746,531.5472,531.5472,531.5472,494.4493,494.4493,494.4493
849,67500,,0.822746,,0.822746,0.822746,0.822746,531.5472,531.5472,531.5472,494.4493,494.4493,494.4493
850,67500,,0.823109,,0.823109,0.822746,0.822758,531.9404,531.5472,531.553502,494.269686,494.4493,494.444175
851,67500,,0.823109,,0.823109,0.822746,0.822764,531.9404,531.5472,531.555082,494.269686,494.4493,494.440899
852,67500,,0.823109,,0.823109,0.822746,0.822768,531.9404,531.5472,531.559014,494.269686,494.4493,494.440388
853,67500,,0.823109,,0.823109,0.822746,0.822786,531.9404,531.5472,531.566896,494.269686,494.4493,494.431813
854,67500,,0.823109,,0.823109,0.822746,0.822814,531.9404,531.5472,531.585844,494.269686,494.4493,494.422661
855,67500,,0.823109,,0.823109,0.822746,0.822836,531.9404,531.5472,531.597658,494.269686,494.4493,494.413291
856,67500,,0.823109,,0.823109,0.822746,0.822859,531.9404,531.5472,531.60706,494.269686,494.4493,494.401823
857,67500,,0.823389,,0.823389,0.822746,0.822897,532.0194,531.5472,531.634602,494.226104,494.4493,494.390521
858,67500,,0.823407,,0.823407,0.822746,0.822912,532.0194,531.5472,531.65039,494.226104,494.4493,494.389283
859,67500,,0.823407,,0.823407,0.822746,0.82293,532.0194,531.5472,531.660624,494.226104,494.4493,494.381915
860,67500,,0.823463,,0.823463,0.822746,0.822968,532.0194,531.5472,531.676388,494.206664,494.4493,494.363271
861,67500,,0.823463,,0.823463,0.822746,0.822997,532.0194,531.5472,531.692864,494.206664,494.4493,494.351477
862,67500,,0.823463,,0.823463,0.822746,0.823033,532.0194,531.5472,531.71104,494.206664,494.4493,494.335651
863,67500,,0.823463,,0.823463,0.822746,0.823058,532.0194,531.5472,531.73234,494.206664,494.4493,494.329929
864,67500,,0.823463,,0.823463,0.822746,0.823089,532.0194,531.5472,531.752748,494.206664,494.4493,494.319532
865,67500,,0.823463,,0.823463,0.822746,0.82311,532.0194,531.5472,531.76057,494.206664,494.4493,494.308475
866,67500,,0.823463,,0.823463,0.822746,0.823148,532.0194,531.5472,531.778686,494.206664,494.4493,494.290766
867,67500,,0.823463,,0.823463,0.822746,0.823171,532.0194,531.5472,531.784216,494.206664,494.4493,494.276885
868,67500,,0.823463,,0.823463,0.822746,0.823203,532.0194,531.5472,531.803894,494.206664,494.4493,494.264948
869,67500,,0.823463,,0.823463,0.822746,0.823232,532.0194,531.5472,531.81964,494.206664,494.4493,494.253205
870,67500,,0.823463,,0.823463,0.822746,0.823247,532.0194,531.5472,531.829084,494.206664,494.4493,494.247916
871,67500,,0.823463,,0.823463,0.823044,0.82328,532.0194,531.6262,531.858188,494.206664,494.269686,494.24122
872,67500,,0.823463,,0.823463,0.823044,0.823298,532.0194,531.6262,531.873916,494.206664,494.269686,494.238263
873,67500,,0.823463,,0.823463,0.823044,0.823317,532.0194,531.6262,531.893576,494.206664,494.269686,494.23642
874,67500,,0.823463,,0.823463,0.823044,0.823323,532.0194,531.6262,531.897508,494.206664,494.269686,494.234482
875,67500,,0.823463,,0.823463,0.823044,0.823332,532.0194,531.6262,531.905372,494.206664,494.269686,494.23235
876,67500,,0.823463,,0.823463,0.823044,0.823362,532.0194,531.6262,531.932896,494.206664,494.269686,494.227502
877,67500,,0.823463,,0.823463,0.823044,0.823371,532.0194,531.6262,531.94076,494.206664,494.269686,494.225806
878,67500,,0.823463,,0.823463,0.823044,0.823396,532.0194,531.6262,531.964352,494.206664,494.269686,494.222025
879,67500,,0.823463,,0.823463,0.823044,0.823412,532.0194,531.6262,531.98008,494.206664,494.269686,494.220376
880,67500,,0.823463,,0.823463,0.823044,0.823421,532.0194,531.6262,531.987944,494.206664,494.269686,494.218244
881,67500,,0.823463,,0.823463,0.823044,0.82343,532.0194,531.6262,531.995808,494.206664,494.269686,494.216547
882,67500,,0.823463,,0.823463,0.823044,0.823435,532.0194,531.6262,531.99974,494.206664,494.269686,494.215481
883,67500,,0.823463,,0.823463,0.823044,0.823445,532.0194,531.6262,532.007604,494.206664,494.269686,494.212477
884,67500,,0.823489,,0.823489,0.823044,0.823447,532.0194,531.6262,532.007604,494.186693,494.269686,494.211406
885,67500,,0.823489,,0.823489,0.823044,0.823454,532.0194,531.6262,532.011536,494.186693,494.269686,494.208397
886,67500,,0.823489,,0.823489,0.823463,0.823464,532.0194,532.0194,532.0194,494.186693,494.206664,494.206265
887,67500,,0.823489,,0.823489,0.823463,0.823464,532.0194,532.0194,532.0194,494.186693,494.206664,494.205866
888,67500,,0.823489,,0.823489,0.823463,0.823465,532.0194,532.0194,532.0194,494.186693,494.206664,494.205266
889,67500,,0.823489,,0.823489,0.823463,0.823466,532.0194,532.0194,532.0194,494.186693,494.206664,494.204667
890,67500,,0.823489,,0.823489,0.823463,0.823466,532.0194,532.0194,532.0194,494.186693,494.206664,494.204268
891,67500,,0.823489,,0.823489,0.823463,0.823467,532.0194,532.0194,532.0194,494.186693,494.206664,494.203669
892,67500,,0.823489,,0.823489,0.823463,0.823468,532.0194,532.0194,532.0194,494.186693,494.206664,494.20267
893,67500,,0.823489,,0.823489,0.823463,0.823469,532.0194,532.0194,532.0194,494.186693,494.206664,494.201871
894,67500,,0.823489,,0.823489,0.823463,0.823471,532.0194,532.0194,532.0194,494.186693,494.206664,494.200473
895,67500,,0.823489,,0.823489,0.823463,0.823472,532.0194,532.0194,532.0194,494.186693,494.206664,494.199475
896,67500,,0.823489,,0.823489,0.823463,0.823473,532.0194,532.0194,532.0194,494.186693,494.206664,494.198876
897,67500,,0.823489,,0.823489,0.823463,0.823474,532.0194,532.0194,532.0194,494.186693,494.206664,494.198077
898,67500,,0.823489,,0.823489,0.823463,0.823475,532.0194,532.0194,532.0194,494.186693,494.206664,494.197478
899,67500,,0.823489,,0.823489,0.823463,0.823476,532.0194,532.0194,532.0194,494.186693,494.206664,494.196479
900,67500,,0.823489,,0.823489,0.823463,0.823478,532.0194,532.0194,532.0194,494.186693,494.206664,494.195081
901,67500,,0.823489,,0.823489,0.823463,0.823478,532.0194,532.0194,532.0194,494.186693,494.206664,494.194682
902,67500,,0.823489,,0.823489,0.823463,0.823479,532.0194,532.0194,532.0194,494.186693,494.206664,494.193883
903,67500,,0.823489,,0.823489,0.823463,0.823481,532.0194,532.0194,532.0194,494.186693,494.206664,494.192884
904,67500,,0.823489,,0.823489,0.823463,0.823483,532.0194,532.0194,532.0194,494.186693,494.206664,494.191486
905,67500,,0.823489,,0.823489,0.823463,0.823484,532.0194,532.0194,532.0194,494.186693,494.206664,494.190288
906,67500,,0.823489,,0.823489,0.823463,0.823484,532.0194,532.0194,532.0194,494.186693,494.206664,494.190088
907,67500,,0.823489,,0.823489,0.823463,0.823486,532.0194,532.0194,532.0194,494.186693,494.206664,494.18849
908,67500,,0.823489,,0.823489,0.823463,0.823487,532.0194,532.0194,532.0194,494.186693,494.206664,494.188091
909,67500,,0.823489,,0.823489,0.823463,0.823487,532.0194,532.0194,532.0194,494.186693,494.206664,494.187692
910,67500,,0.823489,,0.823489,0.823463,0.823488,532.0194,532.0194,532.0194,494.186693,494.206664,494.187492
911,67500,,0.823489,,0.823489,0.823463,0.823488,532.0194,532.0194,532.0194,494.186693,494.206664,494.186893
912,67500,,0.823489,,0.823489,0.823489,0.823489,532.0194,532.0194,532.0194,494.186693,494.186693,494.186693
913,67500,,0.823489,,0.823489,0.823489,0.823489,532.0194,532.0194,532.0194,494.186693,494.186693,494.186693
914,67500,,0.823489,,0.823489,0.823489,0.823489,532.0194,532.0194,532.0194,494.186693,494.186693,494.186693
915,67500,,0.823489,,0.823489,0.823489,0.823489,532.0194,532.0194,532.0194,494.186693,494.186693,494.186693
916,67500,,0.823489,,0.823489,0.823489,0.823489,532.0194,532.0194,532.0194,494.186693,494.186693,494.186693
917,67500,,0.823522,,0.823522,0.823489,0.823489,532.0194,532.0194,532.0194,494.160531,494.186693,494.186431
918,67500,,0.823522,,0.823522,0.823489,0.823489,532.0194,532.0194,532.0194,494.160531,494.186693,494.186431
919,67500,,0.823522,,0.823522,0.823489,0.823489,532.0194,532.0194,532.0194,494.160531,494.186693,494.186431
920,67500,,0.823522,,0.823522,0.823489,0.823489,532.0194,532.0194,532.0194,494.160531,494.186693,494.186431
921,67500,,0.823522,,0.823522,0.823489,0.823489,532.0194,532.0194,532.0194,494.160531,494.186693,494.18617
922,67500,,0.823522,,0.823522,0.823489,0.82349,532.0194,532.0194,532.0194,494.160531,494.186693,494.185385
923,67500,,0.823522,,0.823522,0.823489,0.823492,532.0194,532.0194,532.0194,494.160531,494.186693,494.183815
924,67500,,0.823522,,0.823522,0.823489,0.823494,532.0194,532.0194,532.0194,494.160531,494.186693,494.182769
925,67500,,0.823522,,0.823522,0.823489,0.823495,532.0194,532.0194,532.0194,494.160531,494.186693,494.181984
926,67500,,0.823522,,0.823522,0.823489,0.823496,532.0194,532.0194,532.0194,494.160531,494.186693,494.181199
927,67500,,0.823522,,0.823522,0.823489,0.823497,532.0194,532.0194,532.0194,494.160531,494.186693,494.180152
928,67500,,0.823522,,0.823522,0.823489,0.823499,532.0194,532.0194,532.0194,494.160531,494.186693,494.178321
929,67500,,0.823522,,0.823522,0.823489,0.823501,532.0194,532.0194,532.0194,494.160531,494.186693,494.177275
930,67500,,0.823522,,0.823522,0.823489,0.823502,532.0194,532.0194,532.0194,494.160531,494.186693,494.176228
931,67500,,0.823522,,0.823522,0.823489,0.823504,532.0194,532.0194,532.0194,494.160531,494.186693,494.174397
932,67500,,0.823522,,0.823522,0.823489,0.823507,532.0194,532.0194,532.0194,494.160531,494.186693,494.172042
933,67500,,0.823522,,0.823522,0.823489,0.82351,532.0194,532.0194,532.0194,494.160531,494.186693,494.170211
934,67500,,0.823522,,0.823522,0.823489,0.823513,532.0194,532.0194,532.0194,494.160531,494.186693,494.167856
935,67500,,0.823703,,0.823703,0.823233,0.823521,532.0194,531.9404,532.017922,494.019482,494.333133,494.160562
936,67500,,0.823703,,0.823703,0.823489,0.823536,532.0194,531.9506,532.018024,494.019482,494.186693,494.148815
937,67500,,0.823703,,0.823703,0.823489,0.823555,532.0194,531.9506,532.017336,494.019482,494.186693,494.133872
938,67500,,0.823703,,0.823703,0.823489,0.82357,532.0194,531.9506,532.016648,494.019482,494.186693,494.121177
939,67500,,0.823703,,0.823703,0.823489,0.823588,532.0194,531.9506,532.01596,494.019482,494.186693,494.107093
940,67500,,0.823703,,0.823703,0.823522,0.823607,532.0194,531.9506,532.014584,494.019482,494.160531,494.091049
941,67500,,0.823703,,0.823703,0.823522,0.823622,532.0194,531.9506,532.013896,494.019482,494.160531,494.079309
942,67500,,0.823703,,0.823703,0.823522,0.823639,532.0194,531.9506,532.013896,494.019482,494.160531,494.065735
943,67500,,0.823703,,0.823703,0.823522,0.823657,532.0194,531.9506,532.013896,494.019482,494.160531,494.052012
944,67500,,0.823703,,0.823703,0.823522,0.823666,532.0194,531.9506,532.014584,494.019482,494.160531,494.045175
945,67500,,0.823703,,0.823703,0.823591,0.823676,532.0194,531.9506,532.017336,494.019482,494.083775,494.038892
946,67500,,0.823703,,0.823703,0.823591,0.823683,532.0194,531.9506,532.018712,494.019482,494.083775,494.034706
947,67500,,0.823703,,0.823703,0.823621,0.823688,532.0194,532.0194,532.0194,494.019482,494.083775,494.031077
948,67500,,0.823703,,0.823703,0.823621,0.823692,532.0194,532.0194,532.0194,494.019482,494.083775,494.028244
949,67500,,0.823703,,0.823703,0.823621,0.823695,532.0194,532.0194,532.0194,494.019482,494.083775,494.025672
950,67500,,0.823703,,0.823703,0.823621,0.823696,532.0194,532.0194,532.0194,494.019482,494.083775,494.024887
951,67500,,0.823703,,0.823703,0.823621,0.823697,532.0194,532.0194,532.0194,494.019482,494.083775,494.023982
952,67500,,0.823703,,0.823703,0.823621,0.823697,532.0194,532.0194,532.0194,494.019482,494.083775,494.023982
953,67500,,0.823703,,0.823703,0.823621,0.823698,532.0194,532.0194,532.0194,494.019482,494.083775,494.023339
954,67500,,0.823703,,0.823703,0.823621,0.8237,532.0194,532.0194,532.0194,494.019482,494.083775,494.022054
955,67500,,0.823703,,0.823703,0.823621,0.8237,532.0194,532.0194,532.0194,494.019482,494.083775,494.022054
956,67500,,0.823703,,0.823703,0.823621,0.823701,532.0194,532.0194,532.0194,494.019482,494.083775,494.021411
957,67500,,0.823703,,0.823703,0.823703,0.823703,532.0194,532.0194,532.0194,494.019482,494.019482,494.019482
958,67500,,0.823703,,0.823703,0.823703,0.823703,532.0194,532.0194,532.0194,494.019482,494.019482,494.019482
959,67500,,0.823703,,0.823703,0.823703,0.823703,532.0194,532.0194,532.0194,494.019482,494.019482,494.019482
960,67500,,0.823703,,0.823703,0.823703,0.823703,532.0194,532.0194,532.0194,494.019482,494.019482,494.019482
961,67500,,0.823703,,0.823703,0.823703,0.823703,532.0194,532.0194,532.0194,494.019482,494.019482,494.019482
962,67500,,0.823703,,0.823703,0.823703,0.823703,532.0194,532.0194,532.0194,494.019482,494.019482,494.019482
963,67500,,0.823703,,0.823703,0.823703,0.823703,532.0194,532.0194,532.0194,494.019482,494.019482,494.019482
964,67500,,0.823703,,0.823703,0.823703,0.823703,532.0194,532.0194,532.0194,494.019482,494.019482,494.019482
965,67500,,0.823703,,0.823703,0.823703,0.823703,532.0194,532.0194,532.0194,494.019482,494.019482,494.019482
966,67500,,0.823703,,0.823703,0.823703,0.823703,532.0194,532.0194,532.0194,494.019482,494.019482,494.019482
967,67500,,0.823703,,0.823703,0.823703,0.823703,532.0194,532.0194,532.0194,494.019482,494.019482,494.019482
968,67500,,0.823703,,0.823703,0.823703,0.823703,532.0194,532.0194,532.0194,494.019482,494.019482,494.019482
969,67500,,0.823703,,0.823703,0.823703,0.823703,532.0194,532.0194,532.0194,494.019482,494.019482,494.019482
970,67500,,0.823703,,0.823703,0.823703,0.823703,532.0194,532.0194,532.0194,494.019482,494.019482,494.019482
971,67500,,0.823703,,0.823703,0.823703,0.823703,532.0194,532.0194,532.0194,494.019482,494.019482,494.019482
972,67500,,0.823703,,0.823703,0.823703,0.823703,532.0194,532.0194,532.0194,494.019482,494.019482,494.019482
973,67500,,0.823703,,0.823703,0.823703,0.823703,532.0194,532.0194,532.0194,494.019482,494.019482,494.019482
974,67500,,0.823703,,0.823703,0.823703,0.823703,532.0194,532.0194,532.0194,494.019482,494.019482,494.019482
975,67500,,0.823703,,0.823703,0.823703,0.823703,532.0194,532.0194,532.0194,494.019482,494.019482,494.019482
976,67500,,0.823703,,0.823703,0.823703,0.823703,532.0194,532.0194,532.0194,494.019482,494.019482,494.019482
977,67500,,0.823703,,0.823703,0.823703,0.823703,532.0194,532.0194,532.0194,494.019482,494.019482,494.019482
978,67500,,0.823703,,0.823703,0.823703,0.823703,532.0194,532.0194,532.0194,494.019482,494.019482,494.019482
979,67500,,0.823703,,0.823703,0.823703,0.823703,532.0194,532.0194,532.0194,494.019482,494.019482,494.019482
980,67500,,0.823703,,0.823703,0.823703,0.823703,532.0194,532.0194,532.0194,494.019482,494.019482,494.019482
981,67500,,0.823703,,0.823703,0.823703,0.823703,532.0194,532.0194,532.0194,494.019482,494.019482,494.019482
982,67500,,0.823703,,0.823703,0.823703,0.823703,532.0194,532.0194,532.0194,494.019482,494.019482,494.019482
983,67500,,0.823703,,0.823703,0.823703,0.823703,532.0194,532.0194,532.0194,494.019482,494.019482,494.019482
984,67500,,0.823703,,0.823703,0.823703,0.823703,532.0194,532.0194,532.0194,494.019482,494.019482,494.019482
985,67500,,0.823703,,0.823703,0.823703,0.823703,532.0194,532.0194,532.0194,494.019482,494.019482,494.019482
986,67500,,0.823703,,0.823703,0.823703,0.823703,532.0194,532.0194,532.0194,494.019482,494.019482,494.019482
987,67500,,0.823703,,0.823703,0.823703,0.823703,532.0194,532.0194,532.0194,494.019482,494.019482,494.019482
988,67500,,0.823703,,0.823703,0.823703,0.823703,532.0194,532.0194,532.0194,494.019482,494.019482,494.019482
989,67500,,0.823703,,0.823703,0.823703,0.823703,532.0194,532.0194,532.0194,494.019482,494.019482,494.019482
990,67500,,0.823703,,0.823703,0.823703,0.823703,532.0194,532.0194,532.0194,494.019482,494.019482,494.019482
991,67500,,0.823703,,0.823703,0.823703,0.823703,532.0194,532.0194,532.0194,494.019482,494.019482,494.019482
992,67500,,0.823703,,0.823703,0.823703,0.823703,532.0194,532.0194,532.0194,494.019482,494.019482,494.019482
993,67500,,0.823703,,0.823703,0.823703,0.823703,532.0194,532.0194,532.0194,494.019482,494.019482,494.019482
994,67500,,0.823703,,0.823703,0.823703,0.823703,532.0194,532.0194,532.0194,494.019482,494.019482,494.019482
995,67500,,0.823703,,0.823703,0.823703,0.823703,532.0194,532.0194,532.0194,494.019482,494.019482,494.019482
996,67500,,0.823703,,0.823703,0.823703,0.823703,532.0194,532.0194,532.0194,494.019482,494.019482,494.019482
997,67500,,0.823703,,0.823703,0.823703,0.823703,532.0194,532.0194,532.0194,494.019482,494.019482,494.019482
998,67500,,0.823703,,0.823703,0.823703,0.823703,532.0194,532.0194,532.0194,494.019482,494.019482,494.019482
999,67500,,0.823703,,0.823703,0.823703,0.823703,532.0194,532.0194,532.0194,494.019482,494.019482,494.019482
1000,67500,,0.823703,,0.823703,0.823703,0.823703,532.0194,532.0194,532.0194,494.019482,494.019482,494.019482
1001,67500,,0.823703,,0.823703,0.823703,0.823703,532.0194,532.0194,532.0194,494.019482,494.019482,494.019482
1002,67500,,0.823703,,0.823703,0.823703,0.823703,532.0194,532.0194,532.0194,494.019482,494.019482,494.019482
1003,67500,,0.823703,,0.823703,0.823703,0.823703,532.0194,532.0194,532.0194,494.019482,494.019482,494.019482
1004,67500,,0.823703,,0.823703,0.823703,0.823703,532.0194,532.0194,532.0194,494.019482,494.019482,494.019482
1005,67500,,0.823703,,0.823703,0.823703,0.823703,532.0194,532.0194,532.0194,494.019482,494.019482,494.019482
1006,67500,,0.823703,,0.823703,0.823703,0.823703,532.0194,532.0194,532.0194,494.019482,494.019482,494.019482
1007,67500,,0.823703,,0.823703,0.823703,0.823703,532.0194,532.0194,532.0194,494.019482,494.019482,494.019482
1008,67500,,0.823703,,0.823703,0.823703,0.823703,532.0194,532.0194,532.0194,494.019482,494.019482,494.019482
1009,67500,,0.823703,,0.823703,0.823703,0.823703,532.0194,532.0194,532.0194,494.019482,494.019482,494.019482
1010,67500,,0.823703,,0.823703,0.823703,0.823703,532.0194,532.0194,532.0194,494.019482,494.019482,494.019482
1011,67500,,0.823703,,0.823703,0.823703,0.823703,532.0194,532.0194,532.0194,494.019482,494.019482,494.019482
1012,67500,,0.823703,,0.823703,0.823703,0.823703,532.0194,532.0194,532.0194,494.019482,494.019482,494.019482
1013,67500,,0.823703,,0.823703,0.823703,0.823703,532.0194,532.0194,532.0194,494.019482,494.019482,494.019482
1014,67500,,0.823703,,0.823703,0.823703,0.823703,532.0194,532.0194,532.0194,494.019482,494.019482,494.019482
1015,67500,,0.823703,,0.823703,0.823703,0.823703,532.0194,532.0194,532.0194,494.019482,494.019482,494.019482
1016,67500,,0.823703,,0.823703,0.823703,0.823703,532.0194,532.0194,532.0194,494.019482,494.019482,494.019482
1017,67500,,0.823703,,0.823703,0.823703,0.823703,532.0194,532.0194,532.0194,494.019482,494.019482,494.019482
1018,67500,,0.823703,,0.823703,0.823703,0.823703,532.0194,532.0194,532.0194,494.019482,494.019482,494.019482
1019,67500,,0.823703,,0.823703,0.823703,0.823703,532.0194,532.0194,532.0194,494.019482,494.019482,494.019482
1020,67500,,0.823703,,0.823703,0.823703,0.823703,532.0194,532.0194,532.0194,494.019482,494.019482,494.019482
1021,67500,,0.823703,,0.823703,0.823703,0.823703,532.0194,532.0194,532.0194,494.019482,494.019482,494.019482
1022,67500,,0.823703,,0.823703,0.823703,0.823703,532.0194,532.0194,532.0194,494.019482,494.019482,494.019482
1023,67500,,0.823703,,0.823703,0.823703,0.823703,532.0194,532.0194,532.0194,494.019482,494.019482,494.019482
1024,67500,,0.823703,,0.823703,0.823703,0.823703,532.0194,532.0194,532.0194,494.019482,494.019482,494.019482
1025,67500,,0.823703,,0.823703,0.823703,0.823703,532.0194,532.0194,532.0194,494.019482,494.019482,494.019482
1026,67500,,0.823703,,0.823703,0.823703,0.823703,532.0194,532.0194,532.0194,494.019482,494.019482,494.019482
1027,67500,,0.823703,,0.823703,0.823703,0.823703,532.0194,532.0194,532.0194,494.019482,494.019482,494.019482
1028,67500,,0.823703,,0.823703,0.823703,0.823703,532.0194,532.0194,532.0194,494.019482,494.019482,494.019482
1029,67500,,0.823703,,0.823703,0.823703,0.823703,532.0194,532.0194,532.0194,494.019482,494.019482,494.019482
1030,67500,,0.823703,,0.823703,0.823703,0.823703,532.0194,532.0194,532.0194,494.019482,494.019482,494.019482
1031,67500,,0.823703,,0.823703,0.823703,0.823703,532.0194,532.0194,532.0194,494.019482,494.019482,494.019482
1032,67500,,0.823703,,0.823703,0.823703,0.823703,532.0194,532.0194,532.0194,494.019482,494.019482,494.019482
1033,67500,,0.823703,,0.823703,0.823703,0.823703,532.0194,532.0194,532.0194,494.019482,494.019482,494.019482
1034,67500,,0.823703,,0.823703,0.823703,0.823703,532.0194,532.0194,532.0194,494.019482,494.019482,494.019482
1035,67500,,0.823703,,0.823703,0.823703,0.823703,532.0194,532.0194,532.0194,494.019482,494.019482,494.019482
1036,67500,,0.823703,,0.823703,0.823703,0.823703,532.0194,532.0194,532.0194,494.019482,494.019482,494.019482
1037,67500,,0.823703,,0.823703,0.823703,0.823703,532.0194,532.0194,532.0194,494.019482,494.019482,494.019482
1038,67500,,0.823703,,0.823703,0.823703,0.823703,532.0194,532.0194,532.0194,494.019482,494.019482,494.019482
1039,67500,,0.823703,,0.823703,0.823703,0.823703,532.0194,532.0194,532.0194,494.019482,494.019482,494.019482
1040,67500,,0.823703,,0.823703,0.823703,0.823703,532.0194,532.0194,532.0194,494.019482,494.019482,494.019482
1041,67500,,0.823703,,0.823703,0.823703,0.823703,532.0194,532.0194,532.0194,494.019482,494.019482,494.019482
1042,67500,,0.823703,,0.823703,0.823703,0.823703,532.0194,532.0194,532.0194,494.019482,494.019482,494.019482
1043,67500,,0.823703,,0.823703,0.823703,0.823703,532.0194,532.0194,532.0194,494.019482,494.019482,494.019482
1044,67500,,0.823703,,0.823703,0.823703,0.823703,532.0194,532.0194,532.0194,494.019482,494.019482,494.019482
1045,67500,,0.823703,,0.823703,0.823703,0.823703,532.0194,532.0194,532.0194,494.019482,494.019482,494.019482
1046,67500,,0.823703,,0.823703,0.823703,0.823703,532.0194,532.0194,532.0194,494.019482,494.019482,494.019482
1047,67500,,0.823703,,0.823703,0.823703,0.823703,532.0194,532.0194,532.0194,494.019482,494.019482,494.019482
1048,67500,,0.823703,,0.823703,0.823703,0.823703,532.0194,532.0194,532.0194,494.019482,494.019482,494.019482
1049,67500,,0.823703,,0.823703,0.823703,0.823703,532.0194,532.0194,532.0194,494.019482,494.019482,494.019482
1050,67500,,0.823703,,0.823703,0.823703,0.823703,532.0194,532.0194,532.0194,494.019482,494.019482,494.019482
1051,67500,,0.823703,,0.823703,0.823703,0.823703,532.0194,532.0194,532.0194,494.019482,494.019482,494.019482
1052,67500,,0.823703,,0.823703,0.823703,0.823703,532.0194,532.0194,532.0194,494.019482,494.019482,494.019482
1053,67500,,0.823703,,0.823703,0.823703,0.823703,532.0194,532.0194,532.0194,494.019482,494.019482,494.019482
1054,67500,,0.823703,,0.823703,0.823703,0.823703,532.0194,532.0194,532.0194,494.019482,494.019482,494.019482
1055,67500,,0.823703,,0.823703,0.823703,0.823703,532.0194,532.0194,532.0194,494.019482,494.019482,494.019482
1056,67500,,0.823703,,0.823703,0.823703,0.823703,532.0194,532.0194,532.0194,494.019482,494.019482,494.019482
1057,67500,,0.823703,,0.823703,0.823703,0.823703,532.0194,532.0194,532.0194,494.019482,494.019482,494.019482
1058,67500,,0.823703,,0.823703,0.823703,0.823703,532.0194,532.0194,532.0194,494.019482,494.019482,494.019482
1059,67500,,0.823703,,0.823703,0.823703,0.823703,532.0194,532.0194,532.0194,494.019482,494.019482,494.019482
1060,67500,,0.823703,,0.823703,0.823703,0.823703,532.0194,532.0194,532.0194,494.019482,494.019482,494.019482
1061,67500,,0.823703,,0.823703,0.823703,0.823703,532.0194,532.0194,532.0194,494.019482,494.019482,494.019482
1062,67500,,0.823703,,0.823703,0.823703,0.823703,532.0194,532.0194,532.0194,494.019482,494.019482,494.019482
1063,67500,,0.823703,,0.823703,0.823703,0.823703,532.0194,532.0194,532.0194,494.019482,494.019482,494.019482
1064,67500,,0.823703,,0.823703,0.823703,0.823703,532.0194,532.0194,532.0194,494.019482,494.019482,494.019482
1065,67500,,0.823703,,0.823703,0.823703,0.823703,532.0194,532.0194,532.0194,494.019482,494.019482,494.019482
1066,67500,,0.823703,,0.823703,0.823703,0.823703,532.0194,532.0194,532.0194,494.019482,494.019482,494.019482
1067,67500,,0.823703,,0.823703,0.823703,0.823703,532.0194,532.0194,532.0194,494.019482,494.019482,494.019482
1068,67500,,0.823703,,0.823703,0.823703,0.823703,532.0194,532.0194,532.0194,494.019482,494.019482,494.019482
1069,67500,,0.823703,,0.823703,0.823703,0.823703,532.0194,532.0194,532.0194,494.019482,494.019482,494.019482
1070,67500,,0.823703,,0.823703,0.823703,0.823703,532.0194,532.0194,532.0194,494.019482,494.019482,494.019482
1071,67500,,0.823703,,0.823703,0.823703,0.823703,532.0194,532.0194,532.0194,494.019482,494.019482,494.019482
1072,67500,,0.823703,,0.823703,0.823703,0.823703,532.0194,532.0194,532.0194,494.019482,494.019482,494.019482
1073,67500,,0.823703,,0.823703,0.823703,0.823703,532.0194,532.0194,532.0194,494.019482,494.019482,494.019482
1074,67500,,0.823703,,0.823703,0.823703,0.823703,532.0194,532.0194,532.0194,494.019482,494.019482,494.019482
1075,67500,,0.823703,,0.823703,0.823703,0.823703,532.0194,532.0194,532.0194,494.019482,494.019482,494.019482
1076,67500,,0.823703,,0.823703,0.823703,0.823703,532.0194,532.0194,532.0194,494.019482,494.019482,494.019482
1077,67500,,0.823703,,0.823703,0.823703,0.823703,532.0194,532.0194,532.0194,494.019482,494.019482,494.019482
1078,67500,,0.823703,,0.823703,0.823703,0.823703,532.0194,532.0194,532.0194,494.019482,494.019482,494.019482
1079,67500,,0.823703,,0.823703,0.823703,0.823703,532.0194,532.0194,532.0194,494.019482,494.019482,494.019482
1080,67500,,0.823703,,0.823703,0.823703,0.823703,532.0194,532.0194,532.0194,494.019482,494.019482,494.019482
1081,67500,,0.823703,,0.823703,0.823703,0.823703,532.0194,532.0194,532.0194,494.019482,494.019482,494.019482
1082,67500,,0.823703,,0.823703,0.823703,0.823703,532.0194,532.0194,532.0194,494.019482,494.019482,494.019482
1083,67500,,0.823703,,0.823703,0.823703,0.823703,532.0194,532.0194,532.0194,494.019482,494.019482,494.019482
1084,67500,,0.823703,,0.823703,0.823703,0.823703,532.0194,532.0194,532.0194,494.019482,494.019482,494.019482
1085,67500,,0.823703,,0.823703,0.823703,0.823703,532.0194,532.0194,532.0194,494.019482,494.019482,494.019482
1086,67500,,0.823703,,0.823703,0.823703,0.823703,532.0194,532.0194,532.0194,494.019482,494.019482,494.019482
1087,67500,,0.823703,,0.823703,0.823703,0.823703,532.0194,532.0194,532.0194,494.019482,494.019482,494.019482
1088,67500,,0.823703,,0.823703,0.823703,0.823703,532.0194,532.0194,532.0194,494.019482,494.019482,494.019482
1089,67500,,0.823703,,0.823703,0.823703,0.823703,532.0194,532.0194,532.0194,494.019482,494.019482,494.019482
1090,67500,,0.823703,,0.823703,0.823703,0.823703,532.0194,532.0194,532.0194,494.019482,494.019482,494.019482
1091,67500,,0.823703,,0.823703,0.823703,0.823703,532.0194,532.0194,532.0194,494.019482,494.019482,494.019482
1092,67500,,0.823703,,0.823703,0.823703,0.823703,532.0194,532.0194,532.0194,494.019482,494.019482,494.019482
1093,67500,,0.823703,,0.823703,0.823703,0.823703,532.0194,532.0194,532.0194,494.019482,494.019482,494.019482
1094,67500,,0.823703,,0.823703,0.823703,0.823703,532.0194,532.0194,532.0194,494.019482,494.019482,494.019482
1095,67500,,0.823703,,0.823703,0.823703,0.823703,532.0194,532.0194,532.0194,494.019482,494.019482,494.019482
1096,67500,,0.823703,,0.823703,0.823703,0.823703,532.0194,532.0194,532.0194,494.019482,494.019482,494.019482
1097,67500,,0.823703,,0.823703,0.823703,0.823703,532.0194,532.0194,532.0194,494.019482,494.019482,494.019482
1098,67500,,0.823703,,0.823703,0.823703,0.823703,532.0194,532.0194,532.0194,494.019482,494.019482,494.019482
1099,67500,,0.823703,,0.823703,0.823703,0.823703,532.0194,532.0194,532.0194,494.019482,494.019482,494.019482
1100,67500,,0.823703,,0.823703,0.823703,0.823703,532.0194,532.0194,532.0194,494.019482,494.019482,494.019482
1101,67500,,0.823703,,0.823703,0.823703,0.823703,532.0194,532.0194,532.0194,494.019482,494.019482,494.019482
1102,67500,,0.823703,,0.823703,0.823703,0.823703,532.0194,532.0194,532.0194,494.019482,494.019482,494.019482
1103,67500,,0.823703,,0.823703,0.823703,0.823703,532.0194,532.0194,532.0194,494.019482,494.019482,494.019482
1104,67500,,0.823703,,0.823703,0.823703,0.823703,532.0194,532.0194,532.0194,494.019482,494.019482,494.019482
1105,67500,,0.823703,,0.823703,0.823703,0.823703,532.0194,532.0194,532.0194,494.019482,494.019482,494.019482
1106,67500,,0.823703,,0.823703,0.823703,0.823703,532.0194,532.0194,532.0194,494.019482,494.019482,494.019482
1107,67500,,0.823703,,0.823703,0.823703,0.823703,532.0194,532.0194,532.0194,494.019482,494.019482,494.019482
1108,67500,,0.823703,,0.823703,0.823703,0.823703,532.0194,532.0194,532.0194,494.019482,494.019482,494.019482
1109,67500,,0.823703,,0.823703,0.823703,0.823703,532.0194,532.0194,532.0194,494.019482,494.019482,494.019482
1110,67500,,0.823703,,0.823703,0.823703,0.823703,532.0194,532.0194,532.0194,494.019482,494.019482,494.019482
1111,67500,,0.823703,,0.823703,0.823703,0.823703,532.0194,532.0194,532.0194,494.019482,494.019482,494.019482
1112,67500,,0.823703,,0.823703,0.823703,0.823703,532.0194,532.0194,532.0194,494.019482,494.019482,494.019482
1113,67500,,0.823703,,0.823703,0.823703,0.823703,532.0194,532.0194,532.0194,494.019482,494.019482,494.019482
1114,67500,,0.823703,,0.823703,0.823703,0.823703,532.0194,532.0194,532.0194,494.019482,494.019482,494.019482
1115,67500,,0.823703,,0.823703,0.823703,0.823703,532.0194,532.0194,532.0194,494.019482,494.019482,494.019482
1116,67500,,0.823703,,0.823703,0.823703,0.823703,532.0194,532.0194,532.0194,494.019482,494.019482,494.019482
1117,67500,,0.823703,,0.823703,0.823703,0.823703,532.0194,532.0194,532.0194,494.019482,494.019482,494.019482
1118,67500,,0.823703,,0.823703,0.823703,0.823703,532.0194,532.0194,532.0194,494.019482,494.019482,494.019482
1119,67500,,0.823703,,0.823703,0.823703,0.823703,532.0194,532.0194,532.0194,494.019482,494.019482,494.019482
1120,67500,,0.823703,,0.823703,0.823703,0.823703,532.0194,532.0194,532.0194,494.019482,494.019482,494.019482
1121,67500,,0.823703,,0.823703,0.823703,0.823703,532.0194,532.0194,532.0194,494.019482,494.019482,494.019482
1122,67500,,0.823703,,0.823703,0.823703,0.823703,532.0194,532.0194,532.0194,494.019482,494.019482,494.019482
1123,67500,,0.823703,,0.823703,0.823703,0.823703,532.0194,532.0194,532.0194,494.019482,494.019482,494.019482
1124,67500,,0.823703,,0.823703,0.823703,0.823703,532.0194,532.0194,532.0194,494.019482,494.019482,494.019482
1125,67500,,0.823703,,0.823703,0.823703,0.823703,532.0194,532.0194,532.0194,494.019482,494.019482,494.019482
1126,67500,,0.823703,,0.823703,0.823703,0.823703,532.0194,532.0194,532.0194,494.019482,494.019482,494.019482
1127,67500,,0.823703,,0.823703,0.823703,0.823703,532.0194,532.0194,532.0194,494.019482,494.019482,494.019482
1128,67500,,0.823703,,0.823703,0.823703,0.823703,532.0194,532.0194,532.0194,494.019482,494.019482,494.019482
1129,67500,,0.823703,,0.823703,0.823703,0.823703,532.0194,532.0194,532.0194,494.019482,494.019482,494.019482
1130,67500,,0.823703,,0.823703,0.823703,0.823703,532.0194,532.0194,532.0194,494.019482,494.019482,494.019482
1131,67500,,0.823703,,0.823703,0.823703,0.823703,532.0194,532.0194,532.0194,494.019482,494.019482,494.019482
1132,67500,,0.823703,,0.823703,0.823703,0.823703,532.0194,532.0194,532.0194,494.019482,494.019482,494.019482
1133,67500,,0.823703,,0.823703,0.823703,0.823703,532.0194,532.0194,532.0194,494.019482,494.019482,494.019482
1134,67500,,0.823703,,0.823703,0.823703,0.823703,532.0194,532.0194,532.0194,494.019482,494.019482,494.019482
1135,67500,,0.823703,,0.823703,0.823703,0.823703,532.0194,532.0194,532.0194,494.019482,494.019482,494.019482
1136,67500,,0.823703,,0.823703,0.823703,0.823703,532.0194,532.0194,532.0194,494.019482,494.019482,494.019482
1137,67500,,0.823703,,0.823703,0.823703,0.823703,532.0194,532.0194,532.0194,494.019482,494.019482,494.019482
1138,67500,,0.823703,,0.823703,0.823703,0.823703,532.0194,532.0194,532.0194,494.019482,494.019482,494.019482
1139,67500,,0.823703,,0.823703,0.823703,0.823703,532.0194,532.0194,532.0194,494.019482,494.019482,494.019482
1140,67500,,0.823703,,0.823703,0.823703,0.823703,532.0194,532.0194,532.0194,494.019482,494.019482,494.019482
1141,67500,,0.823703,,0.823703,0.823703,0.823703,532.0194,532.0194,532.0194,494.019482,494.019482,494.019482
1142,67500,,0.823703,,0.823703,0.823703,0.823703,532.0194,532.0194,532.0194,494.019482,494.019482,494.019482
1143,67500,,0.823703,,0.823703,0.823703,0.823703,532.0194,532.0194,532.0194,494.019482,494.019482,494.019482
1144,67500,,0.823703,,0.823703,0.823703,0.823703,532.0194,532.0194,532.0194,494.019482,494.019482,494.019482
1145,67500,,0.823703,,0.823703,0.823703,0.823703,532.0194,532.0194,532.0194,494.019482,494.019482,494.019482
1146,67500,,0.823703,,0.823703,0.823703,0.823703,532.0194,532.0194,532.0194,494.019482,494.019482,494.019482
1147,67500,,0.823703,,0.823703,0.823703,0.823703,532.0194,532.0194,532.0194,494.019482,494.019482,494.019482
1148,67500,,0.823703,,0.823703,0.823703,0.823703,532.0194,532.0194,532.0194,494.019482,494.019482,494.019482
1149,67500,,0.823703,,0.823703,0.823703,0.823703,532.0194,532.0194,532.0194,494.019482,494.019482,494.019482
1150,67500,,0.823703,,0.823703,0.823703,0.823703,532.0194,532.0194,532.0194,494.019482,494.019482,494.019482
1151,67500,,0.823703,,0.823703,0.823703,0.823703,532.0194,532.0194,532.0194,494.019482,494.019482,494.019482
1152,67500,,0.823703,,0.823703,0.823703,0.823703,532.0194,532.0194,532.0194,494.019482,494.019482,494.019482
1153,67500,,0.823703,,0.823703,0.823703,0.823703,532.0194,532.0194,532.0194,494.019482,494.019482,494.019482
1154,67500,,0.823703,,0.823703,0.823703,0.823703,532.0194,532.0194,532.0194,494.019482,494.019482,494.019482
1155,67500,,0.823703,,0.823703,0.823703,0.823703,532.0194,532.0194,532.0194,494.019482,494.019482,494.019482
1156,67500,,0.823703,,0.823703,0.823703,0.823703,532.0194,532.0194,532.0194,494.019482,494.019482,494.019482
1157,67500,,0.823703,,0.823703,0.823703,0.823703,532.0194,532.0194,532.0194,494.019482,494.019482,494.019482
1158,67500,,0.823703,,0.823703,0.823703,0.823703,532.0194,532.0194,532.0194,494.019482,494.019482,494.019482
1159,67500,,0.823703,,0.823703,0.823703,0.823703,532.0194,532.0194,532.0194,494.019482,494.019482,494.019482
1160,67500,,0.823703,,0.823703,0.823703,0.823703,532.0194,532.0194,532.0194,494.019482,494.019482,494.019482
1161,67500,,0.823703,,0.823703,0.823703,0.823703,532.0194,532.0194,532.0194,494.019482,494.019482,494.019482
1162,67500,,0.823703,,0.823703,0.823703,0.823703,532.0194,532.0194,532.0194,494.019482,494.019482,494.019482
1163,67500,,0.823703,,0.823703,0.823703,0.823703,532.0194,532.0194,532.0194,494.019482,494.019482,494.019482
1164,67500,,0.823703,,0.823703,0.823703,0.823703,532.0194,532.0194,532.0194,494.019482,494.019482,494.019482
1165,67500,,0.823703,,0.823703,0.823703,0.823703,532.0194,532.0194,532.0194,494.019482,494.019482,494.019482
1166,67500,,0.823703,,0.823703,0.823703,0.823703,532.0194,532.0194,532.0194,494.019482,494.019482,494.019482
1167,67500,,0.823703,,0.823703,0.823703,0.823703,532.0194,532.0194,532.0194,494.019482,494.019482,494.019482
1168,67500,,0.823703,,0.823703,0.823703,0.823703,532.0194,532.0194,532.0194,494.019482,494.019482,494.019482
1169,67500,,0.823703,,0.823703,0.823703,0.823703,532.0194,532.0194,532.0194,494.019482,494.019482,494.019482
1170,67500,,0.823703,,0.823703,0.823703,0.823703,532.0194,532.0194,532.0194,494.019482,494.019482,494.019482
1171,67500,,0.823703,,0.823703,0.823703,0.823703,532.0194,532.0194,532.0194,494.019482,494.019482,494.019482
1172,67500,,0.823703,,0.823703,0.823703,0.823703,532.0194,532.0194,532.0194,494.019482,494.019482,494.019482
1173,67500,,0.823703,,0.823703,0.823703,0.823703,532.0194,532.0194,532.0194,494.019482,494.019482,494.019482
1174,67500,,0.823703,,0.823703,0.823703,0.823703,532.0194,532.0194,532.0194,494.019482,494.019482,494.019482
1175,67500,,0.823703,,0.823703,0.823703,0.823703,532.0194,532.0194,532.0194,494.019482,494.019482,494.019482
1176,67500,,0.823703,,0.823703,0.823703,0.823703,532.0194,532.0194,532.0194,494.019482,494.019482,494.019482
1177,67500,,0.823703,,0.823703,0.823703,0.823703,532.0194,532.0194,532.0194,494.019482,494.019482,494.019482
1178,67500,,0.823703,,0.823703,0.823703,0.823703,532.0194,532.0194,532.0194,494.019482,494.019482,494.019482
1179,67500,,0.823703,,0.823703,0.823703,0.823703,532.0194,532.0194,532.0194,494.019482,494.019482,494.019482
1180,67500,,0.823703,,0.823703,0.823703,0.823703,532.0194,532.0194,532.0194,494.019482,494.019482,494.019482
1181,67500,,0.823703,,0.823703,0.823703,0.823703,532.0194,532.0194,532.0194,494.019482,494.019482,494.019482
1182,67500,,0.823703,,0.823703,0.823703,0.823703,532.0194,532.0194,532.0194,494.019482,494.019482,494.019482
1183,67500,,0.823703,,0.823703,0.823703,0.823703,532.0194,532.0194,532.0194,494.019482,494.019482,494.019482
1184,67500,,0.823703,,0.823703,0.823703,0.823703,532.0194,532.0194,532.0194,494.019482,494.019482,494.019482
1185,67500,,0.823703,,0.823703,0.823703,0.823703,532.0194,532.0194,532.0194,494.019482,494.019482,494.019482
1186,67500,,0.823703,,0.823703,0.823703,0.823703,532.0194,532.0194,532.0194,494.019482,494.019482,494.019482
1187,67500,,0.823703,,0.823703,0.823703,0.823703,532.0194,532.0194,532.0194,494.019482,494.019482,494.019482
1188,67500,,0.823703,,0.823703,0.823703,0.823703,532.0194,532.0194,532.0194,494.019482,494.019482,494.019482
1189,67500,,0.823703,,0.823703,0.823703,0.823703,532.0194,532.0194,532.0194,494.019482,494.019482,494.019482
1190,67500,,0.823703,,0.823703,0.823703,0.823703,532.0194,532.0194,532.0194,494.019482,494.019482,494.019482
1191,67500,,0.823703,,0.823703,0.823703,0.823703,532.0194,532.0194,532.0194,494.019482,494.019482,494.019482
1192,67500,,0.823703,,0.823703,0.823703,0.823703,532.0194,532.0194,532.0194,494.019482,494.019482,494.019482
1193,67500,,0.823703,,0.823703,0.823703,0.823703,532.0194,532.0194,532.0194,494.019482,494.019482,494.019482
1194,67500,,0.823703,,0.823703,0.823703,0.823703,532.0194,532.0194,532.0194,494.019482,494.019482,494.019482
1195,67500,,0.823703,,0.823703,0.823703,0.823703,532.0194,532.0194,532.0194,494.019482,494.019482,494.019482
1196,67500,,0.823703,,0.823703,0.823703,0.823703,532.0194,532.0194,532.0194,494.019482,494.019482,494.019482
1197,67500,,0.823703,,0.823703,0.823703,0.823703,532.0194,532.0194,532.0194,494.019482,494.019482,494.019482
1198,67500,,0.823703,,0.823703,0.823703,0.823703,532.0194,532.0194,532.0194,494.019482,494.019482,494.019482
1199,67500,,0.823703,,0.823703,0.823703,0.823703,532.0194,532.0194,532.0194,494.019482,494.019482,494.019482
1200,67500,,0.823703,,0.823703,0.823703,0.823703,532.0194,532.0194,532.0194,494.019482,494.019482,494.019482
1201,67500,,0.823703,,0.823703,0.823703,0.823703,532.0194,532.0194,532.0194,494.019482,494.019482,494.019482
1202,67500,,0.823703,,0.823703,0.823703,0.823703,532.0194,532.0194,532.0194,494.019482,494.019482,494.019482
1203,67500,,0.823703,,0.823703,0.823703,0.823703,532.0194,532.0194,532.0194,494.019482,494.019482,494.019482
1204,67500,,0.823703,,0.823703,0.823703,0.823703,532.0194,532.0194,532.0194,494.019482,494.019482,494.019482
1205,67500,,0.823703,,0.823703,0.823703,0.823703,532.0194,532.0194,532.0194,494.019482,494.019482,494.019482
1206,67500,,0.823703,,0.823703,0.823703,0.823703,532.0194,532.0194,532.0194,494.019482,494.019482,494.019482
1207,67500,,0.823703,,0.823703,0.823703,0.823703,532.0194,532.0194,532.0194,494.019482,494.019482,494.019482
1208,67500,,0.823703,,0.823703,0.823703,0.823703,532.0194,532.0194,532.0194,494.019482,494.019482,494.019482
1209,67500,,0.823703,,0.823703,0.823703,0.823703,532.0194,532.0194,532.0194,494.019482,494.019482,494.019482
1210,67500,,0.823703,,0.823703,0.823703,0.823703,532.0194,532.0194,532.0194,494.019482,494.019482,494.019482
1211,67500,,0.823703,,0.823703,0.823703,0.823703,532.0194,532.0194,532.0194,494.019482,494.019482,494.019482
1212,67500,,0.823703,,0.823703,0.823703,0.823703,532.0194,532.0194,532.0194,494.019482,494.019482,494.019482
1213,67500,,0.823703,,0.823703,0.823703,0.823703,532.0194,532.0194,532.0194,494.019482,494.019482,494.019482
1214,67500,,0.823703,,0.823703,0.823703,0.823703,532.0194,532.0194,532.0194,494.019482,494.019482,494.019482
1215,67500,,0.823703,,0.823703,0.823703,0.823703,532.0194,532.0194,532.0194,494.019482,494.019482,494.019482
1216,67500,,0.823703,,0.823703,0.823703,0.823703,532.0194,532.0194,532.0194,494.019482,494.019482,494.019482
1217,67500,,0.823703,,0.823703,0.823703,0.823703,532.0194,532.0194,532.0194,494.019482,494.019482,494.019482
1218,67500,,0.823703,,0.823703,0.823703,0.823703,532.0194,532.0194,532.0194,494.019482,494.019482,494.019482
1219,67500,,0.823703,,0.823703,0.823703,0.823703,532.0194,532.0194,532.0194,494.019482,494.019482,494.019482
1220,67500,,0.823703,,0.823703,0.823703,0.823703,532.0194,532.0194,532.0194,494.019482,494.019482,494.019482
1221,67500,,0.823703,,0.823703,0.823703,0.823703,532.0194,532.0194,532.0194,494.019482,494.019482,494.019482
1222,67500,,0.823703,,0.823703,0.823703,0.823703,532.0194,532.0194,532.0194,494.019482,494.019482,494.019482
1223,67500,,0.823703,,0.823703,0.823703,0.823703,532.0194,532.0194,532.0194,494.019482,494.019482,494.019482
1224,67500,,0.823703,,0.823703,0.823703,0.823703,532.0194,532.0194,532.0194,494.019482,494.019482,494.019482
1225,67500,,0.823703,,0.823703,0.823703,0.823703,532.0194,532.0194,532.0194,494.019482,494.019482,494.019482
1226,67500,,0.823703,,0.823703,0.823703,0.823703,532.0194,532.0194,532.0194,494.019482,494.019482,494.019482
1227,67500,,0.823703,,0.823703,0.823703,0.823703,532.0194,532.0194,532.0194,494.019482,494.019482,494.019482
1228,67500,,0.823703,,0.823703,0.823703,0.823703,532.0194,532.0194,532.0194,494.019482,494.019482,494.019482
1229,67500,,0.823703,,0.823703,0.823703,0.823703,532.0194,532.0194,532.0194,494.019482,494.019482,494.019482
1230,67500,,0.823703,,0.823703,0.823703,0.823703,532.0194,532.0194,532.0194,494.019482,494.019482,494.019482
1231,67500,,0.823703,,0.823703,0.823703,0.823703,532.0194,532.0194,532.0194,494.019482,494.019482,494.019482
1232,67500,,0.823703,,0.823703,0.823703,0.823703,532.0194,532.0194,532.0194,494.019482,494.019482,494.019482
1233,67500,,0.823703,,0.823703,0.823703,0.823703,532.0194,532.0194,532.0194,494.019482,494.019482,494.019482
1234,67500,,0.823703,,0.823703,0.823703,0.823703,532.0194,532.0194,532.0194,494.019482,494.019482,494.019482
1235,67500,,0.823703,,0.823703,0.823703,0.823703,532.0194,532.0194,532.0194,494.019482,494.019482,494.019482
1236,67500,,0.823703,,0.823703,0.823703,0.823703,532.0194,532.0194,532.0194,494.019482,494.019482,494.019482
1237,67500,,0.823703,,0.823703,0.823703,0.823703,532.0194,532.0194,532.0194,494.019482,494.019482,494.019482
1238,67500,,0.823703,,0.823703,0.823703,0.823703,532.0194,532.0194,532.0194,494.019482,494.019482,494.019482
1239,67500,,0.823703,,0.823703,0.823703,0.823703,532.0194,532.0194,532.0194,494.019482,494.019482,494.019482
1240,67500,,0.823703,,0.823703,0.823703,0.823703,532.0194,532.0194,532.0194,494.019482,494.019482,494.019482
1241,67500,,0.823703,,0.823703,0.823703,0.823703,532.0194,532.0194,532.0194,494.019482,494.019482,494.019482
1242,67500,,0.823703,,0.823703,0.823703,0.823703,532.0194,532.0194,532.0194,494.019482,494.019482,494.019482
1243,67500,,0.823703,,0.823703,0.823703,0.823703,532.0194,532.0194,532.0194,494.019482,494.019482,494.019482
1244,67500,,0.823703,,0.823703,0.823703,0.823703,532.0194,532.0194,532.0194,494.019482,494.019482,494.019482
1245,67500,,0.823703,,0.823703,0.823703,0.823703,532.0194,532.0194,532.0194,494.019482,494.019482,494.019482
1246,67500,,0.823703,,0.823703,0.823703,0.823703,532.0194,532.0194,532.0194,494.019482,494.019482,494.019482
1247,67500,,0.823703,,0.823703,0.823703,0.823703,532.0194,532.0194,532.0194,494.019482,494.019482,494.019482
1248,67500,,0.823703,,0.823703,0.823703,0.823703,532.0194,532.0194,532.0194,494.019482,494.019482,494.019482
1249,67500,,0.823703,,0.823703,0.823703,0.823703,532.0194,532.0194,532.0194,494.019482,494.019482,494.019482
1250,67500,,0.823703,,0.823703,0.823703,0.823703,532.0194,532.0194,532.0194,494.019482,494.019482,494.019482
1251,67500,,0.823703,,0.823703,0.823703,0.823703,532.0194,532.0194,532.0194,494.019482,494.019482,494.019482
1252,67500,,0.823703,,0.823703,0.823703,0.823703,532.0194,532.0194,532.0194,494.019482,494.019482,494.019482
1253,67500,,0.823703,,0.823703,0.823703,0.823703,532.0194,532.0194,532.0194,494.019482,494.019482,494.019482
1254,67500,,0.823703,,0.823703,0.823703,0.823703,532.0194,532.0194,532.0194,494.019482,494.019482,494.019482
1255,67500,,0.823703,,0.823703,0.823703,0.823703,532.0194,532.0194,532.0194,494.019482,494.019482,494.019482
1256,67500,,0.823703,,0.823703,0.823703,0.823703,532.0194,532.0194,532.0194,494.019482,494.019482,494.019482
1257,67500,,0.823703,,0.823703,0.823703,0.823703,532.0194,532.0194,532.0194,494.019482,494.019482,494.019482
1258,67500,,0.823703,,0.823703,0.823703,0.823703,532.0194,532.0194,532.0194,494.019482,494.019482,494.019482
1259,67500,,0.823703,,0.823703,0.823703,0.823703,532.0194,532.0194,532.0194,494.019482,494.019482,494.019482
1260,67500,,0.823703,,0.823703,0.823703,0.823703,532.0194,532.0194,532.0194,494.019482,494.019482,494.019482
1261,67500,,0.823703,,0.823703,0.823703,0.823703,532.0194,532.0194,532.0194,494.019482,494.019482,494.019482
1262,67500,,0.823703,,0.823703,0.823703,0.823703,532.0194,532.0194,532.0194,494.019482,494.019482,494.019482
1263,67500,,0.823703,,0.823703,0.823703,0.823703,532.0194,532.0194,532.0194,494.019482,494.019482,494.019482
1264,67500,,0.823703,,0.823703,0.823703,0.823703,532.0194,532.0194,532.0194,494.019482,494.019482,494.019482
1265,67500,,0.823703,,0.823703,0.823703,0.823703,532.0194,532.0194,532.0194,494.019482,494.019482,494.019482
1266,67500,,0.823703,,0.823703,0.823703,0.823703,532.0194,532.0194,532.0194,494.019482,494.019482,494.019482
1267,67500,,0.823703,,0.823703,0.823703,0.823703,532.0194,532.0194,532.0194,494.019482,494.019482,494.019482
1268,67500,,0.823703,,0.823703,0.823703,0.823703,532.0194,532.0194,532.0194,494.019482,494.019482,494.019482
1269,67500,,0.823703,,0.823703,0.823703,0.823703,532.0194,532.0194,532.0194,494.019482,494.019482,494.019482
1270,67500,,0.823703,,0.823703,0.823703,0.823703,532.0194,532.0194,532.0194,494.019482,494.019482,494.019482
1271,67500,,0.823703,,0.823703,0.823703,0.823703,532.0194,532.0194,532.0194,494.019482,494.019482,494.019482
1272,67500,,0.823703,,0.823703,0.823703,0.823703,532.0194,532.0194,532.0194,494.019482,494.019482,494.019482
1273,67500,,0.823703,,0.823703,0.823703,0.823703,532.0194,532.0194,532.0194,494.019482,494.019482,494.019482
1274,67500,,0.823703,,0.823703,0.823703,0.823703,532.0194,532.0194,532.0194,494.019482,494.019482,494.019482
1275,67500,,0.823703,,0.823703,0.823703,0.823703,532.0194,532.0194,532.0194,494.019482,494.019482,494.019482
1276,67500,,0.823703,,0.823703,0.823703,0.823703,532.0194,532.0194,532.0194,494.019482,494.019482,494.019482
1277,67500,,0.823703,,0.823703,0.823703,0.823703,532.0194,532.0194,532.0194,494.019482,494.019482,494.019482
1278,67500,,0.823703,,0.823703,0.823703,0.823703,532.0194,532.0194,532.0194,494.019482,494.019482,494.019482
1279,67500,,0.823703,,0.823703,0.823703,0.823703,532.0194,532.0194,532.0194,494.019482,494.019482,494.019482
1280,67500,,0.823703,,0.823703,0.823703,0.823703,532.0194,532.0194,532.0194,494.019482,494.019482,494.019482
1281,67500,,0.823703,,0.823703,0.823703,0.823703,532.0194,532.0194,532.0194,494.019482,494.019482,494.019482
1282,67500,,0.823703,,0.823703,0.823703,0.823703,532.0194,532.0194,532.0194,494.019482,494.019482,494.019482
1283,67500,,0.823703,,0.823703,0.823703,0.823703,532.0194,532.0194,532.0194,494.019482,494.019482,494.019482
1284,67500,,0.823703,,0.823703,0.823703,0.823703,532.0194,532.0194,532.0194,494.019482,494.019482,494.019482
1285,67500,,0.823703,,0.823703,0.823703,0.823703,532.0194,532.0194,532.0194,494.019482,494.019482,494.019482
1286,67500,,0.823703,,0.823703,0.823703,0.823703,532.0194,532.0194,532.0194,494.019482,494.019482,494.019482
1287,67500,,0.823703,,0.823703,0.823703,0.823703,532.0194,532.0194,532.0194,494.019482,494.019482,494.019482
1288,67500,,0.823703,,0.823703,0.823703,0.823703,532.0194,532.0194,532.0194,494.019482,494.019482,494.019482
1289,67500,,0.823703,,0.823703,0.823703,0.823703,532.0194,532.0194,532.0194,494.019482,494.019482,494.019482
1290,67500,,0.823703,,0.823703,0.823703,0.823703,532.0194,532.0194,532.0194,494.019482,494.019482,494.019482
1291,67500,,0.823703,,0.823703,0.823703,0.823703,532.0194,532.0194,532.0194,494.019482,494.019482,494.019482
1292,67500,,0.823703,,0.823703,0.823703,0.823703,532.0194,532.0194,532.0194,494.019482,494.019482,494.019482
1293,67500,,0.823703,,0.823703,0.823703,0.823703,532.0194,532.0194,532.0194,494.019482,494.019482,494.019482
1294,67500,,0.823703,,0.823703,0.823703,0.823703,532.0194,532.0194,532.0194,494.019482,494.019482,494.019482
1295,67500,,0.823703,,0.823703,0.823703,0.823703,532.0194,532.0194,532.0194,494.019482,494.019482,494.019482
1296,67500,,0.823703,,0.823703,0.823703,0.823703,532.0194,532.0194,532.0194,494.019482,494.019482,494.019482
1297,67500,,0.823703,,0.823703,0.823703,0.823703,532.0194,532.0194,532.0194,494.019482,494.019482,494.019482
1298,67500,,0.823703,,0.823703,0.823703,0.823703,532.0194,532.0194,532.0194,494.019482,494.019482,494.019482
1299,67500,,0.823703,,0.823703,0.823703,0.823703,532.0194,532.0194,532.0194,494.019482,494.019482,494.019482
1300,67500,,0.823703,,0.823703,0.823703,0.823703,532.0194,532.0194,532.0194,494.019482,494.019482,494.019482
1301,67500,,0.823703,,0.823703,0.823703,0.823703,532.0194,532.0194,532.0194,494.019482,494.019482,494.019482
1302,67500,,0.823703,,0.823703,0.823703,0.823703,532.0194,532.0194,532.0194,494.019482,494.019482,494.019482
1303,67500,,0.823703,,0.823703,0.823703,0.823703,532.0194,532.0194,532.0194,494.019482,494.019482,494.019482
1304,67500,,0.823703,,0.823703,0.823703,0.823703,532.0194,532.0194,532.0194,494.019482,494.019482,494.019482
1305,67500,,0.823703,,0.823703,0.823703,0.823703,532.0194,532.0194,532.0194,494.019482,494.019482,494.019482
1306,67500,,0.823703,,0.823703,0.823703,0.823703,532.0194,532.0194,532.0194,494.019482,494.019482,494.019482
1307,67500,,0.823703,,0.823703,0.823703,0.823703,532.0194,532.0194,532.0194,494.019482,494.019482,494.019482
1308,67500,,0.823703,,0.823703,0.823703,0.823703,532.0194,532.0194,532.0194,494.019482,494.019482,494.019482
1309,67500,,0.823703,,0.823703,0.823703,0.823703,532.0194,532.0194,532.0194,494.019482,494.019482,494.019482
1310,67500,,0.823703,,0.823703,0.823703,0.823703,532.0194,532.0194,532.0194,494.019482,494.019482,494.019482
1311,67500,,0.823703,,0.823703,0.823703,0.823703,532.0194,532.0194,532.0194,494.019482,494.019482,494.019482
1312,67500,,0.823703,,0.823703,0.823703,0.823703,532.0194,532.0194,532.0194,494.019482,494.019482,494.019482
1313,67500,,0.823703,,0.823703,0.823703,0.823703,532.0194,532.0194,532.0194,494.019482,494.019482,494.019482
1314,67500,,0.823703,,0.823703,0.823703,0.823703,532.0194,532.0194,532.0194,494.019482,494.019482,494.019482
1315,67500,,0.823703,,0.823703,0.823703,0.823703,532.0194,532.0194,532.0194,494.019482,494.019482,494.019482
1316,67500,,0.823703,,0.823703,0.823703,0.823703,532.0194,532.0194,532.0194,494.019482,494.019482,494.019482
1317,67500,,0.823703,,0.823703,0.823703,0.823703,532.0194,532.0194,532.0194,494.019482,494.019482,494.019482
1318,67500,,0.823703,,0.823703,0.823703,0.823703,532.0194,532.0194,532.0194,494.019482,494.019482,494.019482
1319,67500,,0.823703,,0.823703,0.823703,0.823703,532.0194,532.0194,532.0194,494.019482,494.019482,494.019482
1320,67500,,0.823703,,0.823703,0.823703,0.823703,532.0194,532.0194,532.0194,494.019482,494.019482,494.019482
1321,67500,,0.823703,,0.823703,0.823703,0.823703,532.0194,532.0194,532.0194,494.019482,494.019482,494.019482
1322,67500,,0.823703,,0.823703,0.823703,0.823703,532.0194,532.0194,532.0194,494.019482,494.019482,494.019482
1323,67500,,0.823703,,0.823703,0.823703,0.823703,532.0194,532.0194,532.0194,494.019482,494.019482,494.019482
1324,67500,,0.823703,,0.823703,0.823703,0.823703,532.0194,532.0194,532.0194,494.019482,494.019482,494.019482
1325,67500,,0.823703,,0.823703,0.823703,0.823703,532.0194,532.0194,532.0194,494.019482,494.019482,494.019482
1326,67500,,0.823703,,0.823703,0.823703,0.823703,532.0194,532.0194,532.0194,494.019482,494.019482,494.019482
1327,67500,,0.823703,,0.823703,0.823703,0.823703,532.0194,532.0194,532.0194,494.019482,494.019482,494.019482
1328,67500,,0.823703,,0.823703,0.823703,0.823703,532.0194,532.0194,532.0194,494.019482,494.019482,494.019482
1329,67500,,0.823703,,0.823703,0.823703,0.823703,532.0194,532.0194,532.0194,494.019482,494.019482,494.019482
1330,67500,,0.823703,,0.823703,0.823703,0.823703,532.0194,532.0194,532.0194,494.019482,494.019482,494.019482
1331,67500,,0.823703,,0.823703,0.823703,0.823703,532.0194,532.0194,532.0194,494.019482,494.019482,494.019482
1332,67500,,0.823703,,0.823703,0.823703,0.823703,532.0194,532.0194,532.0194,494.019482,494.019482,494.019482
1333,67500,,0.823703,,0.823703,0.823703,0.823703,532.0194,532.0194,532.0194,494.019482,494.019482,494.019482
1334,67500,,0.823703,,0.823703,0.823703,0.823703,532.0194,532.0194,532.0194,494.019482,494.019482,494.019482
1335,67500,,0.823703,,0.823703,0.823703,0.823703,532.0194,532.0194,532.0194,494.019482,494.019482,494.019482
1336,67500,,0.823703,,0.823703,0.823703,0.823703,532.0194,532.0194,532.0194,494.019482,494.019482,494.019482
1337,67500,,0.823703,,0.823703,0.823703,0.823703,532.0194,532.0194,532.0194,494.019482,494.019482,494.019482
1338,67500,,0.823703,,0.823703,0.823703,0.823703,532.0194,532.0194,532.0194,494.019482,494.019482,494.019482
1339,67500,,0.823703,,0.823703,0.823703,0.823703,532.0194,532.0194,532.0194,494.019482,494.019482,494.019482
1340,67500,,0.823703,,0.823703,0.823703,0.823703,532.0194,532.0194,532.0194,494.019482,494.019482,494.019482
1341,67500,,0.823703,,0.823703,0.823703,0.823703,532.0194,532.0194,532.0194,494.019482,494.019482,494.019482
1342,67500,,0.823703,,0.823703,0.823703,0.823703,532.0194,532.0194,532.0194,494.019482,494.019482,494.019482
1343,67500,,0.823703,,0.823703,0.823703,0.823703,532.0194,532.0194,532.0194,494.019482,494.019482,494.019482
1344,67500,,0.823703,,0.823703,0.823703,0.823703,532.0194,532.0194,532.0194,494.019482,494.019482,494.019482
1345,67500,,0.823703,,0.823703,0.823703,0.823703,532.0194,532.0194,532.0194,494.019482,494.019482,494.019482
1346,67500,,0.823703,,0.823703,0.823703,0.823703,532.0194,532.0194,532.0194,494.019482,494.019482,494.019482
1347,67500,,0.823703,,0.823703,0.823703,0.823703,532.0194,532.0194,532.0194,494.019482,494.019482,494.019482
1348,67500,,0.823703,,0.823703,0.823703,0.823703,532.0194,532.0194,532.0194,494.019482,494.019482,494.019482
1349,67500,,0.823703,,0.823703,0.823703,0.823703,532.0194,532.0194,532.0194,494.019482,494.019482,494.019482
1350,67500,,0.823703,,0.823703,0.823703,0.823703,532.0194,532.0194,532.0194,494.019482,494.019482,494.019482
1351,67500,,0.823703,,0.823703,0.823703,0.823703,532.0194,532.0194,532.0194,494.019482,494.019482,494.019482
1352,67500,,0.823703,,0.823703,0.823703,0.823703,532.0194,532.0194,532.0194,494.019482,494.019482,494.019482
1353,67500,,0.823703,,0.823703,0.823703,0.823703,532.0194,532.0194,532.0194,494.019482,494.019482,494.019482
1354,67500,,0.823703,,0.823703,0.823703,0.823703,532.0194,532.0194,532.0194,494.019482,494.019482,494.019482
1355,67500,,0.823703,,0.823703,0.823703,0.823703,532.0194,532.0194,532.0194,494.019482,494.019482,494.019482
1356,67500,,0.823703,,0.823703,0.823703,0.823703,532.0194,532.0194,532.0194,494.019482,494.019482,494.019482
1357,67500,,0.823703,,0.823703,0.823703,0.823703,532.0194,532.0194,532.0194,494.019482,494.019482,494.019482
1358,67500,,0.823703,,0.823703,0.823703,0.823703,532.0194,532.0194,532.0194,494.019482,494.019482,494.019482
1359,67500,,0.823703,,0.823703,0.823703,0.823703,532.0194,532.0194,532.0194,494.019482,494.019482,494.019482
1360,67500,,0.823703,,0.823703,0.823703,0.823703,532.0194,532.0194,532.0194,494.019482,494.019482,494.019482
1361,67500,,0.823703,,0.823703,0.823703,0.823703,532.0194,532.0194,532.0194,494.019482,494.019482,494.019482
1362,67500,,0.823703,,0.823703,0.823703,0.823703,532.0194,532.0194,532.0194,494.019482,494.019482,494.019482
1363,67500,,0.823703,,0.823703,0.823703,0.823703,532.0194,532.0194,532.0194,494.019482,494.019482,494.019482
1364,67500,,0.823703,,0.823703,0.823703,0.823703,532.0194,532.0194,532.0194,494.019482,494.019482,494.019482
1365,67500,,0.823703,,0.823703,0.823703,0.823703,532.0194,532.0194,532.0194,494.019482,494.019482,494.019482
1366,67500,,0.823703,,0.823703,0.823703,0.823703,532.0194,532.0194,532.0194,494.019482,494.019482,494.019482
1367,67500,,0.823703,,0.823703,0.823703,0.823703,532.0194,532.0194,532.0194,494.019482,494.019482,494.019482
1368,67500,,0.823703,,0.823703,0.823703,0.823703,532.0194,532.0194,532.0194,494.019482,494.019482,494.019482
1369,67500,,0.823703,,0.823703,0.823703,0.823703,532.0194,532.0194,532.0194,494.019482,494.019482,494.019482
1370,67500,,0.823703,,0.823703,0.823703,0.823703,532.0194,532.0194,532.0194,494.019482,494.019482,494.019482
1371,67500,,0.823703,,0.823703,0.823703,0.823703,532.0194,532.0194,532.0194,494.019482,494.019482,494.019482
1372,67500,,0.823703,,0.823703,0.823703,0.823703,532.0194,532.0194,532.0194,494.019482,494.019482,494.019482
1373,67500,,0.823703,,0.823703,0.823703,0.823703,532.0194,532.0194,532.0194,494.019482,494.019482,494.019482
1374,67500,,0.823703,,0.823703,0.823703,0.823703,532.0194,532.0194,532.0194,494.019482,494.019482,494.019482
1375,67500,,0.823703,,0.823703,0.823703,0.823703,532.0194,532.0194,532.0194,494.019482,494.019482,494.019482
1376,67500,,0.823703,,0.823703,0.823703,0.823703,532.0194,532.0194,532.0194,494.019482,494.019482,494.019482
1377,67500,,0.823703,,0.823703,0.823703,0.823703,532.0194,532.0194,532.0194,494.019482,494.019482,494.019482
1378,67500,,0.823703,,0.823703,0.823703,0.823703,532.0194,532.0194,532.0194,494.019482,494.019482,494.019482
1379,67500,,0.823703,,0.823703,0.823703,0.823703,532.0194,532.0194,532.0194,494.019482,494.019482,494.019482
1380,67500,,0.823703,,0.823703,0.823703,0.823703,532.0194,532.0194,532.0194,494.019482,494.019482,494.019482
1381,67500,,0.823703,,0.823703,0.823703,0.823703,532.0194,532.0194,532.0194,494.019482,494.019482,494.019482
1382,67500,,0.823703,,0.823703,0.823703,0.823703,532.0194,532.0194,532.0194,494.019482,494.019482,494.019482
1383,67500,,0.823703,,0.823703,0.823703,0.823703,532.0194,532.0194,532.0194,494.019482,494.019482,494.019482
1384,67500,,0.823703,,0.823703,0.823703,0.823703,532.0194,532.0194,532.0194,494.019482,494.019482,494.019482
1385,67500,,0.823703,,0.823703,0.823703,0.823703,532.0194,532.0194,532.0194,494.019482,494.019482,494.019482
1386,67500,,0.823703,,0.823703,0.823703,0.823703,532.0194,532.0194,532.0194,494.019482,494.019482,494.019482
1387,67500,,0.823703,,0.823703,0.823703,0.823703,532.0194,532.0194,532.0194,494.019482,494.019482,494.019482
1388,67500,,0.823703,,0.823703,0.823703,0.823703,532.0194,532.0194,532.0194,494.019482,494.019482,494.019482
1389,67500,,0.823703,,0.823703,0.823703,0.823703,532.0194,532.0194,532.0194,494.019482,494.019482,494.019482
1390,67500,,0.823703,,0.823703,0.823703,0.823703,532.0194,532.0194,532.0194,494.019482,494.019482,494.019482
1391,67500,,0.823703,,0.823703,0.823703,0.823703,532.0194,532.0194,532.0194,494.019482,494.019482,494.019482
1392,67500,,0.823703,,0.823703,0.823703,0.823703,532.0194,532.0194,532.0194,494.019482,494.019482,494.019482
1393,67500,,0.823703,,0.823703,0.823703,0.823703,532.0194,532.0194,532.0194,494.019482,494.019482,494.019482
1394,67500,,0.823703,,0.823703,0.823703,0.823703,532.0194,532.0194,532.0194,494.019482,494.019482,494.019482
1395,67500,,0.823703,,0.823703,0.823703,0.823703,532.0194,532.0194,532.0194,494.019482,494.019482,494.019482
1396,67500,,0.823703,,0.823703,0.823703,0.823703,532.0194,532.0194,532.0194,494.019482,494.019482,494.019482
1397,67500,,0.823703,,0.823703,0.823703,0.823703,532.0194,532.0194,532.0194,494.019482,494.019482,494.019482
1398,67500,,0.823703,,0.823703,0.823703,0.823703,532.0194,532.0194,532.0194,494.019482,494.019482,494.019482
1399,67500,,0.823703,,0.823703,0.823703,0.823703,532.0194,532.0194,532.0194,494.019482,494.019482,494.019482
1400,67500,,0.823703,,0.823703,0.823703,0.823703,532.0194,532.0194,532.0194,494.019482,494.019482,494.019482
1401,67500,,0.823703,,0.823703,0.823703,0.823703,532.0194,532.0194,532.0194,494.019482,494.019482,494.019482
1402,67500,,0.823703,,0.823703,0.823703,0.823703,532.0194,532.0194,532.0194,494.019482,494.019482,494.019482
1403,67500,,0.823703,,0.823703,0.823703,0.823703,532.0194,532.0194,532.0194,494.019482,494.019482,494.019482
1404,67500,,0.823703,,0.823703,0.823703,0.823703,532.0194,532.0194,532.0194,494.019482,494.019482,494.019482
1405,67500,,0.823703,,0.823703,0.823703,0.823703,532.0194,532.0194,532.0194,494.019482,494.019482,494.019482
1406,67500,,0.823703,,0.823703,0.823703,0.823703,532.0194,532.0194,532.0194,494.019482,494.019482,494.019482
1407,67500,,0.823703,,0.823703,0.823703,0.823703,532.0194,532.0194,532.0194,494.019482,494.019482,494.019482
1408,67500,,0.823703,,0.823703,0.823703,0.823703,532.0194,532.0194,532.0194,494.019482,494.019482,494.019482
1409,67500,,0.823703,,0.823703,0.823703,0.823703,532.0194,532.0194,532.0194,494.019482,494.019482,494.019482
1410,67500,,0.823703,,0.823703,0.823703,0.823703,532.0194,532.0194,532.0194,494.019482,494.019482,494.019482
1411,67500,,0.823703,,0.823703,0.823703,0.823703,532.0194,532.0194,532.0194,494.019482,494.019482,494.019482
1412,67500,,0.823703,,0.823703,0.823703,0.823703,532.0194,532.0194,532.0194,494.019482,494.019482,494.019482
1413,67500,,0.823703,,0.823703,0.823703,0.823703,532.0194,532.0194,532.0194,494.019482,494.019482,494.019482
1414,67500,,0.823703,,0.823703,0.823703,0.823703,532.0194,532.0194,532.0194,494.019482,494.019482,494.019482
1415,67500,,0.823703,,0.823703,0.823703,0.823703,532.0194,532.0194,532.0194,494.019482,494.019482,494.019482
1416,67500,,0.823703,,0.823703,0.823703,0.823703,532.0194,532.0194,532.0194,494.019482,494.019482,494.019482
1417,67500,,0.823703,,0.823703,0.823703,0.823703,532.0194,532.0194,532.0194,494.019482,494.019482,494.019482
1418,67500,,0.823703,,0.823703,0.823703,0.823703,532.0194,532.0194,532.0194,494.019482,494.019482,494.019482
1419,67500,,0.823703,,0.823703,0.823703,0.823703,532.0194,532.0194,532.0194,494.019482,494.019482,494.019482
1420,67500,,0.823703,,0.823703,0.823703,0.823703,532.0194,532.0194,532.0194,494.019482,494.019482,494.019482
1421,67500,,0.823703,,0.823703,0.823703,0.823703,532.0194,532.0194,532.0194,494.019482,494.019482,494.019482
1422,67500,,0.823703,,0.823703,0.823703,0.823703,532.0194,532.0194,532.0194,494.019482,494.019482,494.019482
1423,67500,,0.823703,,0.823703,0.823703,0.823703,532.0194,532.0194,532.0194,494.019482,494.019482,494.019482
1424,67500,,0.823703,,0.823703,0.823703,0.823703,532.0194,532.0194,532.0194,494.019482,494.019482,494.019482
1425,67500,,0.823703,,0.823703,0.823703,0.823703,532.0194,532.0194,532.0194,494.019482,494.019482,494.019482
1426,67500,,0.823703,,0.823703,0.823703,0.823703,532.0194,532.0194,532.0194,494.019482,494.019482,494.019482
1427,67500,,0.823703,,0.823703,0.823703,0.823703,532.0194,532.0194,532.0194,494.019482,494.019482,494.019482
1428,67500,,0.823703,,0.823703,0.823703,0.823703,532.0194,532.0194,532.0194,494.019482,494.019482,494.019482
1429,67500,,0.823703,,0.823703,0.823703,0.823703,532.0194,532.0194,532.0194,494.019482,494.019482,494.019482
1430,67500,,0.823703,,0.823703,0.823703,0.823703,532.0194,532.0194,532.0194,494.019482,494.019482,494.019482
1431,67500,,0.823703,,0.823703,0.823703,0.823703,532.0194,532.0194,532.0194,494.019482,494.019482,494.019482
1432,67500,,0.823703,,0.823703,0.823703,0.823703,532.0194,532.0194,532.0194,494.019482,494.019482,494.019482
1433,67500,,0.823703,,0.823703,0.823703,0.823703,532.0194,532.0194,532.0194,494.019482,494.019482,494.019482
1434,67500,,0.823703,,0.823703,0.823703,0.823703,532.0194,532.0194,532.0194,494.019482,494.019482,494.019482
1435,67500,,0.823703,,0.823703,0.823703,0.823703,532.0194,532.0194,532.0194,494.019482,494.019482,494.019482
1436,67500,,0.823703,,0.823703,0.823703,0.823703,532.0194,532.0194,532.0194,494.019482,494.019482,494.019482
1437,67500,,0.823703,,0.823703,0.823703,0.823703,532.0194,532.0194,532.0194,494.019482,494.019482,494.019482
1438,67500,,0.823703,,0.823703,0.823703,0.823703,532.0194,532.0194,532.0194,494.019482,494.019482,494.019482
1439,67500,,0.823703,,0.823703,0.823703,0.823703,532.0194,532.0194,532.0194,494.019482,494.019482,494.019482
1440,67500,,0.823703,,0.823703,0.823703,0.823703,532.0194,532.0194,532.0194,494.019482,494.019482,494.019482
1441,67500,,0.823703,,0.823703,0.823703,0.823703,532.0194,532.0194,532.0194,494.019482,494.019482,494.019482
1442,67500,,0.823703,,0.823703,0.823703,0.823703,532.0194,532.0194,532.0194,494.019482,494.019482,494.019482
1443,67500,,0.823703,,0.823703,0.823703,0.823703,532.0194,532.0194,532.0194,494.019482,494.019482,494.019482
1444,67500,,0.823703,,0.823703,0.823703,0.823703,532.0194,532.0194,532.0194,494.019482,494.019482,494.019482
1445,67500,,0.823703,,0.823703,0.823703,0.823703,532.0194,532.0194,532.0194,494.019482,494.019482,494.019482
1446,67500,,0.823703,,0.823703,0.823703,0.823703,532.0194,532.0194,532.0194,494.019482,494.019482,494.019482
1447,67500,,0.823703,,0.823703,0.823703,0.823703,532.0194,532.0194,532.0194,494.019482,494.019482,494.019482
1448,67500,,0.823703,,0.823703,0.823703,0.823703,532.0194,532.0194,532.0194,494.019482,494.019482,494.019482
1449,67500,,0.823703,,0.823703,0.823703,0.823703,532.0194,532.0194,532.0194,494.019482,494.019482,494.019482
1450,67500,,0.823703,,0.823703,0.823703,0.823703,532.0194,532.0194,532.0194,494.019482,494.019482,494.019482
1451,67500,,0.823703,,0.823703,0.823703,0.823703,532.0194,532.0194,532.0194,494.019482,494.019482,494.019482
1452,67500,,0.823703,,0.823703,0.823703,0.823703,532.0194,532.0194,532.0194,494.019482,494.019482,494.019482
1453,67500,,0.823703,,0.823703,0.823703,0.823703,532.0194,532.0194,532.0194,494.019482,494.019482,494.019482
1454,67500,,0.823703,,0.823703,0.823703,0.823703,532.0194,532.0194,532.0194,494.019482,494.019482,494.019482
1455,67500,,0.823703,,0.823703,0.823703,0.823703,532.0194,532.0194,532.0194,494.019482,494.019482,494.019482
1456,67500,,0.823703,,0.823703,0.823703,0.823703,532.0194,532.0194,532.0194,494.019482,494.019482,494.019482
1457,67500,,0.823703,,0.823703,0.823703,0.823703,532.0194,532.0194,532.0194,494.019482,494.019482,494.019482
1458,67500,,0.823703,,0.823703,0.823703,0.823703,532.0194,532.0194,532.0194,494.019482,494.019482,494.019482
1459,67500,,0.823703,,0.823703,0.823703,0.823703,532.0194,532.0194,532.0194,494.019482,494.019482,494.019482
1460,67500,,0.823703,,0.823703,0.823703,0.823703,532.0194,532.0194,532.0194,494.019482,494.019482,494.019482
1461,67500,,0.823703,,0.823703,0.823703,0.823703,532.0194,532.0194,532.0194,494.019482,494.019482,494.019482
1462,67500,,0.823703,,0.823703,0.823703,0.823703,532.0194,532.0194,532.0194,494.019482,494.019482,494.019482
1463,67500,,0.823703,,0.823703,0.823703,0.823703,532.0194,532.0194,532.0194,494.019482,494.019482,494.019482
1464,67500,,0.823703,,0.823703,0.823703,0.823703,532.0194,532.0194,532.0194,494.019482,494.019482,494.019482
1465,67500,,0.823703,,0.823703,0.823703,0.823703,532.0194,532.0194,532.0194,494.019482,494.019482,494.019482
1466,67500,,0.823703,,0.823703,0.823703,0.823703,532.0194,532.0194,532.0194,494.019482,494.019482,494.019482
1467,67500,,0.823703,,0.823703,0.823703,0.823703,532.0194,532.0194,532.0194,494.019482,494.019482,494.019482
1468,67500,,0.823703,,0.823703,0.823703,0.823703,532.0194,532.0194,532.0194,494.019482,494.019482,494.019482
1469,67500,,0.823703,,0.823703,0.823703,0.823703,532.0194,532.0194,532.0194,494.019482,494.019482,494.019482
1470,67500,,0.823703,,0.823703,0.823703,0.823703,532.0194,532.0194,532.0194,494.019482,494.019482,494.019482
1471,67500,,0.823703,,0.823703,0.823703,0.823703,532.0194,532.0194,532.0194,494.019482,494.019482,494.019482
1472,67500,,0.823703,,0.823703,0.823703,0.823703,532.0194,532.0194,532.0194,494.019482,494.019482,494.019482
1473,67500,,0.823703,,0.823703,0.823703,0.823703,532.0194,532.0194,532.0194,494.019482,494.019482,494.019482
1474,67500,,0.823703,,0.823703,0.823703,0.823703,532.0194,532.0194,532.0194,494.019482,494.019482,494.019482
1475,67500,,0.823703,,0.823703,0.823703,0.823703,532.0194,532.0194,532.0194,494.019482,494.019482,494.019482
1476,67500,,0.823703,,0.823703,0.823703,0.823703,532.0194,532.0194,532.0194,494.019482,494.019482,494.019482
1477,67500,,0.823703,,0.823703,0.823703,0.823703,532.0194,532.0194,532.0194,494.019482,494.019482,494.019482
1478,67500,,0.823703,,0.823703,0.823703,0.823703,532.0194,532.0194,532.0194,494.019482,494.019482,494.019482
1479,67500,,0.823703,,0.823703,0.823703,0.823703,532.0194,532.0194,532.0194,494.019482,494.019482,494.019482
1480,67500,,0.823703,,0.823703,0.823703,0.823703,532.0194,532.0194,532.0194,494.019482,494.019482,494.019482
1481,67500,,0.823703,,0.823703,0.823703,0.823703,532.0194,532.0194,532.0194,494.019482,494.019482,494.019482
1482,67500,,0.823703,,0.823703,0.823703,0.823703,532.0194,532.0194,532.0194,494.019482,494.019482,494.019482
1483,67500,,0.823703,,0.823703,0.823703,0.823703,532.0194,532.0194,532.0194,494.019482,494.019482,494.019482
1484,67500,,0.823703,,0.823703,0.823703,0.823703,532.0194,532.0194,532.0194,494.019482,494.019482,494.019482
1485,67500,,0.823703,,0.823703,0.823703,0.823703,532.0194,532.0194,532.0194,494.019482,494.019482,494.019482
1486,67500,,0.823703,,0.823703,0.823703,0.823703,532.0194,532.0194,532.0194,494.019482,494.019482,494.019482
1487,67500,,0.823703,,0.823703,0.823703,0.823703,532.0194,532.0194,532.0194,494.019482,494.019482,494.019482
1488,67500,,0.823703,,0.823703,0.823703,0.823703,532.0194,532.0194,532.0194,494.019482,494.019482,494.019482
1489,67500,,0.823703,,0.823703,0.823703,0.823703,532.0194,532.0194,532.0194,494.019482,494.019482,494.019482
1490,67500,,0.823703,,0.823703,0.823703,0.823703,532.0194,532.0194,532.0194,494.019482,494.019482,494.019482
1491,67500,,0.823703,,0.823703,0.823703,0.823703,532.0194,532.0194,532.0194,494.019482,494.019482,494.019482
1492,67500,,0.823703,,0.823703,0.823703,0.823703,532.0194,532.0194,532.0194,494.019482,494.019482,494.019482
1493,67500,,0.823703,,0.823703,0.823703,0.823703,532.0194,532.0194,532.0194,494.019482,494.019482,494.019482
1494,67500,,0.823703,,0.823703,0.823703,0.823703,532.0194,532.0194,532.0194,494.019482,494.019482,494.019482
1495,67500,,0.823703,,0.823703,0.823703,0.823703,532.0194,532.0194,532.0194,494.019482,494.019482,494.019482
1496,67500,,0.823703,,0.823703,0.823703,0.823703,532.0194,532.0194,532.0194,494.019482,494.019482,494.019482
1497,67500,,0.823703,,0.823703,0.823703,0.823703,532.0194,532.0194,532.0194,494.019482,494.019482,494.019482
1498,67500,,0.823703,,0.823703,0.823703,0.823703,532.0194,532.0194,532.0194,494.019482,494.019482,494.019482
1499,67500,,0.823703,,0.823703,0.823703,0.823703,532.0194,532.0194,532.0194,494.019482,494.019482,494.019482
1500,67500,,0.823703,,0.823703,0.823703,0.823703,532.0194,532.0194,532.0194,494.019482,494.019482,494.019482
1501,67500,,0.823703,,0.823703,0.823703,0.823703,532.0194,532.0194,532.0194,494.019482,494.019482,494.019482
1502,67500,,0.823703,,0.823703,0.823703,0.823703,532.0194,532.0194,532.0194,494.019482,494.019482,494.019482
1503,67500,,0.823703,,0.823703,0.823703,0.823703,532.0194,532.0194,532.0194,494.019482,494.019482,494.019482
1504,67500,,0.823703,,0.823703,0.823703,0.823703,532.0194,532.0194,532.0194,494.019482,494.019482,494.019482
1505,67500,,0.823703,,0.823703,0.823703,0.823703,532.0194,532.0194,532.0194,494.019482,494.019482,494.019482
1506,67500,,0.823703,,0.823703,0.823703,0.823703,532.0194,532.0194,532.0194,494.019482,494.019482,494.019482
1507,67500,,0.823703,,0.823703,0.823703,0.823703,532.0194,532.0194,532.0194,494.019482,494.019482,494.019482
1508,67500,,0.823703,,0.823703,0.823703,0.823703,532.0194,532.0194,532.0194,494.019482,494.019482,494.019482
1509,67500,,0.823703,,0.823703,0.823703,0.823703,532.0194,532.0194,532.0194,494.019482,494.019482,494.019482
1510,67500,,0.823703,,0.823703,0.823703,0.823703,532.0194,532.0194,532.0194,494.019482,494.019482,494.019482
1511,67500,,0.823703,,0.823703,0.823703,0.823703,532.0194,532.0194,532.0194,494.019482,494.019482,494.019482
1512,67500,,0.823703,,0.823703,0.823703,0.823703,532.0194,532.0194,532.0194,494.019482,494.019482,494.019482
1513,67500,,0.823703,,0.823703,0.823703,0.823703,532.0194,532.0194,532.0194,494.019482,494.019482,494.019482
1514,67500,,0.823703,,0.823703,0.823703,0.823703,532.0194,532.0194,532.0194,494.019482,494.019482,494.019482
1515,67500,,0.823703,,0.823703,0.823703,0.823703,532.0194,532.0194,532.0194,494.019482,494.019482,494.019482
1516,67500,,0.823703,,0.823703,0.823703,0.823703,532.0194,532.0194,532.0194,494.019482,494.019482,494.019482
1517,67500,,0.823703,,0.823703,0.823703,0.823703,532.0194,532.0194,532.0194,494.019482,494.019482,494.019482
1518,67500,,0.823703,,0.823703,0.823703,0.823703,532.0194,532.0194,532.0194,494.019482,494.019482,494.019482
1519,67500,,0.823703,,0.823703,0.823703,0.823703,532.0194,532.0194,532.0194,494.019482,494.019482,494.019482
1520,67500,,0.823703,,0.823703,0.823703,0.823703,532.0194,532.0194,532.0194,494.019482,494.019482,494.019482
1521,67500,,0.823703,,0.823703,0.823703,0.823703,532.0194,532.0194,532.0194,494.019482,494.019482,494.019482
1522,67500,,0.823703,,0.823703,0.823703,0.823703,532.0194,532.0194,532.0194,494.019482,494.019482,494.019482
1523,67500,,0.823703,,0.823703,0.823703,0.823703,532.0194,532.0194,532.0194,494.019482,494.019482,494.019482
1524,67500,,0.823703,,0.823703,0.823703,0.823703,532.0194,532.0194,532.0194,494.019482,494.019482,494.019482
1525,67500,,0.823703,,0.823703,0.823703,0.823703,532.0194,532.0194,532.0194,494.019482,494.019482,494.019482
1526,67500,,0.823703,,0.823703,0.823703,0.823703,532.0194,532.0194,532.0194,494.019482,494.019482,494.019482
1527,67500,,0.823703,,0.823703,0.823703,0.823703,532.0194,532.0194,532.0194,494.019482,494.019482,494.019482
1528,67500,,0.823703,,0.823703,0.823703,0.823703,532.0194,532.0194,532.0194,494.019482,494.019482,494.019482
1529,67500,,0.823703,,0.823703,0.823703,0.823703,532.0194,532.0194,532.0194,494.019482,494.019482,494.019482
1530,67500,,0.823703,,0.823703,0.823703,0.823703,532.0194,532.0194,532.0194,494.019482,494.019482,494.019482
1531,67500,,0.823703,,0.823703,0.823703,0.823703,532.0194,532.0194,532.0194,494.019482,494.019482,494.019482
1532,67500,,0.823703,,0.823703,0.823703,0.823703,532.0194,532.0194,532.0194,494.019482,494.019482,494.019482
1533,67500,,0.823703,,0.823703,0.823703,0.823703,532.0194,532.0194,532.0194,494.019482,494.019482,494.019482
1534,67500,,0.823703,,0.823703,0.823703,0.823703,532.0194,532.0194,532.0194,494.019482,494.019482,494.019482
1535,67500,,0.823703,,0.823703,0.823703,0.823703,532.0194,532.0194,532.0194,494.019482,494.019482,494.019482
1536,67500,,0.823703,,0.823703,0.823703,0.823703,532.0194,532.0194,532.0194,494.019482,494.019482,494.019482
1537,67500,,0.823703,,0.823703,0.823703,0.823703,532.0194,532.0194,532.0194,494.019482,494.019482,494.019482
1538,67500,,0.823703,,0.823703,0.823703,0.823703,532.0194,532.0194,532.0194,494.019482,494.019482,494.019482
1539,67500,,0.823703,,0.823703,0.823703,0.823703,532.0194,532.0194,532.0194,494.019482,494.019482,494.019482
1540,67500,,0.823703,,0.823703,0.823703,0.823703,532.0194,532.0194,532.0194,494.019482,494.019482,494.019482
1541,67500,,0.823703,,0.823703,0.823703,0.823703,532.0194,532.0194,532.0194,494.019482,494.019482,494.019482
1542,67500,,0.823703,,0.823703,0.823703,0.823703,532.0194,532.0194,532.0194,494.019482,494.019482,494.019482
1543,67500,,0.823703,,0.823703,0.823703,0.823703,532.0194,532.0194,532.0194,494.019482,494.019482,494.019482
1544,67500,,0.823703,,0.823703,0.823703,0.823703,532.0194,532.0194,532.0194,494.019482,494.019482,494.019482
1545,67500,,0.823703,,0.823703,0.823703,0.823703,532.0194,532.0194,532.0194,494.019482,494.019482,494.019482
1546,67500,,0.823703,,0.823703,0.823703,0.823703,532.0194,532.0194,532.0194,494.019482,494.019482,494.019482
1547,67500,,0.823703,,0.823703,0.823703,0.823703,532.0194,532.0194,532.0194,494.019482,494.019482,494.019482
1548,67500,,0.823703,,0.823703,0.823703,0.823703,532.0194,532.0194,532.0194,494.019482,494.019482,494.019482
1549,67500,,0.823703,,0.823703,0.823703,0.823703,532.0194,532.0194,532.0194,494.019482,494.019482,494.019482
1550,67500,,0.823703,,0.823703,0.823703,0.823703,532.0194,532.0194,532.0194,494.019482,494.019482,494.019482
1551,67500,,0.823703,,0.823703,0.823703,0.823703,532.0194,532.0194,532.0194,494.019482,494.019482,494.019482
1552,67500,,0.823703,,0.823703,0.823703,0.823703,532.0194,532.0194,532.0194,494.019482,494.019482,494.019482
1553,67500,,0.823703,,0.823703,0.823703,0.823703,532.0194,532.0194,532.0194,494.019482,494.019482,494.019482
1554,67500,,0.823703,,0.823703,0.823703,0.823703,532.0194,532.0194,532.0194,494.019482,494.019482,494.019482
1555,67500,,0.823703,,0.823703,0.823703,0.823703,532.0194,532.0194,532.0194,494.019482,494.019482,494.019482
1556,67500,,0.823703,,0.823703,0.823703,0.823703,532.0194,532.0194,532.0194,494.019482,494.019482,494.019482
1557,67500,,0.823703,,0.823703,0.823703,0.823703,532.0194,532.0194,532.0194,494.019482,494.019482,494.019482
1558,67500,,0.823703,,0.823703,0.823703,0.823703,532.0194,532.0194,532.0194,494.019482,494.019482,494.019482
1559,67500,,0.823703,,0.823703,0.823703,0.823703,532.0194,532.0194,532.0194,494.019482,494.019482,494.019482
1560,67500,,0.823703,,0.823703,0.823703,0.823703,532.0194,532.0194,532.0194,494.019482,494.019482,494.019482
1561,67500,,0.823703,,0.823703,0.823703,0.823703,532.0194,532.0194,532.0194,494.019482,494.019482,494.019482
1562,67500,,0.823703,,0.823703,0.823703,0.823703,532.0194,532.0194,532.0194,494.019482,494.019482,494.019482
1563,67500,,0.823703,,0.823703,0.823703,0.823703,532.0194,532.0194,532.0194,494.019482,494.019482,494.019482
1564,67500,,0.823703,,0.823703,0.823703,0.823703,532.0194,532.0194,532.0194,494.019482,494.019482,494.019482
1565,67500,,0.823703,,0.823703,0.823703,0.823703,532.0194,532.0194,532.0194,494.019482,494.019482,494.019482
1566,67500,,0.823703,,0.823703,0.823703,0.823703,532.0194,532.0194,532.0194,494.019482,494.019482,494.019482
1567,67500,,0.823703,,0.823703,0.823703,0.823703,532.0194,532.0194,532.0194,494.019482,494.019482,494.019482
1568,67500,,0.823703,,0.823703,0.823703,0.823703,532.0194,532.0194,532.0194,494.019482,494.019482,494.019482
1569,67500,,0.823703,,0.823703,0.823703,0.823703,532.0194,532.0194,532.0194,494.019482,494.019482,494.019482
1570,67500,,0.823703,,0.823703,0.823703,0.823703,532.0194,532.0194,532.0194,494.019482,494.019482,494.019482
1571,67500,,0.823703,,0.823703,0.823703,0.823703,532.0194,532.0194,532.0194,494.019482,494.019482,494.019482
1572,67500,,0.823703,,0.823703,0.823703,0.823703,532.0194,532.0194,532.0194,494.019482,494.019482,494.019482
1573,67500,,0.823703,,0.823703,0.823703,0.823703,532.0194,532.0194,532.0194,494.019482,494.019482,494.019482
1574,67500,,0.823703,,0.823703,0.823703,0.823703,532.0194,532.0194,532.0194,494.019482,494.019482,494.019482
1575,67500,,0.823703,,0.823703,0.823703,0.823703,532.0194,532.0194,532.0194,494.019482,494.019482,494.019482
1576,67500,,0.823703,,0.823703,0.823703,0.823703,532.0194,532.0194,532.0194,494.019482,494.019482,494.019482
1577,67500,,0.823703,,0.823703,0.823703,0.823703,532.0194,532.0194,532.0194,494.019482,494.019482,494.019482
1578,67500,,0.823703,,0.823703,0.823703,0.823703,532.0194,532.0194,532.0194,494.019482,494.019482,494.019482
1579,67500,,0.823703,,0.823703,0.823703,0.823703,532.0194,532.0194,532.0194,494.019482,494.019482,494.019482
1580,67500,,0.823703,,0.823703,0.823703,0.823703,532.0194,532.0194,532.0194,494.019482,494.019482,494.019482
1581,67500,,0.823703,,0.823703,0.823703,0.823703,532.0194,532.0194,532.0194,494.019482,494.019482,494.019482
1582,67500,,0.823703,,0.823703,0.823703,0.823703,532.0194,532.0194,532.0194,494.019482,494.019482,494.019482
1583,67500,,0.823703,,0.823703,0.823703,0.823703,532.0194,532.0194,532.0194,494.019482,494.019482,494.019482
1584,67500,,0.823703,,0.823703,0.823703,0.823703,532.0194,532.0194,532.0194,494.019482,494.019482,494.019482
1585,67500,,0.823703,,0.823703,0.823703,0.823703,532.0194,532.0194,532.0194,494.019482,494.019482,494.019482
1586,67500,,0.823703,,0.823703,0.823703,0.823703,532.0194,532.0194,532.0194,494.019482,494.019482,494.019482
1587,67500,,0.823703,,0.823703,0.823703,0.823703,532.0194,532.0194,532.0194,494.019482,494.019482,494.019482
1588,67500,,0.823703,,0.823703,0.823703,0.823703,532.0194,532.0194,532.0194,494.019482,494.019482,494.019482
1589,67500,,0.823703,,0.823703,0.823703,0.823703,532.0194,532.0194,532.0194,494.019482,494.019482,494.019482
1590,67500,,0.823703,,0.823703,0.823703,0.823703,532.0194,532.0194,532.0194,494.019482,494.019482,494.019482
1591,67500,,0.823703,,0.823703,0.823703,0.823703,532.0194,532.0194,532.0194,494.019482,494.019482,494.019482
1592,67500,,0.823703,,0.823703,0.823703,0.823703,532.0194,532.0194,532.0194,494.019482,494.019482,494.019482
1593,67500,,0.823703,,0.823703,0.823703,0.823703,532.0194,532.0194,532.0194,494.019482,494.019482,494.019482
1594,67500,,0.823703,,0.823703,0.823703,0.823703,532.0194,532.0194,532.0194,494.019482,494.019482,494.019482
1595,67500,,0.823703,,0.823703,0.823703,0.823703,532.0194,532.0194,532.0194,494.019482,494.019482,494.019482
1596,67500,,0.823703,,0.823703,0.823703,0.823703,532.0194,532.0194,532.0194,494.019482,494.019482,494.019482
1597,67500,,0.823703,,0.823703,0.823703,0.823703,532.0194,532.0194,532.0194,494.019482,494.019482,494.019482
1598,67500,,0.823703,,0.823703,0.823703,0.823703,532.0194,532.0194,532.0194,494.019482,494.019482,494.019482
1599,67500,,0.823703,,0.823703,0.823703,0.823703,532.0194,532.0194,532.0194,494.019482,494.019482,494.019482
1600,67500,,0.823703,,0.823703,0.823703,0.823703,532.0194,532.0194,532.0194,494.019482,494.019482,494.019482
1601,67500,,0.823703,,0.823703,0.823703,0.823703,532.0194,532.0194,532.0194,494.019482,494.019482,494.019482
1602,67500,,0.823703,,0.823703,0.823703,0.823703,532.0194,532.0194,532.0194,494.019482,494.019482,494.019482
1603,67500,,0.823703,,0.823703,0.823703,0.823703,532.0194,532.0194,532.0194,494.019482,494.019482,494.019482
1604,67500,,0.823703,,0.823703,0.823703,0.823703,532.0194,532.0194,532.0194,494.019482,494.019482,494.019482
1605,67500,,0.823703,,0.823703,0.823703,0.823703,532.0194,532.0194,532.0194,494.019482,494.019482,494.019482
1606,67500,,0.823703,,0.823703,0.823703,0.823703,532.0194,532.0194,532.0194,494.019482,494.019482,494.019482
1607,67500,,0.823703,,0.823703,0.823703,0.823703,532.0194,532.0194,532.0194,494.019482,494.019482,494.019482
1608,67500,,0.823703,,0.823703,0.823703,0.823703,532.0194,532.0194,532.0194,494.019482,494.019482,494.019482
1609,67500,,0.823703,,0.823703,0.823703,0.823703,532.0194,532.0194,532.0194,494.019482,494.019482,494.019482
1610,67500,,0.823703,,0.823703,0.823703,0.823703,532.0194,532.0194,532.0194,494.019482,494.019482,494.019482
1611,67500,,0.823703,,0.823703,0.823703,0.823703,532.0194,532.0194,532.0194,494.019482,494.019482,494.019482
1612,67500,,0.823703,,0.823703,0.823703,0.823703,532.0194,532.0194,532.0194,494.019482,494.019482,494.019482
1613,67500,,0.823703,,0.823703,0.823703,0.823703,532.0194,532.0194,532.0194,494.019482,494.019482,494.019482
1614,67500,,0.823703,,0.823703,0.823703,0.823703,532.0194,532.0194,532.0194,494.019482,494.019482,494.019482
1615,67500,,0.823703,,0.823703,0.823703,0.823703,532.0194,532.0194,532.0194,494.019482,494.019482,494.019482
1616,67500,,0.823703,,0.823703,0.823703,0.823703,532.0194,532.0194,532.0194,494.019482,494.019482,494.019482
1617,67500,,0.823703,,0.823703,0.823703,0.823703,532.0194,532.0194,532.0194,494.019482,494.019482,494.019482
1618,67500,,0.823703,,0.823703,0.823703,0.823703,532.0194,532.0194,532.0194,494.019482,494.019482,494.019482
1619,67500,,0.823703,,0.823703,0.823703,0.823703,532.0194,532.0194,532.0194,494.019482,494.019482,494.019482
1620,67500,,0.823703,,0.823703,0.823703,0.823703,532.0194,532.0194,532.0194,494.019482,494.019482,494.019482
1621,67500,,0.823703,,0.823703,0.823703,0.823703,532.0194,532.0194,532.0194,494.019482,494.019482,494.019482
1622,67500,,0.823703,,0.823703,0.823703,0.823703,532.0194,532.0194,532.0194,494.019482,494.019482,494.019482
1623,67500,,0.823703,,0.823703,0.823703,0.823703,532.0194,532.0194,532.0194,494.019482,494.019482,494.019482
1624,67500,,0.823703,,0.823703,0.823703,0.823703,532.0194,532.0194,532.0194,494.019482,494.019482,494.019482
1625,67500,,0.823703,,0.823703,0.823703,0.823703,532.0194,532.0194,532.0194,494.019482,494.019482,494.019482
1626,67500,,0.823703,,0.823703,0.823703,0.823703,532.0194,532.0194,532.0194,494.019482,494.019482,494.019482
1627,67500,,0.823703,,0.823703,0.823703,0.823703,532.0194,532.0194,532.0194,494.019482,494.019482,494.019482
1628,67500,,0.823703,,0.823703,0.823703,0.823703,532.0194,532.0194,532.0194,494.019482,494.019482,494.019482
1629,67500,,0.823703,,0.823703,0.823703,0.823703,532.0194,532.0194,532.0194,494.019482,494.019482,494.019482
1630,67500,,0.823703,,0.823703,0.823703,0.823703,532.0194,532.0194,532.0194,494.019482,494.019482,494.019482
1631,67500,,0.823703,,0.823703,0.823703,0.823703,532.0194,532.0194,532.0194,494.019482,494.019482,494.019482
1632,67500,,0.823703,,0.823703,0.823703,0.823703,532.0194,532.0194,532.0194,494.019482,494.019482,494.019482
1633,67500,,0.823703,,0.823703,0.823703,0.823703,532.0194,532.0194,532.0194,494.019482,494.019482,494.019482
1634,67500,,0.823703,,0.823703,0.823703,0.823703,532.0194,532.0194,532.0194,494.019482,494.019482,494.019482
1635,67500,,0.823703,,0.823703,0.823703,0.823703,532.0194,532.0194,532.0194,494.019482,494.019482,494.019482
1636,67500,,0.823703,,0.823703,0.823703,0.823703,532.0194,532.0194,532.0194,494.019482,494.019482,494.019482
1637,67500,,0.823703,,0.823703,0.823703,0.823703,532.0194,532.0194,532.0194,494.019482,494.019482,494.019482
1638,67500,,0.823703,,0.823703,0.823703,0.823703,532.0194,532.0194,532.0194,494.019482,494.019482,494.019482
1639,67500,,0.823703,,0.823703,0.823703,0.823703,532.0194,532.0194,532.0194,494.019482,494.019482,494.019482
1640,67500,,0.823703,,0.823703,0.823703,0.823703,532.0194,532.0194,532.0194,494.019482,494.019482,494.019482
1641,67500,,0.823703,,0.823703,0.823703,0.823703,532.0194,532.0194,532.0194,494.019482,494.019482,494.019482
1642,67500,,0.823703,,0.823703,0.823703,0.823703,532.0194,532.0194,532.0194,494.019482,494.019482,494.019482
1643,67500,,0.823703,,0.823703,0.823703,0.823703,532.0194,532.0194,532.0194,494.019482,494.019482,494.019482
1644,67500,,0.823703,,0.823703,0.823703,0.823703,532.0194,532.0194,532.0194,494.019482,494.019482,494.019482
1645,67500,,0.823703,,0.823703,0.823703,0.823703,532.0194,532.0194,532.0194,494.019482,494.019482,494.019482
1646,67500,,0.823703,,0.823703,0.823703,0.823703,532.0194,532.0194,532.0194,494.019482,494.019482,494.019482
1647,67500,,0.823703,,0.823703,0.823703,0.823703,532.0194,532.0194,532.0194,494.019482,494.019482,494.019482
1648,67500,,0.823703,,0.823703,0.823703,0.823703,532.0194,532.0194,532.0194,494.019482,494.019482,494.019482
1649,67500,,0.823703,,0.823703,0.823703,0.823703,532.0194,532.0194,532.0194,494.019482,494.019482,494.019482
1650,67500,,0.823703,,0.823703,0.823703,0.823703,532.0194,532.0194,532.0194,494.019482,494.019482,494.019482
1651,67500,,0.823703,,0.823703,0.823703,0.823703,532.0194,532.0194,532.0194,494.019482,494.019482,494.019482
1652,67500,,0.823703,,0.823703,0.823703,0.823703,532.0194,532.0194,532.0194,494.019482,494.019482,494.019482
1653,67500,,0.823703,,0.823703,0.823703,0.823703,532.0194,532.0194,532.0194,494.019482,494.019482,494.019482
1654,67500,,0.823703,,0.823703,0.823703,0.823703,532.0194,532.0194,532.0194,494.019482,494.019482,494.019482
1655,67500,,0.823703,,0.823703,0.823703,0.823703,532.0194,532.0194,532.0194,494.019482,494.019482,494.019482
1656,67500,,0.823703,,0.823703,0.823703,0.823703,532.0194,532.0194,532.0194,494.019482,494.019482,494.019482
1657,67500,,0.823703,,0.823703,0.823703,0.823703,532.0194,532.0194,532.0194,494.019482,494.019482,494.019482
1658,67500,,0.823703,,0.823703,0.823703,0.823703,532.0194,532.0194,532.0194,494.019482,494.019482,494.019482
1659,67500,,0.823703,,0.823703,0.823703,0.823703,532.0194,532.0194,532.0194,494.019482,494.019482,494.019482
1660,67500,,0.823703,,0.823703,0.823703,0.823703,532.0194,532.0194,532.0194,494.019482,494.019482,494.019482
1661,67500,,0.823703,,0.823703,0.823703,0.823703,532.0194,532.0194,532.0194,494.019482,494.019482,494.019482
1662,67500,,0.823703,,0.823703,0.823703,0.823703,532.0194,532.0194,532.0194,494.019482,494.019482,494.019482
1663,67500,,0.823703,,0.823703,0.823703,0.823703,532.0194,532.0194,532.0194,494.019482,494.019482,494.019482
1664,67500,,0.823703,,0.823703,0.823703,0.823703,532.0194,532.0194,532.0194,494.019482,494.019482,494.019482
1665,67500,,0.823703,,0.823703,0.823703,0.823703,532.0194,532.0194,532.0194,494.019482,494.019482,494.019482
1666,67500,,0.823703,,0.823703,0.823703,0.823703,532.0194,532.0194,532.0194,494.019482,494.019482,494.019482
1667,67500,,0.823703,,0.823703,0.823703,0.823703,532.0194,532.0194,532.0194,494.019482,494.019482,494.019482
1668,67500,,0.823703,,0.823703,0.823703,0.823703,532.0194,532.0194,532.0194,494.019482,494.019482,494.019482
1669,67500,,0.823703,,0.823703,0.823703,0.823703,532.0194,532.0194,532.0194,494.019482,494.019482,494.019482
1670,67500,,0.823703,,0.823703,0.823703,0.823703,532.0194,532.0194,532.0194,494.019482,494.019482,494.019482
1671,67500,,0.823703,,0.823703,0.823703,0.823703,532.0194,532.0194,532.0194,494.019482,494.019482,494.019482
1672,67500,,0.823703,,0.823703,0.823703,0.823703,532.0194,532.0194,532.0194,494.019482,494.019482,494.019482
1673,67500,,0.823703,,0.823703,0.823703,0.823703,532.0194,532.0194,532.0194,494.019482,494.019482,494.019482
1674,67500,,0.823703,,0.823703,0.823703,0.823703,532.0194,532.0194,532.0194,494.019482,494.019482,494.019482
1675,67500,,0.823703,,0.823703,0.823703,0.823703,532.0194,532.0194,532.0194,494.019482,494.019482,494.019482
1676,67500,,0.823703,,0.823703,0.823703,0.823703,532.0194,532.0194,532.0194,494.019482,494.019482,494.019482
1677,67500,,0.823703,,0.823703,0.823703,0.823703,532.0194,532.0194,532.0194,494.019482,494.019482,494.019482
1678,67500,,0.823703,,0.823703,0.823703,0.823703,532.0194,532.0194,532.0194,494.019482,494.019482,494.019482
1679,67500,,0.823703,,0.823703,0.823703,0.823703,532.0194,532.0194,532.0194,494.019482,494.019482,494.019482
1680,67500,,0.823703,,0.823703,0.823703,0.823703,532.0194,532.0194,532.0194,494.019482,494.019482,494.019482
1681,67500,,0.823703,,0.823703,0.823703,0.823703,532.0194,532.0194,532.0194,494.019482,494.019482,494.019482
1682,67500,,0.823703,,0.823703,0.823703,0.823703,532.0194,532.0194,532.0194,494.019482,494.019482,494.019482
1683,67500,,0.823703,,0.823703,0.823703,0.823703,532.0194,532.0194,532.0194,494.019482,494.019482,494.019482
1684,67500,,0.823703,,0.823703,0.823703,0.823703,532.0194,532.0194,532.0194,494.019482,494.019482,494.019482
1685,67500,,0.823703,,0.823703,0.823703,0.823703,532.0194,532.0194,532.0194,494.019482,494.019482,494.019482
1686,67500,,0.823703,,0.823703,0.823703,0.823703,532.0194,532.0194,532.0194,494.019482,494.019482,494.019482
1687,67500,,0.823703,,0.823703,0.823703,0.823703,532.0194,532.0194,532.0194,494.019482,494.019482,494.019482
1688,67500,,0.823703,,0.823703,0.823703,0.823703,532.0194,532.0194,532.0194,494.019482,494.019482,494.019482
1689,67500,,0.823703,,0.823703,0.823703,0.823703,532.0194,532.0194,532.0194,494.019482,494.019482,494.019482
1690,67500,,0.823703,,0.823703,0.823703,0.823703,532.0194,532.0194,532.0194,494.019482,494.019482,494.019482
1691,67500,,0.823703,,0.823703,0.823703,0.823703,532.0194,532.0194,532.0194,494.019482,494.019482,494.019482
1692,67500,,0.823703,,0.823703,0.823703,0.823703,532.0194,532.0194,532.0194,494.019482,494.019482,494.019482
1693,67500,,0.823703,,0.823703,0.823703,0.823703,532.0194,532.0194,532.0194,494.019482,494.019482,494.019482
1694,67500,,0.823703,,0.823703,0.823703,0.823703,532.0194,532.0194,532.0194,494.019482,494.019482,494.019482
1695,67500,,0.823703,,0.823703,0.823703,0.823703,532.0194,532.0194,532.0194,494.019482,494.019482,494.019482
1696,67500,,0.823703,,0.823703,0.823703,0.823703,532.0194,532.0194,532.0194,494.019482,494.019482,494.019482
1697,67500,,0.823703,,0.823703,0.823703,0.823703,532.0194,532.0194,532.0194,494.019482,494.019482,494.019482
1698,67500,,0.823703,,0.823703,0.823703,0.823703,532.0194,532.0194,532.0194,494.019482,494.019482,494.019482
1699,67500,,0.823703,,0.823703,0.823703,0.823703,532.0194,532.0194,532.0194,494.019482,494.019482,494.019482
