gen,seed,threads,best_global,picos,fit_best,fit_worst,fit_mean,green_best,green_worst,green_mean,emis_best,emis_worst,emis_mean
0,20000,2,0.501261,,0.501261,0.373691,0.428792,326.5908,251.1444,282.867342,607.812746,656.81378,635.092253
1,20000,2,0.506724,,0.506724,0.383394,0.441704,331.8511,254.1548,290.416729,607.129812,651.262344,630.08028
2,20000,2,0.506724,,0.506724,0.404184,0.454583,331.8511,270.8723,297.478368,604.614654,647.343933,624.766284
3,20000,2,0.518526,,0.518526,0.415037,0.462792,332.7861,274.3716,302.263398,597.28301,640.546971,621.569632
4,20000,2,0.518526,,0.518526,0.416838,0.47386,333.7332,277.3198,308.947522,597.28301,640.698891,617.415996
5,20000,2,0.518526,,0.518526,0.435962,0.480934,336.2054,282.6514,313.047212,597.28301,630.763587,614.645473
6,20000,2,0.520733,,0.520733,0.442262,0.48628,338.2436,285.5452,316.158041,597.28301,628.290798,612.560452
7,20000,2,0.533051,,0.533051,0.447336,0.492822,346.0801,287.6905,320.526557,596.129685,628.275708,610.384507
8,20000,2,0.533051,,0.533051,0.459991,0.501028,346.0801,298.6946,325.671209,595.882693,622.777482,607.43128
9,20000,2,0.533051,,0.533051,0.471399,0.505542,346.0801,306.8309,328.004019,595.882693,621.896045,605.473963
10,20000,2,0.547724,,0.547724,0.474661,0.511094,352.8099,306.8309,331.048488,589.194419,619.553987,603.183344
11,20000,2,0.547724,,0.547724,0.490811,0.515009,352.8099,312.077,333.018933,589.194419,613.224757,601.450019
12,20000,2,0.547724,,0.547724,0.494433,0.518256,355.6708,315.5155,335.384002,589.194419,611.582097,600.502555
13,20000,2,0.547724,,0.547724,0.495855,0.521876,355.6708,321.725,338.147977,589.194419,611.582097,599.530771
14,20000,2,0.551206,,0.551206,0.501456,0.525068,359.1897,322.5745,340.39642,589.194419,606.130353,598.547896
15,20000,2,0.551206,,0.551206,0.508363,0.527667,359.1897,328.3269,342.401525,589.194419,606.130353,597.863682
16,20000,2,0.557323,,0.557323,0.508363,0.530065,360.973,328.3269,344.195607,586.925902,605.300413,597.195471
17,20000,2,0.560205,,0.560205,0.508363,0.533177,361.6798,328.3269,346.463789,585.26867,604.054523,596.288042
18,20000,2,0.560205,,0.560205,0.516785,0.535764,361.6798,335.1902,348.30474,585.26867,602.687736,595.503813
19,20000,2,0.560205,,0.560205,0.520588,0.538996,362.6922,336.1914,350.418037,585.26867,601.290145,594.399658
20,20000,2,0.564465,,0.564465,0.523926,0.542357,366.2264,336.3171,352.484791,584.446108,600.850438,593.16272
21,20000,2,0.564465,,0.564465,0.529179,0.545312,366.2264,341.3022,354.250654,584.115922,598.939195,592.041176
22,20000,2,0.566068,,0.566068,0.530465,0.548258,366.2264,343.2025,356.155982,582.718102,598.974513,591.019778
23,20000,2,0.569804,,0.569804,0.534389,0.551668,369.2678,343.2025,358.165348,582.617986,597.183172,589.70658
24,20000,2,0.571209,,0.571209,0.53558,0.554069,369.2678,343.8379,359.69659,580.802221,596.403482,588.859726
25,20000,2,0.571209,,0.571209,0.53607,0.556204,369.2678,344.3529,360.903998,580.802221,595.591312,588.003975
26,20000,2,0.573501,,0.573501,0.542357,0.558763,371.998,348.8318,362.617952,580.103439,593.814498,587.15643
27,20000,2,0.573501,,0.573501,0.546189,0.560894,371.998,354.4231,363.859323,580.103439,593.814498,586.325882
28,20000,2,0.580776,,0.580776,0.550327,0.56326,376.2063,357.5562,365.300903,579.091949,592.293167,585.446587
29,20000,2,0.580776,,0.580776,0.550327,0.565303,376.2063,357.5562,366.416109,579.091949,591.193892,584.600196
30,20000,2,0.581348,,0.581348,0.555016,0.567672,376.2063,359.6999,367.782236,578.383545,590.712262,583.667892
31,20000,2,0.582287,,0.582287,0.55624,0.568994,379.2265,359.6999,368.626577,578.31841,589.932572,583.202809
32,20000,2,0.58359,,0.58359,0.55624,0.570938,379.2265,359.6999,370.07891,577.804496,588.15849,582.659698
33,20000,2,0.589431,,0.589431,0.560368,0.573298,380.8436,362.648,371.71103,575.448525,588.15849,581.912548
34,20000,2,0.589431,,0.589431,0.560929,0.575823,380.8436,362.648,373.046737,575.448525,585.854165,580.837925
35,20000,2,0.592695,,0.592695,0.560929,0.578005,385.4321,363.1963,374.582969,575.448525,585.854165,580.165489
36,20000,2,0.597912,,0.597912,0.567557,0.580542,388.1309,366.7932,376.334696,573.716442,584.00739,579.360325
37,20000,2,0.597912,,0.597912,0.571252,0.583346,388.1309,366.3782,378.266528,573.140151,584.00739,578.467446
38,20000,2,0.597912,,0.597912,0.574184,0.586164,388.3327,369.9776,380.134146,573.084674,583.306775,577.521402
39,20000,2,0.597912,,0.597912,0.577182,0.588159,388.7787,373.7553,381.452144,573.140151,583.867934,576.848474
40,20000,2,0.601033,,0.601033,0.577904,0.590496,394.4885,373.7553,382.804645,573.121704,580.312988,575.931318
41,20000,2,0.607333,,0.607333,0.584126,0.592411,395.1768,377.6214,383.968138,570.860786,579.919936,575.217917
42,20000,2,0.618147,,0.618147,0.584262,0.594654,401.8142,378.3847,385.37184,567.102267,579.919936,574.40894
43,20000,2,0.618147,,0.618147,0.585745,0.596444,401.8142,379.0548,386.545462,567.102267,578.529088,573.798992
44,20000,2,0.619055,,0.619055,0.589069,0.598695,401.8142,382.0508,387.987454,566.119579,577.108207,573.009818
45,20000,2,0.619055,,0.619055,0.590259,0.600841,401.8142,382.5541,389.282614,566.119579,576.318642,572.203275
46,20000,2,0.619055,,0.619055,0.593545,0.60301,401.8142,383.5545,390.588573,565.961973,575.123394,571.38648
47,20000,2,0.619894,,0.619894,0.595361,0.604368,402.3282,384.3975,391.46848,565.961973,574.207407,570.917448
48,20000,2,0.619894,,0.619894,0.597343,0.605913,402.3282,384.3975,392.55561,566.084062,573.873265,570.440433
49,20000,2,0.619894,,0.619894,0.597671,0.607599,402.3282,384.3975,393.53989,566.04866,573.873265,569.785294
50,20000,2,0.619894,,0.619894,0.59773,0.609501,402.3282,384.62,394.728433,565.096848,573.873265,569.098273
51,20000,2,0.621281,,0.621281,0.59773,0.611124,402.7042,384.62,395.624869,564.569187,571.66282,568.432779
52,20000,2,0.621281,,0.621281,0.602244,0.612665,402.8072,386.5761,396.570393,564.569187,571.532225,567.864294
53,20000,2,0.629167,,0.629167,0.602849,0.61416,406.174,387.7706,397.406129,561.428561,571.532225,567.258541
54,20000,2,0.629167,,0.629167,0.602858,0.615702,406.174,387.7706,398.320644,561.428561,572.022317,566.668549
55,20000,2,0.630469,,0.630469,0.604856,0.617355,407.2707,387.8805,399.194348,560.581331,571.43009,565.964352
56,20000,2,0.63344,,0.63344,0.605989,0.619154,407.2707,389.075,400.221143,556.798495,571.170496,565.249343
57,20000,2,0.63344,,0.63344,0.606148,0.621309,410.083,389.075,401.502197,556.798495,570.968424,564.426877
58,20000,2,0.63344,,0.63344,0.611806,0.622991,416.2036,394.4818,402.456015,556.798495,570.47137,563.754426
59,20000,2,0.635033,,0.635033,0.616555,0.62457,416.2036,396.0357,403.044825,555.958436,567.249146,562.916806
60,20000,2,0.638291,,0.638291,0.61768,0.626417,416.2036,397.4266,404.099464,554.804952,567.90294,562.18304
61,20000,2,0.645294,,0.645294,0.618193,0.628304,416.2036,398.1304,405.212396,554.414225,567.90294,561.456689
62,20000,2,0.645294,,0.645294,0.61823,0.629807,416.2036,398.1304,406.21513,554.414225,566.927747,560.956669
63,20000,2,0.645294,,0.645294,0.61823,0.631465,416.2036,398.1304,407.010728,554.282011,566.026325,560.196486
64,20000,2,0.645294,,0.645294,0.62115,0.633012,417.8875,399.5742,407.751852,554.282011,566.026325,559.486087
65,20000,2,0.645294,,0.645294,0.623979,0.634578,417.8875,402.0525,408.626598,554.282011,564.768623,558.851267
66,20000,2,0.645294,,0.645294,0.623979,0.636214,418.8782,403.107,409.790233,554.282011,564.768623,558.354661
67,20000,2,0.645294,,0.645294,0.623979,0.637498,421.3847,403.107,410.586452,553.359914,564.768623,557.88653
68,20000,2,0.645294,,0.645294,0.623979,0.639182,421.3847,404.8399,411.6333,553.359914,564.768623,557.2745
69,20000,2,0.649576,,0.649576,0.623979,0.64021,421.3847,405.1204,412.348093,551.715025,564.768623,556.951751
70,20000,2,0.649976,,0.649976,0.63222,0.641466,423.0312,406.036,413.090935,551.715025,561.109893,556.469859
71,20000,2,0.650057,,0.650057,0.632237,0.642337,424.7495,406.7945,413.585684,551.715025,560.440207,556.122267
72,20000,2,0.650181,,0.650181,0.632237,0.643324,424.8144,406.7945,414.262263,551.715025,560.440207,555.805478
73,20000,2,0.652087,,0.652087,0.632429,0.644184,426.0192,406.7945,414.63961,551.569476,560.805982,555.387878
74,20000,2,0.652087,,0.652087,0.634167,0.644962,426.0192,406.7945,415.152835,551.075443,559.92381,555.124949
75,20000,2,0.65465,,0.65465,0.637582,0.646111,426.0192,407.6155,415.755265,551.075443,558.679843,554.632333
76,20000,2,0.65465,,0.65465,0.640315,0.647191,426.0192,408.0248,416.535035,549.827922,558.679843,554.312683
77,20000,2,0.656434,,0.656434,0.640548,0.648724,427.7915,408.1727,417.328521,549.827922,558.0409,553.648507
78,20000,2,0.656434,,0.656434,0.640922,0.649732,427.7915,410.1227,418.026387,549.827922,558.211001,553.329892
79,20000,2,0.657753,,0.657753,0.643939,0.651346,428.4813,410.4883,419.191998,547.808408,556.848884,552.851852
80,20000,2,0.657753,,0.657753,0.648087,0.652337,428.4813,412.2347,420.03411,547.808408,556.848884,552.643074
81,20000,2,0.657753,,0.657753,0.648752,0.653123,428.4813,412.2347,420.596095,547.808408,556.19507,552.406633
82,20000,2,0.658669,,0.658669,0.649754,0.653959,428.4813,413.1229,421.114318,547.319542,556.19507,552.101847
83,20000,2,0.66206,,0.66206,0.649754,0.654668,428.5462,413.1229,421.550459,547.173993,556.19507,551.84111
84,20000,2,0.664765,,0.664765,0.649754,0.655752,429.7606,413.1229,422.294953,544.843138,555.772539,551.494606
85,20000,2,0.669094,,0.665997,0.64559,0.656943,429.7606,408.3492,422.702209,540.469873,555.772539,550.83839
86,20000,2,0.669379,,0.669379,0.646309,0.658582,429.7606,411.1261,423.794212,540.450774,555.772539,550.291989
87,20000,2,0.669379,,0.669379,0.652088,0.659861,430.0128,411.1261,424.773417,540.450774,555.772539,549.950525
88,20000,2,0.67357,,0.67357,0.656316,0.66135,436.4392,411.1261,425.563936,540.450774,554.520848,549.318643
89,20000,2,0.67357,,0.67357,0.656575,0.662484,436.4392,415.5759,426.381843,540.2861,554.520848,548.981908
90,20000,2,0.67357,,0.67357,0.656665,0.663324,436.4392,415.6544,426.915615,540.450774,554.079649,548.684505
91,20000,2,0.67357,,0.67357,0.656849,0.664385,436.4392,414.8765,427.312517,540.450774,554.079649,548.122842
92,20000,2,0.675564,,0.675564,0.658539,0.665221,436.4392,414.8765,427.750793,540.23507,553.53746,547.764972
93,20000,2,0.675564,,0.675564,0.658539,0.666265,436.4392,414.8765,428.134873,540.23507,553.53746,547.207745
94,20000,2,0.677713,,0.677713,0.658539,0.667337,437.6586,417.9877,428.766829,539.262288,553.53746,546.79535
95,20000,2,0.677713,,0.677713,0.662526,0.668466,437.6586,417.9877,429.077987,538.449131,551.501395,546.122889
96,20000,2,0.677713,,0.677713,0.662526,0.669282,437.6586,422.8531,429.466993,538.449131,551.382375,545.747456
97,20000,2,0.677713,,0.677713,0.662526,0.670177,437.6586,423.0398,429.870136,538.557344,551.382375,545.319448
98,20000,2,0.677713,,0.677713,0.662526,0.670644,437.6586,423.0398,430.006463,538.557344,551.382375,545.045991
99,20000,2,0.681235,,0.681235,0.66383,0.67141,437.6586,423.6591,430.248143,538.557344,550.760577,544.61048
100,20000,2,0.681478,,0.681478,0.664939,0.672326,438.322,424.4426,430.693679,538.337246,550.276632,544.195023
101,20000,2,0.681552,,0.681552,0.666536,0.673167,438.322,424.4426,431.088139,538.337246,549.124369,543.803167
102,20000,2,0.681552,,0.681552,0.667345,0.674003,438.3388,425.9884,431.916144,537.616776,548.713624,543.705944
103,20000,2,0.682456,,0.682456,0.667345,0.674872,438.3388,425.9884,432.42965,537.616776,548.362923,543.3722
104,20000,2,0.683555,,0.683555,0.667345,0.675518,439.1071,425.9884,433.088537,537.616776,548.362923,543.309792
105,20000,2,0.683555,,0.683555,0.66932,0.676219,440.138,426.7953,433.923604,537.616776,548.362923,543.32265
106,20000,2,0.684016,,0.684016,0.670406,0.676921,440.138,426.7953,434.364659,537.616776,547.790502,543.070966
107,20000,2,0.684016,,0.684016,0.67109,0.677638,441.4973,427.9889,434.846744,537.616776,547.790502,542.834121
108,20000,2,0.684025,,0.684025,0.67109,0.678328,443.8731,427.9889,435.25256,537.616776,547.790502,542.568373
109,20000,2,0.685365,,0.685365,0.67187,0.678949,444.709,428.6727,435.657752,537.719676,547.720115,542.355445
110,20000,2,0.68645,,0.68645,0.67187,0.67967,444.709,428.6727,436.003673,537.719676,547.720115,542.024667
111,20000,2,0.688222,,0.688222,0.672574,0.680578,444.709,430.3364,436.588416,537.698414,546.290624,541.708786
112,20000,2,0.688222,,0.688222,0.675124,0.6813,444.709,430.3364,437.134658,537.698414,546.159802,541.511526
113,20000,2,0.691447,,0.691447,0.675319,0.681952,444.8456,431.4718,437.783937,536.887835,545.99754,541.437542
114,20000,2,0.695358,,0.695358,0.676507,0.682823,447.6966,432.0516,438.562957,536.26481,545.99754,541.280283
115,20000,2,0.695358,,0.695358,0.677003,0.683492,447.6966,432.0516,439.363913,536.26481,545.99754,541.29545
116,20000,2,0.695358,,0.695358,0.677003,0.684156,448.5633,432.0516,440.041029,536.26481,545.99754,541.230873
117,20000,2,0.695358,,0.695358,0.677003,0.68498,449.074,432.0516,440.80779,536.26481,545.99754,541.102415
118,20000,2,0.695358,,0.695358,0.678253,0.685833,449.074,434.8927,441.744691,536.26481,545.951664,541.064365
119,20000,2,0.695595,,0.695595,0.678838,0.686535,449.074,435.297,442.293546,536.080141,545.951664,540.884901
120,20000,2,0.695595,,0.695595,0.679309,0.687727,450.5194,435.9513,443.5555,536.080141,545.951664,540.80073
121,20000,2,0.696827,,0.696827,0.679746,0.688495,449.3804,437.3662,443.966726,535.645476,546.548759,540.477208
122,20000,2,0.698031,,0.698031,0.67987,0.689356,450.3072,438.8945,444.279679,535.622705,546.548759,540.01559
123,20000,2,0.698031,,0.698031,0.680063,0.690228,452.1846,438.8945,444.806754,535.272171,546.548759,539.688389
124,20000,2,0.700492,,0.700492,0.682468,0.691527,452.1846,435.3167,445.641803,534.750361,544.592401,539.235216
125,20000,2,0.700492,,0.700492,0.682468,0.692447,452.1846,439.8786,446.265086,534.750361,544.592401,538.934745
126,20000,2,0.700492,,0.700492,0.684841,0.693185,452.1846,441.3591,446.57807,534.750361,543.145138,538.56906
127,20000,2,0.700492,,0.700492,0.68705,0.69397,453.4686,442.1681,446.998164,534.750361,542.89701,538.238594
128,20000,2,0.700492,,0.700492,0.688921,0.694581,453.4686,442.4337,447.272529,534.347643,542.803242,537.945429
129,20000,2,0.700492,,0.700492,0.688921,0.695342,453.4686,442.9675,447.721962,534.300018,542.803242,537.652904
130,20000,2,0.700492,,0.700492,0.688921,0.695794,453.4686,442.9675,447.9652,534.300018,542.803242,537.463249
131,20000,2,0.705226,,0.705226,0.69106,0.696394,454.126,442.9675,448.031574,533.33783,541.772299,537.040001
132,20000,2,0.706354,,0.706354,0.691625,0.697132,453.4686,444.364,448.23546,532.89223,541.353321,536.600785
133,20000,2,0.706354,,0.706354,0.692779,0.697562,453.4686,445.6687,448.467587,532.89223,541.353321,536.421158
134,20000,2,0.706354,,0.706354,0.692968,0.69826,453.4686,445.8053,448.670363,532.89223,541.353321,536.012257
135,20000,2,0.706354,,0.706354,0.693019,0.698869,453.4686,445.8053,448.876406,532.89223,541.353321,535.675944
136,20000,2,0.706354,,0.706354,0.693587,0.699489,453.4349,446.1726,449.267633,532.89223,541.353321,535.45402
137,20000,2,0.707853,,0.707853,0.693587,0.700158,455.0055,446.1726,449.551181,532.775075,541.316009,535.122435
138,20000,2,0.707853,,0.707853,0.694324,0.700809,455.0055,446.1726,449.998016,532.699133,541.316009,534.913965
139,20000,2,0.707853,,0.707853,0.694324,0.701632,455.2583,446.1726,450.362517,532.775075,541.316009,534.51617
140,20000,2,0.709446,,0.709446,0.69453,0.702442,456.3507,446.1726,450.934501,532.337968,541.276592,534.267475
141,20000,2,0.709446,,0.709446,0.695788,0.703456,456.3507,446.1726,451.722394,532.337968,540.330226,534.004575
142,20000,2,0.709446,,0.709446,0.695788,0.704169,456.3507,446.1726,452.228615,532.337968,540.330226,533.787644
143,20000,2,0.709936,,0.709936,0.695788,0.705032,457.2305,447.1637,452.798591,531.914736,537.898414,533.496636
144,20000,2,0.709936,,0.709936,0.69799,0.705668,457.755,447.447,453.278332,531.165223,535.935982,533.32247
145,20000,2,0.710992,,0.710992,0.69799,0.706218,457.755,447.447,453.654708,531.165223,535.935982,533.145543
146,20000,2,0.710992,,0.710992,0.699026,0.706877,457.8764,449.294,454.101477,531.100688,535.833381,532.930693
147,20000,2,0.710992,,0.710992,0.700974,0.707445,457.9213,449.4712,454.391514,530.365648,535.237434,532.681767
148,20000,2,0.711481,,0.711481,0.700974,0.707819,458.1501,449.4712,454.635567,530.365648,535.237434,532.554177
149,20000,2,0.711537,,0.711537,0.700974,0.708376,458.1501,449.4712,455.051609,530.365648,534.432331,532.398163
150,20000,2,0.712074,,0.712074,0.705434,0.708811,458.5692,453.1197,455.378381,530.365648,533.726883,532.277744
151,20000,2,0.712074,,0.712074,0.705893,0.709145,458.5692,453.3495,455.662414,530.365648,533.726883,532.207935
152,20000,2,0.713482,,0.713482,0.705893,0.709507,459.2698,453.7781,455.957201,530.365648,533.726883,532.122842
153,20000,2,0.713482,,0.713482,0.706415,0.709888,459.2698,453.707,456.166703,530.365648,533.726883,531.9662
154,20000,2,0.713482,,0.713482,0.707263,0.710268,459.2698,454.0141,456.381654,530.365648,533.726883,531.813536
155,20000,2,0.714062,,0.714062,0.708544,0.710778,459.5905,454.4793,456.747295,530.365648,533.726883,531.661043
156,20000,2,0.714062,,0.714062,0.708837,0.711184,459.5905,454.4793,457.022879,530.365648,533.294073,531.528615
157,20000,2,0.71586,,0.71586,0.709363,0.711488,460.6997,454.4793,457.191054,530.158389,533.294073,531.404166
158,20000,2,0.71586,,0.71586,0.709363,0.711783,460.6997,454.4793,457.356807,530.126562,532.444279,531.285145
159,20000,2,0.716376,,0.716376,0.709952,0.712299,460.9838,454.4793,457.668038,529.528907,532.444279,531.091885
160,20000,2,0.716376,,0.716376,0.710299,0.71268,460.9838,454.4793,457.949928,530.126562,532.444279,530.983492
161,20000,2,0.716376,,0.716376,0.710389,0.713124,460.9838,454.8956,458.329428,529.298044,532.011468,530.891049
162,20000,2,0.717347,,0.717347,0.710526,0.713504,461.2648,454.8956,458.613279,529.298044,532.011468,530.785035
163,20000,2,0.717347,,0.717347,0.710526,0.713958,461.2677,454.8956,458.947083,529.298044,531.871123,530.654548
164,20000,2,0.717485,,0.717485,0.710526,0.714442,461.5518,454.8956,459.410633,529.298044,531.871123,530.587963
165,20000,2,0.717485,,0.717485,0.711845,0.714915,461.5518,456.6827,459.802219,529.409847,531.545943,530.480865
166,20000,2,0.717485,,0.717485,0.711845,0.715507,461.5518,456.6827,460.279255,529.564086,531.545943,530.339302
167,20000,2,0.718094,,0.718094,0.712776,0.715895,461.9582,457.2434,460.557486,529.446567,531.40773,530.223118
168,20000,2,0.718456,,0.718456,0.712776,0.716202,462.1067,457.2434,460.748548,529.080141,531.40773,530.111342
169,20000,2,0.718456,,0.718456,0.712776,0.716508,462.1067,457.2434,460.947659,529.080141,531.40773,530.00657
170,20000,2,0.727702,,0.727702,0.709726,0.717166,469.6842,446.4955,461.188456,525.611999,531.127195,529.654154
171,20000,2,0.727702,,0.727702,0.709726,0.717772,471.2775,446.4955,461.639503,525.611999,530.957786,529.483862
172,20000,2,0.72986,,0.72986,0.710518,0.718539,472.815,454.5568,462.390473,526.667054,530.669693,529.388503
173,20000,2,0.72986,,0.72986,0.71605,0.719146,472.815,460.9838,462.882914,525.092805,530.713318,529.245381
174,20000,2,0.729928,,0.729928,0.71644,0.719933,474.0926,461.0204,463.573952,525.092805,530.737015,529.094606
175,20000,2,0.729928,,0.729928,0.717072,0.720469,474.0926,461.2648,463.910139,525.092805,530.713318,528.90173
176,20000,2,0.729928,,0.729928,0.717485,0.721139,474.0926,461.2648,464.5952,525.092805,531.650804,528.837936
177,20000,2,0.729928,,0.729928,0.717485,0.721969,475.3517,461.2648,465.39746,525.092805,531.650804,528.72834
178,20000,2,0.730673,,0.730673,0.717678,0.722795,475.3517,461.8172,466.236224,525.092805,531.650804,528.646225
179,20000,2,0.741695,,0.741695,0.718396,0.72398,479.6488,461.4237,467.376157,522.892231,531.768323,528.486139
180,20000,2,0.741695,,0.741695,0.718685,0.724659,479.6488,461.4237,468.037259,522.892231,531.768323,528.399027
181,20000,2,0.741695,,0.741695,0.718723,0.725425,479.6488,462.0982,468.865844,522.892231,532.783924,528.356601
182,20000,2,0.741695,,0.741695,0.719135,0.726546,479.6488,460.2916,469.645467,522.892231,532.783924,528.004857
183,20000,2,0.741695,,0.741695,0.719135,0.727595,479.6488,462.1165,470.539351,522.892231,530.500336,527.785868
184,20000,2,0.741695,,0.741695,0.719539,0.728328,479.6488,462.1165,471.163084,522.892231,530.500336,527.632212
185,20000,2,0.741695,,0.741695,0.721807,0.729037,479.6488,463.6131,471.789014,522.892231,530.500336,527.498723
186,20000,2,0.741695,,0.741695,0.723613,0.729695,479.6488,465.0926,472.211495,522.892231,529.238671,527.268579
187,20000,2,0.742823,,0.742823,0.724401,0.730443,480.2967,465.816,472.853141,522.446632,529.238671,527.115037
188,20000,2,0.742823,,0.742823,0.725165,0.731254,480.2967,465.9251,473.502497,522.446632,529.238671,526.917001
189,20000,2,0.743824,,0.743824,0.725714,0.732115,481.0434,466.4794,474.119387,522.165629,529.145641,526.658847
190,20000,2,0.743824,,0.743824,0.725714,0.733013,481.0434,465.9251,474.969308,522.165629,529.145641,526.528296
191,20000,2,0.743824,,0.743824,0.725714,0.733857,481.0434,466.4794,475.470976,521.874595,529.057021,526.206146
192,20000,2,0.743824,,0.743824,0.725714,0.735123,482.001,466.4794,476.173186,521.874595,529.158854,525.689574
193,20000,2,0.744159,,0.744159,0.728861,0.735946,482.001,466.7107,476.757817,521.732275,529.158854,525.438656
194,20000,2,0.744159,,0.744159,0.728869,0.737042,482.001,466.7107,477.350309,521.732275,528.088325,524.980862
195,20000,2,0.745237,,0.745237,0.729964,0.738176,482.6723,471.9573,477.977376,521.516804,528.088325,524.51675
196,20000,2,0.745237,,0.745237,0.729964,0.738902,482.2967,472.5057,478.282061,521.516804,527.892742,524.155061
197,20000,2,0.745237,,0.745237,0.731409,0.739582,482.2967,472.8732,478.756372,520.879789,527.806865,523.942452
198,20000,2,0.745237,,0.745237,0.731647,0.740304,483.651,472.8732,479.090797,520.815995,527.494121,523.603101
199,20000,2,0.745237,,0.745237,0.733685,0.740973,482.2967,472.8732,479.400526,520.815995,527.494121,523.288518
200,20000,2,0.745283,,0.745283,0.733685,0.741582,482.2967,472.8732,479.722109,520.815995,527.469449,523.029327
201,20000,2,0.7455,,0.7455,0.73385,0.742211,482.2967,475.8268,480.038824,520.53253,527.383571,522.750755
202,20000,2,0.74768,,0.74768,0.735837,0.74272,483.4967,476.8277,480.266428,520.251527,526.374534,522.50603
203,20000,2,0.74768,,0.74768,0.736114,0.743538,483.4967,476.8277,480.697372,520.251527,526.307067,522.156836
204,20000,2,0.74768,,0.74768,0.736871,0.744106,483.4967,477.7508,481.003199,520.251527,526.278886,521.918876
205,20000,2,0.74768,,0.74768,0.739226,0.744553,483.4967,477.7508,481.248138,520.251527,523.778477,521.734504
206,20000,2,0.74821,,0.74821,0.740978,0.744971,483.5812,479.2126,481.568715,520.251527,523.588774,521.623586
207,20000,2,0.749017,,0.749017,0.740978,0.745443,483.9865,479.8534,481.824,520.087937,523.588774,521.42629
208,20000,2,0.750434,,0.750434,0.742823,0.745889,484.91,480.1225,482.026255,519.601118,523.03716,521.213758
209,20000,2,0.750434,,0.750434,0.742823,0.746412,485.7421,480.0841,482.312245,519.601118,523.03716,520.997549
210,20000,2,0.750434,,0.750434,0.743378,0.74706,485.7421,480.0841,482.686934,519.426542,523.03716,520.743193
211,20000,2,0.750434,,0.750434,0.744474,0.747676,485.7421,480.4449,483.114108,519.200113,521.569568,520.548892
212,20000,2,0.753536,,0.753536,0.744474,0.748229,485.9996,480.4449,483.481249,517.67904,521.516956,520.363581
213,20000,2,0.753536,,0.753536,0.745741,0.748733,485.9996,481.2215,483.792363,517.67904,521.205598,520.179078
214,20000,2,0.753536,,0.753536,0.745741,0.749124,486.6319,481.2215,484.029637,517.67904,521.1691,520.032745
215,20000,2,0.753536,,0.753536,0.745777,0.749613,486.6319,481.6507,484.318548,517.67904,521.1691,519.84523
216,20000,2,0.753536,,0.753536,0.745777,0.749989,486.9447,481.6507,484.503323,517.67904,521.04937,519.676102
217,20000,2,0.753536,,0.753536,0.745777,0.750328,486.9447,481.6507,484.694778,517.67904,521.04937,519.539545
218,20000,2,0.753536,,0.753536,0.745777,0.750759,486.9447,481.6507,484.950037,517.67904,521.04937,519.374346
219,20000,2,0.753961,,0.753961,0.745777,0.751094,487.5944,481.6507,485.118561,517.509457,521.797959,519.226501
220,20000,2,0.755761,,0.755761,0.745777,0.751447,487.5944,481.6507,485.310228,516.713911,521.04937,519.079425
221,20000,2,0.755761,,0.755761,0.749175,0.752007,487.5944,483.3599,485.50447,516.713911,520.762685,518.772773
222,20000,2,0.755761,,0.755761,0.749187,0.752386,487.5554,483.8637,485.693591,516.713911,520.293399,518.603421
223,20000,2,0.755761,,0.755761,0.749982,0.752846,487.8682,483.9436,486.050791,516.713911,520.275865,518.48452
224,20000,2,0.756341,,0.756341,0.750118,0.753203,488.1766,483.9436,486.237274,516.713911,520.275865,518.330704
225,20000,2,0.756341,,0.756341,0.750118,0.753633,488.1766,483.9436,486.476057,516.658075,519.666801,518.155434
226,20000,2,0.756341,,0.756341,0.750118,0.754008,488.758,483.9436,486.674401,516.658075,519.524482,517.995555
227,20000,2,0.756341,,0.756341,0.751295,0.754337,488.758,485.3313,486.843553,516.544329,519.524482,517.852359
228,20000,2,0.756341,,0.756341,0.751295,0.75465,488.758,485.3313,487.042099,516.544329,519.524482,517.741104
229,20000,2,0.757157,,0.757157,0.751295,0.754916,488.758,485.3313,487.221203,516.243606,519.524482,517.654109
230,20000,2,0.757157,,0.757157,0.752659,0.755183,488.758,486.0153,487.30033,516.195284,519.524482,517.498878
231,20000,2,0.757157,,0.757157,0.752659,0.755435,488.758,485.8725,487.400819,516.195284,519.524482,517.369353
232,20000,2,0.757157,,0.757157,0.752659,0.755679,488.758,486.0592,487.493581,516.195284,518.635989,517.241279
233,20000,2,0.757179,,0.757179,0.753691,0.755981,488.758,486.2938,487.643993,516.195284,518.300925,517.106855
234,20000,2,0.758045,,0.758045,0.753691,0.75623,489.057,486.2938,487.728458,515.894561,518.300925,516.96885
235,20000,2,0.758045,,0.758045,0.755002,0.756519,489.057,486.802,487.849478,515.894561,518.300925,516.824259
236,20000,2,0.758045,,0.758045,0.755002,0.756705,489.057,486.802,487.893001,515.894561,518.200302,516.708922
237,20000,2,0.758045,,0.758045,0.755054,0.75689,489.057,486.802,487.957777,515.894561,517.483258,516.607626
238,20000,2,0.758045,,0.758045,0.755054,0.757056,489.057,487.0217,488.039699,515.894561,517.412432,516.532938
239,20000,2,0.758045,,0.758045,0.755054,0.757187,489.057,487.0217,488.111796,515.894561,517.412432,516.479306
240,20000,2,0.758045,,0.758045,0.75582,0.757274,489.057,487.7156,488.167842,515.894561,517.408964,516.448961
241,20000,2,0.758045,,0.758045,0.75582,0.757383,489.057,487.7156,488.221339,515.894561,517.408964,516.400186
242,20000,2,0.758045,,0.758045,0.75582,0.757502,489.057,487.7156,488.289944,515.894561,517.408964,516.353061
243,20000,2,0.758837,,0.758837,0.756341,0.757676,489.4588,487.7156,488.422953,515.894561,517.182535,516.306114
244,20000,2,0.758837,,0.758837,0.756388,0.757788,489.4588,487.7156,488.519441,515.878046,517.159574,516.28381
245,20000,2,0.758837,,0.758837,0.756388,0.757877,489.4588,487.4746,488.564367,515.835182,517.13967,516.244342
246,20000,2,0.758837,,0.758837,0.756454,0.757914,489.4588,487.0962,488.587834,515.752074,516.587068,516.230983
247,20000,2,0.758837,,0.758837,0.757157,0.75801,489.4588,487.7255,488.699482,515.752074,516.587068,516.231217
248,20000,2,0.758837,,0.758837,0.757157,0.75809,489.4588,487.7255,488.783638,515.752074,516.587068,516.225069
249,20000,2,0.758897,,0.758897,0.757157,0.758183,489.4588,487.7255,488.869548,515.752074,516.587068,516.210572
250,20000,2,0.759856,,0.759856,0.757157,0.758299,490.1314,487.7255,488.960199,515.751203,516.564106,516.180654
251,20000,2,0.759856,,0.759856,0.75733,0.758373,490.1314,487.493,489.015843,515.751203,516.564106,516.16045
252,20000,2,0.759856,,0.759856,0.75795,0.758463,490.1314,488.1174,489.063124,515.751203,516.443835,516.12157
253,20000,2,0.759856,,0.759856,0.757971,0.758619,490.1314,488.1174,489.189803,515.692695,516.443835,516.084814
254,20000,2,0.760038,,0.760038,0.758045,0.758742,490.1314,488.1174,489.304415,515.560732,516.443835,516.065534
255,20000,2,0.760038,,0.760038,0.74624,0.758242,490.1314,479.9661,488.965392,514.232033,520.209592,516.228653
256,20000,2,0.760038,,0.760038,0.755213,0.758834,490.1314,487.0613,489.397775,515.408486,518.900751,516.056671
257,20000,2,0.760038,,0.760038,0.758045,0.758998,490.1314,488.1273,489.464265,515.408486,516.443835,515.97282
258,20000,2,0.760038,,0.760038,0.758045,0.759122,490.1314,488.5311,489.525681,515.408486,516.443835,515.917296
259,20000,2,0.760067,,0.760067,0.758045,0.759268,490.1314,488.5311,489.608742,515.408486,516.443835,515.859088
260,20000,2,0.760969,,0.760969,0.758045,0.759439,491.6516,488.7999,489.706832,515.408486,516.443835,515.791709
261,20000,2,0.760969,,0.760969,0.758045,0.759555,491.6516,488.7999,489.762194,515.408486,516.443835,515.738324
262,20000,2,0.760969,,0.760969,0.758837,0.759644,491.6516,488.7999,489.831459,515.408486,516.09479,515.715634
263,20000,2,0.760969,,0.760969,0.758837,0.759777,491.6516,488.7999,489.940231,515.217144,516.09479,515.684605
264,20000,2,0.761654,,0.761654,0.758837,0.75991,492.3242,488.7999,490.061134,515.217144,516.09479,515.661648
265,20000,2,0.761654,,0.761654,0.758837,0.76011,492.3242,488.7999,490.262022,515.217144,516.09479,515.640475
266,20000,2,0.761654,,0.761654,0.758837,0.760279,492.3242,488.7999,490.416537,515.217144,516.168878,515.612398
267,20000,2,0.762031,,0.762031,0.758959,0.7604,492.3242,488.7999,490.527348,515.204121,516.066334,515.592044
268,20000,2,0.762031,,0.762031,0.759151,0.760532,492.3242,488.7999,490.661,515.204121,516.066334,515.57853
269,20000,2,0.762031,,0.762031,0.759151,0.760703,492.3242,488.7999,490.854336,515.204121,516.066334,515.574649
270,20000,2,0.762031,,0.762031,0.759811,0.760845,492.3242,489.654,490.993886,515.137674,516.066334,515.557542
271,20000,2,0.762927,,0.762927,0.759811,0.761,493.248,489.654,491.137406,514.955436,516.066334,515.532877
272,20000,2,0.762927,,0.762927,0.759884,0.761136,493.248,489.654,491.24931,514.955436,515.817649,515.501928
273,20000,2,0.762927,,0.762927,0.760038,0.761293,493.248,490.1314,491.36871,514.955436,515.817649,515.458968
274,20000,2,0.763188,,0.763188,0.760067,0.761458,493.248,490.1314,491.52795,514.955436,515.817649,515.437071
275,20000,2,0.763188,,0.763188,0.760568,0.761582,493.248,490.3266,491.622436,514.955436,515.825748,515.403416
276,20000,2,0.76331,,0.76331,0.760708,0.761738,493.248,490.3266,491.757866,514.671541,515.817649,515.372461
277,20000,2,0.76331,,0.76331,0.760708,0.761909,493.248,490.3266,491.892599,514.671541,515.817649,515.329798
278,20000,2,0.76331,,0.76331,0.760708,0.762063,493.248,490.3266,492.035527,514.671541,515.817649,515.30561
279,20000,2,0.76445,,0.76445,0.760969,0.762262,493.248,490.3266,492.183764,514.233051,515.817649,515.249591
280,20000,2,0.76445,,0.76445,0.760969,0.762403,493.248,490.3266,492.304455,514.233051,515.817649,515.220162
281,20000,2,0.76445,,0.76445,0.761012,0.762548,493.248,490.3266,492.449223,514.233051,515.817649,515.204583
282,20000,2,0.76445,,0.76445,0.761144,0.762646,493.248,490.3266,492.501239,514.233051,515.817649,515.162951
283,20000,2,0.764635,,0.764635,0.761144,0.762763,493.248,490.3266,492.59215,514.08821,515.568606,515.132462
284,20000,2,0.764635,,0.764635,0.761144,0.762923,493.248,490.3266,492.693473,514.08821,515.568606,515.07582
285,20000,2,0.764774,,0.764774,0.761187,0.763117,493.9419,490.3266,492.85493,514.08821,515.568606,515.032691
286,20000,2,0.764818,,0.764818,0.761257,0.763253,493.9419,491.0552,492.975907,513.945724,515.809868,515.007431
287,20000,2,0.764818,,0.764818,0.761257,0.763455,494.1877,491.0552,493.085923,513.945724,515.568606,514.923131
288,20000,2,0.765633,,0.765633,0.761378,0.76366,494.1877,491.0552,493.174864,512.844793,515.568606,514.823171
289,20000,2,0.767037,,0.767037,0.762767,0.763897,494.1877,492.5194,493.267108,512.214957,515.568606,514.699946
290,20000,2,0.767037,,0.767037,0.762767,0.764015,494.1877,492.5194,493.285902,512.214957,515.568606,514.620358
291,20000,2,0.76722,,0.76722,0.762942,0.764188,494.1877,492.5194,493.351511,512.072471,515.432086,514.530017
292,20000,2,0.76722,,0.76722,0.763064,0.764394,494.1877,492.5194,493.438246,512.072471,515.337183,514.427131
293,20000,2,0.76722,,0.76722,0.763064,0.764631,494.1877,492.5194,493.521504,512.072471,515.337183,514.298425
294,20000,2,0.76722,,0.76722,0.763374,0.764896,494.7286,492.5194,493.596297,512.072471,515.158398,514.14129
295,20000,2,0.768073,,0.768073,0.763463,0.765132,494.4708,491.8694,493.592583,511.810771,515.158398,513.955314
296,20000,2,0.768073,,0.768073,0.763463,0.765333,494.4708,491.8694,493.60616,511.810771,515.025619,513.807217
297,20000,2,0.768073,,0.768073,0.763463,0.765635,494.9856,492.5194,493.696226,511.810771,515.025619,513.63238
298,20000,2,0.769725,,0.769725,0.763463,0.76597,494.9856,492.5194,493.749617,510.783644,515.025619,513.406867
299,20000,2,0.770502,,0.770502,0.764177,0.76633,494.9856,492.5194,493.807374,510.531672,514.695359,513.164727
300,20000,2,0.770502,,0.770502,0.764722,0.766728,494.9856,492.5194,493.901584,510.531672,514.625706,512.917351
301,20000,2,0.770685,,0.770685,0.764722,0.767128,494.9856,492.5194,494.00347,510.389185,514.625706,512.67371
302,20000,2,0.770685,,0.770685,0.764722,0.767396,494.9856,492.5194,494.041375,510.389185,514.625706,512.490069
303,20000,2,0.770943,,0.770943,0.764722,0.767854,495.1419,493.4591,494.09142,510.236971,514.625706,512.166231
304,20000,2,0.770943,,0.770943,0.764722,0.768169,495.1419,493.4591,494.150507,510.236971,514.625706,511.959831
305,20000,2,0.770943,,0.770943,0.764722,0.768487,495.1419,493.4591,494.254337,510.236971,514.530803,511.781408
306,20000,2,0.771417,,0.771417,0.764905,0.768862,495.3427,493.4591,494.336181,510.168807,514.530803,511.543644
307,20000,2,0.771417,,0.771417,0.765374,0.769143,495.3427,493.4591,494.395675,510.168807,514.52396,511.36457
308,20000,2,0.771417,,0.771417,0.765483,0.769406,495.3427,493.4591,494.440823,510.168807,514.438946,511.189529
309,20000,2,0.772646,,0.772646,0.767229,0.769745,496.3351,493.4591,494.560972,509.455215,512.65755,511.005841
310,20000,2,0.772646,,0.772646,0.767997,0.770048,496.3351,493.7422,494.678197,509.455215,512.248,510.848173
311,20000,2,0.773561,,0.773561,0.767997,0.770353,496.5303,493.7422,494.801302,509.176209,512.248,510.69239
312,20000,2,0.773561,,0.773561,0.767997,0.770713,496.5303,493.7422,494.968455,509.176209,512.248,510.523447
313,20000,2,0.773561,,0.773561,0.767997,0.770982,496.5303,493.7422,495.108407,509.176209,512.248,510.407539
314,20000,2,0.773561,,0.773561,0.768075,0.77115,496.5303,493.9867,495.260016,509.176209,512.248,510.378533
315,20000,2,0.773919,,0.773919,0.768075,0.771368,496.5303,493.9867,495.376661,509.069652,512.248,510.286523
316,20000,2,0.773919,,0.773919,0.768075,0.771549,496.5303,494.4708,495.487213,509.069652,512.248,510.219647
317,20000,2,0.773919,,0.773919,0.770685,0.771704,496.5303,494.7346,495.562797,509.069652,511.026714,510.149398
318,20000,2,0.773919,,0.773919,0.770685,0.771836,496.5303,494.7346,495.6203,509.069652,511.026714,510.084708
319,20000,2,0.773919,,0.773919,0.770761,0.771937,496.5303,494.8086,495.666047,509.069652,511.026714,510.036829
320,20000,2,0.773919,,0.773919,0.770761,0.772012,496.5303,494.8086,495.708469,509.069652,511.026714,510.006395
321,20000,2,0.773919,,0.773919,0.770761,0.772165,496.5303,494.8086,495.786442,509.069652,511.026714,509.939062
322,20000,2,0.773919,,0.773919,0.770761,0.772287,496.5303,494.8086,495.825933,509.069652,511.026714,509.870257
323,20000,2,0.773919,,0.773919,0.770761,0.772395,496.5303,494.8086,495.883308,509.069652,511.026714,509.824924
324,20000,2,0.774005,,0.774005,0.770926,0.772601,496.5303,494.8086,495.98173,508.922745,510.812503,509.72996
325,20000,2,0.774841,,0.774841,0.770943,0.772777,497.0983,494.8086,496.107143,508.731464,510.812503,509.676906
326,20000,2,0.774841,,0.774841,0.770943,0.77298,497.0983,494.8086,496.209617,508.731464,510.812503,509.587228
327,20000,2,0.774841,,0.774841,0.770943,0.773204,497.2075,494.8086,496.319775,508.731464,510.791998,509.486078
328,20000,2,0.774946,,0.774946,0.771417,0.773406,497.2075,495.258,496.415876,508.642982,510.234231,509.393009
329,20000,2,0.774946,,0.774946,0.77271,0.773582,497.2075,495.6065,496.507452,508.642982,510.234231,509.317391
330,20000,2,0.774946,,0.774946,0.77271,0.773668,498.2894,495.6065,496.541928,508.642982,509.950383,509.273491
331,20000,2,0.77525,,0.77525,0.77271,0.773764,498.2894,495.6065,496.577828,508.569145,509.950383,509.222523
332,20000,2,0.775284,,0.775284,0.772875,0.773869,498.2894,496.016,496.607774,508.305551,509.950383,509.160519
333,20000,2,0.776841,,0.776841,0.772875,0.774024,499.2825,496.016,496.684563,508.305551,509.950383,509.091387
334,20000,2,0.776841,,0.776841,0.77324,0.774207,499.2825,496.016,496.754165,508.305551,509.550021,508.994901
335,20000,2,0.776841,,0.776841,0.773495,0.774421,499.2825,496.016,496.847692,507.947016,509.348659,508.890897
336,20000,2,0.776841,,0.776841,0.773561,0.774624,499.2825,496.4109,496.970047,507.947016,509.348659,508.814624
337,20000,2,0.776841,,0.776841,0.773744,0.774753,499.2825,496.4109,497.037422,507.947016,509.206172,508.759075
338,20000,2,0.77699,,0.77699,0.773744,0.774906,499.2825,496.4109,497.098644,507.398511,509.206172,508.680428
339,20000,2,0.77699,,0.77699,0.773744,0.775183,499.2825,496.4109,497.263112,507.398511,509.206172,508.574899
340,20000,2,0.789225,,0.789225,0.770736,0.775848,509.8175,494.7588,497.808913,505.735801,512.481749,508.422162
341,20000,2,0.789225,,0.789225,0.77168,0.776381,509.8175,494.6979,498.131103,505.735801,509.60455,508.221834
342,20000,2,0.789225,,0.789225,0.774171,0.777097,509.8175,496.1698,498.743602,505.563597,509.60455,508.073931
343,20000,2,0.789225,,0.789225,0.774171,0.777798,509.8175,496.1698,499.289669,505.563597,509.232903,507.893163
344,20000,2,0.789225,,0.789225,0.77496,0.778381,509.8175,496.1698,499.728494,505.563597,509.232903,507.732344
345,20000,2,0.789225,,0.789225,0.77496,0.779498,509.8175,497.0278,500.692374,505.378028,508.708406,507.507193
346,20000,2,0.789465,,0.789465,0.775198,0.780209,510.3071,497.0278,501.304017,505.197127,509.416936,507.362281
347,20000,2,0.789465,,0.789465,0.775198,0.781158,510.3071,497.0983,502.126959,504.819947,508.708406,507.173757
348,20000,2,0.789667,,0.789667,0.776232,0.781907,510.3071,497.5567,502.710984,504.819947,508.943721,506.980799
349,20000,2,0.792675,,0.792675,0.776232,0.782499,511.047,497.5567,503.094556,504.167403,508.943721,506.77563
350,20000,2,0.792675,,0.792675,0.776232,0.783225,511.047,497.5567,503.727071,504.167403,508.943721,506.633844
351,20000,2,0.792675,,0.792675,0.776537,0.783973,511.047,498.228,504.248633,504.167403,508.943721,506.399865
352,20000,2,0.792675,,0.792675,0.778267,0.784799,511.047,499.0137,504.803137,504.167403,508.943721,506.126719
353,20000,2,0.792675,,0.792675,0.779726,0.785469,511.047,499.3847,505.303757,504.167403,508.747662,505.93984
354,20000,2,0.79442,,0.79442,0.779819,0.786166,512.1053,499.3847,505.796939,503.515706,508.747662,505.726417
355,20000,2,0.79442,,0.79442,0.779819,0.786842,512.1053,499.3847,506.255125,503.515706,508.274138,505.506614
356,20000,2,0.79442,,0.79442,0.779819,0.787522,512.1053,499.3847,506.731239,503.515706,507.474099,505.295312
357,20000,2,0.79442,,0.79442,0.780741,0.788191,512.1053,500.2356,507.109074,503.515706,506.757705,505.026496
358,20000,2,0.79442,,0.79442,0.781778,0.788721,512.1053,500.7928,507.55502,503.515706,506.292901,504.911696
359,20000,2,0.79442,,0.79442,0.781778,0.789462,512.1053,500.7928,508.177407,503.033236,506.292901,504.750818
360,20000,2,0.79442,,0.79442,0.782102,0.790052,512.1053,500.7928,508.623558,503.033236,505.708781,504.589291
361,20000,2,0.79442,,0.79442,0.782102,0.790352,512.1053,500.7928,508.866671,503.033236,505.626034,504.518695
362,20000,2,0.79442,,0.79442,0.782102,0.790748,512.1053,500.7928,509.11416,503.033236,505.626034,504.375174
363,20000,2,0.79442,,0.79442,0.782102,0.791169,512.1053,500.7928,509.504598,503.033236,505.543448,504.308678
364,20000,2,0.79511,,0.79511,0.782102,0.791536,512.5241,500.7928,509.767118,502.765706,505.543448,504.198537
365,20000,2,0.79511,,0.79511,0.782102,0.791882,512.5241,500.7928,510.008915,502.765706,505.543448,504.090509
366,20000,2,0.795519,,0.795519,0.782569,0.792273,512.5241,501.1556,510.259385,502.816809,505.534081,503.953322
367,20000,2,0.795519,,0.795519,0.785935,0.792628,512.5241,503.3201,510.536972,502.939294,505.534081,503.862439
368,20000,2,0.795519,,0.795519,0.786529,0.792907,512.5241,503.609,510.732244,502.939294,505.534081,503.775541
369,20000,2,0.797278,,0.797278,0.786597,0.793436,512.5716,503.6874,511.106964,501.599312,505.534081,503.614379
370,20000,2,0.797278,,0.797278,0.788321,0.79376,512.5716,506.9451,511.320848,501.599312,505.534081,503.504965
371,20000,2,0.797278,,0.797278,0.789083,0.794086,512.5716,507.395,511.507318,501.599312,504.868777,503.375325
372,20000,2,0.797278,,0.797278,0.789083,0.794524,512.5716,507.395,511.749215,501.599312,504.521916,503.195945
373,20000,2,0.797278,,0.797278,0.790789,0.79491,512.5716,508.9955,511.939796,501.599312,505.027908,503.022996
374,20000,2,0.797698,,0.797698,0.792134,0.795192,512.5716,510.2591,512.073673,501.271157,505.027908,502.8924
375,20000,2,0.797698,,0.797698,0.792134,0.795437,512.5716,510.6746,512.141429,501.271157,505.027908,502.747031
376,20000,2,0.797698,,0.797698,0.792134,0.795667,512.5716,510.6746,512.184179,501.271157,505.027908,502.596058
377,20000,2,0.798063,,0.798063,0.79442,0.795906,513.1224,510.6746,512.243306,501.271157,503.515706,502.448765
378,20000,2,0.798063,,0.798063,0.794607,0.796027,513.1841,510.6746,512.302024,501.271157,503.258427,502.393929
379,20000,2,0.798063,,0.798063,0.794607,0.796148,513.1841,510.6746,512.377445,501.271157,503.258427,502.349956
380,20000,2,0.798063,,0.798063,0.794607,0.796363,513.1841,510.6746,512.439718,501.271157,503.258427,502.224364
381,20000,2,0.798063,,0.798063,0.794645,0.796499,513.1841,510.6746,512.482502,501.271157,503.258427,502.146691
382,20000,2,0.798162,,0.798162,0.79511,0.796637,513.1841,512.0352,512.54749,501.241553,503.258427,502.082695
383,20000,2,0.798498,,0.798498,0.79511,0.796854,513.7652,512.0352,512.585062,501.241553,503.258427,501.938347
384,20000,2,0.798498,,0.798498,0.79511,0.797027,513.7652,512.1561,512.605169,501.241553,503.258427,501.817553
385,20000,2,0.798498,,0.798498,0.795519,0.797226,513.7652,511.9379,512.632446,500.952024,502.939294,501.680072
386,20000,2,0.798498,,0.798498,0.795519,0.797416,513.7652,512.1561,512.702999,500.952024,503.228823,501.579653
387,20000,2,0.798498,,0.798498,0.795519,0.797581,513.7652,512.1561,512.756821,500.952024,502.939294,501.486651
388,20000,2,0.798513,,0.798513,0.795519,0.797796,513.7652,512.1835,512.858202,500.952024,502.939294,501.386978
389,20000,2,0.798513,,0.798513,0.796021,0.797909,513.7652,512.1835,512.904924,500.952024,502.411577,501.330293
390,20000,2,0.798962,,0.798962,0.796455,0.798009,514.2613,512.4245,512.996911,500.952024,502.411577,501.313484
391,20000,2,0.799092,,0.799092,0.796455,0.79815,514.2613,512.4245,513.10254,500.947554,502.411577,501.274519
392,20000,2,0.799092,,0.799092,0.796466,0.798265,514.2613,512.4245,513.217607,500.762053,502.133528,501.262258
393,20000,2,0.799134,,0.799134,0.796466,0.798406,514.2613,512.4245,513.354835,500.762053,502.133528,501.244129
394,20000,2,0.799513,,0.799513,0.796466,0.798545,514.496,512.4245,513.504111,500.762053,502.133528,501.235606
395,20000,2,0.799513,,0.799513,0.797687,0.798653,514.496,512.5716,513.580527,500.71474,501.459947,501.202624
396,20000,2,0.799513,,0.799513,0.798107,0.798751,514.496,512.5716,513.63193,500.664568,501.459947,501.160569
397,20000,2,0.799745,,0.799745,0.798107,0.79886,514.496,512.5716,513.71294,500.664568,501.459947,501.129629
398,20000,2,0.801164,,0.801164,0.798107,0.799005,514.8643,512.5716,513.809204,500.055347,501.459947,501.081607
399,20000,2,0.801164,,0.801164,0.798351,0.799114,514.8643,512.5716,513.858232,500.055347,501.459947,501.028987
400,20000,2,0.801164,,0.801164,0.798351,0.799247,514.8643,512.5716,513.958826,500.055347,501.417945,500.993069
401,20000,2,0.801164,,0.801164,0.798351,0.799372,514.8643,512.5716,514.060813,500.055347,501.417945,500.963604
402,20000,2,0.801628,,0.801628,0.798513,0.799525,515.2874,513.105,514.192322,500.025743,501.417945,500.932334
403,20000,2,0.801628,,0.801628,0.798513,0.799617,515.2874,513.105,514.267486,500.025743,501.417945,500.910665
404,20000,2,0.801628,,0.801628,0.798962,0.799752,515.2874,513.9868,514.367128,499.865376,501.417945,500.872694
405,20000,2,0.801872,,0.801872,0.798962,0.799896,515.2874,513.9868,514.411646,499.835772,501.417945,500.790025
406,20000,2,0.801872,,0.801872,0.799134,0.799984,515.5168,513.9868,514.439054,499.835772,501.348613,500.739763
407,20000,2,0.801872,,0.801872,0.799134,0.80013,515.5168,514.1059,514.492607,499.835772,501.348613,500.661367
408,20000,2,0.801958,,0.801958,0.799134,0.800257,515.6688,514.1059,514.560904,499.835772,501.348613,500.608089
409,20000,2,0.801958,,0.801958,0.799134,0.80042,515.6688,514.1059,514.660593,499.835772,501.348613,500.547912
410,20000,2,0.802235,,0.802235,0.799134,0.800562,515.8904,514.1059,514.735866,499.835772,501.348613,500.487646
411,20000,2,0.802235,,0.802235,0.799322,0.800812,515.8904,514.1059,514.853494,499.79791,501.348613,500.371784
412,20000,2,0.802422,,0.802422,0.799598,0.800993,516.1649,514.1059,514.96973,499.835772,501.227056,500.308576
413,20000,2,0.802422,,0.802422,0.799745,0.801142,516.1649,514.2986,515.074604,499.79791,500.987373,500.26219
414,20000,2,0.802656,,0.802656,0.799745,0.801311,516.1649,514.2986,515.170458,499.524011,500.987373,500.194568
415,20000,2,0.802812,,0.802812,0.799745,0.801502,516.1649,514.2986,515.279485,499.35231,500.957769,500.118488
416,20000,2,0.803607,,0.803607,0.799745,0.801643,516.5383,514.2986,515.346843,499.320841,500.831938,500.053758
417,20000,2,0.803607,,0.803607,0.799989,0.801752,516.5383,514.2986,515.415434,499.320841,500.641968,500.01493
418,20000,2,0.803607,,0.803607,0.799989,0.801913,516.5383,514.2986,515.523339,499.320841,500.641968,499.96153
419,20000,2,0.803607,,0.803607,0.800583,0.802112,516.5383,514.6175,515.642156,499.320841,500.406619,499.885695
420,20000,2,0.803607,,0.803607,0.800583,0.802238,516.5383,514.6393,515.70307,499.320841,500.406619,499.828701
421,20000,2,0.803607,,0.803607,0.800693,0.802327,516.5383,514.6393,515.755927,499.320841,500.320995,499.794849
422,20000,2,0.803784,,0.803784,0.800693,0.802438,516.5383,514.6393,515.813117,499.182657,500.320995,499.746108
423,20000,2,0.803784,,0.803784,0.800693,0.802546,516.5383,514.6393,515.884565,499.182657,500.320995,499.710162
424,20000,2,0.803784,,0.803784,0.800693,0.802675,516.5383,514.6393,515.984048,499.182657,500.449147,499.67595
425,20000,2,0.803784,,0.803784,0.796826,0.802606,519.0539,513.932,516.098545,499.182657,502.863066,499.806395
426,20000,2,0.804027,,0.804027,0.801872,0.802952,519.0539,515.2874,516.182983,498.992686,501.073299,499.592889
427,20000,2,0.804027,,0.804027,0.801872,0.803079,516.5383,515.2874,516.222561,498.992686,499.994274,499.520782
428,20000,2,0.804248,,0.804248,0.801872,0.803206,517.0344,515.2874,516.294868,498.992686,499.994274,499.470431
429,20000,2,0.804279,,0.804279,0.801872,0.803372,517.0344,515.2874,516.392233,498.796314,499.994274,499.406188
430,20000,2,0.804279,,0.804279,0.801872,0.803471,517.0344,515.2874,516.436136,498.796314,499.994274,499.358327
431,20000,2,0.804491,,0.804491,0.802422,0.803572,517.0344,515.6608,516.473503,498.796314,499.994274,499.304393
432,20000,2,0.804491,,0.804491,0.802422,0.803693,517.0344,516.1569,516.523888,498.796314,499.994274,499.243988
433,20000,2,0.804679,,0.804679,0.802699,0.803783,517.5462,515.8324,516.552182,498.796314,499.926807,499.192658
434,20000,2,0.804679,,0.804679,0.802756,0.803856,517.5462,516.1569,516.592289,498.796314,499.734054,499.162396
435,20000,2,0.804743,,0.804743,0.802756,0.803915,517.5462,516.1649,516.622874,498.76671,499.734054,499.137264
436,20000,2,0.804937,,0.804937,0.80312,0.804005,517.5462,516.3865,516.664911,498.76671,499.598652,499.09448
437,20000,2,0.804937,,0.804937,0.80312,0.804073,517.5462,516.3865,516.67194,498.76671,499.598652,499.046501
438,20000,2,0.804937,,0.804937,0.803363,0.804155,517.5462,516.3865,516.716538,498.729006,499.408681,499.012488
439,20000,2,0.805205,,0.805205,0.803363,0.804238,517.5462,516.3865,516.772955,498.562401,499.408681,498.98532
440,20000,2,0.805205,,0.805205,0.803363,0.80434,517.5462,516.3865,516.838985,498.562401,499.408681,498.949981
441,20000,2,0.805205,,0.805205,0.803363,0.804487,517.5462,516.3865,516.932957,498.562401,499.408681,498.898834
442,20000,2,0.805352,,0.805352,0.803363,0.804583,517.5462,516.3865,517.002337,498.562401,499.408681,498.870243
443,20000,2,0.805457,,0.805457,0.804027,0.804687,517.5462,516.5383,517.061837,498.366029,499.291237,498.829015
444,20000,2,0.805457,,0.805457,0.804027,0.804754,517.5462,516.5383,517.108222,498.366029,499.159583,498.80797
445,20000,2,0.805457,,0.805457,0.804027,0.804838,517.5462,516.5383,517.174601,498.366029,499.159583,498.786326
446,20000,2,0.805457,,0.805457,0.804027,0.804916,517.5462,516.5383,517.23478,498.366029,499.159583,498.766297
447,20000,2,0.80567,,0.80567,0.804027,0.804961,517.7638,516.5383,517.260027,498.366029,499.159583,498.747828
448,20000,2,0.805921,,0.805921,0.804027,0.805071,517.7638,516.5383,517.336289,498.298721,499.166227,498.713534
449,20000,2,0.80653,,0.80653,0.804027,0.805188,518.2756,516.5383,517.412302,498.204772,499.166227,498.672739
450,20000,2,0.80653,,0.80653,0.804279,0.805275,518.2756,516.5383,517.45882,498.204772,499.166227,498.636597
451,20000,2,0.80653,,0.80653,0.804279,0.805378,518.2756,516.5383,517.541492,498.204772,499.159583,498.610932
452,20000,2,0.80653,,0.80653,0.804413,0.805472,518.2756,516.6598,517.601236,498.204772,499.159583,498.578084
453,20000,2,0.80653,,0.80653,0.804413,0.805548,518.2756,516.6598,517.647952,498.204772,498.963082,498.550168
454,20000,2,0.80653,,0.80653,0.804413,0.805657,518.2756,516.6598,517.708345,498.204772,498.831429,498.505785
455,20000,2,0.80653,,0.80653,0.804743,0.805749,518.2756,517.0344,517.752374,498.204772,498.76671,498.463554
456,20000,2,0.80653,,0.80653,0.804743,0.805837,518.2756,517.0344,517.803887,498.204772,498.76671,498.429091
457,20000,2,0.80653,,0.80653,0.804743,0.805961,518.6139,517.0344,517.887511,498.204772,498.76671,498.388214
458,20000,2,0.807054,,0.807054,0.805352,0.806073,518.6139,517.5462,517.96967,497.844025,498.635057,498.356334
459,20000,2,0.807518,,0.807518,0.805352,0.806174,518.8436,517.5462,518.045227,497.814421,498.635057,498.327809
460,20000,2,0.807518,,0.807518,0.805352,0.806276,518.8436,517.5462,518.110507,497.814421,498.635057,498.292525
461,20000,2,0.807518,,0.807518,0.805352,0.806371,518.8436,517.5462,518.17259,497.814421,498.635057,498.259797
462,20000,2,0.807518,,0.807518,0.805352,0.806505,519.1493,517.5462,518.265373,497.814421,498.635057,498.217014
463,20000,2,0.807518,,0.807518,0.805667,0.806596,519.1493,517.5462,518.325278,497.814421,498.568237,498.186592
464,20000,2,0.807518,,0.807518,0.805667,0.806701,519.1493,517.5462,518.393782,497.814421,498.568237,498.150586
465,20000,2,0.807518,,0.807518,0.806002,0.806809,519.1493,517.9546,518.474509,497.814421,498.568237,498.120698
466,20000,2,0.807518,,0.807518,0.806002,0.806919,519.1493,517.9546,518.542741,497.814421,498.568237,498.07995
467,20000,2,0.80845,,0.80845,0.806355,0.80704,519.5069,518.2756,518.628905,497.532453,498.568237,498.043492
468,20000,2,0.80845,,0.80845,0.80653,0.807168,519.5069,518.2756,518.706511,497.532453,498.419692,497.995816
469,20000,2,0.80845,,0.80845,0.80653,0.807257,519.5069,518.2756,518.741769,497.532453,498.419692,497.950392
470,20000,2,0.80845,,0.80845,0.80653,0.807361,519.5069,518.2756,518.802768,497.532453,498.419692,497.910065
471,20000,2,0.80845,,0.80845,0.80653,0.807454,519.5069,518.2756,518.853156,497.532453,498.204772,497.8708
472,20000,2,0.80845,,0.80845,0.80718,0.807539,519.5069,518.6944,518.906709,497.532453,498.056228,497.840421
473,20000,2,0.80845,,0.80845,0.80718,0.807629,519.5069,518.6944,518.95403,497.532453,498.056228,497.802208
474,20000,2,0.80845,,0.80845,0.80718,0.807695,519.5069,518.6944,518.993038,497.532453,498.056228,497.776699
475,20000,2,0.80845,,0.80845,0.80718,0.807776,519.5069,518.6944,519.050039,497.441584,498.056228,497.751968
476,20000,2,0.808598,,0.808598,0.80718,0.807871,519.5069,518.811,519.107065,497.416895,498.056228,497.716234
477,20000,2,0.808598,,0.808598,0.80718,0.80792,519.5069,518.811,519.134462,497.416895,498.056228,497.695914
478,20000,2,0.808598,,0.808598,0.807302,0.807985,519.5069,518.811,519.171727,497.416895,497.961325,497.670066
479,20000,2,0.808598,,0.808598,0.807302,0.808036,519.5069,518.811,519.205218,497.416895,497.961325,497.653137
480,20000,2,0.808733,,0.808733,0.807302,0.808142,519.7879,518.811,519.275223,497.416895,497.961325,497.617465
481,20000,2,0.808882,,0.808882,0.807302,0.808195,519.7879,518.811,519.309455,497.38381,497.961325,497.598635
482,20000,2,0.808882,,0.808882,0.807302,0.808207,519.7879,518.811,519.314345,497.38381,497.961325,497.592776
483,20000,2,0.808882,,0.808882,0.807518,0.80828,519.7879,518.8436,519.355486,497.38381,497.814421,497.563155
484,20000,2,0.808882,,0.808882,0.807518,0.808341,519.7879,518.8436,519.400213,497.38381,497.814421,497.545353
485,20000,2,0.808882,,0.808882,0.807518,0.80841,519.7879,518.8436,519.454135,497.38381,498.049997,497.528176
486,20000,2,0.808882,,0.808882,0.807518,0.80845,519.7879,518.8436,519.474934,497.38381,497.814421,497.510899
487,20000,2,0.808882,,0.808882,0.80764,0.80848,519.7879,518.8436,519.492427,497.38381,497.719518,497.498707
488,20000,2,0.808882,,0.808882,0.80764,0.808508,519.7879,518.8436,519.511313,497.38381,497.719518,497.489888
489,20000,2,0.808882,,0.808882,0.808233,0.808551,519.7879,519.4743,519.539968,497.38381,497.679357,497.475708
490,20000,2,0.808882,,0.808882,0.808233,0.808555,519.7879,519.4743,519.539968,497.38381,497.679357,497.472241
491,20000,2,0.808882,,0.808882,0.808233,0.80857,519.7879,519.4743,519.545914,497.38381,497.679357,497.464745
492,20000,2,0.808882,,0.808882,0.80845,0.808586,519.7879,519.5069,519.54905,497.38381,497.532453,497.454527
493,20000,2,0.808882,,0.808882,0.80845,0.808593,519.7879,519.5069,519.55467,497.38381,497.532453,497.452503
494,20000,2,0.808882,,0.808882,0.80845,0.808602,519.7879,519.5069,519.55748,497.38381,497.532453,497.447137
495,20000,2,0.808882,,0.808882,0.80845,0.808619,519.7879,519.5069,519.5631,497.38381,497.532453,497.438386
496,20000,2,0.808882,,0.808882,0.80845,0.808632,519.7879,519.5069,519.57153,497.38381,497.532453,497.433184
497,20000,2,0.808882,,0.808882,0.80845,0.808645,519.7879,519.5069,519.57996,497.38381,497.532453,497.428725
498,20000,2,0.808882,,0.808882,0.80845,0.808657,519.7879,519.5069,519.58558,497.38381,497.532453,497.423648
499,20000,2,0.808882,,0.808882,0.80845,0.808667,519.7879,519.5069,519.5912,497.38381,497.532453,497.419519
500,20000,2,0.808882,,0.808882,0.80845,0.808678,519.7879,519.5069,519.59963,497.38381,497.532453,497.416569
501,20000,2,0.808882,,0.808882,0.80845,0.808685,519.7879,519.5069,519.60244,497.38381,497.532453,497.412735
502,20000,2,0.808882,,0.808882,0.80845,0.808698,519.7879,519.5069,519.61368,497.38381,497.532453,497.410403
503,20000,2,0.808882,,0.808882,0.80845,0.808709,519.7879,519.5069,519.62211,497.38381,497.532453,497.407294
504,20000,2,0.808905,,0.808905,0.80845,0.808723,519.7879,519.5069,519.63335,497.365541,497.532453,497.403671
505,20000,2,0.808905,,0.808905,0.80845,0.808745,519.7879,519.5069,519.65302,497.365541,497.532453,497.399627
506,20000,2,0.808905,,0.808905,0.808598,0.808768,519.7879,519.5069,519.67269,497.365541,497.416895,497.395608
507,20000,2,0.808905,,0.808905,0.808598,0.808792,519.7879,519.5069,519.69517,497.365541,497.416895,497.39144
508,20000,2,0.808905,,0.808905,0.808598,0.80881,519.7879,519.5069,519.71203,497.365541,497.416895,497.388907
509,20000,2,0.808905,,0.808905,0.808598,0.808825,519.7879,519.5069,519.72608,497.365541,497.416895,497.386339
510,20000,2,0.816925,,0.816925,0.808598,0.809226,526.8848,519.5069,520.150546,495.865635,497.742974,497.358346
511,20000,2,0.816925,,0.816925,0.808598,0.8094,526.8848,519.5069,520.356721,495.865635,497.915517,497.360976
512,20000,2,0.816925,,0.816925,0.808598,0.809626,526.8848,519.5069,520.580092,495.865635,498.426294,497.333782
513,20000,2,0.816925,,0.816925,0.808598,0.809879,526.8848,519.5069,520.894497,495.865635,498.426294,497.347513
514,20000,2,0.816925,,0.816925,0.808598,0.810083,526.8848,519.5069,521.155041,495.865635,498.98439,497.362648
515,20000,2,0.816925,,0.816925,0.808598,0.810359,526.8848,519.5069,521.425058,495.865635,498.98439,497.328414
516,20000,2,0.817728,,0.817728,0.808598,0.810699,526.8848,519.5069,521.761484,494.963113,498.98439,497.288925
517,20000,2,0.817728,,0.817728,0.808882,0.811094,526.8848,519.7879,522.102397,494.963113,498.54096,497.209246
518,20000,2,0.817728,,0.817728,0.808882,0.811539,526.8848,519.7879,522.536735,494.963113,498.426294,497.153125
519,20000,2,0.817728,,0.817728,0.808882,0.811783,526.8848,519.5665,522.790862,494.963113,498.426294,497.133397
520,20000,2,0.817728,,0.817728,0.808882,0.812034,526.8848,519.5665,523.061802,494.963113,498.426294,497.118477
521,20000,2,0.817728,,0.817728,0.808882,0.812404,526.8848,519.5665,523.399614,494.963113,498.426294,497.056379
522,20000,2,0.817728,,0.817728,0.808882,0.812747,526.8848,519.5665,523.660878,494.963113,498.426294,496.964131
523,20000,2,0.817728,,0.817728,0.808882,0.813135,526.8848,519.5665,524.002304,494.963113,498.390522,496.890131
524,20000,2,0.817728,,0.817728,0.808882,0.813553,526.8848,519.5665,524.327272,494.963113,498.390522,496.781878
525,20000,2,0.817728,,0.817728,0.808882,0.81395,526.8848,519.7879,524.547041,494.963113,498.390522,496.619501
526,20000,2,0.817728,,0.817728,0.808882,0.814366,526.8848,519.7879,524.865022,494.963113,498.390522,496.508584
527,20000,2,0.817728,,0.817728,0.808882,0.814717,526.8848,519.7879,525.064339,494.963113,498.390522,496.36787
528,20000,2,0.817728,,0.817728,0.809977,0.815047,526.8848,520.6776,525.247684,494.963113,498.390522,496.233175
529,20000,2,0.817876,,0.817876,0.810874,0.815265,526.8848,521.5148,525.396148,494.847555,498.390522,496.162765
530,20000,2,0.817876,,0.817876,0.810874,0.815481,526.8848,521.5148,525.477394,494.847555,498.390522,496.0491
531,20000,2,0.817876,,0.817876,0.81209,0.815699,526.8106,523.6779,525.610969,494.847555,498.390522,495.968541
532,20000,2,0.817876,,0.817876,0.81209,0.815926,526.8106,523.6779,525.693482,494.847555,498.390522,495.84678
533,20000,2,0.817876,,0.817876,0.812243,0.816209,526.6004,523.6779,525.840896,494.847555,498.390522,495.724454
534,20000,2,0.817876,,0.817876,0.813365,0.816456,526.6004,524.252,525.972791,494.847555,496.978169,495.620622
535,20000,2,0.817876,,0.817876,0.814512,0.816706,527.0608,524.252,526.126468,494.847555,496.531566,495.528477
536,20000,2,0.817876,,0.817876,0.814512,0.816821,527.0608,524.252,526.183015,494.847555,496.531566,495.476197
537,20000,2,0.817878,,0.817878,0.814512,0.816968,527.0608,525.07,526.233541,494.847555,496.531566,495.395936
538,20000,2,0.817878,,0.817878,0.814512,0.817122,527.0608,525.07,526.286497,494.847555,496.531566,495.310997
539,20000,2,0.817878,,0.817878,0.814512,0.817274,527.0501,525.07,526.337309,494.847555,496.531566,495.226546
540,20000,2,0.817878,,0.817878,0.815576,0.817384,527.0501,525.5358,526.367283,494.847555,496.473332,495.160596
541,20000,2,0.817878,,0.817878,0.815576,0.817498,527.0501,525.5358,526.399633,494.847555,496.417458,495.093731
542,20000,2,0.817878,,0.817878,0.81559,0.817545,527.0501,525.5358,526.417922,494.847555,496.008253,495.068874
543,20000,2,0.817878,,0.817878,0.81559,0.817613,527.0501,525.5358,526.433386,494.847555,496.008253,495.026229
544,20000,2,0.817914,,0.817914,0.81559,0.817682,527.0501,525.5358,526.468181,494.847555,496.002884,494.996271
545,20000,2,0.817914,,0.817914,0.816266,0.81772,527.0501,525.8985,526.488396,494.847555,495.818537,494.980227
546,20000,2,0.817914,,0.817914,0.816266,0.817745,527.0501,525.8985,526.503849,494.847555,495.818537,494.971117
547,20000,2,0.817914,,0.817914,0.816266,0.817779,527.0501,525.8985,526.513258,494.847555,495.817188,494.950247
548,20000,2,0.817914,,0.817914,0.816777,0.817801,527.0501,525.9044,526.543618,494.847555,495.70163,494.953584
549,20000,2,0.817914,,0.817914,0.816777,0.817846,527.0501,526.4682,526.587609,494.847555,495.70163,494.948234
550,20000,2,0.817914,,0.817914,0.816777,0.81785,527.0501,525.9044,526.605377,494.847555,495.70163,494.957232
551,20000,2,0.817914,,0.817914,0.817728,0.817872,527.0501,526.4724,526.621736,494.847555,495.205241,494.950472
552,20000,2,0.817914,,0.817914,0.817876,0.817885,527.0501,526.4724,526.647177,494.847555,495.205241,494.957738
553,20000,2,0.817989,,0.817989,0.817876,0.817888,527.0501,526.4724,526.677575,494.840743,495.205241,494.975962
554,20000,2,0.817989,,0.817989,0.817876,0.81789,527.1716,526.4724,526.698551,494.840743,495.284942,494.988218
555,20000,2,0.817989,,0.817989,0.817876,0.817893,527.1716,526.4724,526.727734,494.840743,495.284942,495.005646
556,20000,2,0.817989,,0.817989,0.817876,0.817894,527.1716,526.4724,526.733511,494.840743,495.284942,495.008358
557,20000,2,0.818155,,0.818155,0.817876,0.817899,527.2946,526.4724,526.762709,494.840743,495.284942,495.023944
558,20000,2,0.818155,,0.818155,0.817876,0.817904,527.2946,526.4724,526.785817,494.840743,495.284942,495.035656
559,20000,2,0.818155,,0.818155,0.817876,0.817908,527.2946,526.4724,526.794337,494.840743,495.284942,495.038529
560,20000,2,0.818158,,0.818158,0.817878,0.817916,527.4161,526.5939,526.813211,494.840743,495.284942,495.045053
561,20000,2,0.818158,,0.818158,0.817878,0.817934,527.4161,526.5939,526.853106,494.840743,495.284942,495.057445
562,20000,2,0.818268,,0.818268,0.817878,0.81795,527.4161,526.5939,526.882647,494.840743,495.284942,495.064457
563,20000,2,0.818268,,0.818268,0.817878,0.817963,527.4161,526.5939,526.902438,494.840743,495.284942,495.067909
564,20000,2,0.818268,,0.818268,0.817878,0.817972,527.4161,526.5939,526.912188,494.840743,495.284942,495.067142
565,20000,2,0.818268,,0.818268,0.817878,0.817986,527.4161,526.5939,526.940499,494.840743,495.284942,495.075198
566,20000,2,0.818268,,0.818268,0.817878,0.81801,527.4161,526.5939,526.973715,494.840743,495.284942,495.07882
567,20000,2,0.81827,,0.81827,0.817878,0.818032,527.4161,526.5939,527.008131,494.840743,495.284942,495.08457
568,20000,2,0.81827,,0.81827,0.817878,0.81805,527.4161,526.5939,527.044992,494.840743,495.284942,495.095237
569,20000,2,0.818271,,0.818271,0.817878,0.818067,527.4161,526.5939,527.058402,494.62068,495.260253,495.09156
570,20000,2,0.818271,,0.818271,0.817878,0.818078,527.4161,526.5939,527.075144,494.62068,495.284942,495.094011
571,20000,2,0.818271,,0.818271,0.817914,0.818104,527.4161,526.5939,527.113235,494.62068,495.260253,495.099135
572,20000,2,0.818271,,0.818271,0.817914,0.818128,527.4161,526.5939,527.142776,494.62068,495.260253,495.099948
573,20000,2,0.818414,,0.818414,0.817925,0.818149,527.4161,526.5939,527.155888,494.62068,495.260253,495.092722
574,20000,2,0.818414,,0.818414,0.817925,0.818174,527.4161,526.5939,527.159891,494.62068,495.260253,495.07571
575,20000,2,0.818414,,0.818414,0.817989,0.818198,527.4161,526.5939,527.160234,494.62068,495.260253,495.057563
576,20000,2,0.818414,,0.818414,0.817989,0.818226,527.4161,526.5939,527.165452,494.62068,495.260253,495.038949
577,20000,2,0.818551,,0.818551,0.817989,0.818256,527.4161,526.5939,527.182224,494.62068,495.260253,495.026441
578,20000,2,0.818552,,0.818552,0.817991,0.818268,527.4161,526.5939,527.183439,494.62068,495.260253,495.01844
579,20000,2,0.818552,,0.818552,0.818026,0.818284,527.4161,526.5939,527.177662,494.62068,495.260253,495.001679
580,20000,2,0.818552,,0.818552,0.818026,0.81831,527.4161,526.5939,527.21055,494.62068,495.260253,495.003994
581,20000,2,0.81911,,0.81911,0.818026,0.818345,527.4161,526.5939,527.242302,494.441328,495.17374,494.997252
582,20000,2,0.81911,,0.81911,0.818026,0.818371,527.4161,526.5939,527.248173,494.441328,495.17374,494.981479
583,20000,2,0.819147,,0.819147,0.818026,0.818398,527.4161,526.5939,527.264617,494.412283,495.17374,494.970883
584,20000,2,0.819147,,0.819147,0.818026,0.818437,527.4161,526.5939,527.294018,494.412283,495.143347,494.960149
585,20000,2,0.819391,,0.819391,0.818026,0.81848,528.1247,526.5939,527.332935,494.412283,495.143347,494.952759
586,20000,2,0.819391,,0.819391,0.818271,0.818497,528.1247,526.5939,527.349458,494.412283,495.143347,494.951225
587,20000,2,0.819391,,0.819391,0.818271,0.81853,528.1247,526.5939,527.371852,494.412283,495.143347,494.939934
588,20000,2,0.819391,,0.819391,0.818271,0.818564,528.1247,526.5939,527.394246,494.412283,495.143347,494.928383
589,20000,2,0.819428,,0.819428,0.818271,0.818639,528.1247,526.5939,527.436762,494.412283,495.060133,494.898676
590,20000,2,0.819428,,0.819428,0.818414,0.81867,528.1247,527.3025,527.4756,494.412283,495.060133,494.900813
591,20000,2,0.819535,,0.819535,0.818414,0.818705,528.1247,527.3025,527.506216,494.412283,495.060133,494.893796
592,20000,2,0.819535,,0.819535,0.818414,0.818731,528.1247,527.3025,527.530882,494.441328,495.060133,494.889871
593,20000,2,0.819535,,0.819535,0.818414,0.818769,528.1247,527.3025,527.561498,494.441328,495.060133,494.881069
594,20000,2,0.820338,,0.820338,0.818414,0.818818,528.6691,527.3025,527.597558,494.399516,495.060133,494.866506
595,20000,2,0.821309,,0.821309,0.818414,0.818993,530.4337,527.3025,527.759448,494.136423,495.072486,494.838916
596,20000,2,0.821309,,0.821309,0.818414,0.819189,530.4337,527.2345,527.907693,494.136423,495.525453,494.785429
597,20000,2,0.821309,,0.821309,0.818414,0.819336,530.4337,527.2345,528.030627,494.136423,495.604565,494.752638
598,20000,2,0.821983,,0.821983,0.818414,0.819592,530.4337,527.2345,528.262296,494.021034,495.604565,494.708158
599,20000,2,0.821983,,0.821983,0.818414,0.81983,530.4337,527.4161,528.457057,493.726558,495.604565,494.653261
600,20000,2,0.821983,,0.821983,0.818441,0.820044,530.4337,527.4161,528.638137,493.726558,495.604565,494.607815
601,20000,2,0.822939,,0.822939,0.818552,0.820271,530.6382,527.4161,528.804603,493.44295,495.14562,494.542467
602,20000,2,0.822939,,0.822939,0.818696,0.820526,530.6382,527.4161,528.964852,493.427861,495.14562,494.450816
603,20000,2,0.822939,,0.822939,0.818696,0.820778,530.6382,527.2349,529.137579,493.427861,495.14562,494.370246
604,20000,2,0.822939,,0.822939,0.818999,0.820948,530.6382,527.6876,529.202775,493.342232,495.14562,494.280637
605,20000,2,0.822939,,0.822939,0.818999,0.821215,530.6382,527.6876,529.371152,493.342232,495.072436,494.185406
606,20000,2,0.823238,,0.823238,0.818999,0.82141,530.6382,527.6876,529.46009,493.043535,495.058355,494.092927
607,20000,2,0.82375,,0.82375,0.81986,0.821615,530.8588,527.9853,529.588098,493.043535,495.146734,494.01921
608,20000,2,0.82375,,0.82375,0.820017,0.821813,530.8588,528.2439,529.696589,493.042186,495.146734,493.936939
609,20000,2,0.82375,,0.82375,0.8201,0.822013,530.8588,528.3399,529.784194,493.042186,495.146734,493.840254
610,20000,2,0.82375,,0.82375,0.8201,0.82219,530.8588,528.3399,529.87996,493.042186,495.032317,493.766372
611,20000,2,0.824116,,0.824116,0.820193,0.822365,531.4754,528.3399,529.983919,493.042186,495.032317,493.699535
612,20000,2,0.824155,,0.824155,0.820193,0.822529,531.4754,528.3399,530.060235,493.042186,494.836185,493.622491
613,20000,2,0.824155,,0.824155,0.820193,0.822657,531.4754,528.3399,530.099294,493.042186,494.836185,493.548352
614,20000,2,0.824155,,0.824155,0.820697,0.822802,531.4754,528.8787,530.158401,493.042186,494.602937,493.475321
615,20000,2,0.824155,,0.824155,0.821639,0.822931,531.4754,529.2383,530.240608,493.042186,494.602937,493.429464
616,20000,2,0.824155,,0.824155,0.821705,0.823048,531.4754,529.3603,530.315073,493.042186,494.602937,493.387997
617,20000,2,0.824155,,0.824155,0.821972,0.823218,531.4754,529.3603,530.401005,493.042186,493.789628,493.313496
618,20000,2,0.824155,,0.824155,0.821972,0.823283,531.4754,529.4387,530.444882,493.042186,493.789628,493.29202
619,20000,2,0.824155,,0.824155,0.821972,0.823369,531.4754,529.3603,530.503125,492.905054,493.789628,493.263694
620,20000,2,0.82426,,0.82426,0.822141,0.823464,531.4754,529.4387,530.562958,492.807305,493.664298,493.229811
621,20000,2,0.824282,,0.824282,0.822141,0.823555,531.4754,529.4387,530.635491,492.807305,493.664298,493.207295
622,20000,2,0.824282,,0.824282,0.822141,0.823608,531.4754,529.4387,530.666124,492.807305,493.664298,493.186866
623,20000,2,0.824282,,0.824282,0.822141,0.823687,531.4754,529.6713,530.741584,492.807305,493.667793,493.175588
624,20000,2,0.824282,,0.824282,0.822623,0.823758,531.4754,530.0216,530.779217,492.807305,493.667793,493.145434
625,20000,2,0.824304,,0.824304,0.822623,0.823816,531.4754,530.0216,530.797615,492.807305,493.667793,493.113033
626,20000,2,0.824304,,0.824304,0.822623,0.823883,531.4754,530.0216,530.849508,492.807305,493.667793,493.094983
627,20000,2,0.824304,,0.824304,0.823035,0.823924,531.4754,530.0216,530.867127,492.807305,493.667793,493.075079
628,20000,2,0.824304,,0.824304,0.823102,0.82401,531.4754,530.0216,530.910069,492.807305,493.667793,493.036292
629,20000,2,0.824304,,0.824304,0.823102,0.824047,531.1725,530.3353,530.924086,492.807305,493.667793,493.017244
630,20000,2,0.824304,,0.824304,0.823262,0.824108,531.1725,530.3353,530.953431,492.807305,493.39838,492.989234
631,20000,2,0.824304,,0.824304,0.823262,0.824146,531.1725,530.3353,530.973717,492.805956,493.39838,492.97315
632,20000,2,0.824304,,0.824304,0.823262,0.824208,531.1725,530.3353,531.007408,492.805956,493.235146,492.947758
633,20000,2,0.824304,,0.824304,0.823262,0.824258,531.1725,530.3353,531.038386,492.805956,493.235146,492.929025
634,20000,2,0.824304,,0.824304,0.824155,0.824276,531.1725,530.8588,531.037216,492.805956,493.099363,492.914764
635,20000,2,0.824304,,0.824304,0.824155,0.824279,531.1725,530.8588,531.035778,492.805956,493.099363,492.910972
636,20000,2,0.824304,,0.824304,0.824157,0.824285,531.1725,530.8588,531.025844,492.805956,493.098014,492.899634
637,20000,2,0.824306,,0.824306,0.824157,0.82429,531.1725,530.8588,531.025125,492.805956,493.098014,492.895756
638,20000,2,0.82431,,0.82431,0.824157,0.824295,531.1725,530.8588,531.01408,492.805956,493.098014,492.883962
639,20000,2,0.82431,,0.82431,0.824157,0.824297,531.1725,530.8588,531.005061,492.805956,493.098014,492.876689
640,20000,2,0.82431,,0.82431,0.824157,0.8243,531.1725,530.8588,530.994016,492.805956,493.098014,492.86688
641,20000,2,0.82431,,0.82431,0.824262,0.824303,531.1725,530.8588,530.984997,492.805956,493.000265,492.858514
642,20000,2,0.82431,,0.82431,0.824282,0.824304,531.1725,530.9699,530.982056,492.842648,493.000265,492.85575
643,20000,2,0.824314,,0.824314,0.824284,0.824305,531.1725,530.9699,530.973952,492.83961,492.998916,492.849392
644,20000,2,0.824314,,0.824314,0.824284,0.824305,531.1725,530.9699,530.973952,492.83961,492.998916,492.84902
645,20000,2,0.82432,,0.82432,0.824284,0.824306,531.1725,530.9699,530.971926,492.83514,492.998916,492.84724
646,20000,2,0.82432,,0.82432,0.824304,0.824307,530.9699,530.9699,530.9699,492.83514,492.847118,492.84546
647,20000,2,0.82432,,0.82432,0.824304,0.824307,530.9699,530.9699,530.9699,492.83514,492.847118,492.845077
648,20000,2,0.82432,,0.82432,0.824304,0.824308,530.9699,530.9699,530.9699,492.83514,492.847118,492.844526
649,20000,2,0.82432,,0.82432,0.824304,0.824309,530.9699,530.9699,530.9699,492.83514,492.847118,492.843794
650,20000,2,0.82432,,0.82432,0.824304,0.82431,530.9699,530.9699,530.9699,492.83514,492.847118,492.843088
651,20000,2,0.82432,,0.82432,0.824304,0.82431,530.9699,530.9699,530.9699,492.83514,492.847118,492.842745
652,20000,2,0.82432,,0.82432,0.824304,0.824311,530.9699,530.9699,530.9699,492.83514,492.847118,492.842269
653,20000,2,0.82432,,0.82432,0.824304,0.824311,530.9699,530.9699,530.9699,492.83514,492.847118,492.841744
654,20000,2,0.82432,,0.82432,0.824306,0.824312,530.9699,530.9699,530.9699,492.83514,492.845769,492.841415
655,20000,2,0.824322,,0.824322,0.824306,0.824313,530.9699,530.9699,530.9699,492.833791,492.845769,492.840705
656,20000,2,0.824322,,0.824322,0.824306,0.824313,530.9699,530.9699,530.9699,492.833791,492.845769,492.840087
657,20000,2,0.824322,,0.824322,0.824306,0.824314,530.9699,530.9699,530.9699,492.833791,492.845769,492.839666
658,20000,2,0.824322,,0.824322,0.824306,0.824315,530.9699,530.9699,530.9699,492.833791,492.845769,492.83886
659,20000,2,0.824322,,0.824322,0.824306,0.824316,530.9699,530.9699,530.9699,492.833791,492.845769,492.838071
660,20000,2,0.824322,,0.824322,0.824306,0.824317,530.9699,530.9699,530.9699,492.833791,492.845769,492.837535
661,20000,2,0.824322,,0.824322,0.824306,0.824318,530.9699,530.9699,530.9699,492.833791,492.845769,492.836866
662,20000,2,0.824322,,0.824322,0.824306,0.824318,530.9699,530.9699,530.9699,492.833791,492.845769,492.836656
663,20000,2,0.824322,,0.824322,0.824306,0.824319,530.9699,530.9699,530.9699,492.833791,492.845769,492.836121
664,20000,2,0.824322,,0.824322,0.824306,0.824319,530.9699,530.9699,530.9699,492.833791,492.845769,492.83575
665,20000,2,0.824322,,0.824322,0.824306,0.824319,530.9699,530.9699,530.9699,492.833791,492.845769,492.835497
666,20000,2,0.824322,,0.824322,0.824306,0.82432,530.9699,530.9699,530.9699,492.833791,492.845769,492.83517
667,20000,2,0.824322,,0.824322,0.824306,0.82432,530.9699,530.9699,530.9699,492.833791,492.845769,492.834678
668,20000,2,0.824322,,0.824322,0.824312,0.824321,530.9699,530.9699,530.9699,492.833791,492.841299,492.83446
669,20000,2,0.824322,,0.824322,0.824312,0.824321,530.9699,530.9699,530.9699,492.833791,492.841299,492.834202
670,20000,2,0.824322,,0.824322,0.824312,0.824321,530.9699,530.9699,530.9699,492.833791,492.841299,492.834117
671,20000,2,0.824322,,0.824322,0.82432,0.824321,530.9699,530.9699,530.9699,492.833791,492.83514,492.83394
672,20000,2,0.824322,,0.824322,0.82432,0.824321,530.9699,530.9699,530.9699,492.833791,492.83514,492.833886
673,20000,2,0.824322,,0.824322,0.82432,0.824321,530.9699,530.9699,530.9699,492.833791,492.83514,492.833845
674,20000,2,0.824322,,0.824322,0.82432,0.824321,530.9699,530.9699,530.9699,492.833791,492.83514,492.833818
675,20000,2,0.824322,,0.824322,0.82432,0.824321,530.9699,530.9699,530.9699,492.833791,492.83514,492.833805
676,20000,2,0.824322,,0.824322,0.824322,0.824322,530.9699,530.9699,530.9699,492.833791,492.833791,492.833791
677,20000,2,0.824322,,0.824322,0.824322,0.824322,530.9699,530.9699,530.9699,492.833791,492.833791,492.833791
678,20000,2,0.824322,,0.824322,0.824322,0.824322,530.9699,530.9699,530.9699,492.833791,492.833791,492.833791
679,20000,2,0.824322,,0.824322,0.824322,0.824322,530.9699,530.9699,530.9699,492.833791,492.833791,492.833791
680,20000,2,0.825789,,0.825789,0.824023,0.824388,532.9588,530.9699,531.059088,492.369095,493.284015,492.841924
681,20000,2,0.825789,,0.825789,0.824322,0.82443,532.9588,530.9699,531.11439,492.369095,493.417393,492.845827
682,20000,2,0.826735,,0.826735,0.824322,0.82454,533.4798,530.9699,531.210488,492.369095,493.284015,492.82423
683,20000,2,0.826735,,0.826735,0.824322,0.824645,533.4798,530.9699,531.309705,492.369095,493.284015,492.809188
684,20000,2,0.826735,,0.826735,0.824322,0.824685,533.4798,530.9699,531.352552,492.369095,493.284015,492.806723
685,20000,2,0.826735,,0.826735,0.824322,0.824844,533.4798,530.9699,531.492253,492.369095,493.284015,492.77666
686,20000,2,0.826735,,0.826735,0.824322,0.824971,533.4798,530.9699,531.599105,492.369095,493.284015,492.748595
687,20000,2,0.826891,,0.826891,0.824322,0.825103,533.4798,530.9699,531.723234,492.369095,493.127625,492.729206
688,20000,2,0.826891,,0.826891,0.824322,0.825213,533.4798,530.9699,531.819918,492.369095,493.049249,492.70827
689,20000,2,0.826958,,0.826958,0.824322,0.825322,533.4798,530.9699,531.927821,492.236478,493.049249,492.695609
690,20000,2,0.827114,,0.827114,0.824446,0.825446,533.4798,530.9699,532.049883,492.236478,493.049249,492.680162
691,20000,2,0.82712,,0.82712,0.824446,0.825572,533.4798,530.9699,532.178797,492.278757,493.049249,492.668212
692,20000,2,0.827134,,0.827134,0.824492,0.825714,533.4798,530.9699,532.307093,492.232009,493.049249,492.643598
693,20000,2,0.82729,,0.82729,0.824497,0.825852,533.4798,530.9699,532.41043,492.146141,493.049249,492.60531
694,20000,2,0.82729,,0.82729,0.824621,0.826007,533.4798,531.0914,532.533797,492.146141,493.049249,492.566862
695,20000,2,0.82729,,0.82729,0.824699,0.826119,533.4798,531.2979,532.623108,492.146141,492.916633,492.539578
696,20000,2,0.82729,,0.82729,0.825366,0.826216,533.4798,531.9847,532.687317,492.146141,492.916633,492.507232
697,20000,2,0.82729,,0.82729,0.825366,0.826327,533.4798,531.9847,532.766094,492.146141,492.916633,492.473481
698,20000,2,0.827297,,0.827297,0.825366,0.82645,533.3987,531.9847,532.854352,492.140322,492.916633,492.436042
699,20000,2,0.827297,,0.827297,0.825366,0.826544,533.3987,531.9847,532.901007,492.140322,492.916633,492.393962
700,20000,2,0.827297,,0.827297,0.825372,0.82666,533.3987,531.9847,532.984674,492.140322,492.912163,492.360234
701,20000,2,0.827297,,0.827297,0.825372,0.826771,533.3987,531.9847,533.04253,492.140322,492.912163,492.312132
702,20000,2,0.827297,,0.827297,0.825372,0.826944,533.3987,531.9847,533.175177,492.140322,492.912163,492.26608
703,20000,2,0.827297,,0.827297,0.825814,0.82705,533.3987,531.9847,533.248819,492.140322,492.616997,492.232641
704,20000,2,0.827297,,0.827297,0.825814,0.827118,533.3987,531.9847,533.301957,492.140322,492.757177,492.215138
705,20000,2,0.8273,,0.8273,0.825965,0.827182,533.3987,531.9847,533.333725,492.138153,492.589902,492.186718
706,20000,2,0.827307,,0.827307,0.825965,0.827217,533.3987,531.9847,533.342155,492.132334,492.457286,492.164895
707,20000,2,0.827307,,0.827307,0.825965,0.827232,533.3987,531.9847,533.347395,492.132334,492.457286,492.157168
708,20000,2,0.827307,,0.827307,0.825965,0.82725,533.3987,531.9847,533.363965,492.132334,492.278757,492.153847
709,20000,2,0.827307,,0.827307,0.825965,0.827263,533.3987,531.9847,533.37651,492.132334,492.385094,492.151955
710,20000,2,0.827307,,0.827307,0.82712,0.827289,533.3987,533.2772,533.397485,492.132334,492.278757,492.145932
711,20000,2,0.827307,,0.827307,0.82712,0.827296,533.3987,533.3987,533.3987,492.132334,492.278757,492.141098
712,20000,2,0.827307,,0.827307,0.827291,0.827299,533.3987,533.3987,533.3987,492.132334,492.144792,492.13871
713,20000,2,0.827307,,0.827307,0.827291,0.8273,533.3987,533.3987,533.3987,492.132334,492.144792,492.137923
714,20000,2,0.827307,,0.827307,0.827291,0.827301,533.3987,533.3987,533.3987,492.132334,492.144792,492.137304
715,20000,2,0.827307,,0.827307,0.827291,0.827302,533.3987,533.3987,533.3987,492.132334,492.144792,492.136736
716,20000,2,0.827307,,0.827307,0.827291,0.827303,533.3987,533.3987,533.3987,492.132334,492.144792,492.135816
717,20000,2,0.827307,,0.827307,0.827297,0.827304,533.3987,533.3987,533.3987,492.132334,492.140322,492.135104
718,20000,2,0.827307,,0.827307,0.827297,0.827304,533.3987,533.3987,533.3987,492.132334,492.140322,492.134741
719,20000,2,0.827307,,0.827307,0.827297,0.827305,533.3987,533.3987,533.3987,492.132334,492.140322,492.134203
720,20000,2,0.827307,,0.827307,0.827297,0.827305,533.3987,533.3987,533.3987,492.132334,492.140322,492.133903
721,20000,2,0.827307,,0.827307,0.827297,0.827306,533.3987,533.3987,533.3987,492.132334,492.140322,492.133388
722,20000,2,0.827307,,0.827307,0.827297,0.827307,533.3987,533.3987,533.3987,492.132334,492.140322,492.132952
723,20000,2,0.827307,,0.827307,0.827297,0.827307,533.3987,533.3987,533.3987,492.132334,492.140322,492.132654
724,20000,2,0.827307,,0.827307,0.827297,0.827307,533.3987,533.3987,533.3987,492.132334,492.140322,492.132574
725,20000,2,0.827307,,0.827307,0.827297,0.827307,533.3987,533.3987,533.3987,492.132334,492.140322,492.132494
726,20000,2,0.827307,,0.827307,0.827297,0.827307,533.3987,533.3987,533.3987,492.132334,492.140322,492.132494
727,20000,2,0.827307,,0.827307,0.827307,0.827307,533.3987,533.3987,533.3987,492.132334,492.132334,492.132334
728,20000,2,0.827307,,0.827307,0.827307,0.827307,533.3987,533.3987,533.3987,492.132334,492.132334,492.132334
729,20000,2,0.827307,,0.827307,0.827307,0.827307,533.3987,533.3987,533.3987,492.132334,492.132334,492.132334
730,20000,2,0.827307,,0.827307,0.827307,0.827307,533.3987,533.3987,533.3987,492.132334,492.132334,492.132334
731,20000,2,0.827307,,0.827307,0.827307,0.827307,533.3987,533.3987,533.3987,492.132334,492.132334,492.132334
732,20000,2,0.827307,,0.827307,0.827307,0.827307,533.3987,533.3987,533.3987,492.132334,492.132334,492.132334
733,20000,2,0.827307,,0.827307,0.827307,0.827307,533.3987,533.3987,533.3987,492.132334,492.132334,492.132334
734,20000,2,0.827307,,0.827307,0.827307,0.827307,533.3987,533.3987,533.3987,492.132334,492.132334,492.132334
735,20000,2,0.827307,,0.827307,0.827307,0.827307,533.3987,533.3987,533.3987,492.132334,492.132334,492.132334
736,20000,2,0.827307,,0.827307,0.827307,0.827307,533.3987,533.3987,533.3987,492.132334,492.132334,492.132334
737,20000,2,0.827307,,0.827307,0.827307,0.827307,533.3987,533.3987,533.3987,492.132334,492.132334,492.132334
738,20000,2,0.827307,,0.827307,0.827307,0.827307,533.3987,533.3987,533.3987,492.132334,492.132334,492.132334
739,20000,2,0.827307,,0.827307,0.827307,0.827307,533.3987,533.3987,533.3987,492.132334,492.132334,492.132334
740,20000,2,0.827307,,0.827307,0.827307,0.827307,533.3987,533.3987,533.3987,492.132334,492.132334,492.132334
741,20000,2,0.827307,,0.827307,0.827307,0.827307,533.3987,533.3987,533.3987,492.132334,492.132334,492.132334
742,20000,2,0.827307,,0.827307,0.827307,0.827307,533.3987,533.3987,533.3987,492.132334,492.132334,492.132334
743,20000,2,0.827307,,0.827307,0.827307,0.827307,533.3987,533.3987,533.3987,492.132334,492.132334,492.132334
744,20000,2,0.827307,,0.827307,0.827307,0.827307,533.3987,533.3987,533.3987,492.132334,492.132334,492.132334
745,20000,2,0.827307,,0.827307,0.827307,0.827307,533.3987,533.3987,533.3987,492.132334,492.132334,492.132334
746,20000,2,0.827307,,0.827307,0.827307,0.827307,533.3987,533.3987,533.3987,492.132334,492.132334,492.132334
747,20000,2,0.827307,,0.827307,0.827307,0.827307,533.3987,533.3987,533.3987,492.132334,492.132334,492.132334
748,20000,2,0.827307,,0.827307,0.827307,0.827307,533.3987,533.3987,533.3987,492.132334,492.132334,492.132334
749,20000,2,0.827307,,0.827307,0.827307,0.827307,533.3987,533.3987,533.3987,492.132334,492.132334,492.132334
750,20000,2,0.827307,,0.827307,0.827307,0.827307,533.3987,533.3987,533.3987,492.132334,492.132334,492.132334
751,20000,2,0.827307,,0.827307,0.827307,0.827307,533.3987,533.3987,533.3987,492.132334,492.132334,492.132334
752,20000,2,0.827307,,0.827307,0.827307,0.827307,533.3987,533.3987,533.3987,492.132334,492.132334,492.132334
753,20000,2,0.827307,,0.827307,0.827307,0.827307,533.3987,533.3987,533.3987,492.132334,492.132334,492.132334
754,20000,2,0.827307,,0.827307,0.827307,0.827307,533.3987,533.3987,533.3987,492.132334,492.132334,492.132334
755,20000,2,0.827307,,0.827307,0.827307,0.827307,533.3987,533.3987,533.3987,492.132334,492.132334,492.132334
756,20000,2,0.827307,,0.827307,0.827307,0.827307,533.3987,533.3987,533.3987,492.132334,492.132334,492.132334
757,20000,2,0.827307,,0.827307,0.827307,0.827307,533.3987,533.3987,533.3987,492.132334,492.132334,492.132334
758,20000,2,0.827307,,0.827307,0.827307,0.827307,533.3987,533.3987,533.3987,492.132334,492.132334,492.132334
759,20000,2,0.827307,,0.827307,0.827307,0.827307,533.3987,533.3987,533.3987,492.132334,492.132334,492.132334
760,20000,2,0.827307,,0.827307,0.827307,0.827307,533.3987,533.3987,533.3987,492.132334,492.132334,492.132334
761,20000,2,0.827307,,0.827307,0.827307,0.827307,533.3987,533.3987,533.3987,492.132334,492.132334,492.132334
762,20000,2,0.827307,,0.827307,0.827307,0.827307,533.3987,533.3987,533.3987,492.132334,492.132334,492.132334
763,20000,2,0.827307,,0.827307,0.827307,0.827307,533.3987,533.3987,533.3987,492.132334,492.132334,492.132334
764,20000,2,0.827307,,0.827307,0.827307,0.827307,533.3987,533.3987,533.3987,492.132334,492.132334,492.132334
765,20000,2,0.828356,,0.828356,0.825965,0.827334,534.833,531.9847,533.480526,492.132334,492.653261,492.166606
766,20000,2,0.828356,,0.828356,0.827307,0.827384,534.833,533.3987,533.598939,492.132334,492.653261,492.20697
767,20000,2,0.828356,,0.828356,0.827307,0.827416,534.833,533.3987,533.680527,492.076648,492.757124,492.236191
768,20000,2,0.828356,,0.828356,0.827307,0.827466,534.833,533.3987,533.812492,492.132334,492.757124,492.28566
769,20000,2,0.828356,,0.828356,0.827307,0.827504,534.833,533.3987,533.914935,492.132334,492.757124,492.325243
770,20000,2,0.828356,,0.828356,0.827307,0.827558,535.3217,533.3987,534.038604,492.076648,492.799526,492.365912
771,20000,2,0.828434,,0.828434,0.827307,0.827588,535.3217,533.3987,534.125499,492.076648,492.799526,492.400879
772,20000,2,0.828434,,0.828434,0.827307,0.827647,535.3217,533.3987,534.236008,492.076648,492.799526,492.428504
773,20000,2,0.828434,,0.828434,0.827307,0.827722,535.3217,533.3987,534.357974,492.076648,492.799526,492.451851
774,20000,2,0.828434,,0.828434,0.827307,0.827785,535.3217,533.3987,534.450083,492.076648,492.799526,492.464209
775,20000,2,0.828434,,0.828434,0.827307,0.827834,535.3217,533.3987,534.528991,492.076648,492.799526,492.479054
776,20000,2,0.828434,,0.828434,0.827307,0.827895,535.3217,533.3987,534.630861,492.076648,493.047142,492.499714
777,20000,2,0.828434,,0.828434,0.827307,0.827961,535.3217,533.3987,534.721787,492.076648,492.971878,492.509437
778,20000,2,0.828434,,0.828434,0.827307,0.827997,535.3217,533.3987,534.768787,492.076648,493.047142,492.512842
779,20000,2,0.828434,,0.828434,0.827307,0.828054,535.3217,533.3987,534.858215,492.076648,493.047142,492.528054
780,20000,2,0.82844,,0.82844,0.827403,0.828135,535.3217,534.3838,534.937008,492.247837,492.971878,492.517402
781,20000,2,0.82844,,0.82844,0.827403,0.82818,535.3217,534.3838,534.961365,492.247837,492.971878,492.499043
782,20000,2,0.82844,,0.82844,0.827632,0.828213,535.3217,534.3838,534.979733,492.247837,492.971878,492.485621
783,20000,2,0.82844,,0.82844,0.827632,0.828244,535.3217,534.3838,534.994012,492.247837,492.971878,492.471119
784,20000,2,0.82844,,0.82844,0.827733,0.828277,535.3217,534.833,535.009053,492.270758,492.971878,492.454996
785,20000,2,0.828672,,0.828672,0.827733,0.8283,535.2146,534.833,535.018097,492.270758,492.971878,492.443335
786,20000,2,0.828672,,0.828672,0.82803,0.828319,535.3217,534.833,535.031583,492.270758,492.58768,492.437556
787,20000,2,0.828672,,0.828672,0.82803,0.82833,535.3217,534.833,535.035216,492.270758,492.58768,492.431738
788,20000,2,0.828672,,0.828672,0.82803,0.828351,535.3217,534.833,535.044362,492.270758,492.58768,492.421401
789,20000,2,0.828678,,0.828678,0.82803,0.828361,535.3217,534.833,535.05241,492.270758,492.58768,492.418872
790,20000,2,0.828678,,0.828678,0.82803,0.828381,535.3217,534.833,535.062078,492.270758,492.58768,492.409836
791,20000,2,0.828678,,0.828678,0.828268,0.828406,535.3217,534.833,535.076269,492.270758,492.545364,492.39955
792,20000,2,0.828678,,0.828678,0.828268,0.828431,535.3217,534.833,535.089439,492.202268,492.545364,492.389144
793,20000,2,0.828678,,0.828678,0.828268,0.828449,535.3217,534.833,535.098612,492.202268,492.545364,492.381201
794,20000,2,0.828678,,0.828678,0.828268,0.828465,535.3217,534.833,535.106556,492.202268,492.545364,492.374204
795,20000,2,0.828678,,0.828678,0.828268,0.828484,535.3217,534.833,535.118551,492.202268,492.545364,492.36741
796,20000,2,0.828678,,0.828678,0.828268,0.828503,535.3217,534.833,535.128167,492.202268,492.545364,492.358553
797,20000,2,0.828678,,0.828678,0.828268,0.828534,535.3217,534.833,535.143745,492.202268,492.545364,492.34463
798,20000,2,0.828678,,0.828678,0.828268,0.82856,535.3217,535.0081,535.158171,492.202268,492.51919,492.334677
799,20000,2,0.828678,,0.828678,0.828268,0.82858,535.3217,535.0081,535.158722,492.202268,492.51919,492.31882
800,20000,2,0.828678,,0.828678,0.828268,0.828609,535.3217,535.0081,535.174298,492.202268,492.51919,492.306879
801,20000,2,0.828678,,0.828678,0.828268,0.82863,535.3217,535.0081,535.188308,492.202268,492.51919,492.299552
802,20000,2,0.828678,,0.828678,0.828268,0.828637,535.3217,535.0395,535.196697,492.280094,492.51919,492.299984
803,20000,2,0.828678,,0.828678,0.828268,0.828654,535.3217,535.0395,535.202761,492.280094,492.51919,492.290918
804,20000,2,0.828678,,0.828678,0.82844,0.828664,535.3217,535.0395,535.206916,492.280094,492.472404,492.285531
805,20000,2,0.828678,,0.828678,0.82844,0.828667,535.3217,535.0395,535.208667,492.280094,492.472404,492.284802
806,20000,2,0.828678,,0.828678,0.82844,0.828671,535.2146,535.0395,535.209347,492.280094,492.348584,492.282194
807,20000,2,0.828678,,0.828678,0.82844,0.828671,535.2146,535.0395,535.209347,492.280094,492.348584,492.282194
808,20000,2,0.828678,,0.828678,0.82844,0.828676,535.2146,535.0395,535.212849,492.280094,492.348584,492.280869
809,20000,2,0.828678,,0.828678,0.828672,0.828678,535.2146,535.2146,535.2146,492.280094,492.284564,492.280139
810,20000,2,0.828678,,0.828678,0.828678,0.828678,535.2146,535.2146,535.2146,492.280094,492.280094,492.280094
811,20000,2,0.828678,,0.828678,0.828678,0.828678,535.2146,535.2146,535.2146,492.280094,492.280094,492.280094
812,20000,2,0.828678,,0.828678,0.828678,0.828678,535.2146,535.2146,535.2146,492.280094,492.280094,492.280094
813,20000,2,0.828678,,0.828678,0.828678,0.828678,535.2146,535.2146,535.2146,492.280094,492.280094,492.280094
814,20000,2,0.828678,,0.828678,0.828678,0.828678,535.2146,535.2146,535.2146,492.280094,492.280094,492.280094
815,20000,2,0.828678,,0.828678,0.828678,0.828678,535.2146,535.2146,535.2146,492.280094,492.280094,492.280094
816,20000,2,0.828678,,0.828678,0.828678,0.828678,535.2146,535.2146,535.2146,492.280094,492.280094,492.280094
817,20000,2,0.828678,,0.828678,0.828678,0.828678,535.2146,535.2146,535.2146,492.280094,492.280094,492.280094
818,20000,2,0.828678,,0.828678,0.828678,0.828678,535.2146,535.2146,535.2146,492.280094,492.280094,492.280094
819,20000,2,0.828678,,0.828678,0.828678,0.828678,535.2146,535.2146,535.2146,492.280094,492.280094,492.280094
820,20000,2,0.828678,,0.828678,0.828678,0.828678,535.2146,535.2146,535.2146,492.280094,492.280094,492.280094
821,20000,2,0.828678,,0.828678,0.828678,0.828678,535.2146,535.2146,535.2146,492.280094,492.280094,492.280094
822,20000,2,0.828678,,0.828678,0.828678,0.828678,535.2146,535.2146,535.2146,492.280094,492.280094,492.280094
823,20000,2,0.828678,,0.828678,0.828678,0.828678,535.2146,535.2146,535.2146,492.280094,492.280094,492.280094
824,20000,2,0.828678,,0.828678,0.828678,0.828678,535.2146,535.2146,535.2146,492.280094,492.280094,492.280094
825,20000,2,0.828678,,0.828678,0.828678,0.828678,535.2146,535.2146,535.2146,492.280094,492.280094,492.280094
826,20000,2,0.828678,,0.828678,0.828678,0.828678,535.2146,535.2146,535.2146,492.280094,492.280094,492.280094
827,20000,2,0.828678,,0.828678,0.828678,0.828678,535.2146,535.2146,535.2146,492.280094,492.280094,492.280094
828,20000,2,0.828678,,0.828678,0.828678,0.828678,535.2146,535.2146,535.2146,492.280094,492.280094,492.280094
829,20000,2,0.828678,,0.828678,0.828678,0.828678,535.2146,535.2146,535.2146,492.280094,492.280094,492.280094
830,20000,2,0.828678,,0.828678,0.828678,0.828678,535.2146,535.2146,535.2146,492.280094,492.280094,492.280094
831,20000,2,0.828678,,0.828678,0.828678,0.828678,535.2146,535.2146,535.2146,492.280094,492.280094,492.280094
832,20000,2,0.828678,,0.828678,0.828678,0.828678,535.2146,535.2146,535.2146,492.280094,492.280094,492.280094
833,20000,2,0.828678,,0.828678,0.828678,0.828678,535.2146,535.2146,535.2146,492.280094,492.280094,492.280094
834,20000,2,0.828678,,0.828678,0.828678,0.828678,535.2146,535.2146,535.2146,492.280094,492.280094,492.280094
835,20000,2,0.828678,,0.828678,0.828678,0.828678,535.2146,535.2146,535.2146,492.280094,492.280094,492.280094
836,20000,2,0.828678,,0.828678,0.828678,0.828678,535.2146,535.2146,535.2146,492.280094,492.280094,492.280094
837,20000,2,0.828678,,0.828678,0.828678,0.828678,535.2146,535.2146,535.2146,492.280094,492.280094,492.280094
838,20000,2,0.828678,,0.828678,0.828678,0.828678,535.2146,535.2146,535.2146,492.280094,492.280094,492.280094
839,20000,2,0.828678,,0.828678,0.828678,0.828678,535.2146,535.2146,535.2146,492.280094,492.280094,492.280094
840,20000,2,0.828678,,0.828678,0.828678,0.828678,535.2146,535.2146,535.2146,492.280094,492.280094,492.280094
841,20000,2,0.828678,,0.828678,0.828678,0.828678,535.2146,535.2146,535.2146,492.280094,492.280094,492.280094
842,20000,2,0.828678,,0.828678,0.828678,0.828678,535.2146,535.2146,535.2146,492.280094,492.280094,492.280094
843,20000,2,0.828678,,0.828678,0.828678,0.828678,535.2146,535.2146,535.2146,492.280094,492.280094,492.280094
844,20000,2,0.828678,,0.828678,0.828678,0.828678,535.2146,535.2146,535.2146,492.280094,492.280094,492.280094
845,20000,2,0.828678,,0.828678,0.828678,0.828678,535.2146,535.2146,535.2146,492.280094,492.280094,492.280094
846,20000,2,0.828678,,0.828678,0.828678,0.828678,535.2146,535.2146,535.2146,492.280094,492.280094,492.280094
847,20000,2,0.828678,,0.828678,0.828678,0.828678,535.2146,535.2146,535.2146,492.280094,492.280094,492.280094
848,20000,2,0.828678,,0.828678,0.828678,0.828678,535.2146,535.2146,535.2146,492.280094,492.280094,492.280094
849,20000,2,0.828678,,0.828678,0.828678,0.828678,535.2146,535.2146,535.2146,492.280094,492.280094,492.280094
850,20000,2,0.828795,,0.828795,0.828372,0.828671,535.2146,534.833,535.205217,492.189134,492.348584,492.279533
851,20000,2,0.828795,,0.828795,0.828678,0.828682,535.2146,535.2146,535.2146,492.189134,492.280094,492.277366
852,20000,2,0.828795,,0.828795,0.828678,0.828683,535.2146,535.2146,535.2146,492.189134,492.280094,492.276456
853,20000,2,0.828795,,0.828795,0.828678,0.828684,535.2146,535.2146,535.2146,492.189134,492.280094,492.275546
854,20000,2,0.828795,,0.828795,0.828678,0.828686,535.2146,535.2146,535.2146,492.189134,492.280094,492.273727
855,20000,2,0.828795,,0.828795,0.828678,0.828687,535.2146,535.2146,535.2146,492.189134,492.280094,492.272818
856,20000,2,0.828795,,0.828795,0.828678,0.82869,535.2146,535.2146,535.2146,492.189134,492.280094,492.270998
857,20000,2,0.828795,,0.828795,0.828678,0.828693,535.2146,535.2146,535.2146,492.189134,492.280094,492.26827
858,20000,2,0.828795,,0.828795,0.828678,0.828697,535.2146,535.2146,535.2146,492.189134,492.280094,492.265541
859,20000,2,0.828795,,0.828795,0.828678,0.828699,535.2146,535.2146,535.2146,492.189134,492.280094,492.263722
860,20000,2,0.828795,,0.828795,0.828678,0.828704,535.2146,535.2146,535.2146,492.189134,492.280094,492.260083
861,20000,2,0.828795,,0.828795,0.828678,0.828706,535.2146,535.2146,535.2146,492.189134,492.280094,492.258264
862,20000,2,0.828795,,0.828795,0.828678,0.828707,535.2146,535.2146,535.2146,492.189134,492.280094,492.257354
863,20000,2,0.828795,,0.828795,0.828678,0.82871,535.2146,535.2146,535.2146,492.189134,492.280094,492.255535
864,20000,2,0.828795,,0.828795,0.828678,0.828713,535.2146,535.2146,535.2146,492.189134,492.280094,492.252806
865,20000,2,0.828795,,0.828795,0.828678,0.828718,535.2146,535.2146,535.2146,492.189134,492.280094,492.249168
866,20000,2,0.828795,,0.828795,0.828678,0.828721,535.2146,535.2146,535.2146,492.189134,492.280094,492.246439
867,20000,2,0.828795,,0.828795,0.828678,0.828725,535.2146,535.2146,535.2146,492.189134,492.280094,492.24371
868,20000,2,0.828795,,0.828795,0.828678,0.828731,535.2146,535.2146,535.2146,492.189134,492.280094,492.239162
869,20000,2,0.828795,,0.828795,0.828678,0.828735,535.2146,535.2146,535.2146,492.189134,492.280094,492.235524
870,20000,2,0.828795,,0.828795,0.828678,0.828741,535.2146,535.2146,535.2146,492.189134,492.280094,492.230976
871,20000,2,0.828795,,0.828795,0.828678,0.828747,535.2146,535.2146,535.2146,492.189134,492.280094,492.226428
872,20000,2,0.828795,,0.828795,0.828678,0.828755,535.2146,535.2146,535.2146,492.189134,492.280094,492.220061
873,20000,2,0.828795,,0.828795,0.828678,0.828761,535.2146,535.2146,535.2146,492.189134,492.280094,492.215513
874,20000,2,0.828795,,0.828795,0.828678,0.828769,535.2146,535.2146,535.2146,492.189134,492.280094,492.209145
875,20000,2,0.828795,,0.828795,0.828678,0.828776,535.2146,535.2146,535.2146,492.189134,492.280094,492.203688
876,20000,2,0.828795,,0.828795,0.828678,0.828778,535.2146,535.2146,535.2146,492.189134,492.280094,492.201869
877,20000,2,0.828795,,0.828795,0.828678,0.828782,535.2146,535.2146,535.2146,492.189134,492.280094,492.19914
878,20000,2,0.828795,,0.828795,0.828678,0.828783,535.2146,535.2146,535.2146,492.189134,492.280094,492.19823
879,20000,2,0.828795,,0.828795,0.828678,0.828786,535.2146,535.2146,535.2146,492.189134,492.280094,492.195501
880,20000,2,0.828795,,0.828795,0.828678,0.828786,535.2146,535.2146,535.2146,492.189134,492.280094,492.195501
881,20000,2,0.828795,,0.828795,0.828678,0.828791,535.2146,535.2146,535.2146,492.189134,492.280094,492.191863
882,20000,2,0.828795,,0.828795,0.828678,0.828792,535.2146,535.2146,535.2146,492.189134,492.280094,492.190953
883,20000,2,0.828795,,0.828795,0.828678,0.828793,535.2146,535.2146,535.2146,492.189134,492.280094,492.190044
884,20000,2,0.828795,,0.828795,0.828795,0.828795,535.2146,535.2146,535.2146,492.189134,492.189134,492.189134
885,20000,2,0.828795,,0.828795,0.828795,0.828795,535.2146,535.2146,535.2146,492.189134,492.189134,492.189134
886,20000,2,0.828795,,0.828795,0.828795,0.828795,535.2146,535.2146,535.2146,492.189134,492.189134,492.189134
887,20000,2,0.828795,,0.828795,0.828795,0.828795,535.2146,535.2146,535.2146,492.189134,492.189134,492.189134
888,20000,2,0.828795,,0.828795,0.828795,0.828795,535.2146,535.2146,535.2146,492.189134,492.189134,492.189134
889,20000,2,0.828795,,0.828795,0.828795,0.828795,535.2146,535.2146,535.2146,492.189134,492.189134,492.189134
890,20000,2,0.828795,,0.828795,0.828795,0.828795,535.2146,535.2146,535.2146,492.189134,492.189134,492.189134
891,20000,2,0.828795,,0.828795,0.828795,0.828795,535.2146,535.2146,535.2146,492.189134,492.189134,492.189134
892,20000,2,0.828795,,0.828795,0.828795,0.828795,535.2146,535.2146,535.2146,492.189134,492.189134,492.189134
893,20000,2,0.828795,,0.828795,0.828795,0.828795,535.2146,535.2146,535.2146,492.189134,492.189134,492.189134
894,20000,2,0.828795,,0.828795,0.828795,0.828795,535.2146,535.2146,535.2146,492.189134,492.189134,492.189134
895,20000,2,0.828795,,0.828795,0.828795,0.828795,535.2146,535.2146,535.2146,492.189134,492.189134,492.189134
896,20000,2,0.828795,,0.828795,0.828795,0.828795,535.2146,535.2146,535.2146,492.189134,492.189134,492.189134
897,20000,2,0.828795,,0.828795,0.828795,0.828795,535.2146,535.2146,535.2146,492.189134,492.189134,492.189134
898,20000,2,0.828795,,0.828795,0.828795,0.828795,535.2146,535.2146,535.2146,492.189134,492.189134,492.189134
899,20000,2,0.828795,,0.828795,0.828795,0.828795,535.2146,535.2146,535.2146,492.189134,492.189134,492.189134
900,20000,2,0.828795,,0.828795,0.828795,0.828795,535.2146,535.2146,535.2146,492.189134,492.189134,492.189134
901,20000,2,0.828795,,0.828795,0.828795,0.828795,535.2146,535.2146,535.2146,492.189134,492.189134,492.189134
902,20000,2,0.828795,,0.828795,0.828795,0.828795,535.2146,535.2146,535.2146,492.189134,492.189134,492.189134
903,20000,2,0.828795,,0.828795,0.828795,0.828795,535.2146,535.2146,535.2146,492.189134,492.189134,492.189134
904,20000,2,0.828795,,0.828795,0.828795,0.828795,535.2146,535.2146,535.2146,492.189134,492.189134,492.189134
905,20000,2,0.828795,,0.828795,0.828795,0.828795,535.2146,535.2146,535.2146,492.189134,492.189134,492.189134
906,20000,2,0.828795,,0.828795,0.828795,0.828795,535.2146,535.2146,535.2146,492.189134,492.189134,492.189134
907,20000,2,0.828795,,0.828795,0.828795,0.828795,535.2146,535.2146,535.2146,492.189134,492.189134,492.189134
908,20000,2,0.828795,,0.828795,0.828795,0.828795,535.2146,535.2146,535.2146,492.189134,492.189134,492.189134
909,20000,2,0.828795,,0.828795,0.828795,0.828795,535.2146,535.2146,535.2146,492.189134,492.189134,492.189134
910,20000,2,0.828795,,0.828795,0.828795,0.828795,535.2146,535.2146,535.2146,492.189134,492.189134,492.189134
911,20000,2,0.828795,,0.828795,0.828795,0.828795,535.2146,535.2146,535.2146,492.189134,492.189134,492.189134
912,20000,2,0.828795,,0.828795,0.828795,0.828795,535.2146,535.2146,535.2146,492.189134,492.189134,492.189134
913,20000,2,0.828795,,0.828795,0.828795,0.828795,535.2146,535.2146,535.2146,492.189134,492.189134,492.189134
914,20000,2,0.828795,,0.828795,0.828795,0.828795,535.2146,535.2146,535.2146,492.189134,492.189134,492.189134
915,20000,2,0.828795,,0.828795,0.828795,0.828795,535.2146,535.2146,535.2146,492.189134,492.189134,492.189134
916,20000,2,0.828795,,0.828795,0.828795,0.828795,535.2146,535.2146,535.2146,492.189134,492.189134,492.189134
917,20000,2,0.828795,,0.828795,0.828795,0.828795,535.2146,535.2146,535.2146,492.189134,492.189134,492.189134
918,20000,2,0.828795,,0.828795,0.828795,0.828795,535.2146,535.2146,535.2146,492.189134,492.189134,492.189134
919,20000,2,0.828795,,0.828795,0.828795,0.828795,535.2146,535.2146,535.2146,492.189134,492.189134,492.189134
920,20000,2,0.828795,,0.828795,0.828795,0.828795,535.2146,535.2146,535.2146,492.189134,492.189134,492.189134
921,20000,2,0.828795,,0.828795,0.828795,0.828795,535.2146,535.2146,535.2146,492.189134,492.189134,492.189134
922,20000,2,0.828795,,0.828795,0.828795,0.828795,535.2146,535.2146,535.2146,492.189134,492.189134,492.189134
923,20000,2,0.828795,,0.828795,0.828795,0.828795,535.2146,535.2146,535.2146,492.189134,492.189134,492.189134
924,20000,2,0.828795,,0.828795,0.828795,0.828795,535.2146,535.2146,535.2146,492.189134,492.189134,492.189134
925,20000,2,0.828795,,0.828795,0.828795,0.828795,535.2146,535.2146,535.2146,492.189134,492.189134,492.189134
926,20000,2,0.828795,,0.828795,0.828795,0.828795,535.2146,535.2146,535.2146,492.189134,492.189134,492.189134
927,20000,2,0.828795,,0.828795,0.828795,0.828795,535.2146,535.2146,535.2146,492.189134,492.189134,492.189134
928,20000,2,0.828795,,0.828795,0.828795,0.828795,535.2146,535.2146,535.2146,492.189134,492.189134,492.189134
929,20000,2,0.828795,,0.828795,0.828795,0.828795,535.2146,535.2146,535.2146,492.189134,492.189134,492.189134
930,20000,2,0.828795,,0.828795,0.828795,0.828795,535.2146,535.2146,535.2146,492.189134,492.189134,492.189134
931,20000,2,0.828795,,0.828795,0.828795,0.828795,535.2146,535.2146,535.2146,492.189134,492.189134,492.189134
932,20000,2,0.828795,,0.828795,0.828795,0.828795,535.2146,535.2146,535.2146,492.189134,492.189134,492.189134
933,20000,2,0.828795,,0.828795,0.828795,0.828795,535.2146,535.2146,535.2146,492.189134,492.189134,492.189134
934,20000,2,0.828795,,0.828795,0.828795,0.828795,535.2146,535.2146,535.2146,492.189134,492.189134,492.189134
935,20000,2,0.82937,,0.82937,0.828795,0.8288,535.7312,535.2146,535.219766,492.086662,492.189134,492.188109
936,20000,2,0.82937,,0.82937,0.828795,0.8288,535.7312,535.2146,535.219766,492.086662,492.189134,492.188109
937,20000,2,0.82937,,0.82937,0.828795,0.8288,535.7312,535.2146,535.219766,492.086662,492.189134,492.188109
938,20000,2,0.82937,,0.82937,0.828795,0.8288,535.7312,535.2146,535.219766,492.086662,492.189134,492.188109
939,20000,2,0.82937,,0.82937,0.828795,0.828818,535.7312,535.2146,535.235264,492.086662,492.189134,492.185035
940,20000,2,0.82937,,0.82937,0.828795,0.828841,535.7312,535.2146,535.255928,492.086662,492.189134,492.180936
941,20000,2,0.82937,,0.82937,0.828795,0.828864,535.7312,535.2146,535.276592,492.086662,492.189134,492.176837
942,20000,2,0.82937,,0.82937,0.828795,0.828881,535.7312,535.2146,535.29209,492.086662,492.189134,492.173763
943,20000,2,0.82937,,0.82937,0.828795,0.82891,535.7312,535.2146,535.31792,492.086662,492.189134,492.16864
944,20000,2,0.82937,,0.82937,0.828795,0.828938,535.7312,535.2146,535.34375,492.086662,492.189134,492.163516
945,20000,2,0.82937,,0.82937,0.828795,0.828961,535.7312,535.2146,535.364414,492.086662,492.189134,492.159417
946,20000,2,0.82937,,0.82937,0.828795,0.82899,535.7312,535.2146,535.390244,492.086662,492.189134,492.154293
947,20000,2,0.82937,,0.82937,0.828795,0.829019,535.7312,535.2146,535.416074,492.086662,492.189134,492.14917
948,20000,2,0.82937,,0.82937,0.828795,0.829053,535.7312,535.2146,535.44707,492.086662,492.189134,492.143022
949,20000,2,0.82937,,0.82937,0.828795,0.829076,535.7312,535.2146,535.467734,492.086662,492.189134,492.138923
950,20000,2,0.82937,,0.82937,0.828795,0.829099,535.7312,535.2146,535.488398,492.086662,492.189134,492.134824
951,20000,2,0.82937,,0.82937,0.828795,0.829128,535.7312,535.2146,535.514228,492.086662,492.189134,492.1297
952,20000,2,0.82937,,0.82937,0.828795,0.829163,535.7312,535.2146,535.545224,492.086662,492.189134,492.123552
953,20000,2,0.82937,,0.82937,0.828795,0.829203,535.7312,535.2146,535.581386,492.086662,492.189134,492.116379
954,20000,2,0.82937,,0.82937,0.828795,0.829243,535.7312,535.2146,535.617548,492.086662,492.189134,492.109206
955,20000,2,0.82937,,0.82937,0.828795,0.829289,535.7312,535.2146,535.658876,492.086662,492.189134,492.101008
956,20000,2,0.82937,,0.82937,0.828795,0.829312,535.7312,535.2146,535.67954,492.086662,492.189134,492.096909
957,20000,2,0.82937,,0.82937,0.828795,0.829335,535.7312,535.2146,535.700204,492.086662,492.189134,492.09281
958,20000,2,0.82937,,0.82937,0.828795,0.829353,535.7312,535.2146,535.715702,492.086662,492.189134,492.089736
959,20000,2,0.82937,,0.82937,0.828795,0.829364,535.7312,535.2146,535.726034,492.086662,492.189134,492.087686
960,20000,2,0.82937,,0.82937,0.82937,0.82937,535.7312,535.7312,535.7312,492.086662,492.086662,492.086662
961,20000,2,0.82937,,0.82937,0.82937,0.82937,535.7312,535.7312,535.7312,492.086662,492.086662,492.086662
962,20000,2,0.82937,,0.82937,0.82937,0.82937,535.7312,535.7312,535.7312,492.086662,492.086662,492.086662
963,20000,2,0.82937,,0.82937,0.82937,0.82937,535.7312,535.7312,535.7312,492.086662,492.086662,492.086662
964,20000,2,0.82937,,0.82937,0.82937,0.82937,535.7312,535.7312,535.7312,492.086662,492.086662,492.086662
965,20000,2,0.82937,,0.82937,0.82937,0.82937,535.7312,535.7312,535.7312,492.086662,492.086662,492.086662
966,20000,2,0.82937,,0.82937,0.82937,0.82937,535.7312,535.7312,535.7312,492.086662,492.086662,492.086662
967,20000,2,0.82937,,0.82937,0.82937,0.82937,535.7312,535.7312,535.7312,492.086662,492.086662,492.086662
968,20000,2,0.82937,,0.82937,0.82937,0.82937,535.7312,535.7312,535.7312,492.086662,492.086662,492.086662
969,20000,2,0.82937,,0.82937,0.82937,0.82937,535.7312,535.7312,535.7312,492.086662,492.086662,492.086662
970,20000,2,0.82937,,0.82937,0.82937,0.82937,535.7312,535.7312,535.7312,492.086662,492.086662,492.086662
971,20000,2,0.82937,,0.82937,0.82937,0.82937,535.7312,535.7312,535.7312,492.086662,492.086662,492.086662
972,20000,2,0.82937,,0.82937,0.82937,0.82937,535.7312,535.7312,535.7312,492.086662,492.086662,492.086662
973,20000,2,0.82937,,0.82937,0.82937,0.82937,535.7312,535.7312,535.7312,492.086662,492.086662,492.086662
974,20000,2,0.82937,,0.82937,0.82937,0.82937,535.7312,535.7312,535.7312,492.086662,492.086662,492.086662
975,20000,2,0.82937,,0.82937,0.82937,0.82937,535.7312,535.7312,535.7312,492.086662,492.086662,492.086662
976,20000,2,0.82937,,0.82937,0.82937,0.82937,535.7312,535.7312,535.7312,492.086662,492.086662,492.086662
977,20000,2,0.82937,,0.82937,0.82937,0.82937,535.7312,535.7312,535.7312,492.086662,492.086662,492.086662
978,20000,2,0.82937,,0.82937,0.82937,0.82937,535.7312,535.7312,535.7312,492.086662,492.086662,492.086662
979,20000,2,0.829477,,0.829477,0.82937,0.829371,535.8042,535.7312,535.73193,492.05216,492.086662,492.086317
980,20000,2,0.829477,,0.829477,0.82937,0.829372,535.8042,535.7312,535.73266,492.05216,492.086662,492.085972
981,20000,2,0.829477,,0.829477,0.82937,0.829373,535.8042,535.7312,535.73339,492.05216,492.086662,492.085627
982,20000,2,0.829477,,0.829477,0.82937,0.829375,535.8042,535.7312,535.73485,492.05216,492.086662,492.084937
983,20000,2,0.829477,,0.829477,0.82937,0.829378,535.8042,535.7312,535.73704,492.05216,492.086662,492.083902
984,20000,2,0.829477,,0.829477,0.82937,0.829383,535.8042,535.7312,535.73996,492.05216,492.086662,492.082521
985,20000,2,0.829477,,0.829477,0.82937,0.829385,535.8042,535.7312,535.74142,492.05216,492.086662,492.081831
986,20000,2,0.829477,,0.829477,0.82937,0.829389,535.8042,535.7312,535.74434,492.05216,492.086662,492.080451
987,20000,2,0.829477,,0.829477,0.82937,0.829393,535.8042,535.7312,535.74726,492.05216,492.086662,492.079071
988,20000,2,0.829477,,0.829477,0.82937,0.829396,535.8042,535.7312,535.74872,492.05216,492.086662,492.078381
989,20000,2,0.829477,,0.829477,0.82937,0.829402,535.8042,535.7312,535.7531,492.05216,492.086662,492.076311
990,20000,2,0.829477,,0.829477,0.82937,0.829406,535.8042,535.7312,535.75602,492.05216,492.086662,492.074931
991,20000,2,0.829477,,0.829477,0.82937,0.829413,535.8042,535.7312,535.7604,492.05216,492.086662,492.072861
992,20000,2,0.829477,,0.829477,0.82937,0.829417,535.8042,535.7312,535.76332,492.05216,492.086662,492.071481
993,20000,2,0.829477,,0.829477,0.82937,0.82942,535.8042,535.7312,535.76551,492.05216,492.086662,492.070446
994,20000,2,0.829477,,0.829477,0.82937,0.829424,535.8042,535.7312,535.76843,492.05216,492.086662,492.069066
995,20000,2,0.829477,,0.829477,0.82937,0.829429,535.8042,535.7312,535.77135,492.05216,492.086662,492.067686
996,20000,2,0.829477,,0.829477,0.82937,0.829432,535.8042,535.7312,535.77354,492.05216,492.086662,492.06665
997,20000,2,0.829477,,0.829477,0.82937,0.829438,535.8042,535.7312,535.77792,492.05216,492.086662,492.06458
998,20000,2,0.829477,,0.829477,0.82937,0.829441,535.8042,535.7312,535.78011,492.05216,492.086662,492.063545
999,20000,2,0.829477,,0.829477,0.82937,0.829447,535.8042,535.7312,535.78376,492.05216,492.086662,492.06182
1000,20000,2,0.829477,,0.829477,0.82937,0.82945,535.8042,535.7312,535.78595,492.05216,492.086662,492.060785
1001,20000,2,0.829477,,0.829477,0.82937,0.829453,535.8042,535.7312,535.78814,492.05216,492.086662,492.05975
1002,20000,2,0.829477,,0.829477,0.82937,0.829458,535.8042,535.7312,535.79106,492.05216,492.086662,492.05837
1003,20000,2,0.829477,,0.829477,0.82937,0.829462,535.8042,535.7312,535.79398,492.05216,492.086662,492.05699
1004,20000,2,0.829477,,0.829477,0.82937,0.829466,535.8042,535.7312,535.7969,492.05216,492.086662,492.05561
1005,20000,2,0.829477,,0.829477,0.82937,0.829468,535.8042,535.7312,535.79836,492.05216,492.086662,492.05492
1006,20000,2,0.829477,,0.829477,0.82937,0.829471,535.8042,535.7312,535.80055,492.05216,492.086662,492.053885
1007,20000,2,0.829477,,0.829477,0.82937,0.829476,535.8042,535.7312,535.80347,492.05216,492.086662,492.052505
1008,20000,2,0.829477,,0.829477,0.82937,0.829476,535.8042,535.7312,535.80347,492.05216,492.086662,492.052505
1009,20000,2,0.829477,,0.829477,0.829477,0.829477,535.8042,535.8042,535.8042,492.05216,492.05216,492.05216
1010,20000,2,0.829477,,0.829477,0.829477,0.829477,535.8042,535.8042,535.8042,492.05216,492.05216,492.05216
1011,20000,2,0.829477,,0.829477,0.829477,0.829477,535.8042,535.8042,535.8042,492.05216,492.05216,492.05216
1012,20000,2,0.829477,,0.829477,0.829477,0.829477,535.8042,535.8042,535.8042,492.05216,492.05216,492.05216
1013,20000,2,0.829477,,0.829477,0.829477,0.829477,535.8042,535.8042,535.8042,492.05216,492.05216,492.05216
1014,20000,2,0.829477,,0.829477,0.829477,0.829477,535.8042,535.8042,535.8042,492.05216,492.05216,492.05216
1015,20000,2,0.829477,,0.829477,0.829477,0.829477,535.8042,535.8042,535.8042,492.05216,492.05216,492.05216
1016,20000,2,0.829477,,0.829477,0.829477,0.829477,535.8042,535.8042,535.8042,492.05216,492.05216,492.05216
1017,20000,2,0.829477,,0.829477,0.829477,0.829477,535.8042,535.8042,535.8042,492.05216,492.05216,492.05216
1018,20000,2,0.829477,,0.829477,0.829477,0.829477,535.8042,535.8042,535.8042,492.05216,492.05216,492.05216
1019,20000,2,0.829477,,0.829477,0.829477,0.829477,535.8042,535.8042,535.8042,492.05216,492.05216,492.05216
1020,20000,2,0.829807,,0.829807,0.82937,0.829472,536.0935,535.7312,535.801253,491.988485,492.086662,492.054283
1021,20000,2,0.829807,,0.829807,0.82937,0.829489,536.0935,535.7312,535.815042,491.988485,492.086662,492.049958
1022,20000,2,0.829807,,0.829807,0.829477,0.829493,536.0935,535.8042,535.818665,491.988485,492.05216,492.048976
1023,20000,2,0.829807,,0.829807,0.829477,0.829497,536.0935,535.8042,535.821558,491.988485,492.05216,492.048339
1024,20000,2,0.829807,,0.829807,0.829477,0.829507,536.0935,535.8042,535.830237,491.988485,492.05216,492.046429
1025,20000,2,0.829807,,0.829807,0.829477,0.829513,536.0935,535.8042,535.836023,491.988485,492.05216,492.045155
1026,20000,2,0.829807,,0.829807,0.829477,0.829513,536.0935,535.8042,535.836023,491.988485,492.05216,492.045155
1027,20000,2,0.829807,,0.829807,0.829477,0.829523,536.0935,535.8042,535.844702,491.988485,492.05216,492.043245
1028,20000,2,0.829807,,0.829807,0.829477,0.82953,536.0935,535.8042,535.850488,491.988485,492.05216,492.041972
1029,20000,2,0.829807,,0.829807,0.829477,0.829549,536.0935,535.8042,535.867846,491.988485,492.05216,492.038151
1030,20000,2,0.829807,,0.829807,0.829477,0.829569,536.0935,535.8042,535.885204,491.988485,492.05216,492.034331
1031,20000,2,0.829807,,0.829807,0.829477,0.829596,536.0935,535.8042,535.908348,491.988485,492.05216,492.029237
1032,20000,2,0.829807,,0.829807,0.829477,0.829615,536.0935,535.8042,535.925706,491.988485,492.05216,492.025416
1033,20000,2,0.829807,,0.829807,0.829477,0.829632,536.0935,535.8042,535.940171,491.988485,492.05216,492.022232
1034,20000,2,0.829807,,0.829807,0.829477,0.829658,536.0935,535.8042,535.963315,491.988485,492.05216,492.017138
1035,20000,2,0.829807,,0.829807,0.829477,0.829675,536.0935,535.8042,535.97778,491.988485,492.05216,492.013955
1036,20000,2,0.829807,,0.829807,0.829477,0.829685,536.0935,535.8042,535.986459,491.988485,492.05216,492.012044
1037,20000,2,0.829807,,0.829807,0.829477,0.829705,536.0935,535.8042,536.003817,491.988485,492.05216,492.008224
1038,20000,2,0.829807,,0.829807,0.829477,0.829721,536.0935,535.8042,536.018282,491.988485,492.05216,492.00504
1039,20000,2,0.829807,,0.829807,0.829477,0.829731,536.0935,535.8042,536.026961,491.988485,492.05216,492.00313
1040,20000,2,0.829807,,0.829807,0.829477,0.829741,536.0935,535.8042,536.03564,491.988485,492.05216,492.00122
1041,20000,2,0.829807,,0.829807,0.829477,0.829757,536.0935,535.8042,536.050105,491.988485,492.05216,491.998036
1042,20000,2,0.829807,,0.829807,0.829477,0.829767,536.0935,535.8042,536.058784,491.988485,492.05216,491.996126
1043,20000,2,0.829807,,0.829807,0.829477,0.829784,536.0935,535.8042,536.073249,491.988485,492.05216,491.992942
1044,20000,2,0.829807,,0.829807,0.829477,0.829797,536.0935,535.8042,536.084821,491.988485,492.05216,491.990395
1045,20000,2,0.829857,,0.829857,0.829477,0.829801,536.0935,535.8042,536.087714,491.949179,492.05216,491.989365
1046,20000,2,0.829857,,0.829857,0.829477,0.829804,536.0935,535.8042,536.090607,491.949179,492.05216,491.988728
1047,20000,2,0.829857,,0.829857,0.829807,0.829807,536.0935,536.0935,536.0935,491.949179,491.988485,491.988092
1048,20000,2,0.829857,,0.829857,0.829807,0.829807,536.0935,536.0935,536.0935,491.949179,491.988485,491.988092
1049,20000,2,0.829857,,0.829857,0.829807,0.829808,536.0935,536.0935,536.0935,491.949179,491.988485,491.987699
1050,20000,2,0.829857,,0.829857,0.829807,0.829808,536.0935,536.0935,536.0935,491.949179,491.988485,491.987306
1051,20000,2,0.829857,,0.829857,0.829807,0.829809,536.0935,536.0935,536.0935,491.949179,491.988485,491.986913
1052,20000,2,0.829857,,0.829857,0.829807,0.829809,536.0935,536.0935,536.0935,491.949179,491.988485,491.986519
1053,20000,2,0.829857,,0.829857,0.829807,0.82981,536.0935,536.0935,536.0935,491.949179,491.988485,491.986126
1054,20000,2,0.829857,,0.829857,0.829807,0.829812,536.0935,536.0935,536.0935,491.949179,491.988485,491.984554
1055,20000,2,0.829857,,0.829857,0.829807,0.829814,536.0935,536.0935,536.0935,491.949179,491.988485,491.983375
1056,20000,2,0.829857,,0.829857,0.829807,0.829816,536.0935,536.0935,536.0935,491.949179,491.988485,491.98141
1057,20000,2,0.829857,,0.829857,0.829807,0.829818,536.0935,536.0935,536.0935,491.949179,491.988485,491.979838
1058,20000,2,0.829857,,0.829857,0.829807,0.829821,536.0935,536.0935,536.0935,491.949179,491.988485,491.977479
1059,20000,2,0.829857,,0.829857,0.829807,0.829823,536.0935,536.0935,536.0935,491.949179,491.988485,491.9763
1060,20000,2,0.829857,,0.829857,0.829807,0.829826,536.0935,536.0935,536.0935,491.949179,491.988485,491.973942
1061,20000,2,0.829857,,0.829857,0.829807,0.829827,536.0935,536.0935,536.0935,491.949179,491.988485,491.973156
1062,20000,2,0.829857,,0.829857,0.829807,0.829828,536.0935,536.0935,536.0935,491.949179,491.988485,491.972369
1063,20000,2,0.829857,,0.829857,0.829807,0.829831,536.0935,536.0935,536.0935,491.949179,491.988485,491.970011
1064,20000,2,0.829857,,0.829857,0.829807,0.829833,536.0935,536.0935,536.0935,491.949179,491.988485,491.968439
1065,20000,2,0.829857,,0.829857,0.829807,0.829835,536.0935,536.0935,536.0935,491.949179,491.988485,491.966867
1066,20000,2,0.829857,,0.829857,0.829807,0.829837,536.0935,536.0935,536.0935,491.949179,491.988485,491.964901
1067,20000,2,0.829857,,0.829857,0.829807,0.829839,536.0935,536.0935,536.0935,491.949179,491.988485,491.963722
1068,20000,2,0.829857,,0.829857,0.829807,0.829841,536.0935,536.0935,536.0935,491.949179,491.988485,491.96215
1069,20000,2,0.829857,,0.829857,0.829807,0.829842,536.0935,536.0935,536.0935,491.949179,491.988485,491.961364
1070,20000,2,0.829857,,0.829857,0.829807,0.829843,536.0935,536.0935,536.0935,491.949179,491.988485,491.960578
1071,20000,2,0.829857,,0.829857,0.829807,0.829844,536.0935,536.0935,536.0935,491.949179,491.988485,491.959399
1072,20000,2,0.829857,,0.829857,0.829807,0.829846,536.0935,536.0935,536.0935,491.949179,491.988485,491.957826
1073,20000,2,0.829857,,0.829857,0.829807,0.829848,536.0935,536.0935,536.0935,491.949179,491.988485,491.956627
1074,20000,2,0.829857,,0.829857,0.829807,0.829849,536.0935,536.0935,536.0935,491.949179,491.988485,491.955448
1075,20000,2,0.829857,,0.829857,0.829807,0.82985,536.0935,536.0935,536.0935,491.949179,491.988485,491.954662
1076,20000,2,0.829857,,0.829857,0.829807,0.829852,536.0935,536.0935,536.0935,491.949179,491.988485,491.95309
1077,20000,2,0.829857,,0.829857,0.829807,0.829853,536.0935,536.0935,536.0935,491.949179,491.988485,491.952304
1078,20000,2,0.829857,,0.829857,0.829807,0.829854,536.0935,536.0935,536.0935,491.949179,491.988485,491.951537
1079,20000,2,0.829857,,0.829857,0.829807,0.829855,536.0935,536.0935,536.0935,491.949179,491.988485,491.951144
1080,20000,2,0.829857,,0.829857,0.829807,0.829856,536.0935,536.0935,536.0935,491.949179,491.988485,491.949965
1081,20000,2,0.829857,,0.829857,0.829807,0.829857,536.0935,536.0935,536.0935,491.949179,491.988485,491.949572
1082,20000,2,0.829857,,0.829857,0.829857,0.829857,536.0935,536.0935,536.0935,491.949179,491.949179,491.949179
1083,20000,2,0.829857,,0.829857,0.829857,0.829857,536.0935,536.0935,536.0935,491.949179,491.949179,491.949179
1084,20000,2,0.829857,,0.829857,0.829857,0.829857,536.0935,536.0935,536.0935,491.949179,491.949179,491.949179
1085,20000,2,0.829857,,0.829857,0.829857,0.829857,536.0935,536.0935,536.0935,491.949179,491.949179,491.949179
1086,20000,2,0.829857,,0.829857,0.829857,0.829857,536.0935,536.0935,536.0935,491.949179,491.949179,491.949179
1087,20000,2,0.829857,,0.829857,0.829857,0.829857,536.0935,536.0935,536.0935,491.949179,491.949179,491.949179
1088,20000,2,0.829857,,0.829857,0.829857,0.829857,536.0935,536.0935,536.0935,491.949179,491.949179,491.949179
1089,20000,2,0.829857,,0.829857,0.829857,0.829857,536.0935,536.0935,536.0935,491.949179,491.949179,491.949179
1090,20000,2,0.829857,,0.829857,0.829857,0.829857,536.0935,536.0935,536.0935,491.949179,491.949179,491.949179
1091,20000,2,0.829857,,0.829857,0.829857,0.829857,536.0935,536.0935,536.0935,491.949179,491.949179,491.949179
1092,20000,2,0.829857,,0.829857,0.829857,0.829857,536.0935,536.0935,536.0935,491.949179,491.949179,491.949179
1093,20000,2,0.829857,,0.829857,0.829857,0.829857,536.0935,536.0935,536.0935,491.949179,491.949179,491.949179
1094,20000,2,0.829857,,0.829857,0.829857,0.829857,536.0935,536.0935,536.0935,491.949179,491.949179,491.949179
1095,20000,2,0.829857,,0.829857,0.829857,0.829857,536.0935,536.0935,536.0935,491.949179,491.949179,491.949179
1096,20000,2,0.829857,,0.829857,0.829857,0.829857,536.0935,536.0935,536.0935,491.949179,491.949179,491.949179
1097,20000,2,0.829857,,0.829857,0.829857,0.829857,536.0935,536.0935,536.0935,491.949179,491.949179,491.949179
1098,20000,2,0.829857,,0.829857,0.829857,0.829857,536.0935,536.0935,536.0935,491.949179,491.949179,491.949179
1099,20000,2,0.829857,,0.829857,0.829857,0.829857,536.0935,536.0935,536.0935,491.949179,491.949179,491.949179
1100,20000,2,0.829857,,0.829857,0.829857,0.829857,536.0935,536.0935,536.0935,491.949179,491.949179,491.949179
1101,20000,2,0.829857,,0.829857,0.829857,0.829857,536.0935,536.0935,536.0935,491.949179,491.949179,491.949179
1102,20000,2,0.829857,,0.829857,0.829857,0.829857,536.0935,536.0935,536.0935,491.949179,491.949179,491.949179
1103,20000,2,0.829857,,0.829857,0.829857,0.829857,536.0935,536.0935,536.0935,491.949179,491.949179,491.949179
1104,20000,2,0.829857,,0.829857,0.829857,0.829857,536.0935,536.0935,536.0935,491.949179,491.949179,491.949179
1105,20000,2,0.829857,,0.829857,0.829807,0.829855,536.0935,536.0935,536.0935,491.949179,491.988485,491.950751
1106,20000,2,0.829857,,0.829857,0.829807,0.829856,536.0935,536.0935,536.0935,491.949179,491.988485,491.949965
1107,20000,2,0.829857,,0.829857,0.829857,0.829857,536.0935,536.0935,536.0935,491.949179,491.949179,491.949179
1108,20000,2,0.829857,,0.829857,0.829857,0.829857,536.0935,536.0935,536.0935,491.949179,491.949179,491.949179
1109,20000,2,0.829857,,0.829857,0.829857,0.829857,536.0935,536.0935,536.0935,491.949179,491.949179,491.949179
1110,20000,2,0.829857,,0.829857,0.829857,0.829857,536.0935,536.0935,536.0935,491.949179,491.949179,491.949179
1111,20000,2,0.829857,,0.829857,0.829857,0.829857,536.0935,536.0935,536.0935,491.949179,491.949179,491.949179
1112,20000,2,0.829857,,0.829857,0.829857,0.829857,536.0935,536.0935,536.0935,491.949179,491.949179,491.949179
1113,20000,2,0.829857,,0.829857,0.829857,0.829857,536.0935,536.0935,536.0935,491.949179,491.949179,491.949179
1114,20000,2,0.829857,,0.829857,0.829857,0.829857,536.0935,536.0935,536.0935,491.949179,491.949179,491.949179
1115,20000,2,0.829857,,0.829857,0.829857,0.829857,536.0935,536.0935,536.0935,491.949179,491.949179,491.949179
1116,20000,2,0.829857,,0.829857,0.829857,0.829857,536.0935,536.0935,536.0935,491.949179,491.949179,491.949179
1117,20000,2,0.829857,,0.829857,0.829857,0.829857,536.0935,536.0935,536.0935,491.949179,491.949179,491.949179
1118,20000,2,0.829857,,0.829857,0.829857,0.829857,536.0935,536.0935,536.0935,491.949179,491.949179,491.949179
1119,20000,2,0.829857,,0.829857,0.829857,0.829857,536.0935,536.0935,536.0935,491.949179,491.949179,491.949179
1120,20000,2,0.829857,,0.829857,0.829857,0.829857,536.0935,536.0935,536.0935,491.949179,491.949179,491.949179
1121,20000,2,0.829857,,0.829857,0.829857,0.829857,536.0935,536.0935,536.0935,491.949179,491.949179,491.949179
1122,20000,2,0.829857,,0.829857,0.829857,0.829857,536.0935,536.0935,536.0935,491.949179,491.949179,491.949179
1123,20000,2,0.829857,,0.829857,0.829857,0.829857,536.0935,536.0935,536.0935,491.949179,491.949179,491.949179
1124,20000,2,0.829857,,0.829857,0.829857,0.829857,536.0935,536.0935,536.0935,491.949179,491.949179,491.949179
1125,20000,2,0.829857,,0.829857,0.829857,0.829857,536.0935,536.0935,536.0935,491.949179,491.949179,491.949179
1126,20000,2,0.829857,,0.829857,0.829857,0.829857,536.0935,536.0935,536.0935,491.949179,491.949179,491.949179
1127,20000,2,0.829857,,0.829857,0.829857,0.829857,536.0935,536.0935,536.0935,491.949179,491.949179,491.949179
1128,20000,2,0.829857,,0.829857,0.829857,0.829857,536.0935,536.0935,536.0935,491.949179,491.949179,491.949179
1129,20000,2,0.829857,,0.829857,0.829857,0.829857,536.0935,536.0935,536.0935,491.949179,491.949179,491.949179
1130,20000,2,0.829857,,0.829857,0.829857,0.829857,536.0935,536.0935,536.0935,491.949179,491.949179,491.949179
1131,20000,2,0.829857,,0.829857,0.829857,0.829857,536.0935,536.0935,536.0935,491.949179,491.949179,491.949179
1132,20000,2,0.829857,,0.829857,0.829857,0.829857,536.0935,536.0935,536.0935,491.949179,491.949179,491.949179
1133,20000,2,0.829857,,0.829857,0.829857,0.829857,536.0935,536.0935,536.0935,491.949179,491.949179,491.949179
1134,20000,2,0.829857,,0.829857,0.829857,0.829857,536.0935,536.0935,536.0935,491.949179,491.949179,491.949179
1135,20000,2,0.829857,,0.829857,0.829857,0.829857,536.0935,536.0935,536.0935,491.949179,491.949179,491.949179
1136,20000,2,0.829857,,0.829857,0.829857,0.829857,536.0935,536.0935,536.0935,491.949179,491.949179,491.949179
1137,20000,2,0.829857,,0.829857,0.829857,0.829857,536.0935,536.0935,536.0935,491.949179,491.949179,491.949179
1138,20000,2,0.829857,,0.829857,0.829857,0.829857,536.0935,536.0935,536.0935,491.949179,491.949179,491.949179
1139,20000,2,0.829857,,0.829857,0.829857,0.829857,536.0935,536.0935,536.0935,491.949179,491.949179,491.949179
1140,20000,2,0.829857,,0.829857,0.829857,0.829857,536.0935,536.0935,536.0935,491.949179,491.949179,491.949179
1141,20000,2,0.829857,,0.829857,0.829857,0.829857,536.0935,536.0935,536.0935,491.949179,491.949179,491.949179
1142,20000,2,0.829857,,0.829857,0.829857,0.829857,536.0935,536.0935,536.0935,491.949179,491.949179,491.949179
1143,20000,2,0.829857,,0.829857,0.829857,0.829857,536.0935,536.0935,536.0935,491.949179,491.949179,491.949179
1144,20000,2,0.829857,,0.829857,0.829857,0.829857,536.0935,536.0935,536.0935,491.949179,491.949179,491.949179
1145,20000,2,0.829857,,0.829857,0.829857,0.829857,536.0935,536.0935,536.0935,491.949179,491.949179,491.949179
1146,20000,2,0.829857,,0.829857,0.829857,0.829857,536.0935,536.0935,536.0935,491.949179,491.949179,491.949179
1147,20000,2,0.829857,,0.829857,0.829857,0.829857,536.0935,536.0935,536.0935,491.949179,491.949179,491.949179
1148,20000,2,0.829857,,0.829857,0.829857,0.829857,536.0935,536.0935,536.0935,491.949179,491.949179,491.949179
1149,20000,2,0.829857,,0.829857,0.829857,0.829857,536.0935,536.0935,536.0935,491.949179,491.949179,491.949179
1150,20000,2,0.829857,,0.829857,0.829857,0.829857,536.0935,536.0935,536.0935,491.949179,491.949179,491.949179
1151,20000,2,0.829857,,0.829857,0.829857,0.829857,536.0935,536.0935,536.0935,491.949179,491.949179,491.949179
1152,20000,2,0.829857,,0.829857,0.829857,0.829857,536.0935,536.0935,536.0935,491.949179,491.949179,491.949179
1153,20000,2,0.829857,,0.829857,0.829857,0.829857,536.0935,536.0935,536.0935,491.949179,491.949179,491.949179
1154,20000,2,0.829857,,0.829857,0.829857,0.829857,536.0935,536.0935,536.0935,491.949179,491.949179,491.949179
1155,20000,2,0.829857,,0.829857,0.829857,0.829857,536.0935,536.0935,536.0935,491.949179,491.949179,491.949179
1156,20000,2,0.829857,,0.829857,0.829857,0.829857,536.0935,536.0935,536.0935,491.949179,491.949179,491.949179
1157,20000,2,0.829857,,0.829857,0.829857,0.829857,536.0935,536.0935,536.0935,491.949179,491.949179,491.949179
1158,20000,2,0.829857,,0.829857,0.829857,0.829857,536.0935,536.0935,536.0935,491.949179,491.949179,491.949179
1159,20000,2,0.829857,,0.829857,0.829857,0.829857,536.0935,536.0935,536.0935,491.949179,491.949179,491.949179
1160,20000,2,0.829857,,0.829857,0.829857,0.829857,536.0935,536.0935,536.0935,491.949179,491.949179,491.949179
1161,20000,2,0.829857,,0.829857,0.829857,0.829857,536.0935,536.0935,536.0935,491.949179,491.949179,491.949179
1162,20000,2,0.829857,,0.829857,0.829857,0.829857,536.0935,536.0935,536.0935,491.949179,491.949179,491.949179
1163,20000,2,0.829857,,0.829857,0.829857,0.829857,536.0935,536.0935,536.0935,491.949179,491.949179,491.949179
1164,20000,2,0.829857,,0.829857,0.829857,0.829857,536.0935,536.0935,536.0935,491.949179,491.949179,491.949179
1165,20000,2,0.829857,,0.829857,0.829857,0.829857,536.0935,536.0935,536.0935,491.949179,491.949179,491.949179
1166,20000,2,0.829857,,0.829857,0.829857,0.829857,536.0935,536.0935,536.0935,491.949179,491.949179,491.949179
1167,20000,2,0.829857,,0.829857,0.829857,0.829857,536.0935,536.0935,536.0935,491.949179,491.949179,491.949179
1168,20000,2,0.829857,,0.829857,0.829857,0.829857,536.0935,536.0935,536.0935,491.949179,491.949179,491.949179
1169,20000,2,0.829857,,0.829857,0.829857,0.829857,536.0935,536.0935,536.0935,491.949179,491.949179,491.949179
1170,20000,2,0.829857,,0.829857,0.829857,0.829857,536.0935,536.0935,536.0935,491.949179,491.949179,491.949179
1171,20000,2,0.829857,,0.829857,0.829857,0.829857,536.0935,536.0935,536.0935,491.949179,491.949179,491.949179
1172,20000,2,0.829857,,0.829857,0.829857,0.829857,536.0935,536.0935,536.0935,491.949179,491.949179,491.949179
1173,20000,2,0.829857,,0.829857,0.829857,0.829857,536.0935,536.0935,536.0935,491.949179,491.949179,491.949179
1174,20000,2,0.829857,,0.829857,0.829857,0.829857,536.0935,536.0935,536.0935,491.949179,491.949179,491.949179
1175,20000,2,0.829857,,0.829857,0.829857,0.829857,536.0935,536.0935,536.0935,491.949179,491.949179,491.949179
1176,20000,2,0.829857,,0.829857,0.829857,0.829857,536.0935,536.0935,536.0935,491.949179,491.949179,491.949179
1177,20000,2,0.829857,,0.829857,0.829857,0.829857,536.0935,536.0935,536.0935,491.949179,491.949179,491.949179
1178,20000,2,0.829857,,0.829857,0.829857,0.829857,536.0935,536.0935,536.0935,491.949179,491.949179,491.949179
1179,20000,2,0.829857,,0.829857,0.829857,0.829857,536.0935,536.0935,536.0935,491.949179,491.949179,491.949179
1180,20000,2,0.829857,,0.829857,0.829857,0.829857,536.0935,536.0935,536.0935,491.949179,491.949179,491.949179
1181,20000,2,0.829857,,0.829857,0.829857,0.829857,536.0935,536.0935,536.0935,491.949179,491.949179,491.949179
1182,20000,2,0.829857,,0.829857,0.829857,0.829857,536.0935,536.0935,536.0935,491.949179,491.949179,491.949179
1183,20000,2,0.829857,,0.829857,0.829857,0.829857,536.0935,536.0935,536.0935,491.949179,491.949179,491.949179
1184,20000,2,0.829857,,0.829857,0.829857,0.829857,536.0935,536.0935,536.0935,491.949179,491.949179,491.949179
1185,20000,2,0.829857,,0.829857,0.829857,0.829857,536.0935,536.0935,536.0935,491.949179,491.949179,491.949179
1186,20000,2,0.829857,,0.829857,0.829857,0.829857,536.0935,536.0935,536.0935,491.949179,491.949179,491.949179
1187,20000,2,0.829857,,0.829857,0.829857,0.829857,536.0935,536.0935,536.0935,491.949179,491.949179,491.949179
1188,20000,2,0.829857,,0.829857,0.829857,0.829857,536.0935,536.0935,536.0935,491.949179,491.949179,491.949179
1189,20000,2,0.829857,,0.829857,0.829857,0.829857,536.0935,536.0935,536.0935,491.949179,491.949179,491.949179
1190,20000,2,0.829857,,0.829857,0.829857,0.829857,536.0935,536.0935,536.0935,491.949179,491.949179,491.949179
1191,20000,2,0.829857,,0.829857,0.829857,0.829857,536.0935,536.0935,536.0935,491.949179,491.949179,491.949179
1192,20000,2,0.829857,,0.829857,0.829857,0.829857,536.0935,536.0935,536.0935,491.949179,491.949179,491.949179
1193,20000,2,0.829857,,0.829857,0.829857,0.829857,536.0935,536.0935,536.0935,491.949179,491.949179,491.949179
1194,20000,2,0.829857,,0.829857,0.829857,0.829857,536.0935,536.0935,536.0935,491.949179,491.949179,491.949179
1195,20000,2,0.829857,,0.829857,0.829857,0.829857,536.0935,536.0935,536.0935,491.949179,491.949179,491.949179
1196,20000,2,0.829857,,0.829857,0.829857,0.829857,536.0935,536.0935,536.0935,491.949179,491.949179,491.949179
1197,20000,2,0.829857,,0.829857,0.829857,0.829857,536.0935,536.0935,536.0935,491.949179,491.949179,491.949179
1198,20000,2,0.829857,,0.829857,0.829857,0.829857,536.0935,536.0935,536.0935,491.949179,491.949179,491.949179
1199,20000,2,0.829857,,0.829857,0.829857,0.829857,536.0935,536.0935,536.0935,491.949179,491.949179,491.949179
1200,20000,2,0.829857,,0.829857,0.829857,0.829857,536.0935,536.0935,536.0935,491.949179,491.949179,491.949179
1201,20000,2,0.829857,,0.829857,0.829857,0.829857,536.0935,536.0935,536.0935,491.949179,491.949179,491.949179
1202,20000,2,0.829857,,0.829857,0.829857,0.829857,536.0935,536.0935,536.0935,491.949179,491.949179,491.949179
1203,20000,2,0.829857,,0.829857,0.829857,0.829857,536.0935,536.0935,536.0935,491.949179,491.949179,491.949179
1204,20000,2,0.829857,,0.829857,0.829857,0.829857,536.0935,536.0935,536.0935,491.949179,491.949179,491.949179
1205,20000,2,0.829857,,0.829857,0.829857,0.829857,536.0935,536.0935,536.0935,491.949179,491.949179,491.949179
1206,20000,2,0.829857,,0.829857,0.829857,0.829857,536.0935,536.0935,536.0935,491.949179,491.949179,491.949179
1207,20000,2,0.829857,,0.829857,0.829857,0.829857,536.0935,536.0935,536.0935,491.949179,491.949179,491.949179
1208,20000,2,0.829857,,0.829857,0.829857,0.829857,536.0935,536.0935,536.0935,491.949179,491.949179,491.949179
1209,20000,2,0.829857,,0.829857,0.829857,0.829857,536.0935,536.0935,536.0935,491.949179,491.949179,491.949179
1210,20000,2,0.829857,,0.829857,0.829857,0.829857,536.0935,536.0935,536.0935,491.949179,491.949179,491.949179
1211,20000,2,0.829857,,0.829857,0.829857,0.829857,536.0935,536.0935,536.0935,491.949179,491.949179,491.949179
1212,20000,2,0.829857,,0.829857,0.829857,0.829857,536.0935,536.0935,536.0935,491.949179,491.949179,491.949179
1213,20000,2,0.829857,,0.829857,0.829857,0.829857,536.0935,536.0935,536.0935,491.949179,491.949179,491.949179
1214,20000,2,0.829857,,0.829857,0.829857,0.829857,536.0935,536.0935,536.0935,491.949179,491.949179,491.949179
1215,20000,2,0.829857,,0.829857,0.829857,0.829857,536.0935,536.0935,536.0935,491.949179,491.949179,491.949179
1216,20000,2,0.829857,,0.829857,0.829857,0.829857,536.0935,536.0935,536.0935,491.949179,491.949179,491.949179
1217,20000,2,0.829857,,0.829857,0.829857,0.829857,536.0935,536.0935,536.0935,491.949179,491.949179,491.949179
1218,20000,2,0.829857,,0.829857,0.829857,0.829857,536.0935,536.0935,536.0935,491.949179,491.949179,491.949179
1219,20000,2,0.829857,,0.829857,0.829857,0.829857,536.0935,536.0935,536.0935,491.949179,491.949179,491.949179
1220,20000,2,0.829857,,0.829857,0.829857,0.829857,536.0935,536.0935,536.0935,491.949179,491.949179,491.949179
1221,20000,2,0.829857,,0.829857,0.829857,0.829857,536.0935,536.0935,536.0935,491.949179,491.949179,491.949179
1222,20000,2,0.829857,,0.829857,0.829857,0.829857,536.0935,536.0935,536.0935,491.949179,491.949179,491.949179
1223,20000,2,0.829857,,0.829857,0.829857,0.829857,536.0935,536.0935,536.0935,491.949179,491.949179,491.949179
1224,20000,2,0.829857,,0.829857,0.829857,0.829857,536.0935,536.0935,536.0935,491.949179,491.949179,491.949179
1225,20000,2,0.829857,,0.829857,0.829857,0.829857,536.0935,536.0935,536.0935,491.949179,491.949179,491.949179
1226,20000,2,0.829857,,0.829857,0.829857,0.829857,536.0935,536.0935,536.0935,491.949179,491.949179,491.949179
1227,20000,2,0.829857,,0.829857,0.829857,0.829857,536.0935,536.0935,536.0935,491.949179,491.949179,491.949179
1228,20000,2,0.829857,,0.829857,0.829857,0.829857,536.0935,536.0935,536.0935,491.949179,491.949179,491.949179
1229,20000,2,0.829857,,0.829857,0.829857,0.829857,536.0935,536.0935,536.0935,491.949179,491.949179,491.949179
1230,20000,2,0.829857,,0.829857,0.829857,0.829857,536.0935,536.0935,536.0935,491.949179,491.949179,491.949179
1231,20000,2,0.829857,,0.829857,0.829857,0.829857,536.0935,536.0935,536.0935,491.949179,491.949179,491.949179
1232,20000,2,0.829857,,0.829857,0.829857,0.829857,536.0935,536.0935,536.0935,491.949179,491.949179,491.949179
1233,20000,2,0.829857,,0.829857,0.829857,0.829857,536.0935,536.0935,536.0935,491.949179,491.949179,491.949179
1234,20000,2,0.829857,,0.829857,0.829857,0.829857,536.0935,536.0935,536.0935,491.949179,491.949179,491.949179
1235,20000,2,0.829857,,0.829857,0.829857,0.829857,536.0935,536.0935,536.0935,491.949179,491.949179,491.949179
1236,20000,2,0.829857,,0.829857,0.829857,0.829857,536.0935,536.0935,536.0935,491.949179,491.949179,491.949179
1237,20000,2,0.829857,,0.829857,0.829857,0.829857,536.0935,536.0935,536.0935,491.949179,491.949179,491.949179
1238,20000,2,0.829857,,0.829857,0.829857,0.829857,536.0935,536.0935,536.0935,491.949179,491.949179,491.949179
1239,20000,2,0.829857,,0.829857,0.829857,0.829857,536.0935,536.0935,536.0935,491.949179,491.949179,491.949179
1240,20000,2,0.829857,,0.829857,0.829857,0.829857,536.0935,536.0935,536.0935,491.949179,491.949179,491.949179
1241,20000,2,0.829857,,0.829857,0.829857,0.829857,536.0935,536.0935,536.0935,491.949179,491.949179,491.949179
1242,20000,2,0.829857,,0.829857,0.829857,0.829857,536.0935,536.0935,536.0935,491.949179,491.949179,491.949179
1243,20000,2,0.829857,,0.829857,0.829857,0.829857,536.0935,536.0935,536.0935,491.949179,491.949179,491.949179
1244,20000,2,0.829857,,0.829857,0.829857,0.829857,536.0935,536.0935,536.0935,491.949179,491.949179,491.949179
1245,20000,2,0.829857,,0.829857,0.829857,0.829857,536.0935,536.0935,536.0935,491.949179,491.949179,491.949179
1246,20000,2,0.829857,,0.829857,0.829857,0.829857,536.0935,536.0935,536.0935,491.949179,491.949179,491.949179
1247,20000,2,0.829857,,0.829857,0.829857,0.829857,536.0935,536.0935,536.0935,491.949179,491.949179,491.949179
1248,20000,2,0.829857,,0.829857,0.829857,0.829857,536.0935,536.0935,536.0935,491.949179,491.949179,491.949179
1249,20000,2,0.829857,,0.829857,0.829857,0.829857,536.0935,536.0935,536.0935,491.949179,491.949179,491.949179
1250,20000,2,0.829857,,0.829857,0.829857,0.829857,536.0935,536.0935,536.0935,491.949179,491.949179,491.949179
1251,20000,2,0.829857,,0.829857,0.829857,0.829857,536.0935,536.0935,536.0935,491.949179,491.949179,491.949179
1252,20000,2,0.829857,,0.829857,0.829857,0.829857,536.0935,536.0935,536.0935,491.949179,491.949179,491.949179
1253,20000,2,0.829857,,0.829857,0.829857,0.829857,536.0935,536.0935,536.0935,491.949179,491.949179,491.949179
1254,20000,2,0.829857,,0.829857,0.829857,0.829857,536.0935,536.0935,536.0935,491.949179,491.949179,491.949179
1255,20000,2,0.829857,,0.829857,0.829857,0.829857,536.0935,536.0935,536.0935,491.949179,491.949179,491.949179
1256,20000,2,0.829857,,0.829857,0.829857,0.829857,536.0935,536.0935,536.0935,491.949179,491.949179,491.949179
1257,20000,2,0.829857,,0.829857,0.829857,0.829857,536.0935,536.0935,536.0935,491.949179,491.949179,491.949179
1258,20000,2,0.829857,,0.829857,0.829857,0.829857,536.0935,536.0935,536.0935,491.949179,491.949179,491.949179
1259,20000,2,0.829857,,0.829857,0.829857,0.829857,536.0935,536.0935,536.0935,491.949179,491.949179,491.949179
1260,20000,2,0.829857,,0.829857,0.829857,0.829857,536.0935,536.0935,536.0935,491.949179,491.949179,491.949179
1261,20000,2,0.829857,,0.829857,0.829857,0.829857,536.0935,536.0935,536.0935,491.949179,491.949179,491.949179
1262,20000,2,0.829857,,0.829857,0.829857,0.829857,536.0935,536.0935,536.0935,491.949179,491.949179,491.949179
1263,20000,2,0.829857,,0.829857,0.829857,0.829857,536.0935,536.0935,536.0935,491.949179,491.949179,491.949179
1264,20000,2,0.829857,,0.829857,0.829857,0.829857,536.0935,536.0935,536.0935,491.949179,491.949179,491.949179
1265,20000,2,0.829857,,0.829857,0.829857,0.829857,536.0935,536.0935,536.0935,491.949179,491.949179,491.949179
1266,20000,2,0.829857,,0.829857,0.829857,0.829857,536.0935,536.0935,536.0935,491.949179,491.949179,491.949179
1267,20000,2,0.829857,,0.829857,0.829857,0.829857,536.0935,536.0935,536.0935,491.949179,491.949179,491.949179
1268,20000,2,0.829857,,0.829857,0.829857,0.829857,536.0935,536.0935,536.0935,491.949179,491.949179,491.949179
1269,20000,2,0.829857,,0.829857,0.829857,0.829857,536.0935,536.0935,536.0935,491.949179,491.949179,491.949179
1270,20000,2,0.829857,,0.829857,0.829857,0.829857,536.0935,536.0935,536.0935,491.949179,491.949179,491.949179
1271,20000,2,0.829857,,0.829857,0.829857,0.829857,536.0935,536.0935,536.0935,491.949179,491.949179,491.949179
1272,20000,2,0.829857,,0.829857,0.829857,0.829857,536.0935,536.0935,536.0935,491.949179,491.949179,491.949179
1273,20000,2,0.829857,,0.829857,0.829857,0.829857,536.0935,536.0935,536.0935,491.949179,491.949179,491.949179
1274,20000,2,0.829857,,0.829857,0.829857,0.829857,536.0935,536.0935,536.0935,491.949179,491.949179,491.949179
1275,20000,2,0.829857,,0.829857,0.829857,0.829857,536.0935,536.0935,536.0935,491.949179,491.949179,491.949179
1276,20000,2,0.829857,,0.829857,0.829857,0.829857,536.0935,536.0935,536.0935,491.949179,491.949179,491.949179
1277,20000,2,0.829857,,0.829857,0.829857,0.829857,536.0935,536.0935,536.0935,491.949179,491.949179,491.949179
1278,20000,2,0.829857,,0.829857,0.829857,0.829857,536.0935,536.0935,536.0935,491.949179,491.949179,491.949179
1279,20000,2,0.829857,,0.829857,0.829857,0.829857,536.0935,536.0935,536.0935,491.949179,491.949179,491.949179
1280,20000,2,0.829857,,0.829857,0.829857,0.829857,536.0935,536.0935,536.0935,491.949179,491.949179,491.949179
1281,20000,2,0.829857,,0.829857,0.829857,0.829857,536.0935,536.0935,536.0935,491.949179,491.949179,491.949179
1282,20000,2,0.829857,,0.829857,0.829857,0.829857,536.0935,536.0935,536.0935,491.949179,491.949179,491.949179
1283,20000,2,0.829857,,0.829857,0.829857,0.829857,536.0935,536.0935,536.0935,491.949179,491.949179,491.949179
1284,20000,2,0.829857,,0.829857,0.829857,0.829857,536.0935,536.0935,536.0935,491.949179,491.949179,491.949179
1285,20000,2,0.829857,,0.829857,0.829857,0.829857,536.0935,536.0935,536.0935,491.949179,491.949179,491.949179
1286,20000,2,0.829857,,0.829857,0.829857,0.829857,536.0935,536.0935,536.0935,491.949179,491.949179,491.949179
1287,20000,2,0.829857,,0.829857,0.829857,0.829857,536.0935,536.0935,536.0935,491.949179,491.949179,491.949179
1288,20000,2,0.829857,,0.829857,0.829857,0.829857,536.0935,536.0935,536.0935,491.949179,491.949179,491.949179
1289,20000,2,0.829857,,0.829857,0.829857,0.829857,536.0935,536.0935,536.0935,491.949179,491.949179,491.949179
1290,20000,2,0.829857,,0.829857,0.829857,0.829857,536.0935,536.0935,536.0935,491.949179,491.949179,491.949179
1291,20000,2,0.829857,,0.829857,0.829857,0.829857,536.0935,536.0935,536.0935,491.949179,491.949179,491.949179
1292,20000,2,0.829857,,0.829857,0.829857,0.829857,536.0935,536.0935,536.0935,491.949179,491.949179,491.949179
1293,20000,2,0.829857,,0.829857,0.829857,0.829857,536.0935,536.0935,536.0935,491.949179,491.949179,491.949179
1294,20000,2,0.829857,,0.829857,0.829857,0.829857,536.0935,536.0935,536.0935,491.949179,491.949179,491.949179
1295,20000,2,0.829857,,0.829857,0.829857,0.829857,536.0935,536.0935,536.0935,491.949179,491.949179,491.949179
1296,20000,2,0.829857,,0.829857,0.829857,0.829857,536.0935,536.0935,536.0935,491.949179,491.949179,491.949179
1297,20000,2,0.829857,,0.829857,0.829857,0.829857,536.0935,536.0935,536.0935,491.949179,491.949179,491.949179
1298,20000,2,0.829857,,0.829857,0.829857,0.829857,536.0935,536.0935,536.0935,491.949179,491.949179,491.949179
1299,20000,2,0.829857,,0.829857,0.829857,0.829857,536.0935,536.0935,536.0935,491.949179,491.949179,491.949179
1300,20000,2,0.829857,,0.829857,0.829857,0.829857,536.0935,536.0935,536.0935,491.949179,491.949179,491.949179
1301,20000,2,0.829857,,0.829857,0.829857,0.829857,536.0935,536.0935,536.0935,491.949179,491.949179,491.949179
1302,20000,2,0.829857,,0.829857,0.829857,0.829857,536.0935,536.0935,536.0935,491.949179,491.949179,491.949179
1303,20000,2,0.829857,,0.829857,0.829857,0.829857,536.0935,536.0935,536.0935,491.949179,491.949179,491.949179
1304,20000,2,0.829857,,0.829857,0.829857,0.829857,536.0935,536.0935,536.0935,491.949179,491.949179,491.949179
1305,20000,2,0.829857,,0.829857,0.829857,0.829857,536.0935,536.0935,536.0935,491.949179,491.949179,491.949179
1306,20000,2,0.829857,,0.829857,0.829857,0.829857,536.0935,536.0935,536.0935,491.949179,491.949179,491.949179
1307,20000,2,0.829857,,0.829857,0.829857,0.829857,536.0935,536.0935,536.0935,491.949179,491.949179,491.949179
1308,20000,2,0.829857,,0.829857,0.829857,0.829857,536.0935,536.0935,536.0935,491.949179,491.949179,491.949179
1309,20000,2,0.829857,,0.829857,0.829857,0.829857,536.0935,536.0935,536.0935,491.949179,491.949179,491.949179
1310,20000,2,0.829857,,0.829857,0.829857,0.829857,536.0935,536.0935,536.0935,491.949179,491.949179,491.949179
1311,20000,2,0.829857,,0.829857,0.829857,0.829857,536.0935,536.0935,536.0935,491.949179,491.949179,491.949179
1312,20000,2,0.829857,,0.829857,0.829857,0.829857,536.0935,536.0935,536.0935,491.949179,491.949179,491.949179
1313,20000,2,0.829857,,0.829857,0.829857,0.829857,536.0935,536.0935,536.0935,491.949179,491.949179,491.949179
1314,20000,2,0.829857,,0.829857,0.829857,0.829857,536.0935,536.0935,536.0935,491.949179,491.949179,491.949179
1315,20000,2,0.829857,,0.829857,0.829857,0.829857,536.0935,536.0935,536.0935,491.949179,491.949179,491.949179
1316,20000,2,0.829857,,0.829857,0.829857,0.829857,536.0935,536.0935,536.0935,491.949179,491.949179,491.949179
1317,20000,2,0.829857,,0.829857,0.829857,0.829857,536.0935,536.0935,536.0935,491.949179,491.949179,491.949179
1318,20000,2,0.829857,,0.829857,0.829857,0.829857,536.0935,536.0935,536.0935,491.949179,491.949179,491.949179
1319,20000,2,0.829857,,0.829857,0.829857,0.829857,536.0935,536.0935,536.0935,491.949179,491.949179,491.949179
1320,20000,2,0.829857,,0.829857,0.829857,0.829857,536.0935,536.0935,536.0935,491.949179,491.949179,491.949179
1321,20000,2,0.829857,,0.829857,0.829857,0.829857,536.0935,536.0935,536.0935,491.949179,491.949179,491.949179
1322,20000,2,0.829857,,0.829857,0.829857,0.829857,536.0935,536.0935,536.0935,491.949179,491.949179,491.949179
1323,20000,2,0.829857,,0.829857,0.829857,0.829857,536.0935,536.0935,536.0935,491.949179,491.949179,491.949179
1324,20000,2,0.829857,,0.829857,0.829857,0.829857,536.0935,536.0935,536.0935,491.949179,491.949179,491.949179
1325,20000,2,0.829857,,0.829857,0.829857,0.829857,536.0935,536.0935,536.0935,491.949179,491.949179,491.949179
1326,20000,2,0.829857,,0.829857,0.829857,0.829857,536.0935,536.0935,536.0935,491.949179,491.949179,491.949179
1327,20000,2,0.829857,,0.829857,0.829857,0.829857,536.0935,536.0935,536.0935,491.949179,491.949179,491.949179
1328,20000,2,0.829857,,0.829857,0.829857,0.829857,536.0935,536.0935,536.0935,491.949179,491.949179,491.949179
1329,20000,2,0.829857,,0.829857,0.829857,0.829857,536.0935,536.0935,536.0935,491.949179,491.949179,491.949179
1330,20000,2,0.829857,,0.829857,0.829857,0.829857,536.0935,536.0935,536.0935,491.949179,491.949179,491.949179
1331,20000,2,0.829857,,0.829857,0.829857,0.829857,536.0935,536.0935,536.0935,491.949179,491.949179,491.949179
1332,20000,2,0.829857,,0.829857,0.829857,0.829857,536.0935,536.0935,536.0935,491.949179,491.949179,491.949179
1333,20000,2,0.829857,,0.829857,0.829857,0.829857,536.0935,536.0935,536.0935,491.949179,491.949179,491.949179
1334,20000,2,0.829857,,0.829857,0.829857,0.829857,536.0935,536.0935,536.0935,491.949179,491.949179,491.949179
1335,20000,2,0.829857,,0.829857,0.829857,0.829857,536.0935,536.0935,536.0935,491.949179,491.949179,491.949179
1336,20000,2,0.829857,,0.829857,0.829857,0.829857,536.0935,536.0935,536.0935,491.949179,491.949179,491.949179
1337,20000,2,0.829857,,0.829857,0.829857,0.829857,536.0935,536.0935,536.0935,491.949179,491.949179,491.949179
1338,20000,2,0.829857,,0.829857,0.829857,0.829857,536.0935,536.0935,536.0935,491.949179,491.949179,491.949179
1339,20000,2,0.829857,,0.829857,0.829857,0.829857,536.0935,536.0935,536.0935,491.949179,491.949179,491.949179
1340,20000,2,0.829857,,0.829857,0.829857,0.829857,536.0935,536.0935,536.0935,491.949179,491.949179,491.949179
1341,20000,2,0.829857,,0.829857,0.829857,0.829857,536.0935,536.0935,536.0935,491.949179,491.949179,491.949179
1342,20000,2,0.829857,,0.829857,0.829857,0.829857,536.0935,536.0935,536.0935,491.949179,491.949179,491.949179
1343,20000,2,0.829857,,0.829857,0.829857,0.829857,536.0935,536.0935,536.0935,491.949179,491.949179,491.949179
1344,20000,2,0.829857,,0.829857,0.829857,0.829857,536.0935,536.0935,536.0935,491.949179,491.949179,491.949179
1345,20000,2,0.829857,,0.829857,0.829857,0.829857,536.0935,536.0935,536.0935,491.949179,491.949179,491.949179
1346,20000,2,0.829857,,0.829857,0.829857,0.829857,536.0935,536.0935,536.0935,491.949179,491.949179,491.949179
1347,20000,2,0.829857,,0.829857,0.829857,0.829857,536.0935,536.0935,536.0935,491.949179,491.949179,491.949179
1348,20000,2,0.829857,,0.829857,0.829857,0.829857,536.0935,536.0935,536.0935,491.949179,491.949179,491.949179
1349,20000,2,0.829857,,0.829857,0.829857,0.829857,536.0935,536.0935,536.0935,491.949179,491.949179,491.949179
1350,20000,2,0.829857,,0.829857,0.829857,0.829857,536.0935,536.0935,536.0935,491.949179,491.949179,491.949179
1351,20000,2,0.829857,,0.829857,0.829857,0.829857,536.0935,536.0935,536.0935,491.949179,491.949179,491.949179
1352,20000,2,0.829857,,0.829857,0.829857,0.829857,536.0935,536.0935,536.0935,491.949179,491.949179,491.949179
1353,20000,2,0.829857,,0.829857,0.829857,0.829857,536.0935,536.0935,536.0935,491.949179,491.949179,491.949179
1354,20000,2,0.829857,,0.829857,0.829857,0.829857,536.0935,536.0935,536.0935,491.949179,491.949179,491.949179
1355,20000,2,0.829857,,0.829857,0.829857,0.829857,536.0935,536.0935,536.0935,491.949179,491.949179,491.949179
1356,20000,2,0.829857,,0.829857,0.829857,0.829857,536.0935,536.0935,536.0935,491.949179,491.949179,491.949179
1357,20000,2,0.829857,,0.829857,0.829857,0.829857,536.0935,536.0935,536.0935,491.949179,491.949179,491.949179
1358,20000,2,0.829857,,0.829857,0.829857,0.829857,536.0935,536.0935,536.0935,491.949179,491.949179,491.949179
1359,20000,2,0.829857,,0.829857,0.829857,0.829857,536.0935,536.0935,536.0935,491.949179,491.949179,491.949179
1360,20000,2,0.829857,,0.829857,0.829857,0.829857,536.0935,536.0935,536.0935,491.949179,491.949179,491.949179
1361,20000,2,0.829857,,0.829857,0.829857,0.829857,536.0935,536.0935,536.0935,491.949179,491.949179,491.949179
1362,20000,2,0.829857,,0.829857,0.829857,0.829857,536.0935,536.0935,536.0935,491.949179,491.949179,491.949179
1363,20000,2,0.829857,,0.829857,0.829857,0.829857,536.0935,536.0935,536.0935,491.949179,491.949179,491.949179
1364,20000,2,0.829857,,0.829857,0.829857,0.829857,536.0935,536.0935,536.0935,491.949179,491.949179,491.949179
1365,20000,2,0.829857,,0.829857,0.829857,0.829857,536.0935,536.0935,536.0935,491.949179,491.949179,491.949179
1366,20000,2,0.829857,,0.829857,0.829857,0.829857,536.0935,536.0935,536.0935,491.949179,491.949179,491.949179
1367,20000,2,0.829857,,0.829857,0.829857,0.829857,536.0935,536.0935,536.0935,491.949179,491.949179,491.949179
1368,20000,2,0.829857,,0.829857,0.829857,0.829857,536.0935,536.0935,536.0935,491.949179,491.949179,491.949179
1369,20000,2,0.829857,,0.829857,0.829857,0.829857,536.0935,536.0935,536.0935,491.949179,491.949179,491.949179
1370,20000,2,0.829857,,0.829857,0.829857,0.829857,536.0935,536.0935,536.0935,491.949179,491.949179,491.949179
1371,20000,2,0.829857,,0.829857,0.829857,0.829857,536.0935,536.0935,536.0935,491.949179,491.949179,491.949179
1372,20000,2,0.829857,,0.829857,0.829857,0.829857,536.0935,536.0935,536.0935,491.949179,491.949179,491.949179
1373,20000,2,0.829857,,0.829857,0.829857,0.829857,536.0935,536.0935,536.0935,491.949179,491.949179,491.949179
1374,20000,2,0.829857,,0.829857,0.829857,0.829857,536.0935,536.0935,536.0935,491.949179,491.949179,491.949179
1375,20000,2,0.829857,,0.829857,0.829857,0.829857,536.0935,536.0935,536.0935,491.949179,491.949179,491.949179
1376,20000,2,0.829857,,0.829857,0.829857,0.829857,536.0935,536.0935,536.0935,491.949179,491.949179,491.949179
1377,20000,2,0.829857,,0.829857,0.829857,0.829857,536.0935,536.0935,536.0935,491.949179,491.949179,491.949179
1378,20000,2,0.829857,,0.829857,0.829857,0.829857,536.0935,536.0935,536.0935,491.949179,491.949179,491.949179
1379,20000,2,0.829857,,0.829857,0.829857,0.829857,536.0935,536.0935,536.0935,491.949179,491.949179,491.949179
1380,20000,2,0.829857,,0.829857,0.829857,0.829857,536.0935,536.0935,536.0935,491.949179,491.949179,491.949179
1381,20000,2,0.829857,,0.829857,0.829857,0.829857,536.0935,536.0935,536.0935,491.949179,491.949179,491.949179
1382,20000,2,0.829857,,0.829857,0.829857,0.829857,536.0935,536.0935,536.0935,491.949179,491.949179,491.949179
1383,20000,2,0.829857,,0.829857,0.829857,0.829857,536.0935,536.0935,536.0935,491.949179,491.949179,491.949179
1384,20000,2,0.829857,,0.829857,0.829857,0.829857,536.0935,536.0935,536.0935,491.949179,491.949179,491.949179
1385,20000,2,0.829857,,0.829857,0.829857,0.829857,536.0935,536.0935,536.0935,491.949179,491.949179,491.949179
1386,20000,2,0.829857,,0.829857,0.829857,0.829857,536.0935,536.0935,536.0935,491.949179,491.949179,491.949179
1387,20000,2,0.829857,,0.829857,0.829857,0.829857,536.0935,536.0935,536.0935,491.949179,491.949179,491.949179
1388,20000,2,0.829857,,0.829857,0.829857,0.829857,536.0935,536.0935,536.0935,491.949179,491.949179,491.949179
1389,20000,2,0.829857,,0.829857,0.829857,0.829857,536.0935,536.0935,536.0935,491.949179,491.949179,491.949179
1390,20000,2,0.829857,,0.829857,0.829857,0.829857,536.0935,536.0935,536.0935,491.949179,491.949179,491.949179
1391,20000,2,0.829857,,0.829857,0.829857,0.829857,536.0935,536.0935,536.0935,491.949179,491.949179,491.949179
1392,20000,2,0.829857,,0.829857,0.829857,0.829857,536.0935,536.0935,536.0935,491.949179,491.949179,491.949179
1393,20000,2,0.829857,,0.829857,0.829857,0.829857,536.0935,536.0935,536.0935,491.949179,491.949179,491.949179
1394,20000,2,0.829857,,0.829857,0.829857,0.829857,536.0935,536.0935,536.0935,491.949179,491.949179,491.949179
1395,20000,2,0.829857,,0.829857,0.829857,0.829857,536.0935,536.0935,536.0935,491.949179,491.949179,491.949179
1396,20000,2,0.829857,,0.829857,0.829857,0.829857,536.0935,536.0935,536.0935,491.949179,491.949179,491.949179
1397,20000,2,0.829857,,0.829857,0.829857,0.829857,536.0935,536.0935,536.0935,491.949179,491.949179,491.949179
1398,20000,2,0.829857,,0.829857,0.829857,0.829857,536.0935,536.0935,536.0935,491.949179,491.949179,491.949179
1399,20000,2,0.829857,,0.829857,0.829857,0.829857,536.0935,536.0935,536.0935,491.949179,491.949179,491.949179
1400,20000,2,0.829857,,0.829857,0.829857,0.829857,536.0935,536.0935,536.0935,491.949179,491.949179,491.949179
1401,20000,2,0.829857,,0.829857,0.829857,0.829857,536.0935,536.0935,536.0935,491.949179,491.949179,491.949179
1402,20000,2,0.829857,,0.829857,0.829857,0.829857,536.0935,536.0935,536.0935,491.949179,491.949179,491.949179
1403,20000,2,0.829857,,0.829857,0.829857,0.829857,536.0935,536.0935,536.0935,491.949179,491.949179,491.949179
1404,20000,2,0.829857,,0.829857,0.829857,0.829857,536.0935,536.0935,536.0935,491.949179,491.949179,491.949179
1405,20000,2,0.829857,,0.829857,0.829857,0.829857,536.0935,536.0935,536.0935,491.949179,491.949179,491.949179
1406,20000,2,0.829857,,0.829857,0.829857,0.829857,536.0935,536.0935,536.0935,491.949179,491.949179,491.949179
1407,20000,2,0.829857,,0.829857,0.829857,0.829857,536.0935,536.0935,536.0935,491.949179,491.949179,491.949179
1408,20000,2,0.829857,,0.829857,0.829857,0.829857,536.0935,536.0935,536.0935,491.949179,491.949179,491.949179
1409,20000,2,0.829857,,0.829857,0.829857,0.829857,536.0935,536.0935,536.0935,491.949179,491.949179,491.949179
1410,20000,2,0.829857,,0.829857,0.829857,0.829857,536.0935,536.0935,536.0935,491.949179,491.949179,491.949179
1411,20000,2,0.829857,,0.829857,0.829857,0.829857,536.0935,536.0935,536.0935,491.949179,491.949179,491.949179
1412,20000,2,0.829857,,0.829857,0.829857,0.829857,536.0935,536.0935,536.0935,491.949179,491.949179,491.949179
1413,20000,2,0.829857,,0.829857,0.829857,0.829857,536.0935,536.0935,536.0935,491.949179,491.949179,491.949179
1414,20000,2,0.829857,,0.829857,0.829857,0.829857,536.0935,536.0935,536.0935,491.949179,491.949179,491.949179
1415,20000,2,0.829857,,0.829857,0.829857,0.829857,536.0935,536.0935,536.0935,491.949179,491.949179,491.949179
1416,20000,2,0.829857,,0.829857,0.829857,0.829857,536.0935,536.0935,536.0935,491.949179,491.949179,491.949179
1417,20000,2,0.829857,,0.829857,0.829857,0.829857,536.0935,536.0935,536.0935,491.949179,491.949179,491.949179
1418,20000,2,0.829857,,0.829857,0.829857,0.829857,536.0935,536.0935,536.0935,491.949179,491.949179,491.949179
1419,20000,2,0.829857,,0.829857,0.829857,0.829857,536.0935,536.0935,536.0935,491.949179,491.949179,491.949179
1420,20000,2,0.829857,,0.829857,0.829857,0.829857,536.0935,536.0935,536.0935,491.949179,491.949179,491.949179
1421,20000,2,0.829857,,0.829857,0.829857,0.829857,536.0935,536.0935,536.0935,491.949179,491.949179,491.949179
1422,20000,2,0.829857,,0.829857,0.829857,0.829857,536.0935,536.0935,536.0935,491.949179,491.949179,491.949179
1423,20000,2,0.829857,,0.829857,0.829857,0.829857,536.0935,536.0935,536.0935,491.949179,491.949179,491.949179
1424,20000,2,0.829857,,0.829857,0.829857,0.829857,536.0935,536.0935,536.0935,491.949179,491.949179,491.949179
1425,20000,2,0.829857,,0.829857,0.829857,0.829857,536.0935,536.0935,536.0935,491.949179,491.949179,491.949179
1426,20000,2,0.829857,,0.829857,0.829857,0.829857,536.0935,536.0935,536.0935,491.949179,491.949179,491.949179
1427,20000,2,0.829857,,0.829857,0.829857,0.829857,536.0935,536.0935,536.0935,491.949179,491.949179,491.949179
1428,20000,2,0.829857,,0.829857,0.829857,0.829857,536.0935,536.0935,536.0935,491.949179,491.949179,491.949179
1429,20000,2,0.829857,,0.829857,0.829857,0.829857,536.0935,536.0935,536.0935,491.949179,491.949179,491.949179
1430,20000,2,0.829857,,0.829857,0.829857,0.829857,536.0935,536.0935,536.0935,491.949179,491.949179,491.949179
1431,20000,2,0.829857,,0.829857,0.829857,0.829857,536.0935,536.0935,536.0935,491.949179,491.949179,491.949179
1432,20000,2,0.829857,,0.829857,0.829857,0.829857,536.0935,536.0935,536.0935,491.949179,491.949179,491.949179
1433,20000,2,0.829857,,0.829857,0.829857,0.829857,536.0935,536.0935,536.0935,491.949179,491.949179,491.949179
1434,20000,2,0.829857,,0.829857,0.829857,0.829857,536.0935,536.0935,536.0935,491.949179,491.949179,491.949179
1435,20000,2,0.829857,,0.829857,0.829857,0.829857,536.0935,536.0935,536.0935,491.949179,491.949179,491.949179
1436,20000,2,0.829857,,0.829857,0.829857,0.829857,536.0935,536.0935,536.0935,491.949179,491.949179,491.949179
1437,20000,2,0.829857,,0.829857,0.829857,0.829857,536.0935,536.0935,536.0935,491.949179,491.949179,491.949179
1438,20000,2,0.829857,,0.829857,0.829857,0.829857,536.0935,536.0935,536.0935,491.949179,491.949179,491.949179
1439,20000,2,0.829857,,0.829857,0.829857,0.829857,536.0935,536.0935,536.0935,491.949179,491.949179,491.949179
1440,20000,2,0.829857,,0.829857,0.829857,0.829857,536.0935,536.0935,536.0935,491.949179,491.949179,491.949179
1441,20000,2,0.829857,,0.829857,0.829857,0.829857,536.0935,536.0935,536.0935,491.949179,491.949179,491.949179
1442,20000,2,0.829857,,0.829857,0.829857,0.829857,536.0935,536.0935,536.0935,491.949179,491.949179,491.949179
1443,20000,2,0.829857,,0.829857,0.829857,0.829857,536.0935,536.0935,536.0935,491.949179,491.949179,491.949179
1444,20000,2,0.829857,,0.829857,0.829857,0.829857,536.0935,536.0935,536.0935,491.949179,491.949179,491.949179
1445,20000,2,0.829857,,0.829857,0.829857,0.829857,536.0935,536.0935,536.0935,491.949179,491.949179,491.949179
1446,20000,2,0.829857,,0.829857,0.829857,0.829857,536.0935,536.0935,536.0935,491.949179,491.949179,491.949179
1447,20000,2,0.829857,,0.829857,0.829857,0.829857,536.0935,536.0935,536.0935,491.949179,491.949179,491.949179
1448,20000,2,0.829857,,0.829857,0.829857,0.829857,536.0935,536.0935,536.0935,491.949179,491.949179,491.949179
1449,20000,2,0.829857,,0.829857,0.829857,0.829857,536.0935,536.0935,536.0935,491.949179,491.949179,491.949179
1450,20000,2,0.829857,,0.829857,0.829857,0.829857,536.0935,536.0935,536.0935,491.949179,491.949179,491.949179
1451,20000,2,0.829857,,0.829857,0.829857,0.829857,536.0935,536.0935,536.0935,491.949179,491.949179,491.949179
1452,20000,2,0.829857,,0.829857,0.829857,0.829857,536.0935,536.0935,536.0935,491.949179,491.949179,491.949179
1453,20000,2,0.829857,,0.829857,0.829857,0.829857,536.0935,536.0935,536.0935,491.949179,491.949179,491.949179
1454,20000,2,0.829857,,0.829857,0.829857,0.829857,536.0935,536.0935,536.0935,491.949179,491.949179,491.949179
1455,20000,2,0.829857,,0.829857,0.829857,0.829857,536.0935,536.0935,536.0935,491.949179,491.949179,491.949179
1456,20000,2,0.829857,,0.829857,0.829857,0.829857,536.0935,536.0935,536.0935,491.949179,491.949179,491.949179
1457,20000,2,0.829857,,0.829857,0.829857,0.829857,536.0935,536.0935,536.0935,491.949179,491.949179,491.949179
1458,20000,2,0.829857,,0.829857,0.829857,0.829857,536.0935,536.0935,536.0935,491.949179,491.949179,491.949179
1459,20000,2,0.829857,,0.829857,0.829857,0.829857,536.0935,536.0935,536.0935,491.949179,491.949179,491.949179
1460,20000,2,0.829857,,0.829857,0.829857,0.829857,536.0935,536.0935,536.0935,491.949179,491.949179,491.949179
1461,20000,2,0.829857,,0.829857,0.829857,0.829857,536.0935,536.0935,536.0935,491.949179,491.949179,491.949179
1462,20000,2,0.829857,,0.829857,0.829857,0.829857,536.0935,536.0935,536.0935,491.949179,491.949179,491.949179
1463,20000,2,0.829857,,0.829857,0.829857,0.829857,536.0935,536.0935,536.0935,491.949179,491.949179,491.949179
1464,20000,2,0.829857,,0.829857,0.829857,0.829857,536.0935,536.0935,536.0935,491.949179,491.949179,491.949179
1465,20000,2,0.829857,,0.829857,0.829857,0.829857,536.0935,536.0935,536.0935,491.949179,491.949179,491.949179
1466,20000,2,0.829857,,0.829857,0.829857,0.829857,536.0935,536.0935,536.0935,491.949179,491.949179,491.949179
1467,20000,2,0.829857,,0.829857,0.829857,0.829857,536.0935,536.0935,536.0935,491.949179,491.949179,491.949179
1468,20000,2,0.829857,,0.829857,0.829857,0.829857,536.0935,536.0935,536.0935,491.949179,491.949179,491.949179
1469,20000,2,0.829857,,0.829857,0.829857,0.829857,536.0935,536.0935,536.0935,491.949179,491.949179,491.949179
1470,20000,2,0.829857,,0.829857,0.829857,0.829857,536.0935,536.0935,536.0935,491.949179,491.949179,491.949179
1471,20000,2,0.829857,,0.829857,0.829857,0.829857,536.0935,536.0935,536.0935,491.949179,491.949179,491.949179
1472,20000,2,0.829857,,0.829857,0.829857,0.829857,536.0935,536.0935,536.0935,491.949179,491.949179,491.949179
1473,20000,2,0.829857,,0.829857,0.829857,0.829857,536.0935,536.0935,536.0935,491.949179,491.949179,491.949179
1474,20000,2,0.829857,,0.829857,0.829857,0.829857,536.0935,536.0935,536.0935,491.949179,491.949179,491.949179
1475,20000,2,0.829857,,0.829857,0.829857,0.829857,536.0935,536.0935,536.0935,491.949179,491.949179,491.949179
1476,20000,2,0.829857,,0.829857,0.829857,0.829857,536.0935,536.0935,536.0935,491.949179,491.949179,491.949179
1477,20000,2,0.829857,,0.829857,0.829857,0.829857,536.0935,536.0935,536.0935,491.949179,491.949179,491.949179
1478,20000,2,0.829857,,0.829857,0.829857,0.829857,536.0935,536.0935,536.0935,491.949179,491.949179,491.949179
1479,20000,2,0.829857,,0.829857,0.829857,0.829857,536.0935,536.0935,536.0935,491.949179,491.949179,491.949179
1480,20000,2,0.829857,,0.829857,0.829857,0.829857,536.0935,536.0935,536.0935,491.949179,491.949179,491.949179
1481,20000,2,0.829857,,0.829857,0.829857,0.829857,536.0935,536.0935,536.0935,491.949179,491.949179,491.949179
1482,20000,2,0.829857,,0.829857,0.829857,0.829857,536.0935,536.0935,536.0935,491.949179,491.949179,491.949179
1483,20000,2,0.829857,,0.829857,0.829857,0.829857,536.0935,536.0935,536.0935,491.949179,491.949179,491.949179
1484,20000,2,0.829857,,0.829857,0.829857,0.829857,536.0935,536.0935,536.0935,491.949179,491.949179,491.949179
1485,20000,2,0.829857,,0.829857,0.829857,0.829857,536.0935,536.0935,536.0935,491.949179,491.949179,491.949179
1486,20000,2,0.829857,,0.829857,0.829857,0.829857,536.0935,536.0935,536.0935,491.949179,491.949179,491.949179
1487,20000,2,0.829857,,0.829857,0.829857,0.829857,536.0935,536.0935,536.0935,491.949179,491.949179,491.949179
1488,20000,2,0.829857,,0.829857,0.829857,0.829857,536.0935,536.0935,536.0935,491.949179,491.949179,491.949179
1489,20000,2,0.829857,,0.829857,0.829857,0.829857,536.0935,536.0935,536.0935,491.949179,491.949179,491.949179
1490,20000,2,0.829857,,0.829857,0.829857,0.829857,536.0935,536.0935,536.0935,491.949179,491.949179,491.949179
1491,20000,2,0.829857,,0.829857,0.829857,0.829857,536.0935,536.0935,536.0935,491.949179,491.949179,491.949179
1492,20000,2,0.829857,,0.829857,0.829857,0.829857,536.0935,536.0935,536.0935,491.949179,491.949179,491.949179
1493,20000,2,0.829857,,0.829857,0.829857,0.829857,536.0935,536.0935,536.0935,491.949179,491.949179,491.949179
1494,20000,2,0.829857,,0.829857,0.829857,0.829857,536.0935,536.0935,536.0935,491.949179,491.949179,491.949179
1495,20000,2,0.829857,,0.829857,0.829857,0.829857,536.0935,536.0935,536.0935,491.949179,491.949179,491.949179
1496,20000,2,0.829857,,0.829857,0.829857,0.829857,536.0935,536.0935,536.0935,491.949179,491.949179,491.949179
1497,20000,2,0.829857,,0.829857,0.829857,0.829857,536.0935,536.0935,536.0935,491.949179,491.949179,491.949179
1498,20000,2,0.829857,,0.829857,0.829857,0.829857,536.0935,536.0935,536.0935,491.949179,491.949179,491.949179
1499,20000,2,0.829857,,0.829857,0.829857,0.829857,536.0935,536.0935,536.0935,491.949179,491.949179,491.949179
1500,20000,2,0.829857,,0.829857,0.829857,0.829857,536.0935,536.0935,536.0935,491.949179,491.949179,491.949179
1501,20000,2,0.829857,,0.829857,0.829857,0.829857,536.0935,536.0935,536.0935,491.949179,491.949179,491.949179
1502,20000,2,0.829857,,0.829857,0.829857,0.829857,536.0935,536.0935,536.0935,491.949179,491.949179,491.949179
1503,20000,2,0.829857,,0.829857,0.829857,0.829857,536.0935,536.0935,536.0935,491.949179,491.949179,491.949179
1504,20000,2,0.829857,,0.829857,0.829857,0.829857,536.0935,536.0935,536.0935,491.949179,491.949179,491.949179
1505,20000,2,0.829857,,0.829857,0.829857,0.829857,536.0935,536.0935,536.0935,491.949179,491.949179,491.949179
1506,20000,2,0.829857,,0.829857,0.829857,0.829857,536.0935,536.0935,536.0935,491.949179,491.949179,491.949179
1507,20000,2,0.829857,,0.829857,0.829857,0.829857,536.0935,536.0935,536.0935,491.949179,491.949179,491.949179
1508,20000,2,0.829857,,0.829857,0.829857,0.829857,536.0935,536.0935,536.0935,491.949179,491.949179,491.949179
1509,20000,2,0.829857,,0.829857,0.829857,0.829857,536.0935,536.0935,536.0935,491.949179,491.949179,491.949179
1510,20000,2,0.829857,,0.829857,0.829857,0.829857,536.0935,536.0935,536.0935,491.949179,491.949179,491.949179
1511,20000,2,0.829857,,0.829857,0.829857,0.829857,536.0935,536.0935,536.0935,491.949179,491.949179,491.949179
1512,20000,2,0.829857,,0.829857,0.829857,0.829857,536.0935,536.0935,536.0935,491.949179,491.949179,491.949179
1513,20000,2,0.829857,,0.829857,0.829857,0.829857,536.0935,536.0935,536.0935,491.949179,491.949179,491.949179
1514,20000,2,0.829857,,0.829857,0.829857,0.829857,536.0935,536.0935,536.0935,491.949179,491.949179,491.949179
1515,20000,2,0.829857,,0.829857,0.829857,0.829857,536.0935,536.0935,536.0935,491.949179,491.949179,491.949179
1516,20000,2,0.829857,,0.829857,0.829857,0.829857,536.0935,536.0935,536.0935,491.949179,491.949179,491.949179
1517,20000,2,0.829857,,0.829857,0.829857,0.829857,536.0935,536.0935,536.0935,491.949179,491.949179,491.949179
1518,20000,2,0.829857,,0.829857,0.829857,0.829857,536.0935,536.0935,536.0935,491.949179,491.949179,491.949179
1519,20000,2,0.829857,,0.829857,0.829857,0.829857,536.0935,536.0935,536.0935,491.949179,491.949179,491.949179
1520,20000,2,0.829857,,0.829857,0.829857,0.829857,536.0935,536.0935,536.0935,491.949179,491.949179,491.949179
1521,20000,2,0.829857,,0.829857,0.829857,0.829857,536.0935,536.0935,536.0935,491.949179,491.949179,491.949179
1522,20000,2,0.829857,,0.829857,0.829857,0.829857,536.0935,536.0935,536.0935,491.949179,491.949179,491.949179
1523,20000,2,0.829857,,0.829857,0.829857,0.829857,536.0935,536.0935,536.0935,491.949179,491.949179,491.949179
1524,20000,2,0.829857,,0.829857,0.829857,0.829857,536.0935,536.0935,536.0935,491.949179,491.949179,491.949179
1525,20000,2,0.829857,,0.829857,0.829857,0.829857,536.0935,536.0935,536.0935,491.949179,491.949179,491.949179
1526,20000,2,0.829857,,0.829857,0.829857,0.829857,536.0935,536.0935,536.0935,491.949179,491.949179,491.949179
1527,20000,2,0.829857,,0.829857,0.829857,0.829857,536.0935,536.0935,536.0935,491.949179,491.949179,491.949179
1528,20000,2,0.829857,,0.829857,0.829857,0.829857,536.0935,536.0935,536.0935,491.949179,491.949179,491.949179
1529,20000,2,0.829857,,0.829857,0.829857,0.829857,536.0935,536.0935,536.0935,491.949179,491.949179,491.949179
1530,20000,2,0.829857,,0.829857,0.829857,0.829857,536.0935,536.0935,536.0935,491.949179,491.949179,491.949179
1531,20000,2,0.829857,,0.829857,0.829857,0.829857,536.0935,536.0935,536.0935,491.949179,491.949179,491.949179
1532,20000,2,0.829857,,0.829857,0.829857,0.829857,536.0935,536.0935,536.0935,491.949179,491.949179,491.949179
1533,20000,2,0.829857,,0.829857,0.829857,0.829857,536.0935,536.0935,536.0935,491.949179,491.949179,491.949179
1534,20000,2,0.829857,,0.829857,0.829857,0.829857,536.0935,536.0935,536.0935,491.949179,491.949179,491.949179
1535,20000,2,0.829857,,0.829857,0.829857,0.829857,536.0935,536.0935,536.0935,491.949179,491.949179,491.949179
1536,20000,2,0.829857,,0.829857,0.829857,0.829857,536.0935,536.0935,536.0935,491.949179,491.949179,491.949179
1537,20000,2,0.829857,,0.829857,0.829857,0.829857,536.0935,536.0935,536.0935,491.949179,491.949179,491.949179
1538,20000,2,0.829857,,0.829857,0.829857,0.829857,536.0935,536.0935,536.0935,491.949179,491.949179,491.949179
1539,20000,2,0.829857,,0.829857,0.829857,0.829857,536.0935,536.0935,536.0935,491.949179,491.949179,491.949179
1540,20000,2,0.829857,,0.829857,0.829857,0.829857,536.0935,536.0935,536.0935,491.949179,491.949179,491.949179
1541,20000,2,0.829857,,0.829857,0.829857,0.829857,536.0935,536.0935,536.0935,491.949179,491.949179,491.949179
1542,20000,2,0.829857,,0.829857,0.829857,0.829857,536.0935,536.0935,536.0935,491.949179,491.949179,491.949179
1543,20000,2,0.829857,,0.829857,0.829857,0.829857,536.0935,536.0935,536.0935,491.949179,491.949179,491.949179
1544,20000,2,0.829857,,0.829857,0.829857,0.829857,536.0935,536.0935,536.0935,491.949179,491.949179,491.949179
1545,20000,2,0.829857,,0.829857,0.829857,0.829857,536.0935,536.0935,536.0935,491.949179,491.949179,491.949179
1546,20000,2,0.829857,,0.829857,0.829857,0.829857,536.0935,536.0935,536.0935,491.949179,491.949179,491.949179
1547,20000,2,0.829857,,0.829857,0.829857,0.829857,536.0935,536.0935,536.0935,491.949179,491.949179,491.949179
1548,20000,2,0.829857,,0.829857,0.829857,0.829857,536.0935,536.0935,536.0935,491.949179,491.949179,491.949179
1549,20000,2,0.829857,,0.829857,0.829857,0.829857,536.0935,536.0935,536.0935,491.949179,491.949179,491.949179
1550,20000,2,0.829857,,0.829857,0.829857,0.829857,536.0935,536.0935,536.0935,491.949179,491.949179,491.949179
1551,20000,2,0.829857,,0.829857,0.829857,0.829857,536.0935,536.0935,536.0935,491.949179,491.949179,491.949179
1552,20000,2,0.829857,,0.829857,0.829857,0.829857,536.0935,536.0935,536.0935,491.949179,491.949179,491.949179
1553,20000,2,0.829857,,0.829857,0.829857,0.829857,536.0935,536.0935,536.0935,491.949179,491.949179,491.949179
1554,20000,2,0.829857,,0.829857,0.829857,0.829857,536.0935,536.0935,536.0935,491.949179,491.949179,491.949179
1555,20000,2,0.829857,,0.829857,0.829857,0.829857,536.0935,536.0935,536.0935,491.949179,491.949179,491.949179
1556,20000,2,0.829857,,0.829857,0.829857,0.829857,536.0935,536.0935,536.0935,491.949179,491.949179,491.949179
1557,20000,2,0.829857,,0.829857,0.829857,0.829857,536.0935,536.0935,536.0935,491.949179,491.949179,491.949179
1558,20000,2,0.829857,,0.829857,0.829857,0.829857,536.0935,536.0935,536.0935,491.949179,491.949179,491.949179
1559,20000,2,0.829857,,0.829857,0.829857,0.829857,536.0935,536.0935,536.0935,491.949179,491.949179,491.949179
1560,20000,2,0.829857,,0.829857,0.829857,0.829857,536.0935,536.0935,536.0935,491.949179,491.949179,491.949179
1561,20000,2,0.829857,,0.829857,0.829857,0.829857,536.0935,536.0935,536.0935,491.949179,491.949179,491.949179
1562,20000,2,0.829857,,0.829857,0.829857,0.829857,536.0935,536.0935,536.0935,491.949179,491.949179,491.949179
1563,20000,2,0.829857,,0.829857,0.829857,0.829857,536.0935,536.0935,536.0935,491.949179,491.949179,491.949179
1564,20000,2,0.829857,,0.829857,0.829857,0.829857,536.0935,536.0935,536.0935,491.949179,491.949179,491.949179
1565,20000,2,0.829857,,0.829857,0.829857,0.829857,536.0935,536.0935,536.0935,491.949179,491.949179,491.949179
1566,20000,2,0.829857,,0.829857,0.829857,0.829857,536.0935,536.0935,536.0935,491.949179,491.949179,491.949179
1567,20000,2,0.829857,,0.829857,0.829857,0.829857,536.0935,536.0935,536.0935,491.949179,491.949179,491.949179
1568,20000,2,0.829857,,0.829857,0.829857,0.829857,536.0935,536.0935,536.0935,491.949179,491.949179,491.949179
1569,20000,2,0.829857,,0.829857,0.829857,0.829857,536.0935,536.0935,536.0935,491.949179,491.949179,491.949179
1570,20000,2,0.829857,,0.829857,0.829857,0.829857,536.0935,536.0935,536.0935,491.949179,491.949179,491.949179
1571,20000,2,0.829857,,0.829857,0.829857,0.829857,536.0935,536.0935,536.0935,491.949179,491.949179,491.949179
1572,20000,2,0.829857,,0.829857,0.829857,0.829857,536.0935,536.0935,536.0935,491.949179,491.949179,491.949179
1573,20000,2,0.829857,,0.829857,0.829857,0.829857,536.0935,536.0935,536.0935,491.949179,491.949179,491.949179
1574,20000,2,0.829857,,0.829857,0.829857,0.829857,536.0935,536.0935,536.0935,491.949179,491.949179,491.949179
1575,20000,2,0.829857,,0.829857,0.829857,0.829857,536.0935,536.0935,536.0935,491.949179,491.949179,491.949179
1576,20000,2,0.829857,,0.829857,0.829857,0.829857,536.0935,536.0935,536.0935,491.949179,491.949179,491.949179
1577,20000,2,0.829857,,0.829857,0.829857,0.829857,536.0935,536.0935,536.0935,491.949179,491.949179,491.949179
1578,20000,2,0.829857,,0.829857,0.829857,0.829857,536.0935,536.0935,536.0935,491.949179,491.949179,491.949179
1579,20000,2,0.829857,,0.829857,0.829857,0.829857,536.0935,536.0935,536.0935,491.949179,491.949179,491.949179
1580,20000,2,0.829857,,0.829857,0.829857,0.829857,536.0935,536.0935,536.0935,491.949179,491.949179,491.949179
1581,20000,2,0.829857,,0.829857,0.829857,0.829857,536.0935,536.0935,536.0935,491.949179,491.949179,491.949179
1582,20000,2,0.829857,,0.829857,0.829857,0.829857,536.0935,536.0935,536.0935,491.949179,491.949179,491.949179
1583,20000,2,0.829857,,0.829857,0.829857,0.829857,536.0935,536.0935,536.0935,491.949179,491.949179,491.949179
1584,20000,2,0.829857,,0.829857,0.829857,0.829857,536.0935,536.0935,536.0935,491.949179,491.949179,491.949179
1585,20000,2,0.829857,,0.829857,0.829857,0.829857,536.0935,536.0935,536.0935,491.949179,491.949179,491.949179
1586,20000,2,0.829857,,0.829857,0.829857,0.829857,536.0935,536.0935,536.0935,491.949179,491.949179,491.949179
1587,20000,2,0.829857,,0.829857,0.829857,0.829857,536.0935,536.0935,536.0935,491.949179,491.949179,491.949179
1588,20000,2,0.829857,,0.829857,0.829857,0.829857,536.0935,536.0935,536.0935,491.949179,491.949179,491.949179
1589,20000,2,0.829857,,0.829857,0.829857,0.829857,536.0935,536.0935,536.0935,491.949179,491.949179,491.949179
1590,20000,2,0.829857,,0.829857,0.829857,0.829857,536.0935,536.0935,536.0935,491.949179,491.949179,491.949179
1591,20000,2,0.829857,,0.829857,0.829857,0.829857,536.0935,536.0935,536.0935,491.949179,491.949179,491.949179
1592,20000,2,0.829857,,0.829857,0.829857,0.829857,536.0935,536.0935,536.0935,491.949179,491.949179,491.949179
1593,20000,2,0.829857,,0.829857,0.829857,0.829857,536.0935,536.0935,536.0935,491.949179,491.949179,491.949179
1594,20000,2,0.829857,,0.829857,0.829857,0.829857,536.0935,536.0935,536.0935,491.949179,491.949179,491.949179
1595,20000,2,0.829857,,0.829857,0.829857,0.829857,536.0935,536.0935,536.0935,491.949179,491.949179,491.949179
1596,20000,2,0.829857,,0.829857,0.829857,0.829857,536.0935,536.0935,536.0935,491.949179,491.949179,491.949179
1597,20000,2,0.829857,,0.829857,0.829857,0.829857,536.0935,536.0935,536.0935,491.949179,491.949179,491.949179
1598,20000,2,0.829857,,0.829857,0.829857,0.829857,536.0935,536.0935,536.0935,491.949179,491.949179,491.949179
1599,20000,2,0.829857,,0.829857,0.829857,0.829857,536.0935,536.0935,536.0935,491.949179,491.949179,491.949179
1600,20000,2,0.829857,,0.829857,0.829857,0.829857,536.0935,536.0935,536.0935,491.949179,491.949179,491.949179
1601,20000,2,0.829857,,0.829857,0.829857,0.829857,536.0935,536.0935,536.0935,491.949179,491.949179,491.949179
1602,20000,2,0.829857,,0.829857,0.829857,0.829857,536.0935,536.0935,536.0935,491.949179,491.949179,491.949179
1603,20000,2,0.829857,,0.829857,0.829857,0.829857,536.0935,536.0935,536.0935,491.949179,491.949179,491.949179
1604,20000,2,0.829857,,0.829857,0.829857,0.829857,536.0935,536.0935,536.0935,491.949179,491.949179,491.949179
1605,20000,2,0.829857,,0.829857,0.829857,0.829857,536.0935,536.0935,536.0935,491.949179,491.949179,491.949179
1606,20000,2,0.829857,,0.829857,0.829857,0.829857,536.0935,536.0935,536.0935,491.949179,491.949179,491.949179
1607,20000,2,0.829857,,0.829857,0.829857,0.829857,536.0935,536.0935,536.0935,491.949179,491.949179,491.949179
1608,20000,2,0.829857,,0.829857,0.829857,0.829857,536.0935,536.0935,536.0935,491.949179,491.949179,491.949179
1609,20000,2,0.829857,,0.829857,0.829857,0.829857,536.0935,536.0935,536.0935,491.949179,491.949179,491.949179
1610,20000,2,0.829857,,0.829857,0.829857,0.829857,536.0935,536.0935,536.0935,491.949179,491.949179,491.949179
1611,20000,2,0.829857,,0.829857,0.829857,0.829857,536.0935,536.0935,536.0935,491.949179,491.949179,491.949179
1612,20000,2,0.829857,,0.829857,0.829857,0.829857,536.0935,536.0935,536.0935,491.949179,491.949179,491.949179
1613,20000,2,0.829857,,0.829857,0.829857,0.829857,536.0935,536.0935,536.0935,491.949179,491.949179,491.949179
1614,20000,2,0.829857,,0.829857,0.829857,0.829857,536.0935,536.0935,536.0935,491.949179,491.949179,491.949179
1615,20000,2,0.829857,,0.829857,0.829857,0.829857,536.0935,536.0935,536.0935,491.949179,491.949179,491.949179
1616,20000,2,0.829857,,0.829857,0.829857,0.829857,536.0935,536.0935,536.0935,491.949179,491.949179,491.949179
1617,20000,2,0.829857,,0.829857,0.829857,0.829857,536.0935,536.0935,536.0935,491.949179,491.949179,491.949179
1618,20000,2,0.829857,,0.829857,0.829857,0.829857,536.0935,536.0935,536.0935,491.949179,491.949179,491.949179
1619,20000,2,0.829857,,0.829857,0.829857,0.829857,536.0935,536.0935,536.0935,491.949179,491.949179,491.949179
1620,20000,2,0.829857,,0.829857,0.829857,0.829857,536.0935,536.0935,536.0935,491.949179,491.949179,491.949179
1621,20000,2,0.829857,,0.829857,0.829857,0.829857,536.0935,536.0935,536.0935,491.949179,491.949179,491.949179
1622,20000,2,0.829857,,0.829857,0.829857,0.829857,536.0935,536.0935,536.0935,491.949179,491.949179,491.949179
1623,20000,2,0.829857,,0.829857,0.829857,0.829857,536.0935,536.0935,536.0935,491.949179,491.949179,491.949179
1624,20000,2,0.829857,,0.829857,0.829857,0.829857,536.0935,536.0935,536.0935,491.949179,491.949179,491.949179
1625,20000,2,0.829857,,0.829857,0.829857,0.829857,536.0935,536.0935,536.0935,491.949179,491.949179,491.949179
1626,20000,2,0.829857,,0.829857,0.829857,0.829857,536.0935,536.0935,536.0935,491.949179,491.949179,491.949179
1627,20000,2,0.829857,,0.829857,0.829857,0.829857,536.0935,536.0935,536.0935,491.949179,491.949179,491.949179
1628,20000,2,0.829857,,0.829857,0.829857,0.829857,536.0935,536.0935,536.0935,491.949179,491.949179,491.949179
1629,20000,2,0.829857,,0.829857,0.829857,0.829857,536.0935,536.0935,536.0935,491.949179,491.949179,491.949179
1630,20000,2,0.829857,,0.829857,0.829857,0.829857,536.0935,536.0935,536.0935,491.949179,491.949179,491.949179
1631,20000,2,0.829857,,0.829857,0.829857,0.829857,536.0935,536.0935,536.0935,491.949179,491.949179,491.949179
1632,20000,2,0.829857,,0.829857,0.829857,0.829857,536.0935,536.0935,536.0935,491.949179,491.949179,491.949179
1633,20000,2,0.829857,,0.829857,0.829857,0.829857,536.0935,536.0935,536.0935,491.949179,491.949179,491.949179
1634,20000,2,0.829857,,0.829857,0.829857,0.829857,536.0935,536.0935,536.0935,491.949179,491.949179,491.949179
1635,20000,2,0.829857,,0.829857,0.829857,0.829857,536.0935,536.0935,536.0935,491.949179,491.949179,491.949179
1636,20000,2,0.829857,,0.829857,0.829857,0.829857,536.0935,536.0935,536.0935,491.949179,491.949179,491.949179
1637,20000,2,0.829857,,0.829857,0.829857,0.829857,536.0935,536.0935,536.0935,491.949179,491.949179,491.949179
1638,20000,2,0.829857,,0.829857,0.829857,0.829857,536.0935,536.0935,536.0935,491.949179,491.949179,491.949179
1639,20000,2,0.829857,,0.829857,0.829857,0.829857,536.0935,536.0935,536.0935,491.949179,491.949179,491.949179
1640,20000,2,0.829857,,0.829857,0.829857,0.829857,536.0935,536.0935,536.0935,491.949179,491.949179,491.949179
1641,20000,2,0.829857,,0.829857,0.829857,0.829857,536.0935,536.0935,536.0935,491.949179,491.949179,491.949179
1642,20000,2,0.829857,,0.829857,0.829857,0.829857,536.0935,536.0935,536.0935,491.949179,491.949179,491.949179
1643,20000,2,0.829857,,0.829857,0.829857,0.829857,536.0935,536.0935,536.0935,491.949179,491.949179,491.949179
1644,20000,2,0.829857,,0.829857,0.829857,0.829857,536.0935,536.0935,536.0935,491.949179,491.949179,491.949179
1645,20000,2,0.829857,,0.829857,0.829857,0.829857,536.0935,536.0935,536.0935,491.949179,491.949179,491.949179
1646,20000,2,0.829857,,0.829857,0.829857,0.829857,536.0935,536.0935,536.0935,491.949179,491.949179,491.949179
1647,20000,2,0.829857,,0.829857,0.829857,0.829857,536.0935,536.0935,536.0935,491.949179,491.949179,491.949179
1648,20000,2,0.829857,,0.829857,0.829857,0.829857,536.0935,536.0935,536.0935,491.949179,491.949179,491.949179
1649,20000,2,0.829857,,0.829857,0.829857,0.829857,536.0935,536.0935,536.0935,491.949179,491.949179,491.949179
1650,20000,2,0.829857,,0.829857,0.829857,0.829857,536.0935,536.0935,536.0935,491.949179,491.949179,491.949179
1651,20000,2,0.829857,,0.829857,0.829857,0.829857,536.0935,536.0935,536.0935,491.949179,491.949179,491.949179
1652,20000,2,0.829857,,0.829857,0.829857,0.829857,536.0935,536.0935,536.0935,491.949179,491.949179,491.949179
1653,20000,2,0.829857,,0.829857,0.829857,0.829857,536.0935,536.0935,536.0935,491.949179,491.949179,491.949179
1654,20000,2,0.829857,,0.829857,0.829857,0.829857,536.0935,536.0935,536.0935,491.949179,491.949179,491.949179
1655,20000,2,0.829857,,0.829857,0.829857,0.829857,536.0935,536.0935,536.0935,491.949179,491.949179,491.949179
1656,20000,2,0.829857,,0.829857,0.829857,0.829857,536.0935,536.0935,536.0935,491.949179,491.949179,491.949179
1657,20000,2,0.829857,,0.829857,0.829857,0.829857,536.0935,536.0935,536.0935,491.949179,491.949179,491.949179
1658,20000,2,0.829857,,0.829857,0.829857,0.829857,536.0935,536.0935,536.0935,491.949179,491.949179,491.949179
1659,20000,2,0.829857,,0.829857,0.829857,0.829857,536.0935,536.0935,536.0935,491.949179,491.949179,491.949179
1660,20000,2,0.829857,,0.829857,0.829857,0.829857,536.0935,536.0935,536.0935,491.949179,491.949179,491.949179
1661,20000,2,0.829857,,0.829857,0.829857,0.829857,536.0935,536.0935,536.0935,491.949179,491.949179,491.949179
1662,20000,2,0.829857,,0.829857,0.829857,0.829857,536.0935,536.0935,536.0935,491.949179,491.949179,491.949179
1663,20000,2,0.829857,,0.829857,0.829857,0.829857,536.0935,536.0935,536.0935,491.949179,491.949179,491.949179
1664,20000,2,0.829857,,0.829857,0.829857,0.829857,536.0935,536.0935,536.0935,491.949179,491.949179,491.949179
1665,20000,2,0.829857,,0.829857,0.829857,0.829857,536.0935,536.0935,536.0935,491.949179,491.949179,491.949179
1666,20000,2,0.829857,,0.829857,0.829857,0.829857,536.0935,536.0935,536.0935,491.949179,491.949179,491.949179
1667,20000,2,0.829857,,0.829857,0.829857,0.829857,536.0935,536.0935,536.0935,491.949179,491.949179,491.949179
1668,20000,2,0.829857,,0.829857,0.829857,0.829857,536.0935,536.0935,536.0935,491.949179,491.949179,491.949179
1669,20000,2,0.829857,,0.829857,0.829857,0.829857,536.0935,536.0935,536.0935,491.949179,491.949179,491.949179
1670,20000,2,0.829857,,0.829857,0.829857,0.829857,536.0935,536.0935,536.0935,491.949179,491.949179,491.949179
1671,20000,2,0.829857,,0.829857,0.829857,0.829857,536.0935,536.0935,536.0935,491.949179,491.949179,491.949179
1672,20000,2,0.829857,,0.829857,0.829857,0.829857,536.0935,536.0935,536.0935,491.949179,491.949179,491.949179
1673,20000,2,0.829857,,0.829857,0.829857,0.829857,536.0935,536.0935,536.0935,491.949179,491.949179,491.949179
1674,20000,2,0.829857,,0.829857,0.829857,0.829857,536.0935,536.0935,536.0935,491.949179,491.949179,491.949179
1675,20000,2,0.829857,,0.829857,0.829857,0.829857,536.0935,536.0935,536.0935,491.949179,491.949179,491.949179
1676,20000,2,0.829857,,0.829857,0.829857,0.829857,536.0935,536.0935,536.0935,491.949179,491.949179,491.949179
1677,20000,2,0.829857,,0.829857,0.829857,0.829857,536.0935,536.0935,536.0935,491.949179,491.949179,491.949179
1678,20000,2,0.829857,,0.829857,0.829857,0.829857,536.0935,536.0935,536.0935,491.949179,491.949179,491.949179
1679,20000,2,0.829857,,0.829857,0.829857,0.829857,536.0935,536.0935,536.0935,491.949179,491.949179,491.949179
1680,20000,2,0.829857,,0.829857,0.829857,0.829857,536.0935,536.0935,536.0935,491.949179,491.949179,491.949179
1681,20000,2,0.829857,,0.829857,0.829857,0.829857,536.0935,536.0935,536.0935,491.949179,491.949179,491.949179
1682,20000,2,0.829857,,0.829857,0.829857,0.829857,536.0935,536.0935,536.0935,491.949179,491.949179,491.949179
1683,20000,2,0.829857,,0.829857,0.829857,0.829857,536.0935,536.0935,536.0935,491.949179,491.949179,491.949179
1684,20000,2,0.829857,,0.829857,0.829857,0.829857,536.0935,536.0935,536.0935,491.949179,491.949179,491.949179
1685,20000,2,0.829857,,0.829857,0.829857,0.829857,536.0935,536.0935,536.0935,491.949179,491.949179,491.949179
1686,20000,2,0.829857,,0.829857,0.829857,0.829857,536.0935,536.0935,536.0935,491.949179,491.949179,491.949179
1687,20000,2,0.829857,,0.829857,0.829857,0.829857,536.0935,536.0935,536.0935,491.949179,491.949179,491.949179
1688,20000,2,0.829857,,0.829857,0.829857,0.829857,536.0935,536.0935,536.0935,491.949179,491.949179,491.949179
1689,20000,2,0.829857,,0.829857,0.829857,0.829857,536.0935,536.0935,536.0935,491.949179,491.949179,491.949179
1690,20000,2,0.829857,,0.829857,0.829857,0.829857,536.0935,536.0935,536.0935,491.949179,491.949179,491.949179
1691,20000,2,0.829857,,0.829857,0.829857,0.829857,536.0935,536.0935,536.0935,491.949179,491.949179,491.949179
1692,20000,2,0.829857,,0.829857,0.829857,0.829857,536.0935,536.0935,536.0935,491.949179,491.949179,491.949179
1693,20000,2,0.829857,,0.829857,0.829857,0.829857,536.0935,536.0935,536.0935,491.949179,491.949179,491.949179
1694,20000,2,0.829857,,0.829857,0.829857,0.829857,536.0935,536.0935,536.0935,491.949179,491.949179,491.949179
1695,20000,2,0.829857,,0.829857,0.829857,0.829857,536.0935,536.0935,536.0935,491.949179,491.949179,491.949179
1696,20000,2,0.829857,,0.829857,0.829857,0.829857,536.0935,536.0935,536.0935,491.949179,491.949179,491.949179
1697,20000,2,0.829857,,0.829857,0.829857,0.829857,536.0935,536.0935,536.0935,491.949179,491.949179,491.949179
1698,20000,2,0.829857,,0.829857,0.829857,0.829857,536.0935,536.0935,536.0935,491.949179,491.949179,491.949179
1699,20000,2,0.829857,,0.829857,0.829857,0.829857,536.0935,536.0935,536.0935,491.949179,491.949179,491.949179
