gen,seed,threads,best_global,picos,fit_best,fit_worst,fit_mean,green_best,green_worst,green_mean,emis_best,emis_worst,emis_mean
0,20000,24,0.501261,,0.501261,0.364794,0.429402,326.5908,248.278,283.330695,607.812746,661.832329,634.927249
1,20000,24,0.502085,,0.502085,0.40012,0.442167,326.5908,262.4611,290.726691,604.789689,648.30456,629.926405
2,20000,24,0.510993,,0.510993,0.403162,0.449785,328.7926,267.6652,295.547059,601.750235,648.296235,627.214965
3,20000,24,0.510993,,0.510993,0.421264,0.461009,328.7926,276.8317,301.609313,601.750235,644.181039,622.522282
4,20000,24,0.510993,,0.510993,0.422954,0.469135,330.5784,278.0144,306.411976,601.750235,638.715509,619.402476
5,20000,24,0.510993,,0.510993,0.439429,0.476156,330.5784,283.8476,311.177398,601.750235,636.67701,617.119064
6,20000,24,0.512476,,0.512476,0.448275,0.483857,340.9133,293.9288,316.160109,601.750235,636.153892,614.451406
7,20000,24,0.512476,,0.512476,0.4555,0.489712,340.9133,298.68,320.393764,600.258911,629.370328,612.721198
8,20000,24,0.512476,,0.512476,0.462056,0.494473,340.9133,296.7708,323.329904,600.258911,627.521132,610.975369
9,20000,24,0.52765,,0.52765,0.46366,0.497865,351.5195,303.6065,325.537231,600.258911,625.249975,609.80902
10,20000,24,0.529968,,0.529968,0.480923,0.50254,356.5154,310.2474,328.77564,599.039024,620.844286,608.332207
11,20000,24,0.529968,,0.529968,0.484626,0.50805,356.5154,311.4625,332.060171,596.137604,616.140072,606.235181
12,20000,24,0.529968,,0.529968,0.490801,0.51201,356.5154,318.0202,335.049717,596.137604,616.140072,605.150253
13,20000,24,0.534209,,0.534209,0.495708,0.515964,357.9,324.0889,338.272054,596.137604,614.733448,604.224969
14,20000,24,0.534209,,0.534209,0.499476,0.519097,357.9,324.8475,340.272693,595.014843,616.41872,603.122234
15,20000,24,0.542822,,0.542822,0.505166,0.522162,363.739,324.8475,342.244184,594.904715,609.75021,602.052212
16,20000,24,0.543865,,0.543865,0.510568,0.525954,363.739,324.8475,344.668241,592.683063,607.700679,600.718944
17,20000,24,0.551809,,0.551809,0.510568,0.529409,363.739,324.8475,347.234189,591.611976,607.700679,599.743771
18,20000,24,0.551809,,0.551809,0.513731,0.532131,363.739,332.8831,349.028069,591.611976,606.232992,598.822494
19,20000,24,0.551809,,0.551809,0.518004,0.535456,366.0845,334.11,351.327638,589.439467,606.232992,597.770435
20,20000,24,0.555724,,0.555724,0.518662,0.538654,366.8875,335.8686,353.235473,589.333762,604.80527,596.55401
21,20000,24,0.558355,,0.558355,0.52569,0.541978,369.1106,341.2393,355.295643,587.803436,603.847405,595.342203
22,20000,24,0.560784,,0.560784,0.5293,0.544467,369.1106,345.9374,356.879812,586.176496,602.282026,594.461859
23,20000,24,0.565573,,0.565573,0.529933,0.547461,369.1106,346.2837,359.203361,583.762602,602.282026,593.683744
24,20000,24,0.566618,,0.566618,0.535134,0.549889,369.1106,349.4741,360.893513,582.91735,602.282026,592.922564
25,20000,24,0.566618,,0.566618,0.538077,0.552621,370.4418,351.5398,362.15066,582.91735,599.055516,591.634164
26,20000,24,0.566685,,0.566685,0.538077,0.555264,370.4418,352.4157,363.791489,582.91735,598.065481,590.671912
27,20000,24,0.567154,,0.567154,0.538077,0.558026,373.2083,352.4157,365.095038,581.722057,597.976936,589.390856
28,20000,24,0.570983,,0.570983,0.538333,0.560005,373.2083,352.6967,366.273747,581.722057,596.443139,588.637611
29,20000,24,0.575129,,0.575129,0.546002,0.562227,376.6298,359.2906,367.608821,581.537279,595.910477,587.799087
30,20000,24,0.576604,,0.576604,0.547423,0.564211,379.3602,359.4607,368.591183,581.039635,596.416412,586.909145
31,20000,24,0.579109,,0.579109,0.547423,0.566686,382.3291,361.5305,370.038028,579.384406,595.910477,585.948823
32,20000,24,0.579748,,0.579748,0.556359,0.569312,382.3291,363.8373,371.780481,579.384406,591.965963,585.067536
33,20000,24,0.586089,,0.586089,0.558993,0.571222,387.7747,363.8373,372.632773,579.384406,589.917704,584.149247
34,20000,24,0.590311,,0.590311,0.563473,0.573546,390.1632,363.8373,373.815031,576.53348,587.674111,583.128491
35,20000,24,0.590311,,0.590311,0.565588,0.575655,390.1632,363.8373,375.382237,576.53348,587.655709,582.533582
36,20000,24,0.592767,,0.592767,0.565588,0.578209,392.7348,363.8373,377.23675,576.365823,588.452137,581.784467
37,20000,24,0.592836,,0.592836,0.566537,0.580761,392.7348,368.0534,378.922825,576.365823,588.477419,580.923646
38,20000,24,0.601472,,0.601472,0.569551,0.582947,394.9136,368.0534,380.372902,575.484568,588.452137,580.190151
39,20000,24,0.603293,,0.603293,0.571243,0.585192,395.866,368.9769,381.989133,574.702863,586.90329,579.522458
40,20000,24,0.606134,,0.606134,0.575727,0.587529,398.1511,372.4809,383.792588,574.017615,583.392439,578.907811
41,20000,24,0.606134,,0.606134,0.575727,0.589429,398.1511,373.0873,385.126437,574.017615,583.507362,578.319921
42,20000,24,0.606134,,0.606134,0.579083,0.591396,398.1511,375.0329,386.623217,574.017615,583.507362,577.788259
43,20000,24,0.609618,,0.609618,0.580286,0.593375,399.7633,378.5117,388.01887,572.380747,582.795616,577.18016
44,20000,24,0.609618,,0.609618,0.582401,0.595305,399.7633,378.7508,389.567373,572.380747,583.102206,576.712228
45,20000,24,0.609789,,0.609789,0.585088,0.596938,400.2851,379.622,390.544799,572.380747,580.814881,576.093495
46,20000,24,0.609789,,0.609789,0.586531,0.599012,402.0009,382.433,392.0978,572.356852,580.814881,575.516678
47,20000,24,0.613601,,0.613601,0.588042,0.600585,402.8394,382.433,393.116774,570.56158,580.316638,574.972249
48,20000,24,0.614989,,0.614989,0.588311,0.602486,404.8008,382.8499,394.554147,570.56158,580.316638,574.452836
49,20000,24,0.614989,,0.614989,0.589987,0.603859,404.8008,383.1105,395.472245,570.56158,578.302727,573.997452
50,20000,24,0.616963,,0.616963,0.591548,0.605824,404.8496,385.3753,396.82601,569.257659,577.244689,573.371362
51,20000,24,0.616963,,0.616963,0.593025,0.607657,404.8496,386.461,398.115097,569.239041,577.517844,572.806041
52,20000,24,0.616963,,0.616963,0.593025,0.609057,404.8496,386.461,399.059652,569.239041,576.409264,572.346779
53,20000,24,0.617003,,0.617003,0.593025,0.610249,405.4308,386.461,399.768036,569.119184,576.409264,571.891632
54,20000,24,0.620844,,0.620844,0.593025,0.611614,406.1885,386.461,400.616443,567.929674,576.409264,571.395774
55,20000,24,0.620844,,0.620844,0.59671,0.612875,406.8704,389.7929,401.41237,567.455117,575.767654,570.94525
56,20000,24,0.620844,,0.620844,0.606772,0.61428,406.8704,397.5573,402.253876,567.264054,573.221932,570.412804
57,20000,24,0.620844,,0.620844,0.608218,0.615113,406.8704,398.0001,402.728914,567.419874,573.221932,570.081998
58,20000,24,0.622964,,0.622964,0.60836,0.616127,407.153,399.5548,403.218735,566.781434,573.221932,569.619192
59,20000,24,0.623042,,0.623042,0.60836,0.616974,407.6281,399.5548,403.603195,566.53662,573.221932,569.216367
60,20000,24,0.624384,,0.624384,0.60836,0.617988,407.8192,399.5548,404.09334,566.154449,573.221932,568.753199
61,20000,24,0.625947,,0.625947,0.61301,0.619238,408.8427,401.3864,404.705672,565.459012,571.526907,568.188778
62,20000,24,0.628508,,0.628508,0.61301,0.620396,410.5055,401.3864,405.334884,564.844446,571.526907,567.707246
63,20000,24,0.628508,,0.628508,0.615657,0.621634,410.5055,402.6908,406.077631,564.844446,570.060212,567.239554
64,20000,24,0.628508,,0.628508,0.616101,0.622636,410.5055,402.6908,406.636145,564.844446,570.060212,566.832071
65,20000,24,0.628508,,0.628508,0.617224,0.623574,411.1546,403.3045,407.151177,564.399461,569.62904,566.445825
66,20000,24,0.631287,,0.631287,0.619604,0.624619,411.5611,404.1863,407.699747,563.384506,567.823964,565.997674
67,20000,24,0.631287,,0.631287,0.619604,0.625579,411.5611,404.1863,408.279347,563.384506,567.823964,565.637491
68,20000,24,0.632805,,0.632805,0.620707,0.626517,412.9086,404.6801,408.77789,562.007652,567.823964,565.239839
69,20000,24,0.637021,,0.637021,0.62093,0.627652,413.0087,405.9231,409.375469,559.790932,567.823964,564.755407
70,20000,24,0.637021,,0.637021,0.62093,0.628721,413.0087,405.9231,409.944851,559.790932,567.823964,564.302559
71,20000,24,0.639468,,0.639468,0.625209,0.629584,414.1973,405.9231,410.390064,558.770059,566.153888,563.928098
72,20000,24,0.642266,,0.642266,0.625238,0.630242,416.399,405.9231,410.684546,558.062674,566.153888,563.612574
73,20000,24,0.642266,,0.642266,0.625771,0.631465,416.399,406.3396,411.280694,558.062674,566.153888,563.058032
74,20000,24,0.642266,,0.642266,0.62646,0.63223,416.399,408.389,411.588759,558.062674,565.841358,562.667764
75,20000,24,0.643191,,0.643191,0.62646,0.63348,417.9115,408.5253,412.196418,557.367549,565.841358,562.09992
76,20000,24,0.643191,,0.643191,0.62646,0.634312,417.9115,408.5253,412.596798,557.367549,565.841358,561.719208
77,20000,24,0.644314,,0.644314,0.630552,0.635537,418.5278,408.5253,413.207033,557.15736,564.344452,561.172558
78,20000,24,0.644877,,0.644877,0.630683,0.636592,418.5278,408.8032,413.688676,557.139406,563.855375,560.672482
79,20000,24,0.644877,,0.644877,0.632629,0.637759,418.5278,409.4776,414.342403,555.185003,563.28878,560.199963
80,20000,24,0.644877,,0.644877,0.632794,0.638915,418.4961,411.8087,414.849243,555.185003,563.28878,559.638025
81,20000,24,0.64878,,0.64878,0.633084,0.639918,419.7947,412.0655,415.381383,554.890781,563.28878,559.212478
82,20000,24,0.650793,,0.650793,0.633365,0.641246,420.6981,411.878,416.02569,554.292184,563.28878,558.608328
83,20000,24,0.650793,,0.650793,0.633365,0.642528,420.6981,412.0655,416.597601,554.292184,563.28878,557.991224
84,20000,24,0.650793,,0.650793,0.633915,0.643673,420.6981,412.0655,417.123874,553.917898,562.445104,557.451354
85,20000,24,0.667464,,0.667464,0.635246,0.645768,424.3087,405.0236,417.307748,536.526456,562.118383,555.940556
86,20000,24,0.667464,,0.667464,0.635246,0.647512,424.3087,400.1624,417.484401,537.893494,562.118383,554.697903
87,20000,24,0.670188,,0.670188,0.638398,0.650706,432.0092,405.0236,418.378024,537.893494,560.341891,552.805399
88,20000,24,0.670188,,0.670188,0.638398,0.653329,432.0092,405.0236,419.059545,539.832129,560.341891,551.216718
89,20000,24,0.680171,,0.680171,0.638398,0.655677,433.8762,405.0236,419.992337,540.208657,560.341891,550.010189
90,20000,24,0.682045,,0.682045,0.64421,0.658624,436.4719,406.8209,421.053743,540.208657,557.499249,548.422369
91,20000,24,0.682045,,0.682045,0.644819,0.661777,436.4719,405.4999,422.507135,536.7187,556.534579,546.937341
92,20000,24,0.682873,,0.682873,0.648343,0.66454,436.541,405.4999,424.140107,536.7187,555.416013,545.876139
93,20000,24,0.682873,,0.682873,0.649713,0.667096,436.541,413.3417,425.927842,536.7187,555.416013,545.080366
94,20000,24,0.682873,,0.682873,0.649713,0.669394,436.541,413.3417,427.291089,536.7187,555.416013,544.202061
95,20000,24,0.682873,,0.682873,0.649713,0.670269,436.541,413.3417,427.963617,536.7187,555.416013,543.969906
96,20000,24,0.687906,,0.687906,0.653247,0.671957,436.5414,413.3417,429.022269,535.288222,552.980758,543.362484
97,20000,24,0.687906,,0.687906,0.659917,0.673565,436.5414,420.0031,429.851166,535.288222,552.375842,542.66425
98,20000,24,0.687906,,0.687906,0.666977,0.675,438.1275,420.0031,430.632824,535.288222,546.376515,542.068719
99,20000,24,0.687906,,0.687906,0.66729,0.675978,438.1275,420.0031,431.541285,535.288222,546.84268,541.914663
100,20000,24,0.687906,,0.687906,0.668433,0.676787,438.1275,422.3991,432.224113,535.288222,546.84268,541.740521
101,20000,24,0.687906,,0.687906,0.671928,0.677615,439.5285,422.3991,432.835928,534.909262,547.641211,541.50481
102,20000,24,0.687906,,0.687906,0.671928,0.678781,442.5493,422.3991,433.532263,534.909262,547.641211,541.061888
103,20000,24,0.687906,,0.687906,0.672275,0.679774,442.5493,424.3124,434.000063,534.909262,547.212914,540.601358
104,20000,24,0.687906,,0.687906,0.673643,0.680808,442.5493,424.3124,434.461002,534.909262,547.212914,540.103367
105,20000,24,0.687906,,0.687906,0.673643,0.682008,442.5493,424.3124,434.835169,534.909262,544.996427,539.41782
106,20000,24,0.688455,,0.688455,0.673643,0.683084,442.5493,427.4722,435.282039,534.892238,544.996427,538.87813
107,20000,24,0.688944,,0.688944,0.673643,0.684089,443.7027,428.3422,435.512101,534.892238,544.996427,538.248639
108,20000,24,0.691053,,0.691053,0.678212,0.685045,443.7027,428.9119,435.967955,532.587064,541.408699,537.80863
109,20000,24,0.691053,,0.691053,0.67662,0.685638,443.7027,429.0709,436.427515,532.587064,541.679326,537.65412
110,20000,24,0.692252,,0.692252,0.678321,0.686389,443.7027,428.3378,436.966452,532.119612,540.777833,537.429538
111,20000,24,0.692465,,0.692465,0.68011,0.687011,443.7027,429.5224,437.520425,532.119612,540.777833,537.314943
112,20000,24,0.692659,,0.692659,0.682124,0.687399,443.7027,432.5202,437.848771,532.119612,540.777833,537.232615
113,20000,24,0.69419,,0.69419,0.684053,0.687983,443.7027,432.4364,437.995326,532.387429,540.777833,536.875452
114,20000,24,0.69419,,0.69419,0.685432,0.688407,442.5493,432.9182,437.992576,532.387429,540.777833,536.542478
115,20000,24,0.695051,,0.695051,0.685432,0.689005,441.6996,432.9761,438.034741,532.387429,538.829118,536.104286
116,20000,24,0.695516,,0.695516,0.685432,0.689575,442.2924,435.0731,438.448519,532.387429,538.880798,535.937069
117,20000,24,0.695516,,0.695516,0.686661,0.690075,443.8032,435.0731,438.642173,532.587064,539.074178,535.677082
118,20000,24,0.695516,,0.695516,0.687115,0.690677,443.8032,435.0731,438.877616,532.334422,538.635738,535.36556
119,20000,24,0.695674,,0.695674,0.687115,0.691273,443.8032,435.148,439.293637,532.587064,538.635738,535.179348
120,20000,24,0.697291,,0.697291,0.688627,0.691823,443.8032,435.17,439.576315,532.101228,538.635738,534.939793
121,20000,24,0.698082,,0.698082,0.688944,0.692317,443.8032,435.5522,439.899421,532.101228,538.635738,534.770461
122,20000,24,0.698082,,0.698082,0.688973,0.692852,443.8032,435.5522,440.188692,532.101228,538.635738,534.547122
123,20000,24,0.698082,,0.698082,0.688973,0.693275,443.8032,435.5522,440.552452,532.101228,538.635738,534.461369
124,20000,24,0.699017,,0.699017,0.688973,0.693995,443.8032,436.7028,440.952797,531.527803,538.635738,534.167667
125,20000,24,0.69917,,0.69917,0.690455,0.694758,445.001,436.9622,441.233113,530.688856,537.43417,533.760497
126,20000,24,0.69917,,0.69917,0.690745,0.695449,445.001,438.642,441.734991,530.688856,537.147833,533.557391
127,20000,24,0.69917,,0.69917,0.69118,0.695964,445.001,439.3917,442.022052,530.688856,537.147833,533.348603
128,20000,24,0.702551,,0.702551,0.692588,0.696518,448.2539,439.3917,442.273118,530.688856,537.147833,533.084482
129,20000,24,0.702551,,0.702551,0.692654,0.697058,448.2539,437.8483,442.459207,530.688856,534.954322,532.788294
130,20000,24,0.702551,,0.702551,0.693508,0.697841,448.2539,440.9474,442.926016,530.688856,534.915527,532.490262
131,20000,24,0.702551,,0.702551,0.693508,0.698234,448.2539,440.9474,443.109092,530.688856,534.915527,532.306465
132,20000,24,0.704438,,0.704438,0.695227,0.698855,448.2539,441.4733,443.374725,529.295962,533.927998,531.999852
133,20000,24,0.704438,,0.704438,0.695227,0.699287,449.4473,440.4081,443.563428,529.295962,533.927998,531.789253
134,20000,24,0.706214,,0.706214,0.695985,0.699779,449.4473,440.4081,443.984703,529.050111,533.927998,531.688142
135,20000,24,0.706214,,0.706214,0.695985,0.700134,449.4473,440.4081,444.350645,528.993328,533.927998,531.656123
136,20000,24,0.70631,,0.70631,0.695985,0.700648,449.4473,440.6969,444.566928,528.627406,533.927998,531.400373
137,20000,24,0.70631,,0.70631,0.698287,0.701151,449.4473,441.7853,444.95983,527.436299,533.319124,531.27108
138,20000,24,0.708004,,0.708004,0.698287,0.701872,449.4473,441.7853,445.403275,527.436299,533.319124,531.005571
139,20000,24,0.708702,,0.708702,0.698287,0.702522,449.6344,441.7853,445.92015,526.480801,533.319124,530.845589
140,20000,24,0.709106,,0.709106,0.69917,0.70326,449.6344,441.7853,446.394684,527.436299,532.772342,530.587686
141,20000,24,0.710134,,0.710134,0.699449,0.703854,449.7112,442.0741,446.812768,527.436299,532.772342,530.404196
142,20000,24,0.713248,,0.713248,0.699546,0.704551,450.5319,442.0741,447.226193,525.569453,532.386652,530.137648
143,20000,24,0.713248,,0.713248,0.699824,0.704995,450.5319,443.0378,447.52559,525.569453,532.46901,529.992097
144,20000,24,0.713248,,0.713248,0.699824,0.705579,451.0337,443.0378,447.914501,525.569453,532.998712,529.797482
145,20000,24,0.713248,,0.713248,0.701557,0.706081,451.0337,443.3515,448.185047,525.569453,532.998712,529.586623
146,20000,24,0.71448,,0.71448,0.701557,0.706869,451.0337,443.3515,448.505165,524.940787,531.844645,529.186827
147,20000,24,0.71448,,0.71448,0.701569,0.707541,453.1419,444.6827,448.926227,524.940787,531.532286,528.944951
148,20000,24,0.715135,,0.715135,0.702249,0.708234,453.0022,444.1117,449.208227,524.749851,531.532286,528.593409
149,20000,24,0.715135,,0.715135,0.702249,0.708792,451.5059,444.7374,449.352754,524.749851,531.532286,528.255083
150,20000,24,0.715135,,0.715135,0.704832,0.709424,455.2548,444.7374,449.666672,524.749851,531.532286,527.972016
151,20000,24,0.715135,,0.715135,0.705158,0.709908,455.8891,445.9183,449.855173,524.749851,531.378426,527.721106
152,20000,24,0.715135,,0.715135,0.705158,0.710379,455.8891,445.4124,450.062468,524.499212,531.378426,527.49261
153,20000,24,0.71742,,0.71742,0.705158,0.710905,455.8891,445.4124,450.367985,524.338798,531.080767,527.286863
154,20000,24,0.71742,,0.71742,0.705158,0.711358,455.8891,445.4124,450.640975,524.338798,531.080767,527.116486
155,20000,24,0.71742,,0.71742,0.705809,0.712025,455.8891,445.7012,450.995212,524.338798,531.080767,526.833861
156,20000,24,0.71742,,0.71742,0.705809,0.712593,455.8891,445.7012,451.261622,524.338798,530.255033,526.569515
157,20000,24,0.717745,,0.717745,0.705809,0.713069,455.8891,445.7012,451.467598,524.338798,530.255033,526.335931
158,20000,24,0.717745,,0.717745,0.707604,0.713831,455.8891,445.7012,451.990965,524.338798,529.408328,526.092634
159,20000,24,0.718076,,0.718076,0.708084,0.714156,455.8891,445.7012,451.990193,524.338798,528.767966,525.838592
160,20000,24,0.718076,,0.718076,0.708084,0.714632,455.2548,445.7012,452.223207,524.338798,528.767966,525.623156
161,20000,24,0.71816,,0.71816,0.708084,0.715153,455.2548,445.7012,452.597505,524.266095,528.767966,525.46795
162,20000,24,0.718472,,0.718472,0.708084,0.715715,455.2548,445.7012,453.059672,524.293248,528.767966,525.338683
163,20000,24,0.718472,,0.718472,0.708251,0.716125,456.1931,445.7012,453.289347,524.293248,527.872503,525.173281
164,20000,24,0.718919,,0.718919,0.708385,0.716542,456.1931,447.769,453.573512,524.293248,527.871203,525.038328
165,20000,24,0.719895,,0.719895,0.710449,0.716975,456.4228,449.763,453.839396,524.147862,527.871203,524.878454
166,20000,24,0.720947,,0.720947,0.712179,0.717345,456.901,449.763,453.993229,523.832208,527.680266,524.693269
167,20000,24,0.720947,,0.720947,0.712555,0.717616,456.901,449.763,454.217643,523.832208,527.680266,524.632127
168,20000,24,0.720947,,0.720947,0.713528,0.71795,457.0571,449.763,454.440762,523.832208,524.950045,524.5209
169,20000,24,0.720947,,0.720947,0.715955,0.718155,457.0571,452.6905,454.658115,523.832208,525.297542,524.506952
170,20000,24,0.722625,,0.722625,0.704882,0.718117,462.4931,443.6914,454.643539,521.628526,528.880353,524.526805
171,20000,24,0.722625,,0.722625,0.715112,0.71861,462.4931,452.6905,455.129811,521.628526,527.903079,524.467705
172,20000,24,0.722625,,0.722625,0.717745,0.718921,463.9404,451.8253,455.379608,520.632946,529.022504,524.393222
173,20000,24,0.722625,,0.722625,0.717745,0.719147,463.9404,451.8253,455.540922,520.632946,529.022504,524.324428
174,20000,24,0.725837,,0.725837,0.717745,0.719492,463.9404,451.8253,455.698382,520.632946,529.022504,524.161427
175,20000,24,0.725837,,0.725837,0.717745,0.719811,463.9404,451.8253,455.787399,520.632946,529.022504,523.971653
176,20000,24,0.725837,,0.725837,0.717745,0.720161,463.9404,451.8253,455.988481,519.653455,529.022504,523.834091
177,20000,24,0.725837,,0.725837,0.718076,0.720452,463.9404,451.8253,456.249652,519.614109,529.022504,523.781368
178,20000,24,0.725837,,0.725837,0.718076,0.720934,463.9404,451.8253,456.422892,519.614109,529.022504,523.521975
179,20000,24,0.727452,,0.727452,0.718076,0.721423,460.9329,452.4935,456.750696,519.220071,525.668465,523.359741
180,20000,24,0.727452,,0.727452,0.718076,0.722041,460.9329,452.8161,457.265213,519.220071,525.668465,523.222516
181,20000,24,0.727539,,0.727539,0.718076,0.722345,461.1145,452.8161,457.549992,519.152136,525.668465,523.176324
182,20000,24,0.731303,,0.731303,0.718076,0.722855,465.372,452.8161,458.182145,519.220071,525.668465,523.202746
183,20000,24,0.731303,,0.731303,0.718472,0.723463,465.372,452.8161,458.887013,519.220071,525.668465,523.200569
184,20000,24,0.731303,,0.731303,0.718472,0.723951,465.372,452.8161,459.359838,519.220071,525.668465,523.136698
185,20000,24,0.731303,,0.731303,0.719847,0.724684,465.372,455.042,460.323342,519.220071,525.668465,523.210748
186,20000,24,0.731303,,0.731303,0.719847,0.725298,465.372,455.042,460.836831,519.220071,525.668465,523.075875
187,20000,24,0.731303,,0.731303,0.719847,0.726085,465.4935,455.2057,461.600756,519.220071,524.366796,522.974014
188,20000,24,0.731303,,0.731303,0.720947,0.726578,465.7399,456.901,461.987737,519.220071,524.366796,522.848251
189,20000,24,0.731658,,0.731658,0.720947,0.727188,466.3744,456.901,462.459832,519.220071,524.366796,522.688858
190,20000,24,0.731658,,0.731658,0.720947,0.727821,466.3744,456.901,463.062282,520.401165,524.3172,522.599394
191,20000,24,0.734015,,0.734015,0.721407,0.728437,467.6794,457.1903,463.484365,520.290125,524.3172,522.40108
192,20000,24,0.734015,,0.734015,0.723789,0.728891,469.7522,459.2814,463.92318,520.290125,524.3172,522.341135
193,20000,24,0.734015,,0.734015,0.723789,0.729499,469.7522,459.2814,464.391753,520.290125,524.3172,522.181051
194,20000,24,0.73409,,0.73409,0.724207,0.730197,469.7522,459.7225,464.971916,519.989124,523.961065,522.025241
195,20000,24,0.73409,,0.73409,0.725658,0.730993,469.7522,461.3438,465.714944,519.989124,523.918768,521.902625
196,20000,24,0.736228,,0.736228,0.725658,0.7317,471.3203,461.3438,466.214485,519.989124,523.918768,521.685904
197,20000,24,0.736228,,0.736228,0.727203,0.73227,471.3203,462.0631,466.668965,519.881101,523.450657,521.545484
198,20000,24,0.736692,,0.736692,0.727922,0.732873,471.3203,462.6535,467.007548,519.881101,523.450657,521.302575
199,20000,24,0.738071,,0.738071,0.729041,0.733344,471.3203,465.372,467.16932,519.188448,523.328272,521.043486
200,20000,24,0.738289,,0.738289,0.729041,0.733868,471.3367,465.372,467.580985,519.07128,523.226822,520.91058
201,20000,24,0.738289,,0.738289,0.729961,0.734305,471.3367,466.0154,467.874466,519.07128,522.997338,520.766331
202,20000,24,0.738289,,0.738289,0.731203,0.734736,471.3203,466.0154,468.262902,519.07128,522.997338,520.690601
203,20000,24,0.739653,,0.739653,0.731532,0.735188,472.7915,466.0154,468.641409,518.723758,522.329743,520.59149
204,20000,24,0.741118,,0.741118,0.731532,0.735724,473.9699,466.0154,469.024463,518.332017,521.966097,520.430233
205,20000,24,0.741118,,0.741118,0.731532,0.73636,473.9699,466.0154,469.683012,518.332017,521.821731,520.374886
206,20000,24,0.741118,,0.741118,0.731532,0.736972,473.9699,466.0154,470.229123,518.332017,521.99604,520.263596
207,20000,24,0.742827,,0.742827,0.731532,0.737465,473.9699,466.1959,470.572721,517.834261,521.99604,520.10982
208,20000,24,0.742827,,0.742827,0.732726,0.737801,473.9699,466.9622,470.77803,517.834261,521.99604,519.984977
209,20000,24,0.742827,,0.742827,0.734853,0.738143,473.9699,466.9622,470.967786,517.834261,522.014741,519.845709
210,20000,24,0.742827,,0.742827,0.734853,0.738515,473.9699,466.9622,471.300097,517.834261,522.014741,519.777889
211,20000,24,0.742827,,0.742827,0.734978,0.738808,473.9699,468.2083,471.53027,517.834261,521.575096,519.703815
212,20000,24,0.742827,,0.742827,0.735205,0.739063,473.9699,468.3219,471.698671,517.834261,521.575096,519.617734
213,20000,24,0.742827,,0.742827,0.735205,0.739254,473.9699,468.3219,471.827515,517.834261,521.575096,519.55525
214,20000,24,0.744577,,0.744577,0.735767,0.739562,475.7771,468.509,472.067258,517.834261,521.575096,519.475733
215,20000,24,0.744577,,0.744577,0.736021,0.739761,475.7771,469.1302,472.181546,517.469204,521.575096,519.396908
216,20000,24,0.744577,,0.744577,0.736228,0.74012,475.7771,470.1776,472.463564,517.469204,521.575096,519.305769
217,20000,24,0.744577,,0.744577,0.736228,0.740506,475.7771,470.1776,472.681013,517.469204,521.575096,519.150574
218,20000,24,0.745601,,0.745601,0.736228,0.740871,475.7771,470.1776,472.888951,516.721219,521.575096,519.004963
219,20000,24,0.745601,,0.745601,0.736228,0.741254,475.7771,471.0541,473.120927,516.721219,521.575096,518.861926
220,20000,24,0.746466,,0.746466,0.736315,0.741524,476.4998,471.0541,473.303089,516.046962,521.507161,518.77306
221,20000,24,0.746466,,0.746466,0.736315,0.742126,476.4998,471.2721,473.599119,516.046962,521.507161,518.501712
222,20000,24,0.746466,,0.746466,0.737953,0.742532,476.4998,471.0541,473.792685,516.046962,520.197441,518.315341
223,20000,24,0.746466,,0.746466,0.738241,0.742982,476.4998,471.0541,474.062398,516.046962,520.13331,518.144708
224,20000,24,0.746711,,0.746711,0.738241,0.743362,476.4998,471.0541,474.232829,516.046962,520.3209,517.962577
225,20000,24,0.746883,,0.746883,0.738241,0.743813,476.4998,471.0541,474.454068,516.046962,520.3209,517.759199
226,20000,24,0.746883,,0.746883,0.738241,0.744401,476.4998,471.5112,474.803183,516.046962,520.3209,517.534109
227,20000,24,0.746883,,0.746883,0.738241,0.745024,476.4998,471.4289,475.173259,516.046962,520.3209,517.296104
228,20000,24,0.747351,,0.747351,0.741537,0.745374,476.4998,473.9699,475.343754,516.046962,519.209472,517.137529
229,20000,24,0.747351,,0.747351,0.741537,0.745488,476.4998,473.9699,475.346194,516.046962,519.209472,517.05042
230,20000,24,0.747351,,0.747351,0.741537,0.74568,476.4998,473.6999,475.408807,516.025403,519.209472,516.942309
231,20000,24,0.747351,,0.747351,0.741537,0.745911,476.4998,473.9699,475.490461,516.025403,519.209472,516.816823
232,20000,24,0.747351,,0.747351,0.741537,0.746061,476.4998,473.9699,475.53004,516.025403,519.209472,516.726465
233,20000,24,0.747351,,0.747351,0.742969,0.746278,476.4998,474.1984,475.633482,516.025403,518.246311,516.626895
234,20000,24,0.747351,,0.747351,0.744664,0.746473,478.0126,474.987,475.719201,516.025403,517.982009,516.531829
235,20000,24,0.747351,,0.747351,0.744664,0.746621,478.0126,474.9006,475.781555,516.025403,517.982009,516.457924
236,20000,24,0.747747,,0.747747,0.744664,0.74672,478.0126,474.987,475.821438,515.78772,517.982009,516.408052
237,20000,24,0.748189,,0.748189,0.744664,0.746869,478.0126,474.987,475.868763,515.759692,517.982009,516.322957
238,20000,24,0.748189,,0.748189,0.746379,0.74707,478.0126,474.987,475.954599,515.759692,517.699769,516.223824
239,20000,24,0.748189,,0.748189,0.746379,0.74714,478.0126,475.211,476.022129,515.774587,517.699769,516.214777
240,20000,24,0.748189,,0.748189,0.746379,0.747236,478.0126,473.2615,476.056879,514.569419,517.699769,516.163148
241,20000,24,0.748613,,0.748613,0.746379,0.747343,478.0126,473.2615,476.125146,514.569419,517.699769,516.125153
242,20000,24,0.748613,,0.748613,0.746379,0.747504,478.0126,473.2615,476.261734,514.569419,517.699769,516.091078
243,20000,24,0.748613,,0.748613,0.746379,0.747627,478.0126,475.211,476.347502,515.597059,517.699769,516.052745
244,20000,24,0.748613,,0.748613,0.746731,0.747731,478.0126,475.211,476.407,515.597059,517.699769,516.011611
245,20000,24,0.749368,,0.749368,0.746946,0.74788,478.0126,475.7097,476.512663,515.306604,517.699769,515.96595
246,20000,24,0.749368,,0.749368,0.746946,0.74802,478.0126,475.7097,476.550801,515.306604,517.699769,515.88244
247,20000,24,0.749368,,0.749368,0.747236,0.748133,477.2609,475.7097,476.587373,515.306604,516.307745,515.819155
248,20000,24,0.749443,,0.749443,0.747236,0.748282,477.344,475.7708,476.661075,515.248839,516.307745,515.752362
249,20000,24,0.749443,,0.749443,0.747236,0.748395,477.344,475.9912,476.732218,515.248839,516.307745,515.711391
250,20000,24,0.749443,,0.749443,0.747325,0.748493,477.344,475.9912,476.783142,515.248839,516.049841,515.669655
251,20000,24,0.749583,,0.749583,0.747325,0.748588,477.3966,475.8499,476.835156,515.229897,516.049841,515.62974
252,20000,24,0.749583,,0.749583,0.747325,0.748682,477.3966,475.9912,476.88106,515.229897,516.049841,515.587267
253,20000,24,0.749583,,0.749583,0.748189,0.748745,477.3966,476.6739,476.899753,515.229897,515.927817,515.550909
254,20000,24,0.749583,,0.749583,0.748189,0.748806,477.3966,476.6739,476.920655,515.215727,515.927817,515.517398
255,20000,24,0.758751,,0.758751,0.743976,0.748898,483.1483,475.5186,477.074335,511.93352,519.1027,515.548769
256,20000,24,0.758751,,0.758751,0.748189,0.749161,483.1483,475.5186,477.127155,511.93352,517.192607,515.379149
257,20000,24,0.758751,,0.758751,0.748189,0.749327,483.1483,475.5186,477.321711,511.93352,517.192607,515.379803
258,20000,24,0.758751,,0.758751,0.748216,0.749547,483.3883,475.5186,477.484895,511.93352,517.517332,515.317213
259,20000,24,0.758751,,0.758751,0.748216,0.749912,483.3883,475.5186,477.742823,511.93352,517.517332,515.205681
260,20000,24,0.761157,,0.761157,0.748216,0.750236,484.5651,475.5186,477.937072,511.005879,517.517332,515.083403
261,20000,24,0.761157,,0.761157,0.748216,0.750628,484.5651,475.5186,478.114549,510.827642,517.517332,514.895951
262,20000,24,0.761157,,0.761157,0.748216,0.751024,484.5651,475.5186,478.513891,510.827642,517.517332,514.855125
263,20000,24,0.761157,,0.761157,0.748216,0.751407,484.5651,475.5186,478.724574,510.827642,517.517332,514.697549
264,20000,24,0.761157,,0.761157,0.748613,0.75202,484.5651,475.5186,479.200459,510.625462,517.517332,514.538428
265,20000,24,0.761157,,0.761157,0.748613,0.752413,484.5651,474.2463,479.431585,510.977082,517.517332,514.386257
266,20000,24,0.761157,,0.761157,0.748613,0.752977,484.5651,474.2463,479.799188,510.977082,517.517332,514.193169
267,20000,24,0.761157,,0.761157,0.748613,0.753451,484.5651,475.5186,480.242648,510.977082,517.156017,514.119949
268,20000,24,0.761183,,0.761183,0.748895,0.753989,484.5651,475.5186,480.631238,510.977082,517.156017,513.960749
269,20000,24,0.764144,,0.764144,0.748895,0.754561,486.9087,475.5186,480.872826,510.246806,517.156017,513.677065
270,20000,24,0.764144,,0.764144,0.74927,0.755019,486.9087,475.5186,481.085218,510.246806,517.156017,513.461633
271,20000,24,0.764144,,0.764144,0.749611,0.755458,486.9087,475.5186,481.303168,510.246806,516.375649,513.265522
272,20000,24,0.764144,,0.764144,0.749835,0.755857,486.9087,475.5186,481.581342,510.246806,516.375649,513.140721
273,20000,24,0.764144,,0.764144,0.749835,0.75622,486.9087,475.5186,481.943237,510.246806,516.375649,513.100164
274,20000,24,0.764144,,0.764144,0.7508,0.756656,486.9087,476.4777,482.250051,510.246806,516.169722,512.965481
275,20000,24,0.764144,,0.764144,0.751663,0.757129,486.9087,476.6595,482.573167,510.246806,516.169722,512.813344
276,20000,24,0.764144,,0.764144,0.751663,0.757691,486.9087,476.5751,483.04696,510.246806,516.126791,512.692195
277,20000,24,0.764144,,0.764144,0.751663,0.758175,486.9087,476.5751,483.423623,510.246806,516.126791,512.566896
278,20000,24,0.764144,,0.764144,0.752165,0.758597,486.9087,476.5751,483.749874,510.246806,516.126791,512.456362
279,20000,24,0.764144,,0.764144,0.75254,0.758998,486.9087,477.0966,484.054311,510.246806,516.126791,512.347522
280,20000,24,0.764144,,0.764144,0.753225,0.759415,486.9087,478.622,484.367628,510.246806,516.302472,512.232803
281,20000,24,0.764666,,0.764666,0.753225,0.759749,487.2599,479.2155,484.629706,510.011402,516.302472,512.147678
282,20000,24,0.764666,,0.764666,0.753225,0.760049,487.2599,479.2155,484.681573,510.011402,516.018165,511.94874
283,20000,24,0.764666,,0.764666,0.75448,0.760376,487.2599,480.6482,484.840764,510.011402,516.018165,511.799696
284,20000,24,0.764666,,0.764666,0.754521,0.760775,487.2599,480.6482,485.040429,510.074723,516.302472,511.622299
285,20000,24,0.7647,,0.7647,0.754521,0.761197,487.543,480.6482,485.239042,510.03694,516.302472,511.426776
286,20000,24,0.7647,,0.7647,0.754596,0.761473,487.543,480.509,485.306124,510.03694,516.302472,511.256419
287,20000,24,0.7647,,0.7647,0.754597,0.761755,487.543,480.6482,485.506791,510.03694,516.302472,511.170897
288,20000,24,0.7647,,0.7647,0.754827,0.762035,487.543,480.6482,485.653704,510.03694,516.096545,511.05045
289,20000,24,0.7647,,0.7647,0.754827,0.76241,487.543,480.4118,485.90728,510.03694,516.096545,510.928454
290,20000,24,0.764969,,0.764969,0.755067,0.76275,487.543,480.4118,486.157963,510.024738,516.096545,510.831115
291,20000,24,0.764969,,0.764969,0.755067,0.762993,487.543,480.4118,486.334483,510.024738,516.096545,510.759619
292,20000,24,0.766344,,0.766344,0.755067,0.763223,489.4563,480.4118,486.431207,509.855894,516.096545,510.64546
293,20000,24,0.766344,,0.766344,0.755067,0.763629,489.4563,480.4118,486.714686,509.855894,516.096545,510.518111
294,20000,24,0.766344,,0.766344,0.756542,0.76398,489.4563,480.4118,486.912406,509.855894,514.392055,510.377225
295,20000,24,0.766344,,0.766344,0.756782,0.764244,489.4563,483.4356,487.054156,509.855894,513.825517,510.266443
296,20000,24,0.766344,,0.766344,0.758977,0.764498,489.4563,483.1205,487.23657,509.855894,512.208848,510.19033
297,20000,24,0.766613,,0.766613,0.758977,0.764702,489.4563,483.1205,487.376551,509.745785,511.738232,510.125249
298,20000,24,0.766613,,0.766613,0.761548,0.764835,489.4563,484.7887,487.468875,509.745785,510.850903,510.082994
299,20000,24,0.766613,,0.766613,0.762513,0.764923,489.4563,485.0264,487.545411,509.745785,510.257424,510.065473
300,20000,24,0.766613,,0.766613,0.764144,0.765039,489.4563,486.3171,487.638954,509.745785,510.246806,510.037583
301,20000,24,0.766613,,0.766613,0.764144,0.765121,489.4563,486.3171,487.71512,509.745785,510.246806,510.024957
302,20000,24,0.766677,,0.766677,0.764144,0.765215,489.4563,486.3171,487.794094,509.535919,510.246806,510.004732
303,20000,24,0.766677,,0.766677,0.764266,0.765311,489.4563,486.3171,487.886494,509.535919,510.237938,509.991943
304,20000,24,0.768184,,0.768184,0.764266,0.765424,490.3894,486.3171,488.003786,509.427852,510.237938,509.982121
305,20000,24,0.768184,,0.768184,0.764666,0.765531,490.3894,486.9514,488.077444,509.427852,510.237938,509.947684
306,20000,24,0.768184,,0.768184,0.7647,0.765615,490.3894,486.9514,488.126676,509.345325,510.237938,509.915709
307,20000,24,0.768184,,0.768184,0.7647,0.765742,490.3894,486.9514,488.233873,509.187699,510.237938,509.888152
308,20000,24,0.768307,,0.768307,0.76473,0.765918,490.3894,486.9514,488.378259,508.935794,510.06576,509.847579
309,20000,24,0.768307,,0.768307,0.76473,0.766127,490.3894,486.9514,488.563649,508.935794,510.262364,509.808879
310,20000,24,0.769087,,0.769087,0.76473,0.766295,490.4213,486.9514,488.72656,508.7452,510.262364,509.787353
311,20000,24,0.769087,,0.769087,0.76473,0.766448,490.4213,486.9514,488.833881,508.7452,510.31235,509.739338
312,20000,24,0.769087,,0.769087,0.76473,0.766635,491.667,487.2599,488.977009,508.7452,510.31235,509.690058
313,20000,24,0.769087,,0.769087,0.765287,0.766833,491.667,487.3976,489.141887,508.7452,510.028072,509.6454
314,20000,24,0.769087,,0.769087,0.765287,0.76694,491.667,487.3976,489.242974,508.7452,510.028072,509.629688
315,20000,24,0.769087,,0.769087,0.765287,0.767099,491.667,487.8942,489.378598,508.707417,510.028072,509.596934
316,20000,24,0.769304,,0.769304,0.765287,0.767253,492.0182,487.8942,489.501904,508.707417,510.187953,509.55947
317,20000,24,0.769304,,0.769304,0.765287,0.76744,492.0182,487.8942,489.68566,508.707417,510.015775,509.536638
318,20000,24,0.769611,,0.769611,0.765287,0.767631,492.1132,487.8942,489.863522,508.707417,510.015775,509.50712
319,20000,24,0.769611,,0.769611,0.765594,0.767818,492.1132,487.9892,490.024998,508.707417,509.978087,509.469557
320,20000,24,0.769611,,0.769611,0.765594,0.767976,492.1132,487.9892,490.220299,508.7452,509.978087,509.477003
321,20000,24,0.769611,,0.769611,0.765594,0.768125,492.1132,487.9892,490.338085,508.7452,510.032809,509.439212
322,20000,24,0.769611,,0.769611,0.765594,0.768295,492.1132,487.9892,490.547085,508.569063,510.032809,509.447076
323,20000,24,0.769611,,0.769611,0.765928,0.768527,492.1132,487.9892,490.720307,508.569063,509.978087,509.382475
324,20000,24,0.769611,,0.769611,0.767238,0.768725,492.1132,489.7845,490.936241,508.569063,509.842633,509.372219
325,20000,24,0.769611,,0.769611,0.767238,0.768837,492.1996,489.628,491.059598,508.569063,509.842633,509.367744
326,20000,24,0.771344,,0.771344,0.767238,0.76895,492.6945,489.628,491.14687,508.146909,509.842633,509.33796
327,20000,24,0.771652,,0.771652,0.767238,0.769101,492.7895,489.628,491.350347,508.146909,509.839733,509.356866
328,20000,24,0.771652,,0.771652,0.767238,0.769272,492.7895,489.628,491.536737,508.146909,509.839733,509.34838
329,20000,24,0.771652,,0.771652,0.767238,0.76945,492.7895,489.628,491.697581,508.146909,509.839733,509.316779
330,20000,24,0.771652,,0.771652,0.767238,0.769596,492.7895,489.628,491.816503,507.970772,509.839733,509.282663
331,20000,24,0.771652,,0.771652,0.768403,0.769755,492.7895,489.628,491.950663,507.970772,509.632052,509.248969
332,20000,24,0.771652,,0.771652,0.768403,0.769924,492.7895,489.628,492.069676,507.970772,509.632052,509.196496
333,20000,24,0.771652,,0.771652,0.769224,0.770098,492.7895,490.9188,492.188796,507.92291,509.632052,509.141006
334,20000,24,0.772765,,0.772765,0.769224,0.770251,493.192,491.7842,492.29501,507.733151,509.594268,509.092476
335,20000,24,0.772765,,0.772765,0.769224,0.770424,493.192,491.7842,492.358497,507.733151,509.594268,508.999944
336,20000,24,0.772765,,0.772765,0.7694,0.770668,493.192,491.8484,492.452013,507.733151,509.469654,508.872857
337,20000,24,0.772765,,0.772765,0.7694,0.770843,493.192,491.8484,492.508337,507.733151,509.469654,508.773669
338,20000,24,0.773096,,0.773096,0.769653,0.771044,493.473,491.8912,492.588346,507.662554,509.455915,508.670895
339,20000,24,0.773096,,0.773096,0.770006,0.771288,493.473,491.866,492.660676,507.662554,509.326564,508.528704
340,20000,24,0.785945,,0.785945,0.770006,0.772096,502.3169,491.4613,492.997982,503.566806,509.326564,508.124595
341,20000,24,0.785945,,0.785945,0.770093,0.772674,502.3169,491.4613,493.266171,503.566806,509.278718,507.853355
342,20000,24,0.785945,,0.785945,0.770093,0.773367,502.3169,491.4613,493.558787,503.566806,509.098544,507.509219
343,20000,24,0.786167,,0.786167,0.770093,0.774117,502.9232,491.4613,493.978466,503.566806,509.098544,507.20545
344,20000,24,0.786167,,0.786167,0.770424,0.774867,502.9232,491.4613,494.406733,503.566806,509.098544,506.906935
345,20000,24,0.786167,,0.786167,0.771423,0.775877,502.9232,491.7859,494.966418,503.566806,508.399199,506.494279
346,20000,24,0.786167,,0.786167,0.771652,0.77704,502.9232,491.7859,495.65633,503.566806,508.331442,506.049479
347,20000,24,0.787589,,0.787589,0.771984,0.778133,504.2302,492.0175,496.438516,503.566806,508.260845,505.721079
348,20000,24,0.787855,,0.787855,0.771984,0.779225,504.2302,492.0175,497.199275,503.359222,508.260845,505.379539
349,20000,24,0.787855,,0.787855,0.771984,0.780113,504.2302,492.3025,497.85935,503.359222,508.260845,505.128868
350,20000,24,0.787855,,0.787855,0.771984,0.781053,504.2302,492.3025,498.58179,503.359222,508.260845,504.880058
351,20000,24,0.787855,,0.787855,0.771984,0.781734,504.2302,493.0705,499.098083,503.359222,508.260845,504.694695
352,20000,24,0.787855,,0.787855,0.771984,0.782571,504.2302,492.9607,499.812413,503.232873,508.260845,504.520643
353,20000,24,0.787855,,0.787855,0.771984,0.783427,504.4324,492.8575,500.473719,502.998776,508.260845,504.295565
354,20000,24,0.787855,,0.787855,0.774591,0.783916,504.4324,492.8575,500.798113,502.998776,507.452163,504.131848
355,20000,24,0.788907,,0.788907,0.774591,0.784626,505.5668,493.3515,501.418062,502.998776,506.756952,503.993259
356,20000,24,0.788907,,0.788907,0.776514,0.785263,505.5668,494.1075,501.948758,502.998776,506.462575,503.852329
357,20000,24,0.788907,,0.788907,0.776514,0.785939,505.5668,494.1075,502.545333,502.998776,506.462575,503.724964
358,20000,24,0.788907,,0.788907,0.780101,0.786539,505.5668,495.7112,503.125344,502.998776,505.541248,503.645296
359,20000,24,0.788907,,0.788907,0.780183,0.786888,505.5668,496.6228,503.445768,503.121146,505.541248,503.588106
360,20000,24,0.788907,,0.788907,0.780183,0.787276,505.5668,496.6228,503.808166,503.093084,505.541248,503.528486
361,20000,24,0.788907,,0.788907,0.781796,0.787657,505.5668,498.5249,504.179862,503.093084,504.51501,503.480019
362,20000,24,0.789368,,0.789368,0.782473,0.787941,505.7834,498.734,504.467222,503.093084,504.51501,503.450972
363,20000,24,0.789368,,0.789368,0.783141,0.788104,505.7834,499.6871,504.652467,503.093084,504.73922,503.448039
364,20000,24,0.790851,,0.790851,0.783141,0.788384,506.2217,499.6871,504.900211,502.356629,504.257731,503.395417
365,20000,24,0.790851,,0.790851,0.783141,0.788596,506.2217,499.6871,505.092223,502.356629,504.257731,503.359331
366,20000,24,0.790851,,0.790851,0.787404,0.788802,506.2217,504.0576,505.252079,502.356629,503.595226,503.305674
367,20000,24,0.791541,,0.791541,0.787404,0.789043,506.6405,504.0576,505.421572,502.09935,503.667996,503.231307
368,20000,24,0.791541,,0.791541,0.787404,0.789281,506.6405,504.0576,505.588572,502.09935,503.595226,503.157529
369,20000,24,0.791541,,0.791541,0.788279,0.789436,506.6405,504.649,505.671093,502.09935,503.558525,503.091525
370,20000,24,0.791541,,0.791541,0.788279,0.78974,506.6405,504.649,505.859674,502.09935,503.558525,502.980938
371,20000,24,0.792138,,0.792138,0.788907,0.78998,506.9732,505.3646,505.993402,501.856834,503.434787,502.883474
372,20000,24,0.792138,,0.792138,0.788907,0.790175,506.9732,505.3646,506.084276,501.856834,503.434787,502.792321
373,20000,24,0.792138,,0.792138,0.788907,0.79033,506.9732,505.3646,506.163714,501.856834,503.434787,502.724223
374,20000,24,0.792138,,0.792138,0.788907,0.790439,506.9732,505.3646,506.219289,501.856834,503.434787,502.676882
375,20000,24,0.792138,,0.792138,0.788907,0.79051,506.9732,505.3646,506.251304,501.856834,503.434787,502.642907
376,20000,24,0.792138,,0.792138,0.788907,0.790669,506.9732,505.3646,506.316412,501.856834,503.434787,502.561991
377,20000,24,0.792138,,0.792138,0.788907,0.790785,506.9732,505.3646,506.37268,501.856834,503.434787,502.509261
378,20000,24,0.792138,,0.792138,0.788981,0.790883,506.9732,505.3646,506.420021,501.856834,503.240851,502.465125
379,20000,24,0.792427,,0.792427,0.788981,0.791006,507.3535,505.3646,506.468136,501.690575,503.240851,502.401371
380,20000,24,0.79301,,0.79301,0.789472,0.791099,507.3535,505.9033,506.511073,501.176168,503.21909,502.35751
381,20000,24,0.793269,,0.793269,0.789472,0.791259,508.0409,505.9033,506.590927,501.176168,503.21909,502.285765
382,20000,24,0.793269,,0.793269,0.789472,0.79139,508.0409,505.9033,506.663557,501.176168,503.21909,502.232376
383,20000,24,0.793269,,0.793269,0.789472,0.791564,508.0409,505.9033,506.754092,501.176168,503.21909,502.157693
384,20000,24,0.793269,,0.793269,0.789637,0.791702,508.0409,505.9033,506.831625,501.176168,503.106689,502.101796
385,20000,24,0.793269,,0.793269,0.789637,0.791865,508.0409,505.9033,506.920167,501.176168,503.106689,502.033789
386,20000,24,0.793269,,0.793269,0.789637,0.792059,508.0409,505.9033,507.045399,501.578174,503.106689,501.96669
387,20000,24,0.793459,,0.793459,0.789637,0.792217,508.3126,505.9033,507.149393,501.578174,503.106689,501.91319
388,20000,24,0.793459,,0.793459,0.790668,0.792422,508.3126,506.2217,507.283265,501.57783,502.687052,501.842977
389,20000,24,0.793459,,0.793459,0.790668,0.792551,508.3126,506.2217,507.366183,501.43209,502.687052,501.79795
390,20000,24,0.793459,,0.793459,0.790668,0.79269,508.3126,506.2217,507.457229,501.43209,502.683896,501.750758
391,20000,24,0.793676,,0.793676,0.790851,0.792791,508.3126,506.2217,507.515363,501.389105,502.356629,501.710386
392,20000,24,0.793676,,0.793676,0.792351,0.792907,508.3126,506.9732,507.602445,501.389105,502.116146,501.678882
393,20000,24,0.793812,,0.793812,0.792351,0.793008,508.512,506.9732,507.711764,501.389105,502.116146,501.672782
394,20000,24,0.794486,,0.794486,0.792516,0.793131,509.3803,506.9976,507.819868,501.389105,502.116146,501.64918
395,20000,24,0.794486,,0.794486,0.792516,0.793198,509.3803,506.9976,507.862303,501.389105,501.936854,501.625288
396,20000,24,0.794486,,0.794486,0.792516,0.793309,509.3803,506.9976,507.969415,501.389105,501.936854,501.610692
397,20000,24,0.794486,,0.794486,0.792516,0.793432,509.3803,506.9976,508.09602,501.384133,501.936854,501.599589
398,20000,24,0.794486,,0.794486,0.792516,0.793503,509.3803,506.9976,508.15619,501.327652,501.936854,501.585068
399,20000,24,0.794651,,0.794651,0.792575,0.79361,509.4047,507.3535,508.275707,501.327652,501.936854,501.581111
400,20000,24,0.794651,,0.794651,0.792575,0.793697,509.4047,507.3535,508.356197,501.327652,501.936854,501.567037
401,20000,24,0.794651,,0.794651,0.792575,0.793805,509.4047,507.3535,508.446355,501.276201,501.770629,501.543829
402,20000,24,0.794651,,0.794651,0.792575,0.793917,509.4047,507.3535,508.566211,501.276201,501.770629,501.536343
403,20000,24,0.794651,,0.794651,0.792575,0.794047,509.4047,507.3535,508.690955,501.271732,501.770629,501.518623
404,20000,24,0.794651,,0.794651,0.792912,0.794146,509.4047,507.6423,508.797685,501.271732,501.767633,501.513037
405,20000,24,0.794988,,0.794988,0.792912,0.79426,509.6935,507.6423,508.896746,501.078734,501.767633,501.490796
406,20000,24,0.79542,,0.79542,0.793574,0.794342,509.6935,508.4138,508.969021,500.941975,501.767633,501.474666
407,20000,24,0.79542,,0.79542,0.793602,0.794412,509.713,508.4138,509.000479,500.941975,501.684976,501.44119
408,20000,24,0.795461,,0.795461,0.793612,0.794516,509.7374,508.4138,509.064848,500.941975,501.676978,501.403081
409,20000,24,0.795967,,0.795967,0.793785,0.794599,510.0317,508.4138,509.134055,500.919738,501.638381,501.384846
410,20000,24,0.795967,,0.795967,0.793856,0.794701,510.0317,508.4138,509.212643,500.919738,501.638381,501.358009
411,20000,24,0.795967,,0.795967,0.793856,0.794797,510.0317,508.4138,509.297486,500.919738,501.638381,501.340452
412,20000,24,0.796139,,0.796139,0.794126,0.794913,510.2961,508.4138,509.395712,500.836719,501.638381,501.315605
413,20000,24,0.796139,,0.796139,0.794126,0.795026,510.2961,508.4138,509.461415,500.826417,501.638381,501.271159
414,20000,24,0.796451,,0.796451,0.794126,0.795149,510.3871,508.4138,509.547265,500.581167,501.638381,501.233031
415,20000,24,0.796451,,0.796451,0.794126,0.795288,510.3871,508.4138,509.637101,500.581167,501.638381,501.184805
416,20000,24,0.796624,,0.796624,0.794126,0.795445,510.6515,508.4138,509.710819,500.581167,501.52598,501.111327
417,20000,24,0.796887,,0.796887,0.794126,0.795594,510.9914,508.4138,509.82284,500.581167,501.52598,501.070802
418,20000,24,0.796887,,0.796887,0.794577,0.795772,510.9914,508.7783,509.938311,500.511586,501.456398,501.008856
419,20000,24,0.796887,,0.796887,0.794799,0.795871,510.9914,509.2378,510.004226,500.511586,501.456398,500.976149
420,20000,24,0.797224,,0.797224,0.795157,0.79598,510.9914,509.2378,510.072012,500.511586,501.363294,500.936608
421,20000,24,0.797224,,0.797224,0.795157,0.796079,510.9914,509.3614,510.151093,500.511586,501.363294,500.911991
422,20000,24,0.797224,,0.797224,0.795157,0.796166,510.9648,509.3614,510.201615,500.511586,501.363294,500.878419
423,20000,24,0.797224,,0.797224,0.795157,0.79629,511.172,509.3729,510.266688,500.511586,501.276224,500.825325
424,20000,24,0.797389,,0.797389,0.795157,0.796351,511.172,509.3729,510.304887,500.4521,501.276224,500.802885
425,20000,24,0.798811,,0.798811,0.793965,0.796493,512.4948,508.8421,510.372172,499.256553,501.758145,500.737429
426,20000,24,0.80067,,0.80067,0.795568,0.79666,512.6926,508.973,510.501233,499.034446,501.137862,500.693893
427,20000,24,0.80067,,0.80067,0.795609,0.796854,512.7668,508.973,510.631045,499.034446,501.137862,500.629127
428,20000,24,0.800835,,0.800835,0.795609,0.797077,513.0556,508.973,510.768132,498.922045,501.137862,500.54735
429,20000,24,0.802206,,0.802206,0.795905,0.797425,514.4214,508.973,510.960768,498.922045,501.137862,500.405198
430,20000,24,0.802206,,0.802206,0.795905,0.797688,514.4214,508.973,511.117948,498.852463,501.137862,500.30528
431,20000,24,0.802206,,0.802206,0.796186,0.797903,514.4214,508.973,511.256537,498.852463,501.137862,500.230612
432,20000,24,0.802206,,0.802206,0.796186,0.798107,514.4214,508.973,511.378446,498.852463,500.979266,500.152523
433,20000,24,0.802206,,0.802206,0.796186,0.798351,514.4214,509.6782,511.588803,498.852463,500.979266,500.103488
434,20000,24,0.802544,,0.802544,0.796277,0.798525,514.7102,509.7271,511.667071,498.852463,500.92416,500.020165
435,20000,24,0.802544,,0.802544,0.796956,0.798701,514.7102,509.7271,511.758577,498.736905,500.804726,499.944254
436,20000,24,0.802544,,0.802544,0.79712,0.798871,514.7102,509.7271,511.846974,498.736905,500.804726,499.870642
437,20000,24,0.802544,,0.802544,0.797218,0.799237,514.7102,509.7271,512.129018,498.736905,500.804726,499.774527
438,20000,24,0.802744,,0.802744,0.797218,0.799557,514.7102,509.7271,512.353647,498.736905,500.804726,499.675405
439,20000,24,0.803576,,0.803576,0.797218,0.799883,515.7846,509.7271,512.61017,498.736905,500.804726,499.593255
440,20000,24,0.803576,,0.803576,0.797268,0.800094,515.7846,509.7271,512.780297,498.659195,500.689168,499.542064
441,20000,24,0.803576,,0.803576,0.797377,0.800348,515.7846,509.7271,512.98396,498.659195,500.689168,499.480727
442,20000,24,0.803576,,0.803576,0.797537,0.800666,515.7846,509.7271,513.233728,498.659195,500.416743,499.399704
443,20000,24,0.803576,,0.803576,0.797537,0.800905,515.7846,510.0159,513.429895,498.659195,500.416743,499.344673
444,20000,24,0.803968,,0.803968,0.797648,0.80129,516.3945,511.0609,513.699659,498.659195,500.416743,499.225741
445,20000,24,0.804065,,0.804065,0.798217,0.801734,516.4189,511.7896,514.045354,498.659195,500.342484,499.110759
446,20000,24,0.804065,,0.804065,0.79924,0.802036,516.4189,512.0522,514.284836,498.447872,500.017216,499.035684
447,20000,24,0.80427,,0.80427,0.79924,0.802241,516.4189,512.0522,514.468712,498.333204,499.999779,498.99941
448,20000,24,0.80427,,0.80427,0.79924,0.802493,516.4189,512.0522,514.68118,498.333204,499.917917,498.945299
449,20000,24,0.80427,,0.80427,0.799587,0.802754,516.4189,512.3105,514.930514,498.333204,499.718935,498.908704
450,20000,24,0.804812,,0.804812,0.799587,0.803026,516.8946,512.3105,515.183694,498.22661,499.718935,498.865611
451,20000,24,0.804812,,0.804812,0.801413,0.803271,516.8946,513.1484,515.389175,498.145707,499.439496,498.812643
452,20000,24,0.804812,,0.804812,0.801413,0.80344,516.8946,513.1484,515.540376,498.145707,499.439496,498.78197
453,20000,24,0.804812,,0.804812,0.801667,0.80361,516.8946,513.5481,515.708915,498.145707,499.439496,498.762224
454,20000,24,0.804812,,0.804812,0.80187,0.803814,516.8946,513.7583,515.901686,498.157028,499.272826,498.732324
455,20000,24,0.804812,,0.804812,0.80187,0.803993,516.8946,513.7583,516.070781,498.157028,499.272826,498.70632
456,20000,24,0.805031,,0.805031,0.802035,0.804169,516.8946,513.7827,516.223366,498.157028,499.272826,498.670867
457,20000,24,0.805031,,0.805031,0.802351,0.804316,516.8946,514.6901,516.369673,498.241521,499.272826,498.654709
458,20000,24,0.805031,,0.805031,0.802351,0.804423,516.8946,514.6901,516.469581,498.241521,499.272826,498.637547
459,20000,24,0.805031,,0.805031,0.802635,0.804543,516.8946,514.6901,516.567185,498.148065,499.137888,498.610022
460,20000,24,0.805463,,0.805463,0.803667,0.804636,517.43,515.6596,516.648449,498.148065,498.883133,498.591808
461,20000,24,0.805463,,0.805463,0.803667,0.804695,517.43,515.7757,516.715083,498.148065,498.883133,498.590271
462,20000,24,0.805587,,0.805587,0.803968,0.80475,517.43,515.8363,516.761553,498.148065,498.942775,498.578902
463,20000,24,0.805587,,0.805587,0.804065,0.804807,517.43,515.8363,516.803257,498.148065,498.883133,498.562373
464,20000,24,0.805587,,0.805587,0.804065,0.804855,517.43,515.8363,516.826008,498.148065,498.883133,498.539604
465,20000,24,0.805865,,0.805865,0.804133,0.80493,517.43,516.2603,516.882839,498.078495,498.830374,498.519462
466,20000,24,0.805865,,0.805865,0.80416,0.80501,517.43,516.2603,516.928691,498.078495,498.808815,498.487548
467,20000,24,0.805865,,0.805865,0.804675,0.805096,517.43,516.5853,516.993661,498.078495,498.71001,498.464505
468,20000,24,0.805865,,0.805865,0.804812,0.805157,517.43,516.5853,517.026942,498.078495,498.619168,498.438839
469,20000,24,0.805865,,0.805865,0.804812,0.805217,517.43,516.5853,517.054158,498.078495,498.619168,498.410394
470,20000,24,0.805865,,0.805865,0.804812,0.80526,517.43,516.5853,517.071041,498.078495,498.619168,498.388152
471,20000,24,0.805865,,0.805865,0.804812,0.80531,517.43,516.5853,517.07933,498.078495,498.619168,498.35489
472,20000,24,0.805865,,0.805865,0.804812,0.805407,517.43,516.6409,517.126698,498.078495,498.619168,498.310748
473,20000,24,0.805865,,0.805865,0.804812,0.805457,517.43,516.6409,517.138145,498.078495,498.619168,498.279627
474,20000,24,0.806242,,0.806242,0.804812,0.805532,517.43,516.6409,517.168121,497.78457,498.619168,498.240642
475,20000,24,0.806242,,0.806242,0.80484,0.805601,517.43,516.6409,517.187044,497.78457,498.597609,498.199973
476,20000,24,0.806242,,0.806242,0.80484,0.805661,517.43,516.6409,517.209878,497.78457,498.597609,498.168665
477,20000,24,0.806242,,0.806242,0.80484,0.805727,517.43,516.6409,517.225289,497.78457,498.597609,498.127115
478,20000,24,0.806242,,0.806242,0.80484,0.805769,517.43,516.6409,517.23599,497.78457,498.597609,498.10125
479,20000,24,0.806242,,0.806242,0.80484,0.805838,517.43,516.6409,517.269707,497.78457,498.597609,498.070669
480,20000,24,0.80627,,0.80627,0.80484,0.805891,517.43,516.6409,517.291048,497.78457,498.597609,498.043725
481,20000,24,0.80627,,0.80627,0.805217,0.805973,517.43,516.8946,517.309829,497.78457,498.303684,497.991868
482,20000,24,0.80627,,0.80627,0.805217,0.806015,517.7202,516.8946,517.320622,497.78457,498.303684,497.966445
483,20000,24,0.80627,,0.80627,0.805546,0.806059,517.7202,517.1763,517.341642,497.78457,498.261615,497.946278
484,20000,24,0.80627,,0.80627,0.805865,0.806099,517.7202,517.3134,517.358634,497.78457,498.261615,497.926709
485,20000,24,0.80627,,0.80627,0.805865,0.806133,517.7202,517.3134,517.369021,497.78457,498.261615,497.906644
486,20000,24,0.80627,,0.80627,0.805865,0.806155,517.7202,517.3134,517.380493,497.78457,498.261615,497.897564
487,20000,24,0.806453,,0.806453,0.805865,0.806183,517.7202,517.3134,517.393782,497.730515,498.261615,497.884685
488,20000,24,0.806472,,0.806472,0.805865,0.806206,517.7202,517.3134,517.398446,497.730515,498.266085,497.869244
489,20000,24,0.806472,,0.806472,0.805899,0.806232,517.7202,517.3134,517.410569,497.672311,498.266085,497.857756
490,20000,24,0.806472,,0.806472,0.805899,0.806257,517.8368,517.3134,517.414148,497.647484,498.317591,497.840559
491,20000,24,0.806472,,0.806472,0.80598,0.806281,517.7202,517.3134,517.424454,497.647484,498.261615,497.828666
492,20000,24,0.806472,,0.806472,0.806242,0.806305,517.7202,517.3134,517.453257,497.647484,497.97216,497.829072
493,20000,24,0.806581,,0.806581,0.806242,0.806314,518.0023,517.3134,517.472758,497.647484,497.982079,497.835152
494,20000,24,0.806581,,0.806581,0.806242,0.806328,518.0023,517.3134,517.485859,497.647484,497.982079,497.833285
495,20000,24,0.806581,,0.806581,0.806242,0.806344,518.0023,517.3134,517.501104,497.647484,498.025455,497.830514
496,20000,24,0.806581,,0.806581,0.806242,0.806365,518.0023,517.3134,517.520906,497.647484,497.982079,497.827951
497,20000,24,0.806581,,0.806581,0.80627,0.806383,518.0023,517.3134,517.535882,497.647484,497.982079,497.823945
498,20000,24,0.806581,,0.806581,0.80627,0.806402,518.0023,517.3134,517.554356,497.647484,498.028136,497.8213
499,20000,24,0.806581,,0.806581,0.80627,0.806414,518.0023,517.3134,517.569552,497.647484,498.028136,497.822308
500,20000,24,0.806581,,0.806581,0.80627,0.806434,518.0023,517.3134,517.589322,497.647484,498.028136,497.820014
501,20000,24,0.806581,,0.806581,0.80627,0.806444,518.0023,517.3134,517.603589,497.647484,498.028136,497.821627
502,20000,24,0.806581,,0.806581,0.80627,0.806459,518.0023,517.3134,517.616583,497.647484,498.028136,497.818341
503,20000,24,0.806581,,0.806581,0.80627,0.806466,518.0023,517.3134,517.630769,497.647484,498.028136,497.822841
504,20000,24,0.806581,,0.806581,0.80627,0.806475,518.0023,517.3134,517.637878,497.647484,498.028136,497.819898
505,20000,24,0.806581,,0.806581,0.80627,0.806485,518.0023,517.3134,517.666519,497.647484,498.028136,497.831503
506,20000,24,0.806581,,0.806581,0.806357,0.806495,518.0023,517.3134,517.687105,497.647484,498.028136,497.837867
507,20000,24,0.806581,,0.806581,0.806357,0.806506,518.0023,517.3134,517.713495,497.647484,497.982079,497.846668
508,20000,24,0.806664,,0.806664,0.806357,0.806516,518.0023,517.3134,517.742582,497.647484,497.982079,497.858247
509,20000,24,0.806664,,0.806664,0.806418,0.806524,518.0023,517.3134,517.761959,497.647484,497.982079,497.865011
510,20000,24,0.808673,,0.808673,0.80601,0.806592,519.8777,516.7322,517.791234,496.782478,497.982079,497.8317
511,20000,24,0.808673,,0.808673,0.806418,0.806682,519.8777,517.3134,517.878648,496.782478,498.021949,497.820039
512,20000,24,0.808673,,0.808673,0.806418,0.806766,519.8777,517.3134,517.945521,496.782478,498.151163,497.79923
513,20000,24,0.808673,,0.808673,0.806453,0.806951,519.8777,517.4789,518.056555,496.670077,498.151163,497.729598
514,20000,24,0.809048,,0.809048,0.806453,0.807082,520.407,517.4789,518.173627,496.670077,498.151163,497.705801
515,20000,24,0.809048,,0.809048,0.806453,0.80723,520.407,517.4789,518.276029,496.600495,498.151163,497.659141
516,20000,24,0.809063,,0.809063,0.806453,0.80736,520.407,517.4789,518.384776,496.600495,498.151163,497.630319
517,20000,24,0.809063,,0.809063,0.806453,0.807538,520.407,517.4789,518.542883,496.600495,498.151163,497.597487
518,20000,24,0.810947,,0.810947,0.806472,0.80775,521.4177,517.5955,518.751295,496.600495,498.122588,497.571701
519,20000,24,0.810947,,0.810947,0.806472,0.807895,521.4177,517.5955,518.924797,496.600495,498.217258,497.575069
520,20000,24,0.810947,,0.810947,0.806581,0.808063,521.4177,517.7486,519.106501,496.600495,498.217258,497.565914
521,20000,24,0.810947,,0.810947,0.806581,0.808253,521.4177,517.7486,519.301793,496.600495,498.217258,497.548067
522,20000,24,0.810947,,0.810947,0.806664,0.808381,521.4177,517.7486,519.397858,496.600495,498.122588,497.513086
523,20000,24,0.810947,,0.810947,0.806664,0.808576,521.4177,517.7486,519.596888,496.865069,498.105,497.494237
524,20000,24,0.810947,,0.810947,0.806664,0.808768,521.4177,517.7486,519.733141,496.865069,498.030241,497.435547
525,20000,24,0.810947,,0.810947,0.806664,0.808861,521.4177,517.7486,519.818304,496.865069,498.030241,497.419958
526,20000,24,0.810947,,0.810947,0.806664,0.808981,521.4177,517.7486,519.90812,496.865069,498.030241,497.387119
527,20000,24,0.810947,,0.810947,0.806664,0.809106,521.4177,517.7486,520.000285,496.865069,498.030241,497.350815
528,20000,24,0.810947,,0.810947,0.807393,0.809259,521.4177,518.8111,520.134765,496.865069,498.030241,497.321692
529,20000,24,0.810952,,0.810952,0.807432,0.809429,521.4177,519.0648,520.260539,496.860913,498.030241,497.273286
530,20000,24,0.810952,,0.810952,0.807432,0.809633,521.4177,519.0648,520.39281,496.860913,498.030241,497.203317
531,20000,24,0.810952,,0.810952,0.807453,0.809797,521.4177,519.0648,520.509272,496.860913,498.070111,497.152835
532,20000,24,0.810952,,0.810952,0.808001,0.809944,521.4177,519.385,520.591125,496.860913,497.955398,497.093724
533,20000,24,0.810952,,0.810952,0.808001,0.810068,521.4177,519.385,520.657418,496.860913,497.955398,497.040959
534,20000,24,0.810952,,0.810952,0.808904,0.810172,521.4177,519.385,520.734401,496.860913,497.448046,497.011799
535,20000,24,0.810952,,0.810952,0.809028,0.810271,521.4177,519.4499,520.82106,496.860913,497.448046,496.992195
536,20000,24,0.810952,,0.810952,0.809028,0.810324,521.4177,519.4499,520.875758,496.860913,497.483547,496.987397
537,20000,24,0.810952,,0.810952,0.809028,0.810361,521.4177,519.4499,520.92407,496.860913,497.483547,496.991546
538,20000,24,0.810952,,0.810952,0.809028,0.810394,521.4177,519.4499,520.952807,496.860913,497.636789,496.984467
539,20000,24,0.810952,,0.810952,0.809028,0.810439,521.4177,519.4499,520.999067,496.860913,497.543536,496.98047
540,20000,24,0.810952,,0.810952,0.809361,0.810491,521.4177,520.1585,521.055304,496.860913,497.483547,496.977412
541,20000,24,0.810952,,0.810952,0.80949,0.810533,521.4177,520.1585,521.074322,496.860913,497.448046,496.95808
542,20000,24,0.810952,,0.810952,0.80949,0.810579,521.4177,520.1585,521.122683,496.860913,497.448046,496.954128
543,20000,24,0.810952,,0.810952,0.809521,0.810632,521.4177,520.407,521.169489,496.860913,497.484077,496.944269
544,20000,24,0.810952,,0.810952,0.809521,0.810675,521.4177,520.407,521.201154,496.860913,497.448046,496.932393
545,20000,24,0.810952,,0.810952,0.809521,0.810734,521.4177,520.407,521.248098,496.860913,497.448046,496.91751
546,20000,24,0.810952,,0.810952,0.809521,0.810772,521.4177,520.407,521.273574,496.860913,497.448046,496.904491
547,20000,24,0.810952,,0.810952,0.809898,0.810829,521.4177,520.6277,521.314889,496.860913,497.154121,496.88795
548,20000,24,0.810952,,0.810952,0.810377,0.810852,521.4177,520.92,521.33495,496.860913,497.087552,496.883736
549,20000,24,0.810952,,0.810952,0.810377,0.810867,521.4177,520.92,521.352477,496.860913,497.11043,496.883794
550,20000,24,0.810952,,0.810952,0.810377,0.810889,521.4177,520.92,521.36611,496.860913,497.033963,496.875443
551,20000,24,0.810952,,0.810952,0.810496,0.810911,521.4177,520.9849,521.389134,496.860913,497.033963,496.873908
552,20000,24,0.810952,,0.810952,0.810496,0.810921,521.4177,520.9849,521.396232,496.860913,497.033963,496.87094
553,20000,24,0.811446,,0.811446,0.810496,0.810941,521.4177,520.9849,521.407009,496.475653,497.033963,496.862558
554,20000,24,0.811446,,0.811446,0.810548,0.810951,521.4177,521.2056,521.411337,496.475653,497.033963,496.857351
555,20000,24,0.811446,,0.811446,0.810947,0.810965,521.4177,521.4177,521.4177,496.475653,496.865069,496.851063
556,20000,24,0.811446,,0.811446,0.810947,0.810982,521.4177,521.4177,521.4177,496.475653,496.865069,496.837756
557,20000,24,0.811446,,0.811446,0.810947,0.810994,521.4177,521.4177,521.4177,496.475653,496.865069,496.828141
558,20000,24,0.811451,,0.811451,0.810947,0.81101,521.4177,521.4177,521.4177,496.471498,496.865069,496.815634
559,20000,24,0.811451,,0.811451,0.810947,0.811037,521.4177,521.4177,521.4177,496.471498,496.865069,496.795112
560,20000,24,0.811451,,0.811451,0.810952,0.811056,521.4177,521.4177,521.4177,496.471498,496.860913,496.780285
561,20000,24,0.811451,,0.811451,0.810952,0.811069,521.4177,521.4177,521.4177,496.471498,496.860913,496.769833
562,20000,24,0.811451,,0.811451,0.810952,0.811086,521.4177,521.4177,521.4177,496.471498,496.860913,496.756689
563,20000,24,0.811451,,0.811451,0.810952,0.81111,521.4177,521.4177,521.4177,496.471498,496.860913,496.738004
564,20000,24,0.811451,,0.811451,0.810952,0.811129,521.4177,521.4177,521.4177,496.471498,496.860913,496.723016
565,20000,24,0.811451,,0.811451,0.810952,0.811161,521.4177,521.4177,521.4177,496.471498,496.860913,496.698002
566,20000,24,0.811451,,0.811451,0.810952,0.811185,521.4177,521.4177,521.4177,496.471498,496.860913,496.679228
567,20000,24,0.811514,,0.811514,0.810952,0.811229,521.4177,521.4177,521.4177,496.422894,496.860913,496.645013
568,20000,24,0.811514,,0.811514,0.810952,0.811272,521.4177,521.4177,521.4177,496.422894,496.860913,496.611434
569,20000,24,0.811635,,0.811635,0.810952,0.811305,521.4177,521.4177,521.4177,496.327991,496.860913,496.585431
570,20000,24,0.811635,,0.811635,0.810952,0.811324,521.4177,521.4177,521.4177,496.327991,496.860913,496.570804
571,20000,24,0.811635,,0.811635,0.811074,0.811345,521.4177,521.4177,521.4177,496.327991,496.76601,496.554461
572,20000,24,0.811635,,0.811635,0.811074,0.811366,521.4177,521.4177,521.4177,496.327991,496.76601,496.538191
573,20000,24,0.811641,,0.811641,0.811074,0.811393,521.4177,521.4177,521.4177,496.323836,496.76601,496.516912
574,20000,24,0.811641,,0.811641,0.811074,0.811426,521.4177,521.4177,521.4177,496.323836,496.76601,496.491502
575,20000,24,0.811792,,0.811792,0.811074,0.81146,521.9531,521.4177,521.423054,496.323836,496.76601,496.468432
576,20000,24,0.811792,,0.811792,0.811141,0.811479,521.9531,521.4177,521.428408,496.248572,496.713251,496.457149
577,20000,24,0.811835,,0.811835,0.811141,0.811501,521.9531,521.4177,521.435219,496.248572,496.713251,496.444811
578,20000,24,0.812291,,0.812291,0.811141,0.811538,521.9531,521.4177,521.44203,496.175177,496.713251,496.420286
579,20000,24,0.812291,,0.812291,0.811141,0.811567,521.9531,521.4177,521.444944,496.175177,496.713251,496.399695
580,20000,24,0.812291,,0.812291,0.811141,0.811601,521.9531,521.4177,521.447858,496.175177,496.713251,496.375132
581,20000,24,0.812291,,0.812291,0.811141,0.81164,521.9531,521.4177,521.460023,496.175177,496.713251,496.352676
582,20000,24,0.812291,,0.812291,0.811141,0.811691,521.9531,521.4177,521.482896,496.175177,496.713251,496.328564
583,20000,24,0.812291,,0.812291,0.811451,0.81174,521.9531,521.4177,521.505295,496.175177,496.471498,496.304804
584,20000,24,0.812291,,0.812291,0.811451,0.811779,521.9531,521.4177,521.525254,496.175177,496.471498,496.288072
585,20000,24,0.812291,,0.812291,0.811451,0.811823,521.9531,521.4177,521.555921,496.175177,496.471498,496.274036
586,20000,24,0.812291,,0.812291,0.811451,0.811865,521.9531,521.4177,521.578794,496.175177,496.471498,496.256532
587,20000,24,0.812291,,0.812291,0.811451,0.811907,521.9531,521.4177,521.609461,496.175177,496.471498,496.244831
588,20000,24,0.812301,,0.812301,0.811519,0.811936,521.9531,521.4177,521.624066,496.167293,496.418739,496.232112
589,20000,24,0.812301,,0.812301,0.811519,0.811979,521.9531,521.4177,521.663984,496.167293,496.418739,496.224746
590,20000,24,0.812301,,0.812301,0.811573,0.81201,521.9531,521.4177,521.690754,496.167293,496.376594,496.21874
591,20000,24,0.812301,,0.812301,0.811641,0.812043,521.9531,521.4177,521.717524,496.167293,496.323836,496.211171
592,20000,24,0.812301,,0.812301,0.811737,0.812063,521.9531,521.4177,521.733586,496.167293,496.248572,496.206314
593,20000,24,0.812301,,0.812301,0.811737,0.812091,521.9531,521.4177,521.760356,496.167293,496.248572,496.201898
594,20000,24,0.812301,,0.812301,0.811737,0.81212,521.9531,521.4177,521.787126,496.167293,496.248572,496.197481
595,20000,24,0.813961,,0.813961,0.81141,0.812163,522.927,521.4177,521.841788,495.460901,496.645129,496.200296
596,20000,24,0.813961,,0.813961,0.811737,0.812228,523.4624,521.4177,521.89835,495.460901,496.509966,496.187733
597,20000,24,0.813961,,0.813961,0.811737,0.812277,523.4624,521.4177,521.943626,495.460901,496.509966,496.179985
598,20000,24,0.813961,,0.813961,0.811737,0.812319,523.4624,521.3625,521.974976,495.460901,496.360954,496.167927
599,20000,24,0.813961,,0.813961,0.811737,0.812417,523.4624,521.3625,522.063283,495.460901,496.360954,496.151166
600,20000,24,0.814231,,0.814231,0.811737,0.812526,523.4624,521.4177,522.167622,495.460901,496.360954,496.13578
601,20000,24,0.814231,,0.814231,0.811737,0.812613,523.4624,521.4177,522.256444,495.460901,496.360954,496.127129
602,20000,24,0.814231,,0.814231,0.811737,0.812756,523.4624,521.4177,522.4123,495.570349,496.360954,496.120644
603,20000,24,0.814231,,0.814231,0.811737,0.812889,523.4624,521.4177,522.535429,495.570349,496.360954,496.099021
604,20000,24,0.814231,,0.814231,0.812291,0.813011,523.4624,521.84,522.656852,495.539906,496.360954,496.085206
605,20000,24,0.814231,,0.814231,0.812291,0.813111,523.6279,521.9531,522.743759,495.570349,496.360954,496.065471
606,20000,24,0.814231,,0.814231,0.812291,0.813249,523.6279,521.9531,522.857444,495.570349,496.360954,496.033913
607,20000,24,0.814231,,0.814231,0.812291,0.813332,523.6279,521.9531,522.897124,495.570349,496.314898,495.996384
608,20000,24,0.814291,,0.814291,0.812291,0.813465,523.6279,521.9531,522.985411,495.550741,496.175291,495.951618
609,20000,24,0.814291,,0.814291,0.812291,0.813545,523.6279,521.9531,523.03871,495.550741,496.175291,495.925057
610,20000,24,0.814328,,0.814328,0.812291,0.813624,523.6279,521.9531,523.0922,495.495086,496.175291,495.898633
611,20000,24,0.814328,,0.814328,0.812291,0.813767,523.6279,521.9531,523.175023,495.495086,496.175291,495.843305
612,20000,24,0.814432,,0.814432,0.812291,0.813837,523.4739,521.9531,523.195551,495.495086,496.175291,495.80228
613,20000,24,0.814432,,0.814432,0.812301,0.813898,523.4739,521.9531,523.221756,495.495086,496.167293,495.772375
614,20000,24,0.814432,,0.814432,0.812301,0.813951,523.4739,521.9531,523.212119,495.495086,496.167293,495.724447
615,20000,24,0.814432,,0.814432,0.812301,0.814046,523.4739,521.9531,523.244356,495.495086,496.167293,495.671821
616,20000,24,0.814432,,0.814432,0.812301,0.814109,523.4739,521.9531,523.272215,495.495086,496.167293,495.641478
617,20000,24,0.814432,,0.814432,0.812301,0.81416,523.4739,521.9531,523.297468,495.495086,496.167293,495.618775
618,20000,24,0.814432,,0.814432,0.813616,0.814222,523.4739,523.3084,523.343092,495.495086,496.15296,495.600392
619,20000,24,0.814432,,0.814432,0.813616,0.814243,523.4739,523.3084,523.346517,495.495086,496.15296,495.586485
620,20000,24,0.814432,,0.814432,0.813627,0.814255,523.4739,523.3084,523.348191,495.495086,496.144962,495.578341
621,20000,24,0.814432,,0.814432,0.813627,0.814275,523.4739,523.1384,523.350344,495.421512,496.144962,495.564345
622,20000,24,0.814432,,0.814432,0.813627,0.814306,523.4739,523.3084,523.35529,495.495086,496.144962,495.543477
623,20000,24,0.814432,,0.814432,0.814195,0.814325,523.4739,523.3084,523.353456,495.495086,495.626004,495.526965
624,20000,24,0.814432,,0.814432,0.814195,0.814335,523.4739,523.3084,523.35844,495.495086,495.626004,495.522896
625,20000,24,0.814432,,0.814432,0.814231,0.814342,523.4739,523.3084,523.362587,495.495086,495.570349,495.520402
626,20000,24,0.814432,,0.814432,0.814231,0.814345,523.4739,523.3084,523.366306,495.495086,495.570349,495.520037
627,20000,24,0.814432,,0.814432,0.814231,0.814354,523.4739,523.3084,523.374581,495.495086,495.570349,495.518487
628,20000,24,0.814432,,0.814432,0.814231,0.81436,523.4739,523.3084,523.378728,495.495086,495.570349,495.516745
629,20000,24,0.814432,,0.814432,0.814231,0.814369,523.4739,523.3084,523.386594,495.495086,495.570349,495.51539
630,20000,24,0.814443,,0.814443,0.814231,0.814377,523.4739,523.3084,523.394869,495.495086,495.570349,495.514513
631,20000,24,0.814443,,0.814443,0.814231,0.814384,523.4739,523.3084,523.402735,495.495086,495.570349,495.514584
632,20000,24,0.814443,,0.814443,0.814231,0.814392,523.4739,523.3084,523.41432,495.495086,495.570349,495.515876
633,20000,24,0.814443,,0.814443,0.814231,0.814399,523.4739,523.3084,523.422595,495.495086,495.570349,495.515671
634,20000,24,0.814443,,0.814443,0.814328,0.814409,523.4739,523.3084,523.435835,495.495086,495.524292,495.516855
635,20000,24,0.814703,,0.814703,0.814328,0.814413,523.4739,523.2202,523.434953,495.143172,495.524292,495.512856
636,20000,24,0.814703,,0.814703,0.814328,0.814418,523.4739,523.2202,523.441573,495.143172,495.524292,495.513624
637,20000,24,0.814703,,0.814703,0.814328,0.814422,523.4739,523.2202,523.446538,495.143172,495.524292,495.514101
638,20000,24,0.814703,,0.814703,0.814328,0.814433,523.4739,523.2202,523.442237,495.143172,495.524292,495.502851
639,20000,24,0.814703,,0.814703,0.814328,0.814441,523.4739,523.2202,523.447975,495.143172,495.524292,495.50026
640,20000,24,0.814703,,0.814703,0.814328,0.814447,523.4739,523.2202,523.442901,495.143172,495.524292,495.492398
641,20000,24,0.814703,,0.814703,0.814328,0.814454,523.4739,523.2202,523.441137,495.143172,495.524292,495.48504
642,20000,24,0.814703,,0.814703,0.814328,0.814468,523.4739,523.2202,523.434299,495.143172,495.524292,495.469979
643,20000,24,0.814703,,0.814703,0.814328,0.814476,523.4739,523.2202,523.432535,495.143172,495.524292,495.462781
644,20000,24,0.814713,,0.814713,0.814328,0.814485,523.4739,523.2202,523.426579,495.135174,495.524292,495.45108
645,20000,24,0.814713,,0.814713,0.814432,0.814493,523.4739,523.2202,523.42316,495.135174,495.524292,495.443269
646,20000,24,0.814713,,0.814713,0.814432,0.814503,523.4739,523.2202,523.413012,495.135174,495.524292,495.428024
647,20000,24,0.814713,,0.814713,0.814432,0.81452,523.4739,523.2202,523.39779,495.135174,495.524292,495.404997
648,20000,24,0.814713,,0.814713,0.814432,0.814531,523.4739,523.2202,523.387642,495.135174,495.524292,495.389433
649,20000,24,0.814713,,0.814713,0.814432,0.814542,523.4739,523.2202,523.377494,495.135174,495.524292,495.373788
650,20000,24,0.814713,,0.814713,0.814432,0.814559,523.4739,523.2202,523.362272,495.135174,495.524292,495.350601
651,20000,24,0.814713,,0.814713,0.814432,0.814578,523.4739,523.2202,523.344513,495.135174,495.524292,495.323807
652,20000,24,0.814713,,0.814713,0.814443,0.814598,523.4739,523.2202,523.326754,495.135174,495.516294,495.296728
653,20000,24,0.814713,,0.814713,0.814443,0.81462,523.4739,523.2202,523.306458,495.135174,495.516294,495.265875
654,20000,24,0.814713,,0.814713,0.814443,0.814642,523.4739,523.2202,523.286162,495.135174,495.516294,495.235145
655,20000,24,0.814713,,0.814713,0.814443,0.814666,523.4739,523.2202,523.263329,495.135174,495.516294,495.200684
656,20000,24,0.814713,,0.814713,0.814443,0.814675,523.4739,523.2202,523.255718,495.135174,495.516294,495.189091
657,20000,24,0.814713,,0.814713,0.814443,0.814688,523.4739,523.2202,523.243033,495.135174,495.516294,495.169875
658,20000,24,0.814713,,0.814713,0.814443,0.814702,523.4739,523.2202,523.230348,495.135174,495.516294,495.150499
659,20000,24,0.814713,,0.814713,0.814443,0.81471,523.4739,523.2202,523.222737,495.135174,495.516294,495.138985
660,20000,24,0.814713,,0.814713,0.814713,0.814713,523.2202,523.2202,523.2202,495.135174,495.135174,495.135174
661,20000,24,0.814713,,0.814713,0.814713,0.814713,523.2202,523.2202,523.2202,495.135174,495.135174,495.135174
662,20000,24,0.814713,,0.814713,0.814713,0.814713,523.2202,523.2202,523.2202,495.135174,495.135174,495.135174
663,20000,24,0.814713,,0.814713,0.814713,0.814713,523.2202,523.2202,523.2202,495.135174,495.135174,495.135174
664,20000,24,0.814713,,0.814713,0.814713,0.814713,523.2202,523.2202,523.2202,495.135174,495.135174,495.135174
665,20000,24,0.814713,,0.814713,0.814713,0.814713,523.2202,523.2202,523.2202,495.135174,495.135174,495.135174
666,20000,24,0.814713,,0.814713,0.814713,0.814713,523.2202,523.2202,523.2202,495.135174,495.135174,495.135174
667,20000,24,0.814713,,0.814713,0.814713,0.814713,523.2202,523.2202,523.2202,495.135174,495.135174,495.135174
668,20000,24,0.814713,,0.814713,0.814713,0.814713,523.2202,523.2202,523.2202,495.135174,495.135174,495.135174
669,20000,24,0.814713,,0.814713,0.814713,0.814713,523.2202,523.2202,523.2202,495.135174,495.135174,495.135174
670,20000,24,0.814713,,0.814713,0.814713,0.814713,523.2202,523.2202,523.2202,495.135174,495.135174,495.135174
671,20000,24,0.814713,,0.814713,0.814713,0.814713,523.2202,523.2202,523.2202,495.135174,495.135174,495.135174
672,20000,24,0.814713,,0.814713,0.814713,0.814713,523.2202,523.2202,523.2202,495.135174,495.135174,495.135174
673,20000,24,0.814713,,0.814713,0.814713,0.814713,523.2202,523.2202,523.2202,495.135174,495.135174,495.135174
674,20000,24,0.814713,,0.814713,0.814713,0.814713,523.2202,523.2202,523.2202,495.135174,495.135174,495.135174
675,20000,24,0.814713,,0.814713,0.814713,0.814713,523.2202,523.2202,523.2202,495.135174,495.135174,495.135174
676,20000,24,0.814713,,0.814713,0.814713,0.814713,523.2202,523.2202,523.2202,495.135174,495.135174,495.135174
677,20000,24,0.814713,,0.814713,0.814713,0.814713,523.2202,523.2202,523.2202,495.135174,495.135174,495.135174
678,20000,24,0.814713,,0.814713,0.814713,0.814713,523.2202,523.2202,523.2202,495.135174,495.135174,495.135174
679,20000,24,0.814713,,0.814713,0.814713,0.814713,523.2202,523.2202,523.2202,495.135174,495.135174,495.135174
680,20000,24,0.81754,,0.81754,0.814539,0.814825,525.8077,523.1421,523.339884,494.656916,495.242679,495.127876
681,20000,24,0.81754,,0.81754,0.814713,0.814994,525.9258,523.2202,523.514547,494.656916,495.532995,495.113213
682,20000,24,0.81754,,0.81754,0.814713,0.815145,525.9258,523.2202,523.675611,494.656916,495.748281,495.103296
683,20000,24,0.81754,,0.81754,0.814713,0.815269,525.9258,523.0907,523.801062,494.656916,495.681539,495.090716
684,20000,24,0.817659,,0.817659,0.814713,0.815436,526.337,523.2202,524.000974,494.634591,495.681539,495.094212
685,20000,24,0.817659,,0.817659,0.814713,0.815578,526.337,523.2202,524.1497,494.634591,495.681539,495.083628
686,20000,24,0.817659,,0.817659,0.814713,0.815718,526.337,523.2202,524.291719,494.634591,495.770392,495.069493
687,20000,24,0.817659,,0.817659,0.814713,0.815941,526.337,523.1105,524.505953,494.634591,495.770392,495.039174
688,20000,24,0.817659,,0.817659,0.814713,0.81609,526.337,523.1105,524.673898,494.634591,495.770392,495.035357
689,20000,24,0.817659,,0.817659,0.814713,0.816201,526.337,523.1105,524.777203,494.634591,495.770392,495.018052
690,20000,24,0.817659,,0.817659,0.814713,0.816391,526.337,523.2202,524.953327,494.634591,495.770392,494.9882
691,20000,24,0.817659,,0.817659,0.814713,0.816634,526.337,523.2202,525.188971,494.596097,495.770392,494.956441
692,20000,24,0.818726,,0.818726,0.814713,0.81679,526.6818,523.2202,525.334642,494.32473,495.770392,494.932074
693,20000,24,0.818726,,0.818726,0.814713,0.81692,526.6818,523.2202,525.454871,494.291434,495.681539,494.911539
694,20000,24,0.818726,,0.818726,0.814713,0.817182,526.6818,523.2202,525.669567,494.291434,495.681539,494.850579
695,20000,24,0.819026,,0.819026,0.814713,0.817369,526.7706,523.2202,525.791578,494.150471,495.643406,494.787086
696,20000,24,0.819026,,0.819026,0.814713,0.817548,526.7706,523.2202,525.907171,494.150471,495.548503,494.724825
697,20000,24,0.819026,,0.819026,0.816317,0.817718,526.7706,524.8206,526.015039,494.150471,495.158845,494.664086
698,20000,24,0.819026,,0.819026,0.816317,0.817865,526.7706,524.8206,526.086534,494.150471,495.107037,494.597197
699,20000,24,0.819026,,0.819026,0.816599,0.817989,526.7706,524.8206,526.160245,494.150471,495.007109,494.550304
700,20000,24,0.819026,,0.819026,0.816599,0.818108,526.7706,524.8206,526.236284,494.150471,495.007109,494.508052
701,20000,24,0.819026,,0.819026,0.816599,0.818203,526.7706,524.8206,526.30344,494.150471,494.979504,494.479131
702,20000,24,0.819026,,0.819026,0.817052,0.818365,526.7706,525.1559,526.393693,494.150471,494.979504,494.413621
703,20000,24,0.819026,,0.819026,0.817052,0.8185,526.7706,525.1559,526.467623,494.150471,494.979504,494.35795
704,20000,24,0.819026,,0.819026,0.817052,0.818657,526.7706,525.5565,526.560938,494.150471,494.979504,494.297286
705,20000,24,0.819026,,0.819026,0.817052,0.818748,526.7706,525.7097,526.608269,494.150471,494.979504,494.258372
706,20000,24,0.819026,,0.819026,0.81797,0.818851,526.7706,526.0724,526.662723,494.150471,494.505782,494.214351
707,20000,24,0.819026,,0.819026,0.81797,0.818943,526.7706,526.0724,526.7186,494.150471,494.505782,494.180419
708,20000,24,0.819026,,0.819026,0.81797,0.81897,526.7706,526.0724,526.737084,494.150471,494.505782,494.171236
709,20000,24,0.819026,,0.819026,0.81797,0.818985,526.7706,526.0724,526.747415,494.150471,494.505782,494.166715
710,20000,24,0.819026,,0.819026,0.81816,0.819008,526.7706,526.2611,526.762841,494.150471,494.484362,494.159038
711,20000,24,0.819026,,0.819026,0.81816,0.819011,526.7706,526.2611,526.763729,494.150471,494.484362,494.157295
712,20000,24,0.819026,,0.819026,0.819026,0.819026,526.7706,526.7706,526.7706,494.150471,494.150471,494.150471
713,20000,24,0.819026,,0.819026,0.819026,0.819026,526.7706,526.7706,526.7706,494.150471,494.150471,494.150471
714,20000,24,0.819026,,0.819026,0.819026,0.819026,526.7706,526.7706,526.7706,494.150471,494.150471,494.150471
715,20000,24,0.819026,,0.819026,0.819026,0.819026,526.7706,526.7706,526.7706,494.150471,494.150471,494.150471
716,20000,24,0.819026,,0.819026,0.819026,0.819026,526.7706,526.7706,526.7706,494.150471,494.150471,494.150471
717,20000,24,0.819026,,0.819026,0.819026,0.819026,526.7706,526.7706,526.7706,494.150471,494.150471,494.150471
718,20000,24,0.819026,,0.819026,0.819026,0.819026,526.7706,526.7706,526.7706,494.150471,494.150471,494.150471
719,20000,24,0.819026,,0.819026,0.819026,0.819026,526.7706,526.7706,526.7706,494.150471,494.150471,494.150471
720,20000,24,0.819026,,0.819026,0.819026,0.819026,526.7706,526.7706,526.7706,494.150471,494.150471,494.150471
721,20000,24,0.819026,,0.819026,0.819026,0.819026,526.7706,526.7706,526.7706,494.150471,494.150471,494.150471
722,20000,24,0.819026,,0.819026,0.819026,0.819026,526.7706,526.7706,526.7706,494.150471,494.150471,494.150471
723,20000,24,0.819026,,0.819026,0.819026,0.819026,526.7706,526.7706,526.7706,494.150471,494.150471,494.150471
724,20000,24,0.819026,,0.819026,0.819026,0.819026,526.7706,526.7706,526.7706,494.150471,494.150471,494.150471
725,20000,24,0.819026,,0.819026,0.819026,0.819026,526.7706,526.7706,526.7706,494.150471,494.150471,494.150471
726,20000,24,0.819026,,0.819026,0.819026,0.819026,526.7706,526.7706,526.7706,494.150471,494.150471,494.150471
727,20000,24,0.819026,,0.819026,0.819026,0.819026,526.7706,526.7706,526.7706,494.150471,494.150471,494.150471
728,20000,24,0.819026,,0.819026,0.819026,0.819026,526.7706,526.7706,526.7706,494.150471,494.150471,494.150471
729,20000,24,0.819026,,0.819026,0.819026,0.819026,526.7706,526.7706,526.7706,494.150471,494.150471,494.150471
730,20000,24,0.819026,,0.819026,0.819026,0.819026,526.7706,526.7706,526.7706,494.150471,494.150471,494.150471
731,20000,24,0.819026,,0.819026,0.819026,0.819026,526.7706,526.7706,526.7706,494.150471,494.150471,494.150471
732,20000,24,0.819026,,0.819026,0.819026,0.819026,526.7706,526.7706,526.7706,494.150471,494.150471,494.150471
733,20000,24,0.819026,,0.819026,0.819026,0.819026,526.7706,526.7706,526.7706,494.150471,494.150471,494.150471
734,20000,24,0.819026,,0.819026,0.819026,0.819026,526.7706,526.7706,526.7706,494.150471,494.150471,494.150471
735,20000,24,0.819026,,0.819026,0.819026,0.819026,526.7706,526.7706,526.7706,494.150471,494.150471,494.150471
736,20000,24,0.819026,,0.819026,0.819026,0.819026,526.7706,526.7706,526.7706,494.150471,494.150471,494.150471
737,20000,24,0.819026,,0.819026,0.819026,0.819026,526.7706,526.7706,526.7706,494.150471,494.150471,494.150471
738,20000,24,0.819026,,0.819026,0.819026,0.819026,526.7706,526.7706,526.7706,494.150471,494.150471,494.150471
739,20000,24,0.819026,,0.819026,0.819026,0.819026,526.7706,526.7706,526.7706,494.150471,494.150471,494.150471
740,20000,24,0.819026,,0.819026,0.819026,0.819026,526.7706,526.7706,526.7706,494.150471,494.150471,494.150471
741,20000,24,0.819026,,0.819026,0.819026,0.819026,526.7706,526.7706,526.7706,494.150471,494.150471,494.150471
742,20000,24,0.819026,,0.819026,0.819026,0.819026,526.7706,526.7706,526.7706,494.150471,494.150471,494.150471
743,20000,24,0.819026,,0.819026,0.819026,0.819026,526.7706,526.7706,526.7706,494.150471,494.150471,494.150471
744,20000,24,0.819026,,0.819026,0.819026,0.819026,526.7706,526.7706,526.7706,494.150471,494.150471,494.150471
745,20000,24,0.819026,,0.819026,0.819026,0.819026,526.7706,526.7706,526.7706,494.150471,494.150471,494.150471
746,20000,24,0.819026,,0.819026,0.819026,0.819026,526.7706,526.7706,526.7706,494.150471,494.150471,494.150471
747,20000,24,0.819026,,0.819026,0.819026,0.819026,526.7706,526.7706,526.7706,494.150471,494.150471,494.150471
748,20000,24,0.819026,,0.819026,0.819026,0.819026,526.7706,526.7706,526.7706,494.150471,494.150471,494.150471
749,20000,24,0.819026,,0.819026,0.819026,0.819026,526.7706,526.7706,526.7706,494.150471,494.150471,494.150471
750,20000,24,0.819026,,0.819026,0.819026,0.819026,526.7706,526.7706,526.7706,494.150471,494.150471,494.150471
751,20000,24,0.819026,,0.819026,0.819026,0.819026,526.7706,526.7706,526.7706,494.150471,494.150471,494.150471
752,20000,24,0.819026,,0.819026,0.819026,0.819026,526.7706,526.7706,526.7706,494.150471,494.150471,494.150471
753,20000,24,0.819026,,0.819026,0.819026,0.819026,526.7706,526.7706,526.7706,494.150471,494.150471,494.150471
754,20000,24,0.819026,,0.819026,0.819026,0.819026,526.7706,526.7706,526.7706,494.150471,494.150471,494.150471
755,20000,24,0.819026,,0.819026,0.819026,0.819026,526.7706,526.7706,526.7706,494.150471,494.150471,494.150471
756,20000,24,0.819026,,0.819026,0.819026,0.819026,526.7706,526.7706,526.7706,494.150471,494.150471,494.150471
757,20000,24,0.819026,,0.819026,0.819026,0.819026,526.7706,526.7706,526.7706,494.150471,494.150471,494.150471
758,20000,24,0.819026,,0.819026,0.819026,0.819026,526.7706,526.7706,526.7706,494.150471,494.150471,494.150471
759,20000,24,0.819026,,0.819026,0.819026,0.819026,526.7706,526.7706,526.7706,494.150471,494.150471,494.150471
760,20000,24,0.819026,,0.819026,0.819026,0.819026,526.7706,526.7706,526.7706,494.150471,494.150471,494.150471
761,20000,24,0.819026,,0.819026,0.819026,0.819026,526.7706,526.7706,526.7706,494.150471,494.150471,494.150471
762,20000,24,0.819026,,0.819026,0.819026,0.819026,526.7706,526.7706,526.7706,494.150471,494.150471,494.150471
763,20000,24,0.819026,,0.819026,0.819026,0.819026,526.7706,526.7706,526.7706,494.150471,494.150471,494.150471
764,20000,24,0.819026,,0.819026,0.819026,0.819026,526.7706,526.7706,526.7706,494.150471,494.150471,494.150471
765,20000,24,0.819331,,0.819331,0.817932,0.819011,526.9361,525.9618,526.754859,494.022955,494.461843,494.151829
766,20000,24,0.819331,,0.819331,0.819026,0.819039,526.9361,526.7706,526.777597,494.022955,494.150471,494.144732
767,20000,24,0.819331,,0.819331,0.819026,0.81905,526.9361,526.7706,526.784217,494.022955,494.150471,494.14091
768,20000,24,0.819331,,0.819331,0.819026,0.819056,526.9361,526.7706,526.787904,494.022955,494.150471,494.138481
769,20000,24,0.819331,,0.819331,0.819026,0.819071,526.9361,526.6915,526.795765,493.999793,494.150471,494.13216
770,20000,24,0.819331,,0.819331,0.819026,0.819085,526.9361,526.6915,526.804417,493.999793,494.150471,494.126667
771,20000,24,0.82025,,0.82025,0.819026,0.819116,527.6214,526.6915,526.821053,493.765446,494.150471,494.11395
772,20000,24,0.82025,,0.82025,0.819026,0.819137,527.6214,526.7706,526.832089,493.765446,494.150471,494.105325
773,20000,24,0.82025,,0.82025,0.819026,0.819192,527.6214,526.7706,526.87257,493.765446,494.150471,494.08892
774,20000,24,0.82025,,0.82025,0.819026,0.819249,527.6214,526.7706,526.911869,493.765446,494.150471,494.071325
775,20000,24,0.82025,,0.82025,0.819026,0.819319,527.6214,526.7706,526.960673,493.765446,494.150471,494.049279
776,20000,24,0.82025,,0.82025,0.819026,0.819386,527.6214,526.7706,527.007104,493.765446,494.150471,494.028346
777,20000,24,0.82025,,0.82025,0.819026,0.819436,527.6214,526.7706,527.040914,493.765446,494.150471,494.011737
778,20000,24,0.82025,,0.82025,0.819026,0.819466,527.6214,526.7706,527.06124,493.765446,494.150471,494.002222
779,20000,24,0.82025,,0.82025,0.819026,0.819519,527.6214,526.7706,527.100315,493.765446,494.150471,493.986413
780,20000,24,0.820469,,0.820469,0.819026,0.819552,527.7869,526.7706,527.122296,493.705865,494.150471,493.975566
781,20000,24,0.820469,,0.820469,0.819026,0.819589,527.7869,526.7706,527.148847,493.705865,494.150471,493.965005
782,20000,24,0.820469,,0.820469,0.819026,0.81965,527.7869,526.7706,527.191387,493.705865,494.150471,493.945753
783,20000,24,0.820469,,0.820469,0.819026,0.819696,527.7869,526.7706,527.224791,493.705865,494.150471,493.931938
784,20000,24,0.820469,,0.820469,0.819026,0.81977,527.7869,526.7706,527.279382,493.705865,494.150471,493.910849
785,20000,24,0.820469,,0.820469,0.819026,0.819824,527.7869,526.7706,527.316957,493.705865,494.150471,493.894065
786,20000,24,0.820469,,0.820469,0.819026,0.819896,527.7869,526.7706,527.36966,493.705865,494.150471,493.873085
787,20000,24,0.820469,,0.820469,0.819026,0.819937,527.7869,526.7706,527.398494,493.705865,494.150471,493.860342
788,20000,24,0.820469,,0.820469,0.819026,0.819995,527.7869,526.7706,527.440298,493.697511,494.150471,493.842974
789,20000,24,0.820469,,0.820469,0.819244,0.820089,527.7869,526.9361,527.509281,493.697511,494.09089,493.816177
790,20000,24,0.820469,,0.820469,0.819244,0.820156,527.7869,526.9361,527.557181,493.705865,494.09089,493.795783
791,20000,24,0.820469,,0.820469,0.819244,0.820214,527.7869,526.9361,527.597725,493.705865,494.09089,493.778297
792,20000,24,0.820469,,0.820469,0.819244,0.82027,527.7869,526.9361,527.639799,493.705865,494.09089,493.762826
793,20000,24,0.820469,,0.820469,0.819244,0.820313,527.7869,526.9361,527.672126,493.705865,494.09089,493.750704
794,20000,24,0.820469,,0.820469,0.819244,0.820352,527.7869,526.9361,527.701463,493.705865,494.09089,493.739667
795,20000,24,0.820469,,0.820469,0.819331,0.820399,527.7869,526.9361,527.735029,493.705865,494.022955,493.726008
796,20000,24,0.820469,,0.820469,0.819331,0.82043,527.7869,526.9361,527.758665,493.705865,494.022955,493.717283
797,20000,24,0.820469,,0.820469,0.82012,0.820451,527.7869,527.5478,527.774945,493.705865,493.817891,493.711466
798,20000,24,0.820469,,0.820469,0.82012,0.820455,527.7869,527.5478,527.777336,493.705865,493.817891,493.710346
799,20000,24,0.820469,,0.820469,0.82012,0.820465,527.7869,527.5478,527.784509,493.705865,493.817891,493.706985
800,20000,24,0.820475,,0.820475,0.820469,0.820469,527.7869,527.7869,527.7869,493.701395,493.705865,493.70582
801,20000,24,0.820475,,0.820475,0.820469,0.820469,527.7869,527.7869,527.7869,493.701395,493.705865,493.705775
802,20000,24,0.820475,,0.820475,0.820469,0.820469,527.7869,527.7869,527.7869,493.701395,493.705865,493.705686
803,20000,24,0.820475,,0.820475,0.820469,0.820469,527.7869,527.7869,527.7869,493.701395,493.705865,493.705641
804,20000,24,0.820475,,0.820475,0.820469,0.820469,527.7869,527.7869,527.7869,493.701395,493.705865,493.705462
805,20000,24,0.820475,,0.820475,0.820469,0.82047,527.7869,527.7869,527.7869,493.701395,493.705865,493.705328
806,20000,24,0.820475,,0.820475,0.820469,0.82047,527.7869,527.7869,527.7869,493.701395,493.705865,493.705284
807,20000,24,0.820475,,0.820475,0.820469,0.82047,527.7869,527.7869,527.7869,493.701395,493.705865,493.705105
808,20000,24,0.820475,,0.820475,0.820469,0.82047,527.7869,527.7869,527.7869,493.701395,493.705865,493.704971
809,20000,24,0.820475,,0.820475,0.820469,0.82047,527.7869,527.7869,527.7869,493.701395,493.705865,493.704747
810,20000,24,0.820475,,0.820475,0.820469,0.820471,527.7869,527.7869,527.7869,493.701395,493.705865,493.704613
811,20000,24,0.820475,,0.820475,0.820469,0.820471,527.7869,527.7869,527.7869,493.701395,493.705865,493.704479
812,20000,24,0.820475,,0.820475,0.820469,0.820471,527.7869,527.7869,527.7869,493.701395,493.705865,493.704166
813,20000,24,0.820475,,0.820475,0.820469,0.820471,527.7869,527.7869,527.7869,493.701395,493.705865,493.703987
814,20000,24,0.820475,,0.820475,0.820469,0.820472,527.7869,527.7869,527.7869,493.701395,493.705865,493.703853
815,20000,24,0.820475,,0.820475,0.820469,0.820472,527.7869,527.7869,527.7869,493.701395,493.705865,493.703496
816,20000,24,0.820475,,0.820475,0.820469,0.820472,527.7869,527.7869,527.7869,493.701395,493.705865,493.703138
817,20000,24,0.820475,,0.820475,0.820469,0.820473,527.7869,527.7869,527.7869,493.701395,493.705865,493.70287
818,20000,24,0.820475,,0.820475,0.820469,0.820473,527.7869,527.7869,527.7869,493.701395,493.705865,493.702736
819,20000,24,0.820475,,0.820475,0.820469,0.820473,527.7869,527.7869,527.7869,493.701395,493.705865,493.702557
820,20000,24,0.820475,,0.820475,0.820469,0.820473,527.7869,527.7869,527.7869,493.701395,493.705865,493.702423
821,20000,24,0.820475,,0.820475,0.820469,0.820474,527.7869,527.7869,527.7869,493.701395,493.705865,493.702289
822,20000,24,0.820475,,0.820475,0.820469,0.820474,527.7869,527.7869,527.7869,493.701395,493.705865,493.702199
823,20000,24,0.820475,,0.820475,0.820469,0.820474,527.7869,527.7869,527.7869,493.701395,493.705865,493.701976
824,20000,24,0.820475,,0.820475,0.820469,0.820474,527.7869,527.7869,527.7869,493.701395,493.705865,493.701887
825,20000,24,0.820475,,0.820475,0.820469,0.820474,527.7869,527.7869,527.7869,493.701395,493.705865,493.701752
826,20000,24,0.820475,,0.820475,0.820469,0.820474,527.7869,527.7869,527.7869,493.701395,493.705865,493.701574
827,20000,24,0.820475,,0.820475,0.820469,0.820474,527.7869,527.7869,527.7869,493.701395,493.705865,493.701529
828,20000,24,0.820475,,0.820475,0.820469,0.820475,527.7869,527.7869,527.7869,493.701395,493.705865,493.701484
829,20000,24,0.820475,,0.820475,0.820469,0.820475,527.7869,527.7869,527.7869,493.701395,493.705865,493.70144
830,20000,24,0.820475,,0.820475,0.820475,0.820475,527.7869,527.7869,527.7869,493.701395,493.701395,493.701395
831,20000,24,0.820475,,0.820475,0.820475,0.820475,527.7869,527.7869,527.7869,493.701395,493.701395,493.701395
832,20000,24,0.820475,,0.820475,0.820475,0.820475,527.7869,527.7869,527.7869,493.701395,493.701395,493.701395
833,20000,24,0.820475,,0.820475,0.820475,0.820475,527.7869,527.7869,527.7869,493.701395,493.701395,493.701395
834,20000,24,0.820475,,0.820475,0.820475,0.820475,527.7869,527.7869,527.7869,493.701395,493.701395,493.701395
835,20000,24,0.820475,,0.820475,0.820475,0.820475,527.7869,527.7869,527.7869,493.701395,493.701395,493.701395
836,20000,24,0.820475,,0.820475,0.820475,0.820475,527.7869,527.7869,527.7869,493.701395,493.701395,493.701395
837,20000,24,0.820475,,0.820475,0.820475,0.820475,527.7869,527.7869,527.7869,493.701395,493.701395,493.701395
838,20000,24,0.820475,,0.820475,0.820475,0.820475,527.7869,527.7869,527.7869,493.701395,493.701395,493.701395
839,20000,24,0.820475,,0.820475,0.820475,0.820475,527.7869,527.7869,527.7869,493.701395,493.701395,493.701395
840,20000,24,0.820475,,0.820475,0.820475,0.820475,527.7869,527.7869,527.7869,493.701395,493.701395,493.701395
841,20000,24,0.820475,,0.820475,0.820475,0.820475,527.7869,527.7869,527.7869,493.701395,493.701395,493.701395
842,20000,24,0.820475,,0.820475,0.820475,0.820475,527.7869,527.7869,527.7869,493.701395,493.701395,493.701395
843,20000,24,0.820475,,0.820475,0.820475,0.820475,527.7869,527.7869,527.7869,493.701395,493.701395,493.701395
844,20000,24,0.820475,,0.820475,0.820475,0.820475,527.7869,527.7869,527.7869,493.701395,493.701395,493.701395
845,20000,24,0.820475,,0.820475,0.820475,0.820475,527.7869,527.7869,527.7869,493.701395,493.701395,493.701395
846,20000,24,0.820475,,0.820475,0.820475,0.820475,527.7869,527.7869,527.7869,493.701395,493.701395,493.701395
847,20000,24,0.820475,,0.820475,0.820475,0.820475,527.7869,527.7869,527.7869,493.701395,493.701395,493.701395
848,20000,24,0.820475,,0.820475,0.820475,0.820475,527.7869,527.7869,527.7869,493.701395,493.701395,493.701395
849,20000,24,0.820475,,0.820475,0.820475,0.820475,527.7869,527.7869,527.7869,493.701395,493.701395,493.701395
850,20000,24,0.820826,,0.82082,0.819595,0.820462,528.0762,527.1178,527.777842,493.625997,494.011022,493.705192
851,20000,24,0.820826,,0.82082,0.820475,0.82049,528.0762,527.7869,527.798472,493.625997,493.701395,493.697297
852,20000,24,0.820826,,0.82082,0.820475,0.820493,528.0762,527.7869,527.801365,493.625997,493.701395,493.696499
853,20000,24,0.820826,,0.82082,0.820475,0.820503,528.0762,527.7869,527.810044,493.625997,493.701395,493.694589
854,20000,24,0.820826,,0.82082,0.820475,0.820525,528.0762,527.7869,527.827402,493.625997,493.701395,493.689218
855,20000,24,0.820826,,0.820826,0.820475,0.82053,528.0762,527.7869,527.830295,493.621527,493.701395,493.68754
856,20000,24,0.820826,,0.820826,0.820475,0.820544,528.0762,527.7869,527.841867,493.621527,493.701395,493.683828
857,20000,24,0.820826,,0.820826,0.820475,0.820572,528.0762,527.7869,527.865011,493.617267,493.701395,493.677614
858,20000,24,0.820826,,0.820826,0.820475,0.820593,528.0762,527.7869,527.882369,493.617267,493.701395,493.673347
859,20000,24,0.820826,,0.820826,0.820475,0.820621,528.0762,527.7869,527.905513,493.617267,493.701395,493.666764
860,20000,24,0.820826,,0.820826,0.820475,0.820646,528.0762,527.7869,527.925764,493.617267,493.701395,493.661149
861,20000,24,0.820826,,0.820826,0.820475,0.82067,528.0762,527.7869,527.948908,493.617267,493.701395,493.657378
862,20000,24,0.820826,,0.820826,0.820475,0.820693,528.0762,527.7869,527.969159,493.617267,493.701395,493.652953
863,20000,24,0.820826,,0.820826,0.820475,0.820717,528.0762,527.7869,527.992303,493.621527,493.701395,493.649904
864,20000,24,0.820826,,0.820826,0.820475,0.820737,528.0762,527.7869,528.009661,493.621527,493.701395,493.646234
865,20000,24,0.820826,,0.820826,0.820475,0.820764,528.0762,527.7869,528.032805,493.621527,493.701395,493.640582
866,20000,24,0.820826,,0.820826,0.820475,0.820785,528.0762,527.7869,528.050163,493.621527,493.701395,493.635855
867,20000,24,0.820826,,0.820826,0.820475,0.820806,528.0762,527.7869,528.067521,493.621527,493.701395,493.630819
868,20000,24,0.820826,,0.820826,0.820475,0.820814,528.0762,527.7869,528.073307,493.621527,493.701395,493.62889
869,20000,24,0.820826,,0.820826,0.820805,0.820818,528.0762,528.0762,528.0762,493.621527,493.63772,493.627481
870,20000,24,0.820826,,0.820826,0.820805,0.820819,528.0762,528.0762,528.0762,493.621527,493.63772,493.626385
871,20000,24,0.820826,,0.820826,0.820805,0.82082,528.0762,528.0762,528.0762,493.621527,493.63772,493.625899
872,20000,24,0.820826,,0.820826,0.820805,0.82082,528.0762,528.0762,528.0762,493.621527,493.63772,493.625575
873,20000,24,0.820826,,0.820826,0.820805,0.820822,528.0762,528.0762,528.0762,493.621527,493.63772,493.624604
874,20000,24,0.820826,,0.820826,0.820805,0.820823,528.0762,528.0762,528.0762,493.621527,493.63772,493.623794
875,20000,24,0.820826,,0.820826,0.820805,0.820824,528.0762,528.0762,528.0762,493.621527,493.63772,493.622823
876,20000,24,0.820826,,0.820826,0.820805,0.820825,528.0762,528.0762,528.0762,493.621527,493.63772,493.622013
877,20000,24,0.820826,,0.820826,0.820826,0.820826,528.0762,528.0762,528.0762,493.621527,493.621527,493.621527
878,20000,24,0.820826,,0.820826,0.820826,0.820826,528.0762,528.0762,528.0762,493.621527,493.621527,493.621527
879,20000,24,0.820826,,0.820826,0.820826,0.820826,528.0762,528.0762,528.0762,493.621527,493.621527,493.621527
880,20000,24,0.820826,,0.820826,0.820826,0.820826,528.0762,528.0762,528.0762,493.621527,493.621527,493.621527
881,20000,24,0.820826,,0.820826,0.820826,0.820826,528.0762,528.0762,528.0762,493.621527,493.621527,493.621527
882,20000,24,0.820826,,0.820826,0.820826,0.820826,528.0762,528.0762,528.0762,493.621527,493.621527,493.621527
883,20000,24,0.820826,,0.820826,0.820826,0.820826,528.0762,528.0762,528.0762,493.621527,493.621527,493.621527
884,20000,24,0.820826,,0.820826,0.820826,0.820826,528.0762,528.0762,528.0762,493.621527,493.621527,493.621527
885,20000,24,0.820826,,0.820826,0.820826,0.820826,528.0762,528.0762,528.0762,493.621527,493.621527,493.621527
886,20000,24,0.820826,,0.820826,0.820826,0.820826,528.0762,528.0762,528.0762,493.621527,493.621527,493.621527
887,20000,24,0.820826,,0.820826,0.820826,0.820826,528.0762,528.0762,528.0762,493.621527,493.621527,493.621527
888,20000,24,0.820826,,0.820826,0.820826,0.820826,528.0762,528.0762,528.0762,493.621527,493.621527,493.621527
889,20000,24,0.820826,,0.820826,0.820826,0.820826,528.0762,528.0762,528.0762,493.621527,493.621527,493.621527
890,20000,24,0.820826,,0.820826,0.820826,0.820826,528.0762,528.0762,528.0762,493.621527,493.621527,493.621527
891,20000,24,0.820826,,0.820826,0.820826,0.820826,528.0762,528.0762,528.0762,493.621527,493.621527,493.621527
892,20000,24,0.820826,,0.820826,0.820826,0.820826,528.0762,528.0762,528.0762,493.621527,493.621527,493.621527
893,20000,24,0.820826,,0.820826,0.820826,0.820826,528.0762,528.0762,528.0762,493.621527,493.621527,493.621527
894,20000,24,0.820826,,0.820826,0.820826,0.820826,528.0762,528.0762,528.0762,493.621527,493.621527,493.621527
895,20000,24,0.820826,,0.820826,0.820826,0.820826,528.0762,528.0762,528.0762,493.621527,493.621527,493.621527
896,20000,24,0.820826,,0.820826,0.820826,0.820826,528.0762,528.0762,528.0762,493.621527,493.621527,493.621527
897,20000,24,0.820826,,0.820826,0.820826,0.820826,528.0762,528.0762,528.0762,493.621527,493.621527,493.621527
898,20000,24,0.820826,,0.820826,0.820826,0.820826,528.0762,528.0762,528.0762,493.621527,493.621527,493.621527
899,20000,24,0.820826,,0.820826,0.820826,0.820826,528.0762,528.0762,528.0762,493.621527,493.621527,493.621527
900,20000,24,0.820826,,0.820826,0.820826,0.820826,528.0762,528.0762,528.0762,493.621527,493.621527,493.621527
901,20000,24,0.820826,,0.820826,0.820826,0.820826,528.0762,528.0762,528.0762,493.621527,493.621527,493.621527
902,20000,24,0.820826,,0.820826,0.820826,0.820826,528.0762,528.0762,528.0762,493.621527,493.621527,493.621527
903,20000,24,0.820826,,0.820826,0.820826,0.820826,528.0762,528.0762,528.0762,493.621527,493.621527,493.621527
904,20000,24,0.820826,,0.820826,0.820826,0.820826,528.0762,528.0762,528.0762,493.621527,493.621527,493.621527
905,20000,24,0.820826,,0.820826,0.820826,0.820826,528.0762,528.0762,528.0762,493.621527,493.621527,493.621527
906,20000,24,0.820826,,0.820826,0.820826,0.820826,528.0762,528.0762,528.0762,493.621527,493.621527,493.621527
907,20000,24,0.820826,,0.820826,0.820826,0.820826,528.0762,528.0762,528.0762,493.621527,493.621527,493.621527
908,20000,24,0.820826,,0.820826,0.820826,0.820826,528.0762,528.0762,528.0762,493.621527,493.621527,493.621527
909,20000,24,0.820826,,0.820826,0.820826,0.820826,528.0762,528.0762,528.0762,493.621527,493.621527,493.621527
910,20000,24,0.820826,,0.820826,0.820826,0.820826,528.0762,528.0762,528.0762,493.621527,493.621527,493.621527
911,20000,24,0.820826,,0.820826,0.820826,0.820826,528.0762,528.0762,528.0762,493.621527,493.621527,493.621527
912,20000,24,0.820826,,0.820826,0.820826,0.820826,528.0762,528.0762,528.0762,493.621527,493.621527,493.621527
913,20000,24,0.820826,,0.820826,0.820826,0.820826,528.0762,528.0762,528.0762,493.621527,493.621527,493.621527
914,20000,24,0.820826,,0.820826,0.820826,0.820826,528.0762,528.0762,528.0762,493.621527,493.621527,493.621527
915,20000,24,0.820826,,0.820826,0.820826,0.820826,528.0762,528.0762,528.0762,493.621527,493.621527,493.621527
916,20000,24,0.820826,,0.820826,0.820826,0.820826,528.0762,528.0762,528.0762,493.621527,493.621527,493.621527
917,20000,24,0.820826,,0.820826,0.820826,0.820826,528.0762,528.0762,528.0762,493.621527,493.621527,493.621527
918,20000,24,0.820826,,0.820826,0.820826,0.820826,528.0762,528.0762,528.0762,493.621527,493.621527,493.621527
919,20000,24,0.820826,,0.820826,0.820826,0.820826,528.0762,528.0762,528.0762,493.621527,493.621527,493.621527
920,20000,24,0.820826,,0.820826,0.820826,0.820826,528.0762,528.0762,528.0762,493.621527,493.621527,493.621527
921,20000,24,0.820826,,0.820826,0.820826,0.820826,528.0762,528.0762,528.0762,493.621527,493.621527,493.621527
922,20000,24,0.820922,,0.820922,0.820826,0.820827,528.0762,528.0762,528.0762,493.546264,493.621527,493.620775
923,20000,24,0.820922,,0.820922,0.820826,0.820828,528.0762,528.0762,528.0762,493.546264,493.621527,493.620022
924,20000,24,0.820922,,0.820922,0.820826,0.820829,528.0762,528.0762,528.0762,493.546264,493.621527,493.618517
925,20000,24,0.820922,,0.820922,0.820826,0.820832,528.0762,528.0762,528.0762,493.546264,493.621527,493.616259
926,20000,24,0.820922,,0.820922,0.820826,0.820834,528.0762,528.0762,528.0762,493.546264,493.621527,493.614754
927,20000,24,0.820922,,0.820922,0.820826,0.820837,528.0762,528.0762,528.0762,493.546264,493.621527,493.612496
928,20000,24,0.820922,,0.820922,0.820826,0.820841,528.0762,528.0762,528.0762,493.546264,493.621527,493.609485
929,20000,24,0.820922,,0.820922,0.820826,0.820844,528.0762,528.0762,528.0762,493.546264,493.621527,493.607227
930,20000,24,0.820922,,0.820922,0.820826,0.820846,528.0762,528.0762,528.0762,493.546264,493.621527,493.605722
931,20000,24,0.820922,,0.820922,0.820826,0.820849,528.0762,528.0762,528.0762,493.546264,493.621527,493.603464
932,20000,24,0.820922,,0.820922,0.820826,0.820853,528.0762,528.0762,528.0762,493.546264,493.621527,493.600454
933,20000,24,0.820922,,0.820922,0.820826,0.820856,528.0762,528.0762,528.0762,493.546264,493.621527,493.597443
934,20000,24,0.820922,,0.820922,0.820826,0.820863,528.0762,528.0762,528.0762,493.546264,493.621527,493.592175
935,20000,24,0.821106,,0.821106,0.820826,0.82087,528.2025,528.0762,528.077463,493.487411,493.621527,493.587823
936,20000,24,0.821106,,0.821106,0.820826,0.820878,528.2025,528.0762,528.079989,493.487411,493.621527,493.582883
937,20000,24,0.821106,,0.821106,0.820826,0.820891,528.2025,528.0762,528.083778,493.487411,493.621527,493.575849
938,20000,24,0.821106,,0.821106,0.820826,0.820897,528.2025,528.0762,528.085041,493.487411,493.621527,493.571497
939,20000,24,0.821106,,0.821106,0.820826,0.820904,528.2025,528.0762,528.086304,493.487411,493.621527,493.567145
940,20000,24,0.821106,,0.821106,0.820826,0.820914,528.2025,528.0762,528.08883,493.487411,493.621527,493.5607
941,20000,24,0.821106,,0.821106,0.820826,0.820927,528.2025,528.0762,528.093882,493.487411,493.621527,493.554582
942,20000,24,0.821106,,0.821106,0.820826,0.820943,528.2025,528.0762,528.100197,493.487411,493.621527,493.546371
943,20000,24,0.821106,,0.821106,0.820826,0.820952,528.2025,528.0762,528.102723,493.487411,493.621527,493.540679
944,20000,24,0.821106,,0.821106,0.820826,0.820967,528.2025,528.0762,528.110301,493.487411,493.621527,493.534137
945,20000,24,0.821106,,0.821106,0.820826,0.820975,528.2025,528.0762,528.11409,493.487411,493.621527,493.530113
946,20000,24,0.821106,,0.821106,0.820922,0.820988,528.2025,528.0762,528.121668,493.487411,493.546264,493.525077
947,20000,24,0.821106,,0.821106,0.820922,0.820998,528.2025,528.0762,528.127983,493.487411,493.546264,493.522134
948,20000,24,0.821106,,0.821106,0.820922,0.821007,528.2025,528.0762,528.134298,493.487411,493.546264,493.519192
949,20000,24,0.821106,,0.821106,0.820922,0.821016,528.2025,528.0762,528.140613,493.487411,493.546264,493.516249
950,20000,24,0.821106,,0.821106,0.820922,0.821027,528.2025,528.0762,528.148191,493.487411,493.546264,493.512718
951,20000,24,0.821106,,0.821106,0.820922,0.82104,528.2025,528.0762,528.157032,493.487411,493.546264,493.508598
952,20000,24,0.821106,,0.821106,0.820922,0.821053,528.2025,528.0762,528.165873,493.487411,493.546264,493.504478
953,20000,24,0.821106,,0.821106,0.820922,0.821067,528.2025,528.0762,528.175977,493.487411,493.546264,493.49977
954,20000,24,0.821106,,0.821106,0.820922,0.821075,528.2025,528.0762,528.181029,493.487411,493.546264,493.497416
955,20000,24,0.821106,,0.821106,0.820922,0.82108,528.2025,528.0762,528.184818,493.487411,493.546264,493.495651
956,20000,24,0.821106,,0.821106,0.820922,0.821086,528.2025,528.0762,528.188607,493.487411,493.546264,493.493885
957,20000,24,0.821106,,0.821106,0.820922,0.821088,528.2025,528.0762,528.18987,493.487411,493.546264,493.493296
958,20000,24,0.821106,,0.821106,0.820922,0.821093,528.2025,528.0762,528.193659,493.487411,493.546264,493.491531
959,20000,24,0.821106,,0.821106,0.820922,0.821097,528.2025,528.0762,528.196185,493.487411,493.546264,493.490354
960,20000,24,0.821106,,0.821106,0.820922,0.821104,528.2025,528.0762,528.201237,493.487411,493.546264,493.488
961,20000,24,0.821106,,0.821106,0.821106,0.821106,528.2025,528.2025,528.2025,493.487411,493.487411,493.487411
962,20000,24,0.821106,,0.821106,0.821106,0.821106,528.2025,528.2025,528.2025,493.487411,493.487411,493.487411
963,20000,24,0.821106,,0.821106,0.821106,0.821106,528.2025,528.2025,528.2025,493.487411,493.487411,493.487411
964,20000,24,0.821106,,0.821106,0.821106,0.821106,528.2025,528.2025,528.2025,493.487411,493.487411,493.487411
965,20000,24,0.821106,,0.821106,0.821106,0.821106,528.2025,528.2025,528.2025,493.487411,493.487411,493.487411
966,20000,24,0.821106,,0.821106,0.821106,0.821106,528.2025,528.2025,528.2025,493.487411,493.487411,493.487411
967,20000,24,0.821106,,0.821106,0.821106,0.821106,528.2025,528.2025,528.2025,493.487411,493.487411,493.487411
968,20000,24,0.821106,,0.821106,0.821106,0.821106,528.2025,528.2025,528.2025,493.487411,493.487411,493.487411
969,20000,24,0.821106,,0.821106,0.821106,0.821106,528.2025,528.2025,528.2025,493.487411,493.487411,493.487411
970,20000,24,0.821106,,0.821106,0.821106,0.821106,528.2025,528.2025,528.2025,493.487411,493.487411,493.487411
971,20000,24,0.821106,,0.821106,0.821106,0.821106,528.2025,528.2025,528.2025,493.487411,493.487411,493.487411
972,20000,24,0.821106,,0.821106,0.821106,0.821106,528.2025,528.2025,528.2025,493.487411,493.487411,493.487411
973,20000,24,0.821106,,0.821106,0.821106,0.821106,528.2025,528.2025,528.2025,493.487411,493.487411,493.487411
974,20000,24,0.821106,,0.821106,0.821106,0.821106,528.2025,528.2025,528.2025,493.487411,493.487411,493.487411
975,20000,24,0.821106,,0.821106,0.821106,0.821106,528.2025,528.2025,528.2025,493.487411,493.487411,493.487411
976,20000,24,0.821106,,0.821106,0.821106,0.821106,528.2025,528.2025,528.2025,493.487411,493.487411,493.487411
977,20000,24,0.821106,,0.821106,0.821106,0.821106,528.2025,528.2025,528.2025,493.487411,493.487411,493.487411
978,20000,24,0.821106,,0.821106,0.821106,0.821106,528.2025,528.2025,528.2025,493.487411,493.487411,493.487411
979,20000,24,0.821106,,0.821106,0.821106,0.821106,528.2025,528.2025,528.2025,493.487411,493.487411,493.487411
980,20000,24,0.821106,,0.821106,0.821106,0.821106,528.2025,528.2025,528.2025,493.487411,493.487411,493.487411
981,20000,24,0.821106,,0.821106,0.821106,0.821106,528.2025,528.2025,528.2025,493.487411,493.487411,493.487411
982,20000,24,0.821106,,0.821106,0.821106,0.821106,528.2025,528.2025,528.2025,493.487411,493.487411,493.487411
983,20000,24,0.821106,,0.821106,0.821106,0.821106,528.2025,528.2025,528.2025,493.487411,493.487411,493.487411
984,20000,24,0.821106,,0.821106,0.821106,0.821106,528.2025,528.2025,528.2025,493.487411,493.487411,493.487411
985,20000,24,0.821106,,0.821106,0.821106,0.821106,528.2025,528.2025,528.2025,493.487411,493.487411,493.487411
986,20000,24,0.821106,,0.821106,0.821106,0.821106,528.2025,528.2025,528.2025,493.487411,493.487411,493.487411
987,20000,24,0.821106,,0.821106,0.821106,0.821106,528.2025,528.2025,528.2025,493.487411,493.487411,493.487411
988,20000,24,0.821106,,0.821106,0.821106,0.821106,528.2025,528.2025,528.2025,493.487411,493.487411,493.487411
989,20000,24,0.821106,,0.821106,0.821106,0.821106,528.2025,528.2025,528.2025,493.487411,493.487411,493.487411
990,20000,24,0.821106,,0.821106,0.821106,0.821106,528.2025,528.2025,528.2025,493.487411,493.487411,493.487411
991,20000,24,0.821106,,0.821106,0.821106,0.821106,528.2025,528.2025,528.2025,493.487411,493.487411,493.487411
992,20000,24,0.821106,,0.821106,0.821106,0.821106,528.2025,528.2025,528.2025,493.487411,493.487411,493.487411
993,20000,24,0.821106,,0.821106,0.821106,0.821106,528.2025,528.2025,528.2025,493.487411,493.487411,493.487411
994,20000,24,0.821106,,0.821106,0.821106,0.821106,528.2025,528.2025,528.2025,493.487411,493.487411,493.487411
995,20000,24,0.821106,,0.821106,0.821106,0.821106,528.2025,528.2025,528.2025,493.487411,493.487411,493.487411
996,20000,24,0.821106,,0.821106,0.821106,0.821106,528.2025,528.2025,528.2025,493.487411,493.487411,493.487411
997,20000,24,0.821106,,0.821106,0.821106,0.821106,528.2025,528.2025,528.2025,493.487411,493.487411,493.487411
998,20000,24,0.821106,,0.821106,0.821106,0.821106,528.2025,528.2025,528.2025,493.487411,493.487411,493.487411
999,20000,24,0.821106,,0.821106,0.821106,0.821106,528.2025,528.2025,528.2025,493.487411,493.487411,493.487411
1000,20000,24,0.821106,,0.821106,0.821106,0.821106,528.2025,528.2025,528.2025,493.487411,493.487411,493.487411
1001,20000,24,0.821106,,0.821106,0.821106,0.821106,528.2025,528.2025,528.2025,493.487411,493.487411,493.487411
1002,20000,24,0.821106,,0.821106,0.821106,0.821106,528.2025,528.2025,528.2025,493.487411,493.487411,493.487411
1003,20000,24,0.821106,,0.821106,0.821106,0.821106,528.2025,528.2025,528.2025,493.487411,493.487411,493.487411
1004,20000,24,0.821106,,0.821106,0.821106,0.821106,528.2025,528.2025,528.2025,493.487411,493.487411,493.487411
1005,20000,24,0.821106,,0.821106,0.821106,0.821106,528.2025,528.2025,528.2025,493.487411,493.487411,493.487411
1006,20000,24,0.821106,,0.821106,0.821106,0.821106,528.2025,528.2025,528.2025,493.487411,493.487411,493.487411
1007,20000,24,0.821106,,0.821106,0.821106,0.821106,528.2025,528.2025,528.2025,493.487411,493.487411,493.487411
1008,20000,24,0.821106,,0.821106,0.821106,0.821106,528.2025,528.2025,528.2025,493.487411,493.487411,493.487411
1009,20000,24,0.821106,,0.821106,0.821106,0.821106,528.2025,528.2025,528.2025,493.487411,493.487411,493.487411
1010,20000,24,0.821106,,0.821106,0.821106,0.821106,528.2025,528.2025,528.2025,493.487411,493.487411,493.487411
1011,20000,24,0.821106,,0.821106,0.821106,0.821106,528.2025,528.2025,528.2025,493.487411,493.487411,493.487411
1012,20000,24,0.821106,,0.821106,0.821106,0.821106,528.2025,528.2025,528.2025,493.487411,493.487411,493.487411
1013,20000,24,0.821106,,0.821106,0.821106,0.821106,528.2025,528.2025,528.2025,493.487411,493.487411,493.487411
1014,20000,24,0.821106,,0.821106,0.821106,0.821106,528.2025,528.2025,528.2025,493.487411,493.487411,493.487411
1015,20000,24,0.821106,,0.821106,0.821106,0.821106,528.2025,528.2025,528.2025,493.487411,493.487411,493.487411
1016,20000,24,0.821106,,0.821106,0.821106,0.821106,528.2025,528.2025,528.2025,493.487411,493.487411,493.487411
1017,20000,24,0.821106,,0.821106,0.821106,0.821106,528.2025,528.2025,528.2025,493.487411,493.487411,493.487411
1018,20000,24,0.821106,,0.821106,0.821106,0.821106,528.2025,528.2025,528.2025,493.487411,493.487411,493.487411
1019,20000,24,0.821106,,0.821106,0.821106,0.821106,528.2025,528.2025,528.2025,493.487411,493.487411,493.487411
1020,20000,24,0.821106,,0.821106,0.821106,0.821106,528.2025,528.2025,528.2025,493.487411,493.487411,493.487411
1021,20000,24,0.821106,,0.821106,0.821106,0.821106,528.2025,528.2025,528.2025,493.487411,493.487411,493.487411
1022,20000,24,0.821106,,0.821106,0.821106,0.821106,528.2025,528.2025,528.2025,493.487411,493.487411,493.487411
1023,20000,24,0.821106,,0.821106,0.821106,0.821106,528.2025,528.2025,528.2025,493.487411,493.487411,493.487411
1024,20000,24,0.821106,,0.821106,0.821106,0.821106,528.2025,528.2025,528.2025,493.487411,493.487411,493.487411
1025,20000,24,0.821106,,0.821106,0.821106,0.821106,528.2025,528.2025,528.2025,493.487411,493.487411,493.487411
1026,20000,24,0.821106,,0.821106,0.821106,0.821106,528.2025,528.2025,528.2025,493.487411,493.487411,493.487411
1027,20000,24,0.821106,,0.821106,0.821106,0.821106,528.2025,528.2025,528.2025,493.487411,493.487411,493.487411
1028,20000,24,0.821106,,0.821106,0.821106,0.821106,528.2025,528.2025,528.2025,493.487411,493.487411,493.487411
1029,20000,24,0.821106,,0.821106,0.821106,0.821106,528.2025,528.2025,528.2025,493.487411,493.487411,493.487411
1030,20000,24,0.821106,,0.821106,0.821106,0.821106,528.2025,528.2025,528.2025,493.487411,493.487411,493.487411
1031,20000,24,0.821106,,0.821106,0.821106,0.821106,528.2025,528.2025,528.2025,493.487411,493.487411,493.487411
1032,20000,24,0.821106,,0.821106,0.821106,0.821106,528.2025,528.2025,528.2025,493.487411,493.487411,493.487411
1033,20000,24,0.821106,,0.821106,0.821106,0.821106,528.2025,528.2025,528.2025,493.487411,493.487411,493.487411
1034,20000,24,0.821106,,0.821106,0.821106,0.821106,528.2025,528.2025,528.2025,493.487411,493.487411,493.487411
1035,20000,24,0.821106,,0.821106,0.821106,0.821106,528.2025,528.2025,528.2025,493.487411,493.487411,493.487411
1036,20000,24,0.821106,,0.821106,0.821106,0.821106,528.2025,528.2025,528.2025,493.487411,493.487411,493.487411
1037,20000,24,0.821106,,0.821106,0.821106,0.821106,528.2025,528.2025,528.2025,493.487411,493.487411,493.487411
1038,20000,24,0.821106,,0.821106,0.821106,0.821106,528.2025,528.2025,528.2025,493.487411,493.487411,493.487411
1039,20000,24,0.821106,,0.821106,0.821106,0.821106,528.2025,528.2025,528.2025,493.487411,493.487411,493.487411
1040,20000,24,0.821106,,0.821106,0.821106,0.821106,528.2025,528.2025,528.2025,493.487411,493.487411,493.487411
1041,20000,24,0.821106,,0.821106,0.821106,0.821106,528.2025,528.2025,528.2025,493.487411,493.487411,493.487411
1042,20000,24,0.821106,,0.821106,0.821106,0.821106,528.2025,528.2025,528.2025,493.487411,493.487411,493.487411
1043,20000,24,0.821106,,0.821106,0.821106,0.821106,528.2025,528.2025,528.2025,493.487411,493.487411,493.487411
1044,20000,24,0.821106,,0.821106,0.821106,0.821106,528.2025,528.2025,528.2025,493.487411,493.487411,493.487411
1045,20000,24,0.821106,,0.821106,0.821106,0.821106,528.2025,528.2025,528.2025,493.487411,493.487411,493.487411
1046,20000,24,0.821106,,0.821106,0.821106,0.821106,528.2025,528.2025,528.2025,493.487411,493.487411,493.487411
1047,20000,24,0.821106,,0.821106,0.821106,0.821106,528.2025,528.2025,528.2025,493.487411,493.487411,493.487411
1048,20000,24,0.821106,,0.821106,0.821106,0.821106,528.2025,528.2025,528.2025,493.487411,493.487411,493.487411
1049,20000,24,0.821106,,0.821106,0.821106,0.821106,528.2025,528.2025,528.2025,493.487411,493.487411,493.487411
1050,20000,24,0.821106,,0.821106,0.821106,0.821106,528.2025,528.2025,528.2025,493.487411,493.487411,493.487411
1051,20000,24,0.821106,,0.821106,0.821106,0.821106,528.2025,528.2025,528.2025,493.487411,493.487411,493.487411
1052,20000,24,0.821106,,0.821106,0.821106,0.821106,528.2025,528.2025,528.2025,493.487411,493.487411,493.487411
1053,20000,24,0.821106,,0.821106,0.821106,0.821106,528.2025,528.2025,528.2025,493.487411,493.487411,493.487411
1054,20000,24,0.821106,,0.821106,0.821106,0.821106,528.2025,528.2025,528.2025,493.487411,493.487411,493.487411
1055,20000,24,0.821106,,0.821106,0.821106,0.821106,528.2025,528.2025,528.2025,493.487411,493.487411,493.487411
1056,20000,24,0.821106,,0.821106,0.821106,0.821106,528.2025,528.2025,528.2025,493.487411,493.487411,493.487411
1057,20000,24,0.821106,,0.821106,0.821106,0.821106,528.2025,528.2025,528.2025,493.487411,493.487411,493.487411
1058,20000,24,0.821106,,0.821106,0.821106,0.821106,528.2025,528.2025,528.2025,493.487411,493.487411,493.487411
1059,20000,24,0.821106,,0.821106,0.821106,0.821106,528.2025,528.2025,528.2025,493.487411,493.487411,493.487411
1060,20000,24,0.821106,,0.821106,0.821106,0.821106,528.2025,528.2025,528.2025,493.487411,493.487411,493.487411
1061,20000,24,0.821106,,0.821106,0.821106,0.821106,528.2025,528.2025,528.2025,493.487411,493.487411,493.487411
1062,20000,24,0.821106,,0.821106,0.821106,0.821106,528.2025,528.2025,528.2025,493.487411,493.487411,493.487411
1063,20000,24,0.821106,,0.821106,0.821106,0.821106,528.2025,528.2025,528.2025,493.487411,493.487411,493.487411
1064,20000,24,0.821106,,0.821106,0.821106,0.821106,528.2025,528.2025,528.2025,493.487411,493.487411,493.487411
1065,20000,24,0.821106,,0.821106,0.821106,0.821106,528.2025,528.2025,528.2025,493.487411,493.487411,493.487411
1066,20000,24,0.821106,,0.821106,0.821106,0.821106,528.2025,528.2025,528.2025,493.487411,493.487411,493.487411
1067,20000,24,0.821106,,0.821106,0.821106,0.821106,528.2025,528.2025,528.2025,493.487411,493.487411,493.487411
1068,20000,24,0.821106,,0.821106,0.821106,0.821106,528.2025,528.2025,528.2025,493.487411,493.487411,493.487411
1069,20000,24,0.821106,,0.821106,0.821106,0.821106,528.2025,528.2025,528.2025,493.487411,493.487411,493.487411
1070,20000,24,0.821106,,0.821106,0.821106,0.821106,528.2025,528.2025,528.2025,493.487411,493.487411,493.487411
1071,20000,24,0.821106,,0.821106,0.821106,0.821106,528.2025,528.2025,528.2025,493.487411,493.487411,493.487411
1072,20000,24,0.821106,,0.821106,0.821106,0.821106,528.2025,528.2025,528.2025,493.487411,493.487411,493.487411
1073,20000,24,0.821106,,0.821106,0.821106,0.821106,528.2025,528.2025,528.2025,493.487411,493.487411,493.487411
1074,20000,24,0.821106,,0.821106,0.821106,0.821106,528.2025,528.2025,528.2025,493.487411,493.487411,493.487411
1075,20000,24,0.821106,,0.821106,0.821106,0.821106,528.2025,528.2025,528.2025,493.487411,493.487411,493.487411
1076,20000,24,0.821106,,0.821106,0.821106,0.821106,528.2025,528.2025,528.2025,493.487411,493.487411,493.487411
1077,20000,24,0.821106,,0.821106,0.821106,0.821106,528.2025,528.2025,528.2025,493.487411,493.487411,493.487411
1078,20000,24,0.821106,,0.821106,0.821106,0.821106,528.2025,528.2025,528.2025,493.487411,493.487411,493.487411
1079,20000,24,0.821106,,0.821106,0.821106,0.821106,528.2025,528.2025,528.2025,493.487411,493.487411,493.487411
1080,20000,24,0.821106,,0.821106,0.821106,0.821106,528.2025,528.2025,528.2025,493.487411,493.487411,493.487411
1081,20000,24,0.821106,,0.821106,0.821106,0.821106,528.2025,528.2025,528.2025,493.487411,493.487411,493.487411
1082,20000,24,0.821106,,0.821106,0.821106,0.821106,528.2025,528.2025,528.2025,493.487411,493.487411,493.487411
1083,20000,24,0.821106,,0.821106,0.821106,0.821106,528.2025,528.2025,528.2025,493.487411,493.487411,493.487411
1084,20000,24,0.821106,,0.821106,0.821106,0.821106,528.2025,528.2025,528.2025,493.487411,493.487411,493.487411
1085,20000,24,0.821106,,0.821106,0.821106,0.821106,528.2025,528.2025,528.2025,493.487411,493.487411,493.487411
1086,20000,24,0.821106,,0.821106,0.821106,0.821106,528.2025,528.2025,528.2025,493.487411,493.487411,493.487411
1087,20000,24,0.821106,,0.821106,0.821106,0.821106,528.2025,528.2025,528.2025,493.487411,493.487411,493.487411
1088,20000,24,0.821106,,0.821106,0.821106,0.821106,528.2025,528.2025,528.2025,493.487411,493.487411,493.487411
1089,20000,24,0.821106,,0.821106,0.821106,0.821106,528.2025,528.2025,528.2025,493.487411,493.487411,493.487411
1090,20000,24,0.821106,,0.821106,0.821106,0.821106,528.2025,528.2025,528.2025,493.487411,493.487411,493.487411
1091,20000,24,0.821106,,0.821106,0.821106,0.821106,528.2025,528.2025,528.2025,493.487411,493.487411,493.487411
1092,20000,24,0.821106,,0.821106,0.821106,0.821106,528.2025,528.2025,528.2025,493.487411,493.487411,493.487411
1093,20000,24,0.821106,,0.821106,0.821106,0.821106,528.2025,528.2025,528.2025,493.487411,493.487411,493.487411
1094,20000,24,0.821106,,0.821106,0.821106,0.821106,528.2025,528.2025,528.2025,493.487411,493.487411,493.487411
1095,20000,24,0.821106,,0.821106,0.821106,0.821106,528.2025,528.2025,528.2025,493.487411,493.487411,493.487411
1096,20000,24,0.821106,,0.821106,0.821106,0.821106,528.2025,528.2025,528.2025,493.487411,493.487411,493.487411
1097,20000,24,0.821106,,0.821106,0.821106,0.821106,528.2025,528.2025,528.2025,493.487411,493.487411,493.487411
1098,20000,24,0.821106,,0.821106,0.821106,0.821106,528.2025,528.2025,528.2025,493.487411,493.487411,493.487411
1099,20000,24,0.821106,,0.821106,0.821106,0.821106,528.2025,528.2025,528.2025,493.487411,493.487411,493.487411
1100,20000,24,0.821106,,0.821106,0.821106,0.821106,528.2025,528.2025,528.2025,493.487411,493.487411,493.487411
1101,20000,24,0.821106,,0.821106,0.821106,0.821106,528.2025,528.2025,528.2025,493.487411,493.487411,493.487411
1102,20000,24,0.821106,,0.821106,0.821106,0.821106,528.2025,528.2025,528.2025,493.487411,493.487411,493.487411
1103,20000,24,0.821106,,0.821106,0.821106,0.821106,528.2025,528.2025,528.2025,493.487411,493.487411,493.487411
1104,20000,24,0.821106,,0.821106,0.821106,0.821106,528.2025,528.2025,528.2025,493.487411,493.487411,493.487411
1105,20000,24,0.821106,,0.821106,0.821106,0.821106,528.2025,528.2025,528.2025,493.487411,493.487411,493.487411
1106,20000,24,0.821106,,0.821106,0.821106,0.821106,528.2025,528.2025,528.2025,493.487411,493.487411,493.487411
1107,20000,24,0.821106,,0.821106,0.821106,0.821106,528.2025,528.2025,528.2025,493.487411,493.487411,493.487411
1108,20000,24,0.821106,,0.821106,0.821106,0.821106,528.2025,528.2025,528.2025,493.487411,493.487411,493.487411
1109,20000,24,0.821106,,0.821106,0.821106,0.821106,528.2025,528.2025,528.2025,493.487411,493.487411,493.487411
1110,20000,24,0.821106,,0.821106,0.821106,0.821106,528.2025,528.2025,528.2025,493.487411,493.487411,493.487411
1111,20000,24,0.821106,,0.821106,0.821106,0.821106,528.2025,528.2025,528.2025,493.487411,493.487411,493.487411
1112,20000,24,0.821106,,0.821106,0.821106,0.821106,528.2025,528.2025,528.2025,493.487411,493.487411,493.487411
1113,20000,24,0.821106,,0.821106,0.821106,0.821106,528.2025,528.2025,528.2025,493.487411,493.487411,493.487411
1114,20000,24,0.821106,,0.821106,0.821106,0.821106,528.2025,528.2025,528.2025,493.487411,493.487411,493.487411
1115,20000,24,0.821106,,0.821106,0.821106,0.821106,528.2025,528.2025,528.2025,493.487411,493.487411,493.487411
1116,20000,24,0.821106,,0.821106,0.821106,0.821106,528.2025,528.2025,528.2025,493.487411,493.487411,493.487411
1117,20000,24,0.821106,,0.821106,0.821106,0.821106,528.2025,528.2025,528.2025,493.487411,493.487411,493.487411
1118,20000,24,0.821106,,0.821106,0.821106,0.821106,528.2025,528.2025,528.2025,493.487411,493.487411,493.487411
1119,20000,24,0.821106,,0.821106,0.821106,0.821106,528.2025,528.2025,528.2025,493.487411,493.487411,493.487411
1120,20000,24,0.821106,,0.821106,0.821106,0.821106,528.2025,528.2025,528.2025,493.487411,493.487411,493.487411
1121,20000,24,0.821106,,0.821106,0.821106,0.821106,528.2025,528.2025,528.2025,493.487411,493.487411,493.487411
1122,20000,24,0.821106,,0.821106,0.821106,0.821106,528.2025,528.2025,528.2025,493.487411,493.487411,493.487411
1123,20000,24,0.821106,,0.821106,0.821106,0.821106,528.2025,528.2025,528.2025,493.487411,493.487411,493.487411
1124,20000,24,0.821106,,0.821106,0.821106,0.821106,528.2025,528.2025,528.2025,493.487411,493.487411,493.487411
1125,20000,24,0.821106,,0.821106,0.821106,0.821106,528.2025,528.2025,528.2025,493.487411,493.487411,493.487411
1126,20000,24,0.821106,,0.821106,0.821106,0.821106,528.2025,528.2025,528.2025,493.487411,493.487411,493.487411
1127,20000,24,0.821106,,0.821106,0.821106,0.821106,528.2025,528.2025,528.2025,493.487411,493.487411,493.487411
1128,20000,24,0.821106,,0.821106,0.821106,0.821106,528.2025,528.2025,528.2025,493.487411,493.487411,493.487411
1129,20000,24,0.821106,,0.821106,0.821106,0.821106,528.2025,528.2025,528.2025,493.487411,493.487411,493.487411
1130,20000,24,0.821106,,0.821106,0.821106,0.821106,528.2025,528.2025,528.2025,493.487411,493.487411,493.487411
1131,20000,24,0.821106,,0.821106,0.821106,0.821106,528.2025,528.2025,528.2025,493.487411,493.487411,493.487411
1132,20000,24,0.821106,,0.821106,0.821106,0.821106,528.2025,528.2025,528.2025,493.487411,493.487411,493.487411
1133,20000,24,0.821106,,0.821106,0.821106,0.821106,528.2025,528.2025,528.2025,493.487411,493.487411,493.487411
1134,20000,24,0.821106,,0.821106,0.821106,0.821106,528.2025,528.2025,528.2025,493.487411,493.487411,493.487411
1135,20000,24,0.821106,,0.821106,0.821106,0.821106,528.2025,528.2025,528.2025,493.487411,493.487411,493.487411
1136,20000,24,0.821106,,0.821106,0.821106,0.821106,528.2025,528.2025,528.2025,493.487411,493.487411,493.487411
1137,20000,24,0.821106,,0.821106,0.821106,0.821106,528.2025,528.2025,528.2025,493.487411,493.487411,493.487411
1138,20000,24,0.821106,,0.821106,0.821106,0.821106,528.2025,528.2025,528.2025,493.487411,493.487411,493.487411
1139,20000,24,0.821106,,0.821106,0.821106,0.821106,528.2025,528.2025,528.2025,493.487411,493.487411,493.487411
1140,20000,24,0.821106,,0.821106,0.821106,0.821106,528.2025,528.2025,528.2025,493.487411,493.487411,493.487411
1141,20000,24,0.821106,,0.821106,0.821106,0.821106,528.2025,528.2025,528.2025,493.487411,493.487411,493.487411
1142,20000,24,0.821106,,0.821106,0.821106,0.821106,528.2025,528.2025,528.2025,493.487411,493.487411,493.487411
1143,20000,24,0.821106,,0.821106,0.821106,0.821106,528.2025,528.2025,528.2025,493.487411,493.487411,493.487411
1144,20000,24,0.821106,,0.821106,0.821106,0.821106,528.2025,528.2025,528.2025,493.487411,493.487411,493.487411
1145,20000,24,0.821106,,0.821106,0.821106,0.821106,528.2025,528.2025,528.2025,493.487411,493.487411,493.487411
1146,20000,24,0.821106,,0.821106,0.821106,0.821106,528.2025,528.2025,528.2025,493.487411,493.487411,493.487411
1147,20000,24,0.821106,,0.821106,0.821106,0.821106,528.2025,528.2025,528.2025,493.487411,493.487411,493.487411
1148,20000,24,0.821106,,0.821106,0.821106,0.821106,528.2025,528.2025,528.2025,493.487411,493.487411,493.487411
1149,20000,24,0.821106,,0.821106,0.821106,0.821106,528.2025,528.2025,528.2025,493.487411,493.487411,493.487411
1150,20000,24,0.821106,,0.821106,0.821106,0.821106,528.2025,528.2025,528.2025,493.487411,493.487411,493.487411
1151,20000,24,0.821106,,0.821106,0.821106,0.821106,528.2025,528.2025,528.2025,493.487411,493.487411,493.487411
1152,20000,24,0.821106,,0.821106,0.821106,0.821106,528.2025,528.2025,528.2025,493.487411,493.487411,493.487411
1153,20000,24,0.821106,,0.821106,0.821106,0.821106,528.2025,528.2025,528.2025,493.487411,493.487411,493.487411
1154,20000,24,0.821106,,0.821106,0.821106,0.821106,528.2025,528.2025,528.2025,493.487411,493.487411,493.487411
1155,20000,24,0.821106,,0.821106,0.821106,0.821106,528.2025,528.2025,528.2025,493.487411,493.487411,493.487411
1156,20000,24,0.821106,,0.821106,0.821106,0.821106,528.2025,528.2025,528.2025,493.487411,493.487411,493.487411
1157,20000,24,0.821106,,0.821106,0.821106,0.821106,528.2025,528.2025,528.2025,493.487411,493.487411,493.487411
1158,20000,24,0.821106,,0.821106,0.821106,0.821106,528.2025,528.2025,528.2025,493.487411,493.487411,493.487411
1159,20000,24,0.821106,,0.821106,0.821106,0.821106,528.2025,528.2025,528.2025,493.487411,493.487411,493.487411
1160,20000,24,0.821106,,0.821106,0.821106,0.821106,528.2025,528.2025,528.2025,493.487411,493.487411,493.487411
1161,20000,24,0.821106,,0.821106,0.821106,0.821106,528.2025,528.2025,528.2025,493.487411,493.487411,493.487411
1162,20000,24,0.821106,,0.821106,0.821106,0.821106,528.2025,528.2025,528.2025,493.487411,493.487411,493.487411
1163,20000,24,0.821106,,0.821106,0.821106,0.821106,528.2025,528.2025,528.2025,493.487411,493.487411,493.487411
1164,20000,24,0.821106,,0.821106,0.821106,0.821106,528.2025,528.2025,528.2025,493.487411,493.487411,493.487411
1165,20000,24,0.821106,,0.821106,0.821106,0.821106,528.2025,528.2025,528.2025,493.487411,493.487411,493.487411
1166,20000,24,0.821106,,0.821106,0.821106,0.821106,528.2025,528.2025,528.2025,493.487411,493.487411,493.487411
1167,20000,24,0.821106,,0.821106,0.821106,0.821106,528.2025,528.2025,528.2025,493.487411,493.487411,493.487411
1168,20000,24,0.821106,,0.821106,0.821106,0.821106,528.2025,528.2025,528.2025,493.487411,493.487411,493.487411
1169,20000,24,0.821106,,0.821106,0.821106,0.821106,528.2025,528.2025,528.2025,493.487411,493.487411,493.487411
1170,20000,24,0.821106,,0.821106,0.821106,0.821106,528.2025,528.2025,528.2025,493.487411,493.487411,493.487411
1171,20000,24,0.821106,,0.821106,0.821106,0.821106,528.2025,528.2025,528.2025,493.487411,493.487411,493.487411
1172,20000,24,0.821106,,0.821106,0.821106,0.821106,528.2025,528.2025,528.2025,493.487411,493.487411,493.487411
1173,20000,24,0.821106,,0.821106,0.821106,0.821106,528.2025,528.2025,528.2025,493.487411,493.487411,493.487411
1174,20000,24,0.821106,,0.821106,0.821106,0.821106,528.2025,528.2025,528.2025,493.487411,493.487411,493.487411
1175,20000,24,0.821106,,0.821106,0.821106,0.821106,528.2025,528.2025,528.2025,493.487411,493.487411,493.487411
1176,20000,24,0.821106,,0.821106,0.821106,0.821106,528.2025,528.2025,528.2025,493.487411,493.487411,493.487411
1177,20000,24,0.821106,,0.821106,0.821106,0.821106,528.2025,528.2025,528.2025,493.487411,493.487411,493.487411
1178,20000,24,0.821106,,0.821106,0.821106,0.821106,528.2025,528.2025,528.2025,493.487411,493.487411,493.487411
1179,20000,24,0.821106,,0.821106,0.821106,0.821106,528.2025,528.2025,528.2025,493.487411,493.487411,493.487411
1180,20000,24,0.821106,,0.821106,0.821106,0.821106,528.2025,528.2025,528.2025,493.487411,493.487411,493.487411
1181,20000,24,0.821106,,0.821106,0.821106,0.821106,528.2025,528.2025,528.2025,493.487411,493.487411,493.487411
1182,20000,24,0.821106,,0.821106,0.821106,0.821106,528.2025,528.2025,528.2025,493.487411,493.487411,493.487411
1183,20000,24,0.821106,,0.821106,0.821106,0.821106,528.2025,528.2025,528.2025,493.487411,493.487411,493.487411
1184,20000,24,0.821106,,0.821106,0.821106,0.821106,528.2025,528.2025,528.2025,493.487411,493.487411,493.487411
1185,20000,24,0.821106,,0.821106,0.821106,0.821106,528.2025,528.2025,528.2025,493.487411,493.487411,493.487411
1186,20000,24,0.821106,,0.821106,0.821106,0.821106,528.2025,528.2025,528.2025,493.487411,493.487411,493.487411
1187,20000,24,0.821106,,0.821106,0.821106,0.821106,528.2025,528.2025,528.2025,493.487411,493.487411,493.487411
1188,20000,24,0.821106,,0.821106,0.821106,0.821106,528.2025,528.2025,528.2025,493.487411,493.487411,493.487411
1189,20000,24,0.821106,,0.821106,0.821106,0.821106,528.2025,528.2025,528.2025,493.487411,493.487411,493.487411
1190,20000,24,0.821106,,0.821106,0.821106,0.821106,528.2025,528.2025,528.2025,493.487411,493.487411,493.487411
1191,20000,24,0.821106,,0.821106,0.821106,0.821106,528.2025,528.2025,528.2025,493.487411,493.487411,493.487411
1192,20000,24,0.821106,,0.821106,0.821106,0.821106,528.2025,528.2025,528.2025,493.487411,493.487411,493.487411
1193,20000,24,0.821106,,0.821106,0.821106,0.821106,528.2025,528.2025,528.2025,493.487411,493.487411,493.487411
1194,20000,24,0.821106,,0.821106,0.821106,0.821106,528.2025,528.2025,528.2025,493.487411,493.487411,493.487411
1195,20000,24,0.821106,,0.821106,0.821106,0.821106,528.2025,528.2025,528.2025,493.487411,493.487411,493.487411
1196,20000,24,0.821106,,0.821106,0.821106,0.821106,528.2025,528.2025,528.2025,493.487411,493.487411,493.487411
1197,20000,24,0.821106,,0.821106,0.821106,0.821106,528.2025,528.2025,528.2025,493.487411,493.487411,493.487411
1198,20000,24,0.821106,,0.821106,0.821106,0.821106,528.2025,528.2025,528.2025,493.487411,493.487411,493.487411
1199,20000,24,0.821106,,0.821106,0.821106,0.821106,528.2025,528.2025,528.2025,493.487411,493.487411,493.487411
1200,20000,24,0.821106,,0.821106,0.821106,0.821106,528.2025,528.2025,528.2025,493.487411,493.487411,493.487411
1201,20000,24,0.821106,,0.821106,0.821106,0.821106,528.2025,528.2025,528.2025,493.487411,493.487411,493.487411
1202,20000,24,0.821106,,0.821106,0.821106,0.821106,528.2025,528.2025,528.2025,493.487411,493.487411,493.487411
1203,20000,24,0.821106,,0.821106,0.821106,0.821106,528.2025,528.2025,528.2025,493.487411,493.487411,493.487411
1204,20000,24,0.821106,,0.821106,0.821106,0.821106,528.2025,528.2025,528.2025,493.487411,493.487411,493.487411
1205,20000,24,0.821106,,0.821106,0.821106,0.821106,528.2025,528.2025,528.2025,493.487411,493.487411,493.487411
1206,20000,24,0.821106,,0.821106,0.821106,0.821106,528.2025,528.2025,528.2025,493.487411,493.487411,493.487411
1207,20000,24,0.821106,,0.821106,0.821106,0.821106,528.2025,528.2025,528.2025,493.487411,493.487411,493.487411
1208,20000,24,0.821106,,0.821106,0.821106,0.821106,528.2025,528.2025,528.2025,493.487411,493.487411,493.487411
1209,20000,24,0.821106,,0.821106,0.821106,0.821106,528.2025,528.2025,528.2025,493.487411,493.487411,493.487411
1210,20000,24,0.821106,,0.821106,0.821106,0.821106,528.2025,528.2025,528.2025,493.487411,493.487411,493.487411
1211,20000,24,0.821106,,0.821106,0.821106,0.821106,528.2025,528.2025,528.2025,493.487411,493.487411,493.487411
1212,20000,24,0.821106,,0.821106,0.821106,0.821106,528.2025,528.2025,528.2025,493.487411,493.487411,493.487411
1213,20000,24,0.821106,,0.821106,0.821106,0.821106,528.2025,528.2025,528.2025,493.487411,493.487411,493.487411
1214,20000,24,0.821106,,0.821106,0.821106,0.821106,528.2025,528.2025,528.2025,493.487411,493.487411,493.487411
1215,20000,24,0.821106,,0.821106,0.821106,0.821106,528.2025,528.2025,528.2025,493.487411,493.487411,493.487411
1216,20000,24,0.821106,,0.821106,0.821106,0.821106,528.2025,528.2025,528.2025,493.487411,493.487411,493.487411
1217,20000,24,0.821106,,0.821106,0.821106,0.821106,528.2025,528.2025,528.2025,493.487411,493.487411,493.487411
1218,20000,24,0.821106,,0.821106,0.821106,0.821106,528.2025,528.2025,528.2025,493.487411,493.487411,493.487411
1219,20000,24,0.821106,,0.821106,0.821106,0.821106,528.2025,528.2025,528.2025,493.487411,493.487411,493.487411
1220,20000,24,0.821106,,0.821106,0.821106,0.821106,528.2025,528.2025,528.2025,493.487411,493.487411,493.487411
1221,20000,24,0.821106,,0.821106,0.821106,0.821106,528.2025,528.2025,528.2025,493.487411,493.487411,493.487411
1222,20000,24,0.821106,,0.821106,0.821106,0.821106,528.2025,528.2025,528.2025,493.487411,493.487411,493.487411
1223,20000,24,0.821106,,0.821106,0.821106,0.821106,528.2025,528.2025,528.2025,493.487411,493.487411,493.487411
1224,20000,24,0.821106,,0.821106,0.821106,0.821106,528.2025,528.2025,528.2025,493.487411,493.487411,493.487411
1225,20000,24,0.821106,,0.821106,0.821106,0.821106,528.2025,528.2025,528.2025,493.487411,493.487411,493.487411
1226,20000,24,0.821106,,0.821106,0.821106,0.821106,528.2025,528.2025,528.2025,493.487411,493.487411,493.487411
1227,20000,24,0.821106,,0.821106,0.821106,0.821106,528.2025,528.2025,528.2025,493.487411,493.487411,493.487411
1228,20000,24,0.821106,,0.821106,0.821106,0.821106,528.2025,528.2025,528.2025,493.487411,493.487411,493.487411
1229,20000,24,0.821106,,0.821106,0.821106,0.821106,528.2025,528.2025,528.2025,493.487411,493.487411,493.487411
1230,20000,24,0.821106,,0.821106,0.821106,0.821106,528.2025,528.2025,528.2025,493.487411,493.487411,493.487411
1231,20000,24,0.821106,,0.821106,0.821106,0.821106,528.2025,528.2025,528.2025,493.487411,493.487411,493.487411
1232,20000,24,0.821106,,0.821106,0.821106,0.821106,528.2025,528.2025,528.2025,493.487411,493.487411,493.487411
1233,20000,24,0.821106,,0.821106,0.821106,0.821106,528.2025,528.2025,528.2025,493.487411,493.487411,493.487411
1234,20000,24,0.821106,,0.821106,0.821106,0.821106,528.2025,528.2025,528.2025,493.487411,493.487411,493.487411
1235,20000,24,0.821106,,0.821106,0.821106,0.821106,528.2025,528.2025,528.2025,493.487411,493.487411,493.487411
1236,20000,24,0.821106,,0.821106,0.821106,0.821106,528.2025,528.2025,528.2025,493.487411,493.487411,493.487411
1237,20000,24,0.821106,,0.821106,0.821106,0.821106,528.2025,528.2025,528.2025,493.487411,493.487411,493.487411
1238,20000,24,0.821106,,0.821106,0.821106,0.821106,528.2025,528.2025,528.2025,493.487411,493.487411,493.487411
1239,20000,24,0.821106,,0.821106,0.821106,0.821106,528.2025,528.2025,528.2025,493.487411,493.487411,493.487411
1240,20000,24,0.821106,,0.821106,0.821106,0.821106,528.2025,528.2025,528.2025,493.487411,493.487411,493.487411
1241,20000,24,0.821106,,0.821106,0.821106,0.821106,528.2025,528.2025,528.2025,493.487411,493.487411,493.487411
1242,20000,24,0.821106,,0.821106,0.821106,0.821106,528.2025,528.2025,528.2025,493.487411,493.487411,493.487411
1243,20000,24,0.821106,,0.821106,0.821106,0.821106,528.2025,528.2025,528.2025,493.487411,493.487411,493.487411
1244,20000,24,0.821106,,0.821106,0.821106,0.821106,528.2025,528.2025,528.2025,493.487411,493.487411,493.487411
1245,20000,24,0.821106,,0.821106,0.821106,0.821106,528.2025,528.2025,528.2025,493.487411,493.487411,493.487411
1246,20000,24,0.821106,,0.821106,0.821106,0.821106,528.2025,528.2025,528.2025,493.487411,493.487411,493.487411
1247,20000,24,0.821106,,0.821106,0.821106,0.821106,528.2025,528.2025,528.2025,493.487411,493.487411,493.487411
1248,20000,24,0.821106,,0.821106,0.821106,0.821106,528.2025,528.2025,528.2025,493.487411,493.487411,493.487411
1249,20000,24,0.821106,,0.821106,0.821106,0.821106,528.2025,528.2025,528.2025,493.487411,493.487411,493.487411
1250,20000,24,0.821106,,0.821106,0.821106,0.821106,528.2025,528.2025,528.2025,493.487411,493.487411,493.487411
1251,20000,24,0.821106,,0.821106,0.821106,0.821106,528.2025,528.2025,528.2025,493.487411,493.487411,493.487411
1252,20000,24,0.821106,,0.821106,0.821106,0.821106,528.2025,528.2025,528.2025,493.487411,493.487411,493.487411
1253,20000,24,0.821106,,0.821106,0.821106,0.821106,528.2025,528.2025,528.2025,493.487411,493.487411,493.487411
1254,20000,24,0.821106,,0.821106,0.821106,0.821106,528.2025,528.2025,528.2025,493.487411,493.487411,493.487411
1255,20000,24,0.821106,,0.821106,0.821106,0.821106,528.2025,528.2025,528.2025,493.487411,493.487411,493.487411
1256,20000,24,0.821106,,0.821106,0.821106,0.821106,528.2025,528.2025,528.2025,493.487411,493.487411,493.487411
1257,20000,24,0.821106,,0.821106,0.821106,0.821106,528.2025,528.2025,528.2025,493.487411,493.487411,493.487411
1258,20000,24,0.821106,,0.821106,0.821106,0.821106,528.2025,528.2025,528.2025,493.487411,493.487411,493.487411
1259,20000,24,0.821106,,0.821106,0.821106,0.821106,528.2025,528.2025,528.2025,493.487411,493.487411,493.487411
1260,20000,24,0.821106,,0.821106,0.821106,0.821106,528.2025,528.2025,528.2025,493.487411,493.487411,493.487411
1261,20000,24,0.821106,,0.821106,0.821106,0.821106,528.2025,528.2025,528.2025,493.487411,493.487411,493.487411
1262,20000,24,0.821106,,0.821106,0.821106,0.821106,528.2025,528.2025,528.2025,493.487411,493.487411,493.487411
1263,20000,24,0.821106,,0.821106,0.821106,0.821106,528.2025,528.2025,528.2025,493.487411,493.487411,493.487411
1264,20000,24,0.821106,,0.821106,0.821106,0.821106,528.2025,528.2025,528.2025,493.487411,493.487411,493.487411
1265,20000,24,0.821106,,0.821106,0.821106,0.821106,528.2025,528.2025,528.2025,493.487411,493.487411,493.487411
1266,20000,24,0.821106,,0.821106,0.821106,0.821106,528.2025,528.2025,528.2025,493.487411,493.487411,493.487411
1267,20000,24,0.821106,,0.821106,0.821106,0.821106,528.2025,528.2025,528.2025,493.487411,493.487411,493.487411
1268,20000,24,0.821106,,0.821106,0.821106,0.821106,528.2025,528.2025,528.2025,493.487411,493.487411,493.487411
1269,20000,24,0.821106,,0.821106,0.821106,0.821106,528.2025,528.2025,528.2025,493.487411,493.487411,493.487411
1270,20000,24,0.821106,,0.821106,0.821106,0.821106,528.2025,528.2025,528.2025,493.487411,493.487411,493.487411
1271,20000,24,0.821106,,0.821106,0.821106,0.821106,528.2025,528.2025,528.2025,493.487411,493.487411,493.487411
1272,20000,24,0.821106,,0.821106,0.821106,0.821106,528.2025,528.2025,528.2025,493.487411,493.487411,493.487411
1273,20000,24,0.821106,,0.821106,0.821106,0.821106,528.2025,528.2025,528.2025,493.487411,493.487411,493.487411
1274,20000,24,0.821106,,0.821106,0.821106,0.821106,528.2025,528.2025,528.2025,493.487411,493.487411,493.487411
1275,20000,24,0.821106,,0.821106,0.821106,0.821106,528.2025,528.2025,528.2025,493.487411,493.487411,493.487411
1276,20000,24,0.821106,,0.821106,0.821106,0.821106,528.2025,528.2025,528.2025,493.487411,493.487411,493.487411
1277,20000,24,0.821106,,0.821106,0.821106,0.821106,528.2025,528.2025,528.2025,493.487411,493.487411,493.487411
1278,20000,24,0.821106,,0.821106,0.821106,0.821106,528.2025,528.2025,528.2025,493.487411,493.487411,493.487411
1279,20000,24,0.821106,,0.821106,0.821106,0.821106,528.2025,528.2025,528.2025,493.487411,493.487411,493.487411
1280,20000,24,0.821106,,0.821106,0.821106,0.821106,528.2025,528.2025,528.2025,493.487411,493.487411,493.487411
1281,20000,24,0.821106,,0.821106,0.821106,0.821106,528.2025,528.2025,528.2025,493.487411,493.487411,493.487411
1282,20000,24,0.821106,,0.821106,0.821106,0.821106,528.2025,528.2025,528.2025,493.487411,493.487411,493.487411
1283,20000,24,0.821106,,0.821106,0.821106,0.821106,528.2025,528.2025,528.2025,493.487411,493.487411,493.487411
1284,20000,24,0.821106,,0.821106,0.821106,0.821106,528.2025,528.2025,528.2025,493.487411,493.487411,493.487411
1285,20000,24,0.821106,,0.821106,0.821106,0.821106,528.2025,528.2025,528.2025,493.487411,493.487411,493.487411
1286,20000,24,0.821106,,0.821106,0.821106,0.821106,528.2025,528.2025,528.2025,493.487411,493.487411,493.487411
1287,20000,24,0.821106,,0.821106,0.821106,0.821106,528.2025,528.2025,528.2025,493.487411,493.487411,493.487411
1288,20000,24,0.821106,,0.821106,0.821106,0.821106,528.2025,528.2025,528.2025,493.487411,493.487411,493.487411
1289,20000,24,0.821106,,0.821106,0.821106,0.821106,528.2025,528.2025,528.2025,493.487411,493.487411,493.487411
1290,20000,24,0.821106,,0.821106,0.821106,0.821106,528.2025,528.2025,528.2025,493.487411,493.487411,493.487411
1291,20000,24,0.821106,,0.821106,0.821106,0.821106,528.2025,528.2025,528.2025,493.487411,493.487411,493.487411
1292,20000,24,0.821106,,0.821106,0.821106,0.821106,528.2025,528.2025,528.2025,493.487411,493.487411,493.487411
1293,20000,24,0.821106,,0.821106,0.821106,0.821106,528.2025,528.2025,528.2025,493.487411,493.487411,493.487411
1294,20000,24,0.821106,,0.821106,0.821106,0.821106,528.2025,528.2025,528.2025,493.487411,493.487411,493.487411
1295,20000,24,0.821106,,0.821106,0.821106,0.821106,528.2025,528.2025,528.2025,493.487411,493.487411,493.487411
1296,20000,24,0.821106,,0.821106,0.821106,0.821106,528.2025,528.2025,528.2025,493.487411,493.487411,493.487411
1297,20000,24,0.821106,,0.821106,0.821106,0.821106,528.2025,528.2025,528.2025,493.487411,493.487411,493.487411
1298,20000,24,0.821106,,0.821106,0.821106,0.821106,528.2025,528.2025,528.2025,493.487411,493.487411,493.487411
1299,20000,24,0.821106,,0.821106,0.821106,0.821106,528.2025,528.2025,528.2025,493.487411,493.487411,493.487411
1300,20000,24,0.821106,,0.821106,0.821106,0.821106,528.2025,528.2025,528.2025,493.487411,493.487411,493.487411
1301,20000,24,0.821106,,0.821106,0.821106,0.821106,528.2025,528.2025,528.2025,493.487411,493.487411,493.487411
1302,20000,24,0.821106,,0.821106,0.821106,0.821106,528.2025,528.2025,528.2025,493.487411,493.487411,493.487411
1303,20000,24,0.821106,,0.821106,0.821106,0.821106,528.2025,528.2025,528.2025,493.487411,493.487411,493.487411
1304,20000,24,0.821106,,0.821106,0.821106,0.821106,528.2025,528.2025,528.2025,493.487411,493.487411,493.487411
1305,20000,24,0.821106,,0.821106,0.821106,0.821106,528.2025,528.2025,528.2025,493.487411,493.487411,493.487411
1306,20000,24,0.821106,,0.821106,0.821106,0.821106,528.2025,528.2025,528.2025,493.487411,493.487411,493.487411
1307,20000,24,0.821106,,0.821106,0.821106,0.821106,528.2025,528.2025,528.2025,493.487411,493.487411,493.487411
1308,20000,24,0.821106,,0.821106,0.821106,0.821106,528.2025,528.2025,528.2025,493.487411,493.487411,493.487411
1309,20000,24,0.821106,,0.821106,0.821106,0.821106,528.2025,528.2025,528.2025,493.487411,493.487411,493.487411
1310,20000,24,0.821106,,0.821106,0.821106,0.821106,528.2025,528.2025,528.2025,493.487411,493.487411,493.487411
1311,20000,24,0.821106,,0.821106,0.821106,0.821106,528.2025,528.2025,528.2025,493.487411,493.487411,493.487411
1312,20000,24,0.821106,,0.821106,0.821106,0.821106,528.2025,528.2025,528.2025,493.487411,493.487411,493.487411
1313,20000,24,0.821106,,0.821106,0.821106,0.821106,528.2025,528.2025,528.2025,493.487411,493.487411,493.487411
1314,20000,24,0.821106,,0.821106,0.821106,0.821106,528.2025,528.2025,528.2025,493.487411,493.487411,493.487411
1315,20000,24,0.821106,,0.821106,0.821106,0.821106,528.2025,528.2025,528.2025,493.487411,493.487411,493.487411
1316,20000,24,0.821106,,0.821106,0.821106,0.821106,528.2025,528.2025,528.2025,493.487411,493.487411,493.487411
1317,20000,24,0.821106,,0.821106,0.821106,0.821106,528.2025,528.2025,528.2025,493.487411,493.487411,493.487411
1318,20000,24,0.821106,,0.821106,0.821106,0.821106,528.2025,528.2025,528.2025,493.487411,493.487411,493.487411
1319,20000,24,0.821106,,0.821106,0.821106,0.821106,528.2025,528.2025,528.2025,493.487411,493.487411,493.487411
1320,20000,24,0.821106,,0.821106,0.821106,0.821106,528.2025,528.2025,528.2025,493.487411,493.487411,493.487411
1321,20000,24,0.821106,,0.821106,0.821106,0.821106,528.2025,528.2025,528.2025,493.487411,493.487411,493.487411
1322,20000,24,0.821106,,0.821106,0.821106,0.821106,528.2025,528.2025,528.2025,493.487411,493.487411,493.487411
1323,20000,24,0.821106,,0.821106,0.821106,0.821106,528.2025,528.2025,528.2025,493.487411,493.487411,493.487411
1324,20000,24,0.821106,,0.821106,0.821106,0.821106,528.2025,528.2025,528.2025,493.487411,493.487411,493.487411
1325,20000,24,0.821106,,0.821106,0.821106,0.821106,528.2025,528.2025,528.2025,493.487411,493.487411,493.487411
1326,20000,24,0.821106,,0.821106,0.821106,0.821106,528.2025,528.2025,528.2025,493.487411,493.487411,493.487411
1327,20000,24,0.821106,,0.821106,0.821106,0.821106,528.2025,528.2025,528.2025,493.487411,493.487411,493.487411
1328,20000,24,0.821106,,0.821106,0.821106,0.821106,528.2025,528.2025,528.2025,493.487411,493.487411,493.487411
1329,20000,24,0.821106,,0.821106,0.821106,0.821106,528.2025,528.2025,528.2025,493.487411,493.487411,493.487411
1330,20000,24,0.821106,,0.821106,0.821106,0.821106,528.2025,528.2025,528.2025,493.487411,493.487411,493.487411
1331,20000,24,0.821106,,0.821106,0.821106,0.821106,528.2025,528.2025,528.2025,493.487411,493.487411,493.487411
1332,20000,24,0.821106,,0.821106,0.821106,0.821106,528.2025,528.2025,528.2025,493.487411,493.487411,493.487411
1333,20000,24,0.821106,,0.821106,0.821106,0.821106,528.2025,528.2025,528.2025,493.487411,493.487411,493.487411
1334,20000,24,0.821106,,0.821106,0.821106,0.821106,528.2025,528.2025,528.2025,493.487411,493.487411,493.487411
1335,20000,24,0.821106,,0.821106,0.821106,0.821106,528.2025,528.2025,528.2025,493.487411,493.487411,493.487411
1336,20000,24,0.821106,,0.821106,0.821106,0.821106,528.2025,528.2025,528.2025,493.487411,493.487411,493.487411
1337,20000,24,0.821106,,0.821106,0.821106,0.821106,528.2025,528.2025,528.2025,493.487411,493.487411,493.487411
1338,20000,24,0.821106,,0.821106,0.821106,0.821106,528.2025,528.2025,528.2025,493.487411,493.487411,493.487411
1339,20000,24,0.821106,,0.821106,0.821106,0.821106,528.2025,528.2025,528.2025,493.487411,493.487411,493.487411
1340,20000,24,0.821106,,0.821106,0.821106,0.821106,528.2025,528.2025,528.2025,493.487411,493.487411,493.487411
1341,20000,24,0.821106,,0.821106,0.821106,0.821106,528.2025,528.2025,528.2025,493.487411,493.487411,493.487411
1342,20000,24,0.821106,,0.821106,0.821106,0.821106,528.2025,528.2025,528.2025,493.487411,493.487411,493.487411
1343,20000,24,0.821106,,0.821106,0.821106,0.821106,528.2025,528.2025,528.2025,493.487411,493.487411,493.487411
1344,20000,24,0.821106,,0.821106,0.821106,0.821106,528.2025,528.2025,528.2025,493.487411,493.487411,493.487411
1345,20000,24,0.821106,,0.821106,0.821106,0.821106,528.2025,528.2025,528.2025,493.487411,493.487411,493.487411
1346,20000,24,0.821106,,0.821106,0.821106,0.821106,528.2025,528.2025,528.2025,493.487411,493.487411,493.487411
1347,20000,24,0.821106,,0.821106,0.821106,0.821106,528.2025,528.2025,528.2025,493.487411,493.487411,493.487411
1348,20000,24,0.821106,,0.821106,0.821106,0.821106,528.2025,528.2025,528.2025,493.487411,493.487411,493.487411
1349,20000,24,0.821106,,0.821106,0.821106,0.821106,528.2025,528.2025,528.2025,493.487411,493.487411,493.487411
1350,20000,24,0.821106,,0.821106,0.821106,0.821106,528.2025,528.2025,528.2025,493.487411,493.487411,493.487411
1351,20000,24,0.821106,,0.821106,0.821106,0.821106,528.2025,528.2025,528.2025,493.487411,493.487411,493.487411
1352,20000,24,0.821106,,0.821106,0.821106,0.821106,528.2025,528.2025,528.2025,493.487411,493.487411,493.487411
1353,20000,24,0.821106,,0.821106,0.821106,0.821106,528.2025,528.2025,528.2025,493.487411,493.487411,493.487411
1354,20000,24,0.821106,,0.821106,0.821106,0.821106,528.2025,528.2025,528.2025,493.487411,493.487411,493.487411
1355,20000,24,0.821106,,0.821106,0.821106,0.821106,528.2025,528.2025,528.2025,493.487411,493.487411,493.487411
1356,20000,24,0.821106,,0.821106,0.821106,0.821106,528.2025,528.2025,528.2025,493.487411,493.487411,493.487411
1357,20000,24,0.821106,,0.821106,0.821106,0.821106,528.2025,528.2025,528.2025,493.487411,493.487411,493.487411
1358,20000,24,0.821106,,0.821106,0.821106,0.821106,528.2025,528.2025,528.2025,493.487411,493.487411,493.487411
1359,20000,24,0.821106,,0.821106,0.821106,0.821106,528.2025,528.2025,528.2025,493.487411,493.487411,493.487411
1360,20000,24,0.821106,,0.821106,0.821106,0.821106,528.2025,528.2025,528.2025,493.487411,493.487411,493.487411
1361,20000,24,0.821106,,0.821106,0.821106,0.821106,528.2025,528.2025,528.2025,493.487411,493.487411,493.487411
1362,20000,24,0.821106,,0.821106,0.821106,0.821106,528.2025,528.2025,528.2025,493.487411,493.487411,493.487411
1363,20000,24,0.821106,,0.821106,0.821106,0.821106,528.2025,528.2025,528.2025,493.487411,493.487411,493.487411
1364,20000,24,0.821106,,0.821106,0.821106,0.821106,528.2025,528.2025,528.2025,493.487411,493.487411,493.487411
1365,20000,24,0.821106,,0.821106,0.821106,0.821106,528.2025,528.2025,528.2025,493.487411,493.487411,493.487411
1366,20000,24,0.821106,,0.821106,0.821106,0.821106,528.2025,528.2025,528.2025,493.487411,493.487411,493.487411
1367,20000,24,0.821106,,0.821106,0.821106,0.821106,528.2025,528.2025,528.2025,493.487411,493.487411,493.487411
1368,20000,24,0.821106,,0.821106,0.821106,0.821106,528.2025,528.2025,528.2025,493.487411,493.487411,493.487411
1369,20000,24,0.821106,,0.821106,0.821106,0.821106,528.2025,528.2025,528.2025,493.487411,493.487411,493.487411
1370,20000,24,0.821106,,0.821106,0.821106,0.821106,528.2025,528.2025,528.2025,493.487411,493.487411,493.487411
1371,20000,24,0.821106,,0.821106,0.821106,0.821106,528.2025,528.2025,528.2025,493.487411,493.487411,493.487411
1372,20000,24,0.821106,,0.821106,0.821106,0.821106,528.2025,528.2025,528.2025,493.487411,493.487411,493.487411
1373,20000,24,0.821106,,0.821106,0.821106,0.821106,528.2025,528.2025,528.2025,493.487411,493.487411,493.487411
1374,20000,24,0.821106,,0.821106,0.821106,0.821106,528.2025,528.2025,528.2025,493.487411,493.487411,493.487411
1375,20000,24,0.821106,,0.821106,0.821106,0.821106,528.2025,528.2025,528.2025,493.487411,493.487411,493.487411
1376,20000,24,0.821106,,0.821106,0.821106,0.821106,528.2025,528.2025,528.2025,493.487411,493.487411,493.487411
1377,20000,24,0.821106,,0.821106,0.821106,0.821106,528.2025,528.2025,528.2025,493.487411,493.487411,493.487411
1378,20000,24,0.821106,,0.821106,0.821106,0.821106,528.2025,528.2025,528.2025,493.487411,493.487411,493.487411
1379,20000,24,0.821106,,0.821106,0.821106,0.821106,528.2025,528.2025,528.2025,493.487411,493.487411,493.487411
1380,20000,24,0.821106,,0.821106,0.821106,0.821106,528.2025,528.2025,528.2025,493.487411,493.487411,493.487411
1381,20000,24,0.821106,,0.821106,0.821106,0.821106,528.2025,528.2025,528.2025,493.487411,493.487411,493.487411
1382,20000,24,0.821106,,0.821106,0.821106,0.821106,528.2025,528.2025,528.2025,493.487411,493.487411,493.487411
1383,20000,24,0.821106,,0.821106,0.821106,0.821106,528.2025,528.2025,528.2025,493.487411,493.487411,493.487411
1384,20000,24,0.821106,,0.821106,0.821106,0.821106,528.2025,528.2025,528.2025,493.487411,493.487411,493.487411
1385,20000,24,0.821106,,0.821106,0.821106,0.821106,528.2025,528.2025,528.2025,493.487411,493.487411,493.487411
1386,20000,24,0.821106,,0.821106,0.821106,0.821106,528.2025,528.2025,528.2025,493.487411,493.487411,493.487411
1387,20000,24,0.821106,,0.821106,0.821106,0.821106,528.2025,528.2025,528.2025,493.487411,493.487411,493.487411
1388,20000,24,0.821106,,0.821106,0.821106,0.821106,528.2025,528.2025,528.2025,493.487411,493.487411,493.487411
1389,20000,24,0.821106,,0.821106,0.821106,0.821106,528.2025,528.2025,528.2025,493.487411,493.487411,493.487411
1390,20000,24,0.821106,,0.821106,0.821106,0.821106,528.2025,528.2025,528.2025,493.487411,493.487411,493.487411
1391,20000,24,0.821106,,0.821106,0.821106,0.821106,528.2025,528.2025,528.2025,493.487411,493.487411,493.487411
1392,20000,24,0.821106,,0.821106,0.821106,0.821106,528.2025,528.2025,528.2025,493.487411,493.487411,493.487411
1393,20000,24,0.821106,,0.821106,0.821106,0.821106,528.2025,528.2025,528.2025,493.487411,493.487411,493.487411
1394,20000,24,0.821106,,0.821106,0.821106,0.821106,528.2025,528.2025,528.2025,493.487411,493.487411,493.487411
1395,20000,24,0.821106,,0.821106,0.821106,0.821106,528.2025,528.2025,528.2025,493.487411,493.487411,493.487411
1396,20000,24,0.821106,,0.821106,0.821106,0.821106,528.2025,528.2025,528.2025,493.487411,493.487411,493.487411
1397,20000,24,0.821106,,0.821106,0.821106,0.821106,528.2025,528.2025,528.2025,493.487411,493.487411,493.487411
1398,20000,24,0.821106,,0.821106,0.821106,0.821106,528.2025,528.2025,528.2025,493.487411,493.487411,493.487411
1399,20000,24,0.821106,,0.821106,0.821106,0.821106,528.2025,528.2025,528.2025,493.487411,493.487411,493.487411
1400,20000,24,0.821106,,0.821106,0.821106,0.821106,528.2025,528.2025,528.2025,493.487411,493.487411,493.487411
1401,20000,24,0.821106,,0.821106,0.821106,0.821106,528.2025,528.2025,528.2025,493.487411,493.487411,493.487411
1402,20000,24,0.821106,,0.821106,0.821106,0.821106,528.2025,528.2025,528.2025,493.487411,493.487411,493.487411
1403,20000,24,0.821106,,0.821106,0.821106,0.821106,528.2025,528.2025,528.2025,493.487411,493.487411,493.487411
1404,20000,24,0.821106,,0.821106,0.821106,0.821106,528.2025,528.2025,528.2025,493.487411,493.487411,493.487411
1405,20000,24,0.821106,,0.821106,0.821106,0.821106,528.2025,528.2025,528.2025,493.487411,493.487411,493.487411
1406,20000,24,0.821106,,0.821106,0.821106,0.821106,528.2025,528.2025,528.2025,493.487411,493.487411,493.487411
1407,20000,24,0.821106,,0.821106,0.821106,0.821106,528.2025,528.2025,528.2025,493.487411,493.487411,493.487411
1408,20000,24,0.821106,,0.821106,0.821106,0.821106,528.2025,528.2025,528.2025,493.487411,493.487411,493.487411
1409,20000,24,0.821106,,0.821106,0.821106,0.821106,528.2025,528.2025,528.2025,493.487411,493.487411,493.487411
1410,20000,24,0.821106,,0.821106,0.821106,0.821106,528.2025,528.2025,528.2025,493.487411,493.487411,493.487411
1411,20000,24,0.821106,,0.821106,0.821106,0.821106,528.2025,528.2025,528.2025,493.487411,493.487411,493.487411
1412,20000,24,0.821106,,0.821106,0.821106,0.821106,528.2025,528.2025,528.2025,493.487411,493.487411,493.487411
1413,20000,24,0.821106,,0.821106,0.821106,0.821106,528.2025,528.2025,528.2025,493.487411,493.487411,493.487411
1414,20000,24,0.821106,,0.821106,0.821106,0.821106,528.2025,528.2025,528.2025,493.487411,493.487411,493.487411
1415,20000,24,0.821106,,0.821106,0.821106,0.821106,528.2025,528.2025,528.2025,493.487411,493.487411,493.487411
1416,20000,24,0.821106,,0.821106,0.821106,0.821106,528.2025,528.2025,528.2025,493.487411,493.487411,493.487411
1417,20000,24,0.821106,,0.821106,0.821106,0.821106,528.2025,528.2025,528.2025,493.487411,493.487411,493.487411
1418,20000,24,0.821106,,0.821106,0.821106,0.821106,528.2025,528.2025,528.2025,493.487411,493.487411,493.487411
1419,20000,24,0.821106,,0.821106,0.821106,0.821106,528.2025,528.2025,528.2025,493.487411,493.487411,493.487411
1420,20000,24,0.821106,,0.821106,0.821106,0.821106,528.2025,528.2025,528.2025,493.487411,493.487411,493.487411
1421,20000,24,0.821106,,0.821106,0.821106,0.821106,528.2025,528.2025,528.2025,493.487411,493.487411,493.487411
1422,20000,24,0.821106,,0.821106,0.821106,0.821106,528.2025,528.2025,528.2025,493.487411,493.487411,493.487411
1423,20000,24,0.821106,,0.821106,0.821106,0.821106,528.2025,528.2025,528.2025,493.487411,493.487411,493.487411
1424,20000,24,0.821106,,0.821106,0.821106,0.821106,528.2025,528.2025,528.2025,493.487411,493.487411,493.487411
1425,20000,24,0.821106,,0.821106,0.821106,0.821106,528.2025,528.2025,528.2025,493.487411,493.487411,493.487411
1426,20000,24,0.821106,,0.821106,0.821106,0.821106,528.2025,528.2025,528.2025,493.487411,493.487411,493.487411
1427,20000,24,0.821106,,0.821106,0.821106,0.821106,528.2025,528.2025,528.2025,493.487411,493.487411,493.487411
1428,20000,24,0.821106,,0.821106,0.821106,0.821106,528.2025,528.2025,528.2025,493.487411,493.487411,493.487411
1429,20000,24,0.821106,,0.821106,0.821106,0.821106,528.2025,528.2025,528.2025,493.487411,493.487411,493.487411
1430,20000,24,0.821106,,0.821106,0.821106,0.821106,528.2025,528.2025,528.2025,493.487411,493.487411,493.487411
1431,20000,24,0.821106,,0.821106,0.821106,0.821106,528.2025,528.2025,528.2025,493.487411,493.487411,493.487411
1432,20000,24,0.821106,,0.821106,0.821106,0.821106,528.2025,528.2025,528.2025,493.487411,493.487411,493.487411
1433,20000,24,0.821106,,0.821106,0.821106,0.821106,528.2025,528.2025,528.2025,493.487411,493.487411,493.487411
1434,20000,24,0.821106,,0.821106,0.821106,0.821106,528.2025,528.2025,528.2025,493.487411,493.487411,493.487411
1435,20000,24,0.821106,,0.821106,0.821106,0.821106,528.2025,528.2025,528.2025,493.487411,493.487411,493.487411
1436,20000,24,0.821106,,0.821106,0.821106,0.821106,528.2025,528.2025,528.2025,493.487411,493.487411,493.487411
1437,20000,24,0.821106,,0.821106,0.821106,0.821106,528.2025,528.2025,528.2025,493.487411,493.487411,493.487411
1438,20000,24,0.821106,,0.821106,0.821106,0.821106,528.2025,528.2025,528.2025,493.487411,493.487411,493.487411
1439,20000,24,0.821106,,0.821106,0.821106,0.821106,528.2025,528.2025,528.2025,493.487411,493.487411,493.487411
1440,20000,24,0.821106,,0.821106,0.821106,0.821106,528.2025,528.2025,528.2025,493.487411,493.487411,493.487411
1441,20000,24,0.821106,,0.821106,0.821106,0.821106,528.2025,528.2025,528.2025,493.487411,493.487411,493.487411
1442,20000,24,0.821106,,0.821106,0.821106,0.821106,528.2025,528.2025,528.2025,493.487411,493.487411,493.487411
1443,20000,24,0.821106,,0.821106,0.821106,0.821106,528.2025,528.2025,528.2025,493.487411,493.487411,493.487411
1444,20000,24,0.821106,,0.821106,0.821106,0.821106,528.2025,528.2025,528.2025,493.487411,493.487411,493.487411
1445,20000,24,0.821106,,0.821106,0.821106,0.821106,528.2025,528.2025,528.2025,493.487411,493.487411,493.487411
1446,20000,24,0.821106,,0.821106,0.821106,0.821106,528.2025,528.2025,528.2025,493.487411,493.487411,493.487411
1447,20000,24,0.821106,,0.821106,0.821106,0.821106,528.2025,528.2025,528.2025,493.487411,493.487411,493.487411
1448,20000,24,0.821106,,0.821106,0.821106,0.821106,528.2025,528.2025,528.2025,493.487411,493.487411,493.487411
1449,20000,24,0.821106,,0.821106,0.821106,0.821106,528.2025,528.2025,528.2025,493.487411,493.487411,493.487411
1450,20000,24,0.821106,,0.821106,0.821106,0.821106,528.2025,528.2025,528.2025,493.487411,493.487411,493.487411
1451,20000,24,0.821106,,0.821106,0.821106,0.821106,528.2025,528.2025,528.2025,493.487411,493.487411,493.487411
1452,20000,24,0.821106,,0.821106,0.821106,0.821106,528.2025,528.2025,528.2025,493.487411,493.487411,493.487411
1453,20000,24,0.821106,,0.821106,0.821106,0.821106,528.2025,528.2025,528.2025,493.487411,493.487411,493.487411
1454,20000,24,0.821106,,0.821106,0.821106,0.821106,528.2025,528.2025,528.2025,493.487411,493.487411,493.487411
1455,20000,24,0.821106,,0.821106,0.821106,0.821106,528.2025,528.2025,528.2025,493.487411,493.487411,493.487411
1456,20000,24,0.821106,,0.821106,0.821106,0.821106,528.2025,528.2025,528.2025,493.487411,493.487411,493.487411
1457,20000,24,0.821106,,0.821106,0.821106,0.821106,528.2025,528.2025,528.2025,493.487411,493.487411,493.487411
1458,20000,24,0.821106,,0.821106,0.821106,0.821106,528.2025,528.2025,528.2025,493.487411,493.487411,493.487411
1459,20000,24,0.821106,,0.821106,0.821106,0.821106,528.2025,528.2025,528.2025,493.487411,493.487411,493.487411
1460,20000,24,0.821106,,0.821106,0.821106,0.821106,528.2025,528.2025,528.2025,493.487411,493.487411,493.487411
1461,20000,24,0.821106,,0.821106,0.821106,0.821106,528.2025,528.2025,528.2025,493.487411,493.487411,493.487411
1462,20000,24,0.821106,,0.821106,0.821106,0.821106,528.2025,528.2025,528.2025,493.487411,493.487411,493.487411
1463,20000,24,0.821106,,0.821106,0.821106,0.821106,528.2025,528.2025,528.2025,493.487411,493.487411,493.487411
1464,20000,24,0.821106,,0.821106,0.821106,0.821106,528.2025,528.2025,528.2025,493.487411,493.487411,493.487411
1465,20000,24,0.821106,,0.821106,0.821106,0.821106,528.2025,528.2025,528.2025,493.487411,493.487411,493.487411
1466,20000,24,0.821106,,0.821106,0.821106,0.821106,528.2025,528.2025,528.2025,493.487411,493.487411,493.487411
1467,20000,24,0.821106,,0.821106,0.821106,0.821106,528.2025,528.2025,528.2025,493.487411,493.487411,493.487411
1468,20000,24,0.821106,,0.821106,0.821106,0.821106,528.2025,528.2025,528.2025,493.487411,493.487411,493.487411
1469,20000,24,0.821106,,0.821106,0.821106,0.821106,528.2025,528.2025,528.2025,493.487411,493.487411,493.487411
1470,20000,24,0.821106,,0.821106,0.821106,0.821106,528.2025,528.2025,528.2025,493.487411,493.487411,493.487411
1471,20000,24,0.821106,,0.821106,0.821106,0.821106,528.2025,528.2025,528.2025,493.487411,493.487411,493.487411
1472,20000,24,0.821106,,0.821106,0.821106,0.821106,528.2025,528.2025,528.2025,493.487411,493.487411,493.487411
1473,20000,24,0.821106,,0.821106,0.821106,0.821106,528.2025,528.2025,528.2025,493.487411,493.487411,493.487411
1474,20000,24,0.821106,,0.821106,0.821106,0.821106,528.2025,528.2025,528.2025,493.487411,493.487411,493.487411
1475,20000,24,0.821106,,0.821106,0.821106,0.821106,528.2025,528.2025,528.2025,493.487411,493.487411,493.487411
1476,20000,24,0.821106,,0.821106,0.821106,0.821106,528.2025,528.2025,528.2025,493.487411,493.487411,493.487411
1477,20000,24,0.821106,,0.821106,0.821106,0.821106,528.2025,528.2025,528.2025,493.487411,493.487411,493.487411
1478,20000,24,0.821106,,0.821106,0.821106,0.821106,528.2025,528.2025,528.2025,493.487411,493.487411,493.487411
1479,20000,24,0.821106,,0.821106,0.821106,0.821106,528.2025,528.2025,528.2025,493.487411,493.487411,493.487411
1480,20000,24,0.821106,,0.821106,0.821106,0.821106,528.2025,528.2025,528.2025,493.487411,493.487411,493.487411
1481,20000,24,0.821106,,0.821106,0.821106,0.821106,528.2025,528.2025,528.2025,493.487411,493.487411,493.487411
1482,20000,24,0.821106,,0.821106,0.821106,0.821106,528.2025,528.2025,528.2025,493.487411,493.487411,493.487411
1483,20000,24,0.821106,,0.821106,0.821106,0.821106,528.2025,528.2025,528.2025,493.487411,493.487411,493.487411
1484,20000,24,0.821106,,0.821106,0.821106,0.821106,528.2025,528.2025,528.2025,493.487411,493.487411,493.487411
1485,20000,24,0.821106,,0.821106,0.821106,0.821106,528.2025,528.2025,528.2025,493.487411,493.487411,493.487411
1486,20000,24,0.821106,,0.821106,0.821106,0.821106,528.2025,528.2025,528.2025,493.487411,493.487411,493.487411
1487,20000,24,0.821106,,0.821106,0.821106,0.821106,528.2025,528.2025,528.2025,493.487411,493.487411,493.487411
1488,20000,24,0.821106,,0.821106,0.821106,0.821106,528.2025,528.2025,528.2025,493.487411,493.487411,493.487411
1489,20000,24,0.821106,,0.821106,0.821106,0.821106,528.2025,528.2025,528.2025,493.487411,493.487411,493.487411
1490,20000,24,0.821106,,0.821106,0.821106,0.821106,528.2025,528.2025,528.2025,493.487411,493.487411,493.487411
1491,20000,24,0.821106,,0.821106,0.821106,0.821106,528.2025,528.2025,528.2025,493.487411,493.487411,493.487411
1492,20000,24,0.821106,,0.821106,0.821106,0.821106,528.2025,528.2025,528.2025,493.487411,493.487411,493.487411
1493,20000,24,0.821106,,0.821106,0.821106,0.821106,528.2025,528.2025,528.2025,493.487411,493.487411,493.487411
1494,20000,24,0.821106,,0.821106,0.821106,0.821106,528.2025,528.2025,528.2025,493.487411,493.487411,493.487411
1495,20000,24,0.821106,,0.821106,0.821106,0.821106,528.2025,528.2025,528.2025,493.487411,493.487411,493.487411
1496,20000,24,0.821106,,0.821106,0.821106,0.821106,528.2025,528.2025,528.2025,493.487411,493.487411,493.487411
1497,20000,24,0.821106,,0.821106,0.821106,0.821106,528.2025,528.2025,528.2025,493.487411,493.487411,493.487411
1498,20000,24,0.821106,,0.821106,0.821106,0.821106,528.2025,528.2025,528.2025,493.487411,493.487411,493.487411
1499,20000,24,0.821106,,0.821106,0.821106,0.821106,528.2025,528.2025,528.2025,493.487411,493.487411,493.487411
1500,20000,24,0.821106,,0.821106,0.821106,0.821106,528.2025,528.2025,528.2025,493.487411,493.487411,493.487411
1501,20000,24,0.821106,,0.821106,0.821106,0.821106,528.2025,528.2025,528.2025,493.487411,493.487411,493.487411
1502,20000,24,0.821106,,0.821106,0.821106,0.821106,528.2025,528.2025,528.2025,493.487411,493.487411,493.487411
1503,20000,24,0.821106,,0.821106,0.821106,0.821106,528.2025,528.2025,528.2025,493.487411,493.487411,493.487411
1504,20000,24,0.821106,,0.821106,0.821106,0.821106,528.2025,528.2025,528.2025,493.487411,493.487411,493.487411
1505,20000,24,0.821106,,0.821106,0.821106,0.821106,528.2025,528.2025,528.2025,493.487411,493.487411,493.487411
1506,20000,24,0.821106,,0.821106,0.821106,0.821106,528.2025,528.2025,528.2025,493.487411,493.487411,493.487411
1507,20000,24,0.821106,,0.821106,0.821106,0.821106,528.2025,528.2025,528.2025,493.487411,493.487411,493.487411
1508,20000,24,0.821106,,0.821106,0.821106,0.821106,528.2025,528.2025,528.2025,493.487411,493.487411,493.487411
1509,20000,24,0.821106,,0.821106,0.821106,0.821106,528.2025,528.2025,528.2025,493.487411,493.487411,493.487411
1510,20000,24,0.821106,,0.821106,0.821106,0.821106,528.2025,528.2025,528.2025,493.487411,493.487411,493.487411
1511,20000,24,0.821106,,0.821106,0.821106,0.821106,528.2025,528.2025,528.2025,493.487411,493.487411,493.487411
1512,20000,24,0.821106,,0.821106,0.821106,0.821106,528.2025,528.2025,528.2025,493.487411,493.487411,493.487411
1513,20000,24,0.821106,,0.821106,0.821106,0.821106,528.2025,528.2025,528.2025,493.487411,493.487411,493.487411
1514,20000,24,0.821106,,0.821106,0.821106,0.821106,528.2025,528.2025,528.2025,493.487411,493.487411,493.487411
1515,20000,24,0.821106,,0.821106,0.821106,0.821106,528.2025,528.2025,528.2025,493.487411,493.487411,493.487411
1516,20000,24,0.821106,,0.821106,0.821106,0.821106,528.2025,528.2025,528.2025,493.487411,493.487411,493.487411
1517,20000,24,0.821106,,0.821106,0.821106,0.821106,528.2025,528.2025,528.2025,493.487411,493.487411,493.487411
1518,20000,24,0.821106,,0.821106,0.821106,0.821106,528.2025,528.2025,528.2025,493.487411,493.487411,493.487411
1519,20000,24,0.821106,,0.821106,0.821106,0.821106,528.2025,528.2025,528.2025,493.487411,493.487411,493.487411
1520,20000,24,0.821106,,0.821106,0.821106,0.821106,528.2025,528.2025,528.2025,493.487411,493.487411,493.487411
1521,20000,24,0.821106,,0.821106,0.821106,0.821106,528.2025,528.2025,528.2025,493.487411,493.487411,493.487411
1522,20000,24,0.821106,,0.821106,0.821106,0.821106,528.2025,528.2025,528.2025,493.487411,493.487411,493.487411
1523,20000,24,0.821106,,0.821106,0.821106,0.821106,528.2025,528.2025,528.2025,493.487411,493.487411,493.487411
1524,20000,24,0.821106,,0.821106,0.821106,0.821106,528.2025,528.2025,528.2025,493.487411,493.487411,493.487411
1525,20000,24,0.821106,,0.821106,0.821106,0.821106,528.2025,528.2025,528.2025,493.487411,493.487411,493.487411
1526,20000,24,0.821106,,0.821106,0.821106,0.821106,528.2025,528.2025,528.2025,493.487411,493.487411,493.487411
1527,20000,24,0.821106,,0.821106,0.821106,0.821106,528.2025,528.2025,528.2025,493.487411,493.487411,493.487411
1528,20000,24,0.821106,,0.821106,0.821106,0.821106,528.2025,528.2025,528.2025,493.487411,493.487411,493.487411
1529,20000,24,0.821106,,0.821106,0.821106,0.821106,528.2025,528.2025,528.2025,493.487411,493.487411,493.487411
1530,20000,24,0.821106,,0.821106,0.821106,0.821106,528.2025,528.2025,528.2025,493.487411,493.487411,493.487411
1531,20000,24,0.821106,,0.821106,0.821106,0.821106,528.2025,528.2025,528.2025,493.487411,493.487411,493.487411
1532,20000,24,0.821106,,0.821106,0.821106,0.821106,528.2025,528.2025,528.2025,493.487411,493.487411,493.487411
1533,20000,24,0.821106,,0.821106,0.821106,0.821106,528.2025,528.2025,528.2025,493.487411,493.487411,493.487411
1534,20000,24,0.821106,,0.821106,0.821106,0.821106,528.2025,528.2025,528.2025,493.487411,493.487411,493.487411
1535,20000,24,0.821106,,0.821106,0.821106,0.821106,528.2025,528.2025,528.2025,493.487411,493.487411,493.487411
1536,20000,24,0.821106,,0.821106,0.821106,0.821106,528.2025,528.2025,528.2025,493.487411,493.487411,493.487411
1537,20000,24,0.821106,,0.821106,0.821106,0.821106,528.2025,528.2025,528.2025,493.487411,493.487411,493.487411
1538,20000,24,0.821106,,0.821106,0.821106,0.821106,528.2025,528.2025,528.2025,493.487411,493.487411,493.487411
1539,20000,24,0.821106,,0.821106,0.821106,0.821106,528.2025,528.2025,528.2025,493.487411,493.487411,493.487411
1540,20000,24,0.821106,,0.821106,0.821106,0.821106,528.2025,528.2025,528.2025,493.487411,493.487411,493.487411
1541,20000,24,0.821106,,0.821106,0.821106,0.821106,528.2025,528.2025,528.2025,493.487411,493.487411,493.487411
1542,20000,24,0.821106,,0.821106,0.821106,0.821106,528.2025,528.2025,528.2025,493.487411,493.487411,493.487411
1543,20000,24,0.821106,,0.821106,0.821106,0.821106,528.2025,528.2025,528.2025,493.487411,493.487411,493.487411
1544,20000,24,0.821106,,0.821106,0.821106,0.821106,528.2025,528.2025,528.2025,493.487411,493.487411,493.487411
1545,20000,24,0.821106,,0.821106,0.821106,0.821106,528.2025,528.2025,528.2025,493.487411,493.487411,493.487411
1546,20000,24,0.821106,,0.821106,0.821106,0.821106,528.2025,528.2025,528.2025,493.487411,493.487411,493.487411
1547,20000,24,0.821106,,0.821106,0.821106,0.821106,528.2025,528.2025,528.2025,493.487411,493.487411,493.487411
1548,20000,24,0.821106,,0.821106,0.821106,0.821106,528.2025,528.2025,528.2025,493.487411,493.487411,493.487411
1549,20000,24,0.821106,,0.821106,0.821106,0.821106,528.2025,528.2025,528.2025,493.487411,493.487411,493.487411
1550,20000,24,0.821106,,0.821106,0.821106,0.821106,528.2025,528.2025,528.2025,493.487411,493.487411,493.487411
1551,20000,24,0.821106,,0.821106,0.821106,0.821106,528.2025,528.2025,528.2025,493.487411,493.487411,493.487411
1552,20000,24,0.821106,,0.821106,0.821106,0.821106,528.2025,528.2025,528.2025,493.487411,493.487411,493.487411
1553,20000,24,0.821106,,0.821106,0.821106,0.821106,528.2025,528.2025,528.2025,493.487411,493.487411,493.487411
1554,20000,24,0.821106,,0.821106,0.821106,0.821106,528.2025,528.2025,528.2025,493.487411,493.487411,493.487411
1555,20000,24,0.821106,,0.821106,0.821106,0.821106,528.2025,528.2025,528.2025,493.487411,493.487411,493.487411
1556,20000,24,0.821106,,0.821106,0.821106,0.821106,528.2025,528.2025,528.2025,493.487411,493.487411,493.487411
1557,20000,24,0.821106,,0.821106,0.821106,0.821106,528.2025,528.2025,528.2025,493.487411,493.487411,493.487411
1558,20000,24,0.821106,,0.821106,0.821106,0.821106,528.2025,528.2025,528.2025,493.487411,493.487411,493.487411
1559,20000,24,0.821106,,0.821106,0.821106,0.821106,528.2025,528.2025,528.2025,493.487411,493.487411,493.487411
1560,20000,24,0.821106,,0.821106,0.821106,0.821106,528.2025,528.2025,528.2025,493.487411,493.487411,493.487411
1561,20000,24,0.821106,,0.821106,0.821106,0.821106,528.2025,528.2025,528.2025,493.487411,493.487411,493.487411
1562,20000,24,0.821106,,0.821106,0.821106,0.821106,528.2025,528.2025,528.2025,493.487411,493.487411,493.487411
1563,20000,24,0.821106,,0.821106,0.821106,0.821106,528.2025,528.2025,528.2025,493.487411,493.487411,493.487411
1564,20000,24,0.821106,,0.821106,0.821106,0.821106,528.2025,528.2025,528.2025,493.487411,493.487411,493.487411
1565,20000,24,0.821106,,0.821106,0.821106,0.821106,528.2025,528.2025,528.2025,493.487411,493.487411,493.487411
1566,20000,24,0.821106,,0.821106,0.821106,0.821106,528.2025,528.2025,528.2025,493.487411,493.487411,493.487411
1567,20000,24,0.821106,,0.821106,0.821106,0.821106,528.2025,528.2025,528.2025,493.487411,493.487411,493.487411
1568,20000,24,0.821106,,0.821106,0.821106,0.821106,528.2025,528.2025,528.2025,493.487411,493.487411,493.487411
1569,20000,24,0.821106,,0.821106,0.821106,0.821106,528.2025,528.2025,528.2025,493.487411,493.487411,493.487411
1570,20000,24,0.821106,,0.821106,0.821106,0.821106,528.2025,528.2025,528.2025,493.487411,493.487411,493.487411
1571,20000,24,0.821106,,0.821106,0.821106,0.821106,528.2025,528.2025,528.2025,493.487411,493.487411,493.487411
1572,20000,24,0.821106,,0.821106,0.821106,0.821106,528.2025,528.2025,528.2025,493.487411,493.487411,493.487411
1573,20000,24,0.821106,,0.821106,0.821106,0.821106,528.2025,528.2025,528.2025,493.487411,493.487411,493.487411
1574,20000,24,0.821106,,0.821106,0.821106,0.821106,528.2025,528.2025,528.2025,493.487411,493.487411,493.487411
1575,20000,24,0.821106,,0.821106,0.821106,0.821106,528.2025,528.2025,528.2025,493.487411,493.487411,493.487411
1576,20000,24,0.821106,,0.821106,0.821106,0.821106,528.2025,528.2025,528.2025,493.487411,493.487411,493.487411
1577,20000,24,0.821106,,0.821106,0.821106,0.821106,528.2025,528.2025,528.2025,493.487411,493.487411,493.487411
1578,20000,24,0.821106,,0.821106,0.821106,0.821106,528.2025,528.2025,528.2025,493.487411,493.487411,493.487411
1579,20000,24,0.821106,,0.821106,0.821106,0.821106,528.2025,528.2025,528.2025,493.487411,493.487411,493.487411
1580,20000,24,0.821106,,0.821106,0.821106,0.821106,528.2025,528.2025,528.2025,493.487411,493.487411,493.487411
1581,20000,24,0.821106,,0.821106,0.821106,0.821106,528.2025,528.2025,528.2025,493.487411,493.487411,493.487411
1582,20000,24,0.821106,,0.821106,0.821106,0.821106,528.2025,528.2025,528.2025,493.487411,493.487411,493.487411
1583,20000,24,0.821106,,0.821106,0.821106,0.821106,528.2025,528.2025,528.2025,493.487411,493.487411,493.487411
1584,20000,24,0.821106,,0.821106,0.821106,0.821106,528.2025,528.2025,528.2025,493.487411,493.487411,493.487411
1585,20000,24,0.821106,,0.821106,0.821106,0.821106,528.2025,528.2025,528.2025,493.487411,493.487411,493.487411
1586,20000,24,0.821106,,0.821106,0.821106,0.821106,528.2025,528.2025,528.2025,493.487411,493.487411,493.487411
1587,20000,24,0.821106,,0.821106,0.821106,0.821106,528.2025,528.2025,528.2025,493.487411,493.487411,493.487411
1588,20000,24,0.821106,,0.821106,0.821106,0.821106,528.2025,528.2025,528.2025,493.487411,493.487411,493.487411
1589,20000,24,0.821106,,0.821106,0.821106,0.821106,528.2025,528.2025,528.2025,493.487411,493.487411,493.487411
1590,20000,24,0.821106,,0.821106,0.821106,0.821106,528.2025,528.2025,528.2025,493.487411,493.487411,493.487411
1591,20000,24,0.821106,,0.821106,0.821106,0.821106,528.2025,528.2025,528.2025,493.487411,493.487411,493.487411
1592,20000,24,0.821106,,0.821106,0.821106,0.821106,528.2025,528.2025,528.2025,493.487411,493.487411,493.487411
1593,20000,24,0.821106,,0.821106,0.821106,0.821106,528.2025,528.2025,528.2025,493.487411,493.487411,493.487411
1594,20000,24,0.821106,,0.821106,0.821106,0.821106,528.2025,528.2025,528.2025,493.487411,493.487411,493.487411
1595,20000,24,0.821106,,0.821106,0.821106,0.821106,528.2025,528.2025,528.2025,493.487411,493.487411,493.487411
1596,20000,24,0.821106,,0.821106,0.821106,0.821106,528.2025,528.2025,528.2025,493.487411,493.487411,493.487411
1597,20000,24,0.821106,,0.821106,0.821106,0.821106,528.2025,528.2025,528.2025,493.487411,493.487411,493.487411
1598,20000,24,0.821106,,0.821106,0.821106,0.821106,528.2025,528.2025,528.2025,493.487411,493.487411,493.487411
1599,20000,24,0.821106,,0.821106,0.821106,0.821106,528.2025,528.2025,528.2025,493.487411,493.487411,493.487411
1600,20000,24,0.821106,,0.821106,0.821106,0.821106,528.2025,528.2025,528.2025,493.487411,493.487411,493.487411
1601,20000,24,0.821106,,0.821106,0.821106,0.821106,528.2025,528.2025,528.2025,493.487411,493.487411,493.487411
1602,20000,24,0.821106,,0.821106,0.821106,0.821106,528.2025,528.2025,528.2025,493.487411,493.487411,493.487411
1603,20000,24,0.821106,,0.821106,0.821106,0.821106,528.2025,528.2025,528.2025,493.487411,493.487411,493.487411
1604,20000,24,0.821106,,0.821106,0.821106,0.821106,528.2025,528.2025,528.2025,493.487411,493.487411,493.487411
1605,20000,24,0.821106,,0.821106,0.821106,0.821106,528.2025,528.2025,528.2025,493.487411,493.487411,493.487411
1606,20000,24,0.821106,,0.821106,0.821106,0.821106,528.2025,528.2025,528.2025,493.487411,493.487411,493.487411
1607,20000,24,0.821106,,0.821106,0.821106,0.821106,528.2025,528.2025,528.2025,493.487411,493.487411,493.487411
1608,20000,24,0.821106,,0.821106,0.821106,0.821106,528.2025,528.2025,528.2025,493.487411,493.487411,493.487411
1609,20000,24,0.821106,,0.821106,0.821106,0.821106,528.2025,528.2025,528.2025,493.487411,493.487411,493.487411
1610,20000,24,0.821106,,0.821106,0.821106,0.821106,528.2025,528.2025,528.2025,493.487411,493.487411,493.487411
1611,20000,24,0.821106,,0.821106,0.821106,0.821106,528.2025,528.2025,528.2025,493.487411,493.487411,493.487411
1612,20000,24,0.821106,,0.821106,0.821106,0.821106,528.2025,528.2025,528.2025,493.487411,493.487411,493.487411
1613,20000,24,0.821106,,0.821106,0.821106,0.821106,528.2025,528.2025,528.2025,493.487411,493.487411,493.487411
1614,20000,24,0.821106,,0.821106,0.821106,0.821106,528.2025,528.2025,528.2025,493.487411,493.487411,493.487411
1615,20000,24,0.821106,,0.821106,0.821106,0.821106,528.2025,528.2025,528.2025,493.487411,493.487411,493.487411
1616,20000,24,0.821106,,0.821106,0.821106,0.821106,528.2025,528.2025,528.2025,493.487411,493.487411,493.487411
1617,20000,24,0.821106,,0.821106,0.821106,0.821106,528.2025,528.2025,528.2025,493.487411,493.487411,493.487411
1618,20000,24,0.821106,,0.821106,0.821106,0.821106,528.2025,528.2025,528.2025,493.487411,493.487411,493.487411
1619,20000,24,0.821106,,0.821106,0.821106,0.821106,528.2025,528.2025,528.2025,493.487411,493.487411,493.487411
1620,20000,24,0.821106,,0.821106,0.821106,0.821106,528.2025,528.2025,528.2025,493.487411,493.487411,493.487411
1621,20000,24,0.821106,,0.821106,0.821106,0.821106,528.2025,528.2025,528.2025,493.487411,493.487411,493.487411
1622,20000,24,0.821106,,0.821106,0.821106,0.821106,528.2025,528.2025,528.2025,493.487411,493.487411,493.487411
1623,20000,24,0.821106,,0.821106,0.821106,0.821106,528.2025,528.2025,528.2025,493.487411,493.487411,493.487411
1624,20000,24,0.821106,,0.821106,0.821106,0.821106,528.2025,528.2025,528.2025,493.487411,493.487411,493.487411
1625,20000,24,0.821106,,0.821106,0.821106,0.821106,528.2025,528.2025,528.2025,493.487411,493.487411,493.487411
1626,20000,24,0.821106,,0.821106,0.821106,0.821106,528.2025,528.2025,528.2025,493.487411,493.487411,493.487411
1627,20000,24,0.821106,,0.821106,0.821106,0.821106,528.2025,528.2025,528.2025,493.487411,493.487411,493.487411
1628,20000,24,0.821106,,0.821106,0.821106,0.821106,528.2025,528.2025,528.2025,493.487411,493.487411,493.487411
1629,20000,24,0.821106,,0.821106,0.821106,0.821106,528.2025,528.2025,528.2025,493.487411,493.487411,493.487411
1630,20000,24,0.821106,,0.821106,0.821106,0.821106,528.2025,528.2025,528.2025,493.487411,493.487411,493.487411
1631,20000,24,0.821106,,0.821106,0.821106,0.821106,528.2025,528.2025,528.2025,493.487411,493.487411,493.487411
1632,20000,24,0.821106,,0.821106,0.821106,0.821106,528.2025,528.2025,528.2025,493.487411,493.487411,493.487411
1633,20000,24,0.821106,,0.821106,0.821106,0.821106,528.2025,528.2025,528.2025,493.487411,493.487411,493.487411
1634,20000,24,0.821106,,0.821106,0.821106,0.821106,528.2025,528.2025,528.2025,493.487411,493.487411,493.487411
1635,20000,24,0.821106,,0.821106,0.821106,0.821106,528.2025,528.2025,528.2025,493.487411,493.487411,493.487411
1636,20000,24,0.821106,,0.821106,0.821106,0.821106,528.2025,528.2025,528.2025,493.487411,493.487411,493.487411
1637,20000,24,0.821106,,0.821106,0.821106,0.821106,528.2025,528.2025,528.2025,493.487411,493.487411,493.487411
1638,20000,24,0.821106,,0.821106,0.821106,0.821106,528.2025,528.2025,528.2025,493.487411,493.487411,493.487411
1639,20000,24,0.821106,,0.821106,0.821106,0.821106,528.2025,528.2025,528.2025,493.487411,493.487411,493.487411
1640,20000,24,0.821106,,0.821106,0.821106,0.821106,528.2025,528.2025,528.2025,493.487411,493.487411,493.487411
1641,20000,24,0.821106,,0.821106,0.821106,0.821106,528.2025,528.2025,528.2025,493.487411,493.487411,493.487411
1642,20000,24,0.821106,,0.821106,0.821106,0.821106,528.2025,528.2025,528.2025,493.487411,493.487411,493.487411
1643,20000,24,0.821106,,0.821106,0.821106,0.821106,528.2025,528.2025,528.2025,493.487411,493.487411,493.487411
1644,20000,24,0.821106,,0.821106,0.821106,0.821106,528.2025,528.2025,528.2025,493.487411,493.487411,493.487411
1645,20000,24,0.821106,,0.821106,0.821106,0.821106,528.2025,528.2025,528.2025,493.487411,493.487411,493.487411
1646,20000,24,0.821106,,0.821106,0.821106,0.821106,528.2025,528.2025,528.2025,493.487411,493.487411,493.487411
1647,20000,24,0.821106,,0.821106,0.821106,0.821106,528.2025,528.2025,528.2025,493.487411,493.487411,493.487411
1648,20000,24,0.821106,,0.821106,0.821106,0.821106,528.2025,528.2025,528.2025,493.487411,493.487411,493.487411
1649,20000,24,0.821106,,0.821106,0.821106,0.821106,528.2025,528.2025,528.2025,493.487411,493.487411,493.487411
1650,20000,24,0.821106,,0.821106,0.821106,0.821106,528.2025,528.2025,528.2025,493.487411,493.487411,493.487411
1651,20000,24,0.821106,,0.821106,0.821106,0.821106,528.2025,528.2025,528.2025,493.487411,493.487411,493.487411
1652,20000,24,0.821106,,0.821106,0.821106,0.821106,528.2025,528.2025,528.2025,493.487411,493.487411,493.487411
1653,20000,24,0.821106,,0.821106,0.821106,0.821106,528.2025,528.2025,528.2025,493.487411,493.487411,493.487411
1654,20000,24,0.821106,,0.821106,0.821106,0.821106,528.2025,528.2025,528.2025,493.487411,493.487411,493.487411
1655,20000,24,0.821106,,0.821106,0.821106,0.821106,528.2025,528.2025,528.2025,493.487411,493.487411,493.487411
1656,20000,24,0.821106,,0.821106,0.821106,0.821106,528.2025,528.2025,528.2025,493.487411,493.487411,493.487411
1657,20000,24,0.821106,,0.821106,0.821106,0.821106,528.2025,528.2025,528.2025,493.487411,493.487411,493.487411
1658,20000,24,0.821106,,0.821106,0.821106,0.821106,528.2025,528.2025,528.2025,493.487411,493.487411,493.487411
1659,20000,24,0.821106,,0.821106,0.821106,0.821106,528.2025,528.2025,528.2025,493.487411,493.487411,493.487411
1660,20000,24,0.821106,,0.821106,0.821106,0.821106,528.2025,528.2025,528.2025,493.487411,493.487411,493.487411
1661,20000,24,0.821106,,0.821106,0.821106,0.821106,528.2025,528.2025,528.2025,493.487411,493.487411,493.487411
1662,20000,24,0.821106,,0.821106,0.821106,0.821106,528.2025,528.2025,528.2025,493.487411,493.487411,493.487411
1663,20000,24,0.821106,,0.821106,0.821106,0.821106,528.2025,528.2025,528.2025,493.487411,493.487411,493.487411
1664,20000,24,0.821106,,0.821106,0.821106,0.821106,528.2025,528.2025,528.2025,493.487411,493.487411,493.487411
1665,20000,24,0.821106,,0.821106,0.821106,0.821106,528.2025,528.2025,528.2025,493.487411,493.487411,493.487411
1666,20000,24,0.821106,,0.821106,0.821106,0.821106,528.2025,528.2025,528.2025,493.487411,493.487411,493.487411
1667,20000,24,0.821106,,0.821106,0.821106,0.821106,528.2025,528.2025,528.2025,493.487411,493.487411,493.487411
1668,20000,24,0.821106,,0.821106,0.821106,0.821106,528.2025,528.2025,528.2025,493.487411,493.487411,493.487411
1669,20000,24,0.821106,,0.821106,0.821106,0.821106,528.2025,528.2025,528.2025,493.487411,493.487411,493.487411
1670,20000,24,0.821106,,0.821106,0.821106,0.821106,528.2025,528.2025,528.2025,493.487411,493.487411,493.487411
1671,20000,24,0.821106,,0.821106,0.821106,0.821106,528.2025,528.2025,528.2025,493.487411,493.487411,493.487411
1672,20000,24,0.821106,,0.821106,0.821106,0.821106,528.2025,528.2025,528.2025,493.487411,493.487411,493.487411
1673,20000,24,0.821106,,0.821106,0.821106,0.821106,528.2025,528.2025,528.2025,493.487411,493.487411,493.487411
1674,20000,24,0.821106,,0.821106,0.821106,0.821106,528.2025,528.2025,528.2025,493.487411,493.487411,493.487411
1675,20000,24,0.821106,,0.821106,0.821106,0.821106,528.2025,528.2025,528.2025,493.487411,493.487411,493.487411
1676,20000,24,0.821106,,0.821106,0.821106,0.821106,528.2025,528.2025,528.2025,493.487411,493.487411,493.487411
1677,20000,24,0.821106,,0.821106,0.821106,0.821106,528.2025,528.2025,528.2025,493.487411,493.487411,493.487411
1678,20000,24,0.821106,,0.821106,0.821106,0.821106,528.2025,528.2025,528.2025,493.487411,493.487411,493.487411
1679,20000,24,0.821106,,0.821106,0.821106,0.821106,528.2025,528.2025,528.2025,493.487411,493.487411,493.487411
1680,20000,24,0.821106,,0.821106,0.821106,0.821106,528.2025,528.2025,528.2025,493.487411,493.487411,493.487411
1681,20000,24,0.821106,,0.821106,0.821106,0.821106,528.2025,528.2025,528.2025,493.487411,493.487411,493.487411
1682,20000,24,0.821106,,0.821106,0.821106,0.821106,528.2025,528.2025,528.2025,493.487411,493.487411,493.487411
1683,20000,24,0.821106,,0.821106,0.821106,0.821106,528.2025,528.2025,528.2025,493.487411,493.487411,493.487411
1684,20000,24,0.821106,,0.821106,0.821106,0.821106,528.2025,528.2025,528.2025,493.487411,493.487411,493.487411
1685,20000,24,0.821106,,0.821106,0.821106,0.821106,528.2025,528.2025,528.2025,493.487411,493.487411,493.487411
1686,20000,24,0.821106,,0.821106,0.821106,0.821106,528.2025,528.2025,528.2025,493.487411,493.487411,493.487411
1687,20000,24,0.821106,,0.821106,0.821106,0.821106,528.2025,528.2025,528.2025,493.487411,493.487411,493.487411
1688,20000,24,0.821106,,0.821106,0.821106,0.821106,528.2025,528.2025,528.2025,493.487411,493.487411,493.487411
1689,20000,24,0.821106,,0.821106,0.821106,0.821106,528.2025,528.2025,528.2025,493.487411,493.487411,493.487411
1690,20000,24,0.821106,,0.821106,0.821106,0.821106,528.2025,528.2025,528.2025,493.487411,493.487411,493.487411
1691,20000,24,0.821106,,0.821106,0.821106,0.821106,528.2025,528.2025,528.2025,493.487411,493.487411,493.487411
1692,20000,24,0.821106,,0.821106,0.821106,0.821106,528.2025,528.2025,528.2025,493.487411,493.487411,493.487411
1693,20000,24,0.821106,,0.821106,0.821106,0.821106,528.2025,528.2025,528.2025,493.487411,493.487411,493.487411
1694,20000,24,0.821106,,0.821106,0.821106,0.821106,528.2025,528.2025,528.2025,493.487411,493.487411,493.487411
1695,20000,24,0.821106,,0.821106,0.821106,0.821106,528.2025,528.2025,528.2025,493.487411,493.487411,493.487411
1696,20000,24,0.821106,,0.821106,0.821106,0.821106,528.2025,528.2025,528.2025,493.487411,493.487411,493.487411
1697,20000,24,0.821106,,0.821106,0.821106,0.821106,528.2025,528.2025,528.2025,493.487411,493.487411,493.487411
1698,20000,24,0.821106,,0.821106,0.821106,0.821106,528.2025,528.2025,528.2025,493.487411,493.487411,493.487411
1699,20000,24,0.821106,,0.821106,0.821106,0.821106,528.2025,528.2025,528.2025,493.487411,493.487411,493.487411
