gen,seed,threads,best_global,picos,fit_best,fit_worst,fit_mean,green_best,green_worst,green_mean,emis_best,emis_worst,emis_mean
0,20000,32,0.50897,,0.50897,0.364794,0.428073,333.88,245.9255,282.402563,606.737163,661.832329,635.341822
1,20000,32,0.50897,,0.50897,0.3903,0.441403,333.88,259.2351,289.820343,606.737163,652.185586,629.915046
2,20000,32,0.50897,,0.50897,0.401833,0.451283,333.88,259.2351,295.792345,606.737163,649.469107,626.210356
3,20000,32,0.50897,,0.50897,0.406233,0.459813,333.88,264.3936,300.929909,606.737163,648.909233,623.000253
4,20000,32,0.509674,,0.509674,0.419296,0.467026,334.5093,282.0963,305.286081,606.610215,641.982591,620.292982
5,20000,32,0.509674,,0.509674,0.437925,0.474684,334.5093,286.7533,310.004814,606.610215,634.98177,617.482043
6,20000,32,0.517246,,0.517246,0.44379,0.48143,338.2932,286.7533,314.231997,603.239502,628.875304,615.052554
7,20000,32,0.517246,,0.517246,0.458149,0.488539,338.2932,297.3463,318.360231,603.036819,622.067705,612.273926
8,20000,32,0.529006,,0.529006,0.470956,0.493649,347.9584,301.1742,321.460811,600.54306,621.683671,610.365463
9,20000,32,0.529006,,0.529006,0.475369,0.499159,347.9584,306.1013,325.417695,600.54306,621.41162,608.719134
10,20000,32,0.530823,,0.530823,0.476379,0.504564,350.5232,306.0459,329.515886,599.11908,617.297954,607.249948
11,20000,32,0.541566,,0.541566,0.478355,0.508784,352.1009,306.0459,332.394797,591.969521,616.79414,605.887465
12,20000,32,0.548317,,0.548317,0.486101,0.512524,357.0328,309.1767,334.742746,589.94079,616.132883,604.543537
13,20000,32,0.549647,,0.549647,0.487268,0.516295,357.0328,309.1767,337.585823,590.167652,616.132883,603.506988
14,20000,32,0.549647,,0.549647,0.489203,0.520781,357.2446,313.5338,340.428356,590.167652,612.443189,601.913069
15,20000,32,0.557618,,0.557618,0.499788,0.523839,367.2294,324.7733,342.497498,590.942222,611.191948,600.914312
16,20000,32,0.557618,,0.557618,0.500567,0.526788,367.2294,327.3052,344.464513,590.942222,611.191948,599.931966
17,20000,32,0.557618,,0.557618,0.505119,0.529388,367.2294,328.5245,345.969239,588.945678,608.180942,598.912717
18,20000,32,0.557618,,0.557618,0.507336,0.532692,367.2294,328.5245,348.179855,588.945678,606.229221,597.816372
19,20000,32,0.56636,,0.56636,0.508374,0.536005,374.442,328.5245,350.374148,588.945678,606.098807,596.702865
20,20000,32,0.56636,,0.56636,0.516036,0.540177,374.442,333.4613,353.397568,586.916584,603.590509,595.474607
21,20000,32,0.56636,,0.56636,0.518139,0.543616,374.442,335.691,355.701112,585.929733,602.345769,594.335681
22,20000,32,0.56636,,0.56636,0.520917,0.546815,374.442,337.3526,358.152918,585.929733,601.318017,593.484027
23,20000,32,0.575796,,0.575796,0.52629,0.549789,381.0735,343.4609,360.351382,585.929733,601.318017,592.637267
24,20000,32,0.575796,,0.575796,0.527843,0.552845,381.0735,343.4609,362.539834,585.929733,601.318017,591.719726
25,20000,32,0.575796,,0.575796,0.527843,0.555501,381.0735,343.4609,363.9522,585.840853,601.318017,590.59453
26,20000,32,0.577557,,0.577557,0.53096,0.558421,383.1154,343.4609,366.05904,583.254553,598.147592,589.728988
27,20000,32,0.581756,,0.581756,0.531718,0.561531,384.5933,344.7304,368.254838,583.251236,596.87658,588.774821
28,20000,32,0.584907,,0.584907,0.537726,0.565029,385.6943,350.4339,370.870471,580.881407,596.87658,587.798849
29,20000,32,0.584907,,0.584907,0.541483,0.567301,385.6943,351.9702,372.44994,580.881407,595.6545,587.084818
30,20000,32,0.584907,,0.584907,0.544005,0.570437,386.0245,352.4676,374.482263,580.881407,595.6545,586.001019
31,20000,32,0.588911,,0.588911,0.551038,0.573045,388.0863,358.3731,376.35357,580.523842,591.995208,585.220554
32,20000,32,0.588911,,0.588911,0.551038,0.574728,388.0863,358.3731,377.537411,580.523842,591.995208,584.701454
33,20000,32,0.588911,,0.588911,0.561426,0.577256,388.0863,365.205,379.472242,580.523842,589.513043,584.025828
34,20000,32,0.590005,,0.590005,0.565026,0.579465,391.3235,368.4876,381.123488,580.295794,589.513043,583.409066
35,20000,32,0.590545,,0.590545,0.565026,0.581057,391.3235,368.4876,382.475221,578.903633,589.513043,583.073254
36,20000,32,0.592728,,0.592728,0.565026,0.583169,392.747,369.6828,383.961084,578.903633,589.513043,582.422045
37,20000,32,0.596296,,0.596296,0.571879,0.585246,392.747,373.2249,385.399629,576.576652,586.148779,581.765886
38,20000,32,0.596296,,0.596296,0.57647,0.587034,394.2665,374.9467,386.381404,576.576652,586.148779,581.02859
39,20000,32,0.597854,,0.597854,0.578684,0.588839,394.2665,374.9467,387.473284,574.388052,583.708944,580.352942
40,20000,32,0.599247,,0.599247,0.580634,0.590202,395.1972,378.048,388.44928,574.388052,583.41346,579.943554
41,20000,32,0.60147,,0.60147,0.582346,0.591594,395.7613,378.7228,389.494562,574.388052,583.323326,579.558565
42,20000,32,0.602309,,0.602309,0.585321,0.59305,395.7613,381.9809,390.35152,574.388052,582.843124,578.997086
43,20000,32,0.603141,,0.603141,0.58561,0.59522,397.6102,383.6037,391.705942,574.388052,582.843124,578.211992
44,20000,32,0.608134,,0.608134,0.588884,0.597072,401.551,386.4646,392.684212,573.616461,580.826781,577.42258
45,20000,32,0.612872,,0.612872,0.589238,0.598913,402.2251,386.8205,393.672557,571.492331,580.524999,576.649064
46,20000,32,0.616079,,0.616079,0.594376,0.600783,404.7271,386.8205,394.82815,570.667314,579.541432,575.965144
47,20000,32,0.616079,,0.616079,0.594376,0.602907,404.7271,390.0412,395.914959,570.667314,579.541432,575.036125
48,20000,32,0.617665,,0.617665,0.594376,0.604863,405.8356,390.0412,397.054355,570.172738,579.541432,574.274345
49,20000,32,0.617665,,0.617665,0.597566,0.606865,405.8356,390.2625,398.191612,569.601644,576.965305,573.474672
50,20000,32,0.617665,,0.617665,0.599568,0.608533,405.8356,390.2625,399.180323,569.601644,576.346518,572.836446
51,20000,32,0.619597,,0.619597,0.599881,0.610693,405.8356,392.7114,400.514595,567.494464,576.346518,572.045305
52,20000,32,0.619597,,0.619597,0.603903,0.612897,405.8356,394.2934,401.832222,567.494464,574.837379,571.209503
53,20000,32,0.619597,,0.619597,0.606393,0.614204,405.8356,394.672,402.692364,567.494464,573.487874,570.766582
54,20000,32,0.620757,,0.620757,0.609165,0.615436,407.9946,397.8958,403.553542,567.494464,572.410819,570.382482
55,20000,32,0.624271,,0.624271,0.609165,0.616647,410.2198,397.8958,404.36263,566.94524,572.410819,569.97975
56,20000,32,0.625499,,0.625499,0.611749,0.617845,410.4431,398.5685,405.113109,566.94524,571.762151,569.548209
57,20000,32,0.625499,,0.625499,0.611984,0.618674,410.4431,398.5685,405.685765,566.94524,571.762151,569.285628
58,20000,32,0.626446,,0.626446,0.61403,0.619842,410.4431,400.7515,406.435602,564.478453,571.762151,568.877223
59,20000,32,0.628361,,0.628361,0.614811,0.621101,411.6242,402.2874,407.163591,564.371228,570.907908,568.382572
60,20000,32,0.628843,,0.628843,0.616419,0.622331,411.6242,403.6028,407.93132,563.967869,570.646882,567.938058
61,20000,32,0.628843,,0.628843,0.618206,0.623396,413.6155,404.0877,408.560724,563.967869,569.442017,567.528747
62,20000,32,0.629622,,0.629622,0.618414,0.624288,413.6155,404.0877,409.02184,563.967869,569.107551,567.142131
63,20000,32,0.631607,,0.631607,0.620459,0.625222,414.54,406.0887,409.668499,563.967869,569.078002,566.846586
64,20000,32,0.631607,,0.631607,0.620459,0.626107,414.54,406.0887,410.228127,563.660137,568.46752,566.531333
65,20000,32,0.635177,,0.635177,0.622977,0.62719,415.9864,406.3869,410.784529,562.909421,568.257414,566.059986
66,20000,32,0.635177,,0.635177,0.624248,0.628228,417.2102,406.6519,411.458832,562.86337,567.739223,565.702052
67,20000,32,0.635177,,0.635177,0.624603,0.629071,417.2102,407.9153,411.960617,562.058645,567.655328,565.38107
68,20000,32,0.636606,,0.636606,0.625637,0.62989,418.4997,408.5338,412.408052,562.042236,567.259957,565.042067
69,20000,32,0.636606,,0.636606,0.625637,0.630708,418.4997,408.8832,412.862722,561.512016,567.259957,564.708033
70,20000,32,0.638,,0.638,0.626855,0.632004,418.4997,408.8832,413.523804,560.620886,566.980595,564.140792
71,20000,32,0.641072,,0.641072,0.626855,0.633093,419.3576,408.9527,414.29568,560.419591,566.602701,563.808153
72,20000,32,0.641423,,0.641423,0.627951,0.634116,420.9133,408.9527,414.927659,559.436226,566.602701,563.433506
73,20000,32,0.641423,,0.641423,0.628422,0.635559,420.9133,411.2573,415.700711,558.093901,566.602701,562.826588
74,20000,32,0.642317,,0.642317,0.628599,0.636773,420.9133,411.9811,416.334198,558.093901,566.511491,562.303664
75,20000,32,0.64553,,0.64553,0.629206,0.637877,423.3062,411.9811,416.935215,557.549622,565.499271,561.845548
76,20000,32,0.647688,,0.647688,0.629206,0.638837,423.7022,412.2948,417.349005,557.549622,565.499271,561.374229
77,20000,32,0.649273,,0.649273,0.629206,0.639513,423.7022,412.2948,417.839166,557.359348,565.499271,561.175241
78,20000,32,0.649273,,0.649273,0.631054,0.640539,423.7022,413.72,418.407572,555.173914,565.01296,560.755489
79,20000,32,0.650178,,0.650178,0.633234,0.642053,425.1843,414.6404,419.491149,555.173914,564.098734,560.300912
80,20000,32,0.650283,,0.650283,0.635613,0.643311,425.3964,415.4167,420.185902,555.173914,564.098734,559.785211
81,20000,32,0.655341,,0.655341,0.636468,0.644715,426.7075,416.0057,421.009052,553.951683,563.035059,559.241392
82,20000,32,0.655341,,0.655341,0.636468,0.645916,426.8644,416.0951,421.886399,553.951683,563.035059,558.892993
83,20000,32,0.655341,,0.655341,0.640191,0.646978,429.2102,415.729,422.570052,553.951683,561.085192,558.522669
84,20000,32,0.656352,,0.656352,0.640217,0.648245,429.4163,416.3814,423.352242,553.625989,561.085192,558.058643
85,20000,32,0.67209,,0.67209,0.640217,0.65053,429.4163,411.1877,423.776276,536.216042,561.085192,556.560778
86,20000,32,0.67209,,0.67209,0.643456,0.652434,431.0068,411.1877,424.685803,536.216042,560.537552,555.684407
87,20000,32,0.67209,,0.67209,0.643456,0.653865,431.0068,411.1877,425.175803,536.216042,560.333945,554.896586
88,20000,32,0.67209,,0.67209,0.647726,0.655508,432.2377,410.7066,425.170859,536.216042,559.437831,553.611879
89,20000,32,0.67209,,0.67209,0.64899,0.657317,432.2377,402.766,425.1288,536.216042,558.956394,552.172808
90,20000,32,0.67209,,0.67209,0.649446,0.658958,431.597,406.9751,425.635317,536.216042,558.956394,551.232115
91,20000,32,0.67209,,0.67209,0.651389,0.66033,436.7382,406.9751,426.385845,536.216042,557.10547,550.665319
92,20000,32,0.673427,,0.673427,0.653164,0.662206,436.7382,410.7066,427.293489,536.216042,556.755326,549.809878
93,20000,32,0.674069,,0.674069,0.655341,0.663838,436.7382,411.1877,428.124035,536.216042,556.755326,549.093918
94,20000,32,0.676025,,0.676025,0.656999,0.665211,436.7382,415.7763,428.709649,536.216042,556.755326,548.415142
95,20000,32,0.682155,,0.682155,0.657395,0.666783,437.6139,418.5119,429.171688,534.918254,556.267605,547.498674
96,20000,32,0.683492,,0.683492,0.658284,0.668758,437.6139,422.2683,430.293728,534.918254,555.59413,546.709713
97,20000,32,0.683492,,0.683492,0.659352,0.670416,437.6139,422.3472,431.008903,534.918254,555.59413,545.896069
98,20000,32,0.684519,,0.684519,0.660378,0.671703,439.7927,422.9834,431.504157,534.918254,553.203795,545.22366
99,20000,32,0.688701,,0.688701,0.660882,0.673123,437.971,422.9834,432.261912,534.918254,553.203795,544.624026
100,20000,32,0.688701,,0.688701,0.662375,0.674838,438.7802,426.4634,433.410468,534.918254,552.767453,544.055968
101,20000,32,0.694225,,0.694225,0.662375,0.676224,439.4617,425.8408,433.982337,532.387784,552.767453,543.35809
102,20000,32,0.696105,,0.696105,0.666103,0.677935,441.4278,422.3592,434.913698,532.387784,552.612145,542.647877
103,20000,32,0.696105,,0.696105,0.666103,0.67909,441.4278,422.3592,435.475592,532.387784,552.090044,542.123436
104,20000,32,0.696105,,0.696105,0.667686,0.6807,443.5368,428.5253,436.156346,531.537626,552.090044,541.323637
105,20000,32,0.696105,,0.696105,0.668575,0.682512,443.5368,428.5253,436.865969,531.537626,551.757631,540.385538
106,20000,32,0.696105,,0.696105,0.672193,0.684438,443.1453,430.3691,437.667352,531.792761,550.23095,539.420664
107,20000,32,0.698255,,0.698255,0.675769,0.685855,443.5644,430.3691,438.128066,532.387784,545.619827,538.623845
108,20000,32,0.698255,,0.698255,0.678085,0.687008,443.5644,432.9779,438.714726,532.387784,545.288024,538.118035
109,20000,32,0.700658,,0.700658,0.680604,0.688051,443.5644,433.703,439.300086,530.526158,543.573269,537.696662
110,20000,32,0.700658,,0.700658,0.681189,0.689069,443.5644,433.9261,439.949892,530.526158,542.598029,537.338283
111,20000,32,0.700658,,0.700658,0.681979,0.689934,445.6223,434.2804,440.281322,530.526158,542.095966,536.885724
112,20000,32,0.700658,,0.700658,0.682717,0.690655,445.6223,435.2971,440.638371,530.526158,542.095966,536.56203
113,20000,32,0.700658,,0.700658,0.684136,0.691334,447.4843,435.2971,440.876519,530.526158,541.891538,536.192413
114,20000,32,0.700658,,0.700658,0.684984,0.691861,447.4843,435.5799,441.164568,530.526158,541.790898,535.974487
115,20000,32,0.700658,,0.700658,0.684984,0.692472,447.4843,437.712,441.536129,530.526158,541.790898,535.746742
116,20000,32,0.700658,,0.700658,0.686787,0.693253,446.6616,437.8647,441.825653,530.526158,541.790898,535.331258
117,20000,32,0.700658,,0.700658,0.686787,0.693781,446.6616,437.9696,442.129138,530.526158,541.966801,535.122841
118,20000,32,0.703342,,0.703342,0.687901,0.694767,446.6616,437.9696,442.628599,530.164284,539.75063,534.688258
119,20000,32,0.703342,,0.703342,0.687901,0.69551,448.1411,435.981,442.905131,530.164284,539.628307,534.294493
120,20000,32,0.703342,,0.703342,0.687901,0.696206,448.1411,435.981,443.240222,529.169498,539.628307,533.975603
121,20000,32,0.703342,,0.703342,0.687901,0.696802,448.1411,435.981,443.496475,529.169498,538.160843,533.682554
122,20000,32,0.704413,,0.704413,0.689933,0.697609,448.789,435.981,443.922792,529.169498,538.160843,533.338753
123,20000,32,0.704413,,0.704413,0.689933,0.698237,448.789,441.3247,444.189093,529.169498,537.597492,533.027422
124,20000,32,0.70641,,0.70641,0.689933,0.698906,451.2096,441.3247,444.550822,529.169498,537.597492,532.748325
125,20000,32,0.70641,,0.70641,0.692469,0.699486,451.9269,441.632,444.997282,528.98435,537.597492,532.59476
126,20000,32,0.70641,,0.70641,0.692849,0.699981,451.9269,441.632,445.286617,528.98435,537.597492,532.402921
127,20000,32,0.70641,,0.70641,0.692852,0.700575,451.9269,441.632,445.651948,528.896041,537.597492,532.184293
128,20000,32,0.70641,,0.70641,0.693129,0.701158,452.835,441.5658,446.070193,528.896041,537.08273,532.010043
129,20000,32,0.707408,,0.707408,0.693475,0.70173,452.835,441.632,446.623437,528.896041,537.08273,531.934361
130,20000,32,0.70805,,0.70805,0.693677,0.702181,452.835,441.632,446.901444,528.823468,536.319561,531.768675
131,20000,32,0.709752,,0.709752,0.693801,0.702917,454.7266,442.0336,447.416774,528.823468,536.319561,531.54007
132,20000,32,0.709752,,0.709752,0.694232,0.70363,454.7266,442.819,447.972904,528.710893,536.276966,531.356322
133,20000,32,0.713236,,0.713236,0.695466,0.704476,456.5566,442.5269,448.516119,528.710893,535.518918,531.061101
134,20000,32,0.713236,,0.713236,0.695466,0.705249,456.5566,442.819,449.028648,528.710893,535.518918,530.801396
135,20000,32,0.713831,,0.713831,0.695466,0.70594,458.3828,444.4232,449.480385,528.13521,535.486112,530.564667
136,20000,32,0.714712,,0.714712,0.701456,0.706669,456.5566,444.4232,449.970771,527.919361,533.784586,530.325295
137,20000,32,0.714712,,0.714712,0.701875,0.707156,457.7485,444.5795,450.583095,527.919361,533.65108,530.355424
138,20000,32,0.714712,,0.714712,0.703917,0.707675,457.7485,444.5795,450.917238,527.919361,532.25197,530.174301
139,20000,32,0.714712,,0.714712,0.703917,0.70849,457.5226,446.2517,451.694746,527.919361,532.25197,530.059699
140,20000,32,0.714712,,0.714712,0.703917,0.709208,458.4088,445.5084,452.31712,527.255086,532.13415,529.916973
141,20000,32,0.715287,,0.715287,0.704426,0.710171,458.4088,445.5084,453.281601,527.255086,532.474758,529.812409
142,20000,32,0.715287,,0.715287,0.706771,0.71086,459.9808,445.5084,453.829594,527.255086,532.065141,529.641754
143,20000,32,0.715287,,0.715287,0.70714,0.711452,459.9808,448.8663,454.345177,527.609481,531.896039,529.52554
144,20000,32,0.7163,,0.7163,0.707429,0.711707,461.0181,450.3403,454.456812,527.609481,531.896039,529.401809
145,20000,32,0.7163,,0.7163,0.70745,0.712075,461.0181,450.3403,454.678129,527.078372,531.896039,529.262356
146,20000,32,0.718116,,0.718116,0.70745,0.712479,461.0181,450.3403,454.852581,527.078372,531.896039,529.064211
147,20000,32,0.718116,,0.718116,0.70745,0.712885,461.6297,450.3403,455.163823,527.078372,531.896039,528.956656
148,20000,32,0.718116,,0.718116,0.70745,0.713349,461.6297,450.3403,455.657583,527.078372,531.896039,528.925411
149,20000,32,0.718865,,0.718865,0.70745,0.71384,461.6297,450.3403,455.963298,526.60289,531.432255,528.747293
150,20000,32,0.71974,,0.71974,0.708566,0.714416,461.6297,450.3588,456.482369,525.443646,531.432255,528.645566
151,20000,32,0.720048,,0.720048,0.708566,0.715034,462.3946,450.3588,457.003942,525.443646,530.312951,528.512928
152,20000,32,0.720048,,0.720048,0.708566,0.715685,462.3946,450.9492,457.66685,525.443646,531.567396,528.449358
153,20000,32,0.720048,,0.720048,0.708866,0.716389,462.3946,452.0004,458.225212,525.443646,530.213061,528.274394
154,20000,32,0.720494,,0.720494,0.709063,0.716889,462.3946,452.0441,458.629372,525.443646,530.213061,528.155529
155,20000,32,0.721724,,0.721724,0.709451,0.717559,462.3946,452.59,459.12584,525.443646,530.027203,527.965692
156,20000,32,0.721724,,0.721724,0.712517,0.717925,462.3946,456.3333,459.344485,525.443646,530.027203,527.82674
157,20000,32,0.721724,,0.721724,0.712517,0.718358,462.3946,456.3333,459.603754,525.443646,530.027203,527.662575
158,20000,32,0.721724,,0.721724,0.712517,0.718761,462.3946,456.3333,459.836864,525.443646,530.027203,527.504226
159,20000,32,0.722032,,0.722032,0.71462,0.719228,463.2793,457.9013,460.112707,525.443646,530.002172,527.324839
160,20000,32,0.722032,,0.722032,0.717001,0.719556,463.2793,457.9013,460.294877,525.239887,530.002172,527.191022
161,20000,32,0.723008,,0.723008,0.717099,0.719804,463.2793,457.9013,460.450317,524.86422,530.002172,527.101846
162,20000,32,0.724064,,0.724064,0.717165,0.720154,463.2793,457.9013,460.560776,524.86422,529.153467,526.902856
163,20000,32,0.724522,,0.724522,0.717165,0.720441,464.1168,458.4481,460.650348,524.86422,529.153467,526.739479
164,20000,32,0.724522,,0.724522,0.718904,0.720699,464.1168,458.4481,460.766332,524.653014,528.551507,526.61594
165,20000,32,0.724522,,0.724522,0.718904,0.720975,464.1168,458.4481,460.878319,524.653014,528.551507,526.475534
166,20000,32,0.724522,,0.724522,0.718904,0.721271,464.8591,458.4481,460.956186,524.653014,528.50673,526.296637
167,20000,32,0.724522,,0.724522,0.719157,0.721507,464.8591,458.4481,461.094555,524.653014,527.510608,526.205201
168,20000,32,0.724522,,0.724522,0.719157,0.721772,465.8112,458.4481,461.242559,524.653014,527.510608,526.097998
169,20000,32,0.72595,,0.72595,0.719157,0.722128,465.8112,458.4481,461.608797,524.653014,527.555106,526.06549
170,20000,32,0.728269,,0.728269,0.710527,0.722423,469.8786,453.781,461.846647,524.135754,529.869052,525.995071
171,20000,32,0.728269,,0.728269,0.719468,0.722944,469.8786,458.4481,462.318461,524.135754,527.416563,525.904926
172,20000,32,0.728269,,0.728269,0.72009,0.723216,469.8786,458.4481,462.576279,522.875273,527.416563,525.865335
173,20000,32,0.728269,,0.728269,0.72009,0.723616,470.9645,458.4481,462.929027,522.875273,530.045172,525.789928
174,20000,32,0.729005,,0.729005,0.72009,0.724012,472.1364,458.4481,463.310059,522.875273,530.045172,525.736028
175,20000,32,0.729496,,0.729496,0.72009,0.724627,472.1364,458.4481,463.933628,522.875273,529.873633,525.673913
176,20000,32,0.729496,,0.729496,0.720102,0.725105,472.1364,458.4481,464.365265,522.875273,529.873633,525.590726
177,20000,32,0.729496,,0.729496,0.720641,0.725417,471.0505,458.4735,464.580413,522.875273,527.681168,525.491303
178,20000,32,0.729496,,0.729496,0.720958,0.725912,471.0505,458.4735,465.003542,522.875273,527.681168,525.389093
179,20000,32,0.729496,,0.729496,0.721971,0.726389,471.0505,459.1207,465.591854,522.875273,527.681168,525.410963
180,20000,32,0.729496,,0.729496,0.723955,0.726832,471.0505,462.0188,465.943741,522.875273,527.681168,525.301706
181,20000,32,0.732277,,0.732277,0.723955,0.727254,471.0505,462.0188,466.308393,520.478252,527.681168,525.216935
182,20000,32,0.732277,,0.732277,0.723955,0.727475,471.0505,462.0188,466.594167,520.478252,527.681168,525.23562
183,20000,32,0.732612,,0.732612,0.724349,0.728109,472.3078,461.69,467.278196,520.478252,527.681168,525.199822
184,20000,32,0.732612,,0.732612,0.724349,0.728554,472.3078,461.69,467.742254,520.478252,527.681168,525.163377
185,20000,32,0.732612,,0.732612,0.724349,0.728935,472.3078,462.0188,467.996955,520.478252,527.681168,525.036563
186,20000,32,0.734292,,0.734292,0.724349,0.729272,474.0983,462.0188,468.284804,520.478252,527.826921,524.966932
187,20000,32,0.735815,,0.735815,0.72657,0.729902,474.0983,462.0188,468.823444,520.478252,527.08358,524.83641
188,20000,32,0.735815,,0.735815,0.72657,0.730209,474.0983,462.0188,469.036022,520.478252,527.08358,524.739557
189,20000,32,0.735815,,0.735815,0.72657,0.730788,474.3374,462.0188,469.537065,520.478252,526.826302,524.623982
190,20000,32,0.736552,,0.736552,0.726783,0.731399,474.4093,462.5713,469.953819,520.478252,526.647888,524.426382
191,20000,32,0.736814,,0.736814,0.727182,0.732152,474.4093,462.5868,470.584666,520.478252,526.645769,524.261589
192,20000,32,0.736842,,0.736842,0.729943,0.732616,474.8983,465.0845,470.967874,520.478252,526.135834,524.156521
193,20000,32,0.740123,,0.740123,0.729943,0.733221,475.8881,465.0845,471.547044,520.198417,526.135834,524.072468
194,20000,32,0.740123,,0.740123,0.729943,0.733711,475.8881,465.0845,472.031452,520.198417,525.495474,524.015011
195,20000,32,0.740123,,0.740123,0.729943,0.734137,475.8881,465.0845,472.496597,520.198417,525.495474,523.994809
196,20000,32,0.740123,,0.740123,0.729943,0.734803,475.8881,465.0845,472.950302,520.198417,525.495474,523.779509
197,20000,32,0.74057,,0.74057,0.729943,0.735356,476.8904,465.0845,473.368592,520.198417,525.495474,523.628372
198,20000,32,0.741569,,0.741569,0.732051,0.735869,476.8904,465.0845,473.682321,520.198417,525.495474,523.438161
199,20000,32,0.741569,,0.741569,0.732277,0.736307,476.8904,465.0845,473.770373,520.198417,525.495474,523.155645
200,20000,32,0.741569,,0.741569,0.732277,0.736807,476.8904,465.0845,474.099599,520.198417,525.464957,522.985989
201,20000,32,0.742295,,0.742295,0.734292,0.737304,477.9053,471.7209,474.316572,519.876264,524.947193,522.74372
202,20000,32,0.743967,,0.743967,0.734359,0.737741,477.9695,471.7209,474.464722,519.423973,524.855725,522.501926
203,20000,32,0.743967,,0.743967,0.735047,0.738068,477.9695,472.6501,474.544192,519.423973,524.855725,522.300612
204,20000,32,0.743967,,0.743967,0.735047,0.738391,478.6844,472.6501,474.62376,519.423973,524.855725,522.101491
205,20000,32,0.746102,,0.746102,0.735511,0.73876,480.5143,472.5694,474.786572,518.653921,524.27404,521.92313
206,20000,32,0.746102,,0.746102,0.735689,0.739173,480.5143,472.6501,475.04611,518.653921,524.27404,521.774972
207,20000,32,0.746505,,0.746505,0.73586,0.739893,480.5143,472.6501,475.393321,518.653921,524.27404,521.445959
208,20000,32,0.746527,,0.746527,0.73586,0.740548,480.5143,472.6501,475.71562,518.653921,524.27404,521.15133
209,20000,32,0.74697,,0.74697,0.73586,0.741132,480.5143,472.6501,476.067677,518.653921,524.112831,520.93152
210,20000,32,0.74697,,0.74697,0.73586,0.741431,480.5143,472.6501,476.187978,518.653921,523.906896,520.779213
211,20000,32,0.74697,,0.74697,0.736165,0.741954,481.2292,472.8892,476.484163,518.910034,523.424096,520.569134
212,20000,32,0.748591,,0.748591,0.736165,0.742633,481.9017,473.0233,476.963614,518.910034,523.424096,520.361322
213,20000,32,0.748591,,0.748591,0.736165,0.74342,481.9017,473.3104,477.479544,518.910034,523.424096,520.093254
214,20000,32,0.748591,,0.748591,0.737297,0.743949,481.9017,473.3104,477.745263,518.748825,522.075345,519.858177
215,20000,32,0.748591,,0.748591,0.73761,0.744481,481.9017,473.3104,478.096339,518.748825,521.830603,519.678875
216,20000,32,0.749255,,0.749255,0.73761,0.744948,482.4427,473.3104,478.447254,518.560844,521.830582,519.549304
217,20000,32,0.749255,,0.749255,0.737919,0.745564,482.4427,473.5241,478.903569,518.560844,521.732943,519.374512
218,20000,32,0.749694,,0.749694,0.73829,0.746157,482.5878,473.5241,479.397284,518.388739,522.097542,519.243188
219,20000,32,0.749694,,0.749694,0.740987,0.746748,482.6685,474.885,479.849535,518.388739,520.859954,519.084867
220,20000,32,0.749749,,0.749749,0.743971,0.747154,483.2095,476.4745,480.188255,518.292197,520.859954,518.99528
221,20000,32,0.749832,,0.749832,0.744191,0.747499,483.2095,476.4745,480.488542,518.292197,520.859954,518.927662
222,20000,32,0.750629,,0.750629,0.744199,0.747861,483.2433,477.0174,480.807817,518.246466,519.366092,518.859554
223,20000,32,0.752034,,0.752034,0.744544,0.74834,484.8211,477.0174,481.250908,518.169187,519.27129,518.782735
224,20000,32,0.752789,,0.752789,0.744544,0.748655,485.5634,477.2734,481.493635,517.900541,519.27129,518.69918
225,20000,32,0.752914,,0.752914,0.745154,0.749055,485.5634,477.8163,481.823249,517.900541,519.27129,518.608196
226,20000,32,0.752914,,0.752914,0.745168,0.749395,485.5634,477.8163,482.090206,517.900541,519.27129,518.522235
227,20000,32,0.752914,,0.752914,0.747132,0.749716,485.5634,479.3622,482.369136,517.867989,519.27129,518.458482
228,20000,32,0.752914,,0.752914,0.747132,0.750075,485.6829,479.7428,482.699332,517.867989,519.06244,518.400143
229,20000,32,0.753122,,0.753122,0.747132,0.750396,485.6829,479.7428,482.954935,517.601679,518.937516,518.320681
230,20000,32,0.753122,,0.753122,0.747187,0.750649,485.6829,479.7265,483.163261,517.601679,519.039125,518.262837
231,20000,32,0.753122,,0.753122,0.747187,0.750855,485.6829,480.2429,483.368878,517.601679,519.039125,518.239971
232,20000,32,0.753122,,0.753122,0.748356,0.751161,485.6829,480.5374,483.60282,517.563667,518.641433,518.157863
233,20000,32,0.753122,,0.753122,0.748382,0.751523,485.6829,480.5374,483.959933,517.563667,518.641433,518.114913
234,20000,32,0.753593,,0.753593,0.748549,0.751865,485.6829,480.6452,484.290428,517.563667,518.673986,518.069868
235,20000,32,0.753724,,0.753724,0.748969,0.752085,485.7684,481.0803,484.495655,517.540959,518.673986,518.03595
236,20000,32,0.754056,,0.754056,0.748969,0.752326,486.5241,481.8208,484.711231,517.530453,518.673986,517.992359
237,20000,32,0.754056,,0.754056,0.748969,0.752566,486.5241,481.8208,484.936456,517.451016,518.673986,517.955608
238,20000,32,0.754536,,0.754536,0.748969,0.752835,486.5241,481.8208,485.168252,517.323221,518.673986,517.901451
239,20000,32,0.754536,,0.754536,0.751097,0.753069,486.5241,483.1778,485.391639,517.323221,518.32649,517.868855
240,20000,32,0.754536,,0.754536,0.751177,0.753293,486.5241,483.1778,485.580905,517.323221,518.32649,517.820471
241,20000,32,0.756005,,0.756005,0.751323,0.753522,488.0046,483.0652,485.776316,517.323221,518.32649,517.772899
242,20000,32,0.756005,,0.756005,0.752169,0.753708,488.0046,484.6659,485.917531,517.294975,518.203319,517.722217
243,20000,32,0.756005,,0.756005,0.752169,0.753909,488.0046,484.6659,486.065723,517.133325,518.203319,517.664834
244,20000,32,0.756005,,0.756005,0.75288,0.754122,488.0046,485.3378,486.240499,517.133325,518.164783,517.616397
245,20000,32,0.756005,,0.756005,0.753103,0.754264,488.0046,485.3378,486.353029,517.133325,518.164783,517.581018
246,20000,32,0.756005,,0.756005,0.753122,0.754422,488.0046,485.5193,486.475219,517.129047,518.164783,517.539379
247,20000,32,0.756382,,0.756382,0.753122,0.754585,488.2286,485.5193,486.593853,517.129047,518.164783,517.492127
248,20000,32,0.756382,,0.756382,0.753202,0.754736,488.2286,485.5193,486.723551,517.129047,517.899336,517.460784
249,20000,32,0.756382,,0.756382,0.753801,0.754903,488.2286,485.733,486.860818,517.094551,517.899336,517.422444
250,20000,32,0.756409,,0.756409,0.753848,0.755025,488.3,485.9297,486.981998,517.094551,517.899336,517.408572
251,20000,32,0.756409,,0.756409,0.754003,0.755158,488.3,486.036,487.087286,517.094551,517.899336,517.375439
252,20000,32,0.756409,,0.756409,0.75414,0.755268,488.3,486.2497,487.162664,516.936492,517.886459,517.339963
253,20000,32,0.756409,,0.756409,0.754536,0.755418,488.3209,486.2497,487.270677,516.936492,517.823592,517.295646
254,20000,32,0.756703,,0.756703,0.754536,0.755582,488.6163,486.2497,487.438375,516.936492,517.823592,517.280075
255,20000,32,0.763973,,0.763973,0.752231,0.755728,492.5113,481.1792,487.319002,512.709707,517.823592,517.086322
256,20000,32,0.763973,,0.763973,0.753942,0.756023,492.5113,481.4375,487.602508,512.709707,517.823592,517.045667
257,20000,32,0.763973,,0.763973,0.7542,0.756296,492.5113,485.8292,487.848479,512.709707,517.611626,516.997942
258,20000,32,0.763973,,0.763973,0.7542,0.756545,492.7088,485.8292,488.039544,512.709707,517.589402,516.931549
259,20000,32,0.763973,,0.763973,0.754937,0.756927,493.828,483.425,488.261925,512.709707,517.516885,516.782475
260,20000,32,0.764743,,0.764743,0.755186,0.757528,495.7639,485.8292,488.778098,512.709707,517.352902,516.659495
261,20000,32,0.764743,,0.764743,0.756005,0.757851,495.7639,485.8292,489.077493,512.709707,517.352902,516.608242
262,20000,32,0.765623,,0.765623,0.756134,0.758239,496.2663,485.9542,489.360179,512.709707,517.352902,516.495016
263,20000,32,0.766323,,0.766323,0.756382,0.758591,496.4699,485.9542,489.724072,512.709707,518.066132,516.464794
264,20000,32,0.766323,,0.766323,0.756389,0.75908,496.7318,485.9542,490.11252,512.709707,519.22093,516.343387
265,20000,32,0.766323,,0.766323,0.756389,0.759631,496.7318,486.0676,490.583804,512.709707,519.22093,516.229525
266,20000,32,0.766331,,0.766331,0.756471,0.759979,496.7318,486.0676,490.90499,512.709707,517.914039,516.173124
267,20000,32,0.769889,,0.769889,0.756787,0.760574,499.7311,486.0676,491.319859,512.709707,517.225107,515.987005
268,20000,32,0.769889,,0.769889,0.756787,0.761121,499.7311,486.0676,491.778703,512.709707,517.098816,515.868383
269,20000,32,0.769889,,0.769889,0.756787,0.761552,499.7311,488.0818,492.084107,512.948821,517.067674,515.736601
270,20000,32,0.769889,,0.769889,0.756787,0.762259,499.7311,488.0818,492.615628,512.948821,517.067674,515.541416
271,20000,32,0.770438,,0.770438,0.756787,0.762887,500.3504,488.0818,493.031829,512.948821,517.067674,515.330292
272,20000,32,0.770438,,0.770438,0.757008,0.763601,500.3504,488.0818,493.560899,512.948821,516.954243,515.12766
273,20000,32,0.770589,,0.770589,0.757557,0.764343,500.3504,488.4127,494.172256,512.948821,516.954243,514.958486
274,20000,32,0.771841,,0.771841,0.757557,0.765115,500.7597,488.5236,494.814558,513.381766,516.875249,514.78696
275,20000,32,0.771841,,0.771841,0.757557,0.765538,500.7597,489.133,495.246831,513.381766,516.875249,514.747097
276,20000,32,0.771841,,0.771841,0.757557,0.76611,500.7597,489.133,495.791058,513.381766,516.875249,514.665551
277,20000,32,0.772953,,0.772953,0.757557,0.766811,501.8274,489.133,496.34689,513.357862,516.875249,514.491124
278,20000,32,0.772953,,0.772953,0.757637,0.767302,501.8274,489.133,496.730124,513.276061,516.812382,514.364826
279,20000,32,0.772953,,0.772953,0.760591,0.767895,501.8274,491.2723,497.243355,513.008658,516.383394,514.246276
280,20000,32,0.772953,,0.772953,0.763419,0.768327,501.8274,491.2723,497.546433,512.561268,515.220995,514.112275
281,20000,32,0.772953,,0.772953,0.763419,0.768903,501.8274,491.2723,498.064242,512.561268,514.977842,514.010374
282,20000,32,0.772953,,0.772953,0.763747,0.769326,501.8274,493.0552,498.434501,512.561268,515.493493,513.928373
283,20000,32,0.772953,,0.772953,0.764707,0.769879,501.8274,494.1404,498.953228,512.561268,516.177069,513.84464
284,20000,32,0.772953,,0.772953,0.765485,0.770247,501.8274,494.1404,499.353757,512.910431,516.177069,513.825705
285,20000,32,0.772953,,0.772953,0.765485,0.770746,502.3521,494.1404,499.716005,512.910431,516.177069,513.67913
286,20000,32,0.773812,,0.773812,0.765485,0.771135,502.608,494.1404,500.043346,512.548391,514.621378,513.595153
287,20000,32,0.773812,,0.773812,0.765485,0.771513,502.608,494.1404,500.376243,512.409107,514.621378,513.523873
288,20000,32,0.773812,,0.773812,0.765485,0.771754,502.608,494.1404,500.636816,512.409107,514.621378,513.510188
289,20000,32,0.77454,,0.77454,0.765485,0.772078,502.608,494.1404,500.889817,512.409107,514.191858,513.426797
290,20000,32,0.774556,,0.774556,0.767044,0.772403,503.3871,495.8385,501.206512,512.409107,514.075716,513.386014
291,20000,32,0.774719,,0.774719,0.767044,0.772631,503.6187,495.8385,501.373105,512.39623,513.968817,513.3197
292,20000,32,0.776507,,0.776507,0.767044,0.772903,504.4852,495.8385,501.590167,512.381304,513.968817,513.252889
293,20000,32,0.776507,,0.776507,0.769123,0.773149,504.4852,498.153,501.810773,512.381304,513.897779,513.208556
294,20000,32,0.776507,,0.776507,0.771091,0.773491,504.4852,499.8624,502.079787,512.381304,513.844531,513.122446
295,20000,32,0.776507,,0.776507,0.77164,0.773821,504.4852,500.4817,502.374146,512.052642,513.844531,513.061769
296,20000,32,0.777251,,0.777251,0.772799,0.774056,505.2643,500.7564,502.581515,512.052642,513.844531,513.017842
297,20000,32,0.777251,,0.777251,0.772799,0.774259,505.2643,500.7564,502.765683,511.61924,513.844531,512.982808
298,20000,32,0.777251,,0.777251,0.772799,0.774524,505.2643,500.7564,502.910417,511.61924,513.844531,512.873476
299,20000,32,0.777251,,0.777251,0.772799,0.774694,505.2643,501.2048,502.987568,511.61924,513.844531,512.792371
300,20000,32,0.777251,,0.777251,0.772799,0.774988,505.2643,501.5355,503.188426,511.61924,513.844531,512.697606
301,20000,32,0.777251,,0.777251,0.772799,0.775211,505.2643,501.5675,503.335719,511.61924,513.844531,512.622262
302,20000,32,0.777251,,0.777251,0.77288,0.775378,505.2643,501.8241,503.469596,511.61924,513.781664,512.581351
303,20000,32,0.777251,,0.777251,0.77288,0.775571,505.2643,501.8241,503.615889,511.61924,513.781664,512.529254
304,20000,32,0.777251,,0.777251,0.77288,0.77578,505.2643,501.8241,503.812103,511.61924,513.781664,512.497277
305,20000,32,0.777251,,0.777251,0.774123,0.775905,505.2643,501.747,503.941388,511.61924,513.419624,512.487167
306,20000,32,0.777251,,0.777251,0.774123,0.776083,505.2643,501.747,504.06975,511.53992,513.419624,512.434007
307,20000,32,0.777251,,0.777251,0.774123,0.776206,505.2643,501.747,504.143894,511.53992,513.419624,512.387355
308,20000,32,0.777251,,0.777251,0.774123,0.776354,505.2643,501.747,504.260995,511.61924,513.419624,512.350674
309,20000,32,0.777251,,0.777251,0.774123,0.776487,505.2643,502.0007,504.400378,511.61924,513.419624,512.340435
310,20000,32,0.777251,,0.777251,0.77428,0.776623,505.2643,502.0007,504.527501,511.61924,513.361858,512.319554
311,20000,32,0.777251,,0.777251,0.774446,0.77676,505.2643,502.0007,504.671651,511.61924,513.361858,512.309508
312,20000,32,0.777251,,0.777251,0.775033,0.776885,505.2643,502.7798,504.781187,511.61924,513.042762,512.284863
313,20000,32,0.777251,,0.777251,0.775033,0.777037,505.2643,502.7798,504.92018,511.61924,513.042762,512.2599
314,20000,32,0.777251,,0.777251,0.775033,0.777119,505.2643,502.7798,505.039734,511.55043,513.01827,512.276108
315,20000,32,0.778498,,0.778498,0.77515,0.777176,506.1276,503.5122,505.139296,511.61924,513.01827,512.298209
316,20000,32,0.778498,,0.778498,0.775885,0.777255,506.1276,504.0052,505.22577,511.61924,513.01827,512.29483
317,20000,32,0.778498,,0.778498,0.775885,0.777311,506.1276,504.0052,505.294823,511.61924,513.01827,512.297423
318,20000,32,0.778498,,0.778498,0.777251,0.777356,506.1276,505.2643,505.339075,511.928977,512.368526,512.291338
319,20000,32,0.778498,,0.778498,0.777251,0.7774,506.1276,505.2643,505.374338,511.928977,512.368526,512.281141
320,20000,32,0.778498,,0.778498,0.777251,0.777445,506.1276,505.2643,505.413651,511.928977,512.368526,512.272369
321,20000,32,0.778498,,0.778498,0.777251,0.777494,506.1276,505.2643,505.458771,511.928977,512.459333,512.264142
322,20000,32,0.778498,,0.778498,0.777251,0.777594,506.1276,505.0631,505.530899,511.928977,512.368526,512.234878
323,20000,32,0.778498,,0.778498,0.777251,0.777703,506.1276,505.2643,505.622519,511.928977,512.368526,512.211261
324,20000,32,0.778498,,0.778498,0.777251,0.777788,506.1276,505.2643,505.685936,511.928977,512.368526,512.18701
325,20000,32,0.778498,,0.778498,0.777251,0.777856,506.1276,505.2643,505.7468,511.928977,512.368526,512.174475
326,20000,32,0.778498,,0.778498,0.777251,0.777907,506.1276,505.2643,505.787188,511.928977,512.368526,512.162234
327,20000,32,0.778498,,0.778498,0.777251,0.777985,506.2108,505.2643,505.847809,511.928977,512.368526,512.142012
328,20000,32,0.778801,,0.778801,0.777416,0.778065,506.7943,505.2887,505.907428,511.928977,512.368526,512.119568
329,20000,32,0.778801,,0.778801,0.777416,0.778113,506.7943,505.2887,505.945881,511.928977,512.368526,512.107916
330,20000,32,0.778801,,0.778801,0.777595,0.778157,506.7943,505.7326,505.980833,511.928977,512.368526,512.096714
331,20000,32,0.778843,,0.778843,0.777595,0.778207,506.7943,505.7326,506.019333,511.902955,512.368526,512.083619
332,20000,32,0.778843,,0.778843,0.777595,0.778269,506.7943,505.7326,506.059017,511.902955,512.368526,512.061615
333,20000,32,0.779461,,0.779461,0.777911,0.778315,507.2725,505.7425,506.088543,511.902955,512.313057,512.045898
334,20000,32,0.779461,,0.779461,0.777911,0.778374,507.2725,505.7425,506.126491,511.670151,512.313057,512.025156
335,20000,32,0.779461,,0.779461,0.777911,0.778445,507.2725,505.7425,506.171502,511.670151,512.308588,511.999917
336,20000,32,0.779461,,0.779461,0.777911,0.778505,507.2725,505.7425,506.216917,511.670151,512.308588,511.983689
337,20000,32,0.779467,,0.779467,0.777911,0.778587,507.2725,505.7425,506.285893,511.724487,512.17379,511.965538
338,20000,32,0.779467,,0.779467,0.777945,0.778655,507.2725,505.7425,506.328587,511.724487,512.17379,511.941784
339,20000,32,0.779467,,0.779467,0.777945,0.778735,507.2725,505.7425,506.403126,511.724487,512.139677,511.928629
340,20000,32,0.79021,,0.79021,0.777022,0.779234,511.662,501.0241,506.455739,505.619916,512.139677,511.575269
341,20000,32,0.79021,,0.79021,0.777022,0.779629,511.662,501.0241,506.594928,505.619916,512.135208,511.360299
342,20000,32,0.79021,,0.79021,0.778498,0.779929,511.662,501.0241,506.715731,505.619916,511.996527,511.207278
343,20000,32,0.79021,,0.79021,0.778498,0.780105,511.662,501.0241,506.787324,505.619916,511.973966,511.117827
344,20000,32,0.79021,,0.79021,0.778506,0.780595,511.662,501.0241,507.005195,505.619916,511.973966,510.881542
345,20000,32,0.79021,,0.79021,0.77854,0.781089,511.662,499.9345,507.228022,505.619916,511.973966,510.645968
346,20000,32,0.79021,,0.79021,0.77854,0.781318,512.0561,499.9345,507.506709,505.619916,511.973966,510.653798
347,20000,32,0.79021,,0.79021,0.77854,0.781762,512.6524,499.9345,507.706431,505.820038,511.973966,510.441543
348,20000,32,0.79021,,0.79021,0.77854,0.782147,512.6524,499.9345,508.089427,505.820038,511.973966,510.397352
349,20000,32,0.790786,,0.790786,0.77854,0.782796,512.6524,504.6764,508.432281,505.275733,511.973966,510.121485
350,20000,32,0.790786,,0.790786,0.778843,0.783354,512.6524,504.6764,508.746474,505.275733,511.973966,509.896161
351,20000,32,0.794417,,0.794417,0.778849,0.783999,514.4916,506.5959,509.09518,505.11728,511.969496,509.627239
352,20000,32,0.794417,,0.794417,0.778849,0.78462,514.4916,506.5959,509.388816,505.11728,511.969496,509.339474
353,20000,32,0.794417,,0.794417,0.778849,0.785179,514.4916,505.9538,509.648186,505.11728,511.969496,509.077134
354,20000,32,0.794417,,0.794417,0.77956,0.785889,514.4916,505.9538,509.914398,505.11728,511.885002,508.701453
355,20000,32,0.794417,,0.794417,0.77956,0.786569,514.7541,505.9538,510.184142,505.11728,511.885002,508.352481
356,20000,32,0.794417,,0.794417,0.779785,0.78705,514.7541,505.9538,510.428518,505.11728,511.885002,508.140785
357,20000,32,0.794417,,0.794417,0.779872,0.78763,514.7541,505.9538,510.679998,505.11728,511.772601,507.856523
358,20000,32,0.794577,,0.794577,0.779878,0.788589,514.7541,505.9538,511.088101,505.013957,511.772601,507.382456
359,20000,32,0.794577,,0.794577,0.779878,0.789311,514.7541,505.9538,511.383709,505.013957,511.772601,507.017352
360,20000,32,0.794577,,0.794577,0.779878,0.789829,514.5484,505.9538,511.630823,505.013957,511.601967,506.77878
361,20000,32,0.794577,,0.794577,0.779878,0.79054,514.5484,505.9538,512.004413,505.013957,511.601967,506.474341
362,20000,32,0.796085,,0.796085,0.779878,0.791073,515.0108,505.9538,512.302197,504.164288,511.601967,506.258338
363,20000,32,0.796085,,0.796085,0.779878,0.791567,515.0108,507.0009,512.600141,504.164288,511.601967,506.072694
364,20000,32,0.796085,,0.796085,0.779878,0.792019,515.76,506.6214,512.914714,504.164288,511.601967,505.931019
365,20000,32,0.796085,,0.796085,0.780391,0.792403,515.76,506.6214,513.154772,504.164288,510.783729,505.792142
366,20000,32,0.796085,,0.796085,0.780391,0.792963,515.76,506.6214,513.478055,504.164288,510.783729,505.571994
367,20000,32,0.796298,,0.796298,0.786508,0.793551,516.1397,507.9807,513.824371,504.036467,508.006577,505.345163
368,20000,32,0.796298,,0.796298,0.786508,0.793855,516.1397,507.9807,513.992455,504.036467,507.537494,505.220897
369,20000,32,0.796298,,0.796298,0.786508,0.794213,516.1397,507.9807,514.228199,504.036467,506.923344,505.099815
370,20000,32,0.796298,,0.796298,0.790726,0.794502,516.1397,512.1006,514.398084,504.036467,506.797608,504.987897
371,20000,32,0.796298,,0.796298,0.790726,0.794702,515.76,512.1006,514.494797,504.036467,506.797608,504.897342
372,20000,32,0.796828,,0.796828,0.791322,0.794972,515.7899,512.1006,514.634804,504.036467,506.350677,504.780263
373,20000,32,0.796828,,0.796828,0.791836,0.795233,515.7899,512.2229,514.818782,504.036467,506.244972,504.699542
374,20000,32,0.796828,,0.796828,0.791836,0.795411,515.7899,512.2229,514.889297,504.036467,506.244972,504.608322
375,20000,32,0.796828,,0.796828,0.791836,0.795626,515.7899,512.7756,515.000347,503.996395,506.244972,504.515031
376,20000,32,0.79763,,0.79763,0.791836,0.795745,516.4612,512.7756,515.070155,503.845361,506.244972,504.468771
377,20000,32,0.79763,,0.79763,0.792163,0.796005,516.4612,512.3366,515.220625,503.845361,505.659665,504.367046
378,20000,32,0.79763,,0.79763,0.793471,0.796173,516.4612,514.1071,515.326387,503.80529,506.143953,504.307121
379,20000,32,0.79763,,0.79763,0.793471,0.796304,517.2831,514.1071,515.430116,503.80529,505.957857,504.274255
380,20000,32,0.79763,,0.79763,0.793471,0.796497,517.2831,514.1996,515.554003,503.80529,505.772917,504.20695
381,20000,32,0.797656,,0.797656,0.794807,0.796699,517.2831,514.5554,515.695282,503.684765,505.772917,504.143752
382,20000,32,0.797656,,0.797656,0.795658,0.79683,517.3747,515.0108,515.797739,503.684765,504.99944,504.110129
383,20000,32,0.797656,,0.797656,0.795658,0.796924,517.3747,515.0108,515.852341,503.669703,504.99944,504.073521
384,20000,32,0.797828,,0.797828,0.795658,0.79703,517.9544,515.0108,515.934157,503.669703,504.99944,504.045937
385,20000,32,0.798019,,0.798019,0.796239,0.797148,518.0667,515.0108,516.025283,503.556944,504.952785,504.014877
386,20000,32,0.798623,,0.798623,0.796298,0.797311,518.0667,515.0687,516.157498,503.556944,504.952785,503.976158
387,20000,32,0.799616,,0.799616,0.796298,0.797448,518.3954,515.0687,516.232725,503.556944,504.868654,503.91942
388,20000,32,0.799616,,0.799616,0.796779,0.797585,518.3954,515.2848,516.404257,503.556944,504.868654,503.927653
389,20000,32,0.799616,,0.799616,0.796779,0.797712,518.3954,515.2848,516.539652,503.556944,504.868654,503.919693
390,20000,32,0.799616,,0.799616,0.796828,0.797791,518.3954,515.3427,516.627045,503.501811,504.868654,503.916222
391,20000,32,0.799919,,0.799919,0.796934,0.797954,518.7319,515.635,516.748767,503.01645,504.868654,503.870556
392,20000,32,0.799919,,0.799919,0.796934,0.798114,518.7319,515.635,516.840249,503.01645,504.868654,503.807097
393,20000,32,0.799919,,0.799919,0.797047,0.798262,518.7696,516.014,516.959276,503.01645,504.868654,503.771494
394,20000,32,0.799919,,0.799919,0.79763,0.798417,518.9374,516.1247,517.063944,503.01645,504.553716,503.721156
395,20000,32,0.799919,,0.799919,0.79763,0.79858,518.9374,516.1826,517.185249,503.01645,504.719346,503.675145
396,20000,32,0.799919,,0.799919,0.79763,0.798722,518.9374,516.1826,517.317878,503.01645,504.719346,503.653336
397,20000,32,0.800097,,0.800097,0.79763,0.798832,518.7451,516.1826,517.382327,503.01645,504.715452,503.610453
398,20000,32,0.800097,,0.800097,0.797757,0.798968,518.7319,516.1826,517.448446,503.01645,504.252485,503.548705
399,20000,32,0.800312,,0.800312,0.79787,0.799098,518.7319,516.1826,517.514119,503.01645,503.927181,503.491613
400,20000,32,0.800614,,0.800614,0.79787,0.799261,519.0059,516.1826,517.70831,503.01645,503.927181,503.494241
401,20000,32,0.801056,,0.801056,0.79787,0.79934,519.1812,516.1826,517.782271,503.01645,503.927181,503.482043
402,20000,32,0.801056,,0.801056,0.79787,0.79947,519.1812,516.1826,517.933892,503.01645,503.942629,503.48277
403,20000,32,0.801056,,0.801056,0.79787,0.799555,519.1812,516.1826,518.024848,503.081551,503.751524,503.477512
404,20000,32,0.801056,,0.801056,0.79787,0.799659,519.1812,516.1826,518.125791,503.081551,503.751524,503.46382
405,20000,32,0.801056,,0.801056,0.79787,0.799815,519.1812,516.1826,518.253201,503.081551,503.710405,503.427699
406,20000,32,0.801056,,0.801056,0.79787,0.799949,519.1812,516.1826,518.368932,503.081551,503.710405,503.400496
407,20000,32,0.801358,,0.801358,0.79787,0.800071,519.5177,516.1826,518.485126,503.071363,503.710405,503.383066
408,20000,32,0.801358,,0.801358,0.797926,0.800189,519.5177,516.4765,518.59653,503.071363,503.710405,503.365526
409,20000,32,0.801358,,0.801358,0.798863,0.800304,519.5177,516.9662,518.716353,503.071363,503.677574,503.356584
410,20000,32,0.801358,,0.801358,0.798863,0.800394,519.5177,516.9662,518.81329,503.071363,503.677574,503.35087
411,20000,32,0.801573,,0.801573,0.798863,0.800483,519.5177,516.9662,518.874852,502.903471,503.677574,503.323149
412,20000,32,0.801573,,0.801573,0.799616,0.800575,519.5177,518.3954,518.954555,502.903471,503.677574,503.304359
413,20000,32,0.801573,,0.801573,0.799616,0.800633,519.5177,518.3954,518.999838,502.903471,503.677574,503.2895
414,20000,32,0.801573,,0.801573,0.799616,0.800697,519.5177,518.3954,519.033507,502.903471,503.677574,503.262615
415,20000,32,0.801573,,0.801573,0.800097,0.800741,519.5177,518.6694,519.053616,502.903471,503.486469,503.241726
416,20000,32,0.801573,,0.801573,0.800097,0.800833,519.5177,518.6694,519.098143,502.903471,503.486469,503.199666
417,20000,32,0.801573,,0.801573,0.800097,0.800924,519.5177,518.6694,519.149042,502.903471,503.486469,503.16249
418,20000,32,0.80191,,0.80191,0.800097,0.801003,519.963,518.6694,519.184203,502.903471,503.486469,503.124506
419,20000,32,0.80191,,0.80191,0.800097,0.80108,519.963,518.6694,519.220973,502.903471,503.486469,503.089532
420,20000,32,0.80191,,0.80191,0.800312,0.80115,519.963,518.6694,519.26724,502.903471,503.476281,503.065326
421,20000,32,0.80191,,0.80191,0.800312,0.801208,519.963,518.6694,519.310501,502.903471,503.476281,503.049244
422,20000,32,0.80191,,0.80191,0.800312,0.80126,519.963,518.6694,519.338791,502.903471,503.318577,503.027957
423,20000,32,0.80191,,0.80191,0.800312,0.801331,519.963,518.6694,519.396741,502.70513,503.318577,503.011149
424,20000,32,0.80191,,0.80191,0.800614,0.801385,519.963,519.0059,519.444455,502.70513,503.308389,503.000762
425,20000,32,0.803079,,0.803079,0.796117,0.801339,521.1862,515.6638,519.438449,501.547435,504.947769,503.032948
426,20000,32,0.803079,,0.803079,0.800614,0.801561,521.4904,518.9864,519.5984,501.547435,503.454001,502.966798
427,20000,32,0.804975,,0.804975,0.800614,0.80172,521.9935,518.9864,519.729477,501.547435,503.338637,502.930985
428,20000,32,0.804975,,0.804975,0.800614,0.801827,521.9935,518.9864,519.818308,501.547435,503.308389,502.907108
429,20000,32,0.804975,,0.804975,0.800614,0.80191,521.9935,518.9864,519.928895,501.908745,503.308389,502.915937
430,20000,32,0.804975,,0.804975,0.800614,0.801992,521.9935,518.9864,519.99045,501.908745,503.308389,502.893701
431,20000,32,0.804975,,0.804975,0.800614,0.802092,521.9935,518.4746,520.120513,501.908745,503.579233,502.902508
432,20000,32,0.804975,,0.804975,0.800614,0.802199,521.9935,518.9864,520.251996,501.908745,503.579233,502.907356
433,20000,32,0.804975,,0.804975,0.801573,0.802344,521.9935,518.9864,520.385837,501.908745,503.579233,502.883774
434,20000,32,0.805191,,0.805191,0.801573,0.802492,521.9935,518.9864,520.523765,501.740852,503.579233,502.860635
435,20000,32,0.805191,,0.805191,0.801573,0.802648,521.9935,519.5177,520.666115,501.740852,503.579233,502.834597
436,20000,32,0.805191,,0.805191,0.801573,0.802827,522.6094,519.5177,520.858137,501.740852,503.579233,502.823608
437,20000,32,0.805191,,0.805191,0.801695,0.803028,522.6094,519.5442,521.033716,501.740852,503.20953,502.7848
438,20000,32,0.805766,,0.805766,0.80191,0.803275,522.6094,519.8842,521.242428,501.602733,503.20953,502.731378
439,20000,32,0.805766,,0.805766,0.80191,0.803555,522.6094,519.7093,521.401482,501.602733,503.20953,502.619786
440,20000,32,0.805766,,0.805766,0.80191,0.803803,522.6094,519.7093,521.573905,501.602733,503.20953,502.541976
441,20000,32,0.805766,,0.805766,0.80191,0.804004,523.3298,519.7093,521.723571,501.602733,503.20953,502.485235
442,20000,32,0.805766,,0.805766,0.80191,0.8042,523.3298,519.7093,521.859618,501.602733,503.20953,502.423424
443,20000,32,0.806966,,0.806966,0.801934,0.804493,524.1064,519.7093,522.131356,501.289952,503.283996,502.376935
444,20000,32,0.806966,,0.806966,0.801934,0.804712,524.1064,519.7093,522.317977,501.289952,503.283996,502.331184
445,20000,32,0.806966,,0.806966,0.802048,0.804887,524.243,519.7093,522.440721,501.081325,503.283996,502.276998
446,20000,32,0.806966,,0.806966,0.802048,0.805185,524.243,519.7093,522.600072,501.081325,503.116104,502.151654
447,20000,32,0.806966,,0.806966,0.802048,0.805391,524.243,519.7093,522.745268,501.081325,502.810092,502.088011
448,20000,32,0.806966,,0.806966,0.804264,0.805621,524.243,521.9935,522.876428,501.081325,502.810092,501.996857
449,20000,32,0.80742,,0.80742,0.804287,0.805796,524.243,521.9935,522.928162,500.936437,502.810092,501.894675
450,20000,32,0.80742,,0.80742,0.804287,0.805977,524.243,521.9935,522.950787,500.936437,502.758647,501.768652
451,20000,32,0.80742,,0.80742,0.804287,0.806154,524.243,521.7398,523.020034,500.936437,502.758647,501.677081
452,20000,32,0.80742,,0.80742,0.804287,0.806271,524.243,521.7398,523.068144,500.936437,502.758647,501.617838
453,20000,32,0.80742,,0.80742,0.804287,0.806406,524.243,522.2646,523.12418,500.936437,502.758647,501.550187
454,20000,32,0.80742,,0.80742,0.804287,0.806597,523.6769,522.2646,523.161758,500.936437,502.717228,501.4267
455,20000,32,0.80742,,0.80742,0.804287,0.806754,523.6769,522.2646,523.224472,500.936437,502.717228,501.346213
456,20000,32,0.807442,,0.807442,0.804287,0.80685,523.6769,522.2646,523.263434,500.918745,502.717228,501.297703
457,20000,32,0.807442,,0.807442,0.804287,0.806916,523.6769,522.3203,523.284549,500.918745,502.717228,501.25994
458,20000,32,0.807442,,0.807442,0.804287,0.806968,523.6769,522.2646,523.304711,500.918745,502.717228,501.233178
459,20000,32,0.807442,,0.807442,0.804287,0.807045,523.6769,522.3991,523.350065,500.918745,502.717228,501.203547
460,20000,32,0.807442,,0.807442,0.805981,0.807096,523.6769,522.4569,523.358423,500.918745,501.434841,501.169531
461,20000,32,0.807481,,0.807481,0.806004,0.807166,523.8287,522.4569,523.393648,500.918745,501.417149,501.137925
462,20000,32,0.807481,,0.807481,0.806004,0.807234,523.8287,522.4569,523.413295,500.918745,501.417149,501.098191
463,20000,32,0.807481,,0.807481,0.806966,0.807286,523.8287,523.3876,523.437353,500.918745,501.289952,501.073948
464,20000,32,0.807481,,0.807481,0.806966,0.807314,523.8287,523.3876,523.449068,500.918745,501.289952,501.060174
465,20000,32,0.807481,,0.807481,0.806966,0.807339,523.8287,523.3876,523.45789,500.918745,501.289952,501.046337
466,20000,32,0.807503,,0.807503,0.806989,0.80736,523.8287,523.3876,523.478427,500.918745,501.272261,501.04404
467,20000,32,0.807503,,0.807503,0.806989,0.807371,523.8287,523.3876,523.496071,500.918745,501.272261,501.047087
468,20000,32,0.807503,,0.807503,0.806989,0.807379,523.8287,523.3876,523.502,500.918745,501.272261,501.045061
469,20000,32,0.807514,,0.807514,0.806989,0.80741,523.8287,523.3876,523.528609,500.918745,501.272261,501.038321
470,20000,32,0.808084,,0.808084,0.807,0.807439,524.4606,523.3876,523.567542,500.740618,501.26393,501.041926
471,20000,32,0.808084,,0.808084,0.807,0.807464,524.4606,523.3876,523.596135,500.740618,501.26393,501.041718
472,20000,32,0.808211,,0.808211,0.807,0.807491,524.4606,523.3876,523.632641,500.740618,501.26393,501.044618
473,20000,32,0.808319,,0.808319,0.807,0.807533,524.4606,523.3876,523.675681,500.740618,501.26393,501.040934
474,20000,32,0.808319,,0.808319,0.807,0.807578,524.4606,523.3876,523.699289,500.740618,501.26393,501.021353
475,20000,32,0.808319,,0.808319,0.807022,0.807652,524.4606,523.3876,523.765817,500.740618,501.246238,501.008369
476,20000,32,0.808319,,0.808319,0.807022,0.80772,524.4606,523.3876,523.827325,500.740618,501.246238,500.996371
477,20000,32,0.808319,,0.808319,0.807442,0.807772,524.4606,523.3876,523.865859,500.722926,501.184248,500.981881
478,20000,32,0.808319,,0.808319,0.807442,0.807839,524.4606,523.3876,523.916498,500.722926,501.184248,500.963722
479,20000,32,0.808319,,0.808319,0.807442,0.807907,524.4606,523.3876,523.977652,500.722926,501.184248,500.951301
480,20000,32,0.808319,,0.808319,0.807442,0.807961,524.4606,523.3876,524.028251,500.722926,501.184248,500.943093
481,20000,32,0.808319,,0.808319,0.807442,0.808026,524.4606,523.3876,524.067156,500.722926,501.184248,500.918913
482,20000,32,0.809043,,0.809043,0.807481,0.808077,524.7933,523.6988,524.101825,500.611931,501.184248,500.902069
483,20000,32,0.809049,,0.809049,0.807503,0.808141,524.7933,523.6988,524.152079,500.607461,501.166556,500.885751
484,20000,32,0.809049,,0.809049,0.807503,0.808179,524.7933,523.6988,524.176332,500.607461,501.166556,500.87246
485,20000,32,0.809049,,0.809049,0.807503,0.808241,524.7933,523.8287,524.219877,500.607461,501.166556,500.853253
486,20000,32,0.809049,,0.809049,0.807503,0.808326,524.7933,523.8287,524.26545,500.607461,501.166556,500.817285
487,20000,32,0.809049,,0.809049,0.807957,0.808421,524.7933,523.8287,524.318538,500.496032,501.020706,500.778871
488,20000,32,0.809049,,0.809049,0.807957,0.808467,524.7933,523.8287,524.350803,500.496032,501.020706,500.764857
489,20000,32,0.809049,,0.809049,0.807957,0.808533,524.7933,523.8287,524.39518,500.607461,501.020706,500.743229
490,20000,32,0.809049,,0.809049,0.807957,0.808586,524.7933,523.8287,524.433764,500.607461,501.020706,500.727534
491,20000,32,0.809049,,0.809049,0.807962,0.808651,524.7933,523.8287,524.478667,500.607461,501.020706,500.707068
492,20000,32,0.809049,,0.809049,0.807962,0.808702,524.7933,523.8287,524.50794,500.399796,501.020706,500.687113
493,20000,32,0.809502,,0.809502,0.808233,0.808767,524.7933,524.1614,524.549516,500.253945,501.020706,500.663799
494,20000,32,0.809502,,0.809502,0.808233,0.808836,524.7933,524.1614,524.606387,500.253945,501.020706,500.6485
495,20000,32,0.809502,,0.809502,0.808233,0.808878,524.7933,523.9077,524.635445,500.253945,501.020706,500.634665
496,20000,32,0.809502,,0.809502,0.808239,0.808944,524.7933,523.9077,524.674149,500.253945,501.016236,500.60914
497,20000,32,0.809502,,0.809502,0.808319,0.809015,524.7933,523.9077,524.706079,500.253945,500.753311,500.575084
498,20000,32,0.809502,,0.809502,0.808319,0.809061,524.7933,523.9077,524.735137,500.140969,500.753311,500.559208
499,20000,32,0.809502,,0.809502,0.808433,0.809105,524.7933,523.9077,524.751557,500.140969,500.607461,500.536063
500,20000,32,0.809502,,0.809502,0.808433,0.809126,524.7933,523.9077,524.769269,500.253945,500.607461,500.531426
501,20000,32,0.809502,,0.809502,0.808433,0.809155,524.7933,523.9077,524.784444,500.253945,500.607461,500.518754
502,20000,32,0.809502,,0.809502,0.809049,0.809183,524.7933,524.7933,524.7933,500.253945,500.607461,500.502566
503,20000,32,0.809502,,0.809502,0.809049,0.809202,524.7933,524.7933,524.7933,500.253945,500.607461,500.487825
504,20000,32,0.809502,,0.809502,0.809049,0.80921,524.7933,524.7933,524.7933,500.253945,500.607461,500.481601
505,20000,32,0.809502,,0.809502,0.809049,0.809226,524.7933,524.7933,524.7933,500.253945,500.607461,500.469154
506,20000,32,0.809502,,0.809502,0.809049,0.809251,524.874,524.7933,524.794107,500.253945,500.607461,500.450267
507,20000,32,0.809715,,0.809715,0.809049,0.809279,524.874,524.7933,524.794914,500.087664,500.607461,500.429363
508,20000,32,0.809715,,0.809715,0.809049,0.809302,524.874,524.7933,524.794914,500.087664,500.607461,500.411495
509,20000,32,0.809715,,0.809715,0.809049,0.809322,524.874,524.7933,524.796528,500.087664,500.607461,500.396864
510,20000,32,0.811916,,0.811916,0.808887,0.809396,527.6057,522.9045,524.864112,499.445068,501.393639,500.384104
511,20000,32,0.811916,,0.811916,0.809049,0.809483,527.6057,524.2442,524.916187,499.486114,501.393639,500.351525
512,20000,32,0.811916,,0.811916,0.809049,0.809593,527.6057,524.2442,524.981738,499.486114,501.393639,500.309333
513,20000,32,0.811916,,0.811916,0.809049,0.809686,527.6057,524.2442,525.052971,499.486114,501.628884,500.284808
514,20000,32,0.811916,,0.811916,0.809049,0.809813,527.6057,524.2442,525.156721,499.486114,501.628884,500.254717
515,20000,32,0.812831,,0.812831,0.809052,0.810015,527.6057,524.2442,525.266793,499.319832,501.393639,500.171403
516,20000,32,0.812831,,0.812831,0.809052,0.810127,527.6057,524.2442,525.351006,499.319832,501.393639,500.14041
517,20000,32,0.812831,,0.812831,0.809052,0.810313,528.3072,524.2442,525.504922,499.319832,501.393639,500.098299
518,20000,32,0.812831,,0.812831,0.809265,0.810449,528.3072,524.663,525.583088,499.319832,501.376989,500.044801
519,20000,32,0.812831,,0.812831,0.809502,0.810592,528.0468,524.663,525.668459,499.242472,501.376989,499.990345
520,20000,32,0.812831,,0.812831,0.809502,0.810779,528.0468,524.663,525.787323,499.242472,500.466418,499.924221
521,20000,32,0.813254,,0.813254,0.809502,0.810912,528.0468,524.663,525.882572,499.242472,500.364003,499.883932
522,20000,32,0.813254,,0.813254,0.809502,0.811094,528.2376,524.663,526.018431,499.302141,500.255797,499.833538
523,20000,32,0.813254,,0.813254,0.809502,0.811296,528.2376,524.663,526.177807,499.270221,500.255797,499.782306
524,20000,32,0.813254,,0.813254,0.809502,0.811405,528.2376,524.663,526.301118,499.270221,500.255797,499.780042
525,20000,32,0.813254,,0.813254,0.809715,0.811458,528.2376,524.2442,526.310932,499.270221,500.255797,499.745445
526,20000,32,0.813254,,0.813254,0.809715,0.811643,528.2376,524.2442,526.43333,499.252529,500.087664,499.683014
527,20000,32,0.813706,,0.813706,0.809715,0.811837,528.5755,524.2442,526.573706,498.773958,500.087664,499.626185
528,20000,32,0.813706,,0.813706,0.809715,0.811976,528.5755,524.2442,526.6517,498.773958,500.087664,499.569702
529,20000,32,0.813706,,0.813706,0.809715,0.812136,528.5755,524.2442,526.758224,498.773958,500.087664,499.516487
530,20000,32,0.813706,,0.813706,0.809776,0.812234,528.5755,524.2442,526.82313,498.773958,500.055372,499.483537
531,20000,32,0.813706,,0.813706,0.810354,0.812328,528.5755,524.663,526.918063,498.773958,500.204554,499.473609
532,20000,32,0.813706,,0.813706,0.81057,0.812417,528.5755,524.663,526.974746,498.773958,500.055372,499.442394
533,20000,32,0.813706,,0.813706,0.81057,0.812479,528.5783,524.663,527.066356,498.773958,500.055372,499.455115
534,20000,32,0.813706,,0.813706,0.81057,0.812572,528.5783,524.663,527.168417,498.773958,500.055372,499.450672
535,20000,32,0.813706,,0.813706,0.810752,0.812663,528.5783,525.4029,527.284119,498.773958,500.298647,499.457774
536,20000,32,0.813706,,0.813706,0.810752,0.812764,528.5783,525.4029,527.375613,498.771802,500.298647,499.439741
537,20000,32,0.813706,,0.813706,0.810752,0.812852,528.5783,525.4029,527.423207,498.420447,500.298647,499.4035
538,20000,32,0.813706,,0.813706,0.810752,0.812946,528.5783,525.4029,527.496848,498.420447,500.055372,499.379584
539,20000,32,0.813804,,0.813804,0.810939,0.813037,528.5783,525.4029,527.528232,498.420447,499.815005,499.329666
540,20000,32,0.814618,,0.814618,0.810939,0.813093,528.6118,525.4029,527.556287,498.420447,499.815005,499.304365
541,20000,32,0.814618,,0.814618,0.810939,0.813172,528.6118,525.4029,527.606411,498.420447,499.815005,499.276161
542,20000,32,0.814622,,0.814622,0.810939,0.813253,528.6118,525.4029,527.681148,498.420447,499.677113,499.263448
543,20000,32,0.814622,,0.814622,0.810939,0.813334,528.6118,525.4029,527.739537,498.420447,499.677113,499.239013
544,20000,32,0.814622,,0.814622,0.810939,0.813459,528.8676,525.4029,527.844184,498.420447,499.677113,499.211731
545,20000,32,0.814978,,0.814978,0.810939,0.813547,528.8676,525.4029,527.911551,498.420447,499.677113,499.188138
546,20000,32,0.814978,,0.814978,0.812985,0.813638,528.8676,526.8584,527.954051,498.420447,499.677113,499.146195
547,20000,32,0.814979,,0.814979,0.813151,0.813728,528.8676,526.8584,528.008608,498.420447,499.677113,499.112684
548,20000,32,0.814979,,0.814979,0.813151,0.813864,528.9209,526.8584,528.089479,498.420447,499.578015,499.06065
549,20000,32,0.814992,,0.814992,0.813151,0.813947,529.3517,526.8584,528.144106,498.420447,499.578015,499.032689
550,20000,32,0.814992,,0.814992,0.813151,0.814069,529.3517,526.8584,528.221787,498.420447,499.578015,498.989441
551,20000,32,0.815397,,0.815397,0.813176,0.814201,529.6909,526.8584,528.349933,498.419489,499.578015,498.972
552,20000,32,0.815397,,0.815397,0.813176,0.814333,529.6909,526.8584,528.45333,498.419489,499.578015,498.938511
553,20000,32,0.815499,,0.815499,0.813301,0.814464,529.6909,526.8584,528.551237,498.345486,499.578015,498.902277
554,20000,32,0.815499,,0.815499,0.813301,0.814591,529.6909,526.8584,528.614383,498.345486,499.578015,498.845368
555,20000,32,0.816602,,0.816602,0.813301,0.814736,529.8814,526.8584,528.719785,498.125578,499.578015,498.802757
556,20000,32,0.816602,,0.816602,0.813328,0.814888,529.8814,527.5983,528.844012,498.125578,499.578015,498.767236
557,20000,32,0.816602,,0.816602,0.813671,0.815001,529.8814,527.5983,528.916714,498.125578,499.509025,498.728294
558,20000,32,0.816602,,0.816602,0.813706,0.815105,529.8814,528.0264,528.992715,498.125578,499.509025,498.697945
559,20000,32,0.816972,,0.816972,0.813734,0.815285,530.6213,528.0264,529.111283,498.125578,499.487467,498.636659
560,20000,32,0.816972,,0.816972,0.813921,0.815405,530.6213,528.0264,529.171964,498.125578,499.014253,498.584048
561,20000,32,0.816972,,0.816972,0.813921,0.815523,530.6213,528.0264,529.264419,498.125578,499.014253,498.553726
562,20000,32,0.816972,,0.816972,0.813921,0.815663,530.6213,528.0264,529.391885,498.125578,499.014253,498.529717
563,20000,32,0.816972,,0.816972,0.81481,0.815751,530.6213,528.629,529.464853,498.125578,499.014253,498.510531
564,20000,32,0.816972,,0.816972,0.81481,0.815893,530.6213,528.629,529.568842,498.125578,499.014253,498.468789
565,20000,32,0.816972,,0.816972,0.814992,0.816024,530.6213,528.629,529.644307,498.125578,499.014253,498.417642
566,20000,32,0.816972,,0.816972,0.814992,0.816177,530.6213,528.629,529.772831,498.125578,499.014253,498.384402
567,20000,32,0.817163,,0.817163,0.815113,0.816286,530.6943,528.8969,529.866432,498.125578,498.97988,498.361857
568,20000,32,0.817163,,0.817163,0.815397,0.816389,530.6943,528.8969,529.952004,498.125578,498.937754,498.338938
569,20000,32,0.817366,,0.817366,0.815397,0.816457,530.9416,528.8969,530.011073,498.070109,498.937754,498.325256
570,20000,32,0.817366,,0.817366,0.815425,0.816542,530.9416,528.8969,530.088596,498.121212,498.916195,498.311155
571,20000,32,0.817366,,0.817366,0.815458,0.816594,530.9416,528.8969,530.151096,498.121212,498.881823,498.312415
572,20000,32,0.817366,,0.817366,0.815469,0.816698,530.9416,528.8969,530.241747,498.121212,498.881823,498.291899
573,20000,32,0.817366,,0.817366,0.815499,0.816737,530.9416,528.8969,530.263911,498.121212,498.612866,498.276577
574,20000,32,0.817366,,0.817366,0.815499,0.816795,530.9416,528.8969,530.317766,498.121212,498.612866,498.267492
575,20000,32,0.817366,,0.817366,0.815578,0.816892,530.9416,528.8969,530.40869,498.121212,498.332874,498.252988
576,20000,32,0.817366,,0.817366,0.815583,0.816944,530.9416,528.8969,530.47842,498.121212,498.332874,498.259133
577,20000,32,0.817557,,0.817557,0.815583,0.816967,531.0146,528.8969,530.503557,498.098289,498.332874,498.257715
578,20000,32,0.817557,,0.817557,0.815583,0.817007,531.0146,528.8969,530.542708,498.01695,498.332874,498.25299
579,20000,32,0.817557,,0.817557,0.816558,0.81706,531.0146,529.8814,530.594934,498.01695,498.367246,498.246251
580,20000,32,0.817557,,0.817557,0.816558,0.817124,531.0146,529.8814,530.653357,498.01695,498.367246,498.236071
581,20000,32,0.817557,,0.817557,0.816602,0.817168,531.0146,529.8814,530.705374,498.01695,498.367246,498.236145
582,20000,32,0.817557,,0.817557,0.816602,0.817214,531.0146,529.8814,530.752465,497.963947,498.367246,498.231912
583,20000,32,0.817771,,0.817771,0.816608,0.817254,531.0146,529.8814,530.785731,497.924281,498.367246,498.222903
584,20000,32,0.817771,,0.817771,0.816972,0.817305,531.0146,530.6213,530.821674,497.924281,498.332874,498.207482
585,20000,32,0.817771,,0.817771,0.816972,0.817347,531.0146,530.6213,530.83314,497.924281,498.332874,498.182366
586,20000,32,0.817771,,0.817771,0.816972,0.8174,531.0146,530.6213,530.849949,497.924281,498.332874,498.152409
587,20000,32,0.817771,,0.817771,0.816972,0.817432,531.0146,530.6213,530.857482,497.924281,498.332874,498.132139
588,20000,32,0.817771,,0.817771,0.816978,0.817488,531.2286,530.6213,530.887833,497.924281,498.328508,498.108577
589,20000,32,0.817771,,0.817771,0.816978,0.817527,531.0146,530.6213,530.904578,497.924281,498.328508,498.089663
590,20000,32,0.817771,,0.817771,0.816978,0.817557,531.2286,530.6213,530.917851,497.924281,498.328508,498.07533
591,20000,32,0.817777,,0.817777,0.817371,0.817582,531.2286,530.6213,530.919261,497.919915,498.235838,498.056942
592,20000,32,0.817777,,0.817777,0.817371,0.817605,531.2286,530.6213,530.924618,497.919915,498.235838,498.042001
593,20000,32,0.818034,,0.818034,0.817371,0.81765,531.2286,530.6213,530.928168,497.891269,498.235838,498.009547
594,20000,32,0.818034,,0.818034,0.817377,0.817672,531.2286,530.6213,530.935254,497.891269,498.202826,497.997291
595,20000,32,0.818034,,0.818034,0.81488,0.817556,531.2286,528.8755,530.834271,497.740338,498.840576,498.02021
596,20000,32,0.818034,,0.818034,0.81488,0.817692,531.2286,528.9445,530.942887,497.886903,498.840576,497.987078
597,20000,32,0.818116,,0.818116,0.817557,0.817769,531.2286,530.9083,530.990066,497.655324,498.180369,497.958228
598,20000,32,0.818158,,0.818158,0.817557,0.817795,531.2286,530.9083,530.998883,497.622312,498.180369,497.94357
599,20000,32,0.818158,,0.818158,0.817557,0.817815,531.2286,530.7325,530.998459,497.622312,498.140234,497.9279
600,20000,32,0.818433,,0.818433,0.817557,0.817843,531.2286,530.9083,531.007227,497.599855,498.180369,497.911925
601,20000,32,0.818433,,0.818433,0.817557,0.817876,531.2286,530.8201,531.013419,497.599855,498.180369,497.890091
602,20000,32,0.818433,,0.818433,0.817557,0.817901,531.2286,530.8201,531.01656,497.599855,498.180369,497.872988
603,20000,32,0.818439,,0.818439,0.817689,0.81793,531.2286,530.8201,531.026492,497.595489,498.180369,497.85698
604,20000,32,0.818439,,0.818439,0.817689,0.817971,531.2286,530.9416,531.046979,497.595489,498.180369,497.839184
605,20000,32,0.818439,,0.818439,0.817771,0.817998,531.2286,530.9416,531.05231,497.595489,497.924281,497.821399
606,20000,32,0.818439,,0.818439,0.817771,0.818014,531.2286,530.9416,531.060511,497.595489,497.924281,497.814047
607,20000,32,0.818439,,0.818439,0.817771,0.818045,531.2286,530.9416,531.072816,497.595489,497.924281,497.798156
608,20000,32,0.818439,,0.818439,0.817771,0.818087,531.2286,530.9416,531.091679,497.595489,497.924281,497.778386
609,20000,32,0.818439,,0.818439,0.817771,0.818132,531.2286,530.9416,531.10849,497.595489,497.924281,497.754641
610,20000,32,0.818439,,0.818439,0.817771,0.818171,531.2286,530.9416,531.127353,497.595489,497.924281,497.736475
611,20000,32,0.818439,,0.818439,0.817777,0.818213,531.2286,530.9416,531.128171,497.595489,497.919915,497.704739
612,20000,32,0.818439,,0.818439,0.817777,0.818239,531.2286,530.9416,531.14006,497.595489,497.919915,497.692241
613,20000,32,0.818452,,0.818452,0.817777,0.818267,531.2286,530.9416,531.150722,497.557854,497.919915,497.67778
614,20000,32,0.818452,,0.818452,0.817777,0.818287,531.2286,530.9416,531.160975,497.557854,497.919915,497.668826
615,20000,32,0.818452,,0.818452,0.817777,0.818305,531.2286,530.9416,531.163845,497.557854,497.919915,497.656678
616,20000,32,0.818452,,0.818452,0.817777,0.818322,531.2286,530.9416,531.166306,497.557854,497.919915,497.644989
617,20000,32,0.818452,,0.818452,0.817777,0.818336,531.2286,530.9416,531.168767,497.557854,497.919915,497.635946
618,20000,32,0.818452,,0.818452,0.817777,0.818351,531.2286,530.9416,531.16754,497.557854,497.919915,497.623354
619,20000,32,0.818452,,0.818452,0.818107,0.818364,531.2286,530.9416,531.174105,497.557854,497.826811,497.617779
620,20000,32,0.818452,,0.818452,0.818107,0.818386,531.2286,530.9416,531.184358,497.542217,497.826811,497.606882
621,20000,32,0.818452,,0.818452,0.818107,0.818404,531.2286,530.9416,531.193384,497.557854,497.826811,497.599104
622,20000,32,0.818452,,0.818452,0.818107,0.818422,531.2286,530.9416,531.204864,497.557854,497.826811,497.592827
623,20000,32,0.818452,,0.818452,0.818107,0.818427,531.2286,530.9416,531.199949,497.557854,497.826811,497.58579
624,20000,32,0.818452,,0.818452,0.818107,0.818428,531.2286,530.9416,531.195443,497.557854,497.826811,497.58182
625,20000,32,0.818452,,0.818452,0.818107,0.818432,531.2286,530.9416,531.193398,497.557854,497.826811,497.577248
626,20000,32,0.818452,,0.818452,0.818164,0.818437,531.2286,530.9416,531.190535,497.557854,497.617946,497.571924
627,20000,32,0.818452,,0.818452,0.818164,0.818443,531.2286,530.9416,531.192594,497.557854,497.617946,497.568088
628,20000,32,0.818452,,0.818452,0.818164,0.818447,531.2286,530.9416,531.193419,497.557854,497.617946,497.565982
629,20000,32,0.818467,,0.818467,0.818439,0.81845,531.2286,531.1877,531.195471,497.546208,497.595489,497.564888
630,20000,32,0.818467,,0.818467,0.818439,0.818451,531.2286,531.1877,531.193017,497.546208,497.595489,497.56263
631,20000,32,0.818467,,0.818467,0.818439,0.818451,531.2286,531.1877,531.192199,497.546208,497.595489,497.561528
632,20000,32,0.818467,,0.818467,0.818439,0.818452,531.2286,531.1877,531.191381,497.546208,497.595489,497.560775
633,20000,32,0.818623,,0.818623,0.818439,0.818454,531.2286,531.1877,531.190154,497.424635,497.595489,497.558197
634,20000,32,0.818623,,0.818623,0.818439,0.818455,531.2286,531.1877,531.188518,497.424635,497.595489,497.556343
635,20000,32,0.818623,,0.818623,0.818452,0.818457,531.1877,531.1877,531.1877,497.424635,497.557854,497.553675
636,20000,32,0.818623,,0.818623,0.818452,0.81846,531.1877,531.1877,531.1877,497.424635,497.557854,497.55211
637,20000,32,0.818623,,0.818623,0.818452,0.818465,531.1877,531.1877,531.1877,497.424635,497.557854,497.547531
638,20000,32,0.818623,,0.818623,0.818452,0.818476,531.1877,531.1877,531.1877,497.424635,497.557854,497.539072
639,20000,32,0.818623,,0.818623,0.818452,0.818486,531.1877,531.1877,531.1877,497.424635,497.557854,497.531713
640,20000,32,0.818623,,0.818623,0.818452,0.818493,531.1877,531.1877,531.1877,497.424635,497.557854,497.525918
641,20000,32,0.818623,,0.818623,0.818452,0.818502,531.1877,531.1877,531.1877,497.424635,497.557854,497.518675
642,20000,32,0.818623,,0.818623,0.818452,0.81851,531.1877,531.1877,531.1877,497.424635,497.557854,497.51288
643,20000,32,0.818638,,0.818638,0.818452,0.818514,531.1877,531.1877,531.1877,497.412989,497.557854,497.509284
644,20000,32,0.818638,,0.818638,0.818452,0.818525,531.1877,531.1877,531.1877,497.412989,497.557854,497.501291
645,20000,32,0.818638,,0.818638,0.818452,0.81853,531.1877,531.1877,531.1877,497.412989,497.557854,497.497178
646,20000,32,0.818638,,0.818638,0.818452,0.818537,531.1877,531.1877,531.1877,497.412989,497.557854,497.491384
647,20000,32,0.818638,,0.818638,0.818452,0.818545,531.1877,531.1877,531.1877,497.412989,497.557854,497.485589
648,20000,32,0.818638,,0.818638,0.818452,0.818557,531.1877,531.1877,531.1877,497.412989,497.557854,497.476264
649,20000,32,0.818638,,0.818638,0.818467,0.818564,531.1877,531.1877,531.1877,497.412989,497.546208,497.470818
650,20000,32,0.818638,,0.818638,0.818467,0.818569,531.1877,531.1877,531.1877,497.412989,497.546208,497.466589
651,20000,32,0.818638,,0.818638,0.818467,0.818575,531.1877,531.1877,531.1877,497.412989,497.546208,497.462243
652,20000,32,0.819811,,0.819811,0.818467,0.818596,532.1468,531.1877,531.197291,497.140889,497.546208,497.452395
653,20000,32,0.819811,,0.819811,0.818467,0.818644,532.1468,531.1877,531.226064,497.140889,497.546208,497.433924
654,20000,32,0.819811,,0.819811,0.818467,0.818688,532.1468,531.1877,531.258423,497.140889,497.546208,497.42157
655,20000,32,0.819811,,0.819811,0.818467,0.81873,532.1468,531.1877,531.287196,497.140889,497.546208,497.407728
656,20000,32,0.819811,,0.819811,0.818467,0.818794,532.1468,531.1877,531.335151,497.140889,497.546208,497.39001
657,20000,32,0.819811,,0.819811,0.818467,0.818821,532.1468,531.1877,531.354333,497.140889,497.546208,497.381438
658,20000,32,0.819811,,0.819811,0.818467,0.818864,532.1468,531.1877,531.386692,497.140889,497.546208,497.370183
659,20000,32,0.819811,,0.819811,0.818467,0.818888,532.1468,531.1877,531.398702,497.140889,497.546208,497.35922
660,20000,32,0.819811,,0.819811,0.818623,0.818917,532.1468,531.1877,531.417884,497.140889,497.424635,497.349432
661,20000,32,0.819811,,0.819811,0.818623,0.818976,532.1468,531.1877,531.465839,497.140889,497.424635,497.335361
662,20000,32,0.819811,,0.819811,0.818623,0.819071,532.1468,531.1877,531.542567,497.140889,497.424635,497.313011
663,20000,32,0.819891,,0.819891,0.818638,0.819166,532.1468,531.1877,531.619295,497.078021,497.412989,497.290148
664,20000,32,0.819891,,0.819891,0.818638,0.819237,532.1468,531.1877,531.676841,497.078021,497.412989,497.273589
665,20000,32,0.819891,,0.819891,0.818638,0.819331,532.1468,531.1877,531.753569,497.078021,497.412989,497.251192
666,20000,32,0.819891,,0.819891,0.818638,0.819379,532.1468,531.1877,531.791933,497.078021,497.412989,497.23968
667,20000,32,0.819891,,0.819891,0.818638,0.81943,532.1468,531.1877,531.830297,497.078021,497.412989,497.225652
668,20000,32,0.819891,,0.819891,0.818638,0.81949,532.1468,531.1877,531.878252,497.078021,497.412989,497.21079
669,20000,32,0.819891,,0.819891,0.818638,0.819556,532.1468,531.1877,531.930103,497.078021,497.412989,497.194215
670,20000,32,0.819891,,0.819891,0.818638,0.819615,532.1468,531.1877,531.974162,497.078021,497.412989,497.177922
671,20000,32,0.819891,,0.819891,0.818638,0.819655,532.1468,531.1877,532.002935,497.078021,497.412989,497.165987
672,20000,32,0.819891,,0.819891,0.818638,0.819742,532.1468,531.1877,532.070072,497.078021,497.412989,497.143168
673,20000,32,0.819891,,0.819891,0.818638,0.819805,532.1468,531.1877,532.118027,497.078021,497.412989,497.126419
674,20000,32,0.819891,,0.819891,0.819811,0.819844,532.1468,532.1468,532.1468,497.078021,497.140889,497.115113
675,20000,32,0.819891,,0.819891,0.819811,0.819847,532.1468,532.1468,532.1468,497.078021,497.140889,497.112598
676,20000,32,0.819891,,0.819891,0.819811,0.819849,532.1468,532.1468,532.1468,497.078021,497.140889,497.110712
677,20000,32,0.819891,,0.819891,0.819811,0.819853,532.1468,532.1468,532.1468,497.078021,497.140889,497.107569
678,20000,32,0.819891,,0.819891,0.819811,0.819857,532.1468,532.1468,532.1468,497.078021,497.140889,497.104426
679,20000,32,0.819891,,0.819891,0.819811,0.819862,532.1468,532.1468,532.1468,497.078021,497.140889,497.100654
680,20000,32,0.822871,,0.822871,0.819811,0.819984,533.5584,532.1468,532.21543,495.699411,497.165737,497.052058
681,20000,32,0.822871,,0.822871,0.819811,0.820084,533.5584,532.1468,532.272591,495.699411,497.165737,497.01234
682,20000,32,0.822871,,0.822871,0.819811,0.820207,533.5584,532.1468,532.343534,495.699411,497.140889,496.963806
683,20000,32,0.822871,,0.822871,0.819811,0.820305,533.5584,532.1468,532.406674,495.699411,497.140889,496.92959
684,20000,32,0.822871,,0.822871,0.819811,0.82038,533.5584,532.1468,532.444069,495.699411,497.141816,496.895758
685,20000,32,0.822871,,0.822871,0.819891,0.820476,533.5584,531.825,532.496732,495.699411,497.078021,496.856216
686,20000,32,0.822871,,0.822871,0.819891,0.820655,533.5584,532.1468,532.605709,495.699411,497.078021,496.789622
687,20000,32,0.822871,,0.822871,0.819891,0.820759,533.5584,531.9874,532.663948,495.699411,497.078021,496.747663
688,20000,32,0.822871,,0.822871,0.819891,0.820889,533.6332,531.9874,532.742291,495.699411,497.078021,496.698512
689,20000,32,0.822871,,0.822871,0.819891,0.821028,533.6981,532.1468,532.820957,495.699411,497.078021,496.643485
690,20000,32,0.822871,,0.822871,0.819891,0.821142,533.6981,532.1468,532.880681,495.699411,497.078021,496.594335
691,20000,32,0.822871,,0.822871,0.819891,0.82124,533.6981,532.1468,532.922092,495.699411,497.078021,496.545477
692,20000,32,0.822871,,0.822871,0.819891,0.821359,533.6981,532.1468,532.976894,495.699411,497.078021,496.489662
693,20000,32,0.823165,,0.823165,0.819891,0.821517,534.3264,532.1468,533.063027,495.699411,497.078021,496.42401
694,20000,32,0.823245,,0.823245,0.819891,0.82162,534.3913,532.1468,533.114886,495.699411,497.078021,496.378023
695,20000,32,0.823257,,0.823257,0.819891,0.821722,534.3913,532.1468,533.156883,495.699411,497.078021,496.327202
696,20000,32,0.823257,,0.823257,0.819891,0.821815,534.3913,532.1468,533.206045,495.699411,497.078021,496.287551
697,20000,32,0.823257,,0.823257,0.820339,0.821921,534.3913,532.4962,533.256511,495.699411,496.963173,496.238289
698,20000,32,0.823257,,0.823257,0.820339,0.821975,534.3913,532.4962,533.277515,495.699411,496.963173,496.210589
699,20000,32,0.823257,,0.823257,0.820781,0.822065,534.3913,532.6362,533.318801,495.699411,496.749261,496.168223
700,20000,32,0.823257,,0.823257,0.820781,0.822168,534.3913,532.6362,533.356209,495.699411,496.749261,496.112308
701,20000,32,0.823257,,0.823257,0.8208,0.822234,534.3913,532.5713,533.398951,495.699411,496.749261,496.089952
702,20000,32,0.823257,,0.823257,0.8208,0.822327,534.3913,532.4807,533.450073,495.699411,496.693792,496.051741
703,20000,32,0.823257,,0.823257,0.821146,0.822446,534.3913,532.9232,533.508092,495.699411,496.693792,495.997895
704,20000,32,0.823257,,0.823257,0.821146,0.822564,534.3913,532.9232,533.555466,495.699411,496.693792,495.937152
705,20000,32,0.823257,,0.823257,0.821231,0.822655,534.3913,532.9232,533.592493,495.699411,496.553112,495.891121
706,20000,32,0.823257,,0.823257,0.821231,0.822706,534.3913,532.9232,533.629268,495.699411,496.553112,495.875932
707,20000,32,0.823257,,0.823257,0.821231,0.822772,534.3913,532.9232,533.655587,495.699411,496.553112,495.841986
708,20000,32,0.823257,,0.823257,0.821511,0.822796,534.3913,533.0325,533.662461,495.699411,496.510938,495.828141
709,20000,32,0.823257,,0.823257,0.821593,0.822838,534.3913,533.0325,533.678406,495.699411,496.472806,495.805791
710,20000,32,0.823257,,0.823257,0.821673,0.822875,534.3913,533.1013,533.687041,495.699411,496.472806,495.782907
711,20000,32,0.823257,,0.823257,0.821674,0.822915,534.3913,533.1013,533.713743,495.699411,496.327141,495.769615
712,20000,32,0.823257,,0.823257,0.821674,0.822999,534.3913,533.1013,533.766277,495.699411,496.327141,495.73925
713,20000,32,0.823257,,0.823257,0.821674,0.823036,534.3913,533.1013,533.785814,495.699411,496.327141,495.72324
714,20000,32,0.823257,,0.823257,0.822522,0.823062,534.3913,533.316,533.8046,495.699411,495.965895,495.716024
715,20000,32,0.823257,,0.823257,0.822522,0.823092,534.3913,533.316,533.836056,495.699411,495.965895,495.713303
716,20000,32,0.823257,,0.823257,0.822866,0.823114,534.3913,533.5584,533.859386,495.699411,495.965895,495.71172
717,20000,32,0.823257,,0.823257,0.822871,0.823129,534.3913,533.5584,533.871963,495.699411,495.965895,495.708527
718,20000,32,0.823257,,0.823257,0.822871,0.823152,534.3913,533.5584,533.906657,495.699411,495.965895,495.713927
719,20000,32,0.823257,,0.823257,0.822871,0.82316,534.3913,533.5584,533.919495,495.699411,495.965895,495.716609
720,20000,32,0.823257,,0.823257,0.822871,0.823175,534.3913,533.5584,533.941351,495.699411,495.965895,495.719327
721,20000,32,0.823257,,0.823257,0.822871,0.823194,534.3913,533.5584,533.960076,495.699411,495.965895,495.716767
722,20000,32,0.823257,,0.823257,0.822871,0.82321,534.3913,533.5584,533.974292,495.699411,495.965895,495.71419
723,20000,32,0.823257,,0.823257,0.822871,0.823226,534.3913,533.5584,533.980868,495.699411,495.965895,495.706318
724,20000,32,0.823257,,0.823257,0.822871,0.823237,534.0093,533.5584,533.986755,495.699411,495.701163,495.701076
725,20000,32,0.823257,,0.823257,0.822871,0.823253,534.0093,533.5584,534.004791,495.699411,495.701163,495.701146
726,20000,32,0.823257,,0.823257,0.823257,0.823257,534.0093,534.0093,534.0093,495.701163,495.701163,495.701163
727,20000,32,0.823257,,0.823257,0.823257,0.823257,534.0093,534.0093,534.0093,495.701163,495.701163,495.701163
728,20000,32,0.823257,,0.823257,0.823257,0.823257,534.0093,534.0093,534.0093,495.701163,495.701163,495.701163
729,20000,32,0.823257,,0.823257,0.823257,0.823257,534.0093,534.0093,534.0093,495.701163,495.701163,495.701163
730,20000,32,0.823257,,0.823257,0.823257,0.823257,534.0093,534.0093,534.0093,495.701163,495.701163,495.701163
731,20000,32,0.823257,,0.823257,0.823257,0.823257,534.0093,534.0093,534.0093,495.701163,495.701163,495.701163
732,20000,32,0.823257,,0.823257,0.823257,0.823257,534.0093,534.0093,534.0093,495.701163,495.701163,495.701163
733,20000,32,0.823257,,0.823257,0.823257,0.823257,534.0093,534.0093,534.0093,495.701163,495.701163,495.701163
734,20000,32,0.823257,,0.823257,0.823257,0.823257,534.0093,534.0093,534.0093,495.701163,495.701163,495.701163
735,20000,32,0.823257,,0.823257,0.823257,0.823257,534.0093,534.0093,534.0093,495.701163,495.701163,495.701163
736,20000,32,0.823257,,0.823257,0.823257,0.823257,534.0093,534.0093,534.0093,495.701163,495.701163,495.701163
737,20000,32,0.823257,,0.823257,0.823257,0.823257,534.0093,534.0093,534.0093,495.701163,495.701163,495.701163
738,20000,32,0.823257,,0.823257,0.823257,0.823257,534.0093,534.0093,534.0093,495.701163,495.701163,495.701163
739,20000,32,0.823257,,0.823257,0.823257,0.823257,534.0093,534.0093,534.0093,495.701163,495.701163,495.701163
740,20000,32,0.823257,,0.823257,0.823257,0.823257,534.0093,534.0093,534.0093,495.701163,495.701163,495.701163
741,20000,32,0.823257,,0.823257,0.823257,0.823257,534.0093,534.0093,534.0093,495.701163,495.701163,495.701163
742,20000,32,0.823257,,0.823257,0.823257,0.823257,534.0093,534.0093,534.0093,495.701163,495.701163,495.701163
743,20000,32,0.823257,,0.823257,0.823257,0.823257,534.0093,534.0093,534.0093,495.701163,495.701163,495.701163
744,20000,32,0.823257,,0.823257,0.823257,0.823257,534.0093,534.0093,534.0093,495.701163,495.701163,495.701163
745,20000,32,0.823257,,0.823257,0.823257,0.823257,534.0093,534.0093,534.0093,495.701163,495.701163,495.701163
746,20000,32,0.823257,,0.823257,0.823257,0.823257,534.0093,534.0093,534.0093,495.701163,495.701163,495.701163
747,20000,32,0.823257,,0.823257,0.823257,0.823257,534.0093,534.0093,534.0093,495.701163,495.701163,495.701163
748,20000,32,0.823257,,0.823257,0.823257,0.823257,534.0093,534.0093,534.0093,495.701163,495.701163,495.701163
749,20000,32,0.823257,,0.823257,0.823257,0.823257,534.0093,534.0093,534.0093,495.701163,495.701163,495.701163
750,20000,32,0.823257,,0.823257,0.823257,0.823257,534.0093,534.0093,534.0093,495.701163,495.701163,495.701163
751,20000,32,0.823257,,0.823257,0.823257,0.823257,534.0093,534.0093,534.0093,495.701163,495.701163,495.701163
752,20000,32,0.823257,,0.823257,0.823257,0.823257,534.0093,534.0093,534.0093,495.701163,495.701163,495.701163
753,20000,32,0.823257,,0.823257,0.823257,0.823257,534.0093,534.0093,534.0093,495.701163,495.701163,495.701163
754,20000,32,0.823257,,0.823257,0.823257,0.823257,534.0093,534.0093,534.0093,495.701163,495.701163,495.701163
755,20000,32,0.823257,,0.823257,0.823257,0.823257,534.0093,534.0093,534.0093,495.701163,495.701163,495.701163
756,20000,32,0.823257,,0.823257,0.823257,0.823257,534.0093,534.0093,534.0093,495.701163,495.701163,495.701163
757,20000,32,0.823257,,0.823257,0.823257,0.823257,534.0093,534.0093,534.0093,495.701163,495.701163,495.701163
758,20000,32,0.823257,,0.823257,0.823257,0.823257,534.0093,534.0093,534.0093,495.701163,495.701163,495.701163
759,20000,32,0.823257,,0.823257,0.823257,0.823257,534.0093,534.0093,534.0093,495.701163,495.701163,495.701163
760,20000,32,0.823257,,0.823257,0.823257,0.823257,534.0093,534.0093,534.0093,495.701163,495.701163,495.701163
761,20000,32,0.823345,,0.823345,0.823257,0.823257,534.0093,534.0093,534.0093,495.631954,495.701163,495.700471
762,20000,32,0.823345,,0.823345,0.823257,0.823257,534.0093,534.0093,534.0093,495.631954,495.701163,495.700471
763,20000,32,0.823345,,0.823345,0.823257,0.823259,534.0093,534.0093,534.0093,495.631954,495.701163,495.699087
764,20000,32,0.823345,,0.823345,0.823257,0.823261,534.0093,534.0093,534.0093,495.631954,495.701163,495.697703
765,20000,32,0.82432,,0.82432,0.823257,0.823315,534.8482,534.0093,534.060091,495.433456,495.701163,495.689755
766,20000,32,0.824401,,0.824401,0.823257,0.823373,534.9131,534.0093,534.112663,495.414084,495.701163,495.679932
767,20000,32,0.824401,,0.824401,0.823257,0.823432,534.9131,534.0093,534.1621,495.414084,495.701163,495.66699
768,20000,32,0.824401,,0.824401,0.823257,0.823482,534.9131,534.0093,534.212701,495.414084,495.701163,495.661644
769,20000,32,0.824401,,0.824401,0.823257,0.823561,534.9131,534.0093,534.282042,495.414084,495.701163,495.646789
770,20000,32,0.824401,,0.824401,0.823257,0.823615,534.9131,534.0093,534.332707,495.414084,495.701163,495.637943
771,20000,32,0.824401,,0.824401,0.823257,0.823634,534.9131,534.0093,534.344389,495.414084,495.701163,495.630964
772,20000,32,0.824445,,0.824445,0.823257,0.823696,534.9131,534.0093,534.40375,495.379712,495.701163,495.622663
773,20000,32,0.824445,,0.824445,0.823257,0.82376,534.9131,534.0093,534.465918,495.379712,495.701163,495.614594
774,20000,32,0.824445,,0.824445,0.823257,0.823815,534.9131,534.0093,534.515102,495.379712,495.701163,495.60443
775,20000,32,0.824445,,0.824445,0.823257,0.823879,534.9131,534.0093,534.56916,495.379712,495.701163,495.590973
776,20000,32,0.824445,,0.824445,0.823257,0.823938,534.9131,534.0093,534.61893,495.379712,495.701163,495.577926
777,20000,32,0.824445,,0.824445,0.823257,0.824,534.9131,534.0093,534.670022,495.379712,495.701163,495.563975
778,20000,32,0.824445,,0.824445,0.823257,0.824055,534.9131,534.0093,534.716781,495.379712,495.701163,495.552138
779,20000,32,0.824445,,0.824445,0.823257,0.824097,534.9131,534.0093,534.752642,495.379712,495.701163,495.543743
780,20000,32,0.824445,,0.824445,0.823257,0.824139,534.9131,534.0093,534.783999,495.379712,495.702858,495.532358
781,20000,32,0.824445,,0.824445,0.823257,0.824178,534.9131,534.0093,534.818382,495.379712,495.701163,495.524722
782,20000,32,0.824445,,0.824445,0.823351,0.824215,534.9131,534.0832,534.840625,495.379712,495.689981,495.510431
783,20000,32,0.824534,,0.824534,0.823514,0.824243,534.9131,534.2154,534.857223,495.310503,495.663958,495.500239
784,20000,32,0.824534,,0.824534,0.823514,0.824261,534.9131,534.2154,534.863249,495.310503,495.663958,495.490124
785,20000,32,0.824534,,0.824534,0.8239,0.824281,534.9131,534.7025,534.87101,495.310503,495.663958,495.479404
786,20000,32,0.824534,,0.824534,0.824062,0.824291,534.9131,534.8347,534.873116,495.310503,495.625827,495.473524
787,20000,32,0.824534,,0.824534,0.824062,0.824304,534.9131,534.8347,534.876252,495.310503,495.625827,495.465071
788,20000,32,0.824534,,0.824534,0.824062,0.824331,534.9131,534.8347,534.882524,495.310503,495.625827,495.448043
789,20000,32,0.824534,,0.824534,0.824062,0.824349,534.9131,534.8347,534.888796,495.310503,495.625827,495.438106
790,20000,32,0.824534,,0.824534,0.824062,0.824369,534.9131,534.8347,534.8935,495.310503,495.625827,495.425939
791,20000,32,0.824534,,0.824534,0.824062,0.824384,534.9131,534.8347,534.89742,495.310503,495.625827,495.416688
792,20000,32,0.824534,,0.824534,0.824062,0.824403,534.9131,534.8347,534.899772,495.310503,495.625827,495.403879
793,20000,32,0.824534,,0.824534,0.824062,0.824421,534.9131,534.8347,534.902908,495.310503,495.625827,495.391794
794,20000,32,0.824534,,0.824534,0.824062,0.824431,534.9131,534.8347,534.904476,495.310503,495.625827,495.384747
795,20000,32,0.824534,,0.824534,0.824267,0.824443,534.9131,534.8347,534.906828,495.310503,495.466292,495.377548
796,20000,32,0.824534,,0.824534,0.824267,0.824451,534.9131,534.8347,534.90918,495.310503,495.466292,495.372531
797,20000,32,0.824534,,0.824534,0.824267,0.824462,534.9131,534.8347,534.909964,495.310503,495.466292,495.364648
798,20000,32,0.824534,,0.824534,0.824267,0.824469,534.9131,534.8347,534.909964,495.310503,495.466292,495.358666
799,20000,32,0.824534,,0.824534,0.824267,0.824478,534.9131,534.8347,534.911532,495.310503,495.466292,495.352659
800,20000,32,0.824534,,0.824534,0.824267,0.824488,534.9131,534.8347,534.911532,495.310503,495.466292,495.344945
801,20000,32,0.824534,,0.824534,0.82428,0.824492,534.9131,534.8347,534.911532,495.310503,495.455703,495.342075
802,20000,32,0.824534,,0.824534,0.82428,0.824499,534.9131,534.8347,534.912316,495.310503,495.455703,495.337525
803,20000,32,0.824534,,0.824534,0.824401,0.824508,534.9131,534.9131,534.9131,495.310503,495.414084,495.330985
804,20000,32,0.824534,,0.824534,0.824401,0.824512,534.9131,534.9131,534.9131,495.310503,495.414084,495.327273
805,20000,32,0.824567,,0.824567,0.824401,0.824519,534.9131,534.9131,534.9131,495.284804,495.414084,495.322014
806,20000,32,0.824567,,0.824567,0.824445,0.824525,534.9131,534.9131,534.9131,495.284804,495.379712,495.317091
807,20000,32,0.824567,,0.824567,0.824445,0.82453,534.9131,534.9131,534.9131,495.284804,495.379712,495.313286
808,20000,32,0.824567,,0.824567,0.824478,0.824535,534.9131,534.9131,534.9131,495.284804,495.354013,495.309494
809,20000,32,0.824567,,0.824567,0.824478,0.824538,534.9131,534.9131,534.9131,495.284804,495.354013,495.307003
810,20000,32,0.824567,,0.824567,0.82449,0.824542,534.9131,534.9131,534.9131,495.284804,495.344875,495.304081
811,20000,32,0.824567,,0.824567,0.82449,0.824546,534.9131,534.9131,534.9131,495.284804,495.344875,495.301425
812,20000,32,0.824567,,0.824567,0.824534,0.824548,534.9131,534.9131,534.9131,495.284804,495.310503,495.299709
813,20000,32,0.824567,,0.824567,0.824534,0.82455,534.9131,534.9131,534.9131,495.284804,495.310503,495.297653
814,20000,32,0.824567,,0.824567,0.824534,0.824554,534.9131,534.9131,534.9131,495.284804,495.310503,495.295083
815,20000,32,0.824567,,0.824567,0.824534,0.824556,534.9131,534.9131,534.9131,495.284804,495.310503,495.293284
816,20000,32,0.824567,,0.824567,0.824534,0.824559,534.9131,534.9131,534.9131,495.284804,495.310503,495.291228
817,20000,32,0.824567,,0.824567,0.824534,0.824561,534.9131,534.9131,534.9131,495.284804,495.310503,495.289687
818,20000,32,0.824567,,0.824567,0.824534,0.824563,534.9131,534.9131,534.9131,495.284804,495.310503,495.287888
819,20000,32,0.824567,,0.824567,0.824534,0.824564,534.9131,534.9131,534.9131,495.284804,495.310503,495.28686
820,20000,32,0.824567,,0.824567,0.824534,0.824566,534.9131,534.9131,534.9131,495.284804,495.310503,495.285832
821,20000,32,0.824567,,0.824567,0.824534,0.824566,534.9131,534.9131,534.9131,495.284804,495.310503,495.285318
822,20000,32,0.824567,,0.824567,0.824534,0.824566,534.9131,534.9131,534.9131,495.284804,495.310503,495.285318
823,20000,32,0.824567,,0.824567,0.824534,0.824566,534.9131,534.9131,534.9131,495.284804,495.310503,495.285061
824,20000,32,0.824567,,0.824567,0.824534,0.824566,534.9131,534.9131,534.9131,495.284804,495.310503,495.285061
825,20000,32,0.824567,,0.824567,0.824567,0.824567,534.9131,534.9131,534.9131,495.284804,495.284804,495.284804
826,20000,32,0.824567,,0.824567,0.824567,0.824567,534.9131,534.9131,534.9131,495.284804,495.284804,495.284804
827,20000,32,0.824567,,0.824567,0.824567,0.824567,534.9131,534.9131,534.9131,495.284804,495.284804,495.284804
828,20000,32,0.824567,,0.824567,0.824567,0.824567,534.9131,534.9131,534.9131,495.284804,495.284804,495.284804
829,20000,32,0.824567,,0.824567,0.824567,0.824567,534.9131,534.9131,534.9131,495.284804,495.284804,495.284804
830,20000,32,0.824567,,0.824567,0.824567,0.824567,534.9131,534.9131,534.9131,495.284804,495.284804,495.284804
831,20000,32,0.824567,,0.824567,0.824567,0.824567,534.9131,534.9131,534.9131,495.284804,495.284804,495.284804
832,20000,32,0.824567,,0.824567,0.824567,0.824567,534.9131,534.9131,534.9131,495.284804,495.284804,495.284804
833,20000,32,0.824567,,0.824567,0.824567,0.824567,534.9131,534.9131,534.9131,495.284804,495.284804,495.284804
834,20000,32,0.824567,,0.824567,0.824567,0.824567,534.9131,534.9131,534.9131,495.284804,495.284804,495.284804
835,20000,32,0.824567,,0.824567,0.824567,0.824567,534.9131,534.9131,534.9131,495.284804,495.284804,495.284804
836,20000,32,0.824567,,0.824567,0.824567,0.824567,534.9131,534.9131,534.9131,495.284804,495.284804,495.284804
837,20000,32,0.824567,,0.824567,0.824567,0.824567,534.9131,534.9131,534.9131,495.284804,495.284804,495.284804
838,20000,32,0.824567,,0.824567,0.824567,0.824567,534.9131,534.9131,534.9131,495.284804,495.284804,495.284804
839,20000,32,0.824567,,0.824567,0.824567,0.824567,534.9131,534.9131,534.9131,495.284804,495.284804,495.284804
840,20000,32,0.824567,,0.824567,0.824567,0.824567,534.9131,534.9131,534.9131,495.284804,495.284804,495.284804
841,20000,32,0.824567,,0.824567,0.824567,0.824567,534.9131,534.9131,534.9131,495.284804,495.284804,495.284804
842,20000,32,0.824588,,0.824588,0.824567,0.824567,534.9131,534.9131,534.9131,495.268611,495.284804,495.284642
843,20000,32,0.824588,,0.824588,0.824567,0.824567,534.9131,534.9131,534.9131,495.268611,495.284804,495.284318
844,20000,32,0.824588,,0.824588,0.824567,0.824568,534.9131,534.9131,534.9131,495.268611,495.284804,495.283832
845,20000,32,0.824588,,0.824588,0.824567,0.824569,534.9131,534.9131,534.9131,495.268611,495.284804,495.283184
846,20000,32,0.824588,,0.824588,0.824567,0.82457,534.9131,534.9131,534.9131,495.268611,495.284804,495.282213
847,20000,32,0.824588,,0.824588,0.824567,0.824571,534.9131,534.9131,534.9131,495.268611,495.284804,495.281241
848,20000,32,0.824588,,0.824588,0.824567,0.824573,534.9131,534.9131,534.9131,495.268611,495.284804,495.280108
849,20000,32,0.824588,,0.824588,0.824567,0.824574,534.9131,534.9131,534.9131,495.268611,495.284804,495.279298
850,20000,32,0.824911,,0.824911,0.82432,0.824578,535.1592,534.8482,534.915877,495.016546,495.433456,495.278004
851,20000,32,0.824944,,0.824944,0.824567,0.824597,535.1592,534.9131,534.91814,494.990846,495.284804,495.264997
852,20000,32,0.824944,,0.824944,0.824567,0.824608,535.1592,534.9131,534.922864,494.990846,495.284804,495.258957
853,20000,32,0.824944,,0.824944,0.824567,0.824616,535.1592,534.9131,534.927746,494.990846,495.284804,495.256195
854,20000,32,0.824944,,0.824944,0.824567,0.824629,535.1592,534.9131,534.931821,494.990846,495.284804,495.248688
855,20000,32,0.824944,,0.824944,0.824567,0.824652,535.1592,534.9131,534.943279,494.990846,495.284804,495.238368
856,20000,32,0.824944,,0.824944,0.824567,0.824676,535.1592,534.9131,534.958852,494.990846,495.284804,495.230376
857,20000,32,0.825032,,0.825032,0.824567,0.824707,535.1592,534.9131,534.973578,494.921637,495.284804,495.216372
858,20000,32,0.825032,,0.825032,0.824567,0.82473,535.1592,534.9131,534.985883,494.921637,495.284804,495.206684
859,20000,32,0.825032,,0.825032,0.824567,0.824773,535.1592,534.9131,535.005571,494.921637,495.284804,495.185963
860,20000,32,0.825032,,0.825032,0.824567,0.824801,535.1592,534.9131,535.014568,494.921637,495.284804,495.17051
861,20000,32,0.825032,,0.825032,0.824567,0.824841,535.1592,534.9131,535.030141,494.921637,495.284804,495.149749
862,20000,32,0.825032,,0.825032,0.824567,0.824859,535.1592,534.9131,535.033449,494.921637,495.284804,495.137531
863,20000,32,0.825032,,0.825032,0.824567,0.824875,535.1592,534.9131,535.040872,494.921637,495.284804,495.130138
864,20000,32,0.825032,,0.825032,0.824588,0.824906,535.1592,534.9131,535.046681,494.921637,495.268611,495.110133
865,20000,32,0.825032,,0.825032,0.824588,0.824925,535.1592,534.9131,535.035263,494.921637,495.268611,495.087565
866,20000,32,0.825032,,0.825032,0.824588,0.824935,535.1592,534.9131,535.031995,494.921637,495.268611,495.07715
867,20000,32,0.825032,,0.825032,0.82466,0.824947,535.1592,534.9131,535.028727,494.921637,495.266383,495.066074
868,20000,32,0.825032,,0.825032,0.82466,0.824962,535.1592,534.9131,535.012347,494.921637,495.266383,495.043229
869,20000,32,0.825032,,0.825032,0.824894,0.824975,535.1592,534.9131,534.994313,494.921637,495.194325,495.021105
870,20000,32,0.825032,,0.825032,0.824905,0.82498,535.1592,534.9131,534.98693,494.921637,495.186095,495.011819
871,20000,32,0.825032,,0.825032,0.824905,0.824985,535.1592,534.9131,534.982008,494.921637,495.186095,495.004568
872,20000,32,0.825032,,0.825032,0.824905,0.824993,535.1592,534.9131,534.967242,494.921637,495.186095,494.988701
873,20000,32,0.825032,,0.825032,0.824905,0.824996,535.1592,534.9131,534.964781,494.921637,495.186095,494.984672
874,20000,32,0.825032,,0.825032,0.824905,0.825001,535.1592,534.9131,534.954937,494.921637,495.186095,494.974208
875,20000,32,0.82535,,0.82535,0.824905,0.825008,535.1592,534.9131,534.950015,494.839122,495.186095,494.965449
876,20000,32,0.82535,,0.82535,0.824905,0.825013,535.1592,534.9131,534.947554,494.839122,495.186095,494.960027
877,20000,32,0.82535,,0.82535,0.824905,0.825021,535.1592,534.9131,534.945093,494.839122,495.186095,494.951837
878,20000,32,0.82535,,0.82535,0.824905,0.82503,535.1592,534.9131,534.945093,494.839122,495.186095,494.944897
879,20000,32,0.82535,,0.82535,0.824905,0.825037,535.1592,534.9131,534.942632,494.839122,495.186095,494.938197
880,20000,32,0.82535,,0.82535,0.824905,0.82505,535.1592,534.9131,534.945093,494.839122,495.186095,494.92974
881,20000,32,0.82535,,0.82535,0.824905,0.825065,535.1592,534.9131,534.950015,494.839122,495.186095,494.92115
882,20000,32,0.82535,,0.82535,0.824905,0.825083,535.1592,534.9131,534.959859,494.839122,495.186095,494.913688
883,20000,32,0.82535,,0.82535,0.824944,0.825109,535.1592,534.9131,534.974625,494.839122,494.990846,494.903297
884,20000,32,0.82535,,0.82535,0.824944,0.825126,535.1592,534.9131,534.98693,494.839122,494.990846,494.898373
885,20000,32,0.82535,,0.82535,0.825019,0.825146,535.1592,534.9131,535.001696,494.839122,494.932226,494.892038
886,20000,32,0.82535,,0.82535,0.825032,0.825159,535.1592,534.9131,535.01154,494.839122,494.921637,494.888631
887,20000,32,0.82535,,0.82535,0.825032,0.825178,535.1592,534.9131,535.026306,494.839122,494.921637,494.88368
888,20000,32,0.82535,,0.82535,0.825032,0.825188,535.1592,534.9131,535.033689,494.839122,494.921637,494.881205
889,20000,32,0.82535,,0.82535,0.825032,0.825197,535.1592,534.9131,535.041072,494.839122,494.921637,494.878729
890,20000,32,0.82535,,0.82535,0.825032,0.82521,535.1592,534.9131,535.050916,494.839122,494.921637,494.875429
891,20000,32,0.82535,,0.82535,0.825032,0.825213,535.1592,534.9131,535.053377,494.839122,494.921637,494.874604
892,20000,32,0.82535,,0.82535,0.825032,0.825223,535.1592,534.9131,535.06076,494.839122,494.921637,494.872128
893,20000,32,0.82535,,0.82535,0.825032,0.825232,535.1592,534.9131,535.068143,494.839122,494.921637,494.869653
894,20000,32,0.82535,,0.82535,0.825032,0.825245,535.1592,534.9131,535.077987,494.839122,494.921637,494.866352
895,20000,32,0.82535,,0.82535,0.825032,0.825264,535.1592,534.9131,535.092753,494.839122,494.921637,494.861401
896,20000,32,0.82535,,0.82535,0.825032,0.825283,535.1592,534.9131,535.107519,494.839122,494.921637,494.85645
897,20000,32,0.82535,,0.82535,0.825032,0.825312,535.1592,534.9131,535.129668,494.839122,494.921637,494.849024
898,20000,32,0.82535,,0.82535,0.825032,0.825331,535.1592,534.9131,535.144434,494.839122,494.921637,494.844073
899,20000,32,0.82535,,0.82535,0.825032,0.82534,535.1592,534.9131,535.151817,494.839122,494.921637,494.841597
900,20000,32,0.82535,,0.82535,0.825032,0.825343,535.1592,534.9131,535.154278,494.839122,494.921637,494.840772
901,20000,32,0.82535,,0.82535,0.825032,0.825343,535.1592,534.9131,535.154278,494.839122,494.921637,494.840772
902,20000,32,0.82535,,0.82535,0.825032,0.825346,535.1592,534.9131,535.156739,494.839122,494.921637,494.839947
903,20000,32,0.82535,,0.82535,0.82535,0.82535,535.1592,535.1592,535.1592,494.839122,494.839122,494.839122
904,20000,32,0.82535,,0.82535,0.82535,0.82535,535.1592,535.1592,535.1592,494.839122,494.839122,494.839122
905,20000,32,0.82535,,0.82535,0.82535,0.82535,535.1592,535.1592,535.1592,494.839122,494.839122,494.839122
906,20000,32,0.82535,,0.82535,0.82535,0.82535,535.1592,535.1592,535.1592,494.839122,494.839122,494.839122
907,20000,32,0.82535,,0.82535,0.82535,0.82535,535.1592,535.1592,535.1592,494.839122,494.839122,494.839122
908,20000,32,0.82535,,0.82535,0.82535,0.82535,535.1592,535.1592,535.1592,494.839122,494.839122,494.839122
909,20000,32,0.82535,,0.82535,0.82535,0.82535,535.1592,535.1592,535.1592,494.839122,494.839122,494.839122
910,20000,32,0.82535,,0.82535,0.82535,0.82535,535.1592,535.1592,535.1592,494.839122,494.839122,494.839122
911,20000,32,0.82535,,0.82535,0.82535,0.82535,535.1592,535.1592,535.1592,494.839122,494.839122,494.839122
912,20000,32,0.82535,,0.82535,0.82535,0.82535,535.1592,535.1592,535.1592,494.839122,494.839122,494.839122
913,20000,32,0.82535,,0.82535,0.82535,0.82535,535.1592,535.1592,535.1592,494.839122,494.839122,494.839122
914,20000,32,0.82535,,0.82535,0.82535,0.82535,535.1592,535.1592,535.1592,494.839122,494.839122,494.839122
915,20000,32,0.82535,,0.82535,0.82535,0.82535,535.1592,535.1592,535.1592,494.839122,494.839122,494.839122
916,20000,32,0.82535,,0.82535,0.82535,0.82535,535.1592,535.1592,535.1592,494.839122,494.839122,494.839122
917,20000,32,0.82535,,0.82535,0.82535,0.82535,535.1592,535.1592,535.1592,494.839122,494.839122,494.839122
918,20000,32,0.82535,,0.82535,0.82535,0.82535,535.1592,535.1592,535.1592,494.839122,494.839122,494.839122
919,20000,32,0.82535,,0.82535,0.82535,0.82535,535.1592,535.1592,535.1592,494.839122,494.839122,494.839122
920,20000,32,0.82535,,0.82535,0.82535,0.82535,535.1592,535.1592,535.1592,494.839122,494.839122,494.839122
921,20000,32,0.82535,,0.82535,0.82535,0.82535,535.1592,535.1592,535.1592,494.839122,494.839122,494.839122
922,20000,32,0.82535,,0.82535,0.82535,0.82535,535.1592,535.1592,535.1592,494.839122,494.839122,494.839122
923,20000,32,0.82535,,0.82535,0.82535,0.82535,535.1592,535.1592,535.1592,494.839122,494.839122,494.839122
924,20000,32,0.82535,,0.82535,0.82535,0.82535,535.1592,535.1592,535.1592,494.839122,494.839122,494.839122
925,20000,32,0.82535,,0.82535,0.82535,0.82535,535.1592,535.1592,535.1592,494.839122,494.839122,494.839122
926,20000,32,0.82535,,0.82535,0.82535,0.82535,535.1592,535.1592,535.1592,494.839122,494.839122,494.839122
927,20000,32,0.82535,,0.82535,0.82535,0.82535,535.1592,535.1592,535.1592,494.839122,494.839122,494.839122
928,20000,32,0.82535,,0.82535,0.82535,0.82535,535.1592,535.1592,535.1592,494.839122,494.839122,494.839122
929,20000,32,0.82535,,0.82535,0.82535,0.82535,535.1592,535.1592,535.1592,494.839122,494.839122,494.839122
930,20000,32,0.82535,,0.82535,0.82535,0.82535,535.1592,535.1592,535.1592,494.839122,494.839122,494.839122
931,20000,32,0.82535,,0.82535,0.82535,0.82535,535.1592,535.1592,535.1592,494.839122,494.839122,494.839122
932,20000,32,0.82535,,0.82535,0.82535,0.82535,535.1592,535.1592,535.1592,494.839122,494.839122,494.839122
933,20000,32,0.82535,,0.82535,0.82535,0.82535,535.1592,535.1592,535.1592,494.839122,494.839122,494.839122
934,20000,32,0.82535,,0.82535,0.82535,0.82535,535.1592,535.1592,535.1592,494.839122,494.839122,494.839122
935,20000,32,0.82535,,0.82535,0.824944,0.825342,535.1592,534.9131,535.154278,494.839122,494.990846,494.841464
936,20000,32,0.82535,,0.82535,0.82535,0.82535,535.1592,535.1592,535.1592,494.839122,494.839122,494.839122
937,20000,32,0.82535,,0.82535,0.82535,0.82535,535.1592,535.1592,535.1592,494.839122,494.839122,494.839122
938,20000,32,0.82535,,0.82535,0.82535,0.82535,535.1592,535.1592,535.1592,494.839122,494.839122,494.839122
939,20000,32,0.82535,,0.82535,0.82535,0.82535,535.1592,535.1592,535.1592,494.839122,494.839122,494.839122
940,20000,32,0.82535,,0.82535,0.82535,0.82535,535.1592,535.1592,535.1592,494.839122,494.839122,494.839122
941,20000,32,0.82535,,0.82535,0.82535,0.82535,535.1592,535.1592,535.1592,494.839122,494.839122,494.839122
942,20000,32,0.82535,,0.82535,0.82535,0.82535,535.1592,535.1592,535.1592,494.839122,494.839122,494.839122
943,20000,32,0.82535,,0.82535,0.82535,0.82535,535.1592,535.1592,535.1592,494.839122,494.839122,494.839122
944,20000,32,0.82535,,0.82535,0.82535,0.82535,535.1592,535.1592,535.1592,494.839122,494.839122,494.839122
945,20000,32,0.82535,,0.82535,0.82535,0.82535,535.1592,535.1592,535.1592,494.839122,494.839122,494.839122
946,20000,32,0.82535,,0.82535,0.82535,0.82535,535.1592,535.1592,535.1592,494.839122,494.839122,494.839122
947,20000,32,0.82535,,0.82535,0.82535,0.82535,535.1592,535.1592,535.1592,494.839122,494.839122,494.839122
948,20000,32,0.82535,,0.82535,0.82535,0.82535,535.1592,535.1592,535.1592,494.839122,494.839122,494.839122
949,20000,32,0.82535,,0.82535,0.82535,0.82535,535.1592,535.1592,535.1592,494.839122,494.839122,494.839122
950,20000,32,0.82535,,0.82535,0.82535,0.82535,535.1592,535.1592,535.1592,494.839122,494.839122,494.839122
951,20000,32,0.82535,,0.82535,0.82535,0.82535,535.1592,535.1592,535.1592,494.839122,494.839122,494.839122
952,20000,32,0.82535,,0.82535,0.82535,0.82535,535.1592,535.1592,535.1592,494.839122,494.839122,494.839122
953,20000,32,0.82535,,0.82535,0.82535,0.82535,535.1592,535.1592,535.1592,494.839122,494.839122,494.839122
954,20000,32,0.82535,,0.82535,0.82535,0.82535,535.1592,535.1592,535.1592,494.839122,494.839122,494.839122
955,20000,32,0.82535,,0.82535,0.82535,0.82535,535.1592,535.1592,535.1592,494.839122,494.839122,494.839122
956,20000,32,0.82535,,0.82535,0.82535,0.82535,535.1592,535.1592,535.1592,494.839122,494.839122,494.839122
957,20000,32,0.82535,,0.82535,0.82535,0.82535,535.1592,535.1592,535.1592,494.839122,494.839122,494.839122
958,20000,32,0.82535,,0.82535,0.82535,0.82535,535.1592,535.1592,535.1592,494.839122,494.839122,494.839122
959,20000,32,0.82535,,0.82535,0.82535,0.82535,535.1592,535.1592,535.1592,494.839122,494.839122,494.839122
960,20000,32,0.82535,,0.82535,0.82535,0.82535,535.1592,535.1592,535.1592,494.839122,494.839122,494.839122
961,20000,32,0.82535,,0.82535,0.82535,0.82535,535.1592,535.1592,535.1592,494.839122,494.839122,494.839122
962,20000,32,0.82535,,0.82535,0.82535,0.82535,535.1592,535.1592,535.1592,494.839122,494.839122,494.839122
963,20000,32,0.82535,,0.82535,0.82535,0.82535,535.1592,535.1592,535.1592,494.839122,494.839122,494.839122
964,20000,32,0.82535,,0.82535,0.82535,0.82535,535.1592,535.1592,535.1592,494.839122,494.839122,494.839122
965,20000,32,0.82535,,0.82535,0.82535,0.82535,535.1592,535.1592,535.1592,494.839122,494.839122,494.839122
966,20000,32,0.82535,,0.82535,0.82535,0.82535,535.1592,535.1592,535.1592,494.839122,494.839122,494.839122
967,20000,32,0.82535,,0.82535,0.82535,0.82535,535.1592,535.1592,535.1592,494.839122,494.839122,494.839122
968,20000,32,0.82535,,0.82535,0.82535,0.82535,535.1592,535.1592,535.1592,494.839122,494.839122,494.839122
969,20000,32,0.82535,,0.82535,0.82535,0.82535,535.1592,535.1592,535.1592,494.839122,494.839122,494.839122
970,20000,32,0.82535,,0.82535,0.82535,0.82535,535.1592,535.1592,535.1592,494.839122,494.839122,494.839122
971,20000,32,0.82535,,0.82535,0.82535,0.82535,535.1592,535.1592,535.1592,494.839122,494.839122,494.839122
972,20000,32,0.82535,,0.82535,0.82535,0.82535,535.1592,535.1592,535.1592,494.839122,494.839122,494.839122
973,20000,32,0.82535,,0.82535,0.82535,0.82535,535.1592,535.1592,535.1592,494.839122,494.839122,494.839122
974,20000,32,0.82535,,0.82535,0.82535,0.82535,535.1592,535.1592,535.1592,494.839122,494.839122,494.839122
975,20000,32,0.82535,,0.82535,0.82535,0.82535,535.1592,535.1592,535.1592,494.839122,494.839122,494.839122
976,20000,32,0.82535,,0.82535,0.82535,0.82535,535.1592,535.1592,535.1592,494.839122,494.839122,494.839122
977,20000,32,0.82535,,0.82535,0.82535,0.82535,535.1592,535.1592,535.1592,494.839122,494.839122,494.839122
978,20000,32,0.82535,,0.82535,0.82535,0.82535,535.1592,535.1592,535.1592,494.839122,494.839122,494.839122
979,20000,32,0.82535,,0.82535,0.82535,0.82535,535.1592,535.1592,535.1592,494.839122,494.839122,494.839122
980,20000,32,0.82535,,0.82535,0.82535,0.82535,535.1592,535.1592,535.1592,494.839122,494.839122,494.839122
981,20000,32,0.82535,,0.82535,0.82535,0.82535,535.1592,535.1592,535.1592,494.839122,494.839122,494.839122
982,20000,32,0.82535,,0.82535,0.82535,0.82535,535.1592,535.1592,535.1592,494.839122,494.839122,494.839122
983,20000,32,0.82535,,0.82535,0.82535,0.82535,535.1592,535.1592,535.1592,494.839122,494.839122,494.839122
984,20000,32,0.82535,,0.82535,0.82535,0.82535,535.1592,535.1592,535.1592,494.839122,494.839122,494.839122
985,20000,32,0.82535,,0.82535,0.82535,0.82535,535.1592,535.1592,535.1592,494.839122,494.839122,494.839122
986,20000,32,0.82535,,0.82535,0.82535,0.82535,535.1592,535.1592,535.1592,494.839122,494.839122,494.839122
987,20000,32,0.82535,,0.82535,0.82535,0.82535,535.1592,535.1592,535.1592,494.839122,494.839122,494.839122
988,20000,32,0.82535,,0.82535,0.82535,0.82535,535.1592,535.1592,535.1592,494.839122,494.839122,494.839122
989,20000,32,0.82535,,0.82535,0.82535,0.82535,535.1592,535.1592,535.1592,494.839122,494.839122,494.839122
990,20000,32,0.82535,,0.82535,0.82535,0.82535,535.1592,535.1592,535.1592,494.839122,494.839122,494.839122
991,20000,32,0.82535,,0.82535,0.82535,0.82535,535.1592,535.1592,535.1592,494.839122,494.839122,494.839122
992,20000,32,0.82535,,0.82535,0.82535,0.82535,535.1592,535.1592,535.1592,494.839122,494.839122,494.839122
993,20000,32,0.82535,,0.82535,0.82535,0.82535,535.1592,535.1592,535.1592,494.839122,494.839122,494.839122
994,20000,32,0.82535,,0.82535,0.82535,0.82535,535.1592,535.1592,535.1592,494.839122,494.839122,494.839122
995,20000,32,0.82535,,0.82535,0.82535,0.82535,535.1592,535.1592,535.1592,494.839122,494.839122,494.839122
996,20000,32,0.82535,,0.82535,0.82535,0.82535,535.1592,535.1592,535.1592,494.839122,494.839122,494.839122
997,20000,32,0.82535,,0.82535,0.82535,0.82535,535.1592,535.1592,535.1592,494.839122,494.839122,494.839122
998,20000,32,0.82535,,0.82535,0.82535,0.82535,535.1592,535.1592,535.1592,494.839122,494.839122,494.839122
999,20000,32,0.82535,,0.82535,0.82535,0.82535,535.1592,535.1592,535.1592,494.839122,494.839122,494.839122
1000,20000,32,0.82535,,0.82535,0.82535,0.82535,535.1592,535.1592,535.1592,494.839122,494.839122,494.839122
1001,20000,32,0.82535,,0.82535,0.82535,0.82535,535.1592,535.1592,535.1592,494.839122,494.839122,494.839122
1002,20000,32,0.82535,,0.82535,0.82535,0.82535,535.1592,535.1592,535.1592,494.839122,494.839122,494.839122
1003,20000,32,0.82535,,0.82535,0.82535,0.82535,535.1592,535.1592,535.1592,494.839122,494.839122,494.839122
1004,20000,32,0.82535,,0.82535,0.82535,0.82535,535.1592,535.1592,535.1592,494.839122,494.839122,494.839122
1005,20000,32,0.82535,,0.82535,0.82535,0.82535,535.1592,535.1592,535.1592,494.839122,494.839122,494.839122
1006,20000,32,0.82535,,0.82535,0.82535,0.82535,535.1592,535.1592,535.1592,494.839122,494.839122,494.839122
1007,20000,32,0.82535,,0.82535,0.82535,0.82535,535.1592,535.1592,535.1592,494.839122,494.839122,494.839122
1008,20000,32,0.82535,,0.82535,0.82535,0.82535,535.1592,535.1592,535.1592,494.839122,494.839122,494.839122
1009,20000,32,0.82535,,0.82535,0.82535,0.82535,535.1592,535.1592,535.1592,494.839122,494.839122,494.839122
1010,20000,32,0.82535,,0.82535,0.82535,0.82535,535.1592,535.1592,535.1592,494.839122,494.839122,494.839122
1011,20000,32,0.82535,,0.82535,0.82535,0.82535,535.1592,535.1592,535.1592,494.839122,494.839122,494.839122
1012,20000,32,0.82535,,0.82535,0.82535,0.82535,535.1592,535.1592,535.1592,494.839122,494.839122,494.839122
1013,20000,32,0.82535,,0.82535,0.82535,0.82535,535.1592,535.1592,535.1592,494.839122,494.839122,494.839122
1014,20000,32,0.82535,,0.82535,0.82535,0.82535,535.1592,535.1592,535.1592,494.839122,494.839122,494.839122
1015,20000,32,0.82535,,0.82535,0.82535,0.82535,535.1592,535.1592,535.1592,494.839122,494.839122,494.839122
1016,20000,32,0.82535,,0.82535,0.82535,0.82535,535.1592,535.1592,535.1592,494.839122,494.839122,494.839122
1017,20000,32,0.82535,,0.82535,0.82535,0.82535,535.1592,535.1592,535.1592,494.839122,494.839122,494.839122
1018,20000,32,0.82535,,0.82535,0.82535,0.82535,535.1592,535.1592,535.1592,494.839122,494.839122,494.839122
1019,20000,32,0.82535,,0.82535,0.82535,0.82535,535.1592,535.1592,535.1592,494.839122,494.839122,494.839122
1020,20000,32,0.825363,,0.825363,0.82535,0.82535,535.1592,535.1592,535.1592,494.828533,494.839122,494.838487
1021,20000,32,0.825363,,0.825363,0.82535,0.825351,535.1592,535.1592,535.1592,494.828533,494.839122,494.838169
1022,20000,32,0.825363,,0.825363,0.82535,0.825352,535.1592,535.1592,535.1592,494.828533,494.839122,494.837639
1023,20000,32,0.825363,,0.825363,0.82535,0.825352,535.1592,535.1592,535.1592,494.828533,494.839122,494.837216
1024,20000,32,0.825363,,0.825363,0.82535,0.825353,535.1592,535.1592,535.1592,494.828533,494.839122,494.836475
1025,20000,32,0.825363,,0.825363,0.82535,0.825354,535.1592,535.1592,535.1592,494.828533,494.839122,494.835734
1026,20000,32,0.825363,,0.825363,0.82535,0.825356,535.1592,535.1592,535.1592,494.828533,494.839122,494.834463
1027,20000,32,0.825363,,0.825363,0.82535,0.825357,535.1592,535.1592,535.1592,494.828533,494.839122,494.833298
1028,20000,32,0.825363,,0.825363,0.82535,0.825359,535.1592,535.1592,535.1592,494.828533,494.839122,494.832027
1029,20000,32,0.825363,,0.825363,0.82535,0.82536,535.1592,535.1592,535.1592,494.828533,494.839122,494.830651
1030,20000,32,0.825363,,0.825363,0.82535,0.825361,535.1592,535.1592,535.1592,494.828533,494.839122,494.830227
1031,20000,32,0.825363,,0.825363,0.82535,0.825361,535.1592,535.1592,535.1592,494.828533,494.839122,494.82991
1032,20000,32,0.825363,,0.825363,0.82535,0.825362,535.1592,535.1592,535.1592,494.828533,494.839122,494.829592
1033,20000,32,0.825363,,0.825363,0.82535,0.825363,535.1592,535.1592,535.1592,494.828533,494.839122,494.828957
1034,20000,32,0.825363,,0.825363,0.82535,0.825363,535.1592,535.1592,535.1592,494.828533,494.839122,494.828745
1035,20000,32,0.825363,,0.825363,0.825363,0.825363,535.1592,535.1592,535.1592,494.828533,494.828533,494.828533
1036,20000,32,0.825363,,0.825363,0.825363,0.825363,535.1592,535.1592,535.1592,494.828533,494.828533,494.828533
1037,20000,32,0.825363,,0.825363,0.825363,0.825363,535.1592,535.1592,535.1592,494.828533,494.828533,494.828533
1038,20000,32,0.825363,,0.825363,0.825363,0.825363,535.1592,535.1592,535.1592,494.828533,494.828533,494.828533
1039,20000,32,0.825363,,0.825363,0.825363,0.825363,535.1592,535.1592,535.1592,494.828533,494.828533,494.828533
1040,20000,32,0.825363,,0.825363,0.825363,0.825363,535.1592,535.1592,535.1592,494.828533,494.828533,494.828533
1041,20000,32,0.825363,,0.825363,0.825363,0.825363,535.1592,535.1592,535.1592,494.828533,494.828533,494.828533
1042,20000,32,0.825363,,0.825363,0.825363,0.825363,535.1592,535.1592,535.1592,494.828533,494.828533,494.828533
1043,20000,32,0.825363,,0.825363,0.825363,0.825363,535.1592,535.1592,535.1592,494.828533,494.828533,494.828533
1044,20000,32,0.825363,,0.825363,0.825363,0.825363,535.1592,535.1592,535.1592,494.828533,494.828533,494.828533
1045,20000,32,0.825363,,0.825363,0.825363,0.825363,535.1592,535.1592,535.1592,494.828533,494.828533,494.828533
1046,20000,32,0.825363,,0.825363,0.825363,0.825363,535.1592,535.1592,535.1592,494.828533,494.828533,494.828533
1047,20000,32,0.825363,,0.825363,0.825363,0.825363,535.1592,535.1592,535.1592,494.828533,494.828533,494.828533
1048,20000,32,0.825363,,0.825363,0.825363,0.825363,535.1592,535.1592,535.1592,494.828533,494.828533,494.828533
1049,20000,32,0.825363,,0.825363,0.825363,0.825363,535.1592,535.1592,535.1592,494.828533,494.828533,494.828533
1050,20000,32,0.825363,,0.825363,0.825363,0.825363,535.1592,535.1592,535.1592,494.828533,494.828533,494.828533
1051,20000,32,0.825363,,0.825363,0.825363,0.825363,535.1592,535.1592,535.1592,494.828533,494.828533,494.828533
1052,20000,32,0.825363,,0.825363,0.825363,0.825363,535.1592,535.1592,535.1592,494.828533,494.828533,494.828533
1053,20000,32,0.825363,,0.825363,0.825363,0.825363,535.1592,535.1592,535.1592,494.828533,494.828533,494.828533
1054,20000,32,0.825363,,0.825363,0.825363,0.825363,535.1592,535.1592,535.1592,494.828533,494.828533,494.828533
1055,20000,32,0.825363,,0.825363,0.825363,0.825363,535.1592,535.1592,535.1592,494.828533,494.828533,494.828533
1056,20000,32,0.825363,,0.825363,0.825363,0.825363,535.1592,535.1592,535.1592,494.828533,494.828533,494.828533
1057,20000,32,0.825363,,0.825363,0.825363,0.825363,535.1592,535.1592,535.1592,494.828533,494.828533,494.828533
1058,20000,32,0.825363,,0.825363,0.825363,0.825363,535.1592,535.1592,535.1592,494.828533,494.828533,494.828533
1059,20000,32,0.825363,,0.825363,0.825363,0.825363,535.1592,535.1592,535.1592,494.828533,494.828533,494.828533
1060,20000,32,0.825363,,0.825363,0.825363,0.825363,535.1592,535.1592,535.1592,494.828533,494.828533,494.828533
1061,20000,32,0.825363,,0.825363,0.825363,0.825363,535.1592,535.1592,535.1592,494.828533,494.828533,494.828533
1062,20000,32,0.825363,,0.825363,0.825363,0.825363,535.1592,535.1592,535.1592,494.828533,494.828533,494.828533
1063,20000,32,0.825363,,0.825363,0.825363,0.825363,535.1592,535.1592,535.1592,494.828533,494.828533,494.828533
1064,20000,32,0.825363,,0.825363,0.825363,0.825363,535.1592,535.1592,535.1592,494.828533,494.828533,494.828533
1065,20000,32,0.825363,,0.825363,0.825363,0.825363,535.1592,535.1592,535.1592,494.828533,494.828533,494.828533
1066,20000,32,0.825363,,0.825363,0.825363,0.825363,535.1592,535.1592,535.1592,494.828533,494.828533,494.828533
1067,20000,32,0.825363,,0.825363,0.825363,0.825363,535.1592,535.1592,535.1592,494.828533,494.828533,494.828533
1068,20000,32,0.825363,,0.825363,0.825363,0.825363,535.1592,535.1592,535.1592,494.828533,494.828533,494.828533
1069,20000,32,0.825363,,0.825363,0.825363,0.825363,535.1592,535.1592,535.1592,494.828533,494.828533,494.828533
1070,20000,32,0.825363,,0.825363,0.825363,0.825363,535.1592,535.1592,535.1592,494.828533,494.828533,494.828533
1071,20000,32,0.825363,,0.825363,0.825363,0.825363,535.1592,535.1592,535.1592,494.828533,494.828533,494.828533
1072,20000,32,0.825363,,0.825363,0.825363,0.825363,535.1592,535.1592,535.1592,494.828533,494.828533,494.828533
1073,20000,32,0.825363,,0.825363,0.825363,0.825363,535.1592,535.1592,535.1592,494.828533,494.828533,494.828533
1074,20000,32,0.825363,,0.825363,0.825363,0.825363,535.1592,535.1592,535.1592,494.828533,494.828533,494.828533
1075,20000,32,0.825363,,0.825363,0.825363,0.825363,535.1592,535.1592,535.1592,494.828533,494.828533,494.828533
1076,20000,32,0.825363,,0.825363,0.825363,0.825363,535.1592,535.1592,535.1592,494.828533,494.828533,494.828533
1077,20000,32,0.825363,,0.825363,0.825363,0.825363,535.1592,535.1592,535.1592,494.828533,494.828533,494.828533
1078,20000,32,0.825363,,0.825363,0.825363,0.825363,535.1592,535.1592,535.1592,494.828533,494.828533,494.828533
1079,20000,32,0.825363,,0.825363,0.825363,0.825363,535.1592,535.1592,535.1592,494.828533,494.828533,494.828533
1080,20000,32,0.825363,,0.825363,0.825363,0.825363,535.1592,535.1592,535.1592,494.828533,494.828533,494.828533
1081,20000,32,0.825363,,0.825363,0.825363,0.825363,535.1592,535.1592,535.1592,494.828533,494.828533,494.828533
1082,20000,32,0.825363,,0.825363,0.825363,0.825363,535.1592,535.1592,535.1592,494.828533,494.828533,494.828533
1083,20000,32,0.825363,,0.825363,0.825363,0.825363,535.1592,535.1592,535.1592,494.828533,494.828533,494.828533
1084,20000,32,0.825363,,0.825363,0.825363,0.825363,535.1592,535.1592,535.1592,494.828533,494.828533,494.828533
1085,20000,32,0.825363,,0.825363,0.825363,0.825363,535.1592,535.1592,535.1592,494.828533,494.828533,494.828533
1086,20000,32,0.825363,,0.825363,0.825363,0.825363,535.1592,535.1592,535.1592,494.828533,494.828533,494.828533
1087,20000,32,0.825363,,0.825363,0.825363,0.825363,535.1592,535.1592,535.1592,494.828533,494.828533,494.828533
1088,20000,32,0.825363,,0.825363,0.825363,0.825363,535.1592,535.1592,535.1592,494.828533,494.828533,494.828533
1089,20000,32,0.825363,,0.825363,0.825363,0.825363,535.1592,535.1592,535.1592,494.828533,494.828533,494.828533
1090,20000,32,0.825363,,0.825363,0.825363,0.825363,535.1592,535.1592,535.1592,494.828533,494.828533,494.828533
1091,20000,32,0.825363,,0.825363,0.825363,0.825363,535.1592,535.1592,535.1592,494.828533,494.828533,494.828533
1092,20000,32,0.825363,,0.825363,0.825363,0.825363,535.1592,535.1592,535.1592,494.828533,494.828533,494.828533
1093,20000,32,0.825363,,0.825363,0.825363,0.825363,535.1592,535.1592,535.1592,494.828533,494.828533,494.828533
1094,20000,32,0.825363,,0.825363,0.825363,0.825363,535.1592,535.1592,535.1592,494.828533,494.828533,494.828533
1095,20000,32,0.825363,,0.825363,0.825363,0.825363,535.1592,535.1592,535.1592,494.828533,494.828533,494.828533
1096,20000,32,0.825363,,0.825363,0.825363,0.825363,535.1592,535.1592,535.1592,494.828533,494.828533,494.828533
1097,20000,32,0.825363,,0.825363,0.825363,0.825363,535.1592,535.1592,535.1592,494.828533,494.828533,494.828533
1098,20000,32,0.825363,,0.825363,0.825363,0.825363,535.1592,535.1592,535.1592,494.828533,494.828533,494.828533
1099,20000,32,0.825363,,0.825363,0.825363,0.825363,535.1592,535.1592,535.1592,494.828533,494.828533,494.828533
1100,20000,32,0.825363,,0.825363,0.825363,0.825363,535.1592,535.1592,535.1592,494.828533,494.828533,494.828533
1101,20000,32,0.825363,,0.825363,0.825363,0.825363,535.1592,535.1592,535.1592,494.828533,494.828533,494.828533
1102,20000,32,0.825363,,0.825363,0.825363,0.825363,535.1592,535.1592,535.1592,494.828533,494.828533,494.828533
1103,20000,32,0.825363,,0.825363,0.825363,0.825363,535.1592,535.1592,535.1592,494.828533,494.828533,494.828533
1104,20000,32,0.825363,,0.825363,0.825363,0.825363,535.1592,535.1592,535.1592,494.828533,494.828533,494.828533
1105,20000,32,0.825363,,0.825363,0.825363,0.825363,535.1592,535.1592,535.1592,494.828533,494.828533,494.828533
1106,20000,32,0.825363,,0.825363,0.825363,0.825363,535.1592,535.1592,535.1592,494.828533,494.828533,494.828533
1107,20000,32,0.825363,,0.825363,0.825363,0.825363,535.1592,535.1592,535.1592,494.828533,494.828533,494.828533
1108,20000,32,0.825363,,0.825363,0.825363,0.825363,535.1592,535.1592,535.1592,494.828533,494.828533,494.828533
1109,20000,32,0.825363,,0.825363,0.825363,0.825363,535.1592,535.1592,535.1592,494.828533,494.828533,494.828533
1110,20000,32,0.825363,,0.825363,0.825363,0.825363,535.1592,535.1592,535.1592,494.828533,494.828533,494.828533
1111,20000,32,0.825363,,0.825363,0.825363,0.825363,535.1592,535.1592,535.1592,494.828533,494.828533,494.828533
1112,20000,32,0.825363,,0.825363,0.825363,0.825363,535.1592,535.1592,535.1592,494.828533,494.828533,494.828533
1113,20000,32,0.825363,,0.825363,0.825363,0.825363,535.1592,535.1592,535.1592,494.828533,494.828533,494.828533
1114,20000,32,0.825363,,0.825363,0.825363,0.825363,535.1592,535.1592,535.1592,494.828533,494.828533,494.828533
1115,20000,32,0.825363,,0.825363,0.825363,0.825363,535.1592,535.1592,535.1592,494.828533,494.828533,494.828533
1116,20000,32,0.825363,,0.825363,0.825363,0.825363,535.1592,535.1592,535.1592,494.828533,494.828533,494.828533
1117,20000,32,0.825363,,0.825363,0.825363,0.825363,535.1592,535.1592,535.1592,494.828533,494.828533,494.828533
1118,20000,32,0.825363,,0.825363,0.825363,0.825363,535.1592,535.1592,535.1592,494.828533,494.828533,494.828533
1119,20000,32,0.825363,,0.825363,0.825363,0.825363,535.1592,535.1592,535.1592,494.828533,494.828533,494.828533
1120,20000,32,0.825363,,0.825363,0.825363,0.825363,535.1592,535.1592,535.1592,494.828533,494.828533,494.828533
1121,20000,32,0.825363,,0.825363,0.825363,0.825363,535.1592,535.1592,535.1592,494.828533,494.828533,494.828533
1122,20000,32,0.825363,,0.825363,0.825363,0.825363,535.1592,535.1592,535.1592,494.828533,494.828533,494.828533
1123,20000,32,0.825363,,0.825363,0.825363,0.825363,535.1592,535.1592,535.1592,494.828533,494.828533,494.828533
1124,20000,32,0.825363,,0.825363,0.825363,0.825363,535.1592,535.1592,535.1592,494.828533,494.828533,494.828533
1125,20000,32,0.825363,,0.825363,0.825363,0.825363,535.1592,535.1592,535.1592,494.828533,494.828533,494.828533
1126,20000,32,0.825363,,0.825363,0.825363,0.825363,535.1592,535.1592,535.1592,494.828533,494.828533,494.828533
1127,20000,32,0.825363,,0.825363,0.825363,0.825363,535.1592,535.1592,535.1592,494.828533,494.828533,494.828533
1128,20000,32,0.825363,,0.825363,0.825363,0.825363,535.1592,535.1592,535.1592,494.828533,494.828533,494.828533
1129,20000,32,0.825363,,0.825363,0.825363,0.825363,535.1592,535.1592,535.1592,494.828533,494.828533,494.828533
1130,20000,32,0.825363,,0.825363,0.825363,0.825363,535.1592,535.1592,535.1592,494.828533,494.828533,494.828533
1131,20000,32,0.825363,,0.825363,0.825363,0.825363,535.1592,535.1592,535.1592,494.828533,494.828533,494.828533
1132,20000,32,0.825363,,0.825363,0.825363,0.825363,535.1592,535.1592,535.1592,494.828533,494.828533,494.828533
1133,20000,32,0.825363,,0.825363,0.825363,0.825363,535.1592,535.1592,535.1592,494.828533,494.828533,494.828533
1134,20000,32,0.825363,,0.825363,0.825363,0.825363,535.1592,535.1592,535.1592,494.828533,494.828533,494.828533
1135,20000,32,0.825363,,0.825363,0.825363,0.825363,535.1592,535.1592,535.1592,494.828533,494.828533,494.828533
1136,20000,32,0.825363,,0.825363,0.825363,0.825363,535.1592,535.1592,535.1592,494.828533,494.828533,494.828533
1137,20000,32,0.825363,,0.825363,0.825363,0.825363,535.1592,535.1592,535.1592,494.828533,494.828533,494.828533
1138,20000,32,0.825363,,0.825363,0.825363,0.825363,535.1592,535.1592,535.1592,494.828533,494.828533,494.828533
1139,20000,32,0.825363,,0.825363,0.825363,0.825363,535.1592,535.1592,535.1592,494.828533,494.828533,494.828533
1140,20000,32,0.825363,,0.825363,0.825363,0.825363,535.1592,535.1592,535.1592,494.828533,494.828533,494.828533
1141,20000,32,0.825363,,0.825363,0.825363,0.825363,535.1592,535.1592,535.1592,494.828533,494.828533,494.828533
1142,20000,32,0.825363,,0.825363,0.825363,0.825363,535.1592,535.1592,535.1592,494.828533,494.828533,494.828533
1143,20000,32,0.825363,,0.825363,0.825363,0.825363,535.1592,535.1592,535.1592,494.828533,494.828533,494.828533
1144,20000,32,0.825363,,0.825363,0.825363,0.825363,535.1592,535.1592,535.1592,494.828533,494.828533,494.828533
1145,20000,32,0.825363,,0.825363,0.825363,0.825363,535.1592,535.1592,535.1592,494.828533,494.828533,494.828533
1146,20000,32,0.825363,,0.825363,0.825363,0.825363,535.1592,535.1592,535.1592,494.828533,494.828533,494.828533
1147,20000,32,0.825363,,0.825363,0.825363,0.825363,535.1592,535.1592,535.1592,494.828533,494.828533,494.828533
1148,20000,32,0.825363,,0.825363,0.825363,0.825363,535.1592,535.1592,535.1592,494.828533,494.828533,494.828533
1149,20000,32,0.825363,,0.825363,0.825363,0.825363,535.1592,535.1592,535.1592,494.828533,494.828533,494.828533
1150,20000,32,0.825363,,0.825363,0.825363,0.825363,535.1592,535.1592,535.1592,494.828533,494.828533,494.828533
1151,20000,32,0.825363,,0.825363,0.825363,0.825363,535.1592,535.1592,535.1592,494.828533,494.828533,494.828533
1152,20000,32,0.825363,,0.825363,0.825363,0.825363,535.1592,535.1592,535.1592,494.828533,494.828533,494.828533
1153,20000,32,0.825363,,0.825363,0.825363,0.825363,535.1592,535.1592,535.1592,494.828533,494.828533,494.828533
1154,20000,32,0.825363,,0.825363,0.825363,0.825363,535.1592,535.1592,535.1592,494.828533,494.828533,494.828533
1155,20000,32,0.825363,,0.825363,0.825363,0.825363,535.1592,535.1592,535.1592,494.828533,494.828533,494.828533
1156,20000,32,0.825363,,0.825363,0.825363,0.825363,535.1592,535.1592,535.1592,494.828533,494.828533,494.828533
1157,20000,32,0.825363,,0.825363,0.825363,0.825363,535.1592,535.1592,535.1592,494.828533,494.828533,494.828533
1158,20000,32,0.825363,,0.825363,0.825363,0.825363,535.1592,535.1592,535.1592,494.828533,494.828533,494.828533
1159,20000,32,0.825363,,0.825363,0.825363,0.825363,535.1592,535.1592,535.1592,494.828533,494.828533,494.828533
1160,20000,32,0.825363,,0.825363,0.825363,0.825363,535.1592,535.1592,535.1592,494.828533,494.828533,494.828533
1161,20000,32,0.825363,,0.825363,0.825363,0.825363,535.1592,535.1592,535.1592,494.828533,494.828533,494.828533
1162,20000,32,0.825363,,0.825363,0.825363,0.825363,535.1592,535.1592,535.1592,494.828533,494.828533,494.828533
1163,20000,32,0.825363,,0.825363,0.825363,0.825363,535.1592,535.1592,535.1592,494.828533,494.828533,494.828533
1164,20000,32,0.825363,,0.825363,0.825363,0.825363,535.1592,535.1592,535.1592,494.828533,494.828533,494.828533
1165,20000,32,0.825363,,0.825363,0.825363,0.825363,535.1592,535.1592,535.1592,494.828533,494.828533,494.828533
1166,20000,32,0.825363,,0.825363,0.825363,0.825363,535.1592,535.1592,535.1592,494.828533,494.828533,494.828533
1167,20000,32,0.825363,,0.825363,0.825363,0.825363,535.1592,535.1592,535.1592,494.828533,494.828533,494.828533
1168,20000,32,0.825363,,0.825363,0.825363,0.825363,535.1592,535.1592,535.1592,494.828533,494.828533,494.828533
1169,20000,32,0.825363,,0.825363,0.825363,0.825363,535.1592,535.1592,535.1592,494.828533,494.828533,494.828533
1170,20000,32,0.825363,,0.825363,0.825363,0.825363,535.1592,535.1592,535.1592,494.828533,494.828533,494.828533
1171,20000,32,0.825363,,0.825363,0.825363,0.825363,535.1592,535.1592,535.1592,494.828533,494.828533,494.828533
1172,20000,32,0.825363,,0.825363,0.825363,0.825363,535.1592,535.1592,535.1592,494.828533,494.828533,494.828533
1173,20000,32,0.825363,,0.825363,0.825363,0.825363,535.1592,535.1592,535.1592,494.828533,494.828533,494.828533
1174,20000,32,0.825363,,0.825363,0.825363,0.825363,535.1592,535.1592,535.1592,494.828533,494.828533,494.828533
1175,20000,32,0.825363,,0.825363,0.825363,0.825363,535.1592,535.1592,535.1592,494.828533,494.828533,494.828533
1176,20000,32,0.825363,,0.825363,0.825363,0.825363,535.1592,535.1592,535.1592,494.828533,494.828533,494.828533
1177,20000,32,0.825363,,0.825363,0.825363,0.825363,535.1592,535.1592,535.1592,494.828533,494.828533,494.828533
1178,20000,32,0.825363,,0.825363,0.825363,0.825363,535.1592,535.1592,535.1592,494.828533,494.828533,494.828533
1179,20000,32,0.825363,,0.825363,0.825363,0.825363,535.1592,535.1592,535.1592,494.828533,494.828533,494.828533
1180,20000,32,0.825363,,0.825363,0.825363,0.825363,535.1592,535.1592,535.1592,494.828533,494.828533,494.828533
1181,20000,32,0.825363,,0.825363,0.825363,0.825363,535.1592,535.1592,535.1592,494.828533,494.828533,494.828533
1182,20000,32,0.825363,,0.825363,0.825363,0.825363,535.1592,535.1592,535.1592,494.828533,494.828533,494.828533
1183,20000,32,0.825363,,0.825363,0.825363,0.825363,535.1592,535.1592,535.1592,494.828533,494.828533,494.828533
1184,20000,32,0.825363,,0.825363,0.825363,0.825363,535.1592,535.1592,535.1592,494.828533,494.828533,494.828533
1185,20000,32,0.825363,,0.825363,0.825363,0.825363,535.1592,535.1592,535.1592,494.828533,494.828533,494.828533
1186,20000,32,0.825363,,0.825363,0.825363,0.825363,535.1592,535.1592,535.1592,494.828533,494.828533,494.828533
1187,20000,32,0.825363,,0.825363,0.825363,0.825363,535.1592,535.1592,535.1592,494.828533,494.828533,494.828533
1188,20000,32,0.825363,,0.825363,0.825363,0.825363,535.1592,535.1592,535.1592,494.828533,494.828533,494.828533
1189,20000,32,0.825363,,0.825363,0.825363,0.825363,535.1592,535.1592,535.1592,494.828533,494.828533,494.828533
1190,20000,32,0.825363,,0.825363,0.825363,0.825363,535.1592,535.1592,535.1592,494.828533,494.828533,494.828533
1191,20000,32,0.825363,,0.825363,0.825363,0.825363,535.1592,535.1592,535.1592,494.828533,494.828533,494.828533
1192,20000,32,0.825363,,0.825363,0.825363,0.825363,535.1592,535.1592,535.1592,494.828533,494.828533,494.828533
1193,20000,32,0.825363,,0.825363,0.825363,0.825363,535.1592,535.1592,535.1592,494.828533,494.828533,494.828533
1194,20000,32,0.825363,,0.825363,0.825363,0.825363,535.1592,535.1592,535.1592,494.828533,494.828533,494.828533
1195,20000,32,0.825363,,0.825363,0.825363,0.825363,535.1592,535.1592,535.1592,494.828533,494.828533,494.828533
1196,20000,32,0.825363,,0.825363,0.825363,0.825363,535.1592,535.1592,535.1592,494.828533,494.828533,494.828533
1197,20000,32,0.825363,,0.825363,0.825363,0.825363,535.1592,535.1592,535.1592,494.828533,494.828533,494.828533
1198,20000,32,0.825363,,0.825363,0.825363,0.825363,535.1592,535.1592,535.1592,494.828533,494.828533,494.828533
1199,20000,32,0.825363,,0.825363,0.825363,0.825363,535.1592,535.1592,535.1592,494.828533,494.828533,494.828533
1200,20000,32,0.825363,,0.825363,0.825363,0.825363,535.1592,535.1592,535.1592,494.828533,494.828533,494.828533
1201,20000,32,0.825363,,0.825363,0.825363,0.825363,535.1592,535.1592,535.1592,494.828533,494.828533,494.828533
1202,20000,32,0.825363,,0.825363,0.825363,0.825363,535.1592,535.1592,535.1592,494.828533,494.828533,494.828533
1203,20000,32,0.825363,,0.825363,0.825363,0.825363,535.1592,535.1592,535.1592,494.828533,494.828533,494.828533
1204,20000,32,0.825363,,0.825363,0.825363,0.825363,535.1592,535.1592,535.1592,494.828533,494.828533,494.828533
1205,20000,32,0.825363,,0.825363,0.825363,0.825363,535.1592,535.1592,535.1592,494.828533,494.828533,494.828533
1206,20000,32,0.825363,,0.825363,0.825363,0.825363,535.1592,535.1592,535.1592,494.828533,494.828533,494.828533
1207,20000,32,0.825363,,0.825363,0.825363,0.825363,535.1592,535.1592,535.1592,494.828533,494.828533,494.828533
1208,20000,32,0.825363,,0.825363,0.825363,0.825363,535.1592,535.1592,535.1592,494.828533,494.828533,494.828533
1209,20000,32,0.825363,,0.825363,0.825363,0.825363,535.1592,535.1592,535.1592,494.828533,494.828533,494.828533
1210,20000,32,0.825363,,0.825363,0.825363,0.825363,535.1592,535.1592,535.1592,494.828533,494.828533,494.828533
1211,20000,32,0.825363,,0.825363,0.825363,0.825363,535.1592,535.1592,535.1592,494.828533,494.828533,494.828533
1212,20000,32,0.825363,,0.825363,0.825363,0.825363,535.1592,535.1592,535.1592,494.828533,494.828533,494.828533
1213,20000,32,0.825363,,0.825363,0.825363,0.825363,535.1592,535.1592,535.1592,494.828533,494.828533,494.828533
1214,20000,32,0.825363,,0.825363,0.825363,0.825363,535.1592,535.1592,535.1592,494.828533,494.828533,494.828533
1215,20000,32,0.825363,,0.825363,0.825363,0.825363,535.1592,535.1592,535.1592,494.828533,494.828533,494.828533
1216,20000,32,0.825363,,0.825363,0.825363,0.825363,535.1592,535.1592,535.1592,494.828533,494.828533,494.828533
1217,20000,32,0.825363,,0.825363,0.825363,0.825363,535.1592,535.1592,535.1592,494.828533,494.828533,494.828533
1218,20000,32,0.825363,,0.825363,0.825363,0.825363,535.1592,535.1592,535.1592,494.828533,494.828533,494.828533
1219,20000,32,0.825363,,0.825363,0.825363,0.825363,535.1592,535.1592,535.1592,494.828533,494.828533,494.828533
1220,20000,32,0.825363,,0.825363,0.825363,0.825363,535.1592,535.1592,535.1592,494.828533,494.828533,494.828533
1221,20000,32,0.825363,,0.825363,0.825363,0.825363,535.1592,535.1592,535.1592,494.828533,494.828533,494.828533
1222,20000,32,0.825363,,0.825363,0.825363,0.825363,535.1592,535.1592,535.1592,494.828533,494.828533,494.828533
1223,20000,32,0.825363,,0.825363,0.825363,0.825363,535.1592,535.1592,535.1592,494.828533,494.828533,494.828533
1224,20000,32,0.825363,,0.825363,0.825363,0.825363,535.1592,535.1592,535.1592,494.828533,494.828533,494.828533
1225,20000,32,0.825363,,0.825363,0.825363,0.825363,535.1592,535.1592,535.1592,494.828533,494.828533,494.828533
1226,20000,32,0.825363,,0.825363,0.825363,0.825363,535.1592,535.1592,535.1592,494.828533,494.828533,494.828533
1227,20000,32,0.825363,,0.825363,0.825363,0.825363,535.1592,535.1592,535.1592,494.828533,494.828533,494.828533
1228,20000,32,0.825363,,0.825363,0.825363,0.825363,535.1592,535.1592,535.1592,494.828533,494.828533,494.828533
1229,20000,32,0.825363,,0.825363,0.825363,0.825363,535.1592,535.1592,535.1592,494.828533,494.828533,494.828533
1230,20000,32,0.825363,,0.825363,0.825363,0.825363,535.1592,535.1592,535.1592,494.828533,494.828533,494.828533
1231,20000,32,0.825363,,0.825363,0.825363,0.825363,535.1592,535.1592,535.1592,494.828533,494.828533,494.828533
1232,20000,32,0.825363,,0.825363,0.825363,0.825363,535.1592,535.1592,535.1592,494.828533,494.828533,494.828533
1233,20000,32,0.825363,,0.825363,0.825363,0.825363,535.1592,535.1592,535.1592,494.828533,494.828533,494.828533
1234,20000,32,0.825363,,0.825363,0.825363,0.825363,535.1592,535.1592,535.1592,494.828533,494.828533,494.828533
1235,20000,32,0.825363,,0.825363,0.825363,0.825363,535.1592,535.1592,535.1592,494.828533,494.828533,494.828533
1236,20000,32,0.825363,,0.825363,0.825363,0.825363,535.1592,535.1592,535.1592,494.828533,494.828533,494.828533
1237,20000,32,0.825363,,0.825363,0.825363,0.825363,535.1592,535.1592,535.1592,494.828533,494.828533,494.828533
1238,20000,32,0.825363,,0.825363,0.825363,0.825363,535.1592,535.1592,535.1592,494.828533,494.828533,494.828533
1239,20000,32,0.825363,,0.825363,0.825363,0.825363,535.1592,535.1592,535.1592,494.828533,494.828533,494.828533
1240,20000,32,0.825363,,0.825363,0.825363,0.825363,535.1592,535.1592,535.1592,494.828533,494.828533,494.828533
1241,20000,32,0.825363,,0.825363,0.825363,0.825363,535.1592,535.1592,535.1592,494.828533,494.828533,494.828533
1242,20000,32,0.825363,,0.825363,0.825363,0.825363,535.1592,535.1592,535.1592,494.828533,494.828533,494.828533
1243,20000,32,0.825363,,0.825363,0.825363,0.825363,535.1592,535.1592,535.1592,494.828533,494.828533,494.828533
1244,20000,32,0.825363,,0.825363,0.825363,0.825363,535.1592,535.1592,535.1592,494.828533,494.828533,494.828533
1245,20000,32,0.825363,,0.825363,0.825363,0.825363,535.1592,535.1592,535.1592,494.828533,494.828533,494.828533
1246,20000,32,0.825363,,0.825363,0.825363,0.825363,535.1592,535.1592,535.1592,494.828533,494.828533,494.828533
1247,20000,32,0.825363,,0.825363,0.825363,0.825363,535.1592,535.1592,535.1592,494.828533,494.828533,494.828533
1248,20000,32,0.825363,,0.825363,0.825363,0.825363,535.1592,535.1592,535.1592,494.828533,494.828533,494.828533
1249,20000,32,0.825363,,0.825363,0.825363,0.825363,535.1592,535.1592,535.1592,494.828533,494.828533,494.828533
1250,20000,32,0.825363,,0.825363,0.825363,0.825363,535.1592,535.1592,535.1592,494.828533,494.828533,494.828533
1251,20000,32,0.825363,,0.825363,0.825363,0.825363,535.1592,535.1592,535.1592,494.828533,494.828533,494.828533
1252,20000,32,0.825363,,0.825363,0.825363,0.825363,535.1592,535.1592,535.1592,494.828533,494.828533,494.828533
1253,20000,32,0.825363,,0.825363,0.825363,0.825363,535.1592,535.1592,535.1592,494.828533,494.828533,494.828533
1254,20000,32,0.825363,,0.825363,0.825363,0.825363,535.1592,535.1592,535.1592,494.828533,494.828533,494.828533
1255,20000,32,0.825363,,0.825363,0.825363,0.825363,535.1592,535.1592,535.1592,494.828533,494.828533,494.828533
1256,20000,32,0.825363,,0.825363,0.825363,0.825363,535.1592,535.1592,535.1592,494.828533,494.828533,494.828533
1257,20000,32,0.825363,,0.825363,0.825363,0.825363,535.1592,535.1592,535.1592,494.828533,494.828533,494.828533
1258,20000,32,0.825363,,0.825363,0.825363,0.825363,535.1592,535.1592,535.1592,494.828533,494.828533,494.828533
1259,20000,32,0.825363,,0.825363,0.825363,0.825363,535.1592,535.1592,535.1592,494.828533,494.828533,494.828533
1260,20000,32,0.825363,,0.825363,0.825363,0.825363,535.1592,535.1592,535.1592,494.828533,494.828533,494.828533
1261,20000,32,0.825363,,0.825363,0.825363,0.825363,535.1592,535.1592,535.1592,494.828533,494.828533,494.828533
1262,20000,32,0.825363,,0.825363,0.825363,0.825363,535.1592,535.1592,535.1592,494.828533,494.828533,494.828533
1263,20000,32,0.825363,,0.825363,0.825363,0.825363,535.1592,535.1592,535.1592,494.828533,494.828533,494.828533
1264,20000,32,0.825363,,0.825363,0.825363,0.825363,535.1592,535.1592,535.1592,494.828533,494.828533,494.828533
1265,20000,32,0.825363,,0.825363,0.825363,0.825363,535.1592,535.1592,535.1592,494.828533,494.828533,494.828533
1266,20000,32,0.825363,,0.825363,0.825363,0.825363,535.1592,535.1592,535.1592,494.828533,494.828533,494.828533
1267,20000,32,0.825363,,0.825363,0.825363,0.825363,535.1592,535.1592,535.1592,494.828533,494.828533,494.828533
1268,20000,32,0.825363,,0.825363,0.825363,0.825363,535.1592,535.1592,535.1592,494.828533,494.828533,494.828533
1269,20000,32,0.825363,,0.825363,0.825363,0.825363,535.1592,535.1592,535.1592,494.828533,494.828533,494.828533
1270,20000,32,0.825363,,0.825363,0.825363,0.825363,535.1592,535.1592,535.1592,494.828533,494.828533,494.828533
1271,20000,32,0.825363,,0.825363,0.825363,0.825363,535.1592,535.1592,535.1592,494.828533,494.828533,494.828533
1272,20000,32,0.825363,,0.825363,0.825363,0.825363,535.1592,535.1592,535.1592,494.828533,494.828533,494.828533
1273,20000,32,0.825363,,0.825363,0.825363,0.825363,535.1592,535.1592,535.1592,494.828533,494.828533,494.828533
1274,20000,32,0.825363,,0.825363,0.825363,0.825363,535.1592,535.1592,535.1592,494.828533,494.828533,494.828533
1275,20000,32,0.825363,,0.825363,0.825363,0.825363,535.1592,535.1592,535.1592,494.828533,494.828533,494.828533
1276,20000,32,0.825363,,0.825363,0.825363,0.825363,535.1592,535.1592,535.1592,494.828533,494.828533,494.828533
1277,20000,32,0.825363,,0.825363,0.825363,0.825363,535.1592,535.1592,535.1592,494.828533,494.828533,494.828533
1278,20000,32,0.825363,,0.825363,0.825363,0.825363,535.1592,535.1592,535.1592,494.828533,494.828533,494.828533
1279,20000,32,0.825363,,0.825363,0.825363,0.825363,535.1592,535.1592,535.1592,494.828533,494.828533,494.828533
1280,20000,32,0.825363,,0.825363,0.825363,0.825363,535.1592,535.1592,535.1592,494.828533,494.828533,494.828533
1281,20000,32,0.825363,,0.825363,0.825363,0.825363,535.1592,535.1592,535.1592,494.828533,494.828533,494.828533
1282,20000,32,0.825363,,0.825363,0.825363,0.825363,535.1592,535.1592,535.1592,494.828533,494.828533,494.828533
1283,20000,32,0.825363,,0.825363,0.825363,0.825363,535.1592,535.1592,535.1592,494.828533,494.828533,494.828533
1284,20000,32,0.825363,,0.825363,0.825363,0.825363,535.1592,535.1592,535.1592,494.828533,494.828533,494.828533
1285,20000,32,0.825363,,0.825363,0.825363,0.825363,535.1592,535.1592,535.1592,494.828533,494.828533,494.828533
1286,20000,32,0.825363,,0.825363,0.825363,0.825363,535.1592,535.1592,535.1592,494.828533,494.828533,494.828533
1287,20000,32,0.825363,,0.825363,0.825363,0.825363,535.1592,535.1592,535.1592,494.828533,494.828533,494.828533
1288,20000,32,0.825363,,0.825363,0.825363,0.825363,535.1592,535.1592,535.1592,494.828533,494.828533,494.828533
1289,20000,32,0.825363,,0.825363,0.825363,0.825363,535.1592,535.1592,535.1592,494.828533,494.828533,494.828533
1290,20000,32,0.825363,,0.825363,0.825363,0.825363,535.1592,535.1592,535.1592,494.828533,494.828533,494.828533
1291,20000,32,0.825363,,0.825363,0.825363,0.825363,535.1592,535.1592,535.1592,494.828533,494.828533,494.828533
1292,20000,32,0.825363,,0.825363,0.825363,0.825363,535.1592,535.1592,535.1592,494.828533,494.828533,494.828533
1293,20000,32,0.825363,,0.825363,0.825363,0.825363,535.1592,535.1592,535.1592,494.828533,494.828533,494.828533
1294,20000,32,0.825363,,0.825363,0.825363,0.825363,535.1592,535.1592,535.1592,494.828533,494.828533,494.828533
1295,20000,32,0.825363,,0.825363,0.825363,0.825363,535.1592,535.1592,535.1592,494.828533,494.828533,494.828533
1296,20000,32,0.825363,,0.825363,0.825363,0.825363,535.1592,535.1592,535.1592,494.828533,494.828533,494.828533
1297,20000,32,0.825363,,0.825363,0.825363,0.825363,535.1592,535.1592,535.1592,494.828533,494.828533,494.828533
1298,20000,32,0.825363,,0.825363,0.825363,0.825363,535.1592,535.1592,535.1592,494.828533,494.828533,494.828533
1299,20000,32,0.825363,,0.825363,0.825363,0.825363,535.1592,535.1592,535.1592,494.828533,494.828533,494.828533
1300,20000,32,0.825363,,0.825363,0.825363,0.825363,535.1592,535.1592,535.1592,494.828533,494.828533,494.828533
1301,20000,32,0.825363,,0.825363,0.825363,0.825363,535.1592,535.1592,535.1592,494.828533,494.828533,494.828533
1302,20000,32,0.825363,,0.825363,0.825363,0.825363,535.1592,535.1592,535.1592,494.828533,494.828533,494.828533
1303,20000,32,0.825363,,0.825363,0.825363,0.825363,535.1592,535.1592,535.1592,494.828533,494.828533,494.828533
1304,20000,32,0.825363,,0.825363,0.825363,0.825363,535.1592,535.1592,535.1592,494.828533,494.828533,494.828533
1305,20000,32,0.825363,,0.825363,0.825363,0.825363,535.1592,535.1592,535.1592,494.828533,494.828533,494.828533
1306,20000,32,0.825363,,0.825363,0.825363,0.825363,535.1592,535.1592,535.1592,494.828533,494.828533,494.828533
1307,20000,32,0.825363,,0.825363,0.825363,0.825363,535.1592,535.1592,535.1592,494.828533,494.828533,494.828533
1308,20000,32,0.825363,,0.825363,0.825363,0.825363,535.1592,535.1592,535.1592,494.828533,494.828533,494.828533
1309,20000,32,0.825363,,0.825363,0.825363,0.825363,535.1592,535.1592,535.1592,494.828533,494.828533,494.828533
1310,20000,32,0.825363,,0.825363,0.825363,0.825363,535.1592,535.1592,535.1592,494.828533,494.828533,494.828533
1311,20000,32,0.825363,,0.825363,0.825363,0.825363,535.1592,535.1592,535.1592,494.828533,494.828533,494.828533
1312,20000,32,0.825363,,0.825363,0.825363,0.825363,535.1592,535.1592,535.1592,494.828533,494.828533,494.828533
1313,20000,32,0.825363,,0.825363,0.825363,0.825363,535.1592,535.1592,535.1592,494.828533,494.828533,494.828533
1314,20000,32,0.825363,,0.825363,0.825363,0.825363,535.1592,535.1592,535.1592,494.828533,494.828533,494.828533
1315,20000,32,0.825363,,0.825363,0.825363,0.825363,535.1592,535.1592,535.1592,494.828533,494.828533,494.828533
1316,20000,32,0.825363,,0.825363,0.825363,0.825363,535.1592,535.1592,535.1592,494.828533,494.828533,494.828533
1317,20000,32,0.825363,,0.825363,0.825363,0.825363,535.1592,535.1592,535.1592,494.828533,494.828533,494.828533
1318,20000,32,0.825363,,0.825363,0.825363,0.825363,535.1592,535.1592,535.1592,494.828533,494.828533,494.828533
1319,20000,32,0.825363,,0.825363,0.825363,0.825363,535.1592,535.1592,535.1592,494.828533,494.828533,494.828533
1320,20000,32,0.825363,,0.825363,0.825363,0.825363,535.1592,535.1592,535.1592,494.828533,494.828533,494.828533
1321,20000,32,0.825363,,0.825363,0.825363,0.825363,535.1592,535.1592,535.1592,494.828533,494.828533,494.828533
1322,20000,32,0.825363,,0.825363,0.825363,0.825363,535.1592,535.1592,535.1592,494.828533,494.828533,494.828533
1323,20000,32,0.825363,,0.825363,0.825363,0.825363,535.1592,535.1592,535.1592,494.828533,494.828533,494.828533
1324,20000,32,0.825363,,0.825363,0.825363,0.825363,535.1592,535.1592,535.1592,494.828533,494.828533,494.828533
1325,20000,32,0.825363,,0.825363,0.825363,0.825363,535.1592,535.1592,535.1592,494.828533,494.828533,494.828533
1326,20000,32,0.825363,,0.825363,0.825363,0.825363,535.1592,535.1592,535.1592,494.828533,494.828533,494.828533
1327,20000,32,0.825363,,0.825363,0.825363,0.825363,535.1592,535.1592,535.1592,494.828533,494.828533,494.828533
1328,20000,32,0.825363,,0.825363,0.825363,0.825363,535.1592,535.1592,535.1592,494.828533,494.828533,494.828533
1329,20000,32,0.825363,,0.825363,0.825363,0.825363,535.1592,535.1592,535.1592,494.828533,494.828533,494.828533
1330,20000,32,0.825363,,0.825363,0.825363,0.825363,535.1592,535.1592,535.1592,494.828533,494.828533,494.828533
1331,20000,32,0.825363,,0.825363,0.825363,0.825363,535.1592,535.1592,535.1592,494.828533,494.828533,494.828533
1332,20000,32,0.825363,,0.825363,0.825363,0.825363,535.1592,535.1592,535.1592,494.828533,494.828533,494.828533
1333,20000,32,0.825363,,0.825363,0.825363,0.825363,535.1592,535.1592,535.1592,494.828533,494.828533,494.828533
1334,20000,32,0.825363,,0.825363,0.825363,0.825363,535.1592,535.1592,535.1592,494.828533,494.828533,494.828533
1335,20000,32,0.825363,,0.825363,0.825363,0.825363,535.1592,535.1592,535.1592,494.828533,494.828533,494.828533
1336,20000,32,0.825363,,0.825363,0.825363,0.825363,535.1592,535.1592,535.1592,494.828533,494.828533,494.828533
1337,20000,32,0.825363,,0.825363,0.825363,0.825363,535.1592,535.1592,535.1592,494.828533,494.828533,494.828533
1338,20000,32,0.825363,,0.825363,0.825363,0.825363,535.1592,535.1592,535.1592,494.828533,494.828533,494.828533
1339,20000,32,0.825363,,0.825363,0.825363,0.825363,535.1592,535.1592,535.1592,494.828533,494.828533,494.828533
1340,20000,32,0.825363,,0.825363,0.825363,0.825363,535.1592,535.1592,535.1592,494.828533,494.828533,494.828533
1341,20000,32,0.825363,,0.825363,0.825363,0.825363,535.1592,535.1592,535.1592,494.828533,494.828533,494.828533
1342,20000,32,0.825363,,0.825363,0.825363,0.825363,535.1592,535.1592,535.1592,494.828533,494.828533,494.828533
1343,20000,32,0.825363,,0.825363,0.825363,0.825363,535.1592,535.1592,535.1592,494.828533,494.828533,494.828533
1344,20000,32,0.825363,,0.825363,0.825363,0.825363,535.1592,535.1592,535.1592,494.828533,494.828533,494.828533
1345,20000,32,0.825363,,0.825363,0.825363,0.825363,535.1592,535.1592,535.1592,494.828533,494.828533,494.828533
1346,20000,32,0.825363,,0.825363,0.825363,0.825363,535.1592,535.1592,535.1592,494.828533,494.828533,494.828533
1347,20000,32,0.825363,,0.825363,0.825363,0.825363,535.1592,535.1592,535.1592,494.828533,494.828533,494.828533
1348,20000,32,0.825363,,0.825363,0.825363,0.825363,535.1592,535.1592,535.1592,494.828533,494.828533,494.828533
1349,20000,32,0.825363,,0.825363,0.825363,0.825363,535.1592,535.1592,535.1592,494.828533,494.828533,494.828533
1350,20000,32,0.825363,,0.825363,0.825363,0.825363,535.1592,535.1592,535.1592,494.828533,494.828533,494.828533
1351,20000,32,0.825363,,0.825363,0.825363,0.825363,535.1592,535.1592,535.1592,494.828533,494.828533,494.828533
1352,20000,32,0.825363,,0.825363,0.825363,0.825363,535.1592,535.1592,535.1592,494.828533,494.828533,494.828533
1353,20000,32,0.825363,,0.825363,0.825363,0.825363,535.1592,535.1592,535.1592,494.828533,494.828533,494.828533
1354,20000,32,0.825363,,0.825363,0.825363,0.825363,535.1592,535.1592,535.1592,494.828533,494.828533,494.828533
1355,20000,32,0.825363,,0.825363,0.825363,0.825363,535.1592,535.1592,535.1592,494.828533,494.828533,494.828533
1356,20000,32,0.825363,,0.825363,0.825363,0.825363,535.1592,535.1592,535.1592,494.828533,494.828533,494.828533
1357,20000,32,0.825363,,0.825363,0.825363,0.825363,535.1592,535.1592,535.1592,494.828533,494.828533,494.828533
1358,20000,32,0.825363,,0.825363,0.825363,0.825363,535.1592,535.1592,535.1592,494.828533,494.828533,494.828533
1359,20000,32,0.825363,,0.825363,0.825363,0.825363,535.1592,535.1592,535.1592,494.828533,494.828533,494.828533
1360,20000,32,0.825363,,0.825363,0.825363,0.825363,535.1592,535.1592,535.1592,494.828533,494.828533,494.828533
1361,20000,32,0.825363,,0.825363,0.825363,0.825363,535.1592,535.1592,535.1592,494.828533,494.828533,494.828533
1362,20000,32,0.825363,,0.825363,0.825363,0.825363,535.1592,535.1592,535.1592,494.828533,494.828533,494.828533
1363,20000,32,0.825363,,0.825363,0.825363,0.825363,535.1592,535.1592,535.1592,494.828533,494.828533,494.828533
1364,20000,32,0.825363,,0.825363,0.825363,0.825363,535.1592,535.1592,535.1592,494.828533,494.828533,494.828533
1365,20000,32,0.825363,,0.825363,0.825363,0.825363,535.1592,535.1592,535.1592,494.828533,494.828533,494.828533
1366,20000,32,0.825363,,0.825363,0.825363,0.825363,535.1592,535.1592,535.1592,494.828533,494.828533,494.828533
1367,20000,32,0.825363,,0.825363,0.825363,0.825363,535.1592,535.1592,535.1592,494.828533,494.828533,494.828533
1368,20000,32,0.825363,,0.825363,0.825363,0.825363,535.1592,535.1592,535.1592,494.828533,494.828533,494.828533
1369,20000,32,0.825363,,0.825363,0.825363,0.825363,535.1592,535.1592,535.1592,494.828533,494.828533,494.828533
1370,20000,32,0.825363,,0.825363,0.825363,0.825363,535.1592,535.1592,535.1592,494.828533,494.828533,494.828533
1371,20000,32,0.825363,,0.825363,0.825363,0.825363,535.1592,535.1592,535.1592,494.828533,494.828533,494.828533
1372,20000,32,0.825363,,0.825363,0.825363,0.825363,535.1592,535.1592,535.1592,494.828533,494.828533,494.828533
1373,20000,32,0.825363,,0.825363,0.825363,0.825363,535.1592,535.1592,535.1592,494.828533,494.828533,494.828533
1374,20000,32,0.825363,,0.825363,0.825363,0.825363,535.1592,535.1592,535.1592,494.828533,494.828533,494.828533
1375,20000,32,0.825363,,0.825363,0.825363,0.825363,535.1592,535.1592,535.1592,494.828533,494.828533,494.828533
1376,20000,32,0.825363,,0.825363,0.825363,0.825363,535.1592,535.1592,535.1592,494.828533,494.828533,494.828533
1377,20000,32,0.825363,,0.825363,0.825363,0.825363,535.1592,535.1592,535.1592,494.828533,494.828533,494.828533
1378,20000,32,0.825363,,0.825363,0.825363,0.825363,535.1592,535.1592,535.1592,494.828533,494.828533,494.828533
1379,20000,32,0.825363,,0.825363,0.825363,0.825363,535.1592,535.1592,535.1592,494.828533,494.828533,494.828533
1380,20000,32,0.825363,,0.825363,0.825363,0.825363,535.1592,535.1592,535.1592,494.828533,494.828533,494.828533
1381,20000,32,0.825363,,0.825363,0.825363,0.825363,535.1592,535.1592,535.1592,494.828533,494.828533,494.828533
1382,20000,32,0.825363,,0.825363,0.825363,0.825363,535.1592,535.1592,535.1592,494.828533,494.828533,494.828533
1383,20000,32,0.825363,,0.825363,0.825363,0.825363,535.1592,535.1592,535.1592,494.828533,494.828533,494.828533
1384,20000,32,0.825363,,0.825363,0.825363,0.825363,535.1592,535.1592,535.1592,494.828533,494.828533,494.828533
1385,20000,32,0.825363,,0.825363,0.825363,0.825363,535.1592,535.1592,535.1592,494.828533,494.828533,494.828533
1386,20000,32,0.825363,,0.825363,0.825363,0.825363,535.1592,535.1592,535.1592,494.828533,494.828533,494.828533
1387,20000,32,0.825363,,0.825363,0.825363,0.825363,535.1592,535.1592,535.1592,494.828533,494.828533,494.828533
1388,20000,32,0.825363,,0.825363,0.825363,0.825363,535.1592,535.1592,535.1592,494.828533,494.828533,494.828533
1389,20000,32,0.825363,,0.825363,0.825363,0.825363,535.1592,535.1592,535.1592,494.828533,494.828533,494.828533
1390,20000,32,0.825363,,0.825363,0.825363,0.825363,535.1592,535.1592,535.1592,494.828533,494.828533,494.828533
1391,20000,32,0.825363,,0.825363,0.825363,0.825363,535.1592,535.1592,535.1592,494.828533,494.828533,494.828533
1392,20000,32,0.825363,,0.825363,0.825363,0.825363,535.1592,535.1592,535.1592,494.828533,494.828533,494.828533
1393,20000,32,0.825363,,0.825363,0.825363,0.825363,535.1592,535.1592,535.1592,494.828533,494.828533,494.828533
1394,20000,32,0.825363,,0.825363,0.825363,0.825363,535.1592,535.1592,535.1592,494.828533,494.828533,494.828533
1395,20000,32,0.825363,,0.825363,0.825363,0.825363,535.1592,535.1592,535.1592,494.828533,494.828533,494.828533
1396,20000,32,0.825363,,0.825363,0.825363,0.825363,535.1592,535.1592,535.1592,494.828533,494.828533,494.828533
1397,20000,32,0.825363,,0.825363,0.825363,0.825363,535.1592,535.1592,535.1592,494.828533,494.828533,494.828533
1398,20000,32,0.825363,,0.825363,0.825363,0.825363,535.1592,535.1592,535.1592,494.828533,494.828533,494.828533
1399,20000,32,0.825363,,0.825363,0.825363,0.825363,535.1592,535.1592,535.1592,494.828533,494.828533,494.828533
1400,20000,32,0.825363,,0.825363,0.825363,0.825363,535.1592,535.1592,535.1592,494.828533,494.828533,494.828533
1401,20000,32,0.825363,,0.825363,0.825363,0.825363,535.1592,535.1592,535.1592,494.828533,494.828533,494.828533
1402,20000,32,0.825363,,0.825363,0.825363,0.825363,535.1592,535.1592,535.1592,494.828533,494.828533,494.828533
1403,20000,32,0.825363,,0.825363,0.825363,0.825363,535.1592,535.1592,535.1592,494.828533,494.828533,494.828533
1404,20000,32,0.825363,,0.825363,0.825363,0.825363,535.1592,535.1592,535.1592,494.828533,494.828533,494.828533
1405,20000,32,0.825363,,0.825363,0.825363,0.825363,535.1592,535.1592,535.1592,494.828533,494.828533,494.828533
1406,20000,32,0.825363,,0.825363,0.825363,0.825363,535.1592,535.1592,535.1592,494.828533,494.828533,494.828533
1407,20000,32,0.825363,,0.825363,0.825363,0.825363,535.1592,535.1592,535.1592,494.828533,494.828533,494.828533
1408,20000,32,0.825363,,0.825363,0.825363,0.825363,535.1592,535.1592,535.1592,494.828533,494.828533,494.828533
1409,20000,32,0.825363,,0.825363,0.825363,0.825363,535.1592,535.1592,535.1592,494.828533,494.828533,494.828533
1410,20000,32,0.825363,,0.825363,0.825363,0.825363,535.1592,535.1592,535.1592,494.828533,494.828533,494.828533
1411,20000,32,0.825363,,0.825363,0.825363,0.825363,535.1592,535.1592,535.1592,494.828533,494.828533,494.828533
1412,20000,32,0.825363,,0.825363,0.825363,0.825363,535.1592,535.1592,535.1592,494.828533,494.828533,494.828533
1413,20000,32,0.825363,,0.825363,0.825363,0.825363,535.1592,535.1592,535.1592,494.828533,494.828533,494.828533
1414,20000,32,0.825363,,0.825363,0.825363,0.825363,535.1592,535.1592,535.1592,494.828533,494.828533,494.828533
1415,20000,32,0.825363,,0.825363,0.825363,0.825363,535.1592,535.1592,535.1592,494.828533,494.828533,494.828533
1416,20000,32,0.825363,,0.825363,0.825363,0.825363,535.1592,535.1592,535.1592,494.828533,494.828533,494.828533
1417,20000,32,0.825363,,0.825363,0.825363,0.825363,535.1592,535.1592,535.1592,494.828533,494.828533,494.828533
1418,20000,32,0.825363,,0.825363,0.825363,0.825363,535.1592,535.1592,535.1592,494.828533,494.828533,494.828533
1419,20000,32,0.825363,,0.825363,0.825363,0.825363,535.1592,535.1592,535.1592,494.828533,494.828533,494.828533
1420,20000,32,0.825363,,0.825363,0.825363,0.825363,535.1592,535.1592,535.1592,494.828533,494.828533,494.828533
1421,20000,32,0.825363,,0.825363,0.825363,0.825363,535.1592,535.1592,535.1592,494.828533,494.828533,494.828533
1422,20000,32,0.825363,,0.825363,0.825363,0.825363,535.1592,535.1592,535.1592,494.828533,494.828533,494.828533
1423,20000,32,0.825363,,0.825363,0.825363,0.825363,535.1592,535.1592,535.1592,494.828533,494.828533,494.828533
1424,20000,32,0.825363,,0.825363,0.825363,0.825363,535.1592,535.1592,535.1592,494.828533,494.828533,494.828533
1425,20000,32,0.825363,,0.825363,0.825363,0.825363,535.1592,535.1592,535.1592,494.828533,494.828533,494.828533
1426,20000,32,0.825363,,0.825363,0.825363,0.825363,535.1592,535.1592,535.1592,494.828533,494.828533,494.828533
1427,20000,32,0.825363,,0.825363,0.825363,0.825363,535.1592,535.1592,535.1592,494.828533,494.828533,494.828533
1428,20000,32,0.825363,,0.825363,0.825363,0.825363,535.1592,535.1592,535.1592,494.828533,494.828533,494.828533
1429,20000,32,0.825363,,0.825363,0.825363,0.825363,535.1592,535.1592,535.1592,494.828533,494.828533,494.828533
1430,20000,32,0.825363,,0.825363,0.825363,0.825363,535.1592,535.1592,535.1592,494.828533,494.828533,494.828533
1431,20000,32,0.825363,,0.825363,0.825363,0.825363,535.1592,535.1592,535.1592,494.828533,494.828533,494.828533
1432,20000,32,0.825363,,0.825363,0.825363,0.825363,535.1592,535.1592,535.1592,494.828533,494.828533,494.828533
1433,20000,32,0.825363,,0.825363,0.825363,0.825363,535.1592,535.1592,535.1592,494.828533,494.828533,494.828533
1434,20000,32,0.825363,,0.825363,0.825363,0.825363,535.1592,535.1592,535.1592,494.828533,494.828533,494.828533
1435,20000,32,0.825363,,0.825363,0.825363,0.825363,535.1592,535.1592,535.1592,494.828533,494.828533,494.828533
1436,20000,32,0.825363,,0.825363,0.825363,0.825363,535.1592,535.1592,535.1592,494.828533,494.828533,494.828533
1437,20000,32,0.825363,,0.825363,0.825363,0.825363,535.1592,535.1592,535.1592,494.828533,494.828533,494.828533
1438,20000,32,0.825363,,0.825363,0.825363,0.825363,535.1592,535.1592,535.1592,494.828533,494.828533,494.828533
1439,20000,32,0.825363,,0.825363,0.825363,0.825363,535.1592,535.1592,535.1592,494.828533,494.828533,494.828533
1440,20000,32,0.825363,,0.825363,0.825363,0.825363,535.1592,535.1592,535.1592,494.828533,494.828533,494.828533
1441,20000,32,0.825363,,0.825363,0.825363,0.825363,535.1592,535.1592,535.1592,494.828533,494.828533,494.828533
1442,20000,32,0.825363,,0.825363,0.825363,0.825363,535.1592,535.1592,535.1592,494.828533,494.828533,494.828533
1443,20000,32,0.825363,,0.825363,0.825363,0.825363,535.1592,535.1592,535.1592,494.828533,494.828533,494.828533
1444,20000,32,0.825363,,0.825363,0.825363,0.825363,535.1592,535.1592,535.1592,494.828533,494.828533,494.828533
1445,20000,32,0.825363,,0.825363,0.825363,0.825363,535.1592,535.1592,535.1592,494.828533,494.828533,494.828533
1446,20000,32,0.825363,,0.825363,0.825363,0.825363,535.1592,535.1592,535.1592,494.828533,494.828533,494.828533
1447,20000,32,0.825363,,0.825363,0.825363,0.825363,535.1592,535.1592,535.1592,494.828533,494.828533,494.828533
1448,20000,32,0.825363,,0.825363,0.825363,0.825363,535.1592,535.1592,535.1592,494.828533,494.828533,494.828533
1449,20000,32,0.825363,,0.825363,0.825363,0.825363,535.1592,535.1592,535.1592,494.828533,494.828533,494.828533
1450,20000,32,0.825363,,0.825363,0.825363,0.825363,535.1592,535.1592,535.1592,494.828533,494.828533,494.828533
1451,20000,32,0.825363,,0.825363,0.825363,0.825363,535.1592,535.1592,535.1592,494.828533,494.828533,494.828533
1452,20000,32,0.825363,,0.825363,0.825363,0.825363,535.1592,535.1592,535.1592,494.828533,494.828533,494.828533
1453,20000,32,0.825363,,0.825363,0.825363,0.825363,535.1592,535.1592,535.1592,494.828533,494.828533,494.828533
1454,20000,32,0.825363,,0.825363,0.825363,0.825363,535.1592,535.1592,535.1592,494.828533,494.828533,494.828533
1455,20000,32,0.825363,,0.825363,0.825363,0.825363,535.1592,535.1592,535.1592,494.828533,494.828533,494.828533
1456,20000,32,0.825363,,0.825363,0.825363,0.825363,535.1592,535.1592,535.1592,494.828533,494.828533,494.828533
1457,20000,32,0.825363,,0.825363,0.825363,0.825363,535.1592,535.1592,535.1592,494.828533,494.828533,494.828533
1458,20000,32,0.825363,,0.825363,0.825363,0.825363,535.1592,535.1592,535.1592,494.828533,494.828533,494.828533
1459,20000,32,0.825363,,0.825363,0.825363,0.825363,535.1592,535.1592,535.1592,494.828533,494.828533,494.828533
1460,20000,32,0.825363,,0.825363,0.825363,0.825363,535.1592,535.1592,535.1592,494.828533,494.828533,494.828533
1461,20000,32,0.825363,,0.825363,0.825363,0.825363,535.1592,535.1592,535.1592,494.828533,494.828533,494.828533
1462,20000,32,0.825363,,0.825363,0.825363,0.825363,535.1592,535.1592,535.1592,494.828533,494.828533,494.828533
1463,20000,32,0.825363,,0.825363,0.825363,0.825363,535.1592,535.1592,535.1592,494.828533,494.828533,494.828533
1464,20000,32,0.825363,,0.825363,0.825363,0.825363,535.1592,535.1592,535.1592,494.828533,494.828533,494.828533
1465,20000,32,0.825363,,0.825363,0.825363,0.825363,535.1592,535.1592,535.1592,494.828533,494.828533,494.828533
1466,20000,32,0.825363,,0.825363,0.825363,0.825363,535.1592,535.1592,535.1592,494.828533,494.828533,494.828533
1467,20000,32,0.825363,,0.825363,0.825363,0.825363,535.1592,535.1592,535.1592,494.828533,494.828533,494.828533
1468,20000,32,0.825363,,0.825363,0.825363,0.825363,535.1592,535.1592,535.1592,494.828533,494.828533,494.828533
1469,20000,32,0.825363,,0.825363,0.825363,0.825363,535.1592,535.1592,535.1592,494.828533,494.828533,494.828533
1470,20000,32,0.825363,,0.825363,0.825363,0.825363,535.1592,535.1592,535.1592,494.828533,494.828533,494.828533
1471,20000,32,0.825363,,0.825363,0.825363,0.825363,535.1592,535.1592,535.1592,494.828533,494.828533,494.828533
1472,20000,32,0.825363,,0.825363,0.825363,0.825363,535.1592,535.1592,535.1592,494.828533,494.828533,494.828533
1473,20000,32,0.825363,,0.825363,0.825363,0.825363,535.1592,535.1592,535.1592,494.828533,494.828533,494.828533
1474,20000,32,0.825363,,0.825363,0.825363,0.825363,535.1592,535.1592,535.1592,494.828533,494.828533,494.828533
1475,20000,32,0.825363,,0.825363,0.825363,0.825363,535.1592,535.1592,535.1592,494.828533,494.828533,494.828533
1476,20000,32,0.825363,,0.825363,0.825363,0.825363,535.1592,535.1592,535.1592,494.828533,494.828533,494.828533
1477,20000,32,0.825363,,0.825363,0.825363,0.825363,535.1592,535.1592,535.1592,494.828533,494.828533,494.828533
1478,20000,32,0.825363,,0.825363,0.825363,0.825363,535.1592,535.1592,535.1592,494.828533,494.828533,494.828533
1479,20000,32,0.825363,,0.825363,0.825363,0.825363,535.1592,535.1592,535.1592,494.828533,494.828533,494.828533
1480,20000,32,0.825363,,0.825363,0.825363,0.825363,535.1592,535.1592,535.1592,494.828533,494.828533,494.828533
1481,20000,32,0.825363,,0.825363,0.825363,0.825363,535.1592,535.1592,535.1592,494.828533,494.828533,494.828533
1482,20000,32,0.825363,,0.825363,0.825363,0.825363,535.1592,535.1592,535.1592,494.828533,494.828533,494.828533
1483,20000,32,0.825363,,0.825363,0.825363,0.825363,535.1592,535.1592,535.1592,494.828533,494.828533,494.828533
1484,20000,32,0.825363,,0.825363,0.825363,0.825363,535.1592,535.1592,535.1592,494.828533,494.828533,494.828533
1485,20000,32,0.825363,,0.825363,0.825363,0.825363,535.1592,535.1592,535.1592,494.828533,494.828533,494.828533
1486,20000,32,0.825363,,0.825363,0.825363,0.825363,535.1592,535.1592,535.1592,494.828533,494.828533,494.828533
1487,20000,32,0.825363,,0.825363,0.825363,0.825363,535.1592,535.1592,535.1592,494.828533,494.828533,494.828533
1488,20000,32,0.825363,,0.825363,0.825363,0.825363,535.1592,535.1592,535.1592,494.828533,494.828533,494.828533
1489,20000,32,0.825363,,0.825363,0.825363,0.825363,535.1592,535.1592,535.1592,494.828533,494.828533,494.828533
1490,20000,32,0.825363,,0.825363,0.825363,0.825363,535.1592,535.1592,535.1592,494.828533,494.828533,494.828533
1491,20000,32,0.825363,,0.825363,0.825363,0.825363,535.1592,535.1592,535.1592,494.828533,494.828533,494.828533
1492,20000,32,0.825363,,0.825363,0.825363,0.825363,535.1592,535.1592,535.1592,494.828533,494.828533,494.828533
1493,20000,32,0.825363,,0.825363,0.825363,0.825363,535.1592,535.1592,535.1592,494.828533,494.828533,494.828533
1494,20000,32,0.825363,,0.825363,0.825363,0.825363,535.1592,535.1592,535.1592,494.828533,494.828533,494.828533
1495,20000,32,0.825363,,0.825363,0.825363,0.825363,535.1592,535.1592,535.1592,494.828533,494.828533,494.828533
1496,20000,32,0.825363,,0.825363,0.825363,0.825363,535.1592,535.1592,535.1592,494.828533,494.828533,494.828533
1497,20000,32,0.825363,,0.825363,0.825363,0.825363,535.1592,535.1592,535.1592,494.828533,494.828533,494.828533
1498,20000,32,0.825363,,0.825363,0.825363,0.825363,535.1592,535.1592,535.1592,494.828533,494.828533,494.828533
1499,20000,32,0.825363,,0.825363,0.825363,0.825363,535.1592,535.1592,535.1592,494.828533,494.828533,494.828533
1500,20000,32,0.825363,,0.825363,0.825363,0.825363,535.1592,535.1592,535.1592,494.828533,494.828533,494.828533
1501,20000,32,0.825363,,0.825363,0.825363,0.825363,535.1592,535.1592,535.1592,494.828533,494.828533,494.828533
1502,20000,32,0.825363,,0.825363,0.825363,0.825363,535.1592,535.1592,535.1592,494.828533,494.828533,494.828533
1503,20000,32,0.825363,,0.825363,0.825363,0.825363,535.1592,535.1592,535.1592,494.828533,494.828533,494.828533
1504,20000,32,0.825363,,0.825363,0.825363,0.825363,535.1592,535.1592,535.1592,494.828533,494.828533,494.828533
1505,20000,32,0.825363,,0.825363,0.825363,0.825363,535.1592,535.1592,535.1592,494.828533,494.828533,494.828533
1506,20000,32,0.825363,,0.825363,0.825363,0.825363,535.1592,535.1592,535.1592,494.828533,494.828533,494.828533
1507,20000,32,0.825363,,0.825363,0.825363,0.825363,535.1592,535.1592,535.1592,494.828533,494.828533,494.828533
1508,20000,32,0.825363,,0.825363,0.825363,0.825363,535.1592,535.1592,535.1592,494.828533,494.828533,494.828533
1509,20000,32,0.825363,,0.825363,0.825363,0.825363,535.1592,535.1592,535.1592,494.828533,494.828533,494.828533
1510,20000,32,0.825363,,0.825363,0.825363,0.825363,535.1592,535.1592,535.1592,494.828533,494.828533,494.828533
1511,20000,32,0.825363,,0.825363,0.825363,0.825363,535.1592,535.1592,535.1592,494.828533,494.828533,494.828533
1512,20000,32,0.825363,,0.825363,0.825363,0.825363,535.1592,535.1592,535.1592,494.828533,494.828533,494.828533
1513,20000,32,0.825363,,0.825363,0.825363,0.825363,535.1592,535.1592,535.1592,494.828533,494.828533,494.828533
1514,20000,32,0.825363,,0.825363,0.825363,0.825363,535.1592,535.1592,535.1592,494.828533,494.828533,494.828533
1515,20000,32,0.825363,,0.825363,0.825363,0.825363,535.1592,535.1592,535.1592,494.828533,494.828533,494.828533
1516,20000,32,0.825363,,0.825363,0.825363,0.825363,535.1592,535.1592,535.1592,494.828533,494.828533,494.828533
1517,20000,32,0.825363,,0.825363,0.825363,0.825363,535.1592,535.1592,535.1592,494.828533,494.828533,494.828533
1518,20000,32,0.825363,,0.825363,0.825363,0.825363,535.1592,535.1592,535.1592,494.828533,494.828533,494.828533
1519,20000,32,0.825363,,0.825363,0.825363,0.825363,535.1592,535.1592,535.1592,494.828533,494.828533,494.828533
1520,20000,32,0.825363,,0.825363,0.825363,0.825363,535.1592,535.1592,535.1592,494.828533,494.828533,494.828533
1521,20000,32,0.825363,,0.825363,0.825363,0.825363,535.1592,535.1592,535.1592,494.828533,494.828533,494.828533
1522,20000,32,0.825363,,0.825363,0.825363,0.825363,535.1592,535.1592,535.1592,494.828533,494.828533,494.828533
1523,20000,32,0.825363,,0.825363,0.825363,0.825363,535.1592,535.1592,535.1592,494.828533,494.828533,494.828533
1524,20000,32,0.825363,,0.825363,0.825363,0.825363,535.1592,535.1592,535.1592,494.828533,494.828533,494.828533
1525,20000,32,0.825363,,0.825363,0.825363,0.825363,535.1592,535.1592,535.1592,494.828533,494.828533,494.828533
1526,20000,32,0.825363,,0.825363,0.825363,0.825363,535.1592,535.1592,535.1592,494.828533,494.828533,494.828533
1527,20000,32,0.825363,,0.825363,0.825363,0.825363,535.1592,535.1592,535.1592,494.828533,494.828533,494.828533
1528,20000,32,0.825363,,0.825363,0.825363,0.825363,535.1592,535.1592,535.1592,494.828533,494.828533,494.828533
1529,20000,32,0.825363,,0.825363,0.825363,0.825363,535.1592,535.1592,535.1592,494.828533,494.828533,494.828533
1530,20000,32,0.825363,,0.825363,0.825363,0.825363,535.1592,535.1592,535.1592,494.828533,494.828533,494.828533
1531,20000,32,0.825363,,0.825363,0.825363,0.825363,535.1592,535.1592,535.1592,494.828533,494.828533,494.828533
1532,20000,32,0.825363,,0.825363,0.825363,0.825363,535.1592,535.1592,535.1592,494.828533,494.828533,494.828533
1533,20000,32,0.825363,,0.825363,0.825363,0.825363,535.1592,535.1592,535.1592,494.828533,494.828533,494.828533
1534,20000,32,0.825363,,0.825363,0.825363,0.825363,535.1592,535.1592,535.1592,494.828533,494.828533,494.828533
1535,20000,32,0.825363,,0.825363,0.825363,0.825363,535.1592,535.1592,535.1592,494.828533,494.828533,494.828533
1536,20000,32,0.825363,,0.825363,0.825363,0.825363,535.1592,535.1592,535.1592,494.828533,494.828533,494.828533
1537,20000,32,0.825363,,0.825363,0.825363,0.825363,535.1592,535.1592,535.1592,494.828533,494.828533,494.828533
1538,20000,32,0.825363,,0.825363,0.825363,0.825363,535.1592,535.1592,535.1592,494.828533,494.828533,494.828533
1539,20000,32,0.825363,,0.825363,0.825363,0.825363,535.1592,535.1592,535.1592,494.828533,494.828533,494.828533
1540,20000,32,0.825363,,0.825363,0.825363,0.825363,535.1592,535.1592,535.1592,494.828533,494.828533,494.828533
1541,20000,32,0.825363,,0.825363,0.825363,0.825363,535.1592,535.1592,535.1592,494.828533,494.828533,494.828533
1542,20000,32,0.825363,,0.825363,0.825363,0.825363,535.1592,535.1592,535.1592,494.828533,494.828533,494.828533
1543,20000,32,0.825363,,0.825363,0.825363,0.825363,535.1592,535.1592,535.1592,494.828533,494.828533,494.828533
1544,20000,32,0.825363,,0.825363,0.825363,0.825363,535.1592,535.1592,535.1592,494.828533,494.828533,494.828533
1545,20000,32,0.825363,,0.825363,0.825363,0.825363,535.1592,535.1592,535.1592,494.828533,494.828533,494.828533
1546,20000,32,0.825363,,0.825363,0.825363,0.825363,535.1592,535.1592,535.1592,494.828533,494.828533,494.828533
1547,20000,32,0.825363,,0.825363,0.825363,0.825363,535.1592,535.1592,535.1592,494.828533,494.828533,494.828533
1548,20000,32,0.825363,,0.825363,0.825363,0.825363,535.1592,535.1592,535.1592,494.828533,494.828533,494.828533
1549,20000,32,0.825363,,0.825363,0.825363,0.825363,535.1592,535.1592,535.1592,494.828533,494.828533,494.828533
1550,20000,32,0.825363,,0.825363,0.825363,0.825363,535.1592,535.1592,535.1592,494.828533,494.828533,494.828533
1551,20000,32,0.825363,,0.825363,0.825363,0.825363,535.1592,535.1592,535.1592,494.828533,494.828533,494.828533
1552,20000,32,0.825363,,0.825363,0.825363,0.825363,535.1592,535.1592,535.1592,494.828533,494.828533,494.828533
1553,20000,32,0.825363,,0.825363,0.825363,0.825363,535.1592,535.1592,535.1592,494.828533,494.828533,494.828533
1554,20000,32,0.825363,,0.825363,0.825363,0.825363,535.1592,535.1592,535.1592,494.828533,494.828533,494.828533
1555,20000,32,0.825363,,0.825363,0.825363,0.825363,535.1592,535.1592,535.1592,494.828533,494.828533,494.828533
1556,20000,32,0.825363,,0.825363,0.825363,0.825363,535.1592,535.1592,535.1592,494.828533,494.828533,494.828533
1557,20000,32,0.825363,,0.825363,0.825363,0.825363,535.1592,535.1592,535.1592,494.828533,494.828533,494.828533
1558,20000,32,0.825363,,0.825363,0.825363,0.825363,535.1592,535.1592,535.1592,494.828533,494.828533,494.828533
1559,20000,32,0.825363,,0.825363,0.825363,0.825363,535.1592,535.1592,535.1592,494.828533,494.828533,494.828533
1560,20000,32,0.825363,,0.825363,0.825363,0.825363,535.1592,535.1592,535.1592,494.828533,494.828533,494.828533
1561,20000,32,0.825363,,0.825363,0.825363,0.825363,535.1592,535.1592,535.1592,494.828533,494.828533,494.828533
1562,20000,32,0.825363,,0.825363,0.825363,0.825363,535.1592,535.1592,535.1592,494.828533,494.828533,494.828533
1563,20000,32,0.825363,,0.825363,0.825363,0.825363,535.1592,535.1592,535.1592,494.828533,494.828533,494.828533
1564,20000,32,0.825363,,0.825363,0.825363,0.825363,535.1592,535.1592,535.1592,494.828533,494.828533,494.828533
1565,20000,32,0.825363,,0.825363,0.825363,0.825363,535.1592,535.1592,535.1592,494.828533,494.828533,494.828533
1566,20000,32,0.825363,,0.825363,0.825363,0.825363,535.1592,535.1592,535.1592,494.828533,494.828533,494.828533
1567,20000,32,0.825363,,0.825363,0.825363,0.825363,535.1592,535.1592,535.1592,494.828533,494.828533,494.828533
1568,20000,32,0.825363,,0.825363,0.825363,0.825363,535.1592,535.1592,535.1592,494.828533,494.828533,494.828533
1569,20000,32,0.825363,,0.825363,0.825363,0.825363,535.1592,535.1592,535.1592,494.828533,494.828533,494.828533
1570,20000,32,0.825363,,0.825363,0.825363,0.825363,535.1592,535.1592,535.1592,494.828533,494.828533,494.828533
1571,20000,32,0.825363,,0.825363,0.825363,0.825363,535.1592,535.1592,535.1592,494.828533,494.828533,494.828533
1572,20000,32,0.825363,,0.825363,0.825363,0.825363,535.1592,535.1592,535.1592,494.828533,494.828533,494.828533
1573,20000,32,0.825363,,0.825363,0.825363,0.825363,535.1592,535.1592,535.1592,494.828533,494.828533,494.828533
1574,20000,32,0.825363,,0.825363,0.825363,0.825363,535.1592,535.1592,535.1592,494.828533,494.828533,494.828533
1575,20000,32,0.825363,,0.825363,0.825363,0.825363,535.1592,535.1592,535.1592,494.828533,494.828533,494.828533
1576,20000,32,0.825363,,0.825363,0.825363,0.825363,535.1592,535.1592,535.1592,494.828533,494.828533,494.828533
1577,20000,32,0.825363,,0.825363,0.825363,0.825363,535.1592,535.1592,535.1592,494.828533,494.828533,494.828533
1578,20000,32,0.825363,,0.825363,0.825363,0.825363,535.1592,535.1592,535.1592,494.828533,494.828533,494.828533
1579,20000,32,0.825363,,0.825363,0.825363,0.825363,535.1592,535.1592,535.1592,494.828533,494.828533,494.828533
1580,20000,32,0.825363,,0.825363,0.825363,0.825363,535.1592,535.1592,535.1592,494.828533,494.828533,494.828533
1581,20000,32,0.825363,,0.825363,0.825363,0.825363,535.1592,535.1592,535.1592,494.828533,494.828533,494.828533
1582,20000,32,0.825363,,0.825363,0.825363,0.825363,535.1592,535.1592,535.1592,494.828533,494.828533,494.828533
1583,20000,32,0.825363,,0.825363,0.825363,0.825363,535.1592,535.1592,535.1592,494.828533,494.828533,494.828533
1584,20000,32,0.825363,,0.825363,0.825363,0.825363,535.1592,535.1592,535.1592,494.828533,494.828533,494.828533
1585,20000,32,0.825363,,0.825363,0.825363,0.825363,535.1592,535.1592,535.1592,494.828533,494.828533,494.828533
1586,20000,32,0.825363,,0.825363,0.825363,0.825363,535.1592,535.1592,535.1592,494.828533,494.828533,494.828533
1587,20000,32,0.825363,,0.825363,0.825363,0.825363,535.1592,535.1592,535.1592,494.828533,494.828533,494.828533
1588,20000,32,0.825363,,0.825363,0.825363,0.825363,535.1592,535.1592,535.1592,494.828533,494.828533,494.828533
1589,20000,32,0.825363,,0.825363,0.825363,0.825363,535.1592,535.1592,535.1592,494.828533,494.828533,494.828533
1590,20000,32,0.825363,,0.825363,0.825363,0.825363,535.1592,535.1592,535.1592,494.828533,494.828533,494.828533
1591,20000,32,0.825363,,0.825363,0.825363,0.825363,535.1592,535.1592,535.1592,494.828533,494.828533,494.828533
1592,20000,32,0.825363,,0.825363,0.825363,0.825363,535.1592,535.1592,535.1592,494.828533,494.828533,494.828533
1593,20000,32,0.825363,,0.825363,0.825363,0.825363,535.1592,535.1592,535.1592,494.828533,494.828533,494.828533
1594,20000,32,0.825363,,0.825363,0.825363,0.825363,535.1592,535.1592,535.1592,494.828533,494.828533,494.828533
1595,20000,32,0.825363,,0.825363,0.825363,0.825363,535.1592,535.1592,535.1592,494.828533,494.828533,494.828533
1596,20000,32,0.825363,,0.825363,0.825363,0.825363,535.1592,535.1592,535.1592,494.828533,494.828533,494.828533
1597,20000,32,0.825363,,0.825363,0.825363,0.825363,535.1592,535.1592,535.1592,494.828533,494.828533,494.828533
1598,20000,32,0.825363,,0.825363,0.825363,0.825363,535.1592,535.1592,535.1592,494.828533,494.828533,494.828533
1599,20000,32,0.825363,,0.825363,0.825363,0.825363,535.1592,535.1592,535.1592,494.828533,494.828533,494.828533
1600,20000,32,0.825363,,0.825363,0.825363,0.825363,535.1592,535.1592,535.1592,494.828533,494.828533,494.828533
1601,20000,32,0.825363,,0.825363,0.825363,0.825363,535.1592,535.1592,535.1592,494.828533,494.828533,494.828533
1602,20000,32,0.825363,,0.825363,0.825363,0.825363,535.1592,535.1592,535.1592,494.828533,494.828533,494.828533
1603,20000,32,0.825363,,0.825363,0.825363,0.825363,535.1592,535.1592,535.1592,494.828533,494.828533,494.828533
1604,20000,32,0.825363,,0.825363,0.825363,0.825363,535.1592,535.1592,535.1592,494.828533,494.828533,494.828533
1605,20000,32,0.825363,,0.825363,0.825363,0.825363,535.1592,535.1592,535.1592,494.828533,494.828533,494.828533
1606,20000,32,0.825363,,0.825363,0.825363,0.825363,535.1592,535.1592,535.1592,494.828533,494.828533,494.828533
1607,20000,32,0.825363,,0.825363,0.825363,0.825363,535.1592,535.1592,535.1592,494.828533,494.828533,494.828533
1608,20000,32,0.825363,,0.825363,0.825363,0.825363,535.1592,535.1592,535.1592,494.828533,494.828533,494.828533
1609,20000,32,0.825363,,0.825363,0.825363,0.825363,535.1592,535.1592,535.1592,494.828533,494.828533,494.828533
1610,20000,32,0.825363,,0.825363,0.825363,0.825363,535.1592,535.1592,535.1592,494.828533,494.828533,494.828533
1611,20000,32,0.825363,,0.825363,0.825363,0.825363,535.1592,535.1592,535.1592,494.828533,494.828533,494.828533
1612,20000,32,0.825363,,0.825363,0.825363,0.825363,535.1592,535.1592,535.1592,494.828533,494.828533,494.828533
1613,20000,32,0.825363,,0.825363,0.825363,0.825363,535.1592,535.1592,535.1592,494.828533,494.828533,494.828533
1614,20000,32,0.825363,,0.825363,0.825363,0.825363,535.1592,535.1592,535.1592,494.828533,494.828533,494.828533
1615,20000,32,0.825363,,0.825363,0.825363,0.825363,535.1592,535.1592,535.1592,494.828533,494.828533,494.828533
1616,20000,32,0.825363,,0.825363,0.825363,0.825363,535.1592,535.1592,535.1592,494.828533,494.828533,494.828533
1617,20000,32,0.825363,,0.825363,0.825363,0.825363,535.1592,535.1592,535.1592,494.828533,494.828533,494.828533
1618,20000,32,0.825363,,0.825363,0.825363,0.825363,535.1592,535.1592,535.1592,494.828533,494.828533,494.828533
1619,20000,32,0.825363,,0.825363,0.825363,0.825363,535.1592,535.1592,535.1592,494.828533,494.828533,494.828533
1620,20000,32,0.825363,,0.825363,0.825363,0.825363,535.1592,535.1592,535.1592,494.828533,494.828533,494.828533
1621,20000,32,0.825363,,0.825363,0.825363,0.825363,535.1592,535.1592,535.1592,494.828533,494.828533,494.828533
1622,20000,32,0.825363,,0.825363,0.825363,0.825363,535.1592,535.1592,535.1592,494.828533,494.828533,494.828533
1623,20000,32,0.825363,,0.825363,0.825363,0.825363,535.1592,535.1592,535.1592,494.828533,494.828533,494.828533
1624,20000,32,0.825363,,0.825363,0.825363,0.825363,535.1592,535.1592,535.1592,494.828533,494.828533,494.828533
1625,20000,32,0.825363,,0.825363,0.825363,0.825363,535.1592,535.1592,535.1592,494.828533,494.828533,494.828533
1626,20000,32,0.825363,,0.825363,0.825363,0.825363,535.1592,535.1592,535.1592,494.828533,494.828533,494.828533
1627,20000,32,0.825363,,0.825363,0.825363,0.825363,535.1592,535.1592,535.1592,494.828533,494.828533,494.828533
1628,20000,32,0.825363,,0.825363,0.825363,0.825363,535.1592,535.1592,535.1592,494.828533,494.828533,494.828533
1629,20000,32,0.825363,,0.825363,0.825363,0.825363,535.1592,535.1592,535.1592,494.828533,494.828533,494.828533
1630,20000,32,0.825363,,0.825363,0.825363,0.825363,535.1592,535.1592,535.1592,494.828533,494.828533,494.828533
1631,20000,32,0.825363,,0.825363,0.825363,0.825363,535.1592,535.1592,535.1592,494.828533,494.828533,494.828533
1632,20000,32,0.825363,,0.825363,0.825363,0.825363,535.1592,535.1592,535.1592,494.828533,494.828533,494.828533
1633,20000,32,0.825363,,0.825363,0.825363,0.825363,535.1592,535.1592,535.1592,494.828533,494.828533,494.828533
1634,20000,32,0.825363,,0.825363,0.825363,0.825363,535.1592,535.1592,535.1592,494.828533,494.828533,494.828533
1635,20000,32,0.825363,,0.825363,0.825363,0.825363,535.1592,535.1592,535.1592,494.828533,494.828533,494.828533
1636,20000,32,0.825363,,0.825363,0.825363,0.825363,535.1592,535.1592,535.1592,494.828533,494.828533,494.828533
1637,20000,32,0.825363,,0.825363,0.825363,0.825363,535.1592,535.1592,535.1592,494.828533,494.828533,494.828533
1638,20000,32,0.825363,,0.825363,0.825363,0.825363,535.1592,535.1592,535.1592,494.828533,494.828533,494.828533
1639,20000,32,0.825363,,0.825363,0.825363,0.825363,535.1592,535.1592,535.1592,494.828533,494.828533,494.828533
1640,20000,32,0.825363,,0.825363,0.825363,0.825363,535.1592,535.1592,535.1592,494.828533,494.828533,494.828533
1641,20000,32,0.825363,,0.825363,0.825363,0.825363,535.1592,535.1592,535.1592,494.828533,494.828533,494.828533
1642,20000,32,0.825363,,0.825363,0.825363,0.825363,535.1592,535.1592,535.1592,494.828533,494.828533,494.828533
1643,20000,32,0.825363,,0.825363,0.825363,0.825363,535.1592,535.1592,535.1592,494.828533,494.828533,494.828533
1644,20000,32,0.825363,,0.825363,0.825363,0.825363,535.1592,535.1592,535.1592,494.828533,494.828533,494.828533
1645,20000,32,0.825363,,0.825363,0.825363,0.825363,535.1592,535.1592,535.1592,494.828533,494.828533,494.828533
1646,20000,32,0.825363,,0.825363,0.825363,0.825363,535.1592,535.1592,535.1592,494.828533,494.828533,494.828533
1647,20000,32,0.825363,,0.825363,0.825363,0.825363,535.1592,535.1592,535.1592,494.828533,494.828533,494.828533
1648,20000,32,0.825363,,0.825363,0.825363,0.825363,535.1592,535.1592,535.1592,494.828533,494.828533,494.828533
1649,20000,32,0.825363,,0.825363,0.825363,0.825363,535.1592,535.1592,535.1592,494.828533,494.828533,494.828533
1650,20000,32,0.825363,,0.825363,0.825363,0.825363,535.1592,535.1592,535.1592,494.828533,494.828533,494.828533
1651,20000,32,0.825363,,0.825363,0.825363,0.825363,535.1592,535.1592,535.1592,494.828533,494.828533,494.828533
1652,20000,32,0.825363,,0.825363,0.825363,0.825363,535.1592,535.1592,535.1592,494.828533,494.828533,494.828533
1653,20000,32,0.825363,,0.825363,0.825363,0.825363,535.1592,535.1592,535.1592,494.828533,494.828533,494.828533
1654,20000,32,0.825363,,0.825363,0.825363,0.825363,535.1592,535.1592,535.1592,494.828533,494.828533,494.828533
1655,20000,32,0.825363,,0.825363,0.825363,0.825363,535.1592,535.1592,535.1592,494.828533,494.828533,494.828533
1656,20000,32,0.825363,,0.825363,0.825363,0.825363,535.1592,535.1592,535.1592,494.828533,494.828533,494.828533
1657,20000,32,0.825363,,0.825363,0.825363,0.825363,535.1592,535.1592,535.1592,494.828533,494.828533,494.828533
1658,20000,32,0.825363,,0.825363,0.825363,0.825363,535.1592,535.1592,535.1592,494.828533,494.828533,494.828533
1659,20000,32,0.825363,,0.825363,0.825363,0.825363,535.1592,535.1592,535.1592,494.828533,494.828533,494.828533
1660,20000,32,0.825363,,0.825363,0.825363,0.825363,535.1592,535.1592,535.1592,494.828533,494.828533,494.828533
1661,20000,32,0.825363,,0.825363,0.825363,0.825363,535.1592,535.1592,535.1592,494.828533,494.828533,494.828533
1662,20000,32,0.825363,,0.825363,0.825363,0.825363,535.1592,535.1592,535.1592,494.828533,494.828533,494.828533
1663,20000,32,0.825363,,0.825363,0.825363,0.825363,535.1592,535.1592,535.1592,494.828533,494.828533,494.828533
1664,20000,32,0.825363,,0.825363,0.825363,0.825363,535.1592,535.1592,535.1592,494.828533,494.828533,494.828533
1665,20000,32,0.825363,,0.825363,0.825363,0.825363,535.1592,535.1592,535.1592,494.828533,494.828533,494.828533
1666,20000,32,0.825363,,0.825363,0.825363,0.825363,535.1592,535.1592,535.1592,494.828533,494.828533,494.828533
1667,20000,32,0.825363,,0.825363,0.825363,0.825363,535.1592,535.1592,535.1592,494.828533,494.828533,494.828533
1668,20000,32,0.825363,,0.825363,0.825363,0.825363,535.1592,535.1592,535.1592,494.828533,494.828533,494.828533
1669,20000,32,0.825363,,0.825363,0.825363,0.825363,535.1592,535.1592,535.1592,494.828533,494.828533,494.828533
1670,20000,32,0.825363,,0.825363,0.825363,0.825363,535.1592,535.1592,535.1592,494.828533,494.828533,494.828533
1671,20000,32,0.825363,,0.825363,0.825363,0.825363,535.1592,535.1592,535.1592,494.828533,494.828533,494.828533
1672,20000,32,0.825363,,0.825363,0.825363,0.825363,535.1592,535.1592,535.1592,494.828533,494.828533,494.828533
1673,20000,32,0.825363,,0.825363,0.825363,0.825363,535.1592,535.1592,535.1592,494.828533,494.828533,494.828533
1674,20000,32,0.825363,,0.825363,0.825363,0.825363,535.1592,535.1592,535.1592,494.828533,494.828533,494.828533
1675,20000,32,0.825363,,0.825363,0.825363,0.825363,535.1592,535.1592,535.1592,494.828533,494.828533,494.828533
1676,20000,32,0.825363,,0.825363,0.825363,0.825363,535.1592,535.1592,535.1592,494.828533,494.828533,494.828533
1677,20000,32,0.825363,,0.825363,0.825363,0.825363,535.1592,535.1592,535.1592,494.828533,494.828533,494.828533
1678,20000,32,0.825363,,0.825363,0.825363,0.825363,535.1592,535.1592,535.1592,494.828533,494.828533,494.828533
1679,20000,32,0.825363,,0.825363,0.825363,0.825363,535.1592,535.1592,535.1592,494.828533,494.828533,494.828533
1680,20000,32,0.825363,,0.825363,0.825363,0.825363,535.1592,535.1592,535.1592,494.828533,494.828533,494.828533
1681,20000,32,0.825363,,0.825363,0.825363,0.825363,535.1592,535.1592,535.1592,494.828533,494.828533,494.828533
1682,20000,32,0.825363,,0.825363,0.825363,0.825363,535.1592,535.1592,535.1592,494.828533,494.828533,494.828533
1683,20000,32,0.825363,,0.825363,0.825363,0.825363,535.1592,535.1592,535.1592,494.828533,494.828533,494.828533
1684,20000,32,0.825363,,0.825363,0.825363,0.825363,535.1592,535.1592,535.1592,494.828533,494.828533,494.828533
1685,20000,32,0.825363,,0.825363,0.825363,0.825363,535.1592,535.1592,535.1592,494.828533,494.828533,494.828533
1686,20000,32,0.825363,,0.825363,0.825363,0.825363,535.1592,535.1592,535.1592,494.828533,494.828533,494.828533
1687,20000,32,0.825363,,0.825363,0.825363,0.825363,535.1592,535.1592,535.1592,494.828533,494.828533,494.828533
1688,20000,32,0.825363,,0.825363,0.825363,0.825363,535.1592,535.1592,535.1592,494.828533,494.828533,494.828533
1689,20000,32,0.825363,,0.825363,0.825363,0.825363,535.1592,535.1592,535.1592,494.828533,494.828533,494.828533
1690,20000,32,0.825363,,0.825363,0.825363,0.825363,535.1592,535.1592,535.1592,494.828533,494.828533,494.828533
1691,20000,32,0.825363,,0.825363,0.825363,0.825363,535.1592,535.1592,535.1592,494.828533,494.828533,494.828533
1692,20000,32,0.825363,,0.825363,0.825363,0.825363,535.1592,535.1592,535.1592,494.828533,494.828533,494.828533
1693,20000,32,0.825363,,0.825363,0.825363,0.825363,535.1592,535.1592,535.1592,494.828533,494.828533,494.828533
1694,20000,32,0.825363,,0.825363,0.825363,0.825363,535.1592,535.1592,535.1592,494.828533,494.828533,494.828533
1695,20000,32,0.825363,,0.825363,0.825363,0.825363,535.1592,535.1592,535.1592,494.828533,494.828533,494.828533
1696,20000,32,0.825363,,0.825363,0.825363,0.825363,535.1592,535.1592,535.1592,494.828533,494.828533,494.828533
1697,20000,32,0.825363,,0.825363,0.825363,0.825363,535.1592,535.1592,535.1592,494.828533,494.828533,494.828533
1698,20000,32,0.825363,,0.825363,0.825363,0.825363,535.1592,535.1592,535.1592,494.828533,494.828533,494.828533
1699,20000,32,0.825363,,0.825363,0.825363,0.825363,535.1592,535.1592,535.1592,494.828533,494.828533,494.828533
