gen,seed,threads,best_global,picos,fit_best,fit_worst,fit_mean,green_best,green_worst,green_mean,emis_best,emis_worst,emis_mean
0,20000,4,0.501261,,0.501261,0.367559,0.42458,326.5908,248.3911,280.884905,607.812746,662.493504,637.049478
1,20000,4,0.501261,,0.501261,0.372652,0.436403,326.5908,254.6107,287.241318,607.812746,662.493504,632.086841
2,20000,4,0.508952,,0.508952,0.405625,0.452378,333.8135,270.4931,295.934365,606.70728,646.161139,625.451811
3,20000,4,0.514208,,0.514208,0.406845,0.461385,336.7781,273.839,301.383473,604.593433,646.161139,622.077982
4,20000,4,0.514208,,0.514208,0.410994,0.468412,336.7781,268.1473,305.667073,604.593433,640.128534,619.466727
5,20000,4,0.52613,,0.52613,0.410994,0.476239,339.5329,268.1473,310.262466,597.14051,639.111138,616.441667
6,20000,4,0.52613,,0.52613,0.426398,0.481987,339.5329,280.362,314.084405,597.14051,639.700115,614.519208
7,20000,4,0.52613,,0.52613,0.45018,0.487076,339.5329,293.127,317.142814,597.14051,625.358802,612.599218
8,20000,4,0.52655,,0.52655,0.453036,0.491773,340.8627,293.4957,319.917927,597.14051,623.303999,610.794998
9,20000,4,0.52655,,0.52655,0.465721,0.495887,340.8627,301.1862,322.811261,597.14051,620.359819,609.525348
10,20000,4,0.528959,,0.528959,0.474878,0.499328,341.692,308.3893,324.919826,596.380703,620.359819,608.253885
11,20000,4,0.53537,,0.53537,0.474878,0.503013,348.282,309.1866,327.098734,595.741593,617.54968,606.839362
12,20000,4,0.53537,,0.53537,0.481989,0.506937,348.282,312.5583,329.087349,593.586117,615.894872,605.111461
13,20000,4,0.53537,,0.53537,0.483409,0.510851,348.282,312.8399,331.355549,594.673016,615.894872,603.57882
14,20000,4,0.542739,,0.542739,0.483409,0.514138,353.0083,314.1915,333.752401,592.28666,615.894872,602.621024
15,20000,4,0.544617,,0.544617,0.4916,0.517982,353.8463,319.6804,335.726423,588.150447,615.439278,600.945355
16,20000,4,0.544617,,0.544617,0.496569,0.521459,353.8463,321.7799,337.84943,588.150447,610.402798,599.655982
17,20000,4,0.547539,,0.547539,0.506436,0.525676,355.3085,325.489,340.94983,588.150447,607.356223,598.444064
18,20000,4,0.547539,,0.547539,0.506436,0.52871,355.3085,331.7778,342.705404,588.150447,607.356223,597.254413
19,20000,4,0.553245,,0.553245,0.513648,0.532237,355.7776,332.5836,344.795975,586.876383,603.940763,595.903669
20,20000,4,0.555459,,0.555459,0.514918,0.535468,357.8951,330.3207,346.839234,586.326952,602.987998,594.753152
21,20000,4,0.567848,,0.567848,0.520175,0.539527,363.4171,333.4648,349.211186,580.60562,601.843575,593.176131
22,20000,4,0.567848,,0.567848,0.522865,0.542407,363.4171,334.0718,350.891181,580.60562,599.640348,592.055636
23,20000,4,0.567848,,0.567848,0.523494,0.545347,363.4171,335.7862,352.501703,580.60562,599.551801,590.841764
24,20000,4,0.567848,,0.567848,0.523494,0.548771,363.4171,336.9792,354.295763,580.60562,599.551801,589.373305
25,20000,4,0.574629,,0.574629,0.530202,0.552615,369.8586,341.4073,356.365889,578.802052,596.785746,587.762325
26,20000,4,0.574959,,0.574959,0.536491,0.55618,369.8586,344.265,358.270444,578.802052,595.590367,586.258081
27,20000,4,0.574959,,0.574959,0.539018,0.558662,369.8586,348.8786,359.637775,578.802052,595.305092,585.237921
28,20000,4,0.576672,,0.576672,0.54207,0.561279,369.8586,349.2052,361.07973,577.311804,595.305092,584.162734
29,20000,4,0.578273,,0.578273,0.543464,0.563902,370.7704,352.3942,362.623893,575.330376,592.636878,583.151706
30,20000,4,0.579287,,0.579287,0.546254,0.566665,372.6543,354.6194,364.453941,575.330376,591.670525,582.223071
31,20000,4,0.584599,,0.584599,0.551853,0.56981,379.4957,354.6194,366.666543,573.146644,588.638483,581.252475
32,20000,4,0.587341,,0.587341,0.555822,0.572524,381.9688,358.0967,368.350698,573.146644,587.911233,580.264375
33,20000,4,0.592325,,0.592325,0.558745,0.575242,381.9688,361.0183,369.948859,571.770332,587.911233,579.214902
34,20000,4,0.596405,,0.596405,0.562105,0.577786,385.3308,362.1649,371.461226,571.770332,585.421757,578.243885
35,20000,4,0.596405,,0.596405,0.56624,0.58117,385.3308,363.4951,373.562846,571.770332,585.421757,577.013332
36,20000,4,0.596482,,0.596482,0.566441,0.584198,385.3308,366.4502,375.528059,571.770332,583.735149,575.967957
37,20000,4,0.602038,,0.602038,0.574068,0.587063,387.9663,367.4811,377.28425,568.323662,580.725069,574.910261
38,20000,4,0.602928,,0.602928,0.577296,0.589084,390.4048,367.4811,378.632334,568.161452,580.349883,574.236846
39,20000,4,0.604857,,0.604857,0.579193,0.590864,390.4048,367.4811,379.78385,568.161452,579.303534,573.620488
40,20000,4,0.608987,,0.608987,0.579705,0.59364,394.1039,372.2732,381.120615,566.089872,579.303534,572.350561
41,20000,4,0.614727,,0.614727,0.583505,0.596307,394.6606,372.3668,382.633291,564.851558,577.568066,571.28396
42,20000,4,0.614727,,0.614727,0.584221,0.598588,395.7529,373.5545,383.796601,564.851558,576.906682,570.284388
43,20000,4,0.614768,,0.614768,0.58458,0.60102,398.1074,373.5545,385.422816,564.851558,576.906682,569.477244
44,20000,4,0.615734,,0.615734,0.589585,0.603102,399.5249,377.6258,386.778618,564.851558,574.318593,568.761997
45,20000,4,0.617176,,0.617176,0.591375,0.605087,399.5249,378.3147,388.081466,563.116379,574.318593,568.086472
46,20000,4,0.624969,,0.624969,0.593222,0.606886,400.388,378.3147,389.14498,560.825421,572.92235,567.395959
47,20000,4,0.624969,,0.624969,0.597097,0.608834,402.4374,382.2258,390.529022,560.825421,571.757441,566.804296
48,20000,4,0.624995,,0.624995,0.599415,0.610512,402.4374,383.0409,391.528996,560.805399,570.796269,566.165459
49,20000,4,0.624995,,0.624995,0.600416,0.612318,406.3166,384.3198,392.806997,560.454684,570.941664,565.613128
50,20000,4,0.624995,,0.624995,0.600416,0.613454,406.3166,384.3198,393.610381,560.454684,570.941664,565.265408
51,20000,4,0.626631,,0.626631,0.601713,0.615177,408.2277,384.3198,394.935548,560.454684,569.71659,564.809689
52,20000,4,0.626631,,0.626631,0.601713,0.617011,408.2277,384.9357,396.194182,560.454684,569.71659,564.222422
53,20000,4,0.626631,,0.626631,0.601713,0.618504,408.2277,384.9357,397.401003,560.454684,568.610749,563.866259
54,20000,4,0.634453,,0.634453,0.607693,0.620241,410.0435,387.6865,398.622493,559.348787,568.144992,563.330076
55,20000,4,0.635803,,0.635803,0.607693,0.621539,413.1029,387.6865,399.454089,558.307784,566.809438,562.875057
56,20000,4,0.635803,,0.635803,0.610591,0.622932,413.1029,390.7519,400.55244,558.307784,568.144992,562.52479
57,20000,4,0.636786,,0.636786,0.615601,0.623933,413.1029,392.4816,401.384325,558.307784,566.486437,562.301145
58,20000,4,0.636786,,0.636786,0.615601,0.625071,413.1029,392.4816,402.336652,558.080828,566.486437,562.051586
59,20000,4,0.636786,,0.636786,0.615601,0.6266,413.1029,392.4816,403.628191,557.882417,566.486437,561.724318
60,20000,4,0.637515,,0.637515,0.615601,0.62796,413.5823,392.4816,404.741892,557.882417,566.238272,561.409693
61,20000,4,0.638395,,0.638395,0.615601,0.629426,415.5348,392.4816,405.859965,556.741184,565.80662,561.015905
62,20000,4,0.638871,,0.638871,0.615601,0.630648,415.5348,392.4816,406.860324,556.741184,564.405065,560.732536
63,20000,4,0.643153,,0.643153,0.615601,0.63208,416.4439,392.4816,408.010916,556.61298,564.148064,560.387148
64,20000,4,0.643153,,0.643153,0.624718,0.633663,416.4439,401.3471,409.141724,556.61298,563.094482,559.909986
65,20000,4,0.643373,,0.643373,0.624595,0.635031,416.4439,401.3565,410.419588,556.084876,563.094482,559.699365
66,20000,4,0.646336,,0.646336,0.628117,0.63644,418.0983,403.564,411.536292,556.026957,562.705126,559.348292
67,20000,4,0.646336,,0.646336,0.629733,0.638122,418.0983,403.564,412.428872,555.041054,561.997718,558.635058
68,20000,4,0.64737,,0.64737,0.629733,0.639308,418.3183,403.564,413.136059,555.041054,561.997718,558.183738
69,20000,4,0.648566,,0.648566,0.631242,0.640628,420.3398,406.1338,413.999533,553.342768,560.948192,557.732319
70,20000,4,0.650366,,0.650366,0.6343,0.641942,420.3398,409.4228,415.076005,552.777931,560.948192,557.429008
71,20000,4,0.650423,,0.650423,0.635434,0.643379,421.5027,410.7901,416.239987,552.42822,560.948192,557.088224
72,20000,4,0.652685,,0.652685,0.636403,0.644726,422.0853,411.298,417.099657,552.378187,560.548512,556.613663
73,20000,4,0.652685,,0.652685,0.636819,0.646044,422.1975,411.298,417.843208,552.032373,560.548512,556.083784
74,20000,4,0.652685,,0.652685,0.636819,0.647257,423.3425,411.298,418.625451,552.032373,559.076292,555.661561
75,20000,4,0.656659,,0.656659,0.63754,0.648353,423.3425,411.298,419.253508,550.8956,559.073301,555.227359
76,20000,4,0.656659,,0.656659,0.641167,0.649592,425.4651,414.6077,420.073783,550.8956,558.452444,554.811266
77,20000,4,0.664651,,0.664651,0.641167,0.650769,426.8272,414.6077,420.658714,547.382251,558.755368,554.284534
78,20000,4,0.664651,,0.664651,0.641167,0.651527,426.8272,414.6077,421.642137,547.382251,558.418114,554.352386
79,20000,4,0.664651,,0.664651,0.645082,0.652202,426.8272,418.4764,422.209816,547.382251,557.818678,554.206322
80,20000,4,0.664651,,0.664651,0.645355,0.653103,426.8272,418.4764,422.717577,547.382251,558.550253,553.844094
81,20000,4,0.665828,,0.665828,0.646537,0.654263,428.4963,418.4764,423.497091,547.292924,557.395145,553.461432
82,20000,4,0.665828,,0.665828,0.646537,0.655573,429.9327,418.4764,424.261016,547.292924,557.395145,552.952023
83,20000,4,0.665828,,0.665828,0.650389,0.656513,429.9327,418.4764,424.734174,547.292924,556.484164,552.535789
84,20000,4,0.666485,,0.666485,0.650389,0.657372,429.9327,418.4764,425.209803,546.375255,556.119269,552.184593
85,20000,4,0.666485,,0.666485,0.651208,0.65864,432.2338,419.6778,425.961678,546.375255,555.536988,551.69894
86,20000,4,0.671965,,0.671965,0.651208,0.660006,432.385,419.7706,426.708527,545.400214,555.536988,551.134183
87,20000,4,0.671965,,0.671965,0.651981,0.66118,432.385,422.6429,427.356826,545.400214,555.536988,550.652817
88,20000,4,0.671965,,0.671965,0.651981,0.662313,432.385,422.6429,427.747514,545.400214,555.536988,550.030964
89,20000,4,0.671965,,0.671965,0.651981,0.663311,435.0799,422.9522,428.258415,545.400214,554.876224,549.594391
90,20000,4,0.671965,,0.671965,0.654462,0.664431,435.3169,423.8969,428.726571,544.717345,554.277592,549.034472
91,20000,4,0.673912,,0.673912,0.657243,0.665863,435.7573,423.8969,429.357273,544.717345,553.214772,548.340477
92,20000,4,0.673912,,0.673912,0.657243,0.666681,435.7573,423.8969,429.886014,544.563343,553.214772,548.056892
93,20000,4,0.67549,,0.67549,0.659358,0.668052,436.4478,426.1299,430.615865,544.561298,553.140954,547.476537
94,20000,4,0.676661,,0.676661,0.659358,0.669266,436.4478,426.1299,431.304901,543.387494,552.310028,546.991551
95,20000,4,0.680399,,0.680399,0.659393,0.670266,438.1161,426.1299,432.002744,542.754098,552.164668,546.679095
96,20000,4,0.680399,,0.680399,0.665451,0.671474,438.1161,426.966,432.728548,542.754098,549.942403,546.223052
97,20000,4,0.680838,,0.680838,0.665451,0.672405,438.1296,426.966,433.29052,542.538027,549.942403,545.873333
98,20000,4,0.680838,,0.680838,0.665451,0.673712,438.1296,426.966,433.999306,542.538027,549.463454,545.328551
99,20000,4,0.683048,,0.683048,0.665904,0.674783,441.7711,427.8685,434.55005,542.538027,548.999494,544.862248
100,20000,4,0.685758,,0.685758,0.667288,0.675581,442.0562,427.8252,434.933342,540.676305,548.999494,544.496801
101,20000,4,0.685758,,0.685758,0.667288,0.676659,442.0562,429.1495,435.504613,540.676305,548.999494,544.03869
102,20000,4,0.685758,,0.685758,0.671558,0.677704,442.0562,431.8576,436.119645,540.676305,547.892218,543.636055
103,20000,4,0.685758,,0.685758,0.671558,0.678608,442.0562,431.8576,436.6418,540.676305,547.892218,543.280443
104,20000,4,0.686573,,0.686573,0.671558,0.679841,442.0562,431.8576,437.375159,539.082502,547.892218,542.810573
105,20000,4,0.691486,,0.691486,0.6737,0.681305,444.7992,431.8576,438.216421,537.87195,546.04125,542.232147
106,20000,4,0.691587,,0.691587,0.675003,0.682752,444.7992,431.8576,439.06858,537.87195,544.802447,541.674668
107,20000,4,0.691587,,0.691587,0.677626,0.68391,444.7992,433.6774,439.620976,537.799139,544.777677,541.141423
108,20000,4,0.69639,,0.69639,0.677626,0.685269,447.4824,433.9094,440.303821,536.675504,544.777677,540.538983
109,20000,4,0.69639,,0.69639,0.677822,0.686371,447.4824,433.9094,440.948817,536.675504,544.777677,540.112125
110,20000,4,0.696445,,0.696445,0.678425,0.687665,447.4824,433.9094,441.637129,536.141229,543.385417,539.563838
111,20000,4,0.696445,,0.696445,0.678528,0.688815,447.4824,433.9094,442.404957,536.141229,543.792454,539.181314
112,20000,4,0.697411,,0.697411,0.682731,0.689846,447.4824,436.8983,443.050042,535.809696,542.286986,538.809411
113,20000,4,0.697411,,0.697411,0.682948,0.690886,447.6806,436.8983,443.778387,535.809696,542.286986,538.486062
114,20000,4,0.699114,,0.699114,0.682948,0.691942,448.8961,436.8983,444.413179,535.497579,541.845285,538.087533
115,20000,4,0.699114,,0.699114,0.682948,0.69286,448.8961,436.8983,444.971774,535.497579,541.786189,537.746122
116,20000,4,0.699114,,0.699114,0.682948,0.693641,448.8961,436.8983,445.527658,535.497579,541.786189,537.509603
117,20000,4,0.699908,,0.699908,0.682948,0.694458,448.8961,436.8983,445.93219,534.823155,540.361874,537.14294
118,20000,4,0.701963,,0.701963,0.687728,0.695489,450.8548,439.8371,446.635273,534.587867,540.361874,536.810216
119,20000,4,0.701963,,0.701963,0.691173,0.696351,450.8548,442.6977,447.084879,534.587867,538.748224,536.43909
120,20000,4,0.701963,,0.701963,0.691173,0.696905,450.8548,442.6977,447.439751,534.587867,537.861246,536.244587
121,20000,4,0.701963,,0.701963,0.691173,0.69748,450.8548,445.8218,447.821649,534.515364,537.861246,536.052296
122,20000,4,0.701963,,0.701963,0.694466,0.698248,450.8548,446.0684,448.35707,534.515364,537.861246,535.812015
123,20000,4,0.704016,,0.704016,0.695056,0.698751,451.3906,446.0684,448.617263,533.345523,537.41871,535.594199
124,20000,4,0.704016,,0.704016,0.695317,0.699392,452.7183,446.3135,449.014724,533.345523,537.41871,535.360758
125,20000,4,0.704016,,0.704016,0.695828,0.699902,452.7183,446.9384,449.348371,533.201693,537.41871,535.185876
126,20000,4,0.704016,,0.704016,0.695828,0.700403,452.8782,447.2001,449.630697,533.201693,537.41871,534.984872
127,20000,4,0.704016,,0.704016,0.695961,0.70094,452.8782,447.2001,449.914563,533.201693,537.41871,534.755995
128,20000,4,0.704678,,0.704678,0.695961,0.70143,455.1712,447.836,450.158955,533.009135,537.41871,534.537356
129,20000,4,0.705733,,0.705733,0.697911,0.701875,455.1712,447.9669,450.437735,533.009135,537.091051,534.377247
130,20000,4,0.705733,,0.705733,0.697911,0.702387,455.1712,448.9898,450.718613,532.570953,537.091051,534.166463
131,20000,4,0.705733,,0.705733,0.697911,0.702742,455.2889,448.8258,450.969459,532.570953,537.091051,534.057263
132,20000,4,0.707606,,0.707606,0.699936,0.703075,455.8247,448.8258,451.047686,532.537779,536.029081,533.849882
133,20000,4,0.707606,,0.707606,0.700037,0.703506,455.8247,448.9898,451.427115,532.537779,536.029081,533.768062
134,20000,4,0.707606,,0.707606,0.700462,0.704037,455.8247,449.7676,451.923431,532.537779,536.029081,533.686456
135,20000,4,0.707606,,0.707606,0.702112,0.704436,455.8247,449.7676,452.226092,532.537779,536.029081,533.577646
136,20000,4,0.707606,,0.707606,0.702132,0.704932,455.9522,450.007,452.680785,532.537779,536.029081,533.495742
137,20000,4,0.708717,,0.708717,0.702358,0.705468,455.9522,450.3605,453.072906,532.014446,536.029081,533.340472
138,20000,4,0.709025,,0.709025,0.702805,0.705998,455.9522,450.9949,453.437898,531.708425,536.029081,533.171918
139,20000,4,0.709025,,0.709025,0.702839,0.706505,456.5707,450.9949,453.753527,531.708425,534.554698,532.987384
140,20000,4,0.709264,,0.709264,0.704016,0.706843,456.7761,450.9949,453.954532,531.708425,534.554698,532.858595
141,20000,4,0.710834,,0.710834,0.704016,0.707319,457.0853,450.9949,454.401453,531.699978,534.554698,532.786897
142,20000,4,0.710834,,0.710834,0.704669,0.707741,457.0853,450.9949,454.772159,531.416816,534.084195,532.705925
143,20000,4,0.710834,,0.710834,0.704864,0.70809,457.3946,450.9949,455.023261,531.416816,534.084195,532.602007
144,20000,4,0.711372,,0.711372,0.704864,0.708375,457.3946,450.9949,455.232988,531.028825,533.764439,532.520759
145,20000,4,0.711372,,0.711372,0.70498,0.708609,457.3681,452.1893,455.436748,531.028825,533.764439,532.474709
146,20000,4,0.712591,,0.712591,0.705062,0.70899,458.0878,452.1893,455.687337,530.867979,533.764439,532.345425
147,20000,4,0.712591,,0.712591,0.706229,0.709284,458.0878,453.9691,455.845198,530.867979,533.764439,532.221701
148,20000,4,0.712591,,0.712591,0.706964,0.709626,458.0878,454.3375,456.025066,530.867979,533.764439,532.075804
149,20000,4,0.712953,,0.712953,0.707151,0.710112,458.7591,454.3375,456.396037,530.585998,533.764439,531.945207
150,20000,4,0.712953,,0.712953,0.707151,0.710466,458.7591,454.3375,456.66208,530.585998,533.764439,531.847176
151,20000,4,0.712953,,0.712953,0.707908,0.710872,458.7591,454.5511,456.876481,530.191024,532.865755,531.674107
152,20000,4,0.713637,,0.713637,0.709025,0.711172,459.6028,454.7516,457.02612,530.191024,532.796642,531.540073
153,20000,4,0.713637,,0.713637,0.709212,0.711449,459.6028,454.7516,457.200056,530.191024,532.796642,531.440678
154,20000,4,0.713637,,0.713637,0.709767,0.711642,459.6028,454.7516,457.354899,530.191024,532.796642,531.393884
155,20000,4,0.714544,,0.714544,0.709874,0.7119,459.6028,454.7516,457.524747,530.191024,532.796642,531.306806
156,20000,4,0.714544,,0.714544,0.710192,0.712218,459.5639,456.0964,457.672546,530.154001,532.796642,531.157804
157,20000,4,0.714544,,0.714544,0.710317,0.712456,460.0903,456.0964,457.831722,530.154001,532.796642,531.079145
158,20000,4,0.714544,,0.714544,0.710365,0.712688,460.0903,456.2036,457.987338,529.928256,533.180161,531.00202
159,20000,4,0.715098,,0.715098,0.710485,0.712985,460.0903,456.5105,458.144955,529.3203,533.180161,530.875741
160,20000,4,0.715929,,0.715929,0.711276,0.713219,460.2217,456.5105,458.264467,529.3203,532.444924,530.773457
161,20000,4,0.716923,,0.716923,0.711401,0.713476,460.2841,456.5105,458.365549,529.238205,531.585287,530.640507
162,20000,4,0.716923,,0.716923,0.71183,0.713786,460.2841,456.5105,458.566406,529.238205,531.507325,530.533952
163,20000,4,0.716923,,0.716923,0.71183,0.714163,461.3615,456.5105,458.867362,529.238205,531.526743,530.441538
164,20000,4,0.717791,,0.717791,0.71183,0.714525,461.3615,456.5105,459.159172,529.022395,531.526743,530.354182
165,20000,4,0.717791,,0.717791,0.712488,0.714791,461.3615,457.0924,459.30176,529.022395,531.526743,530.242527
166,20000,4,0.717791,,0.717791,0.713246,0.715003,461.3615,457.0924,459.526952,529.022395,531.526743,530.228054
167,20000,4,0.719593,,0.719593,0.713246,0.715275,462.2778,457.0924,459.743039,528.490865,531.526743,530.160713
168,20000,4,0.719593,,0.719593,0.713246,0.715501,462.2778,458.228,459.871793,528.490865,531.179566,530.070441
169,20000,4,0.719593,,0.719593,0.713246,0.71591,462.299,458.228,460.122881,528.490865,531.360715,529.919949
170,20000,4,0.72026,,0.72026,0.71365,0.716307,462.8313,458.228,460.376215,528.341739,531.360715,529.780165
171,20000,4,0.72026,,0.72026,0.713913,0.716775,462.8313,458.6853,460.680255,528.341739,531.360715,529.618502
172,20000,4,0.72026,,0.72026,0.714433,0.717232,463.3623,458.6853,460.959652,528.341739,531.360715,529.449155
173,20000,4,0.72026,,0.72026,0.714433,0.717853,463.3623,458.6853,461.331835,528.261634,531.360715,529.2148
174,20000,4,0.72026,,0.72026,0.714433,0.718376,463.9158,458.6853,461.636188,528.261634,530.725278,529.010358
175,20000,4,0.721314,,0.721314,0.715712,0.71887,463.9158,460.2217,461.918908,527.948857,530.329045,528.815007
176,20000,4,0.721314,,0.721314,0.715929,0.719208,463.9158,460.2217,462.109288,527.948857,530.21809,528.678844
177,20000,4,0.721314,,0.721314,0.715929,0.719558,463.9158,460.2217,462.352058,527.948857,530.21809,528.568128
178,20000,4,0.72198,,0.72198,0.716321,0.719868,464.1425,460.2217,462.542458,527.799732,529.665763,528.453971
179,20000,4,0.72198,,0.72198,0.719197,0.720125,464.1425,462.009,462.729138,527.799732,528.713466,528.379057
180,20000,4,0.72198,,0.72198,0.719197,0.720326,464.1425,462.1488,462.885488,527.799732,528.713466,528.326952
181,20000,4,0.72198,,0.72198,0.719593,0.720465,464.1425,462.2778,462.984288,527.799732,528.618276,528.284887
182,20000,4,0.72198,,0.72198,0.719593,0.720648,464.1425,462.2778,463.122987,527.799732,528.508134,528.234909
183,20000,4,0.722535,,0.722535,0.719593,0.720812,464.696,462.2778,463.255953,527.799732,528.508134,528.195711
184,20000,4,0.722852,,0.722852,0.719593,0.720959,464.7989,462.2778,463.359546,527.199007,528.508134,528.150689
185,20000,4,0.722852,,0.722852,0.719593,0.721129,464.7989,462.2778,463.499439,527.199007,528.508134,528.111572
186,20000,4,0.722852,,0.722852,0.719593,0.721306,464.7989,462.2778,463.626118,527.199007,528.508134,528.058763
187,20000,4,0.723255,,0.723255,0.719593,0.721509,465.0877,462.2778,463.779483,527.199007,528.508134,528.002958
188,20000,4,0.723255,,0.723255,0.720148,0.721674,465.0877,462.6752,463.88063,527.199007,528.508134,527.942323
189,20000,4,0.724656,,0.724656,0.720148,0.721837,466.0277,462.6752,463.983737,527.054783,528.508134,527.884432
190,20000,4,0.724657,,0.724657,0.720291,0.722069,466.0277,462.8313,464.121162,527.011681,528.432608,527.795113
191,20000,4,0.724948,,0.724948,0.720291,0.722345,466.273,462.8313,464.310332,526.854058,528.432608,527.706377
192,20000,4,0.725187,,0.725187,0.720291,0.722717,466.273,462.8313,464.546986,526.775627,528.432608,527.575192
193,20000,4,0.725377,,0.725377,0.720291,0.722996,466.68,462.8313,464.741031,526.712311,528.432608,527.487877
194,20000,4,0.725554,,0.725554,0.720291,0.723268,466.7703,462.8313,464.931891,526.712311,528.432608,527.403006
195,20000,4,0.725554,,0.725554,0.720445,0.723471,466.7703,463.1816,465.064509,526.712311,528.432608,527.334128
196,20000,4,0.725554,,0.725554,0.721641,0.723677,466.7703,463.9999,465.186043,526.370384,528.047428,527.254184
197,20000,4,0.725554,,0.725554,0.722011,0.723905,466.7703,464.0247,465.352198,526.370384,527.775962,527.188011
198,20000,4,0.725892,,0.725892,0.722011,0.724152,466.9884,464.0247,465.520505,526.370384,527.775962,527.108257
199,20000,4,0.726046,,0.726046,0.722168,0.724369,467.0055,464.0247,465.669126,526.370384,527.653167,527.038722
200,20000,4,0.726422,,0.726422,0.722199,0.724604,467.2772,464.0247,465.835761,526.370384,527.629398,526.966839
201,20000,4,0.726422,,0.726422,0.72306,0.724748,467.2772,464.3347,465.949468,526.318207,527.517631,526.930363
202,20000,4,0.726422,,0.726422,0.72306,0.724962,467.2772,464.3347,466.103756,526.318207,527.510252,526.867108
203,20000,4,0.726592,,0.726592,0.723136,0.725257,467.2895,464.3347,466.321652,526.318207,527.510252,526.783165
204,20000,4,0.727131,,0.727131,0.723248,0.725474,467.7809,464.3347,466.491136,526.299443,527.255399,526.72706
205,20000,4,0.727131,,0.727131,0.723248,0.725725,467.7809,464.3347,466.669496,526.299443,527.255399,526.6508
206,20000,4,0.727402,,0.727402,0.723324,0.725895,467.7809,464.3347,466.790508,525.883287,527.113653,526.599403
207,20000,4,0.727561,,0.727561,0.723678,0.726096,468.0697,464.9769,466.940265,525.883287,527.113653,526.542928
208,20000,4,0.727561,,0.727561,0.724427,0.726306,468.0697,465.664,467.077466,525.883287,526.995786,526.471466
209,20000,4,0.727748,,0.727748,0.724615,0.726483,468.1997,465.4767,467.188835,525.883287,526.995786,526.408315
210,20000,4,0.727748,,0.727748,0.725114,0.726622,468.1997,465.9266,467.278563,525.874658,526.78635,526.35945
211,20000,4,0.729513,,0.729513,0.725276,0.7268,468.819,466.3491,467.405109,524.957406,526.78635,526.305972
212,20000,4,0.729513,,0.729513,0.726071,0.727003,468.819,466.583,467.533685,524.957406,526.780207,526.233076
213,20000,4,0.729513,,0.729513,0.72621,0.727146,468.819,466.7914,467.613477,524.957406,526.780207,526.175051
214,20000,4,0.729513,,0.729513,0.72621,0.727305,468.819,466.7914,467.713365,524.957406,526.780207,526.118537
215,20000,4,0.729513,,0.729513,0.726322,0.727423,469.1078,466.7914,467.804811,524.957406,526.780207,526.087773
216,20000,4,0.729513,,0.729513,0.726322,0.727581,469.1078,466.7914,467.901997,524.957406,526.780207,526.029589
217,20000,4,0.729513,,0.729513,0.726322,0.727734,469.1078,467.2772,467.997321,524.957406,526.780207,525.974159
218,20000,4,0.729513,,0.729513,0.726322,0.727906,469.1078,467.2772,468.083743,524.957406,526.592617,525.897625
219,20000,4,0.729513,,0.729513,0.72651,0.728123,469.1078,467.2772,468.191132,524.957406,526.446052,525.800252
220,20000,4,0.729513,,0.729513,0.72651,0.728264,469.372,467.1441,468.272717,524.957406,526.446052,525.745027
221,20000,4,0.729513,,0.729513,0.72651,0.728445,469.372,467.2772,468.369861,524.957406,526.446052,525.668953
222,20000,4,0.730481,,0.730481,0.72651,0.728618,469.372,467.2772,468.471598,524.574623,526.446052,525.601865
223,20000,4,0.730751,,0.730751,0.726792,0.7288,469.372,467.4751,468.574489,524.522486,526.417417,525.529039
224,20000,4,0.730751,,0.730751,0.726792,0.728942,469.372,467.5628,468.648478,524.522486,526.417417,525.468241
225,20000,4,0.731719,,0.731719,0.727697,0.72915,469.8988,467.7747,468.762929,524.139703,526.097729,525.382635
226,20000,4,0.731719,,0.731719,0.727755,0.729306,469.8988,467.8326,468.834042,524.139703,526.097729,525.308755
227,20000,4,0.731719,,0.731719,0.727755,0.72949,469.8988,467.8326,468.941909,524.139703,526.097729,525.237413
228,20000,4,0.732126,,0.732126,0.727755,0.729682,469.8988,467.8326,469.030976,523.783223,525.894629,525.147526
229,20000,4,0.732126,,0.732126,0.728668,0.729859,469.8988,468.5509,469.113349,523.783223,525.894629,525.064007
230,20000,4,0.732184,,0.732184,0.72879,0.730162,469.94,468.5509,469.254212,523.777274,525.894629,524.921952
231,20000,4,0.732184,,0.732184,0.72879,0.73042,470.3815,468.5509,469.415523,523.777274,525.894629,524.829075
232,20000,4,0.732703,,0.732703,0.72879,0.730598,470.879,468.5509,469.491305,523.777274,525.894629,524.741422
233,20000,4,0.732703,,0.732703,0.72879,0.730739,470.879,468.5509,469.591552,523.777274,525.894629,524.698385
234,20000,4,0.732703,,0.732703,0.72879,0.730994,470.879,468.5509,469.730066,523.777274,525.894629,524.592486
235,20000,4,0.732703,,0.732703,0.72879,0.731264,471.0166,469.0484,469.886826,523.777274,525.894629,524.486792
236,20000,4,0.732806,,0.732806,0.729581,0.731473,471.0166,469.2692,469.997998,523.572017,525.625816,524.398039
237,20000,4,0.732806,,0.732806,0.729659,0.731681,471.0166,469.2692,470.118344,523.572017,525.57112,524.316396
238,20000,4,0.732806,,0.732806,0.729659,0.731841,471.052,469.3434,470.217798,523.572017,525.57112,524.258097
239,20000,4,0.733168,,0.733168,0.729659,0.73199,471.052,469.3434,470.314506,523.566068,525.57112,524.207326
240,20000,4,0.733243,,0.733243,0.729847,0.732178,471.052,469.3434,470.440622,523.566068,525.424555,524.145143
241,20000,4,0.733626,,0.733626,0.730464,0.732374,471.5261,469.8988,470.561421,523.566068,525.218861,524.072703
242,20000,4,0.733847,,0.733847,0.731409,0.732559,471.5261,469.8988,470.64333,523.455514,524.718606,523.983156
243,20000,4,0.733847,,0.733847,0.731516,0.732677,471.5261,469.8988,470.715213,523.455514,524.621847,523.939517
244,20000,4,0.733847,,0.733847,0.731516,0.732819,471.5261,469.956,470.803381,523.455514,524.621847,523.88801
245,20000,4,0.733904,,0.733904,0.731792,0.732972,471.8144,469.956,470.904206,523.449565,524.416153,523.836572
246,20000,4,0.733904,,0.733904,0.731792,0.733099,471.8144,469.956,471.006345,523.449565,524.416153,523.805688
247,20000,4,0.734011,,0.734011,0.731792,0.733227,471.8144,469.956,471.105785,523.449565,524.405983,523.772594
248,20000,4,0.734275,,0.734275,0.731792,0.73342,471.8144,470.3166,471.218123,523.189594,524.405983,523.696931
249,20000,4,0.734275,,0.734275,0.731792,0.733537,471.8144,469.8409,471.259008,523.189594,524.405983,523.633037
250,20000,4,0.73477,,0.73477,0.732126,0.733676,472.1282,469.8409,471.325749,523.189594,524.092267,523.569367
251,20000,4,0.734928,,0.734928,0.732721,0.733834,472.2901,470.3166,471.395116,522.687053,524.092267,523.492449
252,20000,4,0.735278,,0.735278,0.732806,0.733955,472.2901,470.3166,471.442606,522.687053,523.817942,523.4306
253,20000,4,0.735278,,0.735278,0.732806,0.734147,472.2901,470.3166,471.549075,522.687053,523.742962,523.35203
254,20000,4,0.735811,,0.735811,0.732806,0.73426,473.1663,470.3166,471.616828,522.642315,523.698466,523.308861
255,20000,4,0.735811,,0.735811,0.733847,0.734367,473.1663,471.3547,471.682465,522.642315,523.698466,523.269883
256,20000,4,0.735811,,0.735811,0.733873,0.734488,473.1663,471.3547,471.731274,522.421133,523.698466,523.207801
257,20000,4,0.735995,,0.735995,0.733873,0.734676,473.1663,471.3547,471.859458,522.421133,523.635347,523.146839
258,20000,4,0.735995,,0.735995,0.733904,0.734825,473.1663,471.4126,471.94815,522.421133,523.635347,523.090183
259,20000,4,0.735995,,0.735995,0.734024,0.734966,473.1663,471.4242,472.047254,522.421133,523.550085,523.046743
260,20000,4,0.735995,,0.735995,0.734024,0.735082,473.1663,471.4242,472.113432,522.421133,523.474129,523.001076
261,20000,4,0.735995,,0.735995,0.734024,0.735194,473.1663,471.4242,472.170251,522.421133,523.474129,522.95131
262,20000,4,0.736757,,0.736757,0.734024,0.735354,473.6764,471.4242,472.277544,522.421133,523.364303,522.898513
263,20000,4,0.736814,,0.736814,0.734024,0.735471,473.7343,471.4242,472.338492,522.421133,523.364303,522.848448
264,20000,4,0.737263,,0.737263,0.734024,0.735584,474.1379,471.4242,472.418521,522.421133,523.364303,522.813658
265,20000,4,0.737263,,0.737263,0.734196,0.735665,474.1379,471.5251,472.486598,522.361165,523.319566,522.796265
266,20000,4,0.737263,,0.737263,0.734451,0.735811,474.1379,471.5251,472.586493,522.10207,523.098384,522.748842
267,20000,4,0.737414,,0.737414,0.734958,0.735934,474.2074,471.5667,472.693871,522.10207,523.084269,522.724851
268,20000,4,0.737724,,0.737724,0.734958,0.736065,474.62,471.5667,472.823714,522.10207,523.232306,522.709763
269,20000,4,0.737785,,0.737785,0.735146,0.736199,474.62,471.5667,472.93553,522.10207,523.232306,522.68051
270,20000,4,0.737785,,0.737785,0.735146,0.736334,474.62,471.5667,473.054666,522.10207,523.232306,522.654838
271,20000,4,0.737785,,0.737785,0.735355,0.736477,474.62,471.5667,473.147665,522.10207,523.081329,522.605775
272,20000,4,0.737965,,0.737965,0.735355,0.736612,474.6779,471.5667,473.28053,522.10207,523.081329,522.589737
273,20000,4,0.738292,,0.738292,0.735833,0.736775,474.7203,472.0614,473.42762,521.936352,523.189873,522.560738
274,20000,4,0.738292,,0.738292,0.735833,0.736949,474.7203,472.0614,473.618124,521.86217,523.189873,522.553104
275,20000,4,0.7383,,0.7383,0.735833,0.73711,474.7203,472.0614,473.739059,521.86217,523.189873,522.50813
276,20000,4,0.738365,,0.738365,0.735961,0.737322,474.7203,472.0614,473.885652,521.800624,523.113882,522.441313
277,20000,4,0.738411,,0.738411,0.735961,0.737468,474.7319,472.4518,473.982381,521.720529,523.113882,522.392316
278,20000,4,0.738411,,0.738411,0.735961,0.737641,474.7319,472.4518,474.053466,521.720529,523.113882,522.305076
279,20000,4,0.73998,,0.73998,0.735961,0.737804,475.3684,472.6176,474.151618,521.361393,523.113882,522.243525
280,20000,4,0.73998,,0.73998,0.735961,0.737974,475.3684,472.6176,474.235834,521.361393,523.113882,522.167195
281,20000,4,0.73998,,0.73998,0.736352,0.738136,475.3684,473.4423,474.31295,521.3035,523.113882,522.092367
282,20000,4,0.740099,,0.740099,0.736752,0.73831,475.38,473.4423,474.398508,520.974633,522.859435,522.013811
283,20000,4,0.740099,,0.740099,0.737865,0.738426,475.38,473.4423,474.445768,520.974633,522.449976,521.954982
284,20000,4,0.740099,,0.740099,0.737865,0.738529,475.38,473.4423,474.516359,520.974633,522.449976,521.922586
285,20000,4,0.740099,,0.740099,0.737878,0.738667,475.38,473.5764,474.603856,520.974633,522.449976,521.873246
286,20000,4,0.740099,,0.740099,0.737904,0.738821,475.4677,473.9579,474.667825,520.974633,522.449976,521.795942
287,20000,4,0.740826,,0.740826,0.737991,0.738999,476.1158,473.4865,474.730492,520.970477,522.449976,521.699377
288,20000,4,0.741098,,0.741098,0.73825,0.739185,476.4735,473.9579,474.822658,520.970477,522.146178,521.616103
289,20000,4,0.741098,,0.741098,0.738298,0.739323,476.4735,473.9579,474.887401,520.954542,522.146178,521.551683
290,20000,4,0.741098,,0.741098,0.738391,0.739473,476.4735,474.3185,474.966632,520.7734,522.146178,521.487667
291,20000,4,0.742062,,0.742062,0.738391,0.739664,476.5294,474.3185,475.07588,520.023927,522.146178,521.412151
292,20000,4,0.742062,,0.742062,0.73855,0.73985,476.5294,474.3185,475.171216,520.023927,522.109205,521.330736
293,20000,4,0.742062,,0.742062,0.73855,0.740053,476.5294,474.4489,475.227111,520.017881,522.055737,521.20994
294,20000,4,0.742062,,0.742062,0.738763,0.740301,476.5294,474.4489,475.33801,520.017881,521.965313,521.090796
295,20000,4,0.742126,,0.742126,0.738882,0.740479,476.4735,474.4489,475.382992,519.974081,521.870296,520.981639
296,20000,4,0.742126,,0.742126,0.73902,0.740597,476.4735,474.4489,475.410878,519.974081,521.55404,520.908459
297,20000,4,0.742543,,0.742543,0.73902,0.740808,476.4735,474.4489,475.507332,519.97167,521.55404,520.808357
298,20000,4,0.743102,,0.743102,0.73902,0.741048,476.4735,474.4489,475.568039,519.544929,521.55404,520.662235
299,20000,4,0.743102,,0.743102,0.73902,0.74123,476.4735,474.4489,475.651385,519.544929,521.55404,520.576178
300,20000,4,0.743102,,0.743102,0.739086,0.741396,476.4735,474.6147,475.720531,519.544929,521.55404,520.492536
301,20000,4,0.743102,,0.743102,0.739654,0.741587,476.8674,474.843,475.759624,519.544929,521.263855,520.370271
302,20000,4,0.743102,,0.743102,0.739826,0.741686,476.8674,474.9771,475.798308,519.544929,521.230009,520.319028
303,20000,4,0.743102,,0.743102,0.739826,0.741844,476.8674,474.9771,475.838652,519.462298,521.219106,520.22241
304,20000,4,0.743102,,0.743102,0.740166,0.741993,476.8674,475.2715,475.909271,519.462298,521.20624,520.153786
305,20000,4,0.743368,,0.743368,0.740166,0.742209,477.2187,475.2715,476.013957,519.462298,521.187352,520.0557
306,20000,4,0.743368,,0.743368,0.740171,0.742338,477.2187,475.2883,476.11188,519.462298,521.183662,520.020306
307,20000,4,0.743892,,0.743892,0.740171,0.742564,477.3398,475.3251,476.216899,519.421728,521.183662,519.914782
308,20000,4,0.744082,,0.744082,0.740171,0.742706,477.3398,475.3251,476.304557,519.27368,521.183662,519.862114
309,20000,4,0.744082,,0.744082,0.740171,0.742867,477.3398,475.3251,476.400404,519.212155,521.183662,519.800804
310,20000,4,0.744082,,0.744082,0.741829,0.743071,477.3398,475.9364,476.507525,519.212155,520.679091,519.713961
311,20000,4,0.744344,,0.744344,0.741829,0.743226,477.3398,475.9364,476.617019,519.064797,520.679091,519.665901
312,20000,4,0.744344,,0.744344,0.741854,0.74336,477.3398,475.9364,476.679915,519.064797,520.679091,519.604275
313,20000,4,0.744344,,0.744344,0.742143,0.743451,477.3398,475.9364,476.7307,519.064797,520.679091,519.566609
314,20000,4,0.744534,,0.744534,0.742173,0.74353,477.3398,475.9364,476.766444,518.91675,520.65531,519.529165
315,20000,4,0.744984,,0.744984,0.742173,0.743668,477.8356,475.9364,476.83662,518.91675,520.65531,519.46843
316,20000,4,0.745048,,0.745048,0.742173,0.743774,477.8356,475.9364,476.892432,518.91675,520.65531,519.423376
317,20000,4,0.745302,,0.745302,0.742173,0.743856,478.2096,475.9364,476.927017,518.635305,520.65531,519.38248
318,20000,4,0.745302,,0.745302,0.742173,0.743949,478.2096,475.9364,476.98384,518.635305,520.65531,519.348394
319,20000,4,0.745302,,0.745302,0.742173,0.744066,478.2096,475.9364,477.035549,518.635305,520.65531,519.291681
320,20000,4,0.745487,,0.745487,0.742173,0.744137,478.2096,476.2413,477.073577,518.491413,520.65531,519.261375
321,20000,4,0.745517,,0.745517,0.742173,0.744236,478.2096,476.2901,477.111268,518.467644,520.65531,519.20954
322,20000,4,0.74587,,0.74587,0.742173,0.744384,478.534,476.2901,477.187826,518.467644,520.65531,519.145358
323,20000,4,0.747075,,0.747075,0.743257,0.744514,479.5957,476.2901,477.256878,518.467644,519.742809,519.090074
324,20000,4,0.747075,,0.747075,0.743749,0.744657,479.5957,476.6245,477.355056,518.467644,519.742809,519.044456
325,20000,4,0.747075,,0.747075,0.743749,0.744785,479.5957,476.6245,477.424036,518.467644,519.742809,518.991125
326,20000,4,0.747075,,0.747075,0.743749,0.744911,479.5957,476.6245,477.495875,518.467644,519.742809,518.940602
327,20000,4,0.747626,,0.747626,0.743939,0.745083,480.0778,476.7658,477.602111,518.452317,519.594762,518.877585
328,20000,4,0.748649,,0.748649,0.743972,0.745263,480.6797,476.7658,477.702329,517.988165,519.440897,518.804525
329,20000,4,0.748649,,0.748649,0.744108,0.745449,480.6797,476.976,477.792282,517.988165,519.25359,518.720092
330,20000,4,0.748649,,0.748649,0.744108,0.745641,480.6797,476.976,477.91774,517.988165,519.25359,518.654378
331,20000,4,0.748649,,0.748649,0.744108,0.745853,480.6797,476.976,478.086322,517.988165,519.25359,518.601665
332,20000,4,0.749238,,0.749238,0.744108,0.746125,480.8823,477.0195,478.307776,517.83508,519.25359,518.538295
333,20000,4,0.749238,,0.749238,0.744683,0.746382,480.8823,477.4208,478.537658,517.83508,519.068442,518.491553
334,20000,4,0.749339,,0.749339,0.744683,0.746663,480.8823,477.4208,478.750088,517.709669,519.143101,518.414851
335,20000,4,0.74947,,0.74947,0.745517,0.746961,481.3523,477.1935,478.990235,517.61096,519.143101,518.342945
336,20000,4,0.74947,,0.74947,0.745517,0.747138,481.4594,477.1935,479.153426,517.61096,519.143101,518.314727
337,20000,4,0.74947,,0.74947,0.745517,0.747513,481.4594,477.1935,479.4858,517.61096,519.143101,518.244458
338,20000,4,0.749918,,0.749918,0.745863,0.74786,482.0613,477.1935,479.800153,517.341344,519.088172,518.184611
339,20000,4,0.749953,,0.749953,0.745863,0.748094,482.0613,477.8485,479.97051,517.288264,519.088172,518.116628
340,20000,4,0.749953,,0.749953,0.745917,0.748328,482.0613,477.8485,480.177845,517.288264,519.088172,518.073193
341,20000,4,0.750516,,0.750516,0.746154,0.748597,482.7339,477.8579,480.42665,516.953244,519.088172,518.029428
342,20000,4,0.751561,,0.751561,0.746154,0.748835,483.2297,477.8579,480.639673,516.953244,518.675467,517.986662
343,20000,4,0.751561,,0.751561,0.746154,0.749043,483.2297,477.8579,480.815901,516.953244,518.663341,517.942831
344,20000,4,0.751561,,0.751561,0.74631,0.749289,483.2297,478.2511,481.00677,516.929475,518.663341,517.87874
345,20000,4,0.751561,,0.751561,0.74631,0.749497,483.2297,478.2511,481.154641,516.929475,518.663341,517.815807
346,20000,4,0.751561,,0.751561,0.746709,0.749718,483.2297,478.3779,481.300737,516.929475,518.473701,517.741024
347,20000,4,0.751645,,0.751645,0.748649,0.750061,483.3508,479.6396,481.573842,516.89317,518.473701,517.656665
348,20000,4,0.752048,,0.752048,0.749022,0.750306,483.3508,480.8131,481.721559,516.860575,518.404145,517.564801
349,20000,4,0.752048,,0.752048,0.749339,0.75062,483.3508,480.8131,481.924226,516.536723,518.32927,517.454962
350,20000,4,0.753559,,0.753559,0.749339,0.750878,483.6849,480.8131,482.089163,516.342382,518.078944,517.364263
351,20000,4,0.753559,,0.753559,0.749339,0.75112,483.8591,480.8131,482.280001,516.342382,518.078944,517.30395
352,20000,4,0.753559,,0.753559,0.749339,0.751367,483.8591,480.8131,482.434867,516.325282,518.078944,517.214917
353,20000,4,0.754297,,0.754297,0.749339,0.751615,484.1803,480.8131,482.625484,516.098992,518.078944,517.149002
354,20000,4,0.754297,,0.754297,0.749339,0.751835,484.1803,480.8131,482.766832,516.098992,518.078944,517.071967
355,20000,4,0.754297,,0.754297,0.750846,0.752146,484.1803,481.5611,482.97291,516.098992,517.755092,516.967588
356,20000,4,0.754583,,0.754583,0.750846,0.752373,484.5349,481.5611,483.102196,515.947625,517.742355,516.877356
357,20000,4,0.754666,,0.754666,0.750846,0.752631,484.5349,481.5611,483.224648,515.947625,517.742355,516.758213
358,20000,4,0.754666,,0.754666,0.750846,0.753021,484.5349,481.5611,483.469442,515.947613,517.742355,516.617626
359,20000,4,0.754666,,0.754666,0.751323,0.753382,484.5349,481.5611,483.662147,515.947613,517.611567,516.465482
360,20000,4,0.754977,,0.754977,0.751486,0.753589,484.6071,481.5611,483.794109,515.854956,517.611567,516.392169
361,20000,4,0.755712,,0.755712,0.751486,0.753828,484.9037,481.5611,483.921258,515.480261,517.318054,516.290933
362,20000,4,0.755712,,0.755712,0.752234,0.754106,484.9037,482.3402,484.068103,515.480261,517.287727,516.17248
363,20000,4,0.755712,,0.755712,0.752592,0.754313,484.9037,482.3402,484.176642,515.480261,517.043691,516.083828
364,20000,4,0.755712,,0.755712,0.752592,0.754506,485.5014,482.3402,484.280845,515.480261,516.560537,516.003314
365,20000,4,0.755712,,0.755712,0.753762,0.754736,485.5014,483.86,484.438454,515.480261,516.560537,515.929356
366,20000,4,0.755712,,0.755712,0.753762,0.754877,485.5014,483.86,484.509387,515.480249,516.560537,515.866915
367,20000,4,0.756106,,0.756106,0.753959,0.75496,485.5014,483.922,484.547151,515.387591,516.560537,515.827442
368,20000,4,0.756106,,0.756106,0.753959,0.755063,485.5014,483.922,484.622872,515.387591,516.560537,515.798233
369,20000,4,0.756106,,0.756106,0.754016,0.755178,485.5014,483.922,484.696687,515.387591,516.145119,515.757577
370,20000,4,0.756845,,0.756845,0.754016,0.755268,486.0979,483.922,484.752531,515.387591,516.145119,515.724797
371,20000,4,0.756986,,0.756986,0.754016,0.75536,486.0979,483.922,484.808596,515.148294,516.145119,515.69071
372,20000,4,0.757534,,0.757534,0.754583,0.755465,486.5105,484.2868,484.880139,515.135417,515.963414,515.656731
373,20000,4,0.757534,,0.757534,0.754666,0.755579,486.5105,484.4079,484.959696,515.135417,515.963414,515.621686
374,20000,4,0.757534,,0.757534,0.754666,0.755722,486.5105,484.4079,485.048414,515.135417,515.963402,515.569589
375,20000,4,0.757534,,0.757534,0.754977,0.755881,486.5105,484.6071,485.149505,515.135417,515.917293,515.513312
376,20000,4,0.757534,,0.757534,0.754977,0.756044,486.5105,484.6071,485.272924,515.135417,515.917293,515.46862
377,20000,4,0.757534,,0.757534,0.754977,0.756209,486.5105,484.6071,485.3995,515.135417,515.917293,515.424545
378,20000,4,0.757534,,0.757534,0.754977,0.756311,486.5105,484.6071,485.468394,515.135417,515.917281,515.391476
379,20000,4,0.757534,,0.757534,0.754977,0.756406,486.5105,484.6071,485.543973,515.135417,515.870745,515.368046
380,20000,4,0.757534,,0.757534,0.754977,0.756558,486.5836,484.6071,485.653096,515.135417,515.870745,515.322634
381,20000,4,0.757534,,0.757534,0.754977,0.756668,486.5105,484.6071,485.714416,515.135417,515.870745,515.277434
382,20000,4,0.757699,,0.757699,0.75506,0.756766,486.5349,484.7282,485.782761,514.781446,515.870745,515.246802
383,20000,4,0.757699,,0.757699,0.75506,0.756892,486.5349,484.7282,485.885039,514.781446,515.870745,515.217372
384,20000,4,0.757699,,0.757699,0.75506,0.756996,486.5349,484.7282,485.980826,514.781446,515.870745,515.200343
385,20000,4,0.757699,,0.757699,0.75506,0.757076,486.5349,484.7282,486.048938,514.781446,515.870745,515.183908
386,20000,4,0.758456,,0.758456,0.755073,0.757187,487.3484,484.7282,486.166602,514.978168,515.86101,515.176032
387,20000,4,0.758456,,0.758456,0.756106,0.757255,487.3484,485.224,486.215608,514.978168,515.396722,515.155481
388,20000,4,0.758456,,0.758456,0.756106,0.757356,487.3484,485.224,486.297546,514.978168,515.396722,515.131775
389,20000,4,0.758456,,0.758456,0.756845,0.757434,487.3484,485.8912,486.36567,514.978168,515.396722,515.116924
390,20000,4,0.759004,,0.759004,0.756986,0.757519,487.9677,485.8912,486.449105,514.965291,515.37355,515.106091
391,20000,4,0.759004,,0.759004,0.756986,0.757563,487.9677,485.8912,486.498545,514.965291,515.37355,515.10535
392,20000,4,0.759004,,0.759004,0.756986,0.75763,487.9677,485.8912,486.57134,514.800344,515.37355,515.101742
393,20000,4,0.759004,,0.759004,0.756986,0.75775,487.9677,485.8912,486.691319,514.800344,515.37355,515.087986
394,20000,4,0.759018,,0.759018,0.756986,0.757875,488.339,485.8912,486.81331,514.800344,515.37355,515.072744
395,20000,4,0.759339,,0.759339,0.756986,0.757987,488.339,485.8912,486.917984,514.713431,515.37355,515.055641
396,20000,4,0.759339,,0.759339,0.7573,0.758184,488.339,486.1889,487.093979,514.713431,515.37355,515.01987
397,20000,4,0.759339,,0.759339,0.7573,0.758303,488.339,486.1889,487.204062,514.713431,515.37355,515.000447
398,20000,4,0.759339,,0.759339,0.757534,0.758414,488.339,486.4461,487.307947,514.713431,515.373538,514.983977
399,20000,4,0.759339,,0.759339,0.757534,0.75856,488.339,486.4461,487.457258,514.713431,515.373538,514.970162
400,20000,4,0.759339,,0.759339,0.757699,0.75873,488.339,486.4461,487.625152,514.713431,515.203424,514.950041
401,20000,4,0.759442,,0.759442,0.757699,0.758871,488.3634,486.4461,487.755448,514.713431,515.203424,514.927378
402,20000,4,0.759888,,0.759888,0.757849,0.759022,488.601,486.4461,487.901244,514.619796,515.203424,514.907096
403,20000,4,0.75999,,0.75999,0.757849,0.759077,488.7205,486.4461,487.948229,514.619796,515.530443,514.895275
404,20000,4,0.75999,,0.75999,0.757849,0.759159,488.7205,486.4461,488.000038,514.60103,515.530443,514.86603
405,20000,4,0.75999,,0.75999,0.757849,0.759265,488.7205,486.4461,488.065202,514.60103,515.203424,514.82715
406,20000,4,0.760581,,0.760581,0.75877,0.759389,488.7205,487.6461,488.164264,514.1013,515.203424,514.79711
407,20000,4,0.760581,,0.760581,0.75877,0.759477,488.7449,487.6461,488.219129,514.1013,515.203424,514.765455
408,20000,4,0.760581,,0.760581,0.759018,0.759539,488.7449,487.9817,488.254324,514.1013,515.203424,514.740532
409,20000,4,0.760581,,0.760581,0.759169,0.759587,488.7449,487.9817,488.288447,514.1013,515.091023,514.725802
410,20000,4,0.760581,,0.760581,0.759169,0.759663,488.7449,487.9817,488.344451,514.1013,515.091023,514.7043
411,20000,4,0.760581,,0.760581,0.759183,0.759749,488.7449,487.9817,488.391961,514.1013,515.091023,514.66871
412,20000,4,0.760581,,0.760581,0.759183,0.75984,488.7449,487.9817,488.458955,514.1013,515.091023,514.642301
413,20000,4,0.761058,,0.761058,0.759183,0.759931,488.9202,487.9817,488.49851,514.001741,515.091023,514.597801
414,20000,4,0.761058,,0.761058,0.759183,0.760012,488.9202,487.9921,488.53813,514.001741,515.091023,514.561895
415,20000,4,0.761058,,0.761058,0.759183,0.760088,488.9202,487.9921,488.563482,514.001741,515.091023,514.519287
416,20000,4,0.761058,,0.761058,0.759654,0.760152,488.9202,488.2794,488.595576,514.001741,514.794716,514.490763
417,20000,4,0.761058,,0.761058,0.759654,0.760217,488.9202,488.2794,488.628316,514.001741,514.794716,514.461791
418,20000,4,0.761058,,0.761058,0.759654,0.760282,489.1908,488.2794,488.67195,514.001741,514.794716,514.440821
419,20000,4,0.761191,,0.761191,0.759654,0.760354,489.1908,488.2738,488.692053,513.804993,514.700555,514.397828
420,20000,4,0.761191,,0.761191,0.759654,0.760438,489.1908,488.2794,488.74598,513.804993,514.700555,514.368522
421,20000,4,0.761191,,0.761191,0.759654,0.760507,489.1908,488.2794,488.767834,513.804993,514.700555,514.329679
422,20000,4,0.761191,,0.761191,0.759888,0.760567,489.1908,488.489,488.806368,513.804993,514.700555,514.308694
423,20000,4,0.761191,,0.761191,0.760156,0.760626,489.1908,488.489,488.82448,513.804993,514.654756,514.274794
424,20000,4,0.761191,,0.761191,0.760156,0.760698,489.2999,488.489,488.844702,513.804993,514.654756,514.232116
425,20000,4,0.761191,,0.761191,0.760199,0.76074,489.2999,488.489,488.842738,513.804993,514.654756,514.19779
426,20000,4,0.761191,,0.761191,0.760199,0.760797,489.2999,488.489,488.852551,513.804993,514.654756,514.15986
427,20000,4,0.761191,,0.761191,0.760199,0.760842,489.2999,488.489,488.861438,513.804993,514.654756,514.130919
428,20000,4,0.761191,,0.761191,0.760199,0.760903,489.2999,488.489,488.856611,513.804993,514.654756,514.080299
429,20000,4,0.761191,,0.761191,0.760199,0.760955,489.2999,488.489,488.860698,513.804993,514.654756,514.042223
430,20000,4,0.76207,,0.76207,0.760199,0.761017,489.6287,488.489,488.864558,513.687333,514.654756,513.996463
431,20000,4,0.76207,,0.76207,0.760199,0.761061,489.6287,488.442,488.86654,513.687333,514.654756,513.963634
432,20000,4,0.76207,,0.76207,0.760202,0.761111,489.6287,488.5134,488.868953,513.687333,514.654756,513.926396
433,20000,4,0.762225,,0.762225,0.760202,0.761145,489.6287,488.5134,488.88037,513.401772,514.654756,513.907501
434,20000,4,0.762225,,0.762225,0.760581,0.761202,489.6287,488.5134,488.90764,513.368426,514.304557,513.880849
435,20000,4,0.762225,,0.762225,0.760581,0.76126,489.6287,488.5134,488.938792,513.368426,514.304557,513.856447
436,20000,4,0.762225,,0.762225,0.760581,0.761325,489.6287,488.5134,488.955201,513.368426,514.192287,513.81698
437,20000,4,0.762225,,0.762225,0.761058,0.761369,489.6287,488.7811,488.957438,513.368426,514.192287,513.783791
438,20000,4,0.762225,,0.762225,0.761062,0.761445,489.6287,488.7811,488.986966,513.368426,514.192287,513.744331
439,20000,4,0.762225,,0.762225,0.761152,0.761556,489.6287,488.7811,489.045439,513.368426,514.182553,513.697234
440,20000,4,0.762225,,0.762225,0.761165,0.761672,489.6287,488.7811,489.099978,513.300038,513.998602,513.643234
441,20000,4,0.762225,,0.762225,0.761165,0.761789,489.6422,488.7811,489.164213,513.300038,513.998602,513.595285
442,20000,4,0.76313,,0.76313,0.761165,0.761889,489.8244,488.7811,489.228382,512.965206,513.998602,513.5603
443,20000,4,0.76313,,0.76313,0.761165,0.761978,489.8244,488.7811,489.281637,512.965206,513.998602,513.526263
444,20000,4,0.76313,,0.76313,0.761165,0.762107,489.8244,488.7811,489.350866,512.965206,513.998602,513.471916
445,20000,4,0.76313,,0.76313,0.761191,0.762217,490.2312,488.7811,489.399668,512.965206,513.804993,513.419295
446,20000,4,0.76313,,0.76313,0.761614,0.762288,490.2312,489.0681,489.427933,512.965206,513.687333,513.382344
447,20000,4,0.763407,,0.763407,0.761614,0.762387,490.2312,489.0681,489.478825,512.863472,513.687333,513.339046
448,20000,4,0.763407,,0.763407,0.76207,0.762518,490.2312,489.1829,489.541822,512.863472,513.687333,513.27975
449,20000,4,0.763553,,0.763553,0.76207,0.762639,490.3427,489.1829,489.617504,512.827404,513.687333,513.235808
450,20000,4,0.764664,,0.764664,0.76207,0.76279,490.6554,489.1829,489.709079,512.351492,513.687333,513.179433
451,20000,4,0.764664,,0.764664,0.76207,0.762999,490.6554,489.1829,489.826613,512.351492,513.687333,513.095066
452,20000,4,0.764664,,0.764664,0.76207,0.763134,490.6554,489.1829,489.914939,512.351492,513.687333,513.048781
453,20000,4,0.765088,,0.765088,0.762096,0.763268,490.9424,489.1829,489.982704,512.21369,513.401772,512.990231
454,20000,4,0.765422,,0.765422,0.762225,0.763398,490.9881,489.3836,490.059924,511.983602,513.401772,512.940325
455,20000,4,0.765422,,0.765422,0.762627,0.763574,490.9881,489.7124,490.134075,511.983602,513.383671,512.852342
456,20000,4,0.765422,,0.765422,0.762925,0.763676,491.164,489.7124,490.173095,511.983602,513.284112,512.798886
457,20000,4,0.765845,,0.765845,0.763104,0.763771,491.2751,489.7124,490.209704,511.845799,513.284112,512.74947
458,20000,4,0.765845,,0.765845,0.76313,0.763858,491.2751,489.7124,490.258778,511.845799,513.042947,512.714644
459,20000,4,0.765845,,0.765845,0.76313,0.763971,491.2751,489.7124,490.316539,511.845799,513.042947,512.664891
460,20000,4,0.765845,,0.765845,0.76313,0.764084,491.2751,489.7124,490.38764,511.845799,513.050934,512.624884
461,20000,4,0.765845,,0.765845,0.76313,0.764175,491.2751,489.7854,490.43911,511.845799,513.042947,512.588242
462,20000,4,0.766122,,0.766122,0.76313,0.764329,491.4967,489.7854,490.525673,511.778333,513.042947,512.526491
463,20000,4,0.766122,,0.766122,0.763509,0.764448,491.4967,490.007,490.588217,511.778333,513.042947,512.475489
464,20000,4,0.767355,,0.767355,0.763509,0.764565,492.36,490.007,490.647842,511.395026,513.042947,512.42373
465,20000,4,0.767355,,0.767355,0.763509,0.764693,492.36,490.007,490.717061,511.395026,513.042947,512.370439
466,20000,4,0.767355,,0.767355,0.763509,0.764812,492.36,490.1142,490.792466,511.395026,513.042947,512.328025
467,20000,4,0.767355,,0.767355,0.763509,0.764977,492.36,490.1142,490.866539,511.395026,513.042947,512.249436
468,20000,4,0.767527,,0.767527,0.763509,0.765166,492.36,490.1142,490.984603,511.257962,513.042947,512.181181
469,20000,4,0.767527,,0.767527,0.763509,0.765351,492.36,490.1142,491.097674,511.257962,513.042947,512.112275
470,20000,4,0.767527,,0.767527,0.763509,0.765594,492.36,490.1142,491.24363,511.257962,513.042947,512.020621
471,20000,4,0.767527,,0.767527,0.76406,0.765851,492.36,490.1142,491.407698,511.257962,512.730886,511.929865
472,20000,4,0.767527,,0.767527,0.76406,0.766105,492.36,490.1142,491.565007,511.257962,512.730886,511.837163
473,20000,4,0.767527,,0.767527,0.76406,0.766305,492.36,490.1142,491.693574,511.257962,512.730886,511.767772
474,20000,4,0.767527,,0.767527,0.76406,0.766522,492.4944,490.1142,491.830477,511.257962,512.736326,511.689575
475,20000,4,0.767688,,0.767688,0.76406,0.76673,492.9473,490.1142,491.961214,511.257962,512.736326,511.61503
476,20000,4,0.768869,,0.768869,0.764268,0.766919,493.3644,490.3358,492.082276,510.887058,512.736326,511.549321
477,20000,4,0.768869,,0.768869,0.764268,0.767047,493.3644,490.3358,492.160523,510.887058,512.736326,511.501772
478,20000,4,0.768869,,0.768869,0.764337,0.767229,493.3644,490.3358,492.269933,510.887058,512.392785,511.432838
479,20000,4,0.768869,,0.768869,0.764337,0.767341,493.3644,490.3358,492.328157,510.887058,512.392785,511.384949
480,20000,4,0.768869,,0.768869,0.765683,0.767467,493.3644,491.1991,492.408277,510.887058,511.921324,511.340028
481,20000,4,0.768869,,0.768869,0.765683,0.76755,493.3644,491.1991,492.45833,510.887058,511.921324,511.308781
482,20000,4,0.768869,,0.768869,0.765683,0.767679,493.3644,491.1991,492.561044,510.887058,511.921324,511.277258
483,20000,4,0.768869,,0.768869,0.766122,0.767805,493.3644,491.4967,492.65247,510.887058,511.778333,511.240275
484,20000,4,0.768869,,0.768869,0.766598,0.767887,493.3644,492.0273,492.718932,510.887058,511.848702,511.220583
485,20000,4,0.768869,,0.768869,0.767335,0.767961,493.3644,492.2795,492.776144,510.887058,511.528596,511.20154
486,20000,4,0.768869,,0.768869,0.767359,0.768024,493.3644,492.2795,492.829215,510.887058,511.528596,511.187293
487,20000,4,0.768869,,0.768869,0.767359,0.768085,493.3644,492.2795,492.884353,510.887058,511.528596,511.176661
488,20000,4,0.768869,,0.768869,0.767359,0.768145,493.3644,492.2795,492.933579,510.887058,511.555141,511.163324
489,20000,4,0.768869,,0.768869,0.767359,0.768225,493.3644,492.2795,492.989252,510.887058,511.528596,511.137841
490,20000,4,0.768869,,0.768869,0.767527,0.768338,493.3644,492.3561,493.082143,510.887058,511.528596,511.112137
491,20000,4,0.768982,,0.768982,0.767527,0.768445,493.3644,492.3561,493.164369,510.798904,511.528596,511.083917
492,20000,4,0.768982,,0.768982,0.767527,0.768542,493.3644,492.3561,493.207024,510.798904,511.528596,511.036727
493,20000,4,0.768982,,0.768982,0.767527,0.768614,493.3644,492.3561,493.247249,510.798904,511.528596,511.007244
494,20000,4,0.769458,,0.769458,0.767527,0.768696,493.567,492.3561,493.279369,510.558903,511.528596,510.96554
495,20000,4,0.769458,,0.769458,0.767527,0.768818,493.567,492.3561,493.337852,510.558903,511.528596,510.90937
496,20000,4,0.769458,,0.769458,0.767688,0.768887,493.567,492.9473,493.364162,510.558903,511.528596,510.87321
497,20000,4,0.769879,,0.769879,0.768869,0.768929,493.567,493.3644,493.376556,510.235051,510.887058,510.848527
498,20000,4,0.769879,,0.769879,0.768869,0.768939,493.567,493.3644,493.376556,510.235051,510.887058,510.840894
499,20000,4,0.769879,,0.769879,0.768869,0.768972,493.567,493.3644,493.380608,510.235051,510.887058,510.817986
500,20000,4,0.769879,,0.769879,0.768869,0.769,493.567,493.3644,493.38466,510.235051,510.887058,510.798217
501,20000,4,0.769879,,0.769879,0.768869,0.769035,493.567,493.3644,493.388712,510.235051,510.887058,510.774286
502,20000,4,0.769879,,0.769879,0.768869,0.769078,493.567,493.3644,493.39479,510.235051,510.887058,510.74433
503,20000,4,0.769879,,0.769879,0.768869,0.769111,493.567,493.3644,493.400868,510.235051,510.887058,510.723108
504,20000,4,0.769879,,0.769879,0.768869,0.769142,493.567,493.3644,493.408972,510.235051,510.887058,510.704307
505,20000,4,0.770149,,0.770149,0.768869,0.769215,494.3235,493.3644,493.430719,510.183958,510.887058,510.661755
506,20000,4,0.770249,,0.770249,0.768869,0.769289,494.3235,493.3644,493.462057,510.183958,510.887058,510.624978
507,20000,4,0.770249,,0.770249,0.768869,0.769336,494.3235,493.3644,493.4757,510.183958,510.887058,510.597803
508,20000,4,0.770249,,0.770249,0.768869,0.769398,494.3235,493.3644,493.502986,510.146897,510.887058,510.567453
509,20000,4,0.770249,,0.770249,0.768869,0.769442,494.3235,493.3644,493.514603,510.146897,510.887058,510.541287
510,20000,4,0.770249,,0.770249,0.768869,0.769534,494.3235,493.3644,493.55148,510.146897,510.887058,510.493907
511,20000,4,0.770683,,0.770683,0.768869,0.769606,494.3235,493.3644,493.58245,510.114937,510.887058,510.458307
512,20000,4,0.770683,,0.770683,0.768869,0.769719,494.3235,493.3644,493.626695,510.114937,510.887058,510.400269
513,20000,4,0.770683,,0.770683,0.768869,0.769792,494.3235,493.3644,493.65952,510.114937,510.887058,510.36478
514,20000,4,0.770683,,0.770683,0.76889,0.769871,494.3235,493.3644,493.708033,510.114937,510.870544,510.336093
515,20000,4,0.770704,,0.770704,0.76889,0.769935,494.3235,493.3644,493.73607,510.098423,510.870544,510.304907
516,20000,4,0.770749,,0.770749,0.76889,0.769998,494.3235,493.3644,493.769995,510.063844,510.870544,510.277983
517,20000,4,0.770823,,0.770823,0.76889,0.770092,494.4893,493.3644,493.834567,510.04733,510.870544,510.248031
518,20000,4,0.770823,,0.770823,0.769003,0.770155,494.4893,493.3644,493.874418,510.04733,510.78239,510.225597
519,20000,4,0.770823,,0.770823,0.769003,0.770214,494.4893,493.3644,493.91815,510.04733,510.78239,510.20886
520,20000,4,0.770823,,0.770823,0.769003,0.770288,494.4893,493.3644,493.972198,510.04733,510.78239,510.187875
521,20000,4,0.770823,,0.770823,0.769003,0.770333,494.4893,493.3644,493.998945,510.04733,510.78239,510.170478
522,20000,4,0.770823,,0.770823,0.769403,0.770394,494.4893,493.3644,494.052993,510.04733,510.531246,510.159338
523,20000,4,0.770823,,0.770823,0.769403,0.770454,494.4893,493.3644,494.118855,510.04733,510.531246,510.156593
524,20000,4,0.770823,,0.770823,0.769403,0.770524,494.4893,493.3644,494.182494,510.04733,510.531246,510.144771
525,20000,4,0.77158,,0.77158,0.769403,0.770597,495.1607,493.3644,494.249154,509.976215,510.531246,510.131889
526,20000,4,0.77158,,0.77158,0.769992,0.770653,495.1607,493.567,494.293853,509.976215,510.531246,510.11868
527,20000,4,0.77158,,0.77158,0.769992,0.770697,495.1607,493.567,494.332277,509.976215,510.203091,510.10977
528,20000,4,0.77158,,0.77158,0.769992,0.770729,495.1607,493.567,494.364876,509.976215,510.203091,510.106431
529,20000,4,0.77158,,0.77158,0.769992,0.770786,495.1607,493.567,494.4257,509.976215,510.189813,510.10316
530,20000,4,0.77158,,0.77158,0.770492,0.770837,495.1607,494.2133,494.481381,509.976215,510.189813,510.100522
531,20000,4,0.771588,,0.771588,0.770492,0.770873,495.1607,494.2133,494.518011,509.96971,510.189813,510.097102
532,20000,4,0.771588,,0.771588,0.770683,0.770907,495.1607,494.3235,494.55337,509.96971,510.116736,510.094127
533,20000,4,0.771588,,0.771588,0.770683,0.770943,495.1607,494.3235,494.586858,509.96971,510.116736,510.088759
534,20000,4,0.771588,,0.771588,0.770683,0.770966,495.1607,494.3235,494.610234,509.96971,510.116736,510.086135
535,20000,4,0.771588,,0.771588,0.770749,0.770992,495.1607,494.3235,494.633692,509.96971,510.116736,510.081658
536,20000,4,0.771588,,0.771588,0.770823,0.771009,495.1607,494.4893,494.650436,509.96971,510.116736,510.07951
537,20000,4,0.771588,,0.771588,0.770823,0.771049,495.1607,494.4893,494.684006,509.96971,510.116736,510.071276
538,20000,4,0.771589,,0.771589,0.770823,0.771081,495.1607,494.4893,494.710862,509.969512,510.116736,510.064347
539,20000,4,0.771589,,0.771589,0.770823,0.771096,495.1607,494.4893,494.72429,509.969512,510.116736,510.06127
540,20000,4,0.771589,,0.771589,0.770823,0.771112,495.1607,494.4893,494.737718,509.969512,510.116736,510.057963
541,20000,4,0.771589,,0.771589,0.770823,0.771151,495.1607,494.4893,494.771288,509.969512,510.116736,510.049853
542,20000,4,0.771589,,0.771589,0.770823,0.771176,495.1607,494.4893,494.79143,509.969512,510.116736,510.044253
543,20000,4,0.771597,,0.771597,0.770823,0.771208,495.1607,494.4893,494.818286,509.963007,510.116736,510.037389
544,20000,4,0.771597,,0.771597,0.770823,0.771259,495.1607,494.4893,494.865284,509.963007,510.116736,510.029015
545,20000,4,0.771597,,0.771597,0.770823,0.771298,495.1607,494.4893,494.902258,509.963007,510.133522,510.023229
546,20000,4,0.771597,,0.771597,0.770823,0.771325,495.1607,494.4893,494.92571,509.963007,510.116736,510.017825
547,20000,4,0.771713,,0.771713,0.770823,0.771348,495.1607,494.4893,494.945852,509.8722,510.116736,510.013248
548,20000,4,0.771713,,0.771713,0.770823,0.77138,495.1607,494.4893,494.972708,509.8722,510.116736,510.006519
549,20000,4,0.771713,,0.771713,0.770823,0.771388,495.1607,494.4893,494.979422,509.8722,510.116736,510.004615
550,20000,4,0.771713,,0.771713,0.770823,0.771429,495.1607,494.4893,495.012992,509.8722,510.116736,509.995109
551,20000,4,0.771713,,0.771713,0.770823,0.771471,495.1607,494.4893,495.046562,509.8722,510.116736,509.984773
552,20000,4,0.772074,,0.772074,0.770832,0.771542,495.5675,494.4893,495.104342,509.863448,510.110033,509.968409
553,20000,4,0.772411,,0.772411,0.770844,0.77158,495.8051,494.4893,495.13235,509.759932,510.100222,509.957367
554,20000,4,0.772411,,0.772411,0.770844,0.771633,495.8051,494.4893,495.173786,509.759932,510.100222,509.943368
555,20000,4,0.772411,,0.772411,0.770844,0.771664,495.8051,494.4893,495.19508,509.759932,510.100222,509.933813
556,20000,4,0.772411,,0.772411,0.770844,0.771702,495.8205,494.4893,495.222972,509.759932,510.100222,509.922929
557,20000,4,0.772476,,0.772476,0.771589,0.771753,495.8205,495.1607,495.26153,509.71989,509.969512,509.909195
558,20000,4,0.772476,,0.772476,0.771589,0.77178,495.8205,495.1607,495.278332,509.71989,509.969512,509.89927
559,20000,4,0.772476,,0.772476,0.771589,0.771817,495.8205,495.1607,495.307338,509.71989,509.969512,509.889549
560,20000,4,0.772476,,0.772476,0.771589,0.771875,495.8205,495.1607,495.355984,509.71989,509.969512,509.876802
561,20000,4,0.772953,,0.772953,0.771589,0.77191,496.2273,495.1607,495.381914,509.620331,509.969512,509.86744
562,20000,4,0.772953,,0.772953,0.771589,0.771923,496.2273,495.1607,495.388666,509.620331,509.969512,509.861885
563,20000,4,0.772953,,0.772953,0.771589,0.771951,496.2273,495.1607,495.41222,509.620331,509.969512,509.855239
564,20000,4,0.772953,,0.772953,0.771589,0.771997,496.2273,495.1607,495.446748,509.620331,509.969512,509.842485
565,20000,4,0.772953,,0.772953,0.771597,0.772034,496.2273,495.1607,495.474678,509.620331,509.963007,509.832675
566,20000,4,0.772953,,0.772953,0.771597,0.772114,496.2273,495.1607,495.536674,509.620331,509.963007,509.811602
567,20000,4,0.77329,,0.77329,0.771597,0.77216,496.4649,495.1607,495.571048,509.516815,509.963007,509.798571
568,20000,4,0.77329,,0.77329,0.77161,0.772224,496.4649,495.1607,495.61557,509.516815,509.952998,509.778484
569,20000,4,0.773659,,0.773659,0.77161,0.772309,496.8717,495.1607,495.683087,509.501557,509.952998,509.757798
570,20000,4,0.773659,,0.773659,0.77161,0.772367,496.8717,495.1607,495.725917,509.501557,509.952998,509.740974
571,20000,4,0.773659,,0.773659,0.77161,0.772453,496.8717,495.1607,495.789434,509.501557,509.952998,509.716639
572,20000,4,0.773659,,0.773659,0.771713,0.772525,496.8717,495.1607,495.847074,509.501557,509.89445,509.699047
573,20000,4,0.773659,,0.773659,0.771713,0.772623,496.8717,495.1607,495.929124,509.501557,509.8722,509.677615
574,20000,4,0.773659,,0.773659,0.771713,0.772736,496.8717,495.1607,496.030919,509.501557,509.8722,509.657798
575,20000,4,0.773659,,0.773659,0.771713,0.772855,496.8717,495.1607,496.140685,509.501557,509.8722,509.63843
576,20000,4,0.773659,,0.773659,0.771726,0.772967,496.8717,495.1607,496.244521,509.501557,509.862191,509.621039
577,20000,4,0.773795,,0.773795,0.771726,0.773048,496.985,495.1607,496.316162,509.41075,509.862191,509.605565
578,20000,4,0.773795,,0.773795,0.771726,0.773121,496.985,495.1607,496.376453,509.41075,509.862191,509.589192
579,20000,4,0.773795,,0.773795,0.771726,0.773215,496.985,495.1607,496.453726,509.41075,509.862191,509.56743
580,20000,4,0.773795,,0.773795,0.771726,0.7733,496.985,495.1607,496.527259,509.41075,509.862191,509.550714
581,20000,4,0.773795,,0.773795,0.772432,0.773369,496.985,495.8051,496.586476,509.41075,509.743418,509.536262
582,20000,4,0.773912,,0.773912,0.772432,0.773432,496.985,495.8051,496.63961,509.380155,509.743418,509.522986
583,20000,4,0.773912,,0.773912,0.772953,0.773507,496.985,496.2273,496.704754,509.380155,509.620331,509.508146
584,20000,4,0.774001,,0.774001,0.772953,0.773554,496.985,496.2273,496.73893,509.204755,509.620331,509.494032
585,20000,4,0.774001,,0.774001,0.772953,0.773623,496.985,496.2273,496.795055,509.204755,509.620331,509.477894
586,20000,4,0.774243,,0.774243,0.773089,0.773689,497.2812,496.3406,496.843146,509.204755,509.591108,509.458512
587,20000,4,0.774243,,0.774243,0.773089,0.773735,497.2812,496.3406,496.877557,509.201087,509.603954,509.445723
588,20000,4,0.775995,,0.775995,0.773089,0.773796,498.9345,496.3406,496.92267,509.061701,509.589736,509.428761
589,20000,4,0.775995,,0.775995,0.773089,0.7739,498.9345,496.2983,496.997914,508.896776,509.589736,509.397616
590,20000,4,0.775995,,0.775995,0.773089,0.773976,498.9345,496.2983,497.044982,508.896776,509.589736,509.369835
591,20000,4,0.775995,,0.775995,0.773659,0.774062,498.9345,496.2983,497.092803,508.896776,509.501557,509.334888
592,20000,4,0.775995,,0.775995,0.77368,0.774105,498.9345,496.2983,497.099187,508.866181,509.485043,509.305582
593,20000,4,0.775995,,0.775995,0.773775,0.774206,498.9345,496.2983,497.173143,508.866181,509.470962,509.276885
594,20000,4,0.776009,,0.776009,0.773797,0.77431,498.9345,496.2983,497.260047,508.866181,509.469598,509.25364
595,20000,4,0.776161,,0.776161,0.773797,0.774425,498.9345,496.2983,497.351693,508.547726,509.469598,509.22505
596,20000,4,0.776161,,0.776161,0.773797,0.774534,498.9345,496.2983,497.453626,508.547726,509.469598,509.208866
597,20000,4,0.776706,,0.776706,0.773912,0.774696,499.2972,496.2983,497.600342,508.547726,509.380155,509.18071
598,20000,4,0.776706,,0.776706,0.773926,0.774865,499.2972,496.8276,497.758258,508.547726,509.368782,509.154575
599,20000,4,0.778463,,0.778463,0.773926,0.775096,500.1558,496.8276,497.939168,507.883339,509.368782,509.09531
600,20000,4,0.778463,,0.778463,0.773926,0.775294,500.1558,496.8717,498.098104,507.883339,509.368782,509.047419
601,20000,4,0.778463,,0.778463,0.774007,0.775411,500.1558,496.8717,498.173733,507.883339,509.289739,509.006921
602,20000,4,0.778463,,0.778463,0.774027,0.775569,500.1558,496.985,498.303007,507.883339,509.289966,508.970801
603,20000,4,0.778463,,0.778463,0.774027,0.775701,500.1558,496.985,498.398154,507.883339,509.289966,508.931008
604,20000,4,0.778463,,0.778463,0.774144,0.775822,500.1558,496.985,498.481395,507.883339,509.288374,508.892759
605,20000,4,0.778463,,0.778463,0.774144,0.776082,500.1558,496.985,498.670721,507.883339,509.288374,508.81666
606,20000,4,0.778463,,0.778463,0.774144,0.776346,500.1558,496.985,498.854873,507.883339,509.288374,508.734299
607,20000,4,0.778463,,0.778463,0.774496,0.776654,500.1558,497.1876,499.094384,507.883339,509.198932,508.654498
608,20000,4,0.778463,,0.778463,0.774496,0.776816,500.1558,497.1876,499.228822,507.883339,509.198932,508.618543
609,20000,4,0.778463,,0.778463,0.774497,0.776983,500.1558,497.2812,499.351634,507.713489,509.197567,508.570693
610,20000,4,0.778463,,0.778463,0.774497,0.777143,500.1558,497.2812,499.421041,507.571279,509.197567,508.492202
611,20000,4,0.778463,,0.778463,0.774497,0.777317,500.1558,497.2812,499.535429,507.571279,509.197567,508.433024
612,20000,4,0.778463,,0.778463,0.774715,0.777496,500.1558,497.3945,499.628244,507.571279,509.027943,508.355633
613,20000,4,0.778463,,0.778463,0.774715,0.777654,500.1558,497.3945,499.712687,507.571279,509.027943,508.288845
614,20000,4,0.778463,,0.778463,0.776464,0.777773,500.1558,497.5503,499.779605,507.571279,509.01334,508.240982
615,20000,4,0.778463,,0.778463,0.776581,0.777888,500.1558,499.2972,499.86457,507.954583,509.01334,508.207897
616,20000,4,0.778463,,0.778463,0.776597,0.777948,500.1558,499.2972,499.90205,507.954583,509.01334,508.18685
617,20000,4,0.778938,,0.778938,0.776714,0.778029,500.5185,499.2972,499.947401,507.827191,508.922533,508.153512
618,20000,4,0.778938,,0.778938,0.776798,0.778099,500.5185,499.2972,499.978648,507.827191,508.709488,508.119971
619,20000,4,0.779175,,0.779175,0.776947,0.778202,500.5185,499.2972,500.033185,507.614147,508.567052,508.076495
620,20000,4,0.779175,,0.779175,0.776947,0.778258,500.5185,499.2972,500.063904,507.614147,508.562138,508.053131
621,20000,4,0.779175,,0.779175,0.776947,0.778324,500.5185,499.2972,500.096844,507.614147,508.562138,508.023849
622,20000,4,0.78144,,0.78144,0.776947,0.778428,502.7946,499.2972,500.147905,507.400817,508.562138,507.976542
623,20000,4,0.78144,,0.78144,0.776947,0.7785,502.7946,499.2972,500.172652,507.400817,508.562138,507.937027
624,20000,4,0.78144,,0.78144,0.776947,0.778638,502.7946,499.2972,500.238037,507.400817,508.562138,507.873646
625,20000,4,0.78144,,0.78144,0.777529,0.778738,502.7946,499.7067,500.291881,507.400817,508.382383,507.831373
626,20000,4,0.78144,,0.78144,0.777746,0.778878,502.7946,499.7067,500.383551,507.400817,508.212759,507.783528
627,20000,4,0.78144,,0.78144,0.777746,0.779037,502.7946,499.7067,500.504877,507.349838,508.212759,507.740902
628,20000,4,0.781449,,0.781449,0.777746,0.779199,502.7946,499.7067,500.621707,507.349838,508.212759,507.693282
629,20000,4,0.781449,,0.781449,0.777746,0.779431,502.7946,499.7067,500.808548,507.349838,508.212759,507.637449
630,20000,4,0.781449,,0.781449,0.778463,0.779632,502.7946,500.1558,500.969273,507.092743,507.968903,507.588319
631,20000,4,0.781449,,0.781449,0.778463,0.779874,502.7946,500.1558,501.191979,507.092743,507.954583,507.548865
632,20000,4,0.781525,,0.781525,0.778463,0.780241,502.7946,500.1558,501.526837,507.092743,507.954583,507.486991
633,20000,4,0.781525,,0.781525,0.778463,0.7805,502.7946,500.1558,501.762083,507.092743,507.954583,507.442405
634,20000,4,0.781525,,0.781525,0.779175,0.780682,502.7946,500.2987,501.923875,507.092743,507.642522,507.408858
635,20000,4,0.781778,,0.781778,0.779175,0.780894,502.7946,500.2987,502.137719,507.037778,507.853954,507.386637
636,20000,4,0.781778,,0.781778,0.779374,0.781064,502.7946,500.2987,502.298638,507.037778,507.853954,507.362176
637,20000,4,0.782767,,0.782767,0.779374,0.78118,503.4268,500.2987,502.384598,506.789567,507.487309,507.329039
638,20000,4,0.782767,,0.782767,0.779374,0.781239,503.4268,500.2987,502.444524,506.789567,507.487309,507.322878
639,20000,4,0.782767,,0.782767,0.779374,0.781341,503.4268,500.2987,502.550741,506.789567,507.487309,507.314494
640,20000,4,0.782767,,0.782767,0.779381,0.781443,503.4268,500.2987,502.644811,506.789567,507.481846,507.298674
641,20000,4,0.783097,,0.783097,0.779457,0.781543,503.4268,500.2987,502.723715,506.532472,507.400817,507.272984
642,20000,4,0.783097,,0.783097,0.78144,0.781603,503.4268,502.5748,502.756922,506.532472,507.400817,507.248267
643,20000,4,0.783097,,0.783097,0.78144,0.781656,503.4268,502.5748,502.768518,506.532472,507.400817,507.214935
644,20000,4,0.783097,,0.783097,0.78144,0.781711,503.4268,502.5748,502.796276,506.532472,507.400817,507.190545
645,20000,4,0.783097,,0.783097,0.78144,0.781745,503.4268,502.5748,502.802598,506.532472,507.400817,507.168865
646,20000,4,0.783097,,0.783097,0.78144,0.781844,503.4268,502.5748,502.844926,506.532472,507.400817,507.119512
647,20000,4,0.783544,,0.783544,0.78144,0.781947,503.6019,502.5748,502.897525,506.301216,507.400817,507.074905
648,20000,4,0.783544,,0.783544,0.781449,0.782041,503.6019,502.5748,502.943154,506.301216,507.394312,507.03162
649,20000,4,0.783544,,0.783544,0.781449,0.782134,503.6019,502.5748,502.97634,506.301216,507.394312,506.981226
650,20000,4,0.783544,,0.783544,0.781449,0.78222,503.6019,502.5748,503.021697,506.301216,507.394312,506.944582
651,20000,4,0.783544,,0.783544,0.781525,0.782326,503.6019,502.5748,503.075135,506.301216,507.224688,506.897727
652,20000,4,0.783544,,0.783544,0.781525,0.782422,503.6019,502.5748,503.120228,506.301216,507.224688,506.852953
653,20000,4,0.783544,,0.783544,0.781525,0.782555,503.6019,502.5748,503.183367,506.301216,507.224688,506.791603
654,20000,4,0.783544,,0.783544,0.781525,0.78266,503.6019,502.5748,503.233206,506.301216,507.224688,506.742941
655,20000,4,0.783544,,0.783544,0.781525,0.782756,503.6019,502.5748,503.281775,506.301216,507.224688,506.700624
656,20000,4,0.783544,,0.783544,0.781525,0.782851,503.6019,502.5748,503.325501,506.301216,507.224688,506.656354
657,20000,4,0.783544,,0.783544,0.781546,0.78295,503.6019,502.5748,503.372967,506.301216,507.224688,506.61077
658,20000,4,0.783544,,0.783544,0.781546,0.783038,503.6019,502.5748,503.413779,506.301216,507.224688,506.569193
659,20000,4,0.783544,,0.783544,0.781666,0.78312,503.6019,502.7946,503.450966,506.301216,507.224688,506.530314
660,20000,4,0.783544,,0.783544,0.781666,0.783211,503.6019,502.7946,503.491331,506.301216,507.224688,506.486284
661,20000,4,0.783874,,0.783874,0.781666,0.783297,503.848,502.7946,503.529586,506.208112,507.224688,506.444961
662,20000,4,0.783874,,0.783874,0.781666,0.783329,503.848,502.7946,503.539997,506.208112,507.224688,506.426746
663,20000,4,0.783874,,0.783874,0.781666,0.783351,503.848,502.7946,503.548875,506.208112,507.224688,506.415657
664,20000,4,0.783874,,0.783874,0.782985,0.783378,503.848,503.4268,503.56187,506.208112,506.619943,506.403405
665,20000,4,0.783874,,0.783874,0.782985,0.783402,503.848,503.4268,503.572518,506.208112,506.619943,506.391603
666,20000,4,0.783874,,0.783874,0.782985,0.783431,503.848,503.4268,503.585627,506.208112,506.619943,506.377996
667,20000,4,0.783874,,0.783874,0.783097,0.783472,503.848,503.4268,503.606295,506.208112,506.532472,506.359985
668,20000,4,0.783874,,0.783874,0.783097,0.783509,503.848,503.4268,503.627024,506.208112,506.532472,506.345244
669,20000,4,0.783874,,0.783874,0.783097,0.783536,503.848,503.4268,503.638165,506.208112,506.532472,506.331204
670,20000,4,0.783948,,0.783948,0.783097,0.783566,503.848,503.4268,503.654384,506.150347,506.57241,506.319057
671,20000,4,0.783948,,0.783948,0.783097,0.783608,503.848,503.4268,503.675349,506.150347,506.57241,506.300271
672,20000,4,0.784127,,0.784127,0.783097,0.783646,504.0453,503.4268,503.693094,506.142879,506.57241,506.282286
673,20000,4,0.784574,,0.784574,0.783097,0.783717,504.2204,503.4268,503.732932,505.911624,506.57241,506.253787
674,20000,4,0.784574,,0.784574,0.783097,0.783777,504.2204,503.4268,503.761135,505.911624,506.57241,506.225588
675,20000,4,0.784574,,0.784574,0.783097,0.783838,504.2204,503.4268,503.793077,505.911624,506.532472,506.199524
676,20000,4,0.784574,,0.784574,0.783544,0.783886,504.2204,503.6019,503.821254,505.911624,506.301216,506.181297
677,20000,4,0.784574,,0.784574,0.783544,0.783926,504.2204,503.6019,503.845929,505.911624,506.301216,506.166126
678,20000,4,0.784574,,0.784574,0.783544,0.783969,504.2204,503.6019,503.873065,505.911624,506.301216,506.151263
679,20000,4,0.784574,,0.784574,0.783544,0.783977,504.2204,503.6019,503.875526,505.911624,506.301216,506.146453
680,20000,4,0.784574,,0.784574,0.783544,0.783994,504.2204,503.6019,503.884172,505.911624,506.301216,506.138738
681,20000,4,0.784574,,0.784574,0.783745,0.784028,504.2204,503.6019,503.905188,505.911624,506.208112,506.126945
682,20000,4,0.784574,,0.784574,0.783745,0.784057,504.2204,503.6019,503.921282,505.911624,506.208112,506.114868
683,20000,4,0.784574,,0.784574,0.783874,0.784074,504.2204,503.848,503.929928,505.911624,506.208112,506.107318
684,20000,4,0.784905,,0.784905,0.783874,0.784093,504.4665,503.848,503.936113,505.81852,506.208112,506.096572
685,20000,4,0.784905,,0.784905,0.783874,0.784135,504.4665,503.848,503.959655,505.81852,506.208112,506.079308
686,20000,4,0.784979,,0.784979,0.783874,0.784154,504.4665,503.848,503.969564,505.760755,506.208112,506.071457
687,20000,4,0.784979,,0.784979,0.783874,0.784196,504.4665,503.848,503.993041,505.760755,506.208112,506.054771
688,20000,4,0.784979,,0.784979,0.783874,0.784251,504.4665,503.848,504.026427,505.760755,506.208112,506.033782
689,20000,4,0.784979,,0.784979,0.783874,0.784309,504.4665,503.848,504.059813,505.760755,506.208112,506.010649
690,20000,4,0.784979,,0.784979,0.783874,0.784358,504.4665,503.848,504.088277,505.760755,506.208112,505.9921
691,20000,4,0.785227,,0.785227,0.783948,0.784406,504.4665,503.848,504.114215,505.567805,506.150347,505.971855
692,20000,4,0.785227,,0.785227,0.783948,0.784482,504.4665,503.848,504.156412,505.567805,506.150347,505.940819
693,20000,4,0.785227,,0.785227,0.783948,0.784567,504.4665,503.848,504.207255,505.567805,506.150347,505.90891
694,20000,4,0.785227,,0.785227,0.783948,0.784628,504.4665,503.848,504.237082,505.567805,506.150347,505.881108
695,20000,4,0.785227,,0.785227,0.783948,0.78472,504.4665,503.848,504.296801,505.567805,506.150347,505.849325
696,20000,4,0.785227,,0.785227,0.783948,0.784788,504.4665,503.848,504.336372,505.567805,506.150347,505.822346
697,20000,4,0.785227,,0.785227,0.783948,0.78487,504.4665,503.848,504.384029,505.567805,506.150347,505.790978
698,20000,4,0.785227,,0.785227,0.783948,0.784907,504.4665,503.848,504.403617,505.567805,506.150347,505.774748
699,20000,4,0.785227,,0.785227,0.783948,0.784952,504.4665,503.848,504.423205,505.567805,506.150347,505.753059
700,20000,4,0.786016,,0.786016,0.783948,0.785,504.4665,503.848,504.44176,504.952177,506.150347,505.72822
701,20000,4,0.786016,,0.786016,0.784075,0.785019,504.4665,503.848,504.447945,504.952177,506.051312,505.717278
702,20000,4,0.786016,,0.786016,0.784075,0.785053,504.4665,503.848,504.45413,504.952177,506.051312,505.695071
703,20000,4,0.786016,,0.786016,0.784075,0.785097,504.4665,503.848,504.460315,504.952177,506.051312,505.664937
704,20000,4,0.786016,,0.786016,0.784979,0.785151,504.4665,504.4665,504.4665,504.952177,505.760755,505.627136
705,20000,4,0.786016,,0.786016,0.784979,0.785206,504.4665,504.4665,504.4665,504.952177,505.760755,505.583787
706,20000,4,0.786016,,0.786016,0.784979,0.785285,505.0983,504.4665,504.472818,504.952177,505.760755,505.52615
707,20000,4,0.786143,,0.786143,0.784979,0.785344,505.0983,504.4665,504.472818,504.853142,505.760755,505.48082
708,20000,4,0.786143,,0.786143,0.784979,0.785408,505.0983,504.4665,504.479136,504.853142,505.760755,505.435071
709,20000,4,0.786143,,0.786143,0.784979,0.78548,505.0983,504.4665,504.485454,504.853142,505.760755,505.382696
710,20000,4,0.786143,,0.786143,0.784979,0.78557,505.0983,504.4665,504.504408,504.853142,505.760755,505.325094
711,20000,4,0.786143,,0.786143,0.784979,0.785698,505.0983,504.4665,504.523362,504.853142,505.760755,505.238126
712,20000,4,0.786143,,0.786143,0.785106,0.785782,505.0983,504.4665,504.523362,504.853142,505.661719,505.172398
713,20000,4,0.786143,,0.786143,0.785227,0.785848,505.0983,504.4665,504.504408,504.853142,505.567805,505.108135
714,20000,4,0.786143,,0.786143,0.785227,0.785894,505.0983,504.4665,504.504408,504.853142,505.567805,505.072402
715,20000,4,0.786143,,0.786143,0.785227,0.785946,505.0983,504.4665,504.491772,504.853142,505.567805,505.023369
716,20000,4,0.78747,,0.78747,0.785227,0.786023,505.0983,503.1634,504.466105,502.944621,505.567805,504.9465
717,20000,4,0.78747,,0.78747,0.785227,0.786089,504.4665,503.1634,504.427407,502.944621,505.567805,504.869039
718,20000,4,0.78747,,0.78747,0.785227,0.786111,504.4665,503.1634,504.427407,502.944621,505.567805,504.85163
719,20000,4,0.787616,,0.787616,0.786016,0.78616,504.4665,503.1634,504.401345,502.831192,504.952177,504.795764
720,20000,4,0.787616,,0.787616,0.786016,0.786182,504.4665,503.1634,504.388314,502.831192,504.952177,504.770157
721,20000,4,0.787616,,0.787616,0.786016,0.786259,504.4665,503.1634,504.323159,502.831192,504.952177,504.666664
722,20000,4,0.787616,,0.787616,0.786016,0.786331,504.4665,503.1634,504.258004,502.831192,504.952177,504.56643
723,20000,4,0.787616,,0.787616,0.786016,0.786422,504.4665,503.1634,504.179818,502.831192,504.952177,504.44356
724,20000,4,0.787616,,0.787616,0.786016,0.786521,504.4665,503.1634,504.088601,502.831192,504.952177,504.30472
725,20000,4,0.787616,,0.787616,0.786016,0.78655,504.4665,502.8486,504.059391,502.831192,504.952177,504.262602
726,20000,4,0.787616,,0.787616,0.786016,0.786633,504.4665,503.1634,503.997384,502.831192,504.952177,504.156483
727,20000,4,0.787616,,0.787616,0.786016,0.786674,504.4665,503.1634,503.971322,502.831192,504.952177,504.106669
728,20000,4,0.787616,,0.787616,0.786016,0.78678,504.4665,503.1634,503.880105,502.831192,504.952177,503.963167
729,20000,4,0.787653,,0.787653,0.786143,0.786876,504.4665,503.1634,503.801919,502.802004,504.853142,503.835614
730,20000,4,0.787653,,0.787653,0.786143,0.786967,504.4665,503.1634,503.723733,502.802004,504.853142,503.712501
731,20000,4,0.787653,,0.787653,0.786143,0.78706,504.4665,503.1634,503.645547,502.802004,504.853142,503.5876
732,20000,4,0.789208,,0.789208,0.786143,0.787226,504.4665,502.3269,503.501561,502.217293,504.853142,503.361573
733,20000,4,0.789227,,0.789227,0.786143,0.787322,504.4665,503.1634,503.468832,502.202899,504.853142,503.264879
734,20000,4,0.789227,,0.789227,0.786143,0.787434,504.4665,503.1634,503.444833,502.202899,504.853142,503.161424
735,20000,4,0.789227,,0.789227,0.786143,0.787574,504.4665,503.1634,503.417178,502.202899,504.853142,503.033329
736,20000,4,0.789227,,0.789227,0.786143,0.787697,504.4665,503.1634,503.380148,502.202899,504.853142,502.912799
737,20000,4,0.789264,,0.789264,0.786199,0.787835,504.4665,503.1634,503.419711,502.17371,504.809559,502.831774
738,20000,4,0.789264,,0.789264,0.786199,0.787943,504.4665,503.1634,503.46293,502.17371,504.809559,502.776668
739,20000,4,0.789264,,0.789264,0.786199,0.788044,504.4665,503.1634,503.453831,502.17371,504.809559,502.691803
740,20000,4,0.789264,,0.789264,0.787597,0.78813,504.1009,503.1634,503.455894,502.17371,502.845586,502.625781
741,20000,4,0.789264,,0.789264,0.787597,0.788204,504.1009,503.1634,503.495263,502.17371,502.845586,502.594716
742,20000,4,0.789264,,0.789264,0.787597,0.788271,504.1009,503.1634,503.527126,502.17371,502.845586,502.563651
743,20000,4,0.789524,,0.789524,0.787597,0.788347,504.2664,503.1634,503.56815,502.08137,502.845586,502.531946
744,20000,4,0.789524,,0.789524,0.787597,0.788455,504.2664,503.1634,503.627924,502.08137,502.845586,502.488096
745,20000,4,0.789524,,0.789524,0.787597,0.788585,504.2664,503.1634,503.698942,502.08137,502.845586,502.434181
746,20000,4,0.789524,,0.789524,0.787616,0.788675,504.2664,503.1634,503.752895,502.08137,502.831192,502.399908
747,20000,4,0.789524,,0.789524,0.787653,0.788795,504.2664,503.1634,503.820175,502.08137,502.802004,502.351146
748,20000,4,0.78958,,0.78958,0.787653,0.788864,504.2664,503.1634,503.860557,502.037787,502.802004,502.324561
749,20000,4,0.78958,,0.78958,0.787653,0.788954,504.2664,503.1634,503.908201,502.037787,502.802004,502.286521
750,20000,4,0.78958,,0.78958,0.787653,0.789026,504.2664,503.1634,503.951368,502.037787,502.802004,502.258935
751,20000,4,0.78958,,0.78958,0.787653,0.789113,504.2664,503.1634,504.000285,502.037787,502.802004,502.224266
752,20000,4,0.78958,,0.78958,0.787653,0.789197,504.2664,503.1634,504.053536,502.037787,502.802004,502.194493
753,20000,4,0.78958,,0.78958,0.787653,0.789236,504.2664,503.1634,504.07555,502.037787,502.802004,502.178534
754,20000,4,0.78958,,0.78958,0.787653,0.789249,504.2664,503.1634,504.080515,502.037787,502.802004,502.171799
755,20000,4,0.789704,,0.789704,0.7879,0.789324,504.2664,503.1634,504.115631,501.338086,502.609053,502.136578
756,20000,4,0.789704,,0.789704,0.7879,0.789387,504.2664,503.1634,504.144682,501.338086,502.609053,502.106872
757,20000,4,0.789704,,0.789704,0.789264,0.789415,504.2664,503.366,504.151673,501.338086,502.17371,502.089707
758,20000,4,0.790253,,0.790253,0.789264,0.789426,504.2664,503.366,504.137189,501.034987,502.17371,502.071323
759,20000,4,0.790253,,0.790253,0.789264,0.789444,504.469,503.366,504.126172,501.034987,502.17371,502.050013
760,20000,4,0.790253,,0.790253,0.789264,0.789489,504.469,503.366,504.106378,501.034987,502.17371,502.002046
761,20000,4,0.790253,,0.790253,0.789264,0.789531,504.469,503.366,504.098339,501.034987,502.17371,501.963847
762,20000,4,0.790253,,0.790253,0.789264,0.789557,504.469,503.366,504.089562,501.034987,502.17371,501.937626
763,20000,4,0.790253,,0.790253,0.789264,0.789594,504.469,503.366,504.087431,501.034987,502.17371,501.907471
764,20000,4,0.790842,,0.790842,0.789264,0.789658,504.469,503.366,504.102653,500.711134,502.17371,501.867156
765,20000,4,0.790842,,0.790842,0.789264,0.789735,504.7352,503.366,504.094512,500.711134,502.17371,501.801962
766,20000,4,0.790842,,0.790842,0.789264,0.789808,504.7352,503.366,504.09036,500.711134,502.17371,501.742126
767,20000,4,0.790842,,0.790842,0.789264,0.789884,504.7352,503.366,504.08497,500.711134,502.17371,501.679266
768,20000,4,0.790842,,0.790842,0.789264,0.789953,504.7352,503.4601,504.055306,500.711134,502.17371,501.605829
769,20000,4,0.790842,,0.790842,0.789264,0.789998,504.7352,503.4601,504.045872,500.711134,502.17371,501.563942
770,20000,4,0.790842,,0.790842,0.789264,0.79006,504.7352,503.4601,504.016396,500.711134,502.17371,501.495933
771,20000,4,0.790842,,0.790842,0.789264,0.790139,504.7352,503.5529,504.008302,500.711134,502.17371,501.429184
772,20000,4,0.790842,,0.790842,0.789264,0.790203,504.7352,503.5529,504.015685,500.711134,502.17371,501.384518
773,20000,4,0.790842,,0.790842,0.78958,0.790264,504.7352,503.5529,504.012779,500.711134,502.164747,501.334913
774,20000,4,0.791399,,0.791399,0.78958,0.790352,504.7352,503.5529,503.973983,500.702171,502.164747,501.240291
775,20000,4,0.791399,,0.791399,0.78958,0.790424,504.7352,503.0002,503.946807,500.702171,502.164747,501.165512
776,20000,4,0.791399,,0.791399,0.78958,0.790494,504.7352,503.0002,503.948109,500.702171,502.164747,501.112237
777,20000,4,0.791399,,0.791399,0.78958,0.790543,504.7352,503.5529,503.929363,500.702171,502.164747,501.060996
778,20000,4,0.791399,,0.791399,0.78982,0.790602,504.7352,503.5529,503.935091,500.702171,502.164747,501.01856
779,20000,4,0.791399,,0.791399,0.78982,0.790664,504.7352,503.5529,503.915674,500.702171,502.164747,500.95726
780,20000,4,0.791399,,0.791399,0.78982,0.790717,504.7352,503.5529,503.910371,500.702171,502.164747,500.912773
781,20000,4,0.791399,,0.791399,0.78982,0.790767,504.7352,503.5529,503.882214,500.702171,502.164747,500.854937
782,20000,4,0.791399,,0.791399,0.79017,0.790824,504.469,503.5529,503.869035,500.702171,501.713935,500.801602
783,20000,4,0.791399,,0.791399,0.79017,0.790864,504.469,503.5529,503.862499,500.702171,501.713935,500.766149
784,20000,4,0.792643,,0.792643,0.79026,0.790931,505.705,503.7555,503.883827,500.613219,501.329123,500.727697
785,20000,4,0.792643,,0.792643,0.79026,0.79096,505.705,503.7555,503.906751,500.613219,501.329123,500.720722
786,20000,4,0.792643,,0.792643,0.79026,0.791013,505.705,503.7555,503.955979,500.613219,501.329123,500.712405
787,20000,4,0.792643,,0.792643,0.79026,0.791042,505.705,503.7555,503.98816,500.613219,501.329123,500.711247
788,20000,4,0.792643,,0.792643,0.790842,0.791073,505.705,503.7555,504.008201,500.303784,500.711134,500.700724
789,20000,4,0.792643,,0.792643,0.790842,0.791125,505.705,503.7555,504.06622,500.303784,500.711134,500.698497
790,20000,4,0.792643,,0.792643,0.790842,0.791173,505.705,503.7555,504.117896,500.303784,500.711134,500.696359
791,20000,4,0.792643,,0.792643,0.790842,0.791305,505.705,503.7555,504.257355,500.303784,500.711134,500.686142
792,20000,4,0.792643,,0.792643,0.790842,0.791375,505.705,503.7555,504.334403,500.303784,500.711134,500.683646
793,20000,4,0.792643,,0.792643,0.790842,0.791465,505.705,503.7555,504.428063,500.294821,500.711134,500.676187
794,20000,4,0.792643,,0.792643,0.790842,0.791553,505.705,503.7555,504.512963,500.294821,500.711134,500.664123
795,20000,4,0.792643,,0.792643,0.790842,0.791716,505.705,503.7555,504.680835,500.294821,500.887381,500.650085
796,20000,4,0.792643,,0.792643,0.790842,0.791832,505.705,503.7555,504.794306,500.294821,500.731775,500.635128
797,20000,4,0.792643,,0.792643,0.790842,0.79191,505.705,503.7555,504.873898,500.294821,500.711134,500.627641
798,20000,4,0.792643,,0.792643,0.790842,0.792018,505.705,503.7555,504.978759,500.294821,500.711134,500.613888
799,20000,4,0.792643,,0.792643,0.790842,0.792134,505.705,503.7555,505.103004,500.294821,500.711134,500.606503
800,20000,4,0.793199,,0.793199,0.791399,0.792236,506.3393,504.1015,505.201522,500.294821,500.702171,500.59284
801,20000,4,0.793199,,0.793199,0.791399,0.792297,506.3393,504.1015,505.266816,500.294821,500.702171,500.589103
802,20000,4,0.793199,,0.793199,0.791399,0.792394,506.3393,504.3898,505.387024,500.294821,500.702171,500.593848
803,20000,4,0.793199,,0.793199,0.791399,0.792429,506.3393,504.3898,505.429363,500.294821,500.702171,500.595164
804,20000,4,0.793199,,0.793199,0.791399,0.792504,506.3393,504.3898,505.520384,500.294821,500.702171,500.597705
805,20000,4,0.793199,,0.793199,0.791399,0.792562,506.3393,504.3898,505.584746,500.294821,500.702171,500.595388
806,20000,4,0.793199,,0.793199,0.791399,0.792642,506.3393,504.3898,505.673487,500.294821,500.804606,500.592585
807,20000,4,0.793199,,0.793199,0.791399,0.792712,506.3393,504.3898,505.747049,500.294821,500.702171,500.587465
808,20000,4,0.793199,,0.793199,0.791399,0.792735,506.3393,504.3898,505.772887,500.294821,500.702171,500.586396
809,20000,4,0.793199,,0.793199,0.792218,0.792797,506.3393,504.7358,505.846475,500.294821,500.613219,500.587974
810,20000,4,0.793199,,0.793199,0.792218,0.792833,506.3393,504.7358,505.897574,500.294821,500.613219,500.593893
811,20000,4,0.793199,,0.793199,0.792218,0.792875,506.3393,504.7358,505.955016,500.294821,500.613219,500.599724
812,20000,4,0.793199,,0.793199,0.792643,0.792938,506.3393,505.705,506.041179,500.604256,500.613219,500.608469
813,20000,4,0.79331,,0.79331,0.792643,0.792983,506.3393,505.705,506.091923,500.517365,500.613219,500.606883
814,20000,4,0.79331,,0.79331,0.792643,0.793007,506.3393,505.705,506.117295,500.517365,500.613219,500.605655
815,20000,4,0.793765,,0.793765,0.792643,0.793037,506.86,505.705,506.147874,500.512135,500.613219,500.602638
816,20000,4,0.794321,,0.794321,0.792643,0.793078,507.4943,505.705,506.190003,500.503172,500.613219,500.598609
817,20000,4,0.794321,,0.794321,0.792643,0.793114,507.4943,505.705,506.225789,500.503172,500.613219,500.594671
818,20000,4,0.794321,,0.794321,0.792643,0.793163,507.4943,505.705,506.275224,500.503172,500.613219,500.58961
819,20000,4,0.794321,,0.794321,0.792643,0.793222,507.4943,505.705,506.336209,500.503172,500.688966,500.584407
820,20000,4,0.794321,,0.794321,0.792643,0.793302,507.4943,505.705,506.42143,500.503172,500.688966,500.578883
821,20000,4,0.794432,,0.794432,0.792643,0.793437,507.4943,505.705,506.561512,500.416281,500.688966,500.567658
822,20000,4,0.794432,,0.794432,0.792643,0.79352,507.4943,505.705,506.642535,500.416281,500.613219,500.557143
823,20000,4,0.794432,,0.794432,0.792643,0.79362,507.4943,505.705,506.742414,500.416281,500.613219,500.546322
824,20000,4,0.794432,,0.794432,0.793199,0.793712,507.4943,506.3393,506.83595,500.416281,500.604256,500.537329
825,20000,4,0.794432,,0.794432,0.793199,0.793852,507.4943,506.3393,506.980807,500.416281,500.682011,500.525108
826,20000,4,0.794432,,0.794432,0.793199,0.793951,507.4943,506.3393,507.079464,500.416281,500.682011,500.513454
827,20000,4,0.794432,,0.794432,0.793199,0.794026,507.4943,506.3393,507.148764,500.416281,500.682011,500.501307
828,20000,4,0.794432,,0.794432,0.793199,0.794085,507.4943,506.3393,507.207478,500.416281,500.682011,500.495343
829,20000,4,0.794432,,0.794432,0.793199,0.794157,507.4943,506.3393,507.276778,500.416281,500.682011,500.484933
830,20000,4,0.794432,,0.794432,0.793199,0.794214,507.4943,506.3393,507.332695,500.416281,500.682011,500.478366
831,20000,4,0.794432,,0.794432,0.793199,0.794278,507.4943,506.3393,507.390445,500.416281,500.682011,500.467229
832,20000,4,0.794686,,0.794686,0.793199,0.794332,507.8387,506.3393,507.441455,500.384638,500.768902,500.458853
833,20000,4,0.794819,,0.794819,0.793199,0.794365,507.8403,506.3393,507.460311,500.346766,500.682011,500.445904
834,20000,4,0.794819,,0.794819,0.793199,0.794408,507.8403,506.3393,507.502496,500.346766,500.682011,500.440879
835,20000,4,0.794819,,0.794819,0.793637,0.794429,507.8403,506.965,507.52095,500.346766,500.682011,500.436895
836,20000,4,0.794819,,0.794819,0.794321,0.794465,507.9753,507.4943,507.552232,500.346766,500.527764,500.429999
837,20000,4,0.794819,,0.794819,0.794321,0.794484,507.9753,507.4943,507.577706,500.346766,500.527764,500.432214
838,20000,4,0.794819,,0.794819,0.794321,0.79451,507.9753,507.4943,507.606672,500.346766,500.527764,500.430721
839,20000,4,0.795665,,0.795665,0.794321,0.794539,508.2281,507.4943,507.632596,499.94625,500.527764,500.425745
840,20000,4,0.795665,,0.795665,0.794321,0.794568,508.2281,507.4943,507.658536,499.94625,500.559407,500.42075
841,20000,4,0.795807,,0.795807,0.794321,0.794603,508.349,507.4943,507.687811,499.916578,500.559407,500.412897
842,20000,4,0.795823,,0.795823,0.794321,0.794642,508.3647,507.4943,507.722781,499.914607,500.559407,500.405608
843,20000,4,0.795847,,0.795847,0.794321,0.794686,508.5638,507.4943,507.750341,499.914607,500.559407,500.389954
844,20000,4,0.795847,,0.795847,0.794321,0.794723,508.5638,507.4943,507.771659,499.914607,500.559407,500.375685
845,20000,4,0.795847,,0.795847,0.794321,0.794801,508.5638,507.4943,507.815041,499.914607,500.559407,500.343899
846,20000,4,0.795847,,0.795847,0.794321,0.794859,508.5638,507.4943,507.848539,499.914607,500.559407,500.321059
847,20000,4,0.795847,,0.795847,0.794432,0.794933,508.5638,507.4943,507.893599,499.914607,500.559407,500.293185
848,20000,4,0.796005,,0.796005,0.794432,0.795023,508.7004,507.4943,507.945326,499.914607,500.527764,500.258152
849,20000,4,0.796005,,0.796005,0.794432,0.795088,508.7004,507.4943,507.999691,499.884935,500.527764,500.243262
850,20000,4,0.796005,,0.796005,0.794432,0.795148,508.7004,507.4943,508.038759,499.884935,500.527764,500.222608
851,20000,4,0.796005,,0.796005,0.794445,0.79522,508.7004,507.4943,508.07997,499.884935,500.527764,500.194221
852,20000,4,0.796005,,0.796005,0.794445,0.795317,508.7004,507.4943,508.13874,499.884935,500.449102,500.158006
853,20000,4,0.796005,,0.796005,0.794445,0.79537,508.7004,507.4943,508.175949,499.884935,500.449102,500.141319
854,20000,4,0.796005,,0.796005,0.794445,0.795439,508.7004,507.4943,508.222906,499.884935,500.449102,500.11968
855,20000,4,0.796005,,0.796005,0.794699,0.795537,508.7004,507.8387,508.291306,499.884935,500.439367,500.088927
856,20000,4,0.796005,,0.796005,0.794699,0.795586,508.8213,507.8387,508.333326,499.884935,500.439367,500.078275
857,20000,4,0.796005,,0.796005,0.794699,0.795607,508.8213,507.8387,508.350321,499.879114,500.439367,500.07346
858,20000,4,0.796147,,0.796147,0.794699,0.795661,508.8213,507.8387,508.384575,499.879114,500.439367,500.05464
859,20000,4,0.796147,,0.796147,0.794699,0.795716,508.8213,507.8387,508.433684,499.879114,500.439367,500.044436
860,20000,4,0.796147,,0.796147,0.794819,0.795765,508.8213,507.8403,508.467839,499.879114,500.346766,500.029418
861,20000,4,0.796147,,0.796147,0.794819,0.795833,508.8213,507.8403,508.510489,499.8752,500.346766,500.004396
862,20000,4,0.796147,,0.796147,0.794831,0.795883,508.8213,507.8403,508.551563,499.8752,500.337032,499.993437
863,20000,4,0.796159,,0.796159,0.794977,0.79593,508.8213,507.9769,508.586768,499.8752,500.315123,499.980077
864,20000,4,0.796159,,0.796159,0.794977,0.795967,508.8213,507.9769,508.628612,499.8752,500.315123,499.979282
865,20000,4,0.796159,,0.796159,0.795673,0.796005,508.8213,508.2281,508.655998,499.8752,500.078459,499.96829
866,20000,4,0.796159,,0.796159,0.795673,0.796022,508.8213,508.2281,508.677889,499.8752,500.078459,499.969269
867,20000,4,0.796159,,0.796159,0.795823,0.796044,508.8213,508.3647,508.692171,499.8752,500.078459,499.961989
868,20000,4,0.796159,,0.796159,0.795836,0.79606,508.8213,508.3647,508.710435,499.8752,500.078459,499.961768
869,20000,4,0.796159,,0.796159,0.795836,0.796077,508.8213,508.3647,508.729283,499.8752,500.078459,499.961142
870,20000,4,0.796159,,0.796159,0.795836,0.796095,508.8213,508.3647,508.745826,499.8752,500.078459,499.958013
871,20000,4,0.796159,,0.796159,0.795836,0.796108,508.8213,508.3647,508.767447,499.8752,500.078459,499.962148
872,20000,4,0.796159,,0.796159,0.795836,0.796117,508.8213,508.3647,508.777788,499.8752,500.078459,499.96263
873,20000,4,0.796233,,0.796233,0.795836,0.796129,508.8213,508.3647,508.788129,499.8752,499.997826,499.959939
874,20000,4,0.796233,,0.796233,0.795836,0.796134,508.8213,508.3647,508.790547,499.8752,499.997826,499.957412
875,20000,4,0.796233,,0.796233,0.795978,0.796144,508.8213,508.4856,508.803036,499.8752,499.997826,499.958536
876,20000,4,0.796233,,0.796233,0.795978,0.796155,508.8213,508.4856,508.815525,499.8752,499.988092,499.957636
877,20000,4,0.796233,,0.796233,0.796017,0.796162,508.8213,508.7004,508.820091,499.900655,499.988092,499.955854
878,20000,4,0.796233,,0.796233,0.796147,0.796166,508.8213,508.8213,508.8213,499.900655,499.968154,499.95363
879,20000,4,0.796233,,0.796233,0.796147,0.796168,508.8213,508.8213,508.8213,499.900655,499.968154,499.951507
880,20000,4,0.796233,,0.796233,0.796147,0.796171,508.8213,508.8213,508.8213,499.900655,499.968154,499.949099
881,20000,4,0.796234,,0.796234,0.796147,0.796174,508.8213,508.8213,508.8213,499.899967,499.968154,499.947165
882,20000,4,0.796234,,0.796234,0.796147,0.796177,508.8213,508.8213,508.8213,499.899967,499.968154,499.944653
883,20000,4,0.796234,,0.796234,0.796147,0.796181,508.8213,508.8213,508.8213,499.899967,499.968154,499.941465
884,20000,4,0.796234,,0.796234,0.796147,0.796186,508.8213,508.8213,508.8213,499.899967,499.968154,499.937798
885,20000,4,0.796234,,0.796234,0.796147,0.796191,508.8213,508.8213,508.8213,499.899967,499.968154,499.934013
886,20000,4,0.796234,,0.796234,0.796147,0.796194,508.8213,508.8213,508.8213,499.899967,499.968154,499.931674
887,20000,4,0.796234,,0.796234,0.796147,0.796197,508.8213,508.8213,508.8213,499.899967,499.968154,499.929343
888,20000,4,0.796234,,0.796234,0.796147,0.796201,508.8213,508.8213,508.8213,499.899967,499.968154,499.926246
889,20000,4,0.796234,,0.796234,0.796147,0.796207,508.8213,508.8213,508.8213,499.899967,499.968154,499.921507
890,20000,4,0.796234,,0.796234,0.796159,0.79621,508.8213,508.8213,508.8213,499.899967,499.95842,499.918981
891,20000,4,0.796234,,0.796234,0.796159,0.796217,508.8213,508.8213,508.8213,499.899967,499.95842,499.913776
892,20000,4,0.796724,,0.796724,0.796159,0.796224,509.1733,508.8213,508.82482,499.75412,499.95842,499.909986
893,20000,4,0.796724,,0.796724,0.796159,0.796233,509.1733,508.8213,508.82834,499.75412,499.95842,499.905605
894,20000,4,0.796724,,0.796724,0.796159,0.796242,509.1733,508.8213,508.83186,499.75412,499.95842,499.901224
895,20000,4,0.796724,,0.796724,0.796159,0.796269,509.1733,508.8213,508.84946,499.75412,499.95842,499.892116
896,20000,4,0.796725,,0.796725,0.796159,0.796286,509.1733,508.8213,508.86002,499.753433,499.95842,499.885966
897,20000,4,0.796725,,0.796725,0.796159,0.796302,509.1733,508.8213,508.87058,499.753433,499.95842,499.880401
898,20000,4,0.796725,,0.796725,0.796233,0.796312,509.1733,508.8213,508.87762,499.753433,499.900655,499.876872
899,20000,4,0.796725,,0.796725,0.796233,0.796342,509.1733,508.8213,508.89874,499.753433,499.900655,499.867558
900,20000,4,0.796787,,0.796787,0.796233,0.796383,509.1733,508.8213,508.9269,499.704702,499.900655,499.854813
901,20000,4,0.796787,,0.796787,0.796233,0.796422,509.1733,508.8213,508.95506,499.704702,499.900655,499.843557
902,20000,4,0.796787,,0.796787,0.796233,0.796461,509.1733,508.8213,508.98322,499.704702,499.900655,499.831319
903,20000,4,0.796787,,0.796787,0.796233,0.796498,509.1733,508.8213,509.00786,499.704702,499.900655,499.819545
904,20000,4,0.796787,,0.796787,0.796233,0.796539,509.1733,508.8213,509.03602,499.704702,499.900655,499.806333
905,20000,4,0.796787,,0.796787,0.796233,0.796584,509.1733,508.8213,509.0677,499.704702,499.900655,499.792637
906,20000,4,0.796788,,0.796788,0.796233,0.796631,509.1733,508.8213,509.09938,499.704015,499.900655,499.776998
907,20000,4,0.796788,,0.796788,0.796233,0.796667,509.1733,508.8213,509.12402,499.704015,499.900655,499.765252
908,20000,4,0.796788,,0.796788,0.796233,0.796679,509.1733,508.8213,509.13106,499.704015,499.900655,499.760317
909,20000,4,0.796788,,0.796788,0.796233,0.796697,509.1733,508.8213,509.14162,499.704015,499.900655,499.753916
910,20000,4,0.796788,,0.796788,0.796233,0.796719,509.1733,508.8213,509.1557,499.704015,499.900655,499.746078
911,20000,4,0.796788,,0.796788,0.796233,0.796729,509.1733,508.8213,509.16274,499.704015,499.900655,499.743141
912,20000,4,0.796788,,0.796788,0.796234,0.796741,509.1733,508.8213,509.16978,499.704015,499.899967,499.73824
913,20000,4,0.796788,,0.796788,0.796234,0.796745,509.1733,508.8213,509.16978,499.704015,499.899967,499.734795
914,20000,4,0.796788,,0.796788,0.796724,0.796752,509.1733,509.1733,509.1733,499.704015,499.75412,499.731847
915,20000,4,0.796788,,0.796788,0.796724,0.796754,509.1733,509.1733,509.1733,499.704015,499.75412,499.730364
916,20000,4,0.796788,,0.796788,0.796724,0.796757,509.1733,509.1733,509.1733,499.704015,499.75412,499.727887
917,20000,4,0.796788,,0.796788,0.796724,0.79676,509.1733,509.1733,509.1733,499.704015,499.75412,499.725443
918,20000,4,0.796788,,0.796788,0.796725,0.796764,509.1733,509.1733,509.1733,499.704015,499.753433,499.722499
919,20000,4,0.796788,,0.796788,0.796725,0.796767,509.1733,509.1733,509.1733,499.704015,499.753433,499.720515
920,20000,4,0.796788,,0.796788,0.796725,0.796769,509.1733,509.1733,509.1733,499.704015,499.753433,499.718518
921,20000,4,0.796788,,0.796788,0.796725,0.796772,509.1733,509.1733,509.1733,499.704015,499.753433,499.7165
922,20000,4,0.796788,,0.796788,0.796725,0.796777,509.1733,509.1733,509.1733,499.704015,499.753433,499.712539
923,20000,4,0.796788,,0.796788,0.796725,0.796778,509.1733,509.1733,509.1733,499.704015,499.753433,499.711997
924,20000,4,0.796788,,0.796788,0.796725,0.796782,509.1733,509.1733,509.1733,499.704015,499.753433,499.708977
925,20000,4,0.796788,,0.796788,0.796725,0.796783,509.1733,509.1733,509.1733,499.704015,499.753433,499.707495
926,20000,4,0.796788,,0.796788,0.796725,0.796785,509.1733,509.1733,509.1733,499.704015,499.753433,499.706486
927,20000,4,0.796788,,0.796788,0.796788,0.796788,509.1733,509.1733,509.1733,499.704015,499.704015,499.704015
928,20000,4,0.796788,,0.796788,0.796788,0.796788,509.1733,509.1733,509.1733,499.704015,499.704015,499.704015
929,20000,4,0.796788,,0.796788,0.796788,0.796788,509.1733,509.1733,509.1733,499.704015,499.704015,499.704015
930,20000,4,0.796788,,0.796788,0.796788,0.796788,509.1733,509.1733,509.1733,499.704015,499.704015,499.704015
931,20000,4,0.796788,,0.796788,0.796788,0.796788,509.1733,509.1733,509.1733,499.704015,499.704015,499.704015
932,20000,4,0.796788,,0.796788,0.796788,0.796788,509.1733,509.1733,509.1733,499.704015,499.704015,499.704015
933,20000,4,0.796788,,0.796788,0.796788,0.796788,509.1733,509.1733,509.1733,499.704015,499.704015,499.704015
934,20000,4,0.796788,,0.796788,0.796788,0.796788,509.1733,509.1733,509.1733,499.704015,499.704015,499.704015
935,20000,4,0.796792,,0.796792,0.796788,0.796788,509.1733,509.1733,509.1733,499.701025,499.704015,499.703985
936,20000,4,0.796792,,0.796792,0.796788,0.796788,509.1733,509.1733,509.1733,499.701025,499.704015,499.703955
937,20000,4,0.796792,,0.796792,0.796788,0.796788,509.1733,509.1733,509.1733,499.701025,499.704015,499.703865
938,20000,4,0.796792,,0.796792,0.796788,0.796788,509.1733,509.1733,509.1733,499.701025,499.704015,499.703776
939,20000,4,0.796792,,0.796792,0.796788,0.796788,509.1733,509.1733,509.1733,499.701025,499.704015,499.703716
940,20000,4,0.796792,,0.796792,0.796788,0.796788,509.1733,509.1733,509.1733,499.701025,499.704015,499.703596
941,20000,4,0.796792,,0.796792,0.796788,0.796789,509.1733,509.1733,509.1733,499.701025,499.704015,499.703477
942,20000,4,0.796792,,0.796792,0.796788,0.796789,509.1733,509.1733,509.1733,499.701025,499.704015,499.703297
943,20000,4,0.796792,,0.796792,0.796788,0.796789,509.1733,509.1733,509.1733,499.701025,499.704015,499.703237
944,20000,4,0.796792,,0.796792,0.796788,0.796789,509.1733,509.1733,509.1733,499.701025,499.704015,499.703118
945,20000,4,0.796792,,0.796792,0.796788,0.796789,509.1733,509.1733,509.1733,499.701025,499.704015,499.702968
946,20000,4,0.796792,,0.796792,0.796788,0.796789,509.1733,509.1733,509.1733,499.701025,499.704015,499.702819
947,20000,4,0.796792,,0.796792,0.796788,0.79679,509.1733,509.1733,509.1733,499.701025,499.704015,499.702699
948,20000,4,0.796792,,0.796792,0.796788,0.79679,509.1733,509.1733,509.1733,499.701025,499.704015,499.70258
949,20000,4,0.796792,,0.796792,0.796788,0.79679,509.1733,509.1733,509.1733,499.701025,499.704015,499.70249
950,20000,4,0.796792,,0.796792,0.796788,0.79679,509.1733,509.1733,509.1733,499.701025,499.704015,499.70234
951,20000,4,0.796792,,0.796792,0.796788,0.79679,509.1733,509.1733,509.1733,499.701025,499.704015,499.702191
952,20000,4,0.796792,,0.796792,0.796788,0.79679,509.1733,509.1733,509.1733,499.701025,499.704015,499.702101
953,20000,4,0.796792,,0.796792,0.796788,0.796791,509.1733,509.1733,509.1733,499.701025,499.704015,499.701982
954,20000,4,0.796792,,0.796792,0.796788,0.796791,509.1733,509.1733,509.1733,499.701025,499.704015,499.701713
955,20000,4,0.796792,,0.796792,0.796788,0.796791,509.1733,509.1733,509.1733,499.701025,499.704015,499.701593
956,20000,4,0.796792,,0.796792,0.796788,0.796791,509.1733,509.1733,509.1733,499.701025,499.704015,499.701503
957,20000,4,0.796792,,0.796792,0.796788,0.796791,509.1733,509.1733,509.1733,499.701025,499.704015,499.701444
958,20000,4,0.796792,,0.796792,0.796788,0.796791,509.1733,509.1733,509.1733,499.701025,499.704015,499.701384
959,20000,4,0.796792,,0.796792,0.796788,0.796791,509.1733,509.1733,509.1733,499.701025,499.704015,499.701324
960,20000,4,0.796792,,0.796792,0.796788,0.796791,509.1733,509.1733,509.1733,499.701025,499.704015,499.701294
961,20000,4,0.796792,,0.796792,0.796788,0.796791,509.1733,509.1733,509.1733,499.701025,499.704015,499.701294
962,20000,4,0.796792,,0.796792,0.796788,0.796792,509.1733,509.1733,509.1733,499.701025,499.704015,499.701204
963,20000,4,0.796792,,0.796792,0.796788,0.796792,509.1733,509.1733,509.1733,499.701025,499.704015,499.701175
964,20000,4,0.796923,,0.796923,0.796788,0.796793,509.3596,509.1733,509.175163,499.701025,499.723173,499.701336
965,20000,4,0.796923,,0.796923,0.796788,0.796794,509.3596,509.1733,509.177026,499.701025,499.723173,499.701528
966,20000,4,0.796923,,0.796923,0.796788,0.796796,509.3596,509.1733,509.178889,499.701025,499.723173,499.701749
967,20000,4,0.796923,,0.796923,0.796788,0.796797,509.3596,509.1733,509.180752,499.701025,499.723173,499.701971
968,20000,4,0.796923,,0.796923,0.796788,0.796804,509.3596,509.1733,509.190067,499.701025,499.723173,499.703078
969,20000,4,0.796923,,0.796923,0.796792,0.79681,509.3596,509.1733,509.199382,499.701025,499.723173,499.704126
970,20000,4,0.796995,,0.796995,0.796792,0.796819,509.3596,509.1733,509.209504,499.596842,499.723173,499.704191
971,20000,4,0.796995,,0.796995,0.796792,0.796829,509.3596,509.1733,509.220433,499.596842,499.723173,499.703215
972,20000,4,0.796995,,0.796995,0.796792,0.796841,509.3596,509.1733,509.233225,499.596842,499.723173,499.70246
973,20000,4,0.796995,,0.796995,0.796792,0.796857,509.3596,509.1733,509.248687,499.596842,499.723173,499.700885
974,20000,4,0.796995,,0.796995,0.796792,0.796867,509.3596,509.1733,509.259616,499.596842,499.723173,499.699909
975,20000,4,0.796995,,0.796995,0.796792,0.796877,509.3596,509.1733,509.263651,499.596842,499.723173,499.6947
976,20000,4,0.796995,,0.796995,0.796792,0.796893,509.3596,509.1733,509.271163,499.596842,499.723173,499.687628
977,20000,4,0.796995,,0.796995,0.796792,0.796901,509.3596,509.1733,509.271472,499.596842,499.723173,499.681976
978,20000,4,0.796995,,0.796995,0.796792,0.796913,509.3596,509.1733,509.275258,499.596842,499.723173,499.674462
979,20000,4,0.79831,,0.79831,0.796792,0.796934,510.7901,509.1733,509.290928,499.596842,499.723173,499.668842
980,20000,4,0.79831,,0.79831,0.796792,0.79694,510.7901,509.1733,509.29043,499.596842,499.723173,499.664232
981,20000,4,0.79831,,0.79831,0.796792,0.796964,510.7901,509.1733,509.307714,499.596842,499.723173,499.656528
982,20000,4,0.79831,,0.79831,0.796792,0.79697,510.7901,509.1733,509.30616,499.596842,499.723173,499.650654
983,20000,4,0.79831,,0.79831,0.796792,0.797001,510.7901,509.1733,509.32189,499.596842,499.723173,499.637077
984,20000,4,0.79831,,0.79831,0.796792,0.797024,510.7901,509.1733,509.334392,499.596842,499.723173,499.627667
985,20000,4,0.79831,,0.79831,0.796792,0.797035,510.7901,509.1733,509.329421,499.596842,499.723173,499.615699
986,20000,4,0.79831,,0.79831,0.796923,0.797081,510.7901,509.254,509.369975,499.596842,499.723173,499.607173
987,20000,4,0.79831,,0.79831,0.796923,0.797121,510.7901,509.254,509.415002,499.596842,499.723173,499.606006
988,20000,4,0.79831,,0.79831,0.796923,0.79715,510.7901,509.254,509.442556,499.596842,499.723173,499.60228
989,20000,4,0.79831,,0.79831,0.796923,0.797177,510.7901,509.254,509.472222,499.596842,499.723173,499.601081
990,20000,4,0.79831,,0.79831,0.796995,0.797192,510.7901,509.254,509.484415,499.596842,499.600047,499.597323
991,20000,4,0.79831,,0.79831,0.796995,0.797218,510.7901,509.254,509.515137,499.596842,499.600047,499.597387
992,20000,4,0.79831,,0.79831,0.796995,0.797258,510.7901,509.254,509.56122,499.596842,499.600047,499.597483
993,20000,4,0.79831,,0.79831,0.796995,0.797258,510.7901,509.254,509.56122,499.596842,499.600047,499.597483
994,20000,4,0.79831,,0.79831,0.796995,0.797271,510.7901,509.254,509.576581,499.596842,499.600047,499.597515
995,20000,4,0.79831,,0.79831,0.796995,0.797297,510.7901,509.254,509.607303,499.596842,499.600047,499.597579
996,20000,4,0.79831,,0.79831,0.796995,0.797337,510.7901,509.254,509.653386,499.596842,499.600047,499.597675
997,20000,4,0.79831,,0.79831,0.796995,0.79735,510.7901,509.254,509.668747,499.596842,499.600047,499.597708
998,20000,4,0.79831,,0.79831,0.796995,0.797402,510.7901,509.254,509.730191,499.596842,499.600047,499.597836
999,20000,4,0.79831,,0.79831,0.796995,0.797468,510.7901,509.254,509.806996,499.596842,499.600047,499.597996
1000,20000,4,0.79831,,0.79831,0.796995,0.797521,510.7901,509.254,509.86844,499.596842,499.600047,499.598124
1001,20000,4,0.79831,,0.79831,0.796995,0.797626,510.7901,509.254,509.991328,499.596842,499.600047,499.59838
1002,20000,4,0.79831,,0.79831,0.796995,0.797705,510.7901,509.254,510.083494,499.596842,499.600047,499.598573
1003,20000,4,0.79831,,0.79831,0.796995,0.797784,510.7901,509.254,510.17566,499.596842,499.600047,499.598765
1004,20000,4,0.79831,,0.79831,0.796995,0.79785,510.7901,509.254,510.252465,499.596842,499.600047,499.598925
1005,20000,4,0.79831,,0.79831,0.796995,0.797929,510.7901,509.254,510.344631,499.596842,499.600047,499.599117
1006,20000,4,0.79831,,0.79831,0.796995,0.798002,511.0314,509.254,510.433017,499.596842,499.763689,499.601075
1007,20000,4,0.79831,,0.79831,0.796995,0.79806,510.7901,509.254,510.498241,499.596842,499.600047,499.599438
1008,20000,4,0.79831,,0.79831,0.796995,0.798126,510.7901,509.254,510.575046,499.596842,499.600047,499.599598
1009,20000,4,0.79831,,0.79831,0.796995,0.798192,510.7901,509.254,510.651851,499.596842,499.600047,499.599758
1010,20000,4,0.79831,,0.79831,0.796995,0.798218,510.7901,509.254,510.682573,499.596842,499.600047,499.599822
1011,20000,4,0.79831,,0.79831,0.796995,0.798244,510.7901,509.254,510.713295,499.596842,499.600047,499.599887
1012,20000,4,0.79831,,0.79831,0.796995,0.798271,510.7901,509.254,510.744017,499.596842,499.600047,499.599951
1013,20000,4,0.79831,,0.79831,0.796995,0.798284,510.7901,509.254,510.759378,499.596842,499.600047,499.599983
1014,20000,4,0.79831,,0.79831,0.796995,0.798284,510.7901,509.254,510.759378,499.596842,499.600047,499.599983
1015,20000,4,0.79831,,0.79831,0.796995,0.798284,510.7901,509.254,510.759378,499.596842,499.600047,499.599983
1016,20000,4,0.79831,,0.79831,0.796995,0.798297,510.7901,509.254,510.774739,499.596842,499.600047,499.600015
1017,20000,4,0.79831,,0.79831,0.79831,0.79831,510.7901,510.7901,510.7901,499.600047,499.600047,499.600047
1018,20000,4,0.79831,,0.79831,0.79831,0.79831,510.7901,510.7901,510.7901,499.600047,499.600047,499.600047
1019,20000,4,0.79831,,0.79831,0.79831,0.79831,510.7901,510.7901,510.7901,499.600047,499.600047,499.600047
1020,20000,4,0.79831,,0.79831,0.79831,0.79831,510.7901,510.7901,510.7901,499.600047,499.600047,499.600047
1021,20000,4,0.79831,,0.79831,0.79831,0.79831,510.7901,510.7901,510.7901,499.600047,499.600047,499.600047
1022,20000,4,0.79831,,0.79831,0.79831,0.79831,510.7901,510.7901,510.7901,499.600047,499.600047,499.600047
1023,20000,4,0.79831,,0.79831,0.79831,0.79831,510.7901,510.7901,510.7901,499.600047,499.600047,499.600047
1024,20000,4,0.79831,,0.79831,0.79831,0.79831,510.7901,510.7901,510.7901,499.600047,499.600047,499.600047
1025,20000,4,0.79831,,0.79831,0.79831,0.79831,510.7901,510.7901,510.7901,499.600047,499.600047,499.600047
1026,20000,4,0.79831,,0.79831,0.79831,0.79831,510.7901,510.7901,510.7901,499.600047,499.600047,499.600047
1027,20000,4,0.79831,,0.79831,0.79831,0.79831,510.7901,510.7901,510.7901,499.600047,499.600047,499.600047
1028,20000,4,0.79831,,0.79831,0.79831,0.79831,510.7901,510.7901,510.7901,499.600047,499.600047,499.600047
1029,20000,4,0.79831,,0.79831,0.79831,0.79831,510.7901,510.7901,510.7901,499.600047,499.600047,499.600047
1030,20000,4,0.79831,,0.79831,0.79831,0.79831,510.7901,510.7901,510.7901,499.600047,499.600047,499.600047
1031,20000,4,0.79831,,0.79831,0.79831,0.79831,510.7901,510.7901,510.7901,499.600047,499.600047,499.600047
1032,20000,4,0.79831,,0.79831,0.79831,0.79831,510.7901,510.7901,510.7901,499.600047,499.600047,499.600047
1033,20000,4,0.79831,,0.79831,0.79831,0.79831,510.7901,510.7901,510.7901,499.600047,499.600047,499.600047
1034,20000,4,0.79831,,0.79831,0.79831,0.79831,510.7901,510.7901,510.7901,499.600047,499.600047,499.600047
1035,20000,4,0.79831,,0.79831,0.79831,0.79831,510.7901,510.7901,510.7901,499.600047,499.600047,499.600047
1036,20000,4,0.79831,,0.79831,0.79831,0.79831,510.7901,510.7901,510.7901,499.600047,499.600047,499.600047
1037,20000,4,0.79831,,0.79831,0.79831,0.79831,510.7901,510.7901,510.7901,499.600047,499.600047,499.600047
1038,20000,4,0.79831,,0.79831,0.79831,0.79831,510.7901,510.7901,510.7901,499.600047,499.600047,499.600047
1039,20000,4,0.79831,,0.79831,0.79831,0.79831,510.7901,510.7901,510.7901,499.600047,499.600047,499.600047
1040,20000,4,0.79831,,0.79831,0.79831,0.79831,510.7901,510.7901,510.7901,499.600047,499.600047,499.600047
1041,20000,4,0.79831,,0.79831,0.79831,0.79831,510.7901,510.7901,510.7901,499.600047,499.600047,499.600047
1042,20000,4,0.79831,,0.79831,0.79831,0.79831,510.7901,510.7901,510.7901,499.600047,499.600047,499.600047
1043,20000,4,0.79831,,0.79831,0.79831,0.79831,510.7901,510.7901,510.7901,499.600047,499.600047,499.600047
1044,20000,4,0.798329,,0.798329,0.79831,0.79831,510.7901,510.7901,510.7901,499.585653,499.600047,499.599903
1045,20000,4,0.798329,,0.798329,0.79831,0.798311,510.7901,510.7901,510.7901,499.585653,499.600047,499.599759
1046,20000,4,0.798329,,0.798329,0.79831,0.798311,510.7901,510.7901,510.7901,499.585653,499.600047,499.599615
1047,20000,4,0.798329,,0.798329,0.79831,0.798311,510.7901,510.7901,510.7901,499.585653,499.600047,499.599615
1048,20000,4,0.798329,,0.798329,0.79831,0.798311,510.7901,510.7901,510.7901,499.585653,499.600047,499.599471
1049,20000,4,0.798329,,0.798329,0.79831,0.798311,510.7901,510.7901,510.7901,499.585653,499.600047,499.599327
1050,20000,4,0.798329,,0.798329,0.79831,0.798312,510.7901,510.7901,510.7901,499.585653,499.600047,499.598895
1051,20000,4,0.798329,,0.798329,0.79831,0.798312,510.7901,510.7901,510.7901,499.585653,499.600047,499.598751
1052,20000,4,0.798329,,0.798329,0.79831,0.798312,510.7901,510.7901,510.7901,499.585653,499.600047,499.598607
1053,20000,4,0.798329,,0.798329,0.79831,0.798312,510.7901,510.7901,510.7901,499.585653,499.600047,499.598319
1054,20000,4,0.798329,,0.798329,0.79831,0.798313,510.7901,510.7901,510.7901,499.585653,499.600047,499.597888
1055,20000,4,0.798329,,0.798329,0.79831,0.798313,510.7901,510.7901,510.7901,499.585653,499.600047,499.597744
1056,20000,4,0.798329,,0.798329,0.79831,0.798314,510.7901,510.7901,510.7901,499.585653,499.600047,499.597456
1057,20000,4,0.798329,,0.798329,0.79831,0.798314,510.7901,510.7901,510.7901,499.585653,499.600047,499.597168
1058,20000,4,0.798329,,0.798329,0.79831,0.798315,510.7901,510.7901,510.7901,499.585653,499.600047,499.596592
1059,20000,4,0.798329,,0.798329,0.79831,0.798315,510.7901,510.7901,510.7901,499.585653,499.600047,499.596304
1060,20000,4,0.798329,,0.798329,0.79831,0.798316,510.7901,510.7901,510.7901,499.585653,499.600047,499.595729
1061,20000,4,0.798329,,0.798329,0.79831,0.798317,510.7901,510.7901,510.7901,499.585653,499.600047,499.594865
1062,20000,4,0.798329,,0.798329,0.79831,0.798318,510.7901,510.7901,510.7901,499.585653,499.600047,499.594289
1063,20000,4,0.798329,,0.798329,0.79831,0.798319,510.7901,510.7901,510.7901,499.585653,499.600047,499.593426
1064,20000,4,0.798329,,0.798329,0.79831,0.79832,510.7901,510.7901,510.7901,499.585653,499.600047,499.592706
1065,20000,4,0.798329,,0.798329,0.79831,0.79832,510.7901,510.7901,510.7901,499.585653,499.600047,499.592274
1066,20000,4,0.798329,,0.798329,0.79831,0.798321,510.7901,510.7901,510.7901,499.585653,499.600047,499.591698
1067,20000,4,0.798329,,0.798329,0.79831,0.798322,510.7901,510.7901,510.7901,499.585653,499.600047,499.591122
1068,20000,4,0.798329,,0.798329,0.79831,0.798322,510.7901,510.7901,510.7901,499.585653,499.600047,499.590691
1069,20000,4,0.798329,,0.798329,0.79831,0.798323,510.7901,510.7901,510.7901,499.585653,499.600047,499.590259
1070,20000,4,0.798329,,0.798329,0.79831,0.798323,510.7901,510.7901,510.7901,499.585653,499.600047,499.590115
1071,20000,4,0.798329,,0.798329,0.79831,0.798324,510.7901,510.7901,510.7901,499.585653,499.600047,499.589683
1072,20000,4,0.798329,,0.798329,0.79831,0.798324,510.7901,510.7901,510.7901,499.585653,499.600047,499.588963
1073,20000,4,0.798329,,0.798329,0.79831,0.798326,510.7901,510.7901,510.7901,499.585653,499.600047,499.5881
1074,20000,4,0.798329,,0.798329,0.79831,0.798327,510.7901,510.7901,510.7901,499.585653,499.600047,499.587236
1075,20000,4,0.798329,,0.798329,0.79831,0.798328,510.7901,510.7901,510.7901,499.585653,499.600047,499.586516
1076,20000,4,0.798329,,0.798329,0.79831,0.798328,510.7901,510.7901,510.7901,499.585653,499.600047,499.586372
1077,20000,4,0.798329,,0.798329,0.79831,0.798328,510.7901,510.7901,510.7901,499.585653,499.600047,499.586228
1078,20000,4,0.798329,,0.798329,0.79831,0.798328,510.7901,510.7901,510.7901,499.585653,499.600047,499.586085
1079,20000,4,0.798329,,0.798329,0.79831,0.798328,510.7901,510.7901,510.7901,499.585653,499.600047,499.586085
1080,20000,4,0.798329,,0.798329,0.79831,0.798328,510.7901,510.7901,510.7901,499.585653,499.600047,499.585797
1081,20000,4,0.798329,,0.798329,0.798329,0.798329,510.7901,510.7901,510.7901,499.585653,499.585653,499.585653
1082,20000,4,0.798329,,0.798329,0.798329,0.798329,510.7901,510.7901,510.7901,499.585653,499.585653,499.585653
1083,20000,4,0.798329,,0.798329,0.798329,0.798329,510.7901,510.7901,510.7901,499.585653,499.585653,499.585653
1084,20000,4,0.798329,,0.798329,0.798329,0.798329,510.7901,510.7901,510.7901,499.585653,499.585653,499.585653
1085,20000,4,0.798329,,0.798329,0.798329,0.798329,510.7901,510.7901,510.7901,499.585653,499.585653,499.585653
1086,20000,4,0.798329,,0.798329,0.798329,0.798329,510.7901,510.7901,510.7901,499.585653,499.585653,499.585653
1087,20000,4,0.798329,,0.798329,0.798329,0.798329,510.7901,510.7901,510.7901,499.585653,499.585653,499.585653
1088,20000,4,0.798329,,0.798329,0.798329,0.798329,510.9242,510.7901,510.791441,499.585653,499.675239,499.586549
1089,20000,4,0.798329,,0.798329,0.798329,0.798329,510.9242,510.7901,510.792782,499.585653,499.675239,499.587444
1090,20000,4,0.798329,,0.798329,0.798329,0.798329,510.9242,510.7901,510.795464,499.585653,499.675239,499.589236
1091,20000,4,0.798329,,0.798329,0.798329,0.798329,510.9242,510.7901,510.799487,499.585653,499.675239,499.591924
1092,20000,4,0.798329,,0.798329,0.798329,0.798329,510.9242,510.7901,510.802169,499.585653,499.675239,499.593715
1093,20000,4,0.798329,,0.798329,0.798329,0.798329,510.9242,510.7901,510.80351,499.585653,499.675239,499.594611
1094,20000,4,0.798329,,0.798329,0.798329,0.798329,510.9242,510.7901,510.806192,499.585653,499.675239,499.596403
1095,20000,4,0.798329,,0.798329,0.798329,0.798329,510.9242,510.7901,510.812897,499.585653,499.675239,499.600882
1096,20000,4,0.798329,,0.798329,0.798329,0.798329,510.9242,510.7901,510.81692,499.585653,499.675239,499.60357
1097,20000,4,0.798329,,0.798329,0.798329,0.798329,510.9242,510.7901,510.823625,499.585653,499.675239,499.608049
1098,20000,4,0.798329,,0.798329,0.798329,0.798329,510.9242,510.7901,510.83033,499.585653,499.675239,499.612529
1099,20000,4,0.798329,,0.798329,0.798329,0.798329,510.9242,510.7901,510.837035,499.585653,499.675239,499.617008
1100,20000,4,0.798329,,0.798329,0.798329,0.798329,510.9242,510.7901,510.84374,499.585653,499.675239,499.621487
1101,20000,4,0.798329,,0.798329,0.798329,0.798329,510.9242,510.7901,510.858491,499.585653,499.675239,499.631342
1102,20000,4,0.798329,,0.798329,0.798329,0.798329,510.9242,510.7901,510.863855,499.585653,499.675239,499.634925
1103,20000,4,0.798329,,0.798329,0.798329,0.798329,510.9242,510.7901,510.873242,499.585653,499.675239,499.641196
1104,20000,4,0.798329,,0.798329,0.798329,0.798329,510.9242,510.7901,510.879947,499.585653,499.675239,499.645676
1105,20000,4,0.798329,,0.798329,0.798329,0.798329,510.9242,510.7901,510.885311,499.585653,499.675239,499.649259
1106,20000,4,0.798329,,0.798329,0.798329,0.798329,510.9242,510.7901,510.890675,499.585653,499.675239,499.652842
1107,20000,4,0.798329,,0.798329,0.798329,0.798329,510.9242,510.7901,510.89738,499.585653,499.675239,499.657322
1108,20000,4,0.798329,,0.798329,0.798329,0.798329,510.9242,510.7901,510.902744,499.585653,499.675239,499.660905
1109,20000,4,0.798329,,0.798329,0.798329,0.798329,510.9242,510.7901,510.908108,499.585653,499.675239,499.664489
1110,20000,4,0.798329,,0.798329,0.798329,0.798329,510.9242,510.7901,510.91079,499.585653,499.675239,499.66628
1111,20000,4,0.798329,,0.798329,0.798329,0.798329,510.9242,510.7901,510.912131,499.585653,499.675239,499.667176
1112,20000,4,0.798329,,0.798329,0.798329,0.798329,510.9242,510.7901,510.914813,499.585653,499.675239,499.668968
1113,20000,4,0.798329,,0.798329,0.798329,0.798329,510.9242,510.7901,510.916154,499.585653,499.675239,499.669864
1114,20000,4,0.798329,,0.798329,0.798329,0.798329,510.9242,510.7901,510.920177,499.585653,499.675239,499.672551
1115,20000,4,0.798329,,0.798329,0.798329,0.798329,510.9242,510.7901,510.922859,499.585653,499.675239,499.674343
1116,20000,4,0.798329,,0.798329,0.798329,0.798329,510.9242,510.9242,510.9242,499.675239,499.675239,499.675239
1117,20000,4,0.798329,,0.798329,0.798329,0.798329,510.9242,510.9242,510.9242,499.675239,499.675239,499.675239
1118,20000,4,0.798329,,0.798329,0.798329,0.798329,510.9242,510.9242,510.9242,499.675239,499.675239,499.675239
1119,20000,4,0.798329,,0.798329,0.798329,0.798329,510.9242,510.9242,510.9242,499.675239,499.675239,499.675239
1120,20000,4,0.798494,,0.798494,0.798329,0.798331,510.9242,510.9242,510.9242,499.546715,499.675239,499.673954
1121,20000,4,0.798494,,0.798494,0.798329,0.798332,510.9242,510.9242,510.9242,499.546715,499.675239,499.672668
1122,20000,4,0.798494,,0.798494,0.798329,0.798332,510.9242,510.9242,510.9242,499.546715,499.675239,499.672668
1123,20000,4,0.798494,,0.798494,0.798329,0.798334,510.9242,510.9242,510.9242,499.546715,499.675239,499.671383
1124,20000,4,0.798494,,0.798494,0.798329,0.798337,510.9242,510.9242,510.9242,499.546715,499.675239,499.668813
1125,20000,4,0.798494,,0.798494,0.798329,0.798341,510.9242,510.9242,510.9242,499.546715,499.675239,499.666242
1126,20000,4,0.798494,,0.798494,0.798329,0.798342,510.9242,510.9242,510.9242,499.546715,499.675239,499.664957
1127,20000,4,0.798494,,0.798494,0.798329,0.798347,510.9242,510.9242,510.9242,499.546715,499.675239,499.661101
1128,20000,4,0.798494,,0.798494,0.798329,0.79835,510.9242,510.9242,510.9242,499.546715,499.675239,499.658531
1129,20000,4,0.798494,,0.798494,0.798329,0.798359,510.9242,510.9242,510.9242,499.546715,499.675239,499.652105
1130,20000,4,0.798494,,0.798494,0.798329,0.798364,510.9242,510.9242,510.9242,499.546715,499.675239,499.648249
1131,20000,4,0.798494,,0.798494,0.798329,0.798372,510.9242,510.9242,510.9242,499.546715,499.675239,499.641823
1132,20000,4,0.798494,,0.798494,0.798329,0.798378,510.9242,510.9242,510.9242,499.546715,499.675239,499.636682
1133,20000,4,0.798494,,0.798494,0.798329,0.798382,510.9242,510.9242,510.9242,499.546715,499.675239,499.634111
1134,20000,4,0.798494,,0.798494,0.798329,0.798388,510.9242,510.9242,510.9242,499.546715,499.675239,499.62897
1135,20000,4,0.798494,,0.798494,0.798329,0.79839,510.9242,510.9242,510.9242,499.546715,499.675239,499.627685
1136,20000,4,0.798494,,0.798494,0.798329,0.7984,510.9242,510.9242,510.9242,499.546715,499.675239,499.619974
1137,20000,4,0.799303,,0.799303,0.798329,0.798424,511.4442,510.9242,510.9294,499.264003,499.675239,499.604294
1138,20000,4,0.799303,,0.799303,0.798329,0.798439,511.4442,510.9242,510.9346,499.264003,499.675239,499.596326
1139,20000,4,0.799303,,0.799303,0.798329,0.798454,511.4442,510.9242,510.9398,499.264003,499.675239,499.588358
1140,20000,4,0.799303,,0.799303,0.798329,0.798462,511.4442,510.9242,510.9398,499.264003,499.675239,499.581932
1141,20000,4,0.799303,,0.799303,0.798329,0.79848,511.4442,510.9242,510.945,499.264003,499.675239,499.571394
1142,20000,4,0.799303,,0.799303,0.798329,0.798514,511.4442,510.9242,510.9606,499.264003,499.675239,499.555201
1143,20000,4,0.799303,,0.799303,0.798329,0.798535,511.4442,510.9242,510.971,499.264003,499.675239,499.545691
1144,20000,4,0.799303,,0.799303,0.798329,0.798563,511.4442,510.9242,510.9866,499.264003,499.675239,499.534639
1145,20000,4,0.799303,,0.799303,0.798329,0.798596,511.4442,510.9242,511.0022,499.264003,499.675239,499.518979
1146,20000,4,0.799303,,0.799303,0.798329,0.798618,511.4442,510.9242,511.0126,499.264003,499.675239,499.509469
1147,20000,4,0.799303,,0.799303,0.798329,0.798672,511.4442,510.9242,511.0438,499.264003,499.675239,499.487678
1148,20000,4,0.799303,,0.799303,0.798329,0.798711,511.4442,510.9242,511.0646,499.264003,499.675239,499.471008
1149,20000,4,0.799303,,0.799303,0.798329,0.79875,511.4442,510.9242,511.0854,499.264003,499.675239,499.454871
1150,20000,4,0.799303,,0.799303,0.798494,0.798782,511.4442,510.9242,511.101,499.264003,499.546715,499.440056
1151,20000,4,0.799303,,0.799303,0.798494,0.798817,511.4442,510.9242,511.1218,499.264003,499.546715,499.427243
1152,20000,4,0.799303,,0.799303,0.798494,0.798836,511.4442,510.9242,511.1322,499.264003,499.546715,499.419331
1153,20000,4,0.799303,,0.799303,0.798494,0.798875,511.4442,510.9242,511.1582,499.264003,499.546715,499.405948
1154,20000,4,0.799303,,0.799303,0.798494,0.798915,511.4442,510.9242,511.1842,499.264003,499.546715,499.392565
1155,20000,4,0.799303,,0.799303,0.798494,0.798939,511.4442,510.9242,511.1998,499.264003,499.546715,499.384083
1156,20000,4,0.799303,,0.799303,0.798494,0.798966,511.4442,510.9242,511.2154,499.264003,499.546715,499.373344
1157,20000,4,0.799303,,0.799303,0.798494,0.799005,511.4442,510.9242,511.2414,499.264003,499.546715,499.360714
1158,20000,4,0.799303,,0.799303,0.798494,0.799045,511.4442,510.9242,511.2674,499.264003,499.546715,499.346578
1159,20000,4,0.799303,,0.799303,0.798494,0.799076,511.4442,510.9242,511.2882,499.264003,499.546715,499.336775
1160,20000,4,0.799303,,0.799303,0.798494,0.799099,511.4442,510.9242,511.3038,499.264003,499.546715,499.329046
1161,20000,4,0.799303,,0.799303,0.798494,0.79913,511.4442,510.9242,511.3246,499.264003,499.546715,499.31849
1162,20000,4,0.799303,,0.799303,0.798494,0.799176,511.4442,510.9242,511.3558,499.264003,499.546715,499.303786
1163,20000,4,0.799303,,0.799303,0.798494,0.799229,511.4442,510.9242,511.3922,499.264003,499.546715,499.287006
1164,20000,4,0.799303,,0.799303,0.79859,0.79926,511.4442,510.9242,511.413,499.264003,499.471452,499.27645
1165,20000,4,0.799303,,0.799303,0.79859,0.799274,511.4442,510.9242,511.4234,499.264003,499.471452,499.272301
1166,20000,4,0.799303,,0.799303,0.79859,0.799289,511.4442,510.9242,511.4338,499.264003,499.471452,499.268152
1167,20000,4,0.799303,,0.799303,0.79859,0.799296,511.4442,510.9242,511.439,499.264003,499.471452,499.266078
1168,20000,4,0.799427,,0.799427,0.799303,0.799304,511.5091,511.4442,511.444849,499.210415,499.264003,499.263468
1169,20000,4,0.799427,,0.799427,0.799303,0.799307,511.5091,511.4442,511.446147,499.210415,499.264003,499.262396
1170,20000,4,0.799427,,0.799427,0.799303,0.799309,511.5091,511.4442,511.447445,499.210415,499.264003,499.261324
1171,20000,4,0.799427,,0.799427,0.799303,0.799312,511.5091,511.4442,511.448743,499.210415,499.264003,499.260252
1172,20000,4,0.799427,,0.799427,0.799303,0.799315,511.5091,511.4442,511.45069,499.210415,499.264003,499.258645
1173,20000,4,0.799427,,0.799427,0.799303,0.799318,511.5091,511.4442,511.451988,499.210415,499.264003,499.257573
1174,20000,4,0.799427,,0.799427,0.799303,0.799325,511.5091,511.4442,511.455882,499.210415,499.264003,499.254358
1175,20000,4,0.799427,,0.799427,0.799303,0.799329,511.5091,511.4442,511.457829,499.210415,499.264003,499.25275
1176,20000,4,0.799427,,0.799427,0.799303,0.799337,511.5091,511.4442,511.461723,499.210415,499.264003,499.249535
1177,20000,4,0.799427,,0.799427,0.799303,0.79934,511.5091,511.4442,511.46367,499.210415,499.264003,499.247927
1178,20000,4,0.799427,,0.799427,0.799303,0.799348,511.5091,511.4442,511.467564,499.210415,499.264003,499.244712
1179,20000,4,0.799427,,0.799427,0.799303,0.799357,511.5091,511.4442,511.472107,499.210415,499.264003,499.24096
1180,20000,4,0.799427,,0.799427,0.799303,0.799361,511.5091,511.4442,511.474703,499.210415,499.264003,499.238817
1181,20000,4,0.799427,,0.799427,0.799303,0.799365,511.5091,511.4442,511.47665,499.210415,499.264003,499.237209
1182,20000,4,0.799427,,0.799427,0.799303,0.799368,511.5091,511.4442,511.477948,499.210415,499.264003,499.236137
1183,20000,4,0.799427,,0.799427,0.799303,0.79937,511.5091,511.4442,511.479246,499.210415,499.264003,499.235066
1184,20000,4,0.799427,,0.799427,0.799303,0.799376,511.5091,511.4442,511.482491,499.210415,499.264003,499.232386
1185,20000,4,0.799427,,0.799427,0.799303,0.799384,511.5091,511.4442,511.486385,499.210415,499.264003,499.229171
1186,20000,4,0.799427,,0.799427,0.799303,0.79939,511.5091,511.4442,511.48963,499.210415,499.264003,499.226491
1187,20000,4,0.799427,,0.799427,0.799303,0.799394,511.5091,511.4442,511.491577,499.210415,499.264003,499.224884
1188,20000,4,0.799427,,0.799427,0.799303,0.7994,511.5091,511.4442,511.494822,499.210415,499.264003,499.222204
1189,20000,4,0.799427,,0.799427,0.799303,0.799403,511.5091,511.4442,511.49612,499.210415,499.264003,499.221133
1190,20000,4,0.799427,,0.799427,0.799303,0.799406,511.5091,511.4442,511.498067,499.210415,499.264003,499.219525
1191,20000,4,0.799427,,0.799427,0.799303,0.79941,511.5091,511.4442,511.500014,499.210415,499.264003,499.217917
1192,20000,4,0.799427,,0.799427,0.799303,0.799414,511.5091,511.4442,511.501961,499.210415,499.264003,499.21631
1193,20000,4,0.799427,,0.799427,0.799303,0.799417,511.5091,511.4442,511.503908,499.210415,499.264003,499.214702
1194,20000,4,0.799427,,0.799427,0.799303,0.799422,511.5091,511.4442,511.506504,499.210415,499.264003,499.212558
1195,20000,4,0.799427,,0.799427,0.799303,0.799425,511.5091,511.4442,511.507802,499.210415,499.264003,499.211487
1196,20000,4,0.799427,,0.799427,0.799427,0.799427,511.5091,511.5091,511.5091,499.210415,499.210415,499.210415
1197,20000,4,0.799427,,0.799427,0.799427,0.799427,511.5091,511.5091,511.5091,499.210415,499.210415,499.210415
1198,20000,4,0.799427,,0.799427,0.799427,0.799427,511.5091,511.5091,511.5091,499.210415,499.210415,499.210415
1199,20000,4,0.799427,,0.799427,0.799427,0.799427,511.5091,511.5091,511.5091,499.210415,499.210415,499.210415
1200,20000,4,0.799427,,0.799427,0.799427,0.799427,511.5091,511.5091,511.5091,499.210415,499.210415,499.210415
1201,20000,4,0.799427,,0.799427,0.799427,0.799427,511.5091,511.5091,511.5091,499.210415,499.210415,499.210415
1202,20000,4,0.799427,,0.799427,0.799427,0.799427,511.5091,511.5091,511.5091,499.210415,499.210415,499.210415
1203,20000,4,0.799427,,0.799427,0.799427,0.799427,511.5091,511.5091,511.5091,499.210415,499.210415,499.210415
1204,20000,4,0.799427,,0.799427,0.799427,0.799427,511.5091,511.5091,511.5091,499.210415,499.210415,499.210415
1205,20000,4,0.799427,,0.799427,0.799427,0.799427,511.5091,511.5091,511.5091,499.210415,499.210415,499.210415
1206,20000,4,0.799427,,0.799427,0.799427,0.799427,511.5091,511.5091,511.5091,499.210415,499.210415,499.210415
1207,20000,4,0.799427,,0.799427,0.799427,0.799427,511.5091,511.5091,511.5091,499.210415,499.210415,499.210415
1208,20000,4,0.799427,,0.799427,0.799427,0.799427,511.5091,511.5091,511.5091,499.210415,499.210415,499.210415
1209,20000,4,0.799427,,0.799427,0.799427,0.799427,511.5091,511.5091,511.5091,499.210415,499.210415,499.210415
1210,20000,4,0.799427,,0.799427,0.799427,0.799427,511.5091,511.5091,511.5091,499.210415,499.210415,499.210415
1211,20000,4,0.799427,,0.799427,0.799427,0.799427,511.5091,511.5091,511.5091,499.210415,499.210415,499.210415
1212,20000,4,0.799427,,0.799427,0.799427,0.799427,511.5091,511.5091,511.5091,499.210415,499.210415,499.210415
1213,20000,4,0.799427,,0.799427,0.799427,0.799427,511.5091,511.5091,511.5091,499.210415,499.210415,499.210415
1214,20000,4,0.799427,,0.799427,0.799427,0.799427,511.5091,511.5091,511.5091,499.210415,499.210415,499.210415
1215,20000,4,0.799427,,0.799427,0.799427,0.799427,511.5091,511.5091,511.5091,499.210415,499.210415,499.210415
1216,20000,4,0.799427,,0.799427,0.799427,0.799427,511.5091,511.5091,511.5091,499.210415,499.210415,499.210415
1217,20000,4,0.799427,,0.799427,0.799427,0.799427,511.5091,511.5091,511.5091,499.210415,499.210415,499.210415
1218,20000,4,0.799427,,0.799427,0.799427,0.799427,511.5091,511.5091,511.5091,499.210415,499.210415,499.210415
1219,20000,4,0.799427,,0.799427,0.799427,0.799427,511.5091,511.5091,511.5091,499.210415,499.210415,499.210415
1220,20000,4,0.799427,,0.799427,0.799427,0.799427,511.5091,511.5091,511.5091,499.210415,499.210415,499.210415
1221,20000,4,0.799427,,0.799427,0.799427,0.799427,511.5091,511.5091,511.5091,499.210415,499.210415,499.210415
1222,20000,4,0.799427,,0.799427,0.799427,0.799427,511.5091,511.5091,511.5091,499.210415,499.210415,499.210415
1223,20000,4,0.799427,,0.799427,0.799427,0.799427,511.5091,511.5091,511.5091,499.210415,499.210415,499.210415
1224,20000,4,0.799427,,0.799427,0.799427,0.799427,511.5091,511.5091,511.5091,499.210415,499.210415,499.210415
1225,20000,4,0.799427,,0.799427,0.799427,0.799427,511.5091,511.5091,511.5091,499.210415,499.210415,499.210415
1226,20000,4,0.799427,,0.799427,0.799427,0.799427,511.5091,511.5091,511.5091,499.210415,499.210415,499.210415
1227,20000,4,0.799427,,0.799427,0.799427,0.799427,511.5091,511.5091,511.5091,499.210415,499.210415,499.210415
1228,20000,4,0.799427,,0.799427,0.799427,0.799427,511.5091,511.5091,511.5091,499.210415,499.210415,499.210415
1229,20000,4,0.799427,,0.799427,0.799427,0.799427,511.5091,511.5091,511.5091,499.210415,499.210415,499.210415
1230,20000,4,0.799427,,0.799427,0.799427,0.799427,511.5091,511.5091,511.5091,499.210415,499.210415,499.210415
1231,20000,4,0.799427,,0.799427,0.799427,0.799427,511.5091,511.5091,511.5091,499.210415,499.210415,499.210415
1232,20000,4,0.799427,,0.799427,0.799427,0.799427,511.5091,511.5091,511.5091,499.210415,499.210415,499.210415
1233,20000,4,0.799427,,0.799427,0.799427,0.799427,511.5091,511.5091,511.5091,499.210415,499.210415,499.210415
1234,20000,4,0.799427,,0.799427,0.799427,0.799427,511.5091,511.5091,511.5091,499.210415,499.210415,499.210415
1235,20000,4,0.799427,,0.799427,0.799427,0.799427,511.5091,511.5091,511.5091,499.210415,499.210415,499.210415
1236,20000,4,0.799427,,0.799427,0.799427,0.799427,511.5091,511.5091,511.5091,499.210415,499.210415,499.210415
1237,20000,4,0.799427,,0.799427,0.799427,0.799427,511.5091,511.5091,511.5091,499.210415,499.210415,499.210415
1238,20000,4,0.799427,,0.799427,0.799427,0.799427,511.5091,511.5091,511.5091,499.210415,499.210415,499.210415
1239,20000,4,0.799427,,0.799427,0.799427,0.799427,511.5091,511.5091,511.5091,499.210415,499.210415,499.210415
1240,20000,4,0.799427,,0.799427,0.799427,0.799427,511.5091,511.5091,511.5091,499.210403,499.210415,499.210415
1241,20000,4,0.799427,,0.799427,0.799427,0.799427,511.5091,511.5091,511.5091,499.210403,499.210415,499.210415
1242,20000,4,0.799427,,0.799427,0.799427,0.799427,511.5091,511.5091,511.5091,499.210403,499.210415,499.210415
1243,20000,4,0.799427,,0.799427,0.799427,0.799427,511.5091,511.5091,511.5091,499.210403,499.210415,499.210415
1244,20000,4,0.799427,,0.799427,0.799427,0.799427,511.5091,511.5091,511.5091,499.210403,499.210415,499.210414
1245,20000,4,0.799524,,0.799524,0.799427,0.799428,511.5091,511.5091,511.5091,499.135152,499.210415,499.209662
1246,20000,4,0.799524,,0.799524,0.799427,0.79943,511.5091,511.5091,511.5091,499.135152,499.210415,499.208156
1247,20000,4,0.799524,,0.799524,0.799427,0.799431,511.5091,511.5091,511.5091,499.135152,499.210415,499.207403
1248,20000,4,0.799524,,0.799524,0.799427,0.799433,511.5091,511.5091,511.5091,499.135152,499.210415,499.205897
1249,20000,4,0.799524,,0.799524,0.799427,0.799435,511.5091,511.5091,511.5091,499.135152,499.210415,499.204392
1250,20000,4,0.799524,,0.799524,0.799427,0.799437,511.5091,511.5091,511.5091,499.135152,499.210415,499.202886
1251,20000,4,0.799524,,0.799524,0.799427,0.79944,511.5091,511.5091,511.5091,499.135152,499.210415,499.200628
1252,20000,4,0.799524,,0.799524,0.799427,0.799443,511.5091,511.5091,511.5091,499.135152,499.210415,499.19837
1253,20000,4,0.799524,,0.799524,0.799427,0.799445,511.5091,511.5091,511.5091,499.135152,499.210415,499.196864
1254,20000,4,0.799524,,0.799524,0.799427,0.799451,511.7806,511.5091,511.511815,499.135152,499.325712,499.194254
1255,20000,4,0.799524,,0.799524,0.799427,0.799455,511.7806,511.5091,511.517245,499.13514,499.325712,499.194301
1256,20000,4,0.799524,,0.799524,0.799427,0.799462,511.7806,511.5091,511.528105,499.13514,499.325712,499.195903
1257,20000,4,0.799524,,0.799524,0.799427,0.799467,511.7806,511.5091,511.53082,499.13514,499.325712,499.194044
1258,20000,4,0.799609,,0.799609,0.799427,0.799473,511.7806,511.5091,511.544395,499.13514,499.325712,499.198304
1259,20000,4,0.799609,,0.799609,0.799427,0.799482,511.7806,511.5091,511.555255,499.13514,499.325712,499.199153
1260,20000,4,0.799609,,0.799609,0.799427,0.799487,511.7806,511.5091,511.560685,499.13514,499.325712,499.198448
1261,20000,4,0.799609,,0.799609,0.799427,0.799495,511.7806,511.5091,511.56883,499.13514,499.325712,499.198143
1262,20000,4,0.799609,,0.799609,0.799427,0.799503,511.7806,511.5091,511.57426,499.13514,499.325712,499.19518
1263,20000,4,0.799609,,0.799609,0.799427,0.799508,511.7806,511.5091,511.582405,499.13514,499.325712,499.196381
1264,20000,4,0.799609,,0.799609,0.799427,0.799518,511.7806,511.5091,511.58512,499.13514,499.325712,499.190761
1265,20000,4,0.799609,,0.799609,0.799427,0.799526,511.7806,511.5091,511.59598,499.13514,499.325712,499.19161
1266,20000,4,0.799609,,0.799609,0.799427,0.79953,511.7806,511.5091,511.60141,499.13514,499.325712,499.19241
1267,20000,4,0.799609,,0.799609,0.799427,0.799538,511.7806,511.5091,511.609555,499.13514,499.325712,499.191354
1268,20000,4,0.799678,,0.799678,0.799427,0.799547,511.859,511.5091,511.618484,499.13514,499.325712,499.190289
1269,20000,4,0.799678,,0.799678,0.799427,0.799558,511.859,511.5091,511.633627,499.13514,499.325712,499.192306
1270,20000,4,0.799678,,0.799678,0.799427,0.799567,511.859,511.5091,511.647986,499.13514,499.325712,499.194301
1271,20000,4,0.799678,,0.799678,0.799427,0.799574,511.859,511.5091,511.663129,499.13514,499.250449,499.199299
1272,20000,4,0.799678,,0.799678,0.799427,0.799579,511.859,511.5091,511.675557,499.13514,499.250449,499.203897
1273,20000,4,0.799678,,0.799678,0.79952,0.799588,511.859,511.5091,511.694983,499.134412,499.250449,499.210034
1274,20000,4,0.799678,,0.799678,0.799524,0.799594,511.859,511.5091,511.714772,499.134412,499.250449,499.218068
1275,20000,4,0.800171,,0.800171,0.799524,0.799606,512.1266,511.5091,511.733375,499.043984,499.250449,499.221754
1276,20000,4,0.800171,,0.800171,0.799524,0.799614,512.1266,511.5091,511.750753,499.043984,499.250449,499.2269
1277,20000,4,0.800171,,0.800171,0.799524,0.799631,512.1266,511.5091,511.781421,499.043984,499.250449,499.234009
1278,20000,4,0.800171,,0.800171,0.799524,0.799655,512.1266,511.5091,511.812354,499.043984,499.250449,499.236143
1279,20000,4,0.800171,,0.800171,0.799524,0.799679,512.1266,511.5091,511.835583,499.043984,499.250449,499.233364
1280,20000,4,0.800171,,0.800171,0.799609,0.799709,512.1266,511.7806,511.859077,499.043984,499.250449,499.22561
1281,20000,4,0.80024,,0.80024,0.799609,0.799725,512.205,511.7806,511.871485,499.043256,499.250449,499.22143
1282,20000,4,0.80024,,0.80024,0.799609,0.799757,512.205,511.7806,511.895283,499.043256,499.250449,499.211911
1283,20000,4,0.80024,,0.80024,0.799609,0.799785,512.205,511.7806,511.915504,499.043256,499.250449,499.203874
1284,20000,4,0.80024,,0.80024,0.799609,0.799804,512.205,511.7806,511.929246,499.043256,499.250449,499.198513
1285,20000,4,0.80024,,0.80024,0.799609,0.799823,512.205,511.7806,511.942762,499.043256,499.250449,499.19229
1286,20000,4,0.80024,,0.80024,0.799609,0.799857,512.205,511.7806,511.962629,499.043256,499.250449,499.17963
1287,20000,4,0.80024,,0.80024,0.799678,0.799887,512.205,511.859,511.982281,499.043256,499.249721,499.169285
1288,20000,4,0.80024,,0.80024,0.799678,0.799917,512.205,511.859,512.001933,499.043256,499.249721,499.15894
1289,20000,4,0.80024,,0.80024,0.799678,0.799947,512.205,511.859,512.023496,499.043256,499.249721,499.150025
1290,20000,4,0.80024,,0.80024,0.799678,0.799975,512.205,511.859,512.041697,499.043256,499.249721,499.140278
1291,20000,4,0.80024,,0.80024,0.799678,0.800011,512.205,511.859,512.064809,499.043256,499.249721,499.127868
1292,20000,4,0.80024,,0.80024,0.799678,0.800049,512.205,511.859,512.089146,499.043256,499.249721,499.113998
1293,20000,4,0.80024,,0.80024,0.799678,0.800084,512.205,511.859,512.111591,499.043256,499.249721,499.102179
1294,20000,4,0.80024,,0.80024,0.799678,0.800113,512.205,511.859,512.129675,499.043256,499.249721,499.091848
1295,20000,4,0.80024,,0.80024,0.799678,0.800124,512.205,511.859,512.136595,499.043256,499.249721,499.087719
1296,20000,4,0.80024,,0.80024,0.799678,0.800155,512.205,511.859,512.15512,499.043256,499.249721,499.075936
1297,20000,4,0.80024,,0.80024,0.799678,0.800172,512.205,511.859,512.1655,499.043256,499.249721,499.069742
1298,20000,4,0.80024,,0.80024,0.799678,0.80018,512.205,511.859,512.171195,499.043256,499.249721,499.067073
1299,20000,4,0.80024,,0.80024,0.799678,0.800199,512.205,511.859,512.18482,499.043256,499.249721,499.061129
1300,20000,4,0.80024,,0.80024,0.799947,0.800208,512.205,512.0825,512.190515,499.043256,499.189242,499.05846
1301,20000,4,0.80024,,0.80024,0.799947,0.800216,512.205,512.0825,512.1952,499.043256,499.189242,499.054935
1302,20000,4,0.80024,,0.80024,0.799947,0.800225,512.205,512.0825,512.198875,499.043256,499.189242,499.050555
1303,20000,4,0.80024,,0.80024,0.799947,0.800234,512.205,512.0825,512.20255,499.043256,499.189242,499.046176
1304,20000,4,0.80024,,0.80024,0.799947,0.800234,512.205,512.0825,512.20255,499.043256,499.189242,499.046176
1305,20000,4,0.80024,,0.80024,0.799947,0.800237,512.205,512.0825,512.203775,499.043256,499.189242,499.044716
1306,20000,4,0.80024,,0.80024,0.80024,0.80024,512.205,512.205,512.205,499.043256,499.043256,499.043256
1307,20000,4,0.80024,,0.80024,0.80024,0.80024,512.205,512.205,512.205,499.043256,499.043256,499.043256
1308,20000,4,0.80024,,0.80024,0.80024,0.80024,512.205,512.205,512.205,499.043256,499.043256,499.043256
1309,20000,4,0.80024,,0.80024,0.80024,0.80024,512.205,512.205,512.205,499.043256,499.043256,499.043256
1310,20000,4,0.80024,,0.80024,0.80024,0.80024,512.205,512.205,512.205,499.043256,499.043256,499.043256
1311,20000,4,0.80024,,0.80024,0.80024,0.80024,512.205,512.205,512.205,499.043256,499.043256,499.043256
1312,20000,4,0.80024,,0.80024,0.80024,0.80024,512.205,512.205,512.205,499.043256,499.043256,499.043256
1313,20000,4,0.80024,,0.80024,0.80024,0.80024,512.205,512.205,512.205,499.043256,499.043256,499.043256
1314,20000,4,0.80024,,0.80024,0.80024,0.80024,512.205,512.205,512.205,499.043256,499.043256,499.043256
1315,20000,4,0.80024,,0.80024,0.80024,0.80024,512.205,512.205,512.205,499.043256,499.043256,499.043256
1316,20000,4,0.80024,,0.80024,0.80024,0.80024,512.205,512.205,512.205,499.043256,499.043256,499.043256
1317,20000,4,0.80024,,0.80024,0.80024,0.80024,512.205,512.205,512.205,499.043256,499.043256,499.043256
1318,20000,4,0.80024,,0.80024,0.80024,0.80024,512.205,512.205,512.205,499.043256,499.043256,499.043256
1319,20000,4,0.80024,,0.80024,0.80024,0.80024,512.205,512.205,512.205,499.043256,499.043256,499.043256
1320,20000,4,0.80024,,0.80024,0.80024,0.80024,512.205,512.205,512.205,499.043256,499.043256,499.043256
1321,20000,4,0.80024,,0.80024,0.80024,0.80024,512.205,512.205,512.205,499.043256,499.043256,499.043256
1322,20000,4,0.800516,,0.800516,0.80024,0.800242,512.205,512.205,512.205,498.827672,499.043256,499.0411
1323,20000,4,0.800516,,0.800516,0.80024,0.800245,512.205,512.205,512.205,498.827672,499.043256,499.038944
1324,20000,4,0.800516,,0.800516,0.80024,0.800253,512.205,512.205,512.205,498.827672,499.043256,499.032477
1325,20000,4,0.800516,,0.800516,0.80024,0.800259,512.205,512.205,512.205,498.827672,499.043256,499.028165
1326,20000,4,0.800516,,0.800516,0.80024,0.800262,512.205,512.205,512.205,498.827672,499.043256,499.026009
1327,20000,4,0.800516,,0.800516,0.80024,0.800267,512.205,512.205,512.205,498.827672,499.043256,499.021698
1328,20000,4,0.800516,,0.800516,0.80024,0.800281,512.205,512.205,512.205,498.827672,499.043256,499.010918
1329,20000,4,0.800516,,0.800516,0.80024,0.800298,512.205,512.205,512.205,498.827672,499.043256,498.997983
1330,20000,4,0.800516,,0.800516,0.80024,0.800303,512.205,512.205,512.205,498.827672,499.043256,498.993672
1331,20000,4,0.800516,,0.800516,0.80024,0.800325,512.205,512.205,512.205,498.827672,499.043256,498.976425
1332,20000,4,0.800516,,0.800516,0.80024,0.800334,512.205,512.205,512.205,498.827672,499.043256,498.969958
1333,20000,4,0.800516,,0.800516,0.80024,0.800361,512.205,512.205,512.205,498.827672,499.043256,498.948399
1334,20000,4,0.800516,,0.800516,0.80024,0.800383,512.205,512.205,512.205,498.827672,499.043256,498.931152
1335,20000,4,0.800516,,0.800516,0.80024,0.800405,512.205,512.205,512.205,498.827672,499.043256,498.913906
1336,20000,4,0.800516,,0.800516,0.80024,0.800422,512.205,512.205,512.205,498.827672,499.043256,498.900971
1337,20000,4,0.800516,,0.800516,0.80024,0.800444,512.205,512.205,512.205,498.827672,499.043256,498.883724
1338,20000,4,0.800516,,0.800516,0.80024,0.800458,512.205,512.205,512.205,498.827672,499.043256,498.872945
1339,20000,4,0.800516,,0.800516,0.80024,0.80048,512.205,512.205,512.205,498.827672,499.043256,498.855698
1340,20000,4,0.800516,,0.800516,0.80024,0.800491,512.205,512.205,512.205,498.827672,499.043256,498.847075
1341,20000,4,0.800516,,0.800516,0.80024,0.80051,512.205,512.205,512.205,498.827672,499.043256,498.831984
1342,20000,4,0.800516,,0.800516,0.80024,0.800513,512.205,512.205,512.205,498.827672,499.043256,498.829828
1343,20000,4,0.800516,,0.800516,0.800516,0.800516,512.205,512.205,512.205,498.827672,498.827672,498.827672
1344,20000,4,0.800516,,0.800516,0.800516,0.800516,512.205,512.205,512.205,498.827672,498.827672,498.827672
1345,20000,4,0.800516,,0.800516,0.800516,0.800516,512.205,512.205,512.205,498.827672,498.827672,498.827672
1346,20000,4,0.800516,,0.800516,0.800516,0.800516,512.205,512.205,512.205,498.827672,498.827672,498.827672
1347,20000,4,0.800516,,0.800516,0.800516,0.800516,512.205,512.205,512.205,498.827672,498.827672,498.827672
1348,20000,4,0.800516,,0.800516,0.800516,0.800516,512.205,512.205,512.205,498.827672,498.827672,498.827672
1349,20000,4,0.800516,,0.800516,0.800516,0.800516,512.205,512.205,512.205,498.827672,498.827672,498.827672
1350,20000,4,0.800516,,0.800516,0.800516,0.800516,512.205,512.205,512.205,498.827672,498.827672,498.827672
1351,20000,4,0.800516,,0.800516,0.800516,0.800516,512.205,512.205,512.205,498.827672,498.827672,498.827672
1352,20000,4,0.800516,,0.800516,0.800516,0.800516,512.205,512.205,512.205,498.827672,498.827672,498.827672
1353,20000,4,0.800516,,0.800516,0.800516,0.800516,512.205,512.205,512.205,498.827672,498.827672,498.827672
1354,20000,4,0.800516,,0.800516,0.800516,0.800516,512.205,512.205,512.205,498.827672,498.827672,498.827672
1355,20000,4,0.800516,,0.800516,0.800516,0.800516,512.205,512.205,512.205,498.827672,498.827672,498.827672
1356,20000,4,0.800516,,0.800516,0.800516,0.800516,512.205,512.205,512.205,498.827672,498.827672,498.827672
1357,20000,4,0.800516,,0.800516,0.800516,0.800516,512.205,512.205,512.205,498.827672,498.827672,498.827672
1358,20000,4,0.800516,,0.800516,0.800516,0.800516,512.205,512.205,512.205,498.827672,498.827672,498.827672
1359,20000,4,0.800516,,0.800516,0.800516,0.800516,512.205,512.205,512.205,498.827672,498.827672,498.827672
1360,20000,4,0.800516,,0.800516,0.800516,0.800516,512.205,512.205,512.205,498.827672,498.827672,498.827672
1361,20000,4,0.800516,,0.800516,0.800516,0.800516,512.205,512.205,512.205,498.827672,498.827672,498.827672
1362,20000,4,0.800516,,0.800516,0.800516,0.800516,512.205,512.205,512.205,498.827672,498.827672,498.827672
1363,20000,4,0.800516,,0.800516,0.800516,0.800516,512.205,512.205,512.205,498.827672,498.827672,498.827672
1364,20000,4,0.800516,,0.800516,0.800516,0.800516,512.205,512.205,512.205,498.827672,498.827672,498.827672
1365,20000,4,0.800516,,0.800516,0.800516,0.800516,512.205,512.205,512.205,498.827672,498.827672,498.827672
1366,20000,4,0.800516,,0.800516,0.800516,0.800516,512.205,512.205,512.205,498.827672,498.827672,498.827672
1367,20000,4,0.800516,,0.800516,0.800516,0.800516,512.205,512.205,512.205,498.827672,498.827672,498.827672
1368,20000,4,0.800516,,0.800516,0.800516,0.800516,512.205,512.205,512.205,498.827672,498.827672,498.827672
1369,20000,4,0.800516,,0.800516,0.800516,0.800516,512.205,512.205,512.205,498.827672,498.827672,498.827672
1370,20000,4,0.800516,,0.800516,0.800516,0.800516,512.205,512.205,512.205,498.827672,498.827672,498.827672
1371,20000,4,0.800516,,0.800516,0.800516,0.800516,512.205,512.205,512.205,498.827672,498.827672,498.827672
1372,20000,4,0.800516,,0.800516,0.800516,0.800516,512.205,512.205,512.205,498.827672,498.827672,498.827672
1373,20000,4,0.800516,,0.800516,0.800516,0.800516,512.205,512.205,512.205,498.827672,498.827672,498.827672
1374,20000,4,0.800516,,0.800516,0.800516,0.800516,512.205,512.205,512.205,498.827672,498.827672,498.827672
1375,20000,4,0.800516,,0.800516,0.800516,0.800516,512.205,512.205,512.205,498.827672,498.827672,498.827672
1376,20000,4,0.800516,,0.800516,0.800516,0.800516,512.205,512.205,512.205,498.827672,498.827672,498.827672
1377,20000,4,0.800516,,0.800516,0.800516,0.800516,512.205,512.205,512.205,498.827672,498.827672,498.827672
1378,20000,4,0.800516,,0.800516,0.800516,0.800516,512.205,512.205,512.205,498.827672,498.827672,498.827672
1379,20000,4,0.800516,,0.800516,0.800516,0.800516,512.205,512.205,512.205,498.827672,498.827672,498.827672
1380,20000,4,0.800516,,0.800516,0.800516,0.800516,512.205,512.205,512.205,498.827672,498.827672,498.827672
1381,20000,4,0.800516,,0.800516,0.800516,0.800516,512.205,512.205,512.205,498.827672,498.827672,498.827672
1382,20000,4,0.800516,,0.800516,0.800516,0.800516,512.205,512.205,512.205,498.827672,498.827672,498.827672
1383,20000,4,0.800516,,0.800516,0.800516,0.800516,512.205,512.205,512.205,498.827672,498.827672,498.827672
1384,20000,4,0.800516,,0.800516,0.800516,0.800516,512.205,512.205,512.205,498.827672,498.827672,498.827672
1385,20000,4,0.800516,,0.800516,0.800516,0.800516,512.205,512.205,512.205,498.827672,498.827672,498.827672
1386,20000,4,0.800516,,0.800516,0.800516,0.800516,512.205,512.205,512.205,498.827672,498.827672,498.827672
1387,20000,4,0.800516,,0.800516,0.800516,0.800516,512.205,512.205,512.205,498.827672,498.827672,498.827672
1388,20000,4,0.800516,,0.800516,0.800516,0.800516,512.205,512.205,512.205,498.827672,498.827672,498.827672
1389,20000,4,0.800516,,0.800516,0.800516,0.800516,512.205,512.205,512.205,498.827672,498.827672,498.827672
1390,20000,4,0.800516,,0.800516,0.800516,0.800516,512.205,512.205,512.205,498.827672,498.827672,498.827672
1391,20000,4,0.800516,,0.800516,0.800516,0.800516,512.205,512.205,512.205,498.827672,498.827672,498.827672
1392,20000,4,0.800516,,0.800516,0.800516,0.800516,512.205,512.205,512.205,498.827672,498.827672,498.827672
1393,20000,4,0.800516,,0.800516,0.800516,0.800516,512.205,512.205,512.205,498.827672,498.827672,498.827672
1394,20000,4,0.800516,,0.800516,0.800516,0.800516,512.205,512.205,512.205,498.827672,498.827672,498.827672
1395,20000,4,0.800516,,0.800516,0.800516,0.800516,512.205,512.205,512.205,498.827672,498.827672,498.827672
1396,20000,4,0.800516,,0.800516,0.800516,0.800516,512.205,512.205,512.205,498.827672,498.827672,498.827672
1397,20000,4,0.800516,,0.800516,0.800516,0.800516,512.205,512.205,512.205,498.827672,498.827672,498.827672
1398,20000,4,0.800516,,0.800516,0.800516,0.800516,512.205,512.205,512.205,498.827672,498.827672,498.827672
1399,20000,4,0.800516,,0.800516,0.800516,0.800516,512.205,512.205,512.205,498.827672,498.827672,498.827672
1400,20000,4,0.800516,,0.800516,0.800516,0.800516,512.205,512.205,512.205,498.827672,498.827672,498.827672
1401,20000,4,0.800516,,0.800516,0.800516,0.800516,512.205,512.205,512.205,498.827672,498.827672,498.827672
1402,20000,4,0.800516,,0.800516,0.800516,0.800516,512.205,512.205,512.205,498.827672,498.827672,498.827672
1403,20000,4,0.800516,,0.800516,0.800516,0.800516,512.205,512.205,512.205,498.827672,498.827672,498.827672
1404,20000,4,0.800516,,0.800516,0.800516,0.800516,512.205,512.205,512.205,498.827672,498.827672,498.827672
1405,20000,4,0.800516,,0.800516,0.800516,0.800516,512.205,512.205,512.205,498.827672,498.827672,498.827672
1406,20000,4,0.800516,,0.800516,0.800516,0.800516,512.205,512.205,512.205,498.827672,498.827672,498.827672
1407,20000,4,0.800516,,0.800516,0.800516,0.800516,512.205,512.205,512.205,498.827672,498.827672,498.827672
1408,20000,4,0.800516,,0.800516,0.800516,0.800516,512.205,512.205,512.205,498.827672,498.827672,498.827672
1409,20000,4,0.800516,,0.800516,0.800516,0.800516,512.205,512.205,512.205,498.827672,498.827672,498.827672
1410,20000,4,0.800516,,0.800516,0.800516,0.800516,512.205,512.205,512.205,498.827672,498.827672,498.827672
1411,20000,4,0.800516,,0.800516,0.800516,0.800516,512.205,512.205,512.205,498.827672,498.827672,498.827672
1412,20000,4,0.800516,,0.800516,0.800516,0.800516,512.205,512.205,512.205,498.827672,498.827672,498.827672
1413,20000,4,0.800516,,0.800516,0.800516,0.800516,512.205,512.205,512.205,498.827672,498.827672,498.827672
1414,20000,4,0.800516,,0.800516,0.800516,0.800516,512.205,512.205,512.205,498.827672,498.827672,498.827672
1415,20000,4,0.800516,,0.800516,0.800516,0.800516,512.205,512.205,512.205,498.827672,498.827672,498.827672
1416,20000,4,0.800516,,0.800516,0.800516,0.800516,512.205,512.205,512.205,498.827672,498.827672,498.827672
1417,20000,4,0.800516,,0.800516,0.800516,0.800516,512.205,512.205,512.205,498.827672,498.827672,498.827672
1418,20000,4,0.800516,,0.800516,0.800516,0.800516,512.205,512.205,512.205,498.827672,498.827672,498.827672
1419,20000,4,0.800516,,0.800516,0.800516,0.800516,512.205,512.205,512.205,498.827672,498.827672,498.827672
1420,20000,4,0.800516,,0.800516,0.800516,0.800516,512.205,512.205,512.205,498.827672,498.827672,498.827672
1421,20000,4,0.800516,,0.800516,0.800516,0.800516,512.205,512.205,512.205,498.827672,498.827672,498.827672
1422,20000,4,0.800516,,0.800516,0.800516,0.800516,512.205,512.205,512.205,498.827672,498.827672,498.827672
1423,20000,4,0.800516,,0.800516,0.800516,0.800516,512.205,512.205,512.205,498.827672,498.827672,498.827672
1424,20000,4,0.800516,,0.800516,0.800516,0.800516,512.205,512.205,512.205,498.827672,498.827672,498.827672
1425,20000,4,0.800516,,0.800516,0.800516,0.800516,512.205,512.205,512.205,498.827672,498.827672,498.827672
1426,20000,4,0.800516,,0.800516,0.800516,0.800516,512.205,512.205,512.205,498.827672,498.827672,498.827672
1427,20000,4,0.800516,,0.800516,0.800516,0.800516,512.205,512.205,512.205,498.827672,498.827672,498.827672
1428,20000,4,0.800516,,0.800516,0.800516,0.800516,512.205,512.205,512.205,498.827672,498.827672,498.827672
1429,20000,4,0.800516,,0.800516,0.800516,0.800516,512.205,512.205,512.205,498.827672,498.827672,498.827672
1430,20000,4,0.800516,,0.800516,0.800516,0.800516,512.205,512.205,512.205,498.827672,498.827672,498.827672
1431,20000,4,0.800516,,0.800516,0.800516,0.800516,512.205,512.205,512.205,498.827672,498.827672,498.827672
1432,20000,4,0.800516,,0.800516,0.800516,0.800516,512.205,512.205,512.205,498.827672,498.827672,498.827672
1433,20000,4,0.800516,,0.800516,0.800516,0.800516,512.205,512.205,512.205,498.827672,498.827672,498.827672
1434,20000,4,0.800516,,0.800516,0.800516,0.800516,512.205,512.205,512.205,498.827672,498.827672,498.827672
1435,20000,4,0.800516,,0.800516,0.800516,0.800516,512.205,512.205,512.205,498.827672,498.827672,498.827672
1436,20000,4,0.800516,,0.800516,0.800516,0.800516,512.205,512.205,512.205,498.827672,498.827672,498.827672
1437,20000,4,0.800516,,0.800516,0.800516,0.800516,512.205,512.205,512.205,498.827672,498.827672,498.827672
1438,20000,4,0.800516,,0.800516,0.800516,0.800516,512.205,512.205,512.205,498.827672,498.827672,498.827672
1439,20000,4,0.800516,,0.800516,0.800516,0.800516,512.205,512.205,512.205,498.827672,498.827672,498.827672
1440,20000,4,0.800516,,0.800516,0.800516,0.800516,512.205,512.205,512.205,498.827672,498.827672,498.827672
1441,20000,4,0.800516,,0.800516,0.800516,0.800516,512.205,512.205,512.205,498.827672,498.827672,498.827672
1442,20000,4,0.800516,,0.800516,0.800516,0.800516,512.205,512.205,512.205,498.827672,498.827672,498.827672
1443,20000,4,0.800516,,0.800516,0.800516,0.800516,512.205,512.205,512.205,498.827672,498.827672,498.827672
1444,20000,4,0.800516,,0.800516,0.800516,0.800516,512.205,512.205,512.205,498.827672,498.827672,498.827672
1445,20000,4,0.800516,,0.800516,0.800516,0.800516,512.205,512.205,512.205,498.827672,498.827672,498.827672
1446,20000,4,0.800516,,0.800516,0.800516,0.800516,512.205,512.205,512.205,498.827672,498.827672,498.827672
1447,20000,4,0.800516,,0.800516,0.800516,0.800516,512.205,512.205,512.205,498.827672,498.827672,498.827672
1448,20000,4,0.800516,,0.800516,0.800516,0.800516,512.205,512.205,512.205,498.827672,498.827672,498.827672
1449,20000,4,0.800516,,0.800516,0.800516,0.800516,512.205,512.205,512.205,498.827672,498.827672,498.827672
1450,20000,4,0.800516,,0.800516,0.800516,0.800516,512.205,512.205,512.205,498.827672,498.827672,498.827672
1451,20000,4,0.800516,,0.800516,0.800516,0.800516,512.205,512.205,512.205,498.827672,498.827672,498.827672
1452,20000,4,0.800516,,0.800516,0.800516,0.800516,512.205,512.205,512.205,498.827672,498.827672,498.827672
1453,20000,4,0.800516,,0.800516,0.800516,0.800516,512.205,512.205,512.205,498.827672,498.827672,498.827672
1454,20000,4,0.800516,,0.800516,0.800516,0.800516,512.205,512.205,512.205,498.827672,498.827672,498.827672
1455,20000,4,0.800516,,0.800516,0.800516,0.800516,512.205,512.205,512.205,498.827672,498.827672,498.827672
1456,20000,4,0.800516,,0.800516,0.800516,0.800516,512.205,512.205,512.205,498.827672,498.827672,498.827672
1457,20000,4,0.800516,,0.800516,0.800516,0.800516,512.205,512.205,512.205,498.827672,498.827672,498.827672
1458,20000,4,0.800516,,0.800516,0.800516,0.800516,512.205,512.205,512.205,498.827672,498.827672,498.827672
1459,20000,4,0.800516,,0.800516,0.800516,0.800516,512.205,512.205,512.205,498.827672,498.827672,498.827672
1460,20000,4,0.800516,,0.800516,0.800516,0.800516,512.205,512.205,512.205,498.827672,498.827672,498.827672
1461,20000,4,0.800516,,0.800516,0.800516,0.800516,512.205,512.205,512.205,498.827672,498.827672,498.827672
1462,20000,4,0.800516,,0.800516,0.800516,0.800516,512.205,512.205,512.205,498.827672,498.827672,498.827672
1463,20000,4,0.800516,,0.800516,0.800516,0.800516,512.205,512.205,512.205,498.827672,498.827672,498.827672
1464,20000,4,0.800516,,0.800516,0.800516,0.800516,512.205,512.205,512.205,498.827672,498.827672,498.827672
1465,20000,4,0.800516,,0.800516,0.800516,0.800516,512.205,512.205,512.205,498.827672,498.827672,498.827672
1466,20000,4,0.800516,,0.800516,0.800516,0.800516,512.205,512.205,512.205,498.827672,498.827672,498.827672
1467,20000,4,0.800516,,0.800516,0.800516,0.800516,512.205,512.205,512.205,498.827672,498.827672,498.827672
1468,20000,4,0.800516,,0.800516,0.800516,0.800516,512.205,512.205,512.205,498.827672,498.827672,498.827672
1469,20000,4,0.800516,,0.800516,0.800516,0.800516,512.205,512.205,512.205,498.827672,498.827672,498.827672
1470,20000,4,0.800516,,0.800516,0.800516,0.800516,512.205,512.205,512.205,498.827672,498.827672,498.827672
1471,20000,4,0.800516,,0.800516,0.800516,0.800516,512.205,512.205,512.205,498.827672,498.827672,498.827672
1472,20000,4,0.800516,,0.800516,0.800516,0.800516,512.205,512.205,512.205,498.827672,498.827672,498.827672
1473,20000,4,0.800516,,0.800516,0.800516,0.800516,512.205,512.205,512.205,498.827672,498.827672,498.827672
1474,20000,4,0.800516,,0.800516,0.800516,0.800516,512.205,512.205,512.205,498.827672,498.827672,498.827672
1475,20000,4,0.800516,,0.800516,0.800516,0.800516,512.205,512.205,512.205,498.827672,498.827672,498.827672
1476,20000,4,0.800516,,0.800516,0.800516,0.800516,512.205,512.205,512.205,498.827672,498.827672,498.827672
1477,20000,4,0.800516,,0.800516,0.800516,0.800516,512.205,512.205,512.205,498.827672,498.827672,498.827672
1478,20000,4,0.800516,,0.800516,0.800516,0.800516,512.205,512.205,512.205,498.827672,498.827672,498.827672
1479,20000,4,0.800516,,0.800516,0.800516,0.800516,512.205,512.205,512.205,498.827672,498.827672,498.827672
1480,20000,4,0.800516,,0.800516,0.800516,0.800516,512.205,512.205,512.205,498.827672,498.827672,498.827672
1481,20000,4,0.800516,,0.800516,0.800516,0.800516,512.205,512.205,512.205,498.827672,498.827672,498.827672
1482,20000,4,0.800516,,0.800516,0.800516,0.800516,512.205,512.205,512.205,498.827672,498.827672,498.827672
1483,20000,4,0.800516,,0.800516,0.800516,0.800516,512.205,512.205,512.205,498.827672,498.827672,498.827672
1484,20000,4,0.800516,,0.800516,0.800516,0.800516,512.205,512.205,512.205,498.827672,498.827672,498.827672
1485,20000,4,0.800516,,0.800516,0.800516,0.800516,512.205,512.205,512.205,498.827672,498.827672,498.827672
1486,20000,4,0.800516,,0.800516,0.800516,0.800516,512.205,512.205,512.205,498.827672,498.827672,498.827672
1487,20000,4,0.800516,,0.800516,0.800516,0.800516,512.205,512.205,512.205,498.827672,498.827672,498.827672
1488,20000,4,0.800516,,0.800516,0.800516,0.800516,512.205,512.205,512.205,498.827672,498.827672,498.827672
1489,20000,4,0.800516,,0.800516,0.800516,0.800516,512.205,512.205,512.205,498.827672,498.827672,498.827672
1490,20000,4,0.800516,,0.800516,0.800516,0.800516,512.205,512.205,512.205,498.827672,498.827672,498.827672
1491,20000,4,0.800516,,0.800516,0.800516,0.800516,512.205,512.205,512.205,498.827672,498.827672,498.827672
1492,20000,4,0.800516,,0.800516,0.800516,0.800516,512.205,512.205,512.205,498.827672,498.827672,498.827672
1493,20000,4,0.800516,,0.800516,0.800516,0.800516,512.205,512.205,512.205,498.827672,498.827672,498.827672
1494,20000,4,0.800516,,0.800516,0.800516,0.800516,512.205,512.205,512.205,498.827672,498.827672,498.827672
1495,20000,4,0.800516,,0.800516,0.800516,0.800516,512.205,512.205,512.205,498.827672,498.827672,498.827672
1496,20000,4,0.800516,,0.800516,0.800516,0.800516,512.205,512.205,512.205,498.827672,498.827672,498.827672
1497,20000,4,0.800516,,0.800516,0.800516,0.800516,512.205,512.205,512.205,498.827672,498.827672,498.827672
1498,20000,4,0.800516,,0.800516,0.800516,0.800516,512.205,512.205,512.205,498.827672,498.827672,498.827672
1499,20000,4,0.800516,,0.800516,0.800516,0.800516,512.205,512.205,512.205,498.827672,498.827672,498.827672
1500,20000,4,0.800516,,0.800516,0.800516,0.800516,512.205,512.205,512.205,498.827672,498.827672,498.827672
1501,20000,4,0.800516,,0.800516,0.800516,0.800516,512.205,512.205,512.205,498.827672,498.827672,498.827672
1502,20000,4,0.800516,,0.800516,0.800516,0.800516,512.205,512.205,512.205,498.827672,498.827672,498.827672
1503,20000,4,0.800516,,0.800516,0.800516,0.800516,512.205,512.205,512.205,498.827672,498.827672,498.827672
1504,20000,4,0.800516,,0.800516,0.800516,0.800516,512.205,512.205,512.205,498.827672,498.827672,498.827672
1505,20000,4,0.800516,,0.800516,0.800516,0.800516,512.205,512.205,512.205,498.827672,498.827672,498.827672
1506,20000,4,0.800516,,0.800516,0.800516,0.800516,512.205,512.205,512.205,498.827672,498.827672,498.827672
1507,20000,4,0.800516,,0.800516,0.800516,0.800516,512.205,512.205,512.205,498.827672,498.827672,498.827672
1508,20000,4,0.800516,,0.800516,0.800516,0.800516,512.205,512.205,512.205,498.827672,498.827672,498.827672
1509,20000,4,0.800516,,0.800516,0.800516,0.800516,512.205,512.205,512.205,498.827672,498.827672,498.827672
1510,20000,4,0.800516,,0.800516,0.800516,0.800516,512.205,512.205,512.205,498.827672,498.827672,498.827672
1511,20000,4,0.800516,,0.800516,0.800516,0.800516,512.205,512.205,512.205,498.827672,498.827672,498.827672
1512,20000,4,0.800516,,0.800516,0.800516,0.800516,512.205,512.205,512.205,498.827672,498.827672,498.827672
1513,20000,4,0.800516,,0.800516,0.800516,0.800516,512.205,512.205,512.205,498.827672,498.827672,498.827672
1514,20000,4,0.800516,,0.800516,0.800516,0.800516,512.205,512.205,512.205,498.827672,498.827672,498.827672
1515,20000,4,0.800516,,0.800516,0.800516,0.800516,512.205,512.205,512.205,498.827672,498.827672,498.827672
1516,20000,4,0.800516,,0.800516,0.800516,0.800516,512.205,512.205,512.205,498.827672,498.827672,498.827672
1517,20000,4,0.800516,,0.800516,0.800516,0.800516,512.205,512.205,512.205,498.827672,498.827672,498.827672
1518,20000,4,0.800516,,0.800516,0.800516,0.800516,512.205,512.205,512.205,498.827672,498.827672,498.827672
1519,20000,4,0.800516,,0.800516,0.800516,0.800516,512.205,512.205,512.205,498.827672,498.827672,498.827672
1520,20000,4,0.800516,,0.800516,0.800516,0.800516,512.205,512.205,512.205,498.827672,498.827672,498.827672
1521,20000,4,0.800516,,0.800516,0.800516,0.800516,512.205,512.205,512.205,498.827672,498.827672,498.827672
1522,20000,4,0.800516,,0.800516,0.800516,0.800516,512.205,512.205,512.205,498.827672,498.827672,498.827672
1523,20000,4,0.800516,,0.800516,0.800516,0.800516,512.205,512.205,512.205,498.827672,498.827672,498.827672
1524,20000,4,0.800516,,0.800516,0.800516,0.800516,512.205,512.205,512.205,498.827672,498.827672,498.827672
1525,20000,4,0.800516,,0.800516,0.800516,0.800516,512.205,512.205,512.205,498.827672,498.827672,498.827672
1526,20000,4,0.800516,,0.800516,0.800516,0.800516,512.205,512.205,512.205,498.827672,498.827672,498.827672
1527,20000,4,0.800516,,0.800516,0.800516,0.800516,512.205,512.205,512.205,498.827672,498.827672,498.827672
1528,20000,4,0.800516,,0.800516,0.800516,0.800516,512.205,512.205,512.205,498.827672,498.827672,498.827672
1529,20000,4,0.800516,,0.800516,0.800516,0.800516,512.205,512.205,512.205,498.827672,498.827672,498.827672
1530,20000,4,0.800516,,0.800516,0.800516,0.800516,512.205,512.205,512.205,498.827672,498.827672,498.827672
1531,20000,4,0.800516,,0.800516,0.800516,0.800516,512.205,512.205,512.205,498.827672,498.827672,498.827672
1532,20000,4,0.800516,,0.800516,0.800516,0.800516,512.205,512.205,512.205,498.827672,498.827672,498.827672
1533,20000,4,0.800516,,0.800516,0.800516,0.800516,512.205,512.205,512.205,498.827672,498.827672,498.827672
1534,20000,4,0.800516,,0.800516,0.800516,0.800516,512.205,512.205,512.205,498.827672,498.827672,498.827672
1535,20000,4,0.800516,,0.800516,0.800516,0.800516,512.205,512.205,512.205,498.827672,498.827672,498.827672
1536,20000,4,0.800516,,0.800516,0.800516,0.800516,512.205,512.205,512.205,498.827672,498.827672,498.827672
1537,20000,4,0.800516,,0.800516,0.800516,0.800516,512.205,512.205,512.205,498.827672,498.827672,498.827672
1538,20000,4,0.800516,,0.800516,0.800516,0.800516,512.205,512.205,512.205,498.827672,498.827672,498.827672
1539,20000,4,0.800516,,0.800516,0.800516,0.800516,512.205,512.205,512.205,498.827672,498.827672,498.827672
1540,20000,4,0.800516,,0.800516,0.800516,0.800516,512.205,512.205,512.205,498.827672,498.827672,498.827672
1541,20000,4,0.800516,,0.800516,0.800516,0.800516,512.205,512.205,512.205,498.827672,498.827672,498.827672
1542,20000,4,0.800516,,0.800516,0.800516,0.800516,512.205,512.205,512.205,498.827672,498.827672,498.827672
1543,20000,4,0.800516,,0.800516,0.800516,0.800516,512.205,512.205,512.205,498.827672,498.827672,498.827672
1544,20000,4,0.800516,,0.800516,0.800516,0.800516,512.205,512.205,512.205,498.827672,498.827672,498.827672
1545,20000,4,0.800516,,0.800516,0.800516,0.800516,512.205,512.205,512.205,498.827672,498.827672,498.827672
1546,20000,4,0.800516,,0.800516,0.800516,0.800516,512.205,512.205,512.205,498.827672,498.827672,498.827672
1547,20000,4,0.800516,,0.800516,0.800516,0.800516,512.205,512.205,512.205,498.827672,498.827672,498.827672
1548,20000,4,0.800516,,0.800516,0.800516,0.800516,512.205,512.205,512.205,498.827672,498.827672,498.827672
1549,20000,4,0.800516,,0.800516,0.800516,0.800516,512.205,512.205,512.205,498.827672,498.827672,498.827672
1550,20000,4,0.800516,,0.800516,0.800516,0.800516,512.205,512.205,512.205,498.827672,498.827672,498.827672
1551,20000,4,0.800516,,0.800516,0.800516,0.800516,512.205,512.205,512.205,498.827672,498.827672,498.827672
1552,20000,4,0.800516,,0.800516,0.800516,0.800516,512.205,512.205,512.205,498.827672,498.827672,498.827672
1553,20000,4,0.800516,,0.800516,0.800516,0.800516,512.205,512.205,512.205,498.827672,498.827672,498.827672
1554,20000,4,0.800516,,0.800516,0.800516,0.800516,512.205,512.205,512.205,498.827672,498.827672,498.827672
1555,20000,4,0.800516,,0.800516,0.800516,0.800516,512.205,512.205,512.205,498.827672,498.827672,498.827672
1556,20000,4,0.800516,,0.800516,0.800516,0.800516,512.205,512.205,512.205,498.827672,498.827672,498.827672
1557,20000,4,0.800516,,0.800516,0.800516,0.800516,512.205,512.205,512.205,498.827672,498.827672,498.827672
1558,20000,4,0.800516,,0.800516,0.800516,0.800516,512.205,512.205,512.205,498.827672,498.827672,498.827672
1559,20000,4,0.800516,,0.800516,0.800516,0.800516,512.205,512.205,512.205,498.827672,498.827672,498.827672
1560,20000,4,0.800516,,0.800516,0.800516,0.800516,512.205,512.205,512.205,498.827672,498.827672,498.827672
1561,20000,4,0.800516,,0.800516,0.800516,0.800516,512.205,512.205,512.205,498.827672,498.827672,498.827672
1562,20000,4,0.800516,,0.800516,0.800516,0.800516,512.205,512.205,512.205,498.827672,498.827672,498.827672
1563,20000,4,0.800516,,0.800516,0.800516,0.800516,512.205,512.205,512.205,498.827672,498.827672,498.827672
1564,20000,4,0.800516,,0.800516,0.800516,0.800516,512.205,512.205,512.205,498.827672,498.827672,498.827672
1565,20000,4,0.800516,,0.800516,0.800516,0.800516,512.205,512.205,512.205,498.827672,498.827672,498.827672
1566,20000,4,0.800516,,0.800516,0.800516,0.800516,512.205,512.205,512.205,498.827672,498.827672,498.827672
1567,20000,4,0.800516,,0.800516,0.800516,0.800516,512.205,512.205,512.205,498.827672,498.827672,498.827672
1568,20000,4,0.800516,,0.800516,0.800516,0.800516,512.205,512.205,512.205,498.827672,498.827672,498.827672
1569,20000,4,0.800516,,0.800516,0.800516,0.800516,512.205,512.205,512.205,498.827672,498.827672,498.827672
1570,20000,4,0.800516,,0.800516,0.800516,0.800516,512.205,512.205,512.205,498.827672,498.827672,498.827672
1571,20000,4,0.800516,,0.800516,0.800516,0.800516,512.205,512.205,512.205,498.827672,498.827672,498.827672
1572,20000,4,0.800516,,0.800516,0.800516,0.800516,512.205,512.205,512.205,498.827672,498.827672,498.827672
1573,20000,4,0.800516,,0.800516,0.800516,0.800516,512.205,512.205,512.205,498.827672,498.827672,498.827672
1574,20000,4,0.800516,,0.800516,0.800516,0.800516,512.205,512.205,512.205,498.827672,498.827672,498.827672
1575,20000,4,0.800516,,0.800516,0.800516,0.800516,512.205,512.205,512.205,498.827672,498.827672,498.827672
1576,20000,4,0.800516,,0.800516,0.800516,0.800516,512.205,512.205,512.205,498.827672,498.827672,498.827672
1577,20000,4,0.800516,,0.800516,0.800516,0.800516,512.205,512.205,512.205,498.827672,498.827672,498.827672
1578,20000,4,0.800516,,0.800516,0.800516,0.800516,512.205,512.205,512.205,498.827672,498.827672,498.827672
1579,20000,4,0.800516,,0.800516,0.800516,0.800516,512.205,512.205,512.205,498.827672,498.827672,498.827672
1580,20000,4,0.800516,,0.800516,0.800516,0.800516,512.205,512.205,512.205,498.827672,498.827672,498.827672
1581,20000,4,0.800516,,0.800516,0.800516,0.800516,512.205,512.205,512.205,498.827672,498.827672,498.827672
1582,20000,4,0.800516,,0.800516,0.800516,0.800516,512.205,512.205,512.205,498.827672,498.827672,498.827672
1583,20000,4,0.800516,,0.800516,0.800516,0.800516,512.205,512.205,512.205,498.827672,498.827672,498.827672
1584,20000,4,0.800516,,0.800516,0.800516,0.800516,512.205,512.205,512.205,498.827672,498.827672,498.827672
1585,20000,4,0.800516,,0.800516,0.800516,0.800516,512.205,512.205,512.205,498.827672,498.827672,498.827672
1586,20000,4,0.800516,,0.800516,0.800516,0.800516,512.205,512.205,512.205,498.827672,498.827672,498.827672
1587,20000,4,0.800516,,0.800516,0.800516,0.800516,512.205,512.205,512.205,498.827672,498.827672,498.827672
1588,20000,4,0.800516,,0.800516,0.800516,0.800516,512.205,512.205,512.205,498.827672,498.827672,498.827672
1589,20000,4,0.800516,,0.800516,0.800516,0.800516,512.205,512.205,512.205,498.827672,498.827672,498.827672
1590,20000,4,0.800516,,0.800516,0.800516,0.800516,512.205,512.205,512.205,498.827672,498.827672,498.827672
1591,20000,4,0.800516,,0.800516,0.800516,0.800516,512.205,512.205,512.205,498.827672,498.827672,498.827672
1592,20000,4,0.800516,,0.800516,0.800516,0.800516,512.205,512.205,512.205,498.827672,498.827672,498.827672
1593,20000,4,0.800516,,0.800516,0.800516,0.800516,512.205,512.205,512.205,498.827672,498.827672,498.827672
1594,20000,4,0.800516,,0.800516,0.800516,0.800516,512.205,512.205,512.205,498.827672,498.827672,498.827672
1595,20000,4,0.800516,,0.800516,0.800516,0.800516,512.205,512.205,512.205,498.827672,498.827672,498.827672
1596,20000,4,0.800516,,0.800516,0.800516,0.800516,512.205,512.205,512.205,498.827672,498.827672,498.827672
1597,20000,4,0.800516,,0.800516,0.800516,0.800516,512.205,512.205,512.205,498.827672,498.827672,498.827672
1598,20000,4,0.800516,,0.800516,0.800516,0.800516,512.205,512.205,512.205,498.827672,498.827672,498.827672
1599,20000,4,0.800516,,0.800516,0.800516,0.800516,512.205,512.205,512.205,498.827672,498.827672,498.827672
1600,20000,4,0.800516,,0.800516,0.800516,0.800516,512.205,512.205,512.205,498.827672,498.827672,498.827672
1601,20000,4,0.800516,,0.800516,0.800516,0.800516,512.205,512.205,512.205,498.827672,498.827672,498.827672
1602,20000,4,0.800516,,0.800516,0.800516,0.800516,512.205,512.205,512.205,498.827672,498.827672,498.827672
1603,20000,4,0.800516,,0.800516,0.800516,0.800516,512.205,512.205,512.205,498.827672,498.827672,498.827672
1604,20000,4,0.800516,,0.800516,0.800516,0.800516,512.205,512.205,512.205,498.827672,498.827672,498.827672
1605,20000,4,0.800516,,0.800516,0.800516,0.800516,512.205,512.205,512.205,498.827672,498.827672,498.827672
1606,20000,4,0.800516,,0.800516,0.800516,0.800516,512.205,512.205,512.205,498.827672,498.827672,498.827672
1607,20000,4,0.800516,,0.800516,0.800516,0.800516,512.205,512.205,512.205,498.827672,498.827672,498.827672
1608,20000,4,0.800516,,0.800516,0.800516,0.800516,512.205,512.205,512.205,498.827672,498.827672,498.827672
1609,20000,4,0.800516,,0.800516,0.800516,0.800516,512.205,512.205,512.205,498.827672,498.827672,498.827672
1610,20000,4,0.800516,,0.800516,0.800516,0.800516,512.205,512.205,512.205,498.827672,498.827672,498.827672
1611,20000,4,0.800516,,0.800516,0.800516,0.800516,512.205,512.205,512.205,498.827672,498.827672,498.827672
1612,20000,4,0.800516,,0.800516,0.800516,0.800516,512.205,512.205,512.205,498.827672,498.827672,498.827672
1613,20000,4,0.800516,,0.800516,0.800516,0.800516,512.205,512.205,512.205,498.827672,498.827672,498.827672
1614,20000,4,0.800516,,0.800516,0.800516,0.800516,512.205,512.205,512.205,498.827672,498.827672,498.827672
1615,20000,4,0.800516,,0.800516,0.800516,0.800516,512.205,512.205,512.205,498.827672,498.827672,498.827672
1616,20000,4,0.800516,,0.800516,0.800516,0.800516,512.205,512.205,512.205,498.827672,498.827672,498.827672
1617,20000,4,0.800516,,0.800516,0.800516,0.800516,512.205,512.205,512.205,498.827672,498.827672,498.827672
1618,20000,4,0.800516,,0.800516,0.800516,0.800516,512.205,512.205,512.205,498.827672,498.827672,498.827672
1619,20000,4,0.800516,,0.800516,0.800516,0.800516,512.205,512.205,512.205,498.827672,498.827672,498.827672
1620,20000,4,0.800516,,0.800516,0.800516,0.800516,512.205,512.205,512.205,498.827672,498.827672,498.827672
1621,20000,4,0.800516,,0.800516,0.800516,0.800516,512.205,512.205,512.205,498.827672,498.827672,498.827672
1622,20000,4,0.800516,,0.800516,0.800516,0.800516,512.205,512.205,512.205,498.827672,498.827672,498.827672
1623,20000,4,0.800516,,0.800516,0.800516,0.800516,512.205,512.205,512.205,498.827672,498.827672,498.827672
1624,20000,4,0.800516,,0.800516,0.800516,0.800516,512.205,512.205,512.205,498.827672,498.827672,498.827672
1625,20000,4,0.800516,,0.800516,0.800516,0.800516,512.205,512.205,512.205,498.827672,498.827672,498.827672
1626,20000,4,0.800516,,0.800516,0.800516,0.800516,512.205,512.205,512.205,498.827672,498.827672,498.827672
1627,20000,4,0.800516,,0.800516,0.800516,0.800516,512.205,512.205,512.205,498.827672,498.827672,498.827672
1628,20000,4,0.800516,,0.800516,0.800516,0.800516,512.205,512.205,512.205,498.827672,498.827672,498.827672
1629,20000,4,0.800516,,0.800516,0.800516,0.800516,512.205,512.205,512.205,498.827672,498.827672,498.827672
1630,20000,4,0.800516,,0.800516,0.800516,0.800516,512.205,512.205,512.205,498.827672,498.827672,498.827672
1631,20000,4,0.800516,,0.800516,0.800516,0.800516,512.205,512.205,512.205,498.827672,498.827672,498.827672
1632,20000,4,0.800516,,0.800516,0.800516,0.800516,512.205,512.205,512.205,498.827672,498.827672,498.827672
1633,20000,4,0.800516,,0.800516,0.800516,0.800516,512.205,512.205,512.205,498.827672,498.827672,498.827672
1634,20000,4,0.800516,,0.800516,0.800516,0.800516,512.205,512.205,512.205,498.827672,498.827672,498.827672
1635,20000,4,0.800516,,0.800516,0.800516,0.800516,512.205,512.205,512.205,498.827672,498.827672,498.827672
1636,20000,4,0.800516,,0.800516,0.800516,0.800516,512.205,512.205,512.205,498.827672,498.827672,498.827672
1637,20000,4,0.800516,,0.800516,0.800516,0.800516,512.205,512.205,512.205,498.827672,498.827672,498.827672
1638,20000,4,0.800516,,0.800516,0.800516,0.800516,512.205,512.205,512.205,498.827672,498.827672,498.827672
1639,20000,4,0.800516,,0.800516,0.800516,0.800516,512.205,512.205,512.205,498.827672,498.827672,498.827672
1640,20000,4,0.800516,,0.800516,0.800516,0.800516,512.205,512.205,512.205,498.827672,498.827672,498.827672
1641,20000,4,0.800516,,0.800516,0.800516,0.800516,512.205,512.205,512.205,498.827672,498.827672,498.827672
1642,20000,4,0.800516,,0.800516,0.800516,0.800516,512.205,512.205,512.205,498.827672,498.827672,498.827672
1643,20000,4,0.800516,,0.800516,0.800516,0.800516,512.205,512.205,512.205,498.827672,498.827672,498.827672
1644,20000,4,0.800516,,0.800516,0.800516,0.800516,512.205,512.205,512.205,498.827672,498.827672,498.827672
1645,20000,4,0.800516,,0.800516,0.800516,0.800516,512.205,512.205,512.205,498.827672,498.827672,498.827672
1646,20000,4,0.800516,,0.800516,0.800516,0.800516,512.205,512.205,512.205,498.827672,498.827672,498.827672
1647,20000,4,0.800516,,0.800516,0.800516,0.800516,512.205,512.205,512.205,498.827672,498.827672,498.827672
1648,20000,4,0.800516,,0.800516,0.800516,0.800516,512.205,512.205,512.205,498.827672,498.827672,498.827672
1649,20000,4,0.800516,,0.800516,0.800516,0.800516,512.205,512.205,512.205,498.827672,498.827672,498.827672
1650,20000,4,0.800516,,0.800516,0.800516,0.800516,512.205,512.205,512.205,498.827672,498.827672,498.827672
1651,20000,4,0.800516,,0.800516,0.800516,0.800516,512.205,512.205,512.205,498.827672,498.827672,498.827672
1652,20000,4,0.800516,,0.800516,0.800516,0.800516,512.205,512.205,512.205,498.827672,498.827672,498.827672
1653,20000,4,0.800516,,0.800516,0.800516,0.800516,512.205,512.205,512.205,498.827672,498.827672,498.827672
1654,20000,4,0.800516,,0.800516,0.800516,0.800516,512.205,512.205,512.205,498.827672,498.827672,498.827672
1655,20000,4,0.800516,,0.800516,0.800516,0.800516,512.205,512.205,512.205,498.827672,498.827672,498.827672
1656,20000,4,0.800516,,0.800516,0.800516,0.800516,512.205,512.205,512.205,498.827672,498.827672,498.827672
1657,20000,4,0.800516,,0.800516,0.800516,0.800516,512.205,512.205,512.205,498.827672,498.827672,498.827672
1658,20000,4,0.800516,,0.800516,0.800516,0.800516,512.205,512.205,512.205,498.827672,498.827672,498.827672
1659,20000,4,0.800516,,0.800516,0.800516,0.800516,512.205,512.205,512.205,498.827672,498.827672,498.827672
1660,20000,4,0.800516,,0.800516,0.800516,0.800516,512.205,512.205,512.205,498.827672,498.827672,498.827672
1661,20000,4,0.800516,,0.800516,0.800516,0.800516,512.205,512.205,512.205,498.827672,498.827672,498.827672
1662,20000,4,0.800516,,0.800516,0.800516,0.800516,512.205,512.205,512.205,498.827672,498.827672,498.827672
1663,20000,4,0.800516,,0.800516,0.800516,0.800516,512.205,512.205,512.205,498.827672,498.827672,498.827672
1664,20000,4,0.800516,,0.800516,0.800516,0.800516,512.205,512.205,512.205,498.827672,498.827672,498.827672
1665,20000,4,0.800516,,0.800516,0.800516,0.800516,512.205,512.205,512.205,498.827672,498.827672,498.827672
1666,20000,4,0.800516,,0.800516,0.800516,0.800516,512.205,512.205,512.205,498.827672,498.827672,498.827672
1667,20000,4,0.800516,,0.800516,0.800516,0.800516,512.205,512.205,512.205,498.827672,498.827672,498.827672
1668,20000,4,0.800516,,0.800516,0.800516,0.800516,512.205,512.205,512.205,498.827672,498.827672,498.827672
1669,20000,4,0.800516,,0.800516,0.800516,0.800516,512.205,512.205,512.205,498.827672,498.827672,498.827672
1670,20000,4,0.800516,,0.800516,0.800516,0.800516,512.205,512.205,512.205,498.827672,498.827672,498.827672
1671,20000,4,0.800516,,0.800516,0.800516,0.800516,512.205,512.205,512.205,498.827672,498.827672,498.827672
1672,20000,4,0.800516,,0.800516,0.800516,0.800516,512.205,512.205,512.205,498.827672,498.827672,498.827672
1673,20000,4,0.800516,,0.800516,0.800516,0.800516,512.205,512.205,512.205,498.827672,498.827672,498.827672
1674,20000,4,0.800516,,0.800516,0.800516,0.800516,512.205,512.205,512.205,498.827672,498.827672,498.827672
1675,20000,4,0.800516,,0.800516,0.800516,0.800516,512.205,512.205,512.205,498.827672,498.827672,498.827672
1676,20000,4,0.800516,,0.800516,0.800516,0.800516,512.205,512.205,512.205,498.827672,498.827672,498.827672
1677,20000,4,0.800516,,0.800516,0.800516,0.800516,512.205,512.205,512.205,498.827672,498.827672,498.827672
1678,20000,4,0.800516,,0.800516,0.800516,0.800516,512.205,512.205,512.205,498.827672,498.827672,498.827672
1679,20000,4,0.800516,,0.800516,0.800516,0.800516,512.205,512.205,512.205,498.827672,498.827672,498.827672
1680,20000,4,0.800516,,0.800516,0.800516,0.800516,512.205,512.205,512.205,498.827672,498.827672,498.827672
1681,20000,4,0.800516,,0.800516,0.800516,0.800516,512.205,512.205,512.205,498.827672,498.827672,498.827672
1682,20000,4,0.800516,,0.800516,0.800516,0.800516,512.205,512.205,512.205,498.827672,498.827672,498.827672
1683,20000,4,0.800516,,0.800516,0.800516,0.800516,512.205,512.205,512.205,498.827672,498.827672,498.827672
1684,20000,4,0.800516,,0.800516,0.800516,0.800516,512.205,512.205,512.205,498.827672,498.827672,498.827672
1685,20000,4,0.800516,,0.800516,0.800516,0.800516,512.205,512.205,512.205,498.827672,498.827672,498.827672
1686,20000,4,0.800516,,0.800516,0.800516,0.800516,512.205,512.205,512.205,498.827672,498.827672,498.827672
1687,20000,4,0.800516,,0.800516,0.800516,0.800516,512.205,512.205,512.205,498.827672,498.827672,498.827672
1688,20000,4,0.800516,,0.800516,0.800516,0.800516,512.205,512.205,512.205,498.827672,498.827672,498.827672
1689,20000,4,0.800516,,0.800516,0.800516,0.800516,512.205,512.205,512.205,498.827672,498.827672,498.827672
1690,20000,4,0.800516,,0.800516,0.800516,0.800516,512.205,512.205,512.205,498.827672,498.827672,498.827672
1691,20000,4,0.800516,,0.800516,0.800516,0.800516,512.205,512.205,512.205,498.827672,498.827672,498.827672
1692,20000,4,0.800516,,0.800516,0.800516,0.800516,512.205,512.205,512.205,498.827672,498.827672,498.827672
1693,20000,4,0.800516,,0.800516,0.800516,0.800516,512.205,512.205,512.205,498.827672,498.827672,498.827672
1694,20000,4,0.800516,,0.800516,0.800516,0.800516,512.205,512.205,512.205,498.827672,498.827672,498.827672
1695,20000,4,0.800516,,0.800516,0.800516,0.800516,512.205,512.205,512.205,498.827672,498.827672,498.827672
1696,20000,4,0.800516,,0.800516,0.800516,0.800516,512.205,512.205,512.205,498.827672,498.827672,498.827672
1697,20000,4,0.800516,,0.800516,0.800516,0.800516,512.205,512.205,512.205,498.827672,498.827672,498.827672
1698,20000,4,0.800516,,0.800516,0.800516,0.800516,512.205,512.205,512.205,498.827672,498.827672,498.827672
1699,20000,4,0.800516,,0.800516,0.800516,0.800516,512.205,512.205,512.205,498.827672,498.827672,498.827672
