gen,seed,threads,best_global,picos,fit_best,fit_worst,fit_mean,green_best,green_worst,green_mean,emis_best,emis_worst,emis_mean
0,20000,16,0.501261,,0.501261,0.367559,0.425213,326.5908,248.3911,281.295859,607.812746,662.013598,636.831223
1,20000,16,0.501261,,0.501261,0.38044,0.439768,326.5908,256.5495,289.132659,607.812746,655.171783,630.729287
2,20000,16,0.50492,,0.50492,0.385158,0.450906,329.4309,258.5072,294.942055,606.914953,652.803497,625.934612
3,20000,16,0.50492,,0.50492,0.421561,0.461276,329.4309,272.7371,301.274447,605.961644,640.655473,622.089694
4,20000,16,0.50492,,0.50492,0.428189,0.46899,329.4309,277.5212,306.110639,601.918613,637.813776,619.31333
5,20000,16,0.511485,,0.511485,0.431438,0.475959,332.7026,278.1734,310.558852,601.918613,634.517369,616.858428
6,20000,16,0.511485,,0.511485,0.438424,0.483622,332.7026,278.3285,315.710005,601.918613,627.678601,614.332726
7,20000,16,0.511485,,0.511485,0.456381,0.48905,332.7026,294.7075,319.251833,602.55118,624.653844,612.472591
8,20000,16,0.520969,,0.520969,0.466925,0.493165,334.5166,300.5331,321.440921,596.872194,621.341302,610.729563
9,20000,16,0.520969,,0.520969,0.473129,0.497718,338.5254,308.6968,324.387953,596.872194,619.520636,609.153319
10,20000,16,0.525359,,0.525359,0.478862,0.501854,341.727,313.668,326.789272,596.872194,618.438067,607.53618
11,20000,16,0.531126,,0.531126,0.480246,0.504914,343.3241,315.0454,329.04476,595.506357,617.506914,606.660714
12,20000,16,0.534212,,0.534212,0.483151,0.508708,348.3112,315.5271,331.351691,595.506357,617.506914,605.247639
13,20000,16,0.534212,,0.534212,0.491477,0.511909,348.3112,320.4689,333.147613,595.506357,615.767465,603.95415
14,20000,16,0.534212,,0.534212,0.492956,0.515127,348.4829,321.1697,335.645415,594.873028,615.767465,603.118159
15,20000,16,0.547259,,0.547259,0.494308,0.518711,351.8107,326.1915,337.991541,588.887513,615.220938,601.894414
16,20000,16,0.547259,,0.547259,0.497126,0.522158,351.8107,326.1915,340.45996,588.887513,610.823969,600.859907
17,20000,16,0.547287,,0.547287,0.50171,0.525069,359.5531,328.9285,342.131543,588.887513,609.081989,599.709875
18,20000,16,0.549389,,0.549389,0.507376,0.527427,359.5531,332.3096,343.483898,587.911384,606.928379,598.776617
19,20000,16,0.561624,,0.561624,0.509057,0.530466,361.9746,332.7747,345.36654,584.49359,606.784834,597.667606
20,20000,16,0.561624,,0.561624,0.513661,0.533828,362.475,333.7473,347.327902,584.49359,605.84835,596.35939
21,20000,16,0.561624,,0.561624,0.515924,0.536875,362.475,335.3589,348.968386,584.49359,604.75514,595.082386
22,20000,16,0.561624,,0.561624,0.522009,0.539345,362.7957,338.3906,350.384866,584.49359,602.595948,594.104793
23,20000,16,0.562025,,0.562025,0.522232,0.542285,364.2782,340.0627,352.093011,584.49359,602.427031,592.955964
24,20000,16,0.564428,,0.564428,0.522232,0.544408,364.2782,340.0627,353.126048,581.835194,602.20458,591.992712
25,20000,16,0.566277,,0.566277,0.524243,0.547225,364.743,340.0627,354.878245,581.835194,601.083531,590.969623
26,20000,16,0.573116,,0.573116,0.530308,0.549715,370.2432,342.0792,356.292986,578.937233,597.687218,589.974992
27,20000,16,0.574834,,0.574834,0.531517,0.552342,370.9239,345.5953,357.763631,578.937233,597.682518,588.911957
28,20000,16,0.574834,,0.574834,0.534562,0.554489,370.9239,346.8359,358.853403,578.937233,597.682518,587.967523
29,20000,16,0.576728,,0.576728,0.535119,0.556747,372.2401,347.0082,360.115927,578.592847,596.928451,587.052454
30,20000,16,0.576728,,0.576728,0.536246,0.558925,372.2401,349.5203,361.284998,578.341989,596.636647,586.136382
31,20000,16,0.576728,,0.576728,0.53966,0.561157,372.2401,349.873,362.555747,578.341989,594.139438,585.247436
32,20000,16,0.576728,,0.576728,0.544705,0.562876,372.2401,352.9881,363.349901,578.341989,592.940464,584.438866
33,20000,16,0.578137,,0.578137,0.544705,0.564575,373.757,354.1492,364.287698,576.961351,592.940464,583.741706
34,20000,16,0.578882,,0.578882,0.544705,0.566494,374.077,354.8862,365.536254,576.891497,592.940464,583.081937
35,20000,16,0.581252,,0.581252,0.546843,0.568059,374.1177,355.9326,366.622423,577.320872,592.14928,582.58886
36,20000,16,0.58286,,0.58286,0.546843,0.56984,376.6021,355.9326,367.89325,576.686392,592.14928,582.051504
37,20000,16,0.58286,,0.58286,0.555566,0.571815,376.6021,356.3212,369.145518,576.686392,588.521514,581.349939
38,20000,16,0.584963,,0.584963,0.556211,0.573438,376.6021,356.6774,370.180718,574.340883,588.199399,580.777509
39,20000,16,0.585319,,0.585319,0.556735,0.575333,379.8489,356.6774,371.226833,574.340883,588.199399,580.000873
40,20000,16,0.585319,,0.585319,0.556735,0.576724,379.8489,356.6774,371.889601,574.340883,586.719137,579.35995
41,20000,16,0.588704,,0.588704,0.56247,0.578132,379.8489,361.7855,372.724243,573.434267,588.199399,578.820452
42,20000,16,0.589274,,0.589274,0.565961,0.579699,382.2443,366.2547,373.597535,573.434267,585.960566,578.183805
43,20000,16,0.590317,,0.590317,0.565961,0.581524,382.3997,367.0767,374.696685,573.434267,585.960566,577.496427
44,20000,16,0.590598,,0.590598,0.565961,0.583052,382.3997,367.0767,375.697742,571.928981,585.960566,576.975985
45,20000,16,0.593421,,0.593421,0.572653,0.584741,385.4108,370.3376,376.556029,571.928981,583.378104,576.233165
46,20000,16,0.594092,,0.594092,0.572653,0.586892,385.4108,372.4933,378.094542,571.480684,582.939554,575.586744
47,20000,16,0.595485,,0.595485,0.575982,0.588423,385.6047,372.0859,379.248081,571.480684,581.225387,575.165347
48,20000,16,0.599549,,0.599549,0.57875,0.589844,386.1016,372.0859,380.367346,570.130237,581.656445,574.807211
49,20000,16,0.599549,,0.599549,0.585306,0.591204,386.1016,375.7046,381.321823,570.130237,580.132683,574.38578
50,20000,16,0.599549,,0.599549,0.585699,0.592512,388.2017,375.8805,382.21304,570.130237,580.132683,573.962817
51,20000,16,0.602545,,0.602545,0.587943,0.593594,390.0692,376.5439,382.964848,570.130237,580.132683,573.622422
52,20000,16,0.605667,,0.605667,0.589143,0.59471,390.0692,378.3085,383.584834,568.15827,579.814596,573.167471
53,20000,16,0.606486,,0.606486,0.589143,0.596373,391.6756,379.6484,384.65598,568.15827,579.814596,572.588526
54,20000,16,0.606486,,0.606486,0.5893,0.597487,391.6756,380.2038,385.243102,568.15827,579.814596,572.112399
55,20000,16,0.608098,,0.608098,0.590554,0.598982,392.7096,380.2038,386.004274,567.908219,576.751661,571.456915
56,20000,16,0.609515,,0.609515,0.592783,0.600804,392.7096,380.2038,387.087581,566.656596,576.114861,570.761386
57,20000,16,0.611857,,0.611857,0.592783,0.602305,395.5667,380.2038,388.038962,566.656596,576.114861,570.228595
58,20000,16,0.611857,,0.611857,0.594597,0.603995,395.5667,382.9145,389.083905,566.351193,573.326555,569.610414
59,20000,16,0.616744,,0.616744,0.595728,0.605361,395.5667,383.3374,389.889196,562.600222,572.208108,569.084428
60,20000,16,0.61979,,0.61979,0.597941,0.606725,398.6772,384.6675,390.91272,561.682846,571.977264,568.70655
61,20000,16,0.621732,,0.621732,0.597941,0.608289,398.6772,384.6675,391.81248,561.521638,571.977264,568.089576
62,20000,16,0.621732,,0.621732,0.600851,0.609604,398.5,385.7277,392.731845,561.521638,571.148886,567.679614
63,20000,16,0.621732,,0.621732,0.60265,0.611111,398.5,388.9491,393.546251,560.853415,570.805976,567.049793
64,20000,16,0.623105,,0.623105,0.6027,0.612515,399.4157,387.0011,394.227633,560.853415,570.805976,566.411227
65,20000,16,0.623105,,0.623105,0.604575,0.613494,399.4157,386.2364,394.723213,560.853415,569.272058,565.980058
66,20000,16,0.623105,,0.623105,0.606133,0.614778,399.4157,389.4726,395.569516,560.853415,569.272058,565.54533
67,20000,16,0.623702,,0.623702,0.607353,0.61595,400.4184,389.4726,396.202613,560.853415,568.454342,565.055871
68,20000,16,0.626106,,0.626106,0.607527,0.617004,402.7311,389.9292,396.748807,560.877128,568.454342,564.599775
69,20000,16,0.626106,,0.626106,0.607527,0.617851,402.7311,389.9292,397.263656,560.877128,568.950475,564.283499
70,20000,16,0.626106,,0.626106,0.608196,0.618858,402.9471,391.3888,397.880438,560.590785,568.950475,563.91182
71,20000,16,0.62621,,0.62621,0.613922,0.619901,402.9471,393.9025,398.377029,559.506143,567.003727,563.430979
72,20000,16,0.62621,,0.62621,0.61481,0.620752,402.9471,393.0399,398.807071,559.506143,566.490162,563.05534
73,20000,16,0.626382,,0.626382,0.615031,0.621496,403.5161,393.869,399.16871,559.415291,565.592284,562.716981
74,20000,16,0.631959,,0.631959,0.615731,0.622467,405.2276,393.869,399.619224,558.616286,565.592284,562.261618
75,20000,16,0.632085,,0.632085,0.615731,0.623483,405.5296,393.869,400.139132,558.053624,565.592284,561.817861
76,20000,16,0.632085,,0.632085,0.616665,0.624257,405.5296,393.869,400.570113,558.053624,565.144469,561.503078
77,20000,16,0.632085,,0.632085,0.616665,0.624847,406.6004,393.869,401.006125,558.053624,565.144469,561.335119
78,20000,16,0.632085,,0.632085,0.617989,0.625424,406.6004,394.9847,401.356345,558.053624,565.332059,561.119771
79,20000,16,0.632085,,0.632085,0.617989,0.626249,406.6004,394.9847,401.791753,557.665307,565.332059,560.767521
80,20000,16,0.633977,,0.633977,0.617989,0.627103,407.154,398.7084,402.366319,557.665307,565.332059,560.486385
81,20000,16,0.633977,,0.633977,0.617989,0.627798,407.4219,398.7084,402.777503,557.665307,565.144469,560.219743
82,20000,16,0.633977,,0.633977,0.617989,0.628571,407.4219,398.7084,403.266928,557.665307,565.144469,559.94467
83,20000,16,0.633977,,0.633977,0.62405,0.629322,407.4219,398.7379,403.778391,557.665307,561.678369,559.702366
84,20000,16,0.633977,,0.633977,0.624934,0.629908,408.5482,399.2345,404.297378,557.570955,561.678369,559.59304
85,20000,16,0.642551,,0.642551,0.624934,0.630671,409.4739,400.0203,404.896284,553.199788,561.678369,559.398637
86,20000,16,0.642551,,0.642551,0.624934,0.631471,410.6493,400.0203,405.534015,553.199788,561.352715,559.202501
87,20000,16,0.644501,,0.644501,0.627114,0.632524,412.1772,400.5368,406.063823,553.199788,561.04602,558.735539
88,20000,16,0.644501,,0.644501,0.627114,0.633427,412.1772,400.5368,406.694378,553.199788,560.707122,558.453956
89,20000,16,0.644501,,0.644501,0.629797,0.634642,412.1772,401.7843,407.388618,552.98015,560.364532,557.971536
90,20000,16,0.645176,,0.645176,0.63,0.635436,412.4975,401.7843,407.724049,552.98015,560.364532,557.577317
91,20000,16,0.64572,,0.64572,0.630089,0.636459,413.1426,403.6979,408.346907,552.98015,560.364532,557.196397
92,20000,16,0.645989,,0.645989,0.631004,0.637652,413.1598,405.1023,408.903711,552.98015,559.781895,556.639284
93,20000,16,0.645989,,0.645989,0.631004,0.638605,414.0039,405.5399,409.474052,552.98015,560.317122,556.278166
94,20000,16,0.647822,,0.647822,0.633035,0.639635,415.8214,405.7497,410.064948,551.577338,559.704139,555.870521
95,20000,16,0.647822,,0.647822,0.633035,0.641007,415.8214,406.721,410.796036,551.577338,559.704139,555.290617
96,20000,16,0.64835,,0.64835,0.635559,0.642245,415.8214,407.548,411.388512,551.577338,558.002896,554.721842
97,20000,16,0.648744,,0.648744,0.635563,0.643321,415.8214,407.548,411.94762,551.577338,557.359916,554.256935
98,20000,16,0.649354,,0.649354,0.638749,0.644459,415.8441,409.7517,412.572221,551.577338,556.768777,553.787838
99,20000,16,0.651451,,0.651451,0.638749,0.645313,416.5008,409.7517,413.069872,550.352863,556.768777,553.455005
100,20000,16,0.653134,,0.653134,0.638749,0.645982,417.5927,409.7517,413.518341,550.352863,556.768777,553.23364
101,20000,16,0.653134,,0.653134,0.638749,0.646547,417.5927,409.7517,413.905014,550.130953,556.768777,553.052479
102,20000,16,0.653134,,0.653134,0.643163,0.647277,417.7769,411.3625,414.332451,550.130953,554.339131,552.769522
103,20000,16,0.653497,,0.653497,0.643236,0.647959,419.4232,411.6828,414.787756,550.130953,554.339131,552.542665
104,20000,16,0.656826,,0.656826,0.643236,0.648835,419.5762,411.9259,415.290052,548.835401,554.339131,552.195761
105,20000,16,0.656826,,0.656826,0.644383,0.649739,420.4605,411.9259,415.811598,548.835401,553.884456,551.83999
106,20000,16,0.656826,,0.656826,0.644383,0.650611,420.4605,412.3248,416.402858,548.835401,553.681711,551.556015
107,20000,16,0.656826,,0.656826,0.64519,0.651451,420.7351,412.6034,416.905346,548.835401,553.461068,551.238156
108,20000,16,0.657073,,0.657073,0.648547,0.652198,420.8537,414.1613,417.434029,548.835401,552.527149,551.009354
109,20000,16,0.657847,,0.657847,0.648788,0.652981,421.3602,414.1613,417.861849,548.835401,551.941954,550.685238
110,20000,16,0.660688,,0.660688,0.649167,0.653954,421.3602,414.7587,418.401809,546.486025,551.844202,550.287988
111,20000,16,0.660688,,0.660688,0.650171,0.654767,421.3602,415.6198,418.84918,546.486025,551.844202,549.95365
112,20000,16,0.660688,,0.660688,0.650171,0.655537,421.6623,416.068,419.228335,546.486025,551.844202,549.60731
113,20000,16,0.66191,,0.66191,0.651251,0.655999,422.2386,416.1171,419.480895,546.486025,551.427996,549.416539
114,20000,16,0.662821,,0.662821,0.652804,0.656653,424.0157,417.4366,419.876772,546.486025,551.427996,549.171044
115,20000,16,0.662821,,0.662821,0.653678,0.657228,424.0157,417.9622,420.226096,546.486025,551.214966,548.95686
116,20000,16,0.663232,,0.663232,0.653678,0.657926,424.6903,417.9622,420.607616,546.391943,551.214966,548.667935
117,20000,16,0.663769,,0.663769,0.655019,0.658858,424.6903,418.3252,421.121829,545.832505,550.120463,548.285445
118,20000,16,0.663769,,0.663769,0.655164,0.659413,424.6903,418.3252,421.450129,545.832505,549.936038,548.073052
119,20000,16,0.665903,,0.665903,0.655408,0.660162,424.6903,418.3252,421.839773,545.170543,549.936038,547.749614
120,20000,16,0.665903,,0.665903,0.656967,0.660958,426.0168,418.7212,422.277048,544.5771,548.929483,547.422239
121,20000,16,0.665903,,0.665903,0.65783,0.661717,426.0168,418.7212,422.723576,544.5771,548.929483,547.129
122,20000,16,0.667913,,0.667913,0.65783,0.662413,427.7782,419.5079,423.092429,544.450701,548.929483,546.833168
123,20000,16,0.669561,,0.669561,0.658384,0.663243,427.7782,419.5079,423.478434,543.317181,548.739406,546.444854
124,20000,16,0.669561,,0.669561,0.6584,0.663976,428.4135,420.5649,423.875717,543.317181,548.3165,546.139482
125,20000,16,0.669744,,0.669744,0.659389,0.664723,428.4135,421.2273,424.27396,543.317181,548.3165,545.823227
126,20000,16,0.670278,,0.670278,0.660093,0.66565,428.4135,421.4185,424.735039,542.988555,547.787404,545.409312
127,20000,16,0.670954,,0.670954,0.661353,0.666275,429.6614,421.4185,425.06172,542.988555,547.773185,545.140597
128,20000,16,0.670954,,0.670954,0.661353,0.666995,429.6614,422.0504,425.346234,542.988555,547.60585,544.769632
129,20000,16,0.670954,,0.670954,0.662518,0.667758,431.5014,422.0504,425.780832,542.71922,546.87332,544.465798
130,20000,16,0.672519,,0.672519,0.662708,0.668239,432.0154,422.0504,426.007002,542.71922,546.679707,544.242557
131,20000,16,0.674272,,0.674272,0.663549,0.668793,432.6635,422.6695,426.385595,542.71922,546.478475,544.06345
132,20000,16,0.674272,,0.674272,0.663549,0.669294,432.6635,422.6695,426.667393,542.371025,546.478475,543.861954
133,20000,16,0.674272,,0.674272,0.663549,0.669674,432.6635,422.6695,426.878525,542.697984,546.143664,543.706777
134,20000,16,0.674272,,0.674272,0.665313,0.67012,432.6635,423.3377,427.191398,542.174366,546.143664,543.569007
135,20000,16,0.674272,,0.674272,0.665313,0.670682,432.6635,423.658,427.675316,541.725586,546.143664,543.454494
136,20000,16,0.674272,,0.674272,0.665313,0.671321,432.6635,425.2383,428.261255,541.725586,546.009019,543.348942
137,20000,16,0.674364,,0.674364,0.668606,0.671692,432.6635,425.2668,428.528485,541.725586,545.030154,543.238297
138,20000,16,0.674364,,0.674364,0.668888,0.672138,432.6635,425.2668,428.846832,541.725586,544.929805,543.1038
139,20000,16,0.674364,,0.674364,0.669352,0.672487,432.6635,425.2668,429.13703,541.725586,544.929805,543.026191
140,20000,16,0.674655,,0.674655,0.670943,0.672811,432.8586,427.0652,429.391789,541.35944,544.929805,542.944115
141,20000,16,0.675876,,0.675876,0.671124,0.673025,433.7826,427.0652,429.579047,541.35944,544.929805,542.902724
142,20000,16,0.676549,,0.676549,0.671124,0.673379,433.7826,427.0652,429.906062,541.35944,544.18954,542.846112
143,20000,16,0.676549,,0.676549,0.671124,0.673607,433.7826,427.0652,430.097518,541.098629,544.145811,542.796353
144,20000,16,0.676549,,0.676549,0.671596,0.673973,433.7826,427.0652,430.37911,541.014546,544.145811,542.699628
145,20000,16,0.676549,,0.676549,0.671596,0.674236,434.0959,427.0652,430.595015,541.014546,544.145811,542.639014
146,20000,16,0.676561,,0.676561,0.67187,0.674601,434.3431,427.4913,430.852751,540.031057,544.145811,542.526726
147,20000,16,0.679348,,0.679348,0.67187,0.674936,434.6095,427.7172,431.12105,539.674498,544.145811,542.445623
148,20000,16,0.679348,,0.679348,0.672616,0.675307,434.385,427.7172,431.311147,539.674498,544.145811,542.28332
149,20000,16,0.679348,,0.679348,0.673063,0.675691,434.385,427.7172,431.496069,539.674498,544.145811,542.108208
150,20000,16,0.679348,,0.679348,0.673404,0.676025,434.8712,427.7172,431.746819,539.674498,544.145811,542.015188
151,20000,16,0.679348,,0.679348,0.673404,0.676318,434.8712,427.7172,431.95628,539.674498,544.145811,541.927371
152,20000,16,0.679348,,0.679348,0.673404,0.676645,434.8731,427.7172,432.186863,539.674498,543.647965,541.826871
153,20000,16,0.679348,,0.679348,0.673404,0.676967,435.2257,427.7172,432.521099,539.674498,542.974653,541.799251
154,20000,16,0.680488,,0.680488,0.674379,0.677291,435.815,428.4733,432.800862,539.385086,542.946435,541.734104
155,20000,16,0.68164,,0.68164,0.674379,0.677692,436.7072,428.3805,433.115924,539.385086,542.946435,541.632441
156,20000,16,0.68164,,0.68164,0.674449,0.678236,437.1436,428.4733,433.399439,539.385086,542.946435,541.39834
157,20000,16,0.68164,,0.68164,0.674449,0.678597,437.1436,428.4733,433.591497,539.385086,542.907391,541.245654
158,20000,16,0.681808,,0.681808,0.674449,0.679002,437.3553,430.1789,433.880892,539.385086,542.907391,541.12323
159,20000,16,0.681808,,0.681808,0.676079,0.679577,437.3553,430.1789,434.405828,539.385086,542.907391,541.026331
160,20000,16,0.682854,,0.682854,0.677235,0.680053,437.3553,430.1789,434.728582,539.385086,542.907391,540.871312
161,20000,16,0.684146,,0.684146,0.677235,0.68039,438.073,430.1789,435.011194,539.385086,542.424523,540.79843
162,20000,16,0.684146,,0.684146,0.677686,0.680895,438.073,430.2717,435.33681,539.385086,542.424523,540.622781
163,20000,16,0.684336,,0.684336,0.678189,0.681323,438.073,432.2147,435.631475,539.371282,542.424523,540.486171
164,20000,16,0.684488,,0.684488,0.678189,0.681858,438.2807,432.8803,436.039858,539.142453,542.135112,540.342751
165,20000,16,0.68598,,0.68598,0.679141,0.682383,439.2028,432.8803,436.369001,537.946463,542.135112,540.153578
166,20000,16,0.686592,,0.686592,0.679141,0.682821,439.2028,432.8803,436.635866,537.946463,542.135112,539.990338
167,20000,16,0.686592,,0.686592,0.679141,0.683367,439.2028,432.8803,436.920415,537.946463,542.135112,539.75569
168,20000,16,0.687141,,0.687141,0.679141,0.684031,439.6867,432.8803,437.337158,537.946463,541.255865,539.516769
169,20000,16,0.687412,,0.687412,0.680219,0.68463,439.6867,433.5667,437.671362,537.032502,540.238433,539.273688
170,20000,16,0.688044,,0.688044,0.680219,0.685198,440.7035,433.5667,438.019848,536.785136,540.229674,539.06376
171,20000,16,0.688917,,0.688917,0.682355,0.685712,439.7847,435.6972,438.286651,536.595053,540.069298,538.841763
172,20000,16,0.689102,,0.689102,0.682942,0.685985,440.1065,436.0904,438.469721,536.595053,539.855061,538.751417
173,20000,16,0.689102,,0.689102,0.684216,0.686332,440.1065,436.7189,438.744623,536.595053,539.776249,538.665452
174,20000,16,0.689606,,0.689606,0.684216,0.68667,441.3516,436.7189,438.941456,536.595053,539.646912,538.533323
175,20000,16,0.690035,,0.690035,0.684407,0.687123,441.3516,436.8639,439.227481,536.785136,539.646912,538.37168
176,20000,16,0.690035,,0.690035,0.684995,0.687536,441.3516,436.8639,439.380203,536.548599,539.612972,538.152146
177,20000,16,0.690339,,0.690339,0.685618,0.687908,441.579,437.8338,439.683768,536.736903,539.189807,538.064909
178,20000,16,0.690339,,0.690339,0.686088,0.6882,441.579,438.4086,439.800066,536.039552,539.189807,537.915159
179,20000,16,0.691801,,0.691801,0.686088,0.688666,442.1661,438.3532,440.020745,536.039552,539.189807,537.699586
180,20000,16,0.691801,,0.691801,0.686088,0.688947,442.1661,437.7152,440.188021,535.93219,539.189807,537.592449
181,20000,16,0.691801,,0.691801,0.686224,0.689339,442.1661,438.3532,440.422221,535.93219,539.051622,537.443489
182,20000,16,0.692395,,0.692395,0.686575,0.689725,442.239,438.3532,440.639961,535.802246,538.874932,537.288586
183,20000,16,0.692395,,0.692395,0.686643,0.690033,442.239,438.4316,440.79902,535.802246,538.455068,537.15483
184,20000,16,0.692647,,0.692647,0.688089,0.69033,442.5775,438.4509,440.936696,535.802246,538.455068,537.015737
185,20000,16,0.693128,,0.693128,0.688353,0.690682,442.5775,438.5635,441.127992,535.275679,538.407517,536.86942
186,20000,16,0.693128,,0.693128,0.688414,0.691069,442.6703,438.5635,441.34316,535.275679,538.276263,536.711216
187,20000,16,0.693956,,0.693956,0.688414,0.691447,443.1516,438.5635,441.565796,535.252105,538.276263,536.566221
188,20000,16,0.693956,,0.693956,0.688414,0.691747,443.1516,438.5635,441.719716,535.252105,538.276263,536.435328
189,20000,16,0.694796,,0.694796,0.689002,0.69206,443.2018,439.1978,441.911954,534.479773,538.276263,536.319769
190,20000,16,0.694853,,0.694853,0.689441,0.692448,443.2018,439.8472,442.089036,534.479773,538.139488,536.135625
191,20000,16,0.694853,,0.694853,0.690822,0.69276,443.8242,439.8472,442.220237,534.479773,537.410649,535.980014
192,20000,16,0.695624,,0.695624,0.690822,0.693098,443.8242,439.8472,442.40335,534.4562,537.410649,535.83975
193,20000,16,0.695624,,0.695624,0.690822,0.693386,443.8242,439.8472,442.552979,534.4562,537.410649,535.715317
194,20000,16,0.695624,,0.695624,0.690822,0.693604,443.8242,439.8472,442.657055,534.4562,537.410649,535.615063
195,20000,16,0.695624,,0.695624,0.690822,0.693781,443.7051,439.8472,442.704785,534.4562,537.410649,535.508609
196,20000,16,0.695624,,0.695624,0.690958,0.694096,443.7051,439.8472,442.797424,534.097967,536.407962,535.325
197,20000,16,0.696216,,0.696216,0.691408,0.694355,443.7051,439.94,442.868063,534.090364,536.407962,535.170548
198,20000,16,0.696216,,0.696216,0.691408,0.694545,444.1342,439.94,442.956618,534.090364,536.326056,535.081214
199,20000,16,0.696256,,0.696256,0.693078,0.69475,444.1342,441.5114,443.026289,534.048806,536.176498,534.9679
200,20000,16,0.696256,,0.696256,0.693509,0.694933,444.1342,442.3158,443.126598,534.048806,536.009572,534.892602
201,20000,16,0.697105,,0.697105,0.69354,0.695131,444.1342,442.3158,443.179918,533.56812,535.889644,534.77432
202,20000,16,0.697453,,0.697453,0.69354,0.695291,444.1342,442.3158,443.248095,533.389566,535.889644,534.69526
203,20000,16,0.697453,,0.697453,0.693583,0.695498,444.1342,442.366,443.368346,533.294458,535.889644,534.614102
204,20000,16,0.697453,,0.697453,0.694003,0.695743,445.7742,442.3158,443.454311,533.294458,535.720161,534.480501
205,20000,16,0.698098,,0.698098,0.694014,0.696043,445.7742,442.3158,443.605488,533.294458,535.711556,534.347982
206,20000,16,0.698145,,0.698145,0.694382,0.696295,445.7742,442.3158,443.71303,533.276813,535.567504,534.223081
207,20000,16,0.699195,,0.699195,0.694393,0.696601,445.7742,442.4527,443.867218,532.530869,535.558899,534.088089
208,20000,16,0.699195,,0.699195,0.694903,0.696871,445.7742,442.4527,443.97983,532.530869,535.39093,533.953021
209,20000,16,0.699195,,0.699195,0.695054,0.69712,445.7742,442.7493,444.136469,532.530869,535.39093,533.86367
210,20000,16,0.699195,,0.699195,0.695505,0.6974,446.3277,443.2796,444.324863,532.530869,535.101519,533.771221
211,20000,16,0.699195,,0.699195,0.696055,0.697668,446.3277,443.2984,444.464757,532.530869,534.798068,533.656094
212,20000,16,0.699195,,0.699195,0.696261,0.697904,446.3277,443.6779,444.56361,532.530869,534.798068,533.538617
213,20000,16,0.699787,,0.699787,0.696646,0.698115,446.3277,443.7863,444.646901,532.204251,534.798068,533.429351
214,20000,16,0.699787,,0.699787,0.697329,0.698339,446.5863,443.8172,444.737173,532.204251,534.798068,533.315016
215,20000,16,0.700161,,0.700161,0.697453,0.698486,446.5456,443.8172,444.767649,532.19086,534.648942,533.221269
216,20000,16,0.700161,,0.700161,0.697453,0.698656,446.5456,443.8172,444.839973,532.19086,534.648942,533.13717
217,20000,16,0.700297,,0.700297,0.697453,0.698873,446.5456,443.8172,444.948034,532.070203,534.640337,533.04037
218,20000,16,0.700297,,0.700297,0.697465,0.69906,446.5456,443.8172,445.070823,532.070203,534.270823,532.976656
219,20000,16,0.700753,,0.700753,0.697465,0.699333,446.4157,443.8172,445.218909,531.864242,533.922489,532.862968
220,20000,16,0.700753,,0.700753,0.697499,0.699544,446.4157,443.91,445.302031,531.864242,533.922489,532.753688
221,20000,16,0.701145,,0.701145,0.697895,0.699802,446.7521,444.1227,445.394173,531.864242,533.79984,532.614737
222,20000,16,0.70117,,0.70117,0.6984,0.699995,446.7521,444.09,445.501129,531.760663,533.791235,532.535806
223,20000,16,0.701901,,0.701901,0.699171,0.70021,447.6388,444.5634,445.623318,531.700123,533.791235,532.449711
224,20000,16,0.701901,,0.701901,0.699195,0.700441,447.6388,444.5634,445.7285,531.691518,533.491992,532.339972
225,20000,16,0.702179,,0.702179,0.699528,0.700689,448.2609,444.7646,445.882056,531.596544,533.491992,532.249692
226,20000,16,0.702951,,0.702951,0.699528,0.700924,448.9449,445.0701,446.07046,531.596544,533.491992,532.192502
227,20000,16,0.702951,,0.702951,0.700161,0.701165,448.9449,445.1803,446.283602,531.302004,533.341577,532.14734
228,20000,16,0.704052,,0.704052,0.700592,0.701437,449.7881,445.3815,446.488111,531.302004,533.341577,532.0723
229,20000,16,0.704923,,0.704923,0.700592,0.701648,450.2568,445.3815,446.680846,531.302004,533.05954,532.0364
230,20000,16,0.704923,,0.704923,0.700592,0.701933,450.2568,445.3815,446.8715,531.302004,533.05954,531.942466
231,20000,16,0.704948,,0.704948,0.700592,0.702187,450.412,445.3815,447.049777,531.302004,533.05954,531.863209
232,20000,16,0.705965,,0.705965,0.700592,0.702469,450.5668,445.3815,447.326276,531.273411,532.433679,531.829067
233,20000,16,0.705965,,0.705965,0.700592,0.702721,450.5668,445.4858,447.592056,530.954947,532.433679,531.81038
234,20000,16,0.705965,,0.705965,0.70117,0.702921,450.5668,445.687,447.774839,531.244785,532.433679,531.776907
235,20000,16,0.705965,,0.705965,0.701184,0.703192,450.5668,445.687,448.023791,531.244785,532.433679,531.732173
236,20000,16,0.705976,,0.705976,0.701184,0.703414,450.736,445.687,448.186114,531.095659,532.433679,531.668345
237,20000,16,0.706001,,0.706001,0.701271,0.703676,450.736,445.687,448.42624,531.095659,532.433679,531.624142
238,20000,16,0.706001,,0.706001,0.702032,0.703964,450.736,446.4293,448.702936,530.967574,532.433679,531.585433
239,20000,16,0.707371,,0.707371,0.702032,0.704267,450.736,446.4293,448.965924,529.839155,532.433679,531.524972
240,20000,16,0.707401,,0.707401,0.702032,0.704486,450.736,446.4293,449.158379,529.839155,532.244039,531.483382
241,20000,16,0.707401,,0.707401,0.702032,0.704751,451.3009,446.4293,449.374043,529.839155,532.244039,531.420888
242,20000,16,0.707401,,0.707401,0.702032,0.70495,451.3009,446.4293,449.533112,529.839155,532.244039,531.372343
243,20000,16,0.707401,,0.707401,0.702043,0.705265,451.3009,446.4293,449.758809,529.839155,532.244039,531.278118
244,20000,16,0.707401,,0.707401,0.702043,0.705431,451.9178,446.4293,449.878383,529.839155,532.244039,531.228488
245,20000,16,0.708487,,0.708487,0.703916,0.705738,452.7416,448.4,450.050583,529.839155,532.085624,531.104577
246,20000,16,0.708487,,0.708487,0.703916,0.705936,452.7416,448.4,450.203477,529.839155,532.085624,531.052576
247,20000,16,0.708874,,0.708874,0.704433,0.706208,452.7416,448.4,450.409828,529.559032,531.745615,530.979093
248,20000,16,0.709602,,0.709602,0.704466,0.706494,453.2208,448.4,450.627501,529.559032,531.745615,530.901762
249,20000,16,0.709775,,0.709775,0.704466,0.706828,453.2208,448.4,450.864314,529.559032,531.811577,530.79989
250,20000,16,0.709775,,0.709775,0.704466,0.707106,453.2208,448.4,451.003132,529.559032,531.811577,530.67585
251,20000,16,0.709775,,0.709775,0.704466,0.707412,453.2208,448.4,451.219014,529.551865,531.745615,530.582122
252,20000,16,0.710318,,0.710318,0.704466,0.707757,453.2208,448.4,451.465625,529.368416,531.344163,530.478069
253,20000,16,0.710318,,0.710318,0.705054,0.708108,453.2208,449.0343,451.738163,529.368416,531.340788,530.386857
254,20000,16,0.710735,,0.710735,0.705054,0.708432,454.0119,449.0343,451.96967,529.217346,531.397143,530.289573
255,20000,16,0.711419,,0.711419,0.706866,0.708693,454.0119,450.5928,452.184805,528.989824,531.397143,530.229951
256,20000,16,0.712192,,0.712192,0.706928,0.709078,454.9839,450.6163,452.419115,528.925179,531.143962,530.086798
257,20000,16,0.712753,,0.712753,0.70701,0.709399,454.9839,450.6163,452.605514,528.810531,531.143962,529.961229
258,20000,16,0.712753,,0.712753,0.70701,0.709795,454.9839,450.6163,452.88618,528.810531,531.143962,529.840281
259,20000,16,0.712753,,0.712753,0.70701,0.71012,455.4033,450.6163,453.100137,528.810531,531.057134,529.730056
260,20000,16,0.712753,,0.712753,0.70701,0.710448,455.4033,450.6163,453.362815,528.810531,531.057134,529.650261
261,20000,16,0.714626,,0.714626,0.70701,0.710732,456.9852,450.6163,453.512405,528.798454,531.057134,529.529406
262,20000,16,0.714626,,0.714626,0.70701,0.711101,456.9852,451.1463,453.809696,528.798454,531.057134,529.440435
263,20000,16,0.715178,,0.715178,0.70904,0.711596,457.2308,452.7911,454.166189,528.552786,530.720466,529.293285
264,20000,16,0.715178,,0.715178,0.709206,0.711921,457.2308,452.927,454.448037,528.552786,530.591306,529.228586
265,20000,16,0.715178,,0.715178,0.71036,0.712202,457.2308,452.927,454.67882,528.552786,530.217273,529.164328
266,20000,16,0.715178,,0.715178,0.710549,0.712467,457.2308,453.1221,454.942889,528.552786,530.217273,529.134437
267,20000,16,0.715727,,0.715727,0.710768,0.712738,457.8501,453.2224,455.212536,528.53991,530.217273,529.103456
268,20000,16,0.715727,,0.715727,0.710768,0.713013,457.8501,453.2224,455.471679,528.53991,530.217273,529.062753
269,20000,16,0.715727,,0.715727,0.710779,0.713327,457.8501,453.2224,455.723598,528.53991,530.217273,528.987043
270,20000,16,0.718498,,0.718498,0.710905,0.713671,459.609,453.9303,456.00801,527.556616,530.217273,528.909342
271,20000,16,0.718498,,0.718498,0.712028,0.713981,459.609,453.9303,456.251709,527.556616,529.83219,528.830844
272,20000,16,0.718498,,0.718498,0.712028,0.714227,459.609,453.9303,456.480066,527.556616,529.83219,528.791622
273,20000,16,0.719607,,0.719607,0.712473,0.714504,460.3384,454.611,456.701825,527.18098,529.51139,528.723821
274,20000,16,0.719607,,0.719607,0.712579,0.714834,460.3384,454.611,456.962883,527.18098,529.502785,528.641442
275,20000,16,0.719607,,0.719607,0.712675,0.715109,460.3384,454.7924,457.203703,527.18098,529.502785,528.588962
276,20000,16,0.719607,,0.719607,0.712753,0.715396,460.3384,454.7924,457.428473,527.18098,529.360192,528.514984
277,20000,16,0.719607,,0.719607,0.713126,0.715742,460.3384,455.4152,457.705792,527.18098,529.207755,528.431316
278,20000,16,0.719618,,0.719618,0.713348,0.716092,460.3384,455.4152,457.971963,527.172375,529.207755,528.336499
279,20000,16,0.72046,,0.72046,0.713491,0.716386,460.8551,455.4511,458.194335,526.861397,529.088787,528.256285
280,20000,16,0.72046,,0.72046,0.713491,0.716686,460.8551,455.4511,458.412669,526.861397,529.088787,528.168416
281,20000,16,0.721978,,0.721978,0.713491,0.717138,462.2555,455.4511,458.729479,526.61589,528.802985,528.028512
282,20000,16,0.721978,,0.721978,0.714945,0.717612,462.2555,456.9852,459.075376,526.61589,528.799376,527.890327
283,20000,16,0.721978,,0.721978,0.714945,0.717936,462.2555,456.9852,459.302483,526.61589,528.796386,527.789858
284,20000,16,0.721978,,0.721978,0.715274,0.718394,462.2555,457.2308,459.635184,526.61589,528.786499,527.655821
285,20000,16,0.721978,,0.721978,0.715592,0.718809,462.2555,457.7146,459.904021,526.61589,528.783509,527.512366
286,20000,16,0.721978,,0.721978,0.715727,0.719206,462.2555,457.7146,460.181559,526.61589,528.783509,527.388471
287,20000,16,0.721989,,0.721989,0.715912,0.719516,462.2555,458.2632,460.389738,526.468746,528.671946,527.286418
288,20000,16,0.722832,,0.722832,0.715912,0.719934,462.7722,458.2632,460.672942,526.296306,528.671946,527.149755
289,20000,16,0.722832,,0.722832,0.715912,0.720281,462.7722,458.2632,460.915173,526.296306,528.671946,527.041751
290,20000,16,0.722843,,0.722843,0.715912,0.720622,462.7722,458.2632,461.147195,526.287701,528.671946,526.930691
291,20000,16,0.722843,,0.722843,0.718537,0.720913,462.7722,460.0221,461.342578,526.287701,527.803206,526.835332
292,20000,16,0.722843,,0.722843,0.718684,0.721086,462.7722,460.0221,461.47617,526.287701,527.688653,526.789671
293,20000,16,0.722953,,0.722953,0.718684,0.721272,462.7722,460.0221,461.608836,526.049767,527.688653,526.733682
294,20000,16,0.723263,,0.723263,0.718684,0.721476,463.1349,460.0221,461.735155,526.049767,527.688653,526.659192
295,20000,16,0.723263,,0.723263,0.719728,0.721738,463.3982,460.3384,461.928911,526.049767,527.313016,526.584298
296,20000,16,0.723263,,0.723263,0.719728,0.722004,463.3982,460.3384,462.129247,526.049767,527.218629,526.511134
297,20000,16,0.723263,,0.723263,0.719729,0.722176,463.3982,460.412,462.277873,526.049767,527.134526,526.476775
298,20000,16,0.723527,,0.723527,0.719729,0.722339,463.3982,460.412,462.401469,525.956415,527.134526,526.431927
299,20000,16,0.723888,,0.723888,0.719729,0.722546,463.5191,460.412,462.545491,525.761156,527.134526,526.367579
300,20000,16,0.723888,,0.723888,0.719729,0.722676,463.576,460.412,462.646099,525.761156,527.134526,526.333418
301,20000,16,0.723888,,0.723888,0.719729,0.722869,463.576,460.412,462.788657,525.761156,527.134526,526.278513
302,20000,16,0.724299,,0.724299,0.720563,0.723006,463.8818,461.2178,462.901314,525.761156,527.024207,526.246579
303,20000,16,0.72431,,0.72431,0.720986,0.723231,463.8818,461.2178,463.051123,525.761156,526.694485,526.171858
304,20000,16,0.724712,,0.724712,0.720986,0.723319,464.0073,461.2178,463.107561,525.657396,526.694485,526.140842
305,20000,16,0.724712,,0.724712,0.722832,0.723465,464.0073,462.7722,463.213534,525.657396,526.395702,526.098245
306,20000,16,0.724712,,0.724712,0.722832,0.723528,464.0073,462.7722,463.263417,525.657396,526.395702,526.082116
307,20000,16,0.724723,,0.724723,0.722843,0.723664,464.0073,462.7722,463.356382,525.648792,526.395702,526.038425
308,20000,16,0.724723,,0.724723,0.722843,0.723792,464.0073,462.7722,463.440711,525.648792,526.395702,525.995679
309,20000,16,0.724904,,0.724904,0.722843,0.723912,464.2078,462.7722,463.515031,525.595575,526.395702,525.95158
310,20000,16,0.724904,,0.724904,0.722843,0.723979,464.2078,462.7722,463.535053,525.595575,526.395702,525.912914
311,20000,16,0.724904,,0.724904,0.722843,0.724088,464.2078,462.7722,463.59822,525.595575,526.395702,525.870132
312,20000,16,0.724904,,0.724904,0.722843,0.72419,464.2078,462.7722,463.649087,525.487078,526.302744,525.824312
313,20000,16,0.725247,,0.725247,0.722929,0.72433,464.2078,462.8848,463.735181,525.364942,526.302744,525.773211
314,20000,16,0.725247,,0.725247,0.722929,0.724431,464.2078,462.8848,463.809108,525.364942,526.302744,525.743806
315,20000,16,0.726037,,0.726037,0.723673,0.724503,464.8254,463.2035,463.858218,525.171817,526.302744,525.720396
316,20000,16,0.726037,,0.726037,0.723673,0.724585,464.8254,463.2035,463.898495,525.171817,526.302744,525.683236
317,20000,16,0.726037,,0.726037,0.723888,0.72469,464.8254,463.2035,463.960479,525.171817,525.961246,525.643266
318,20000,16,0.726109,,0.726109,0.723888,0.724768,464.9817,463.2035,464.014218,525.171817,525.961246,525.618583
319,20000,16,0.726109,,0.726109,0.723888,0.724824,464.9817,463.2035,464.056331,525.171817,525.961246,525.602984
320,20000,16,0.726109,,0.726109,0.724014,0.724925,464.9817,463.5662,464.127114,525.125455,525.961246,525.571588
321,20000,16,0.726109,,0.726109,0.724197,0.725042,464.9817,463.5662,464.211137,525.125455,525.895325,525.53634
322,20000,16,0.726261,,0.726261,0.724197,0.725113,464.9817,463.5662,464.256291,524.997668,525.876892,525.511148
323,20000,16,0.726261,,0.726261,0.724197,0.725205,464.9817,463.5662,464.303021,524.997668,525.876892,525.471152
324,20000,16,0.726261,,0.726261,0.724712,0.725298,464.9817,463.8818,464.350179,524.997668,525.657396,525.430117
325,20000,16,0.726261,,0.726261,0.724712,0.725394,464.9817,463.8818,464.418414,524.997668,525.657396,525.401073
326,20000,16,0.726261,,0.726261,0.724712,0.725459,464.9817,463.8818,464.450946,524.997668,525.657396,525.371872
327,20000,16,0.726332,,0.726332,0.724712,0.725523,464.9817,463.8818,464.488428,524.994678,525.657396,525.347028
328,20000,16,0.726332,,0.726332,0.724712,0.725615,464.9817,463.8818,464.549897,524.994678,525.657396,525.316374
329,20000,16,0.727737,,0.727737,0.724791,0.725721,466.5449,463.8818,464.615312,524.994678,525.595575,525.277743
330,20000,16,0.727737,,0.727737,0.724791,0.725815,466.6742,463.8818,464.674563,524.994678,525.595575,525.243807
331,20000,16,0.727737,,0.727737,0.724791,0.725882,466.6742,463.8818,464.726666,524.994678,525.595575,525.226873
332,20000,16,0.727737,,0.727737,0.724791,0.725967,466.6742,463.8818,464.802961,524.994678,525.595575,525.211479
333,20000,16,0.727737,,0.727737,0.724791,0.726062,466.6742,464.0073,464.896035,524.89253,525.595575,525.199825
334,20000,16,0.727737,,0.727737,0.725502,0.726142,466.6742,464.6391,464.968072,524.840507,525.464272,525.185616
335,20000,16,0.727901,,0.727901,0.725502,0.726235,466.6742,464.6391,465.038885,524.840507,525.464272,525.160764
336,20000,16,0.727905,,0.727905,0.725562,0.726297,466.6742,464.6391,465.079259,524.840507,525.417909,525.139298
337,20000,16,0.727905,,0.727905,0.725562,0.72643,466.6742,464.6391,465.191029,524.840507,525.417909,525.11032
338,20000,16,0.727914,,0.727914,0.725562,0.726516,466.6742,464.6391,465.266262,524.840507,525.417909,525.093558
339,20000,16,0.727918,,0.727918,0.725582,0.726627,466.6742,464.6391,465.361119,524.840507,525.40245,525.0709
340,20000,16,0.728137,,0.728137,0.725582,0.726794,466.6742,464.6391,465.496484,524.732928,525.40245,525.031129
341,20000,16,0.728137,,0.728137,0.725582,0.726886,466.6742,464.6391,465.566412,524.675223,525.40245,525.006423
342,20000,16,0.728137,,0.728137,0.725582,0.727025,466.6144,464.6391,465.683394,524.675223,525.40245,524.976728
343,20000,16,0.728137,,0.728137,0.725582,0.727161,466.6144,464.6391,465.8148,524.675223,525.40245,524.958425
344,20000,16,0.728141,,0.728141,0.725582,0.727259,466.6144,464.6391,465.881962,524.675223,525.40245,524.927115
345,20000,16,0.728141,,0.728141,0.726037,0.727377,466.6144,464.8254,465.967171,524.675223,525.268223,524.892286
346,20000,16,0.728141,,0.728141,0.726037,0.7275,466.6144,464.8254,466.06309,524.675223,525.171817,524.860603
347,20000,16,0.728156,,0.728156,0.726037,0.727614,467.0541,464.8254,466.149985,524.537597,525.171817,524.82972
348,20000,16,0.728513,,0.728513,0.726037,0.727679,467.1709,464.8254,466.203246,524.537597,525.171817,524.814738
349,20000,16,0.728513,,0.728513,0.726458,0.727781,467.1709,464.8254,466.306746,524.521053,525.320245,524.804799
350,20000,16,0.728513,,0.728513,0.726458,0.727877,467.1709,464.8254,466.373344,524.521053,525.046413,524.774205
351,20000,16,0.728513,,0.728513,0.726458,0.727985,467.1709,464.8254,466.466758,524.521053,525.012855,524.752231
352,20000,16,0.728615,,0.728615,0.726458,0.728093,467.2404,464.8254,466.577111,524.499644,525.012855,524.742465
353,20000,16,0.728615,,0.728615,0.726869,0.728165,467.2404,465.2745,466.641697,524.499644,525.012855,524.729053
354,20000,16,0.728636,,0.728636,0.726869,0.728222,467.2404,465.4514,466.689659,524.499644,525.012855,524.717218
355,20000,16,0.729523,,0.729523,0.727668,0.728295,467.2466,465.9005,466.742843,524.075091,525.012855,524.695814
356,20000,16,0.729523,,0.729523,0.727668,0.72836,467.2466,465.9005,466.788841,524.075091,525.012855,524.675968
357,20000,16,0.729523,,0.729523,0.728141,0.728401,467.3713,466.5449,466.815774,524.075091,525.012855,524.661996
358,20000,16,0.730588,,0.730588,0.728141,0.728468,468.3892,466.5449,466.871624,524.010368,525.012855,524.647222
359,20000,16,0.730588,,0.730588,0.728162,0.728536,468.3892,466.5449,466.922265,524.010368,524.829334,524.627949
360,20000,16,0.730588,,0.730588,0.728162,0.728623,468.3892,466.5449,466.993576,524.010368,524.829334,524.608217
361,20000,16,0.730588,,0.730588,0.728205,0.728715,468.3892,466.5449,467.06713,524.010368,524.829334,524.585096
362,20000,16,0.730588,,0.730588,0.728215,0.728862,468.3892,466.5449,467.190454,524.010368,524.829334,524.553696
363,20000,16,0.730588,,0.730588,0.728215,0.728981,468.3892,466.5449,467.305648,524.010368,524.829334,524.538095
364,20000,16,0.730588,,0.730588,0.728364,0.729071,468.3892,466.5449,467.366167,524.010368,524.829334,524.508156
365,20000,16,0.730588,,0.730588,0.728364,0.72918,468.3892,466.5449,467.455871,524.010368,524.829334,524.483467
366,20000,16,0.730713,,0.730713,0.728422,0.729306,468.4541,466.5529,467.536024,523.95678,524.829334,524.438692
367,20000,16,0.730733,,0.730733,0.728422,0.729476,468.4541,466.5529,467.671539,523.852042,524.829334,524.397125
368,20000,16,0.730799,,0.730799,0.728551,0.729605,468.5896,466.994,467.758481,523.852042,524.829334,524.354884
369,20000,16,0.731211,,0.731211,0.728615,0.729736,468.7688,466.994,467.84119,523.743678,524.779231,524.307452
370,20000,16,0.731211,,0.731211,0.728936,0.729836,468.7688,466.994,467.903548,523.743678,524.559843,524.271757
371,20000,16,0.731211,,0.731211,0.729193,0.729937,468.7688,467.4921,467.968022,523.743678,524.50988,524.235896
372,20000,16,0.731512,,0.731512,0.729295,0.730019,468.9032,467.5616,468.006124,523.634335,524.50988,524.197378
373,20000,16,0.731512,,0.731512,0.729347,0.730101,468.9032,467.62,468.048295,523.634335,524.50988,524.161638
374,20000,16,0.731829,,0.731829,0.729347,0.730186,469.2429,467.62,468.105363,523.578866,524.50988,524.133694
375,20000,16,0.731829,,0.731829,0.729347,0.730347,469.2429,467.6895,468.202577,523.536901,524.50988,524.073588
376,20000,16,0.731829,,0.731829,0.729347,0.730512,469.2429,467.62,468.30257,523.536901,524.50988,524.011602
377,20000,16,0.731912,,0.731912,0.729574,0.730691,469.3637,467.7408,468.415992,523.536901,524.472991,523.94773
378,20000,16,0.732036,,0.732036,0.729578,0.730885,469.3637,467.7408,468.534725,523.498363,524.472991,523.876249
379,20000,16,0.732036,,0.732036,0.729578,0.731094,469.3637,467.7408,468.676612,523.483313,524.472991,523.808536
380,20000,16,0.732036,,0.732036,0.729578,0.731191,469.3637,467.7408,468.73362,523.483313,524.472991,523.771123
381,20000,16,0.732228,,0.732228,0.729578,0.731341,469.3906,467.7408,468.838107,523.401994,524.472991,523.724146
382,20000,16,0.732228,,0.732228,0.729983,0.731459,469.3906,467.9412,468.925315,523.401994,524.480761,523.690082
383,20000,16,0.732435,,0.732435,0.730047,0.731576,469.5114,467.9412,469.000805,523.321491,524.480761,523.64992
384,20000,16,0.732449,,0.732449,0.730047,0.7317,470.0608,467.9412,469.083489,523.313588,524.480761,523.608205
385,20000,16,0.732449,,0.732449,0.730051,0.731834,470.0978,467.9412,469.159778,523.313588,524.326591,523.554797
386,20000,16,0.732764,,0.732764,0.73096,0.732019,470.3478,468.5074,469.312464,523.283281,524.326591,523.512776
387,20000,16,0.732764,,0.732764,0.730966,0.732146,470.3478,468.5074,469.432617,523.283281,524.322132,523.494487
388,20000,16,0.733626,,0.733626,0.730966,0.732241,470.3478,468.5074,469.493201,522.807533,524.322132,523.461026
389,20000,16,0.733626,,0.733626,0.731249,0.732362,470.3478,468.5074,469.581215,522.807533,523.684051,523.425483
390,20000,16,0.733626,,0.733626,0.731249,0.732471,470.8644,468.5074,469.671753,522.807533,523.684051,523.400809
391,20000,16,0.733629,,0.733629,0.732036,0.732591,471.0648,469.1647,469.767103,522.807533,523.681061,523.371443
392,20000,16,0.733942,,0.733942,0.732047,0.732753,471.0648,469.2244,469.891037,522.653363,523.681061,523.328395
393,20000,16,0.733942,,0.733942,0.732114,0.732876,471.0648,469.2244,469.983808,522.653363,523.625592,523.294101
394,20000,16,0.733942,,0.733942,0.732267,0.732994,471.0648,469.5114,470.075002,522.653363,523.625592,523.263144
395,20000,16,0.73482,,0.73482,0.732435,0.733093,471.6833,469.5114,470.154163,522.644758,523.625592,523.239585
396,20000,16,0.73482,,0.73482,0.732435,0.733182,471.6833,469.5114,470.217345,522.644758,523.625592,523.212188
397,20000,16,0.73482,,0.73482,0.732435,0.733298,471.6833,469.5114,470.294693,522.644758,523.595285,523.173484
398,20000,16,0.73482,,0.73482,0.732557,0.733385,471.6833,469.7042,470.362806,522.653363,523.595285,523.151393
399,20000,16,0.73482,,0.73482,0.732557,0.733459,471.6833,469.7042,470.420855,522.653363,523.595285,523.132597
400,20000,16,0.73482,,0.73482,0.732557,0.733605,471.6833,469.7042,470.536537,522.653363,523.595285,523.096412
401,20000,16,0.735017,,0.735017,0.732557,0.733759,471.6833,469.7042,470.667722,522.615153,523.595285,523.064183
402,20000,16,0.735017,,0.735017,0.732557,0.733882,471.6833,469.7042,470.77433,522.615153,523.480864,523.039237
403,20000,16,0.735017,,0.735017,0.732557,0.73405,471.6833,469.7042,470.917481,522.615153,523.480864,523.003922
404,20000,16,0.735017,,0.735017,0.732671,0.7342,471.6833,469.7161,471.032478,522.615153,523.480864,522.964644
405,20000,16,0.735017,,0.735017,0.732671,0.734313,471.6833,469.7161,471.116821,522.615153,523.480864,522.932326
406,20000,16,0.735887,,0.735887,0.732671,0.734443,472.4636,469.7161,471.224169,522.513022,523.480864,522.902962
407,20000,16,0.735887,,0.735887,0.732671,0.734562,472.4636,469.7161,471.32558,522.513022,523.480864,522.878046
408,20000,16,0.735887,,0.735887,0.733195,0.734656,472.4636,469.7161,471.386872,522.513022,523.072616,522.846465
409,20000,16,0.735887,,0.735887,0.733195,0.734791,472.4636,469.7161,471.511775,522.513022,523.072616,522.824519
410,20000,16,0.735898,,0.735898,0.733453,0.734904,472.4636,470.3249,471.593989,522.513022,523.072616,522.791448
411,20000,16,0.736444,,0.736444,0.733942,0.735069,472.9205,470.3346,471.741116,522.380559,523.053226,522.761394
412,20000,16,0.736475,,0.736475,0.733942,0.735186,473.0979,470.3346,471.84284,522.371955,523.053226,522.738246
413,20000,16,0.736475,,0.736475,0.733953,0.735325,473.0979,470.3346,471.943181,522.371955,523.044621,522.697109
414,20000,16,0.736642,,0.736642,0.734151,0.735417,473.0979,470.3346,472.006535,522.324912,523.118299,522.668161
415,20000,16,0.736642,,0.736642,0.734151,0.735569,473.0979,470.3346,472.139473,522.324912,523.118299,522.63797
416,20000,16,0.736642,,0.736642,0.734349,0.735685,473.0979,470.3346,472.235559,522.324912,523.118299,522.612409
417,20000,16,0.736642,,0.736642,0.73482,0.735792,473.0979,471.6833,472.326538,522.324912,523.118299,522.589746
418,20000,16,0.736642,,0.736642,0.734831,0.735895,473.0979,471.6833,472.41024,521.980809,523.118299,522.565666
419,20000,16,0.736642,,0.736642,0.734831,0.735972,473.0979,471.6833,472.436646,521.980809,523.118299,522.523008
420,20000,16,0.736642,,0.736642,0.735232,0.736056,473.0979,471.6833,472.47645,521.980809,523.118299,522.484453
421,20000,16,0.736642,,0.736642,0.735417,0.736116,473.0979,471.6833,472.507851,521.968264,522.607767,522.458419
422,20000,16,0.736653,,0.736653,0.735417,0.736161,473.0979,471.6833,472.517696,521.968264,522.607767,522.429937
423,20000,16,0.736653,,0.736653,0.735513,0.736221,473.0979,471.6833,472.550118,521.968264,522.599162,522.404765
424,20000,16,0.736653,,0.736653,0.735513,0.736248,473.0979,471.6833,472.560716,521.968264,522.599162,522.390854
425,20000,16,0.736788,,0.736788,0.735615,0.736299,473.0979,471.6833,472.583686,521.959659,522.599162,522.36621
426,20000,16,0.736788,,0.736788,0.735838,0.736329,473.0979,471.6833,472.57513,521.959659,522.599162,522.337313
427,20000,16,0.737126,,0.737126,0.735838,0.73638,473.0979,471.6833,472.584908,521.946869,522.599162,522.304273
428,20000,16,0.737126,,0.737126,0.735849,0.736432,473.0979,471.6833,472.582707,521.946869,522.599162,522.26193
429,20000,16,0.737126,,0.737126,0.735898,0.736486,473.0979,471.6833,472.603836,521.946869,522.599162,522.23387
430,20000,16,0.737126,,0.737126,0.735898,0.736539,473.0979,471.6833,472.64304,521.709643,522.599162,522.219269
431,20000,16,0.737177,,0.737177,0.735898,0.736607,473.5167,471.6833,472.702611,521.709643,522.599162,522.206045
432,20000,16,0.737177,,0.737177,0.735898,0.736679,473.5167,471.6833,472.741062,521.709643,522.599162,522.175885
433,20000,16,0.737177,,0.737177,0.735898,0.736756,473.5167,471.6833,472.778751,521.709643,522.599162,522.140921
434,20000,16,0.737474,,0.737474,0.735898,0.736835,473.5167,472.2862,472.835088,521.675703,522.599162,522.117198
435,20000,16,0.737474,,0.737474,0.73633,0.736899,473.5167,472.2862,472.869217,521.675703,522.341883,522.090225
436,20000,16,0.737474,,0.737474,0.73633,0.736939,473.5167,472.2862,472.876581,521.675703,522.341883,522.063944
437,20000,16,0.737608,,0.737608,0.73633,0.737004,473.5167,472.2862,472.892062,521.675703,522.341883,522.023507
438,20000,16,0.737608,,0.737608,0.73633,0.737043,473.5167,472.2862,472.919086,521.675703,522.307943,522.010735
439,20000,16,0.737903,,0.737903,0.73633,0.737122,473.5167,472.2862,472.957403,521.675703,522.262111,521.974875
440,20000,16,0.738525,,0.738525,0.736788,0.737185,473.5167,472.2862,472.995745,521.189612,522.228171,521.951348
441,20000,16,0.738525,,0.738525,0.736788,0.73728,473.5167,472.8824,473.04756,521.189612,522.316548,521.912363
442,20000,16,0.738536,,0.738536,0.736788,0.737373,473.5167,472.8824,473.087095,521.181007,522.316548,521.866075
443,20000,16,0.738671,,0.738671,0.736788,0.737469,473.5167,472.9205,473.131304,521.075826,522.316548,521.820743
444,20000,16,0.738671,,0.738671,0.736788,0.737557,473.5167,472.9205,473.152191,521.075826,522.211126,521.766539
445,20000,16,0.738861,,0.738861,0.736832,0.737654,473.5167,472.3012,473.176835,520.927051,522.202762,521.707262
446,20000,16,0.738861,,0.738861,0.737118,0.737764,473.5167,472.9205,473.226696,520.927051,522.202762,521.654991
447,20000,16,0.738861,,0.738861,0.737118,0.737834,473.5167,472.9205,473.247583,520.927051,522.202762,521.614273
448,20000,16,0.739007,,0.739007,0.737118,0.73793,473.5167,472.9205,473.290344,520.813265,522.202762,521.567979
449,20000,16,0.739007,,0.739007,0.737118,0.737974,473.5167,472.9205,473.30823,520.813265,522.202762,521.545933
450,20000,16,0.739007,,0.739007,0.737177,0.73805,473.5376,472.9205,473.354161,520.813265,522.202762,521.517364
451,20000,16,0.739007,,0.739007,0.737177,0.738151,473.5376,472.9205,473.368517,520.813265,521.970892,521.447798
452,20000,16,0.740042,,0.740042,0.737177,0.738329,474.6171,472.9205,473.43024,520.688105,521.970892,521.350695
453,20000,16,0.740075,,0.740075,0.737177,0.738457,474.6171,472.9205,473.471205,520.351054,521.970892,521.277683
454,20000,16,0.740075,,0.740075,0.737608,0.738547,474.6171,472.9205,473.479181,520.351054,521.970892,521.213016
455,20000,16,0.740075,,0.740075,0.737608,0.738663,474.6171,472.9205,473.501435,520.351054,521.970892,521.13729
456,20000,16,0.740177,,0.740177,0.737608,0.738798,474.6171,472.9205,473.553811,520.351054,521.970892,521.067579
457,20000,16,0.740177,,0.740177,0.737608,0.739036,474.6171,473.418,473.67985,520.351054,521.970892,520.966211
458,20000,16,0.740712,,0.740712,0.737608,0.739229,474.6171,472.8848,473.778924,519.933994,521.970892,520.882439
459,20000,16,0.741209,,0.741209,0.737608,0.739478,474.6171,473.418,473.929259,519.899487,521.970892,520.788913
460,20000,16,0.741209,,0.741209,0.737608,0.739756,474.6171,473.418,474.080638,519.899487,521.970892,520.673258
461,20000,16,0.741209,,0.741209,0.737608,0.739963,474.6171,473.418,474.198565,519.899487,521.970892,520.590494
462,20000,16,0.741209,,0.741209,0.73832,0.740114,474.6171,473.418,474.277743,519.899487,521.415733,520.526069
463,20000,16,0.741209,,0.741209,0.738774,0.740291,474.6171,473.418,474.359146,519.899487,521.06093,520.442932
464,20000,16,0.741304,,0.741304,0.738774,0.740449,474.6171,473.418,474.446176,519.824997,521.06093,520.37751
465,20000,16,0.741304,,0.741304,0.739168,0.740545,474.7297,473.418,474.504091,519.824997,520.809448,520.341404
466,20000,16,0.741304,,0.741304,0.739168,0.740637,474.7297,473.418,474.54342,519.713944,520.809448,520.29577
467,20000,16,0.741304,,0.741304,0.740042,0.74072,474.7297,474.0351,474.578232,519.713944,520.809448,520.254458
468,20000,16,0.741304,,0.741304,0.740173,0.740795,474.7297,474.0351,474.609584,519.713944,520.704267,520.217512
469,20000,16,0.741619,,0.741619,0.740177,0.740864,475.2431,474.0351,474.626358,519.639454,520.704267,520.174387
470,20000,16,0.741661,,0.741661,0.740177,0.740942,475.2431,474.0351,474.651815,519.639454,520.704267,520.130599
471,20000,16,0.741903,,0.741903,0.740177,0.74104,475.5241,474.6171,474.675847,519.787735,520.704267,520.070306
472,20000,16,0.741903,,0.741903,0.740433,0.74111,475.5241,474.6171,474.688098,519.787735,520.578443,520.024498
473,20000,16,0.741903,,0.741903,0.740435,0.741152,475.5241,474.6171,474.719099,519.787735,520.578443,520.012311
474,20000,16,0.741903,,0.741903,0.740435,0.741194,475.5241,474.6171,474.735286,519.745316,520.578443,519.989891
475,20000,16,0.741945,,0.741945,0.74077,0.741268,475.5241,474.6171,474.76233,519.696346,520.242056,519.950415
476,20000,16,0.741945,,0.741945,0.74077,0.741345,475.5241,474.6171,474.80206,519.655268,520.242056,519.917179
477,20000,16,0.741945,,0.741945,0.74077,0.741408,475.5241,474.6171,474.827348,519.655268,520.242056,519.885404
478,20000,16,0.741945,,0.741945,0.74077,0.741466,475.5241,474.6171,474.863045,519.655268,520.242056,519.863812
479,20000,16,0.741999,,0.741999,0.74077,0.741529,475.5241,474.6171,474.918429,519.655268,520.242056,519.851944
480,20000,16,0.742223,,0.742223,0.74077,0.7416,475.6563,474.6171,474.98742,519.606229,520.242056,519.842708
481,20000,16,0.742223,,0.742223,0.74077,0.741684,475.6563,474.6171,475.059898,519.606229,520.242056,519.825786
482,20000,16,0.742471,,0.742471,0.74077,0.741756,475.6563,474.6171,475.132733,519.557916,520.242056,519.817995
483,20000,16,0.742471,,0.742471,0.741304,0.741824,475.6563,474.6171,475.174218,519.557916,519.965797,519.792948
484,20000,16,0.743201,,0.743201,0.741304,0.74188,475.9274,474.6171,475.212038,519.223785,519.965797,519.774863
485,20000,16,0.743201,,0.743201,0.741304,0.741955,475.9274,474.6171,475.265652,519.223785,519.965797,519.751714
486,20000,16,0.743201,,0.743201,0.741304,0.74203,476.2022,474.6171,475.316289,519.223785,519.965797,519.727181
487,20000,16,0.743298,,0.743298,0.741304,0.742131,476.2022,474.6171,475.375765,519.223121,519.932878,519.688352
488,20000,16,0.743298,,0.743298,0.741304,0.742235,476.2664,474.6171,475.43642,519.223121,519.932878,519.648461
489,20000,16,0.743611,,0.743611,0.741347,0.742335,476.5534,474.6171,475.517077,519.187063,519.932878,519.624193
490,20000,16,0.743611,,0.743611,0.741522,0.742479,476.7706,474.6171,475.64355,519.187063,519.89895,519.596476
491,20000,16,0.743701,,0.743701,0.741522,0.742596,476.7706,474.6171,475.742636,519.187063,519.878912,519.571693
492,20000,16,0.743941,,0.743941,0.741522,0.742726,476.8344,474.6171,475.859012,519.187063,519.878912,519.548295
493,20000,16,0.743941,,0.743941,0.741834,0.742861,476.8344,475.0103,475.991184,519.187063,519.878912,519.531608
494,20000,16,0.743941,,0.743941,0.742189,0.742955,476.8344,475.472,476.071182,519.187063,519.878912,519.511933
495,20000,16,0.743941,,0.743941,0.742189,0.743069,476.8344,475.472,476.167774,519.187063,519.878912,519.487696
496,20000,16,0.744086,,0.744086,0.742189,0.743183,477.3386,475.472,476.256732,519.141388,519.878912,519.458373
497,20000,16,0.744086,,0.744086,0.742189,0.74331,477.3386,475.472,476.355203,519.104556,519.878912,519.425654
498,20000,16,0.744309,,0.744309,0.742231,0.743395,477.3386,475.4661,476.416799,519.077292,519.878912,519.400632
499,20000,16,0.744309,,0.744309,0.742231,0.743495,477.3386,475.4661,476.528527,519.077292,519.878912,519.396928
500,20000,16,0.744586,,0.744586,0.742866,0.743653,477.6187,475.9059,476.669757,518.843363,519.878912,519.368867
501,20000,16,0.744813,,0.744813,0.742916,0.743753,477.6187,476.2022,476.771591,518.843363,519.878912,519.358953
502,20000,16,0.745054,,0.745054,0.742916,0.743868,477.7935,476.2022,476.866369,518.843363,519.878912,519.3328
503,20000,16,0.745054,,0.745054,0.742916,0.743963,477.7935,476.2022,476.955461,518.843363,519.777783,519.317945
504,20000,16,0.745054,,0.745054,0.742916,0.744046,477.7935,476.2022,477.009899,518.843363,519.75766,519.2896
505,20000,16,0.745097,,0.745097,0.742916,0.744161,477.7935,476.2022,477.093887,518.843363,519.75766,519.256878
506,20000,16,0.745097,,0.745097,0.7432,0.74427,478.0809,476.4832,477.171139,518.843363,519.596771,519.223632
507,20000,16,0.745097,,0.745097,0.743755,0.744374,478.0809,476.666,477.255033,518.843363,519.496468,519.198145
508,20000,16,0.745152,,0.745152,0.743755,0.744464,478.0809,476.666,477.324926,518.843363,519.496468,519.175008
509,20000,16,0.745194,,0.745194,0.743799,0.744528,478.0809,476.8344,477.376606,518.843363,519.496468,519.159924
510,20000,16,0.745194,,0.745194,0.744035,0.744619,478.0809,476.8344,477.45157,518.843363,519.496468,519.138998
511,20000,16,0.745194,,0.745194,0.744035,0.74471,478.0809,476.8344,477.528312,518.843363,519.496468,519.1195
512,20000,16,0.745194,,0.745194,0.744035,0.744774,478.0809,476.8865,477.591894,518.843363,519.392664,519.112296
513,20000,16,0.745646,,0.745646,0.744039,0.744883,478.3228,476.947,477.692203,518.921321,519.274561,519.094132
514,20000,16,0.745646,,0.745646,0.744039,0.744931,478.3619,476.947,477.736106,518.921321,519.274561,519.086646
515,20000,16,0.745646,,0.745646,0.744039,0.744978,478.3619,476.947,477.787288,518.921321,519.325954,519.08419
516,20000,16,0.745744,,0.745744,0.744628,0.745046,478.4354,477.5125,477.850973,518.920657,519.274561,519.073295
517,20000,16,0.745744,,0.745744,0.744628,0.745094,478.4354,477.5125,477.902003,518.920657,519.274561,519.070087
518,20000,16,0.745744,,0.745744,0.744628,0.745143,478.4354,477.5125,477.935541,518.920657,519.274561,519.054506
519,20000,16,0.745744,,0.745744,0.744628,0.745185,478.4354,477.5125,477.971786,518.920657,519.274561,519.046155
520,20000,16,0.745744,,0.745744,0.744628,0.745221,478.4354,477.6187,477.99655,518.920657,519.274561,519.03453
521,20000,16,0.745744,,0.745744,0.744628,0.745264,478.4354,477.6187,478.014162,518.920657,519.274561,519.013198
522,20000,16,0.745744,,0.745744,0.744628,0.745298,478.4354,477.6187,478.04771,518.899992,519.274561,519.008578
523,20000,16,0.74582,,0.74582,0.744986,0.745348,478.8912,477.7935,478.082949,518.920657,519.274561,518.993133
524,20000,16,0.74582,,0.74582,0.745097,0.745374,478.8912,477.7935,478.106877,518.920657,519.241476,518.988795
525,20000,16,0.74582,,0.74582,0.745097,0.745413,478.8912,477.7935,478.152255,518.920657,519.241476,518.988844
526,20000,16,0.74582,,0.74582,0.745097,0.745438,478.8912,477.7935,478.188564,518.920657,519.241476,518.993975
527,20000,16,0.74582,,0.74582,0.745097,0.745482,478.8912,477.7935,478.242613,518.920657,519.241476,518.996236
528,20000,16,0.74582,,0.74582,0.745097,0.745522,478.8912,477.7935,478.289117,518.920657,519.241476,518.996215
529,20000,16,0.746045,,0.746045,0.745097,0.745543,478.8912,477.7935,478.323228,518.686064,519.241476,519.002559
530,20000,16,0.746045,,0.746045,0.745097,0.74557,478.8912,477.7935,478.359591,518.686064,519.241476,519.005728
531,20000,16,0.746045,,0.746045,0.745194,0.745602,478.8912,477.9061,478.409972,518.686064,519.241476,519.014339
532,20000,16,0.746045,,0.746045,0.745194,0.745646,478.8912,477.9061,478.469078,518.686064,519.241476,519.019987
533,20000,16,0.746045,,0.746045,0.745194,0.745673,478.8912,477.9061,478.523282,518.686064,519.241476,519.035326
534,20000,16,0.746045,,0.746045,0.745194,0.745708,478.8912,477.9061,478.564547,518.686064,519.241476,519.035366
535,20000,16,0.746045,,0.746045,0.745194,0.745729,478.8912,477.9061,478.584593,518.686064,519.241476,519.032403
536,20000,16,0.746045,,0.746045,0.745194,0.745749,478.8912,477.9061,478.624388,518.686064,519.167238,519.043553
537,20000,16,0.746045,,0.746045,0.745194,0.745775,478.8912,477.9061,478.646686,518.686064,519.167238,519.03823
538,20000,16,0.746045,,0.746045,0.745194,0.745797,478.8912,477.9061,478.660162,518.653244,519.167238,519.029948
539,20000,16,0.746045,,0.746045,0.745194,0.745811,478.8912,477.9061,478.688245,518.653244,519.167238,519.038135
540,20000,16,0.746045,,0.746045,0.745194,0.745828,478.8912,477.9061,478.702654,518.653244,519.167238,519.034396
541,20000,16,0.746045,,0.746045,0.745744,0.745841,478.8912,478.3421,478.707947,518.653244,519.167238,519.028072
542,20000,16,0.746045,,0.746045,0.745744,0.74585,478.8912,478.3421,478.706081,518.653244,519.167238,519.019487
543,20000,16,0.746045,,0.746045,0.745744,0.745857,478.8912,478.3421,478.709706,518.653244,519.167238,519.016043
544,20000,16,0.746045,,0.746045,0.745744,0.745869,478.8912,478.3421,478.70059,518.653244,519.167238,519.000837
545,20000,16,0.746045,,0.746045,0.745744,0.745882,479.0038,478.3421,478.70814,518.653244,519.167238,518.995459
546,20000,16,0.746045,,0.746045,0.745744,0.74589,479.0038,478.3421,478.70814,518.653244,519.167238,518.989877
547,20000,16,0.746045,,0.746045,0.745744,0.745897,479.0038,478.3421,478.710199,518.653244,519.167238,518.985507
548,20000,16,0.746045,,0.746045,0.74582,0.745907,479.0038,478.4354,478.702016,518.686064,519.167238,518.97241
549,20000,16,0.746045,,0.746045,0.74582,0.745913,479.0038,478.4354,478.695152,518.686064,519.167238,518.962773
550,20000,16,0.746045,,0.746045,0.74582,0.745924,479.0038,478.4354,478.679172,518.686064,519.167238,518.943513
551,20000,16,0.746045,,0.746045,0.74582,0.745933,479.0038,478.4354,478.657508,518.686064,519.167238,518.922359
552,20000,16,0.746045,,0.746045,0.74582,0.745945,479.0038,478.4354,478.648338,518.686064,519.167238,518.906441
553,20000,16,0.746953,,0.746953,0.74582,0.745967,479.0525,478.4354,478.628287,518.391524,519.167238,518.876106
554,20000,16,0.746953,,0.746953,0.74582,0.74598,479.0525,478.4354,478.607749,518.391524,519.167238,518.852065
555,20000,16,0.746953,,0.746953,0.74582,0.745988,479.0525,478.4354,478.600885,518.391524,519.167238,518.84091
556,20000,16,0.746953,,0.746953,0.74582,0.745994,479.0525,478.4354,478.595147,518.391524,519.167238,518.832723
557,20000,16,0.746953,,0.746953,0.74582,0.746012,479.0525,478.4354,478.589896,518.391524,519.167238,518.815329
558,20000,16,0.746953,,0.746953,0.74582,0.746038,479.0525,478.4354,478.572638,518.391524,519.167238,518.783461
559,20000,16,0.746953,,0.746953,0.745858,0.746088,479.0525,478.4354,478.581883,518.391524,519.166574,518.750509
560,20000,16,0.746953,,0.746953,0.745858,0.746133,479.0525,478.4354,478.583831,518.391524,519.166574,518.716672
561,20000,16,0.746953,,0.746953,0.745858,0.746172,479.0525,478.4354,478.614199,518.391524,519.166574,518.706784
562,20000,16,0.746953,,0.746953,0.745858,0.746218,479.0525,478.4354,478.627515,518.391524,519.166574,518.680104
563,20000,16,0.746953,,0.746953,0.745858,0.746229,479.0525,478.4354,478.621831,518.391524,519.166574,518.667633
564,20000,16,0.746953,,0.746953,0.745917,0.746273,479.0525,478.4354,478.640831,518.391524,519.166574,518.645632
565,20000,16,0.746953,,0.746953,0.745917,0.746323,479.0525,478.4354,478.666002,518.391524,519.166574,518.62366
566,20000,16,0.746957,,0.746957,0.745917,0.746397,479.0525,478.4354,478.721054,518.388385,519.166574,518.602493
567,20000,16,0.746957,,0.746957,0.745917,0.746445,479.0525,478.4354,478.757593,518.388385,519.166574,518.589754
568,20000,16,0.746957,,0.746957,0.745917,0.746495,479.0525,478.4354,478.794132,518.388385,519.166574,518.575537
569,20000,16,0.746961,,0.746961,0.745917,0.746589,479.0525,478.4354,478.844474,518.385362,519.166574,518.535655
570,20000,16,0.747126,,0.747126,0.746045,0.74663,479.6209,478.4354,478.869158,518.356979,518.93198,518.519955
571,20000,16,0.747126,,0.747126,0.746045,0.746717,479.6209,478.4354,478.936065,518.30337,518.93198,518.497015
572,20000,16,0.747126,,0.747126,0.746045,0.74678,479.6209,478.4354,478.990143,518.30337,518.93198,518.484709
573,20000,16,0.747126,,0.747126,0.746045,0.746828,479.6209,478.4354,479.032366,518.30337,518.93198,518.475028
574,20000,16,0.747126,,0.747126,0.746049,0.746875,479.6209,478.4354,479.057537,518.30337,518.93198,518.455425
575,20000,16,0.747126,,0.747126,0.746158,0.746903,479.6209,478.4354,479.081247,518.30337,518.93198,518.449515
576,20000,16,0.747126,,0.747126,0.746158,0.74693,479.6209,478.4354,479.088392,518.300231,518.93198,518.43357
577,20000,16,0.747126,,0.747126,0.746218,0.746965,479.6209,479.0038,479.12347,518.300231,518.93198,518.429419
578,20000,16,0.747126,,0.747126,0.746218,0.746981,479.6209,479.0038,479.14036,518.265686,518.93198,518.428593
579,20000,16,0.747133,,0.747133,0.746218,0.747016,479.6209,479.0038,479.187428,518.300231,518.93198,518.432112
580,20000,16,0.747133,,0.747133,0.746218,0.747034,479.6209,479.0038,479.212084,518.300231,518.93198,518.435091
581,20000,16,0.748187,,0.748187,0.746953,0.747064,480.2075,479.0525,479.247506,518.202286,518.63744,518.435176
582,20000,16,0.748187,,0.748187,0.746953,0.747073,480.2075,479.0525,479.264558,518.202286,518.63744,518.440068
583,20000,16,0.748187,,0.748187,0.746961,0.747083,480.2075,479.0525,479.27671,518.202286,518.63744,518.440128
584,20000,16,0.748187,,0.748187,0.746997,0.747088,480.2075,479.0525,479.294546,518.202286,518.63744,518.448192
585,20000,16,0.748187,,0.748187,0.746997,0.747091,480.2075,479.0525,479.29533,518.202286,518.63744,518.446491
586,20000,16,0.748187,,0.748187,0.746997,0.74711,480.2075,479.0525,479.319816,518.202286,518.63744,518.448063
587,20000,16,0.748187,,0.748187,0.746997,0.747148,480.2075,479.0525,479.360752,518.202286,518.63744,518.445744
588,20000,16,0.748255,,0.748255,0.747001,0.747196,480.2859,479.0525,479.413056,518.202006,518.63744,518.443254
589,20000,16,0.748255,,0.748255,0.747001,0.747221,480.2859,479.0525,479.42539,518.202006,518.63744,518.431746
590,20000,16,0.748517,,0.748517,0.747001,0.747277,480.2859,479.0525,479.46494,517.945292,518.63744,518.414651
591,20000,16,0.748517,,0.748517,0.747001,0.74735,480.7759,479.0525,479.514999,517.945292,518.63744,518.391617
592,20000,16,0.748701,,0.748701,0.747001,0.747447,480.7759,479.0525,479.595065,517.945292,518.63744,518.369616
593,20000,16,0.748701,,0.748701,0.747001,0.747504,480.7759,479.0525,479.658041,517.945292,518.63744,518.366996
594,20000,16,0.748701,,0.748701,0.747001,0.747591,480.7759,479.0525,479.733878,517.945292,518.63744,518.350236
595,20000,16,0.748701,,0.748701,0.747001,0.747668,480.7759,479.0525,479.804288,517.945292,518.63744,518.33743
596,20000,16,0.748701,,0.748701,0.747001,0.747766,480.7759,479.0525,479.891148,517.945292,518.63744,518.318809
597,20000,16,0.748701,,0.748701,0.747114,0.747868,480.7759,479.0525,479.985871,517.945292,518.7527,518.302657
598,20000,16,0.748701,,0.748701,0.747114,0.747953,480.7759,479.0525,480.05037,517.95246,518.63744,518.279848
599,20000,16,0.748701,,0.748701,0.747114,0.748054,480.7759,479.0525,480.152645,517.95246,518.63744,518.269996
600,20000,16,0.748701,,0.748701,0.747114,0.748146,480.7759,479.0525,480.260622,517.95246,518.63744,518.270616
601,20000,16,0.748701,,0.748701,0.747126,0.748296,480.7759,479.577,480.387215,517.95246,518.63744,518.238081
602,20000,16,0.748701,,0.748701,0.747508,0.74837,480.7759,479.577,480.466754,517.95246,518.536357,518.233867
603,20000,16,0.748701,,0.748701,0.747508,0.748411,480.7759,479.577,480.500877,517.95246,518.536357,518.224632
604,20000,16,0.748701,,0.748701,0.747579,0.748454,480.7759,479.577,480.551538,517.95246,518.536357,518.224925
605,20000,16,0.748701,,0.748701,0.747579,0.748504,480.7759,479.577,480.617338,518.182841,518.536357,518.230097
606,20000,16,0.748701,,0.748701,0.747579,0.748531,480.7759,479.577,480.639999,518.182841,518.536357,518.22392
607,20000,16,0.748743,,0.748743,0.747621,0.748599,480.7759,479.577,480.691099,518.120802,518.536357,518.205544
608,20000,16,0.748743,,0.748743,0.747621,0.748659,480.7759,479.577,480.748849,518.120802,518.536357,518.196955
609,20000,16,0.748743,,0.748743,0.748248,0.748692,480.7759,480.732,480.770632,518.120802,518.536357,518.186002
610,20000,16,0.748743,,0.748743,0.748248,0.748698,480.7759,480.732,480.769754,518.120802,518.536357,518.181226
611,20000,16,0.748743,,0.748743,0.748248,0.748703,480.7759,480.732,480.768876,518.120802,518.536357,518.17645
612,20000,16,0.748743,,0.748743,0.748701,0.748708,480.7759,480.732,480.768437,518.120802,518.182841,518.172294
613,20000,16,0.748743,,0.748743,0.748701,0.748708,480.7759,480.732,480.767998,518.120802,518.182841,518.171518
614,20000,16,0.74922,,0.74922,0.748701,0.748714,481.1388,480.732,480.771188,518.021243,518.182841,518.169282
615,20000,16,0.74922,,0.74922,0.748701,0.748726,481.1388,480.732,480.778007,518.021243,518.182841,518.164325
616,20000,16,0.74922,,0.74922,0.748701,0.748736,481.1388,480.732,480.780319,518.021243,518.182841,518.158483
617,20000,16,0.74922,,0.74922,0.748701,0.748746,481.1388,480.732,480.782631,518.021243,518.182841,518.152003
618,20000,16,0.74922,,0.74922,0.748701,0.748763,481.1388,480.732,480.793079,518.021243,518.182841,518.145586
619,20000,16,0.74922,,0.74922,0.748701,0.74878,481.1388,480.732,480.803966,518.021243,518.182841,518.139478
620,20000,16,0.74922,,0.74922,0.748701,0.74881,481.1388,480.732,480.823867,518.021243,518.182841,518.129772
621,20000,16,0.74922,,0.74922,0.748701,0.748829,481.1388,480.732,480.834315,518.021243,518.182841,518.121939
622,20000,16,0.74922,,0.74922,0.748701,0.748852,481.1388,480.732,480.847514,518.021243,518.182841,518.11251
623,20000,16,0.74922,,0.74922,0.748701,0.748884,481.1388,480.732,480.873795,518.021243,518.182841,518.105824
624,20000,16,0.74922,,0.74922,0.748701,0.748921,481.1388,480.732,480.905022,518.021243,518.182841,518.097174
625,20000,16,0.749341,,0.749341,0.748701,0.748953,481.1388,480.732,480.925918,517.92634,518.182841,518.086648
626,20000,16,0.749341,,0.749341,0.748701,0.748997,481.1388,480.732,480.958023,517.92634,518.182841,518.073956
627,20000,16,0.749341,,0.749341,0.748701,0.749047,481.1388,480.732,480.997386,517.92634,518.182841,518.061501
628,20000,16,0.749341,,0.749341,0.748701,0.749084,481.1388,480.732,481.024106,517.92634,518.182841,518.050052
629,20000,16,0.749341,,0.749341,0.748701,0.74913,481.1388,480.732,481.053577,517.92634,518.182841,518.034004
630,20000,16,0.749341,,0.749341,0.748701,0.749165,481.1388,480.732,481.074912,517.92634,518.182841,518.020741
631,20000,16,0.749341,,0.749341,0.748701,0.749189,481.1388,480.732,481.090306,517.92634,518.182841,518.012382
632,20000,16,0.749341,,0.749341,0.748701,0.749223,481.1388,480.732,481.109329,517.92634,518.182841,517.999178
633,20000,16,0.749341,,0.749341,0.748701,0.749238,481.1388,480.732,481.112519,517.92634,518.182841,517.989637
634,20000,16,0.749341,,0.749341,0.748721,0.749258,481.1388,480.732,481.119777,517.92634,518.167283,517.978969
635,20000,16,0.749341,,0.749341,0.748721,0.749278,481.1388,480.732,481.131103,517.92634,518.167283,517.970369
636,20000,16,0.749349,,0.749349,0.74922,0.749292,481.1388,481.1388,481.1388,517.920179,518.021243,517.965004
637,20000,16,0.749349,,0.749349,0.74922,0.749299,481.1388,481.0262,481.137674,517.920179,518.021243,517.958306
638,20000,16,0.749349,,0.749349,0.74922,0.749303,481.1388,481.1388,481.1388,517.920179,518.021243,517.956401
639,20000,16,0.749349,,0.749349,0.74922,0.749305,481.1388,481.1388,481.1388,517.920179,518.021243,517.954442
640,20000,16,0.749349,,0.749349,0.74922,0.749313,481.1388,481.1388,481.1388,517.920179,518.021243,517.948501
641,20000,16,0.749349,,0.749349,0.74922,0.749317,481.1388,481.1388,481.1388,517.920179,518.021243,517.945654
642,20000,16,0.749349,,0.749349,0.74922,0.749317,481.1388,481.1388,481.1388,517.920179,518.021243,517.945531
643,20000,16,0.74952,,0.74952,0.74922,0.749322,481.2754,481.1388,481.140166,517.878715,518.021243,517.942022
644,20000,16,0.74952,,0.74952,0.74922,0.749327,481.2754,481.1388,481.141532,517.878715,518.021243,517.939402
645,20000,16,0.74952,,0.74952,0.74922,0.749333,481.2754,481.1388,481.144264,517.878715,518.021243,517.936366
646,20000,16,0.74952,,0.74952,0.74922,0.749347,481.2754,481.1388,481.149728,517.878715,518.021243,517.929531
647,20000,16,0.74952,,0.74952,0.74922,0.749356,481.2754,481.1388,481.156558,517.878715,518.021243,517.926965
648,20000,16,0.750517,,0.750517,0.74922,0.749379,481.2754,481.1388,481.163388,517.009259,518.021243,517.913392
649,20000,16,0.750517,,0.750517,0.74922,0.749411,481.2754,481.1388,481.168852,517.009259,518.021243,517.892196
650,20000,16,0.750517,,0.750517,0.74922,0.749436,481.2754,481.1388,481.177048,517.009259,518.021243,517.878454
651,20000,16,0.750696,,0.750696,0.74922,0.749483,482.0163,481.1388,481.198117,516.961634,518.088845,517.855677
652,20000,16,0.750696,,0.750696,0.749341,0.749551,482.0163,481.1388,481.23537,516.961634,518.088845,517.827393
653,20000,16,0.750696,,0.750696,0.749341,0.749611,482.0163,481.1388,481.249609,516.961634,518.088845,517.790553
654,20000,16,0.750696,,0.750696,0.749341,0.749685,482.0163,481.1388,481.263848,516.961634,518.088845,517.742398
655,20000,16,0.750696,,0.750696,0.749341,0.749777,482.0163,480.4454,481.278562,516.961634,518.088845,517.680086
656,20000,16,0.750696,,0.750696,0.749341,0.749907,482.1529,480.4454,481.320492,516.961634,518.088845,517.607227
657,20000,16,0.751184,,0.751184,0.749341,0.75001,482.1529,480.4454,481.344132,516.955472,518.04122,517.54256
658,20000,16,0.751184,,0.751184,0.749341,0.750066,482.1529,480.4454,481.376963,516.955472,518.04122,517.521085
659,20000,16,0.751363,,0.751363,0.749341,0.750126,482.1529,480.4454,481.395595,516.44764,518.04122,517.486088
660,20000,16,0.751363,,0.751363,0.749341,0.750238,482.1529,480.7263,481.404487,516.44764,518.04122,517.405248
661,20000,16,0.751363,,0.751363,0.749341,0.750316,482.1529,480.7263,481.422439,516.44764,518.04122,517.356085
662,20000,16,0.751363,,0.751363,0.74952,0.750447,482.1529,480.7263,481.490826,516.44764,518.04122,517.300142
663,20000,16,0.751363,,0.751363,0.74952,0.750548,482.1529,480.2936,481.492377,516.44764,517.993942,517.221753
664,20000,16,0.751441,,0.751441,0.74952,0.750672,482.1529,480.5897,481.538778,516.44764,517.905552,517.156706
665,20000,16,0.751441,,0.751441,0.749528,0.750745,482.1529,480.5897,481.56198,516.44764,517.872554,517.114691
666,20000,16,0.751575,,0.751575,0.749528,0.750806,482.2336,480.7263,481.600143,516.44764,517.872554,517.093155
667,20000,16,0.751575,,0.751575,0.749528,0.75089,482.2336,480.7263,481.642019,516.44764,517.872554,517.055791
668,20000,16,0.751575,,0.751575,0.749528,0.750962,482.2336,480.7263,481.691286,516.44764,517.872554,517.032405
669,20000,16,0.751575,,0.751575,0.749528,0.751045,482.2336,480.7263,481.746348,516.44764,517.872554,517.004346
670,20000,16,0.751575,,0.751575,0.749528,0.751158,482.2336,480.7263,481.845015,516.44764,517.872554,516.98227
671,20000,16,0.751575,,0.751575,0.749528,0.75124,482.2336,480.7263,481.914591,516.44764,517.872554,516.965526
672,20000,16,0.751575,,0.751575,0.750703,0.751321,482.2336,480.7263,481.979763,516.44764,517.07686,516.945953
673,20000,16,0.751575,,0.751575,0.750703,0.751389,482.2336,480.7263,482.057844,516.44764,517.07686,516.945227
674,20000,16,0.751575,,0.751575,0.750703,0.751444,482.2336,480.7263,482.10795,516.44764,517.07686,516.93553
675,20000,16,0.751631,,0.751631,0.750883,0.751489,482.2336,480.7263,482.131674,516.44764,517.07686,516.916197
676,20000,16,0.751631,,0.751631,0.750883,0.751516,482.2336,480.7263,482.156343,516.44764,517.054658,516.912139
677,20000,16,0.751631,,0.751631,0.750883,0.751543,482.2336,480.7263,482.203649,516.44764,517.207013,516.922362
678,20000,16,0.751631,,0.751631,0.751363,0.751558,482.2336,482.1121,482.223508,516.874302,517.029235,516.924244
679,20000,16,0.751631,,0.751631,0.751363,0.75157,482.2336,482.1529,482.228688,516.874302,517.029235,516.918591
680,20000,16,0.751631,,0.751631,0.751363,0.751578,482.2336,482.1529,482.231986,516.874302,517.029235,516.914271
681,20000,16,0.751631,,0.751631,0.751575,0.751581,482.2336,482.2336,482.2336,516.874302,516.917884,516.91309
682,20000,16,0.751631,,0.751631,0.751575,0.751583,482.2336,482.2336,482.2336,516.874302,516.917884,516.911783
683,20000,16,0.751631,,0.751631,0.751575,0.751587,482.2336,482.2336,482.2336,516.874302,516.917884,516.908732
684,20000,16,0.751631,,0.751631,0.751575,0.75159,482.2336,482.2336,482.2336,516.874302,516.917884,516.905681
685,20000,16,0.751631,,0.751631,0.751575,0.751594,482.2336,482.2336,482.2336,516.874302,516.917884,516.902631
686,20000,16,0.751631,,0.751631,0.751575,0.751597,482.2336,482.2336,482.2336,516.874302,516.917884,516.900887
687,20000,16,0.751631,,0.751631,0.751575,0.751601,482.2336,482.2336,482.2336,516.874302,516.917884,516.897401
688,20000,16,0.751631,,0.751631,0.751575,0.751606,482.2336,482.2336,482.2336,516.874302,516.917884,516.893914
689,20000,16,0.751631,,0.751631,0.751575,0.751612,482.2336,482.2336,482.2336,516.874302,516.917884,516.888684
690,20000,16,0.751631,,0.751631,0.751575,0.751616,482.2336,482.2336,482.2336,516.874302,516.917884,516.886069
691,20000,16,0.751631,,0.751631,0.751575,0.751619,482.2336,482.2336,482.2336,516.874302,516.917884,516.883018
692,20000,16,0.751631,,0.751631,0.751575,0.751622,482.2336,482.2336,482.2336,516.874302,516.917884,516.880839
693,20000,16,0.751631,,0.751631,0.751575,0.751626,482.2336,482.2336,482.2336,516.874302,516.917884,516.878224
694,20000,16,0.751631,,0.751631,0.751575,0.751628,482.2336,482.2336,482.2336,516.874302,516.917884,516.876045
695,20000,16,0.751631,,0.751631,0.751575,0.75163,482.2336,482.2336,482.2336,516.874302,516.917884,516.874738
696,20000,16,0.751631,,0.751631,0.751631,0.751631,482.2336,482.2336,482.2336,516.874302,516.874302,516.874302
697,20000,16,0.751631,,0.751631,0.751631,0.751631,482.2336,482.2336,482.2336,516.874302,516.874302,516.874302
698,20000,16,0.751631,,0.751631,0.751631,0.751631,482.2336,482.2336,482.2336,516.874302,516.874302,516.874302
699,20000,16,0.751631,,0.751631,0.751631,0.751631,482.2336,482.2336,482.2336,516.874302,516.874302,516.874302
700,20000,16,0.751631,,0.751631,0.751631,0.751631,482.2336,482.2336,482.2336,516.874302,516.874302,516.874302
701,20000,16,0.751631,,0.751631,0.751631,0.751631,482.2336,482.2336,482.2336,516.874302,516.874302,516.874302
702,20000,16,0.751631,,0.751631,0.751631,0.751631,482.2336,482.2336,482.2336,516.874302,516.874302,516.874302
703,20000,16,0.751631,,0.751631,0.751631,0.751631,482.2336,482.2336,482.2336,516.874302,516.874302,516.874302
704,20000,16,0.751631,,0.751631,0.751631,0.751631,482.2336,482.2336,482.2336,516.874302,516.874302,516.874302
705,20000,16,0.751631,,0.751631,0.751631,0.751631,482.2336,482.2336,482.2336,516.874302,516.874302,516.874302
706,20000,16,0.751631,,0.751631,0.751631,0.751631,482.2336,482.2336,482.2336,516.874302,516.874302,516.874302
707,20000,16,0.751631,,0.751631,0.751631,0.751631,482.2336,482.2336,482.2336,516.874302,516.874302,516.874302
708,20000,16,0.751631,,0.751631,0.751631,0.751631,482.2336,482.2336,482.2336,516.874302,516.874302,516.874302
709,20000,16,0.751631,,0.751631,0.751631,0.751631,482.2336,482.2336,482.2336,516.874302,516.874302,516.874302
710,20000,16,0.751631,,0.751631,0.751631,0.751631,482.2336,482.2336,482.2336,516.874302,516.874302,516.874302
711,20000,16,0.751631,,0.751631,0.751631,0.751631,482.2336,482.2336,482.2336,516.874302,516.874302,516.874302
712,20000,16,0.751819,,0.751819,0.751631,0.751633,482.312,482.2336,482.234384,516.727737,516.874302,516.872833
713,20000,16,0.751819,,0.751819,0.751631,0.751638,482.312,482.2336,482.235168,516.727737,516.874302,516.869899
714,20000,16,0.751819,,0.751819,0.751631,0.751645,482.312,482.2336,482.236736,516.727737,516.874302,516.865497
715,20000,16,0.751819,,0.751819,0.751631,0.75165,482.312,482.2336,482.236736,516.727737,516.874302,516.8611
716,20000,16,0.751819,,0.751819,0.751631,0.751652,482.312,482.2336,482.238304,516.727737,516.874302,516.861094
717,20000,16,0.751819,,0.751819,0.751631,0.751661,482.312,482.2336,482.240656,516.727737,516.874302,516.855223
718,20000,16,0.751819,,0.751819,0.751631,0.751671,482.312,482.2336,482.24536,516.727737,516.874302,516.850809
719,20000,16,0.751819,,0.751819,0.751631,0.751675,482.312,482.2336,482.248496,516.727737,516.874302,516.849333
720,20000,16,0.751819,,0.751819,0.751631,0.751687,482.312,482.2336,482.2532,516.727737,516.874302,516.843453
721,20000,16,0.751819,,0.751819,0.751631,0.75169,482.312,482.2336,482.254768,516.727737,516.874302,516.841982
722,20000,16,0.751886,,0.751886,0.751631,0.751698,482.4442,482.2336,482.258442,516.727456,516.874302,516.838703
723,20000,16,0.751886,,0.751886,0.751631,0.751706,482.4442,482.2336,482.25898,516.727456,516.874302,516.832504
724,20000,16,0.751886,,0.751886,0.751631,0.751714,482.4442,482.2336,482.262408,516.727456,516.874302,516.828891
725,20000,16,0.751886,,0.751886,0.751631,0.751723,482.4442,482.2336,482.268726,516.727456,516.874302,516.825822
726,20000,16,0.751886,,0.751886,0.751631,0.751729,482.4442,482.2336,482.26951,516.727456,516.874302,516.821422
727,20000,16,0.751886,,0.751886,0.751631,0.751743,482.4442,482.2336,482.273476,516.727456,516.874302,516.813386
728,20000,16,0.751886,,0.751886,0.751631,0.751757,482.4442,482.2336,482.272984,516.727456,516.874302,516.801882
729,20000,16,0.751886,,0.751886,0.751631,0.75178,482.4442,482.2336,482.283268,516.727456,516.874302,516.791354
730,20000,16,0.751976,,0.751976,0.751631,0.751792,482.4442,482.2336,482.28934,516.693809,516.874302,516.785907
731,20000,16,0.751976,,0.751976,0.751631,0.75181,482.4442,482.2336,482.300946,516.693809,516.874302,516.779705
732,20000,16,0.752043,,0.752043,0.751631,0.751826,482.4442,482.2336,482.307802,516.693528,516.874302,516.771324
733,20000,16,0.752043,,0.752043,0.751631,0.751842,482.4442,482.2336,482.313628,516.693528,516.874302,516.763458
734,20000,16,0.752137,,0.752137,0.751631,0.751855,482.4442,482.2336,482.321806,516.567639,516.874302,516.75845
735,20000,16,0.752137,,0.752137,0.751631,0.751869,482.4442,482.2336,482.328954,516.567639,516.874302,516.752598
736,20000,16,0.752163,,0.752163,0.751631,0.751891,482.4442,481.8167,482.330073,516.179815,516.874302,516.735706
737,20000,16,0.752725,,0.752725,0.751631,0.751922,482.7222,481.8167,482.338676,516.179815,516.874302,516.717463
738,20000,16,0.752725,,0.752725,0.751819,0.751957,482.7222,481.8167,482.347571,516.179815,516.840093,516.696364
739,20000,16,0.752725,,0.752725,0.751819,0.751986,482.7222,481.8167,482.351178,516.179815,516.840093,516.675734
740,20000,16,0.752725,,0.752725,0.751819,0.752021,482.7222,481.8167,482.359425,516.179534,516.840093,516.653947
741,20000,16,0.752913,,0.752913,0.751819,0.75206,482.7222,481.8167,482.37316,515.833869,516.840093,516.632814
742,20000,16,0.752913,,0.752913,0.751819,0.752096,482.7222,481.8167,482.37856,515.833869,516.840093,516.608551
743,20000,16,0.753309,,0.753309,0.751819,0.752153,483.242,481.8167,482.399436,515.833869,516.782328,516.577708
744,20000,16,0.753309,,0.753309,0.751886,0.752205,483.242,481.8167,482.426414,515.833869,516.782328,516.555765
745,20000,16,0.753309,,0.753309,0.751886,0.752284,483.242,481.8167,482.446439,515.833869,516.782328,516.5074
746,20000,16,0.753309,,0.753309,0.751886,0.752354,483.242,481.8167,482.462944,515.833869,516.727456,516.463769
747,20000,16,0.754058,,0.754058,0.752043,0.752438,483.5984,481.8167,482.477065,515.833869,516.693528,516.407572
748,20000,16,0.754058,,0.754058,0.752043,0.7525,483.5984,481.8167,482.456848,515.833869,516.693528,516.345753
749,20000,16,0.754058,,0.754058,0.75205,0.752548,483.5984,481.8167,482.425566,515.776104,516.667987,516.287132
750,20000,16,0.754058,,0.754058,0.752117,0.752639,483.5984,481.8951,482.482701,515.776104,516.667987,516.254591
751,20000,16,0.754058,,0.754058,0.752117,0.752711,483.5984,481.8951,482.470612,515.776104,516.667707,516.190418
752,20000,16,0.754058,,0.754058,0.752117,0.752784,483.5984,481.8951,482.499022,515.776104,516.667707,516.152272
753,20000,16,0.754058,,0.754058,0.752125,0.752877,483.5984,481.8951,482.570259,515.776104,516.667707,516.12802
754,20000,16,0.754058,,0.754058,0.752125,0.752972,483.5984,481.8951,482.603055,515.776104,516.667707,516.075684
755,20000,16,0.754507,,0.754507,0.752231,0.753084,483.9294,481.8951,482.657741,515.767348,516.667707,516.025038
756,20000,16,0.754574,,0.754574,0.752231,0.753244,484.0078,481.8951,482.774615,515.767068,516.667707,515.978593
757,20000,16,0.754574,,0.754574,0.752231,0.753358,484.0078,481.8951,482.856048,515.767068,516.667707,515.944168
758,20000,16,0.754574,,0.754574,0.752231,0.753506,484.0078,481.8951,482.961333,515.767068,516.667707,515.898879
759,20000,16,0.756244,,0.756244,0.752313,0.753659,485.543,481.8951,483.097618,515.493755,516.241183,515.871346
760,20000,16,0.756244,,0.756244,0.752913,0.753735,485.543,482.1731,483.183373,515.493755,516.241183,515.869761
761,20000,16,0.756244,,0.756244,0.752913,0.753822,485.543,482.1731,483.289289,515.493755,516.241183,515.87276
762,20000,16,0.756244,,0.756244,0.75298,0.753952,485.543,482.1731,483.404249,515.493755,516.241183,515.84842
763,20000,16,0.756244,,0.756244,0.75298,0.754103,485.543,482.1731,483.532164,515.493755,516.168511,515.815973
764,20000,16,0.756244,,0.756244,0.75298,0.754229,485.543,482.1731,483.645786,515.493755,516.168511,515.793596
765,20000,16,0.756244,,0.756244,0.75298,0.754355,485.543,482.1731,483.745202,515.493755,516.168511,515.762263
766,20000,16,0.756244,,0.756244,0.752987,0.75449,485.543,482.1731,483.860175,515.493755,516.168511,515.734128
767,20000,16,0.756311,,0.756311,0.752987,0.754678,485.6214,482.1731,484.037952,515.493475,516.168511,515.706844
768,20000,16,0.756311,,0.756311,0.752987,0.754806,485.6214,482.1731,484.156447,515.493475,516.168511,515.686238
769,20000,16,0.756311,,0.756311,0.753552,0.754978,485.6214,482.8817,484.33481,515.381243,516.168511,515.671163
770,20000,16,0.756692,,0.756692,0.753564,0.755146,485.874,482.8817,484.496212,515.365866,516.168511,515.648177
771,20000,16,0.756692,,0.756692,0.753564,0.755285,485.874,482.8817,484.609333,515.365866,516.168511,515.616115
772,20000,16,0.756692,,0.756692,0.753564,0.755426,485.874,483.0493,484.742019,515.365866,516.168511,515.594686
773,20000,16,0.75676,,0.75676,0.753844,0.755636,485.9524,483.5984,484.951431,515.365585,516.062513,515.571597
774,20000,16,0.75676,,0.75676,0.753844,0.755828,485.9524,483.5984,485.144471,515.365585,516.097832,515.551174
775,20000,16,0.757209,,0.757209,0.753912,0.756064,486.4586,483.5984,485.360556,515.354753,516.062232,515.511328
776,20000,16,0.757209,,0.757209,0.754058,0.756189,486.4586,483.5984,485.477925,515.354753,515.895237,515.492882
777,20000,16,0.757209,,0.757209,0.754058,0.756301,486.4586,483.5984,485.583541,515.354753,515.895237,515.475972
778,20000,16,0.757209,,0.757209,0.754058,0.756377,486.4586,483.5984,485.648999,515.354753,515.895237,515.460635
779,20000,16,0.757209,,0.757209,0.754058,0.756461,486.4586,483.5984,485.725575,515.354753,515.895237,515.446976
780,20000,16,0.757209,,0.757209,0.754058,0.756523,486.4586,483.5984,485.784682,515.354753,515.895237,515.437664
781,20000,16,0.757209,,0.757209,0.755627,0.756594,486.4586,485.1186,485.844802,515.354753,515.690598,515.422501
782,20000,16,0.757209,,0.757209,0.756244,0.756662,486.4586,485.543,485.906508,515.354753,515.493755,515.410916
783,20000,16,0.757209,,0.757209,0.756244,0.756703,486.4586,485.543,485.945484,515.354753,515.493755,515.405348
784,20000,16,0.757209,,0.757209,0.756244,0.756756,486.4586,485.543,485.998078,515.354753,515.493755,515.39946
785,20000,16,0.757209,,0.757209,0.756244,0.756797,486.4586,485.543,486.039948,515.354753,515.493755,515.394968
786,20000,16,0.757209,,0.757209,0.756244,0.75684,486.4586,485.543,486.08085,515.354753,515.493755,515.389302
787,20000,16,0.757209,,0.757209,0.756244,0.756903,486.4586,485.543,486.14199,515.354753,515.493755,515.380759
788,20000,16,0.757209,,0.757209,0.756244,0.756948,486.4586,485.543,486.185602,515.354753,515.493755,515.374994
789,20000,16,0.757209,,0.757209,0.756244,0.756985,486.4586,485.543,486.219874,515.354753,515.493755,515.369442
790,20000,16,0.757209,,0.757209,0.756244,0.757012,486.4586,485.543,486.245774,515.354753,515.493755,515.365278
791,20000,16,0.757209,,0.757209,0.756244,0.757035,486.4586,485.543,486.270116,515.354753,515.493755,515.363563
792,20000,16,0.757286,,0.757286,0.756244,0.757068,486.4586,485.543,486.30283,515.294646,515.493755,515.359859
793,20000,16,0.757286,,0.757286,0.756311,0.757107,486.4586,485.6214,486.343926,515.294646,515.493475,515.357213
794,20000,16,0.757286,,0.757286,0.75676,0.757145,486.4586,485.9524,486.38267,515.294646,515.365585,515.353372
795,20000,16,0.757286,,0.757286,0.75676,0.757179,486.4586,485.9524,486.418104,515.294646,515.365585,515.350811
796,20000,16,0.757286,,0.757286,0.75676,0.757197,486.4586,485.9524,486.43329,515.294646,515.365585,515.34688
797,20000,16,0.757286,,0.757286,0.75676,0.757204,486.4586,485.9524,486.438352,515.294646,515.365585,515.344968
798,20000,16,0.757286,,0.757286,0.75676,0.757221,486.4586,485.9524,486.453538,515.294646,515.365585,515.341563
799,20000,16,0.758255,,0.758255,0.757209,0.757242,487.1285,486.4586,486.465299,514.987701,515.354753,515.332752
800,20000,16,0.758255,,0.758255,0.757209,0.757247,487.1285,486.4586,486.465299,514.987701,515.354753,515.329524
801,20000,16,0.758255,,0.758255,0.757209,0.757252,487.1285,486.4586,486.465299,514.987701,515.354753,515.325242
802,20000,16,0.758255,,0.758255,0.757209,0.757276,487.1285,486.4586,486.478697,514.987701,515.354753,515.315273
803,20000,16,0.758255,,0.758255,0.757209,0.757307,487.1285,486.4586,486.498794,514.987701,515.354753,515.304639
804,20000,16,0.758255,,0.758255,0.757209,0.75732,487.1285,486.4586,486.505493,514.987701,515.354753,515.299543
805,20000,16,0.758255,,0.758255,0.757209,0.757332,487.1285,486.4586,486.512192,514.987701,515.354753,515.293995
806,20000,16,0.758255,,0.758255,0.757209,0.757345,487.1285,486.4586,486.518891,514.987701,515.354753,515.288973
807,20000,16,0.758255,,0.758255,0.757209,0.757367,487.1285,486.4586,486.532289,514.987701,515.354753,515.280882
808,20000,16,0.758255,,0.758255,0.757209,0.757379,487.1285,486.4586,486.538988,514.987701,515.354753,515.275637
809,20000,16,0.758255,,0.758255,0.757209,0.75742,487.1285,486.4586,486.565784,514.987701,515.354753,515.261333
810,20000,16,0.758255,,0.758255,0.757209,0.757453,487.1285,486.4586,486.585881,514.987701,515.354753,515.249044
811,20000,16,0.759226,,0.759226,0.757209,0.757483,487.902,486.4586,486.607014,514.748079,515.354753,515.240211
812,20000,16,0.759226,,0.759226,0.757209,0.757542,487.902,486.4586,486.648244,514.748079,515.354753,515.221494
813,20000,16,0.759226,,0.759226,0.757209,0.757622,487.902,486.4586,486.704944,514.748079,515.354753,515.196945
814,20000,16,0.759226,,0.759226,0.757209,0.757663,487.902,486.4586,486.733812,514.748079,515.354753,515.184546
815,20000,16,0.759226,,0.759226,0.757218,0.757724,487.902,486.4586,486.777114,514.748079,515.347305,515.165819
816,20000,16,0.759226,,0.759226,0.757218,0.757817,487.902,486.4586,486.841549,514.748079,515.347305,515.136847
817,20000,16,0.759226,,0.759226,0.757218,0.757887,487.902,486.4586,486.89155,514.748079,515.347305,515.115806
818,20000,16,0.759226,,0.759226,0.757218,0.757968,487.902,486.4586,486.947214,514.748079,515.347305,515.089833
819,20000,16,0.759226,,0.759226,0.757218,0.758065,487.902,486.4586,487.018062,514.748079,515.347305,515.061549
820,20000,16,0.759236,,0.759236,0.757293,0.758168,487.902,486.4586,487.096169,514.740632,515.288485,515.033866
821,20000,16,0.759236,,0.759236,0.757295,0.758241,487.902,486.4586,487.149004,514.740632,515.287198,515.012355
822,20000,16,0.759236,,0.759236,0.757295,0.758309,487.902,486.4586,487.199005,514.740632,515.287198,514.992537
823,20000,16,0.759236,,0.759236,0.757295,0.75841,487.902,486.4586,487.274569,514.740632,515.287198,514.964598
824,20000,16,0.759272,,0.759272,0.757295,0.758503,487.902,486.4586,487.345724,514.712863,515.387547,514.939403
825,20000,16,0.759272,,0.759272,0.757295,0.758626,487.902,486.4586,487.438012,514.712863,515.387547,514.905603
826,20000,16,0.759272,,0.759272,0.757295,0.758709,487.902,486.4586,487.502897,514.712863,515.387547,514.884422
827,20000,16,0.759555,,0.759555,0.757295,0.758805,487.902,486.4586,487.575029,514.491645,515.387547,514.857682
828,20000,16,0.759555,,0.759555,0.757295,0.758928,487.902,486.4586,487.667692,514.491645,515.381385,514.82347
829,20000,16,0.759555,,0.759555,0.757663,0.759021,487.902,487.027,487.740809,514.491645,515.381385,514.800068
830,20000,16,0.759555,,0.759555,0.757663,0.759095,487.902,487.027,487.800528,514.491645,515.381385,514.782805
831,20000,16,0.759555,,0.759555,0.757663,0.759179,487.902,487.027,487.853637,514.491645,515.381385,514.752791
832,20000,16,0.759563,,0.759563,0.757663,0.759208,487.902,487.027,487.867056,514.485484,515.381385,514.738974
833,20000,16,0.759563,,0.759563,0.758632,0.759249,487.902,487.6969,487.885592,514.485484,515.07444,514.719467
834,20000,16,0.759603,,0.759603,0.758632,0.759287,488.4704,487.6969,487.897429,514.485484,515.07444,514.697879
835,20000,16,0.759603,,0.759603,0.758632,0.759301,488.4704,487.6969,487.89948,514.485484,515.07444,514.688049
836,20000,16,0.759741,,0.759741,0.758632,0.759343,488.4704,487.6969,487.926318,514.346483,515.07444,514.673162
837,20000,16,0.759741,,0.759741,0.759236,0.759394,488.4704,487.902,487.947472,514.346483,514.834818,514.648021
838,20000,16,0.759741,,0.759741,0.759236,0.759415,488.4704,487.902,487.964524,514.346483,514.834818,514.642798
839,20000,16,0.75979,,0.75979,0.759236,0.75944,488.4704,487.902,487.98726,514.346483,514.834818,514.638366
840,20000,16,0.75979,,0.75979,0.759236,0.759459,488.4704,487.902,488.009996,514.346483,514.834818,514.638817
841,20000,16,0.75979,,0.75979,0.759236,0.759478,488.4704,487.902,488.027852,514.346483,514.84098,514.63621
842,20000,16,0.75979,,0.75979,0.759236,0.7595,488.4704,487.902,488.050588,514.346483,514.84098,514.63424
843,20000,16,0.75979,,0.75979,0.759236,0.759527,488.4704,487.902,488.084692,514.346483,514.84098,514.636329
844,20000,16,0.75979,,0.75979,0.759236,0.759551,488.4704,487.902,488.117992,514.346483,514.84098,514.63946
845,20000,16,0.75979,,0.75979,0.759236,0.759578,488.4704,487.902,488.146412,514.346483,514.84098,514.637305
846,20000,16,0.75979,,0.75979,0.759272,0.759608,488.4704,487.902,488.174832,514.340322,514.84098,514.63335
847,20000,16,0.75979,,0.75979,0.759272,0.759624,488.4704,487.902,488.21462,514.340322,514.84098,514.647277
848,20000,16,0.75979,,0.75979,0.759272,0.759635,488.4704,487.902,488.248724,514.340322,514.84098,514.661368
849,20000,16,0.75979,,0.75979,0.759458,0.759655,488.4704,487.902,488.282828,514.37285,514.84098,514.668745
850,20000,16,0.75979,,0.75979,0.759458,0.75967,488.4704,487.902,488.294196,514.37285,514.84098,514.664686
851,20000,16,0.75979,,0.75979,0.759458,0.759693,488.4704,487.902,488.333984,514.37285,514.834818,514.673568
852,20000,16,0.75979,,0.75979,0.759521,0.759703,488.4704,487.902,488.351036,514.37285,514.834818,514.676954
853,20000,16,0.75979,,0.75979,0.759521,0.75971,488.4704,487.902,488.345352,514.37285,514.834818,514.667794
854,20000,16,0.75979,,0.75979,0.759521,0.759719,488.4704,487.902,488.351036,514.37285,514.834818,514.664684
855,20000,16,0.75979,,0.75979,0.759521,0.759723,488.4704,487.902,488.368088,514.37285,514.834818,514.673147
856,20000,16,0.75979,,0.75979,0.759521,0.759738,488.4704,487.902,488.38514,514.37285,514.834818,514.672777
857,20000,16,0.759886,,0.759886,0.759566,0.75975,488.4704,487.902,488.38514,514.37285,514.834818,514.6636
858,20000,16,0.759886,,0.759886,0.759566,0.759765,488.4704,487.902,488.407876,514.37285,514.834818,514.666753
859,20000,16,0.759886,,0.759886,0.759603,0.759776,488.4704,487.902,488.430612,514.337935,514.834818,514.673437
860,20000,16,0.760072,,0.760072,0.759603,0.759791,488.4704,487.902,488.436296,514.337935,514.834818,514.665855
861,20000,16,0.760072,,0.760072,0.759707,0.759808,488.4704,487.902,488.447664,514.337935,514.695818,514.659686
862,20000,16,0.760072,,0.760072,0.759752,0.759826,488.4704,487.902,488.459032,514.337935,514.689656,514.653762
863,20000,16,0.760072,,0.760072,0.75979,0.75984,488.4704,488.4704,488.4704,514.469002,514.689656,514.650519
864,20000,16,0.760072,,0.760072,0.75979,0.759845,488.4704,488.4704,488.4704,514.469002,514.689656,514.646106
865,20000,16,0.760072,,0.760072,0.75979,0.759865,488.4704,488.4704,488.4704,514.469002,514.689656,514.630718
866,20000,16,0.760072,,0.760072,0.75979,0.759878,488.4704,488.4704,488.4704,514.469002,514.689656,514.62044
867,20000,16,0.760072,,0.760072,0.75979,0.759894,488.4704,488.4704,488.4704,514.469002,514.689656,514.607956
868,20000,16,0.760072,,0.760072,0.75979,0.759909,488.4704,488.4704,488.4704,514.469002,514.689656,514.596227
869,20000,16,0.760072,,0.760072,0.75979,0.759937,488.4704,488.4704,488.4704,514.469002,514.689656,514.574916
870,20000,16,0.760072,,0.760072,0.75979,0.759951,488.4704,488.4704,488.4704,514.469002,514.689656,514.563884
871,20000,16,0.760072,,0.760072,0.75979,0.759971,488.4704,488.4704,488.4704,514.469002,514.689656,514.548438
872,20000,16,0.760072,,0.760072,0.75979,0.75998,488.4704,488.4704,488.4704,514.469002,514.689656,514.541139
873,20000,16,0.760072,,0.760072,0.75979,0.759992,488.4704,488.4704,488.4704,514.469002,514.689656,514.531633
874,20000,16,0.760072,,0.760072,0.75979,0.76001,488.4704,488.4704,488.4704,514.469002,514.689656,514.517337
875,20000,16,0.760072,,0.760072,0.75979,0.760026,488.4704,488.4704,488.4704,514.469002,514.689656,514.505247
876,20000,16,0.760072,,0.760072,0.75979,0.760043,488.4704,488.4704,488.4704,514.469002,514.689656,514.492008
877,20000,16,0.760072,,0.760072,0.75979,0.760054,488.4704,488.4704,488.4704,514.469002,514.689656,514.483182
878,20000,16,0.760072,,0.760072,0.75979,0.760058,488.4704,488.4704,488.4704,514.469002,514.689656,514.480505
879,20000,16,0.760072,,0.760072,0.75979,0.760064,488.4704,488.4704,488.4704,514.469002,514.689656,514.475622
880,20000,16,0.760072,,0.760072,0.75979,0.76007,488.4704,488.4704,488.4704,514.469002,514.689656,514.471209
881,20000,16,0.760072,,0.760072,0.760072,0.760072,488.4704,488.4704,488.4704,514.469002,514.469002,514.469002
882,20000,16,0.760072,,0.760072,0.760072,0.760072,488.4704,488.4704,488.4704,514.469002,514.469002,514.469002
883,20000,16,0.760072,,0.760072,0.760072,0.760072,488.4704,488.4704,488.4704,514.469002,514.469002,514.469002
884,20000,16,0.760526,,0.760526,0.760072,0.760077,488.4704,488.4704,488.4704,514.115487,514.469002,514.465467
885,20000,16,0.760526,,0.760526,0.760072,0.760082,488.4704,488.4704,488.4704,514.115487,514.469002,514.461932
886,20000,16,0.760526,,0.760526,0.760072,0.760091,488.4704,488.4704,488.4704,514.115487,514.469002,514.454862
887,20000,16,0.760526,,0.760526,0.760072,0.760095,488.4704,488.4704,488.4704,514.115487,514.469002,514.451326
888,20000,16,0.760526,,0.760526,0.760072,0.7601,488.4704,488.4704,488.4704,514.115487,514.469002,514.447791
889,20000,16,0.760526,,0.760526,0.760072,0.760113,488.4704,488.4704,488.4704,514.115487,514.469002,514.437186
890,20000,16,0.760526,,0.760526,0.760072,0.760131,488.4704,488.4704,488.4704,514.115487,514.469002,514.423045
891,20000,16,0.760526,,0.760526,0.760072,0.76014,488.4704,488.4704,488.4704,514.115487,514.469002,514.415975
892,20000,16,0.760526,,0.760526,0.760072,0.760154,488.4704,488.4704,488.4704,514.115487,514.469002,514.405369
893,20000,16,0.760526,,0.760526,0.760072,0.760172,488.4704,488.4704,488.4704,514.115487,514.469002,514.391229
894,20000,16,0.760526,,0.760526,0.760072,0.76019,488.4704,488.4704,488.4704,514.115487,514.469002,514.377088
895,20000,16,0.760526,,0.760526,0.760072,0.760208,488.4704,488.4704,488.4704,514.115487,514.469002,514.362948
896,20000,16,0.760526,,0.760526,0.760072,0.760217,488.4704,488.4704,488.4704,514.115487,514.469002,514.355877
897,20000,16,0.760526,,0.760526,0.760072,0.76024,488.4704,488.4704,488.4704,514.115487,514.469002,514.338201
898,20000,16,0.760526,,0.760526,0.760072,0.760249,488.4704,488.4704,488.4704,514.115487,514.469002,514.331131
899,20000,16,0.760526,,0.760526,0.760072,0.760272,488.4704,488.4704,488.4704,514.115487,514.469002,514.313455
900,20000,16,0.760526,,0.760526,0.760072,0.760295,488.4704,488.4704,488.4704,514.115487,514.469002,514.29578
901,20000,16,0.760526,,0.760526,0.760072,0.760308,488.4704,488.4704,488.4704,514.115487,514.469002,514.285174
902,20000,16,0.760526,,0.760526,0.760072,0.760335,488.4704,488.4704,488.4704,514.115487,514.469002,514.263963
903,20000,16,0.760526,,0.760526,0.760072,0.760363,488.4704,488.4704,488.4704,514.115487,514.469002,514.242752
904,20000,16,0.760526,,0.760526,0.760072,0.760376,488.4704,488.4704,488.4704,514.115487,514.469002,514.232147
905,20000,16,0.760526,,0.760526,0.760072,0.760407,488.4704,488.4704,488.4704,514.115487,514.469002,514.208355
906,20000,16,0.760526,,0.760526,0.760072,0.760434,488.4704,488.4704,488.4704,514.115487,514.469002,514.187144
907,20000,16,0.760526,,0.760526,0.760072,0.760453,488.4704,488.4704,488.4704,514.115487,514.469002,514.172049
908,20000,16,0.760526,,0.760526,0.760072,0.760471,488.4704,488.4704,488.4704,514.115487,514.469002,514.157909
909,20000,16,0.760526,,0.760526,0.760072,0.760494,488.4704,488.4704,488.4704,514.115487,514.469002,514.140233
910,20000,16,0.760526,,0.760526,0.760072,0.760503,488.4704,488.4704,488.4704,514.115487,514.469002,514.133162
911,20000,16,0.760526,,0.760526,0.760072,0.760508,488.4704,488.4704,488.4704,514.115487,514.469002,514.129627
912,20000,16,0.760526,,0.760526,0.760072,0.760512,488.4704,488.4704,488.4704,514.115487,514.469002,514.126092
913,20000,16,0.760526,,0.760526,0.760072,0.760517,488.4704,488.4704,488.4704,514.115487,514.469002,514.122557
914,20000,16,0.760526,,0.760526,0.760526,0.760526,488.4704,488.4704,488.4704,514.115487,514.115487,514.115487
915,20000,16,0.760526,,0.760526,0.760526,0.760526,488.4704,488.4704,488.4704,514.115487,514.115487,514.115487
916,20000,16,0.761134,,0.761134,0.760526,0.760532,488.9822,488.4704,488.475518,513.983833,514.115487,514.11417
917,20000,16,0.761364,,0.761364,0.760526,0.760546,489.179,488.4704,488.487722,513.936134,514.115487,514.11106
918,20000,16,0.761364,,0.761364,0.760526,0.760558,489.179,488.4704,488.497958,513.936134,514.115487,514.108427
919,20000,16,0.761364,,0.761364,0.760526,0.760579,489.179,488.4704,488.51528,513.936134,514.115487,514.104
920,20000,16,0.761364,,0.761364,0.760526,0.760632,489.179,488.4704,488.56016,513.936134,514.115487,514.092514
921,20000,16,0.761364,,0.761364,0.760526,0.760671,489.179,488.4704,488.592836,513.936134,514.115487,514.084138
922,20000,16,0.761364,,0.761364,0.760526,0.760725,489.179,488.4704,488.638362,513.936134,514.115487,514.072544
923,20000,16,0.761364,,0.761364,0.760526,0.760772,489.179,488.4704,488.678124,513.936134,514.115487,514.062943
924,20000,16,0.761364,,0.761364,0.760526,0.760823,489.179,488.4704,488.721822,513.936134,514.115487,514.052388
925,20000,16,0.761364,,0.761364,0.760526,0.760878,489.179,488.4704,488.76867,513.936134,514.115487,514.040425
926,20000,16,0.761364,,0.761364,0.760526,0.760924,489.179,488.4704,488.80711,513.936134,514.115487,514.030624
927,20000,16,0.761364,,0.761364,0.760526,0.760968,489.179,488.4704,488.843722,513.936134,514.115487,514.020725
928,20000,16,0.761364,,0.761364,0.760526,0.760999,489.179,488.4704,488.869958,513.936134,514.115487,514.014035
929,20000,16,0.761973,,0.761973,0.760526,0.761071,489.6908,488.4704,488.930472,513.804481,514.115487,513.998586
930,20000,16,0.761973,,0.761973,0.760526,0.761106,489.6908,488.4704,488.960138,513.804481,514.115487,513.991043
931,20000,16,0.761973,,0.761973,0.760526,0.761123,489.6908,488.4704,488.97431,513.804481,514.115487,513.986887
932,20000,16,0.761973,,0.761973,0.760526,0.761157,489.6908,488.4704,488.997536,513.52611,514.115487,513.976452
933,20000,16,0.761973,,0.761973,0.760526,0.761223,489.6908,488.4704,489.04832,513.52611,514.115487,513.958957
934,20000,16,0.761973,,0.761973,0.760526,0.761316,489.6908,488.4704,489.121544,513.52611,514.115487,513.93572
935,20000,16,0.761973,,0.761973,0.760526,0.761388,489.6908,488.4704,489.182564,513.52611,514.115487,513.92017
936,20000,16,0.761973,,0.761973,0.760526,0.761449,489.6908,488.4704,489.224294,513.52611,514.115487,513.900368
937,20000,16,0.761973,,0.761973,0.760526,0.761504,489.6908,488.4704,489.260906,513.52611,514.115487,513.881884
938,20000,16,0.76256,,0.76256,0.760526,0.761586,489.6908,488.4704,489.334916,513.346757,514.115487,513.867686
939,20000,16,0.76256,,0.76256,0.761134,0.761669,489.6908,488.9822,489.390766,513.346757,514.051066,513.840815
940,20000,16,0.76256,,0.76256,0.761134,0.761728,489.6908,488.9822,489.42806,513.346757,514.051066,513.819473
941,20000,16,0.763281,,0.763281,0.761134,0.761828,490.7485,488.9822,489.507425,513.346757,514.051066,513.794643
942,20000,16,0.763281,,0.763281,0.761134,0.761907,490.7485,488.9822,489.556426,513.346757,514.051066,513.765983
943,20000,16,0.763281,,0.763281,0.761364,0.761956,490.7485,488.9822,489.580782,513.346757,514.051066,513.744058
944,20000,16,0.763281,,0.763281,0.761364,0.762024,490.7485,488.9822,489.628933,513.346757,513.936134,513.723311
945,20000,16,0.763281,,0.763281,0.761364,0.762086,490.7485,488.9822,489.668467,513.346757,513.936134,513.701066
946,20000,16,0.763281,,0.763281,0.761364,0.762169,490.7485,488.9822,489.706021,513.346757,513.936134,513.661638
947,20000,16,0.763281,,0.763281,0.761364,0.762271,490.7485,489.1738,489.775358,513.346757,513.936134,513.628795
948,20000,16,0.763868,,0.763868,0.761364,0.762369,490.7485,489.1738,489.829506,513.034919,513.936134,513.588195
949,20000,16,0.763868,,0.763868,0.761973,0.762486,490.7485,489.6908,489.88557,513.034919,513.804481,513.53492
950,20000,16,0.763868,,0.763868,0.761973,0.762575,490.7485,489.6908,489.938744,513.034919,513.804481,513.501016
951,20000,16,0.763868,,0.763868,0.761973,0.762651,490.7485,489.6908,489.990731,513.034919,513.804481,513.476249
952,20000,16,0.763868,,0.763868,0.761973,0.76277,490.7485,489.6908,490.062076,513.034919,513.804481,513.431475
953,20000,16,0.763868,,0.763868,0.761973,0.762832,490.7485,489.6908,490.109333,513.034919,513.804481,513.414963
954,20000,16,0.763868,,0.763868,0.761973,0.762928,490.7485,489.6908,490.173014,513.034919,513.804481,513.382638
955,20000,16,0.763868,,0.763868,0.761973,0.762995,490.7485,489.6908,490.219373,513.034919,513.804481,513.36153
956,20000,16,0.764114,,0.764114,0.761973,0.763129,491.5248,489.6908,490.319734,513.034919,513.804481,513.324488
957,20000,16,0.7647,,0.7647,0.761973,0.76322,491.5248,489.6908,490.386668,512.905952,513.804481,513.298311
958,20000,16,0.7647,,0.7647,0.762374,0.763336,491.5248,489.6908,490.450699,512.905952,513.619628,513.250421
959,20000,16,0.7647,,0.7647,0.762374,0.763478,491.5248,489.6908,490.539774,512.905952,513.619628,513.199615
960,20000,16,0.7647,,0.7647,0.762374,0.763584,491.5248,489.6908,490.611463,512.905952,513.619628,513.164979
961,20000,16,0.7647,,0.7647,0.762374,0.763752,491.5248,489.6908,490.727964,512.905952,513.619628,513.11205
962,20000,16,0.7647,,0.7647,0.76256,0.763902,491.5248,489.6908,490.836088,512.905952,513.492642,513.067554
963,20000,16,0.7647,,0.7647,0.762576,0.763996,491.5248,489.8365,490.903324,512.905952,513.557601,513.03867
964,20000,16,0.7647,,0.7647,0.763014,0.764097,491.5248,489.8365,490.977618,512.905952,513.490661,513.009644
965,20000,16,0.7647,,0.7647,0.763014,0.764245,491.5248,489.8365,491.100928,512.905952,513.363676,512.977141
966,20000,16,0.7647,,0.7647,0.763014,0.764336,491.5248,489.8365,491.178678,512.905952,513.21779,512.958059
967,20000,16,0.7647,,0.7647,0.763014,0.764387,491.5248,489.8365,491.229327,512.905952,513.21779,512.95254
968,20000,16,0.7647,,0.7647,0.763846,0.764467,491.5248,490.6128,491.306079,512.905952,513.034919,512.941323
969,20000,16,0.7647,,0.7647,0.763868,0.764526,491.5248,490.7485,491.361777,512.905952,513.034919,512.933035
970,20000,16,0.7647,,0.7647,0.763868,0.764576,491.5248,490.7485,491.408355,512.905952,513.034919,512.925297
971,20000,16,0.7647,,0.7647,0.763868,0.764609,491.5248,490.7485,491.439407,512.905952,513.034919,512.920138
972,20000,16,0.7647,,0.7647,0.763868,0.764634,491.5248,490.7485,491.462696,512.905952,513.034919,512.916269
973,20000,16,0.7647,,0.7647,0.763868,0.76465,491.5248,490.7485,491.478222,512.905952,513.034919,512.91369
974,20000,16,0.7647,,0.7647,0.763868,0.764675,491.5248,490.7485,491.501511,512.905952,513.034919,512.909821
975,20000,16,0.7647,,0.7647,0.763868,0.764684,491.5248,490.7485,491.509274,512.905952,513.034919,512.908531
976,20000,16,0.7647,,0.7647,0.7647,0.7647,491.5248,491.5248,491.5248,512.905952,512.905952,512.905952
977,20000,16,0.7647,,0.7647,0.7647,0.7647,491.5248,491.5248,491.5248,512.905952,512.905952,512.905952
978,20000,16,0.7647,,0.7647,0.7647,0.7647,491.5248,491.5248,491.5248,512.905952,512.905952,512.905952
979,20000,16,0.7647,,0.7647,0.7647,0.7647,491.5248,491.5248,491.5248,512.905952,512.905952,512.905952
980,20000,16,0.764887,,0.764887,0.7647,0.764702,491.5978,491.5248,491.52553,512.809508,512.905952,512.904987
981,20000,16,0.764887,,0.764887,0.7647,0.764706,491.5978,491.5248,491.52699,512.809508,512.905952,512.903059
982,20000,16,0.766602,,0.766602,0.7647,0.764732,492.4311,491.5248,491.538973,512.030264,512.905952,512.890444
983,20000,16,0.766602,,0.766602,0.7647,0.764745,492.4311,491.5248,491.543361,512.030264,512.905952,512.883793
984,20000,16,0.766602,,0.766602,0.7647,0.764764,492.4311,491.5248,491.551407,512.030264,512.905952,512.874168
985,20000,16,0.766602,,0.766602,0.7647,0.764779,492.4311,491.5248,491.562467,512.030264,512.905952,512.869595
986,20000,16,0.766602,,0.766602,0.7647,0.764817,492.4311,491.5248,491.580282,512.030264,512.905952,512.852304
987,20000,16,0.766602,,0.766602,0.7647,0.764878,492.4311,491.5248,491.606454,512.030264,512.905952,512.822452
988,20000,16,0.766602,,0.766602,0.7647,0.764938,492.4311,491.5248,491.6398,512.030264,512.905952,512.797348
989,20000,16,0.766602,,0.766602,0.7647,0.765039,492.4311,491.5248,491.694487,512.030264,512.905952,512.755343
990,20000,16,0.766602,,0.766602,0.7647,0.76517,492.4311,491.5248,491.761718,512.030264,512.905952,512.698565
991,20000,16,0.766602,,0.766602,0.7647,0.765319,492.4311,491.5248,491.84118,512.030264,512.905952,512.635098
992,20000,16,0.766602,,0.766602,0.7647,0.765454,492.4311,491.5248,491.905832,512.030264,512.905952,512.573281
993,20000,16,0.766602,,0.766602,0.7647,0.76554,492.4311,491.5248,491.958114,512.030264,512.905952,512.541842
994,20000,16,0.766602,,0.766602,0.7647,0.765703,492.4311,491.5248,492.04397,512.030264,512.905952,512.471944
995,20000,16,0.766602,,0.766602,0.764887,0.76582,492.4311,491.5248,492.106861,512.030264,512.842325,512.42294
996,20000,16,0.766602,,0.766602,0.764887,0.765909,492.4311,491.5248,492.154245,512.030264,512.842325,512.385121
997,20000,16,0.766602,,0.766602,0.765048,0.766007,492.4311,491.5248,492.206355,512.030264,512.842325,512.343386
998,20000,16,0.766602,,0.766602,0.765048,0.766071,492.4311,491.5248,492.240052,512.030264,512.842325,512.316545
999,20000,16,0.766602,,0.766602,0.765048,0.766101,492.4311,491.5248,492.261192,512.030264,512.842325,512.306795
1000,20000,16,0.766602,,0.766602,0.765048,0.766162,492.4311,491.5248,492.282189,512.030264,512.842325,512.273202
1001,20000,16,0.766602,,0.766602,0.765048,0.766207,492.4311,491.5248,492.302706,512.030264,512.842325,512.252418
1002,20000,16,0.766602,,0.766602,0.765355,0.766296,492.4311,491.8906,492.332143,512.030264,512.842325,512.202325
1003,20000,16,0.766602,,0.766602,0.765355,0.766333,492.4311,491.8906,492.34233,512.030264,512.842325,512.1803
1004,20000,16,0.766602,,0.766602,0.765355,0.766394,492.4311,491.8906,492.363327,512.030264,512.842325,512.146707
1005,20000,16,0.766602,,0.766602,0.765355,0.766479,492.4311,491.8906,492.398148,512.030264,512.842325,512.103883
1006,20000,16,0.766602,,0.766602,0.765355,0.76654,492.4311,492.192,492.419145,512.030264,512.842325,512.07029
1007,20000,16,0.766602,,0.766602,0.765355,0.766565,492.4311,492.192,492.423927,512.030264,512.842325,512.054049
1008,20000,16,0.766602,,0.766602,0.765355,0.766578,492.4311,492.192,492.426318,512.030264,512.842325,512.045928
1009,20000,16,0.766602,,0.766602,0.765429,0.76659,492.4311,492.192,492.428709,512.030264,512.78456,512.037807
1010,20000,16,0.766602,,0.766602,0.766602,0.766602,492.4311,492.4311,492.4311,512.030264,512.030264,512.030264
1011,20000,16,0.766602,,0.766602,0.766602,0.766602,492.4311,492.4311,492.4311,512.030264,512.030264,512.030264
1012,20000,16,0.766602,,0.766602,0.766602,0.766602,492.4311,492.4311,492.4311,512.030264,512.030264,512.030264
1013,20000,16,0.766602,,0.766602,0.766602,0.766602,492.4311,492.4311,492.4311,512.030264,512.030264,512.030264
1014,20000,16,0.766602,,0.766602,0.766602,0.766602,492.4311,492.4311,492.4311,512.030264,512.030264,512.030264
1015,20000,16,0.766602,,0.766602,0.766602,0.766602,492.4311,492.4311,492.4311,512.030264,512.030264,512.030264
1016,20000,16,0.766602,,0.766602,0.766602,0.766602,492.4311,492.4311,492.4311,512.030264,512.030264,512.030264
1017,20000,16,0.766602,,0.766602,0.766602,0.766602,492.4311,492.4311,492.4311,512.030264,512.030264,512.030264
1018,20000,16,0.766602,,0.766602,0.766602,0.766602,492.4311,492.4311,492.4311,512.030264,512.030264,512.030264
1019,20000,16,0.766602,,0.766602,0.766602,0.766602,492.4311,492.4311,492.4311,512.030264,512.030264,512.030264
1020,20000,16,0.766602,,0.766602,0.766602,0.766602,492.4311,492.4311,492.4311,512.030264,512.030264,512.030264
1021,20000,16,0.766602,,0.766602,0.766602,0.766602,492.4311,492.4311,492.4311,512.030264,512.030264,512.030264
1022,20000,16,0.766602,,0.766602,0.766602,0.766602,492.4311,492.4311,492.4311,512.030264,512.030264,512.030264
1023,20000,16,0.766602,,0.766602,0.766602,0.766602,492.4311,492.4311,492.4311,512.030264,512.030264,512.030264
1024,20000,16,0.766602,,0.766602,0.766602,0.766602,492.4311,492.4311,492.4311,512.030264,512.030264,512.030264
1025,20000,16,0.766602,,0.766602,0.766602,0.766602,492.4311,492.4311,492.4311,512.030264,512.030264,512.030264
1026,20000,16,0.766789,,0.766789,0.766602,0.766604,492.4311,491.882,492.425609,511.51627,512.030264,512.025124
1027,20000,16,0.766789,,0.766789,0.766602,0.766604,492.4311,491.882,492.425609,511.51627,512.030264,512.025124
1028,20000,16,0.766789,,0.766789,0.766602,0.766607,492.4311,491.882,492.414627,511.51627,512.030264,512.014845
1029,20000,16,0.766789,,0.766789,0.766602,0.766609,492.4311,491.882,492.409136,511.51627,512.030264,512.009705
1030,20000,16,0.766789,,0.766789,0.766602,0.766613,492.4311,491.882,492.398154,511.51627,512.030264,511.999425
1031,20000,16,0.766789,,0.766789,0.766602,0.766615,492.4311,491.882,492.392663,511.51627,512.030264,511.994285
1032,20000,16,0.766789,,0.766789,0.766602,0.766619,492.4311,491.882,492.381681,511.51627,512.030264,511.984005
1033,20000,16,0.766789,,0.766789,0.766602,0.766626,492.4311,491.882,492.359717,511.51627,512.030264,511.963445
1034,20000,16,0.766789,,0.766789,0.766602,0.766635,492.4311,491.882,492.332262,511.51627,512.030264,511.937745
1035,20000,16,0.766789,,0.766789,0.766602,0.766645,492.4311,491.882,492.304807,511.51627,512.030264,511.912046
1036,20000,16,0.766789,,0.766789,0.766602,0.766654,492.4311,491.882,492.277352,511.51627,512.030264,511.886346
1037,20000,16,0.766789,,0.766789,0.766602,0.766662,492.4311,491.882,492.255388,511.51627,512.030264,511.865786
1038,20000,16,0.766789,,0.766789,0.766602,0.766667,492.4311,491.882,492.238915,511.51627,512.030264,511.850366
1039,20000,16,0.766789,,0.766789,0.766602,0.766677,492.4311,491.882,492.21146,511.51627,512.030264,511.824667
1040,20000,16,0.766789,,0.766789,0.766602,0.766686,492.4311,491.882,492.184005,511.51627,512.030264,511.798967
1041,20000,16,0.766789,,0.766789,0.766602,0.766693,492.4311,491.882,492.162041,511.51627,512.030264,511.778407
1042,20000,16,0.766789,,0.766789,0.766602,0.766705,492.4311,491.882,492.129095,511.51627,512.030264,511.747568
1043,20000,16,0.766789,,0.766789,0.766602,0.766712,492.4311,491.882,492.107131,511.51627,512.030264,511.727008
1044,20000,16,0.766789,,0.766789,0.766602,0.766722,492.4311,491.882,492.079676,511.51627,512.030264,511.701308
1045,20000,16,0.766789,,0.766789,0.766602,0.766733,492.4311,491.882,492.04673,511.51627,512.030264,511.670469
1046,20000,16,0.766789,,0.766789,0.766602,0.766742,492.4311,491.882,492.019275,511.51627,512.030264,511.644769
1047,20000,16,0.766789,,0.766789,0.766602,0.766755,492.4311,491.882,491.980838,511.51627,512.030264,511.608789
1048,20000,16,0.766789,,0.766789,0.766602,0.766763,492.4311,491.882,491.958874,511.51627,512.030264,511.588229
1049,20000,16,0.766789,,0.766789,0.766602,0.766765,492.4311,491.882,491.953383,511.51627,512.030264,511.58309
1050,20000,16,0.766789,,0.766789,0.766602,0.766772,492.4311,491.882,491.931419,511.51627,512.030264,511.56253
1051,20000,16,0.766789,,0.766789,0.766602,0.76678,492.4311,491.882,491.909455,511.51627,512.030264,511.54197
1052,20000,16,0.766789,,0.766789,0.766602,0.766783,492.4311,491.882,491.898473,511.51627,512.030264,511.53169
1053,20000,16,0.766789,,0.766789,0.766602,0.766787,492.4311,491.882,491.887491,511.51627,512.030264,511.52141
1054,20000,16,0.766789,,0.766789,0.766789,0.766789,491.882,491.882,491.882,511.51627,511.51627,511.51627
1055,20000,16,0.766789,,0.766789,0.766789,0.766789,491.882,491.882,491.882,511.51627,511.51627,511.51627
1056,20000,16,0.766789,,0.766789,0.766789,0.766789,491.882,491.882,491.882,511.51627,511.51627,511.51627
1057,20000,16,0.766789,,0.766789,0.766789,0.766789,491.882,491.882,491.882,511.51627,511.51627,511.51627
1058,20000,16,0.766789,,0.766789,0.766789,0.766789,491.882,491.882,491.882,511.51627,511.51627,511.51627
1059,20000,16,0.766789,,0.766789,0.766789,0.766789,491.882,491.882,491.882,511.51627,511.51627,511.51627
1060,20000,16,0.766789,,0.766789,0.766789,0.766789,491.882,491.882,491.882,511.51627,511.51627,511.51627
1061,20000,16,0.766789,,0.766789,0.766789,0.766789,491.882,491.882,491.882,511.51627,511.51627,511.51627
1062,20000,16,0.766789,,0.766789,0.766789,0.766789,491.882,491.882,491.882,511.51627,511.51627,511.51627
1063,20000,16,0.766789,,0.766789,0.766789,0.766789,491.882,491.882,491.882,511.51627,511.51627,511.51627
1064,20000,16,0.766789,,0.766789,0.766789,0.766789,491.882,491.882,491.882,511.51627,511.51627,511.51627
1065,20000,16,0.766789,,0.766789,0.766789,0.766789,491.882,491.882,491.882,511.51627,511.51627,511.51627
1066,20000,16,0.766789,,0.766789,0.766789,0.766789,491.882,491.882,491.882,511.51627,511.51627,511.51627
1067,20000,16,0.766789,,0.766789,0.766789,0.766789,491.882,491.882,491.882,511.51627,511.51627,511.51627
1068,20000,16,0.766789,,0.766789,0.766789,0.766789,491.882,491.882,491.882,511.51627,511.51627,511.51627
1069,20000,16,0.766863,,0.766863,0.766789,0.76679,491.882,491.882,491.882,511.458505,511.51627,511.515693
1070,20000,16,0.766863,,0.766863,0.766789,0.76679,491.882,491.882,491.882,511.458505,511.51627,511.515693
1071,20000,16,0.766863,,0.766863,0.766789,0.76679,491.882,491.882,491.882,511.458505,511.51627,511.515693
1072,20000,16,0.766863,,0.766863,0.766789,0.76679,491.882,491.882,491.882,511.458505,511.51627,511.515693
1073,20000,16,0.766863,,0.766863,0.766789,0.76679,491.882,491.882,491.882,511.458505,511.51627,511.515693
1074,20000,16,0.766863,,0.766863,0.766789,0.76679,491.882,491.882,491.882,511.458505,511.51627,511.515115
1075,20000,16,0.766863,,0.766863,0.766789,0.766793,491.882,491.882,491.882,511.458505,511.51627,511.513382
1076,20000,16,0.766863,,0.766863,0.766789,0.766794,491.882,491.882,491.882,511.458505,511.51627,511.512227
1077,20000,16,0.766863,,0.766863,0.766789,0.766798,491.882,491.882,491.882,511.458505,511.51627,511.509338
1078,20000,16,0.766863,,0.766863,0.766789,0.766802,491.882,491.882,491.882,511.458505,511.51627,511.50645
1079,20000,16,0.766863,,0.766863,0.766789,0.766805,491.882,491.882,491.882,511.458505,511.51627,511.503562
1080,20000,16,0.766863,,0.766863,0.766789,0.766807,491.882,491.882,491.882,511.458505,511.51627,511.502407
1081,20000,16,0.766863,,0.766863,0.766789,0.766808,491.882,491.882,491.882,511.458505,511.51627,511.501251
1082,20000,16,0.766863,,0.766863,0.766789,0.76681,491.882,491.882,491.882,511.458505,511.51627,511.500096
1083,20000,16,0.766863,,0.766863,0.766789,0.76681,491.882,491.882,491.882,511.458505,511.51627,511.499518
1084,20000,16,0.766863,,0.766863,0.766789,0.766813,491.882,491.882,491.882,511.458505,511.51627,511.497785
1085,20000,16,0.766863,,0.766863,0.766789,0.766813,491.882,491.882,491.882,511.458505,511.51627,511.497208
1086,20000,16,0.766863,,0.766863,0.766789,0.766814,491.882,491.882,491.882,511.458505,511.51627,511.49663
1087,20000,16,0.766863,,0.766863,0.766789,0.766816,491.882,491.882,491.882,511.458505,511.51627,511.495475
1088,20000,16,0.766863,,0.766863,0.766789,0.76682,491.882,491.882,491.882,511.458505,511.51627,511.492009
1089,20000,16,0.766863,,0.766863,0.766789,0.766822,491.882,491.882,491.882,511.458505,511.51627,511.490276
1090,20000,16,0.766863,,0.766863,0.766789,0.766824,491.882,491.882,491.882,511.458505,511.51627,511.488543
1091,20000,16,0.766863,,0.766863,0.766789,0.766828,491.882,491.882,491.882,511.458505,511.51627,511.485655
1092,20000,16,0.766863,,0.766863,0.766789,0.76683,491.882,491.882,491.882,511.458505,511.51627,511.484499
1093,20000,16,0.766863,,0.766863,0.766789,0.766833,491.882,491.882,491.882,511.458505,511.51627,511.482189
1094,20000,16,0.766863,,0.766863,0.766789,0.766834,491.882,491.882,491.882,511.458505,511.51627,511.481033
1095,20000,16,0.766863,,0.766863,0.766789,0.766837,491.882,491.882,491.882,511.458505,511.51627,511.478723
1096,20000,16,0.766863,,0.766863,0.766789,0.76684,491.882,491.882,491.882,511.458505,511.51627,511.476412
1097,20000,16,0.766863,,0.766863,0.766789,0.766845,491.882,491.882,491.882,511.458505,511.51627,511.472369
1098,20000,16,0.766863,,0.766863,0.766789,0.766851,491.882,491.882,491.882,511.458505,511.51627,511.467747
1099,20000,16,0.766863,,0.766863,0.766789,0.766853,491.882,491.882,491.882,511.458505,511.51627,511.466014
1100,20000,16,0.766863,,0.766863,0.766789,0.766858,491.882,491.882,491.882,511.458505,511.51627,511.462549
1101,20000,16,0.766863,,0.766863,0.766789,0.766859,491.882,491.882,491.882,511.458505,511.51627,511.461393
1102,20000,16,0.766863,,0.766863,0.766789,0.766862,491.882,491.882,491.882,511.458505,511.51627,511.459083
1103,20000,16,0.766863,,0.766863,0.766789,0.766862,491.882,491.882,491.882,511.458505,511.51627,511.459083
1104,20000,16,0.766863,,0.766863,0.766863,0.766863,491.882,491.882,491.882,511.458505,511.458505,511.458505
1105,20000,16,0.766863,,0.766863,0.766863,0.766863,491.882,491.882,491.882,511.458505,511.458505,511.458505
1106,20000,16,0.766863,,0.766863,0.766863,0.766863,491.882,491.882,491.882,511.458505,511.458505,511.458505
1107,20000,16,0.766863,,0.766863,0.766863,0.766863,491.882,491.882,491.882,511.458505,511.458505,511.458505
1108,20000,16,0.766863,,0.766863,0.766863,0.766863,491.882,491.882,491.882,511.458505,511.458505,511.458505
1109,20000,16,0.766863,,0.766863,0.766863,0.766863,491.882,491.882,491.882,511.458505,511.458505,511.458505
1110,20000,16,0.766863,,0.766863,0.766863,0.766863,491.882,491.882,491.882,511.458505,511.458505,511.458505
1111,20000,16,0.766863,,0.766863,0.766863,0.766863,491.882,491.882,491.882,511.458505,511.458505,511.458505
1112,20000,16,0.766863,,0.766863,0.766863,0.766863,491.882,491.882,491.882,511.458505,511.458505,511.458505
1113,20000,16,0.766863,,0.766863,0.766863,0.766863,491.882,491.882,491.882,511.458505,511.458505,511.458505
1114,20000,16,0.766863,,0.766863,0.766863,0.766863,491.882,491.882,491.882,511.458505,511.458505,511.458505
1115,20000,16,0.766863,,0.766863,0.766863,0.766863,491.882,491.882,491.882,511.458505,511.458505,511.458505
1116,20000,16,0.766863,,0.766863,0.766863,0.766863,491.882,491.882,491.882,511.458505,511.458505,511.458505
1117,20000,16,0.766863,,0.766863,0.766863,0.766863,491.882,491.882,491.882,511.458505,511.458505,511.458505
1118,20000,16,0.766863,,0.766863,0.766863,0.766863,491.882,491.882,491.882,511.458505,511.458505,511.458505
1119,20000,16,0.766863,,0.766863,0.766863,0.766863,491.882,491.882,491.882,511.458505,511.458505,511.458505
1120,20000,16,0.766863,,0.766863,0.766863,0.766863,491.882,491.882,491.882,511.458505,511.458505,511.458505
1121,20000,16,0.766863,,0.766863,0.766863,0.766863,491.882,491.882,491.882,511.458505,511.458505,511.458505
1122,20000,16,0.766863,,0.766863,0.766863,0.766863,491.882,491.882,491.882,511.458505,511.458505,511.458505
1123,20000,16,0.766863,,0.766863,0.766863,0.766863,491.882,491.882,491.882,511.458505,511.458505,511.458505
1124,20000,16,0.766863,,0.766863,0.766863,0.766863,491.882,491.882,491.882,511.458505,511.458505,511.458505
1125,20000,16,0.766863,,0.766863,0.766863,0.766863,491.882,491.882,491.882,511.458505,511.458505,511.458505
1126,20000,16,0.766863,,0.766863,0.766863,0.766863,491.882,491.882,491.882,511.458505,511.458505,511.458505
1127,20000,16,0.766863,,0.766863,0.766863,0.766863,491.882,491.882,491.882,511.458505,511.458505,511.458505
1128,20000,16,0.766863,,0.766863,0.766863,0.766863,491.882,491.882,491.882,511.458505,511.458505,511.458505
1129,20000,16,0.766863,,0.766863,0.766863,0.766863,491.882,491.882,491.882,511.458505,511.458505,511.458505
1130,20000,16,0.766863,,0.766863,0.766863,0.766863,491.882,491.882,491.882,511.458505,511.458505,511.458505
1131,20000,16,0.766863,,0.766863,0.766863,0.766863,491.882,491.882,491.882,511.458505,511.458505,511.458505
1132,20000,16,0.766863,,0.766863,0.766863,0.766863,491.882,491.882,491.882,511.458505,511.458505,511.458505
1133,20000,16,0.766863,,0.766863,0.766863,0.766863,491.882,491.882,491.882,511.458505,511.458505,511.458505
1134,20000,16,0.766863,,0.766863,0.766863,0.766863,491.882,491.882,491.882,511.458505,511.458505,511.458505
1135,20000,16,0.766863,,0.766863,0.766863,0.766863,491.882,491.882,491.882,511.458505,511.458505,511.458505
1136,20000,16,0.766863,,0.766863,0.766863,0.766863,491.882,491.882,491.882,511.458505,511.458505,511.458505
1137,20000,16,0.766863,,0.766863,0.766863,0.766863,491.882,491.882,491.882,511.458505,511.458505,511.458505
1138,20000,16,0.766863,,0.766863,0.766863,0.766863,491.882,491.882,491.882,511.458505,511.458505,511.458505
1139,20000,16,0.766863,,0.766863,0.766863,0.766863,491.882,491.882,491.882,511.458505,511.458505,511.458505
1140,20000,16,0.766863,,0.766863,0.766863,0.766863,491.882,491.882,491.882,511.458505,511.458505,511.458505
1141,20000,16,0.766863,,0.766863,0.766863,0.766863,491.882,491.882,491.882,511.458505,511.458505,511.458505
1142,20000,16,0.766863,,0.766863,0.766863,0.766863,491.882,491.882,491.882,511.458505,511.458505,511.458505
1143,20000,16,0.766863,,0.766863,0.766863,0.766863,491.882,491.882,491.882,511.458505,511.458505,511.458505
1144,20000,16,0.766863,,0.766863,0.766863,0.766863,491.882,491.882,491.882,511.458505,511.458505,511.458505
1145,20000,16,0.766863,,0.766863,0.766863,0.766863,491.882,491.882,491.882,511.458505,511.458505,511.458505
1146,20000,16,0.766863,,0.766863,0.766863,0.766863,491.882,491.882,491.882,511.458505,511.458505,511.458505
1147,20000,16,0.766863,,0.766863,0.766863,0.766863,491.882,491.882,491.882,511.458505,511.458505,511.458505
1148,20000,16,0.766863,,0.766863,0.766863,0.766863,491.882,491.882,491.882,511.458505,511.458505,511.458505
1149,20000,16,0.766863,,0.766863,0.766863,0.766863,491.882,491.882,491.882,511.458505,511.458505,511.458505
1150,20000,16,0.766863,,0.766863,0.766863,0.766863,491.882,491.882,491.882,511.458505,511.458505,511.458505
1151,20000,16,0.766863,,0.766863,0.766863,0.766863,491.882,491.882,491.882,511.458505,511.458505,511.458505
1152,20000,16,0.766863,,0.766863,0.766863,0.766863,491.882,491.882,491.882,511.458505,511.458505,511.458505
1153,20000,16,0.766863,,0.766863,0.766863,0.766863,491.882,491.882,491.882,511.458505,511.458505,511.458505
1154,20000,16,0.766863,,0.766863,0.766863,0.766863,491.882,491.882,491.882,511.458505,511.458505,511.458505
1155,20000,16,0.766863,,0.766863,0.766863,0.766863,491.882,491.882,491.882,511.458505,511.458505,511.458505
1156,20000,16,0.766863,,0.766863,0.766863,0.766863,491.882,491.882,491.882,511.458505,511.458505,511.458505
1157,20000,16,0.766863,,0.766863,0.766863,0.766863,491.882,491.882,491.882,511.458505,511.458505,511.458505
1158,20000,16,0.766863,,0.766863,0.766863,0.766863,491.882,491.882,491.882,511.458505,511.458505,511.458505
1159,20000,16,0.766863,,0.766863,0.766863,0.766863,491.882,491.882,491.882,511.458505,511.458505,511.458505
1160,20000,16,0.766863,,0.766863,0.766863,0.766863,491.882,491.882,491.882,511.458505,511.458505,511.458505
1161,20000,16,0.766863,,0.766863,0.766863,0.766863,491.882,491.882,491.882,511.458505,511.458505,511.458505
1162,20000,16,0.766863,,0.766863,0.766863,0.766863,491.882,491.882,491.882,511.458505,511.458505,511.458505
1163,20000,16,0.766863,,0.766863,0.766863,0.766863,491.882,491.882,491.882,511.458505,511.458505,511.458505
1164,20000,16,0.766863,,0.766863,0.766863,0.766863,491.882,491.882,491.882,511.458505,511.458505,511.458505
1165,20000,16,0.766863,,0.766863,0.766863,0.766863,491.882,491.882,491.882,511.458505,511.458505,511.458505
1166,20000,16,0.766863,,0.766863,0.766863,0.766863,491.882,491.882,491.882,511.458505,511.458505,511.458505
1167,20000,16,0.766863,,0.766863,0.766863,0.766863,491.882,491.882,491.882,511.458505,511.458505,511.458505
1168,20000,16,0.766863,,0.766863,0.766863,0.766863,491.882,491.882,491.882,511.458505,511.458505,511.458505
1169,20000,16,0.766863,,0.766863,0.766863,0.766863,491.882,491.882,491.882,511.458505,511.458505,511.458505
1170,20000,16,0.766863,,0.766863,0.766863,0.766863,491.882,491.882,491.882,511.458505,511.458505,511.458505
1171,20000,16,0.766863,,0.766863,0.766863,0.766863,491.882,491.882,491.882,511.458505,511.458505,511.458505
1172,20000,16,0.766863,,0.766863,0.766863,0.766863,491.882,491.882,491.882,511.458505,511.458505,511.458505
1173,20000,16,0.766863,,0.766863,0.766863,0.766863,491.882,491.882,491.882,511.458505,511.458505,511.458505
1174,20000,16,0.766863,,0.766863,0.766863,0.766863,491.882,491.882,491.882,511.458505,511.458505,511.458505
1175,20000,16,0.766863,,0.766863,0.766863,0.766863,491.882,491.882,491.882,511.458505,511.458505,511.458505
1176,20000,16,0.766863,,0.766863,0.766863,0.766863,491.882,491.882,491.882,511.458505,511.458505,511.458505
1177,20000,16,0.766863,,0.766863,0.766863,0.766863,491.882,491.882,491.882,511.458505,511.458505,511.458505
1178,20000,16,0.766863,,0.766863,0.766863,0.766863,491.882,491.882,491.882,511.458505,511.458505,511.458505
1179,20000,16,0.766863,,0.766863,0.766863,0.766863,491.882,491.882,491.882,511.458505,511.458505,511.458505
1180,20000,16,0.766863,,0.766863,0.766863,0.766863,491.882,491.882,491.882,511.458505,511.458505,511.458505
1181,20000,16,0.766863,,0.766863,0.766863,0.766863,491.882,491.882,491.882,511.458505,511.458505,511.458505
1182,20000,16,0.766863,,0.766863,0.766863,0.766863,491.882,491.882,491.882,511.458505,511.458505,511.458505
1183,20000,16,0.766863,,0.766863,0.766863,0.766863,491.882,491.882,491.882,511.458505,511.458505,511.458505
1184,20000,16,0.766863,,0.766863,0.766863,0.766863,491.882,491.882,491.882,511.458505,511.458505,511.458505
1185,20000,16,0.766863,,0.766863,0.766863,0.766863,491.882,491.882,491.882,511.458505,511.458505,511.458505
1186,20000,16,0.766863,,0.766863,0.766863,0.766863,491.882,491.882,491.882,511.458505,511.458505,511.458505
1187,20000,16,0.766863,,0.766863,0.766863,0.766863,491.882,491.882,491.882,511.458505,511.458505,511.458505
1188,20000,16,0.766863,,0.766863,0.766863,0.766863,491.882,491.882,491.882,511.458505,511.458505,511.458505
1189,20000,16,0.766863,,0.766863,0.766863,0.766863,491.882,491.882,491.882,511.458505,511.458505,511.458505
1190,20000,16,0.766863,,0.766863,0.766863,0.766863,491.882,491.882,491.882,511.458505,511.458505,511.458505
1191,20000,16,0.766863,,0.766863,0.766863,0.766863,491.882,491.882,491.882,511.458505,511.458505,511.458505
1192,20000,16,0.766863,,0.766863,0.766863,0.766863,491.882,491.882,491.882,511.458505,511.458505,511.458505
1193,20000,16,0.766863,,0.766863,0.766863,0.766863,491.882,491.882,491.882,511.458505,511.458505,511.458505
1194,20000,16,0.766863,,0.766863,0.766863,0.766863,491.882,491.882,491.882,511.458505,511.458505,511.458505
1195,20000,16,0.766863,,0.766863,0.766863,0.766863,491.882,491.882,491.882,511.458505,511.458505,511.458505
1196,20000,16,0.766863,,0.766863,0.766863,0.766863,491.882,491.882,491.882,511.458505,511.458505,511.458505
1197,20000,16,0.766863,,0.766863,0.766863,0.766863,491.882,491.882,491.882,511.458505,511.458505,511.458505
1198,20000,16,0.766863,,0.766863,0.766863,0.766863,491.882,491.882,491.882,511.458505,511.458505,511.458505
1199,20000,16,0.766863,,0.766863,0.766863,0.766863,491.882,491.882,491.882,511.458505,511.458505,511.458505
1200,20000,16,0.766863,,0.766863,0.766863,0.766863,491.882,491.882,491.882,511.458505,511.458505,511.458505
1201,20000,16,0.766863,,0.766863,0.766863,0.766863,491.882,491.882,491.882,511.458505,511.458505,511.458505
1202,20000,16,0.766863,,0.766863,0.766863,0.766863,491.882,491.882,491.882,511.458505,511.458505,511.458505
1203,20000,16,0.766863,,0.766863,0.766863,0.766863,491.882,491.882,491.882,511.458505,511.458505,511.458505
1204,20000,16,0.766863,,0.766863,0.766863,0.766863,491.882,491.882,491.882,511.458505,511.458505,511.458505
1205,20000,16,0.766863,,0.766863,0.766863,0.766863,491.882,491.882,491.882,511.458505,511.458505,511.458505
1206,20000,16,0.766863,,0.766863,0.766863,0.766863,491.882,491.882,491.882,511.458505,511.458505,511.458505
1207,20000,16,0.766863,,0.766863,0.766863,0.766863,491.882,491.882,491.882,511.458505,511.458505,511.458505
1208,20000,16,0.766863,,0.766863,0.766863,0.766863,491.882,491.882,491.882,511.458505,511.458505,511.458505
1209,20000,16,0.766863,,0.766863,0.766863,0.766863,491.882,491.882,491.882,511.458505,511.458505,511.458505
1210,20000,16,0.766863,,0.766863,0.766863,0.766863,491.882,491.882,491.882,511.458505,511.458505,511.458505
1211,20000,16,0.766863,,0.766863,0.766863,0.766863,491.882,491.882,491.882,511.458505,511.458505,511.458505
1212,20000,16,0.766863,,0.766863,0.766863,0.766863,491.882,491.882,491.882,511.458505,511.458505,511.458505
1213,20000,16,0.766863,,0.766863,0.766863,0.766863,491.882,491.882,491.882,511.458505,511.458505,511.458505
1214,20000,16,0.766863,,0.766863,0.766863,0.766863,491.882,491.882,491.882,511.458505,511.458505,511.458505
1215,20000,16,0.766863,,0.766863,0.766863,0.766863,491.882,491.882,491.882,511.458505,511.458505,511.458505
1216,20000,16,0.766863,,0.766863,0.766863,0.766863,491.882,491.882,491.882,511.458505,511.458505,511.458505
1217,20000,16,0.766863,,0.766863,0.766863,0.766863,491.882,491.882,491.882,511.458505,511.458505,511.458505
1218,20000,16,0.766863,,0.766863,0.766863,0.766863,491.882,491.882,491.882,511.458505,511.458505,511.458505
1219,20000,16,0.766863,,0.766863,0.766863,0.766863,491.882,491.882,491.882,511.458505,511.458505,511.458505
1220,20000,16,0.766863,,0.766863,0.766863,0.766863,491.882,491.882,491.882,511.458505,511.458505,511.458505
1221,20000,16,0.766863,,0.766863,0.766863,0.766863,491.882,491.882,491.882,511.458505,511.458505,511.458505
1222,20000,16,0.766863,,0.766863,0.766863,0.766863,491.882,491.882,491.882,511.458505,511.458505,511.458505
1223,20000,16,0.766863,,0.766863,0.766863,0.766863,491.882,491.882,491.882,511.458505,511.458505,511.458505
1224,20000,16,0.766863,,0.766863,0.766863,0.766863,491.882,491.882,491.882,511.458505,511.458505,511.458505
1225,20000,16,0.766863,,0.766863,0.766863,0.766863,491.882,491.882,491.882,511.458505,511.458505,511.458505
1226,20000,16,0.766863,,0.766863,0.766863,0.766863,491.882,491.882,491.882,511.458505,511.458505,511.458505
1227,20000,16,0.766863,,0.766863,0.766863,0.766863,491.882,491.882,491.882,511.458505,511.458505,511.458505
1228,20000,16,0.766863,,0.766863,0.766863,0.766863,491.882,491.882,491.882,511.458505,511.458505,511.458505
1229,20000,16,0.766863,,0.766863,0.766863,0.766863,491.882,491.882,491.882,511.458505,511.458505,511.458505
1230,20000,16,0.766863,,0.766863,0.766863,0.766863,491.882,491.882,491.882,511.458505,511.458505,511.458505
1231,20000,16,0.766863,,0.766863,0.766863,0.766863,491.882,491.882,491.882,511.458505,511.458505,511.458505
1232,20000,16,0.766863,,0.766863,0.766863,0.766863,491.882,491.882,491.882,511.458505,511.458505,511.458505
1233,20000,16,0.766863,,0.766863,0.766863,0.766863,491.882,491.882,491.882,511.458505,511.458505,511.458505
1234,20000,16,0.766863,,0.766863,0.766863,0.766863,491.882,491.882,491.882,511.458505,511.458505,511.458505
1235,20000,16,0.766863,,0.766863,0.766863,0.766863,491.882,491.882,491.882,511.458505,511.458505,511.458505
1236,20000,16,0.766863,,0.766863,0.766863,0.766863,491.882,491.882,491.882,511.458505,511.458505,511.458505
1237,20000,16,0.766863,,0.766863,0.766863,0.766863,491.882,491.882,491.882,511.458505,511.458505,511.458505
1238,20000,16,0.766863,,0.766863,0.766863,0.766863,491.882,491.882,491.882,511.458505,511.458505,511.458505
1239,20000,16,0.766863,,0.766863,0.766863,0.766863,491.882,491.882,491.882,511.458505,511.458505,511.458505
1240,20000,16,0.766863,,0.766863,0.766863,0.766863,491.882,491.882,491.882,511.458505,511.458505,511.458505
1241,20000,16,0.766863,,0.766863,0.766863,0.766863,491.882,491.882,491.882,511.458505,511.458505,511.458505
1242,20000,16,0.766863,,0.766863,0.766863,0.766863,491.882,491.882,491.882,511.458505,511.458505,511.458505
1243,20000,16,0.766863,,0.766863,0.766863,0.766863,491.882,491.882,491.882,511.458505,511.458505,511.458505
1244,20000,16,0.766863,,0.766863,0.766863,0.766863,491.882,491.882,491.882,511.458505,511.458505,511.458505
1245,20000,16,0.766863,,0.766863,0.766863,0.766863,491.882,491.882,491.882,511.458505,511.458505,511.458505
1246,20000,16,0.766863,,0.766863,0.766863,0.766863,491.882,491.882,491.882,511.458505,511.458505,511.458505
1247,20000,16,0.766863,,0.766863,0.766863,0.766863,491.882,491.882,491.882,511.458505,511.458505,511.458505
1248,20000,16,0.766863,,0.766863,0.766863,0.766863,491.882,491.882,491.882,511.458505,511.458505,511.458505
1249,20000,16,0.766863,,0.766863,0.766863,0.766863,491.882,491.882,491.882,511.458505,511.458505,511.458505
1250,20000,16,0.766863,,0.766863,0.766863,0.766863,491.882,491.882,491.882,511.458505,511.458505,511.458505
1251,20000,16,0.766863,,0.766863,0.766863,0.766863,491.882,491.882,491.882,511.458505,511.458505,511.458505
1252,20000,16,0.766863,,0.766863,0.766863,0.766863,491.882,491.882,491.882,511.458505,511.458505,511.458505
1253,20000,16,0.766863,,0.766863,0.766863,0.766863,491.882,491.882,491.882,511.458505,511.458505,511.458505
1254,20000,16,0.766863,,0.766863,0.766863,0.766863,491.882,491.882,491.882,511.458505,511.458505,511.458505
1255,20000,16,0.766863,,0.766863,0.766863,0.766863,491.882,491.882,491.882,511.458505,511.458505,511.458505
1256,20000,16,0.766863,,0.766863,0.766863,0.766863,491.882,491.882,491.882,511.458505,511.458505,511.458505
1257,20000,16,0.766863,,0.766863,0.766863,0.766863,491.882,491.882,491.882,511.458505,511.458505,511.458505
1258,20000,16,0.766863,,0.766863,0.766863,0.766863,491.882,491.882,491.882,511.458505,511.458505,511.458505
1259,20000,16,0.766863,,0.766863,0.766863,0.766863,491.882,491.882,491.882,511.458505,511.458505,511.458505
1260,20000,16,0.766863,,0.766863,0.766863,0.766863,491.882,491.882,491.882,511.458505,511.458505,511.458505
1261,20000,16,0.766863,,0.766863,0.766863,0.766863,491.882,491.882,491.882,511.458505,511.458505,511.458505
1262,20000,16,0.766863,,0.766863,0.766863,0.766863,491.882,491.882,491.882,511.458505,511.458505,511.458505
1263,20000,16,0.766863,,0.766863,0.766863,0.766863,491.882,491.882,491.882,511.458505,511.458505,511.458505
1264,20000,16,0.766863,,0.766863,0.766863,0.766863,491.882,491.882,491.882,511.458505,511.458505,511.458505
1265,20000,16,0.766863,,0.766863,0.766863,0.766863,491.882,491.882,491.882,511.458505,511.458505,511.458505
1266,20000,16,0.766863,,0.766863,0.766863,0.766863,491.882,491.882,491.882,511.458505,511.458505,511.458505
1267,20000,16,0.766863,,0.766863,0.766863,0.766863,491.882,491.882,491.882,511.458505,511.458505,511.458505
1268,20000,16,0.766863,,0.766863,0.766863,0.766863,491.882,491.882,491.882,511.458505,511.458505,511.458505
1269,20000,16,0.766863,,0.766863,0.766863,0.766863,491.882,491.882,491.882,511.458505,511.458505,511.458505
1270,20000,16,0.766863,,0.766863,0.766863,0.766863,491.882,491.882,491.882,511.458505,511.458505,511.458505
1271,20000,16,0.766863,,0.766863,0.766863,0.766863,491.882,491.882,491.882,511.458505,511.458505,511.458505
1272,20000,16,0.766863,,0.766863,0.766863,0.766863,491.882,491.882,491.882,511.458505,511.458505,511.458505
1273,20000,16,0.766863,,0.766863,0.766863,0.766863,491.882,491.882,491.882,511.458505,511.458505,511.458505
1274,20000,16,0.766863,,0.766863,0.766863,0.766863,491.882,491.882,491.882,511.458505,511.458505,511.458505
1275,20000,16,0.766863,,0.766863,0.766863,0.766863,491.882,491.882,491.882,511.458505,511.458505,511.458505
1276,20000,16,0.766863,,0.766863,0.766863,0.766863,491.882,491.882,491.882,511.458505,511.458505,511.458505
1277,20000,16,0.766863,,0.766863,0.766863,0.766863,491.882,491.882,491.882,511.458505,511.458505,511.458505
1278,20000,16,0.766863,,0.766863,0.766863,0.766863,491.882,491.882,491.882,511.458505,511.458505,511.458505
1279,20000,16,0.766863,,0.766863,0.766863,0.766863,491.882,491.882,491.882,511.458505,511.458505,511.458505
1280,20000,16,0.766863,,0.766863,0.766863,0.766863,491.882,491.882,491.882,511.458505,511.458505,511.458505
1281,20000,16,0.766863,,0.766863,0.766863,0.766863,491.882,491.882,491.882,511.458505,511.458505,511.458505
1282,20000,16,0.766863,,0.766863,0.766863,0.766863,491.882,491.882,491.882,511.458505,511.458505,511.458505
1283,20000,16,0.766863,,0.766863,0.766863,0.766863,491.882,491.882,491.882,511.458505,511.458505,511.458505
1284,20000,16,0.766863,,0.766863,0.766863,0.766863,491.882,491.882,491.882,511.458505,511.458505,511.458505
1285,20000,16,0.766863,,0.766863,0.766863,0.766863,491.882,491.882,491.882,511.458505,511.458505,511.458505
1286,20000,16,0.766863,,0.766863,0.766863,0.766863,491.882,491.882,491.882,511.458505,511.458505,511.458505
1287,20000,16,0.766863,,0.766863,0.766863,0.766863,491.882,491.882,491.882,511.458505,511.458505,511.458505
1288,20000,16,0.766863,,0.766863,0.766863,0.766863,491.882,491.882,491.882,511.458505,511.458505,511.458505
1289,20000,16,0.766863,,0.766863,0.766863,0.766863,491.882,491.882,491.882,511.458505,511.458505,511.458505
1290,20000,16,0.766863,,0.766863,0.766863,0.766863,491.882,491.882,491.882,511.458505,511.458505,511.458505
1291,20000,16,0.766863,,0.766863,0.766863,0.766863,491.882,491.882,491.882,511.458505,511.458505,511.458505
1292,20000,16,0.766863,,0.766863,0.766863,0.766863,491.882,491.882,491.882,511.458505,511.458505,511.458505
1293,20000,16,0.766863,,0.766863,0.766863,0.766863,491.882,491.882,491.882,511.458505,511.458505,511.458505
1294,20000,16,0.766863,,0.766863,0.766863,0.766863,491.882,491.882,491.882,511.458505,511.458505,511.458505
1295,20000,16,0.766863,,0.766863,0.766863,0.766863,491.882,491.882,491.882,511.458505,511.458505,511.458505
1296,20000,16,0.766863,,0.766863,0.766863,0.766863,491.882,491.882,491.882,511.458505,511.458505,511.458505
1297,20000,16,0.766863,,0.766863,0.766863,0.766863,491.882,491.882,491.882,511.458505,511.458505,511.458505
1298,20000,16,0.766863,,0.766863,0.766863,0.766863,491.882,491.882,491.882,511.458505,511.458505,511.458505
1299,20000,16,0.766863,,0.766863,0.766863,0.766863,491.882,491.882,491.882,511.458505,511.458505,511.458505
1300,20000,16,0.766863,,0.766863,0.766863,0.766863,491.882,491.882,491.882,511.458505,511.458505,511.458505
1301,20000,16,0.766863,,0.766863,0.766863,0.766863,491.882,491.882,491.882,511.458505,511.458505,511.458505
1302,20000,16,0.766863,,0.766863,0.766863,0.766863,491.882,491.882,491.882,511.458505,511.458505,511.458505
1303,20000,16,0.766863,,0.766863,0.766863,0.766863,491.882,491.882,491.882,511.458505,511.458505,511.458505
1304,20000,16,0.766863,,0.766863,0.766863,0.766863,491.882,491.882,491.882,511.458505,511.458505,511.458505
1305,20000,16,0.766863,,0.766863,0.766863,0.766863,491.882,491.882,491.882,511.458505,511.458505,511.458505
1306,20000,16,0.766863,,0.766863,0.766863,0.766863,491.882,491.882,491.882,511.458505,511.458505,511.458505
1307,20000,16,0.766863,,0.766863,0.766863,0.766863,491.882,491.882,491.882,511.458505,511.458505,511.458505
1308,20000,16,0.766863,,0.766863,0.766863,0.766863,491.882,491.882,491.882,511.458505,511.458505,511.458505
1309,20000,16,0.766863,,0.766863,0.766863,0.766863,491.882,491.882,491.882,511.458505,511.458505,511.458505
1310,20000,16,0.766863,,0.766863,0.766863,0.766863,491.882,491.882,491.882,511.458505,511.458505,511.458505
1311,20000,16,0.766863,,0.766863,0.766863,0.766863,491.882,491.882,491.882,511.458505,511.458505,511.458505
1312,20000,16,0.766863,,0.766863,0.766863,0.766863,491.882,491.882,491.882,511.458505,511.458505,511.458505
1313,20000,16,0.766863,,0.766863,0.766863,0.766863,491.882,491.882,491.882,511.458505,511.458505,511.458505
1314,20000,16,0.766863,,0.766863,0.766863,0.766863,491.882,491.882,491.882,511.458505,511.458505,511.458505
1315,20000,16,0.766863,,0.766863,0.766863,0.766863,491.882,491.882,491.882,511.458505,511.458505,511.458505
1316,20000,16,0.766863,,0.766863,0.766863,0.766863,491.882,491.882,491.882,511.458505,511.458505,511.458505
1317,20000,16,0.766863,,0.766863,0.766863,0.766863,491.882,491.882,491.882,511.458505,511.458505,511.458505
1318,20000,16,0.766863,,0.766863,0.766863,0.766863,491.882,491.882,491.882,511.458505,511.458505,511.458505
1319,20000,16,0.766863,,0.766863,0.766863,0.766863,491.882,491.882,491.882,511.458505,511.458505,511.458505
1320,20000,16,0.766863,,0.766863,0.766863,0.766863,491.882,491.882,491.882,511.458505,511.458505,511.458505
1321,20000,16,0.766863,,0.766863,0.766863,0.766863,491.882,491.882,491.882,511.458505,511.458505,511.458505
1322,20000,16,0.766863,,0.766863,0.766863,0.766863,491.882,491.882,491.882,511.458505,511.458505,511.458505
1323,20000,16,0.766863,,0.766863,0.766863,0.766863,491.882,491.882,491.882,511.458505,511.458505,511.458505
1324,20000,16,0.766863,,0.766863,0.766863,0.766863,491.882,491.882,491.882,511.458505,511.458505,511.458505
1325,20000,16,0.766863,,0.766863,0.766863,0.766863,491.882,491.882,491.882,511.458505,511.458505,511.458505
1326,20000,16,0.766863,,0.766863,0.766863,0.766863,491.882,491.882,491.882,511.458505,511.458505,511.458505
1327,20000,16,0.766863,,0.766863,0.766863,0.766863,491.882,491.882,491.882,511.458505,511.458505,511.458505
1328,20000,16,0.766863,,0.766863,0.766863,0.766863,491.882,491.882,491.882,511.458505,511.458505,511.458505
1329,20000,16,0.766863,,0.766863,0.766863,0.766863,491.882,491.882,491.882,511.458505,511.458505,511.458505
1330,20000,16,0.766863,,0.766863,0.766863,0.766863,491.882,491.882,491.882,511.458505,511.458505,511.458505
1331,20000,16,0.766863,,0.766863,0.766863,0.766863,491.882,491.882,491.882,511.458505,511.458505,511.458505
1332,20000,16,0.766863,,0.766863,0.766863,0.766863,491.882,491.882,491.882,511.458505,511.458505,511.458505
1333,20000,16,0.766863,,0.766863,0.766863,0.766863,491.882,491.882,491.882,511.458505,511.458505,511.458505
1334,20000,16,0.766863,,0.766863,0.766863,0.766863,491.882,491.882,491.882,511.458505,511.458505,511.458505
1335,20000,16,0.766863,,0.766863,0.766863,0.766863,491.882,491.882,491.882,511.458505,511.458505,511.458505
1336,20000,16,0.766863,,0.766863,0.766863,0.766863,491.882,491.882,491.882,511.458505,511.458505,511.458505
1337,20000,16,0.766863,,0.766863,0.766863,0.766863,491.882,491.882,491.882,511.458505,511.458505,511.458505
1338,20000,16,0.766863,,0.766863,0.766863,0.766863,491.882,491.882,491.882,511.458505,511.458505,511.458505
1339,20000,16,0.766863,,0.766863,0.766863,0.766863,491.882,491.882,491.882,511.458505,511.458505,511.458505
1340,20000,16,0.766863,,0.766863,0.766863,0.766863,491.882,491.882,491.882,511.458505,511.458505,511.458505
1341,20000,16,0.766863,,0.766863,0.766863,0.766863,491.882,491.882,491.882,511.458505,511.458505,511.458505
1342,20000,16,0.766863,,0.766863,0.766863,0.766863,491.882,491.882,491.882,511.458505,511.458505,511.458505
1343,20000,16,0.766863,,0.766863,0.766863,0.766863,491.882,491.882,491.882,511.458505,511.458505,511.458505
1344,20000,16,0.766863,,0.766863,0.766863,0.766863,491.882,491.882,491.882,511.458505,511.458505,511.458505
1345,20000,16,0.766863,,0.766863,0.766863,0.766863,491.882,491.882,491.882,511.458505,511.458505,511.458505
1346,20000,16,0.766863,,0.766863,0.766863,0.766863,491.882,491.882,491.882,511.458505,511.458505,511.458505
1347,20000,16,0.766863,,0.766863,0.766863,0.766863,491.882,491.882,491.882,511.458505,511.458505,511.458505
1348,20000,16,0.766863,,0.766863,0.766863,0.766863,491.882,491.882,491.882,511.458505,511.458505,511.458505
1349,20000,16,0.766863,,0.766863,0.766863,0.766863,491.882,491.882,491.882,511.458505,511.458505,511.458505
1350,20000,16,0.766863,,0.766863,0.766863,0.766863,491.882,491.882,491.882,511.458505,511.458505,511.458505
1351,20000,16,0.766863,,0.766863,0.766863,0.766863,491.882,491.882,491.882,511.458505,511.458505,511.458505
1352,20000,16,0.766863,,0.766863,0.766863,0.766863,491.882,491.882,491.882,511.458505,511.458505,511.458505
1353,20000,16,0.766863,,0.766863,0.766863,0.766863,491.882,491.882,491.882,511.458505,511.458505,511.458505
1354,20000,16,0.766863,,0.766863,0.766863,0.766863,491.882,491.882,491.882,511.458505,511.458505,511.458505
1355,20000,16,0.766863,,0.766863,0.766863,0.766863,491.882,491.882,491.882,511.458505,511.458505,511.458505
1356,20000,16,0.766863,,0.766863,0.766863,0.766863,491.882,491.882,491.882,511.458505,511.458505,511.458505
1357,20000,16,0.766863,,0.766863,0.766863,0.766863,491.882,491.882,491.882,511.458505,511.458505,511.458505
1358,20000,16,0.766863,,0.766863,0.766863,0.766863,491.882,491.882,491.882,511.458505,511.458505,511.458505
1359,20000,16,0.766863,,0.766863,0.766863,0.766863,491.882,491.882,491.882,511.458505,511.458505,511.458505
1360,20000,16,0.766863,,0.766863,0.766863,0.766863,491.882,491.882,491.882,511.458505,511.458505,511.458505
1361,20000,16,0.766863,,0.766863,0.766863,0.766863,491.882,491.882,491.882,511.458505,511.458505,511.458505
1362,20000,16,0.766863,,0.766863,0.766863,0.766863,491.882,491.882,491.882,511.458505,511.458505,511.458505
1363,20000,16,0.766863,,0.766863,0.766863,0.766863,491.882,491.882,491.882,511.458505,511.458505,511.458505
1364,20000,16,0.766863,,0.766863,0.766863,0.766863,491.882,491.882,491.882,511.458505,511.458505,511.458505
1365,20000,16,0.766863,,0.766863,0.766863,0.766863,491.882,491.882,491.882,511.458505,511.458505,511.458505
1366,20000,16,0.766863,,0.766863,0.766863,0.766863,491.882,491.882,491.882,511.458505,511.458505,511.458505
1367,20000,16,0.766863,,0.766863,0.766863,0.766863,491.882,491.882,491.882,511.458505,511.458505,511.458505
1368,20000,16,0.766863,,0.766863,0.766863,0.766863,491.882,491.882,491.882,511.458505,511.458505,511.458505
1369,20000,16,0.766863,,0.766863,0.766863,0.766863,491.882,491.882,491.882,511.458505,511.458505,511.458505
1370,20000,16,0.766863,,0.766863,0.766863,0.766863,491.882,491.882,491.882,511.458505,511.458505,511.458505
1371,20000,16,0.766863,,0.766863,0.766863,0.766863,491.882,491.882,491.882,511.458505,511.458505,511.458505
1372,20000,16,0.766863,,0.766863,0.766863,0.766863,491.882,491.882,491.882,511.458505,511.458505,511.458505
1373,20000,16,0.766863,,0.766863,0.766863,0.766863,491.882,491.882,491.882,511.458505,511.458505,511.458505
1374,20000,16,0.766863,,0.766863,0.766863,0.766863,491.882,491.882,491.882,511.458505,511.458505,511.458505
1375,20000,16,0.766863,,0.766863,0.766863,0.766863,491.882,491.882,491.882,511.458505,511.458505,511.458505
1376,20000,16,0.766863,,0.766863,0.766863,0.766863,491.882,491.882,491.882,511.458505,511.458505,511.458505
1377,20000,16,0.766863,,0.766863,0.766863,0.766863,491.882,491.882,491.882,511.458505,511.458505,511.458505
1378,20000,16,0.766863,,0.766863,0.766863,0.766863,491.882,491.882,491.882,511.458505,511.458505,511.458505
1379,20000,16,0.766863,,0.766863,0.766863,0.766863,491.882,491.882,491.882,511.458505,511.458505,511.458505
1380,20000,16,0.766863,,0.766863,0.766863,0.766863,491.882,491.882,491.882,511.458505,511.458505,511.458505
1381,20000,16,0.766863,,0.766863,0.766863,0.766863,491.882,491.882,491.882,511.458505,511.458505,511.458505
1382,20000,16,0.766863,,0.766863,0.766863,0.766863,491.882,491.882,491.882,511.458505,511.458505,511.458505
1383,20000,16,0.766863,,0.766863,0.766863,0.766863,491.882,491.882,491.882,511.458505,511.458505,511.458505
1384,20000,16,0.766863,,0.766863,0.766863,0.766863,491.882,491.882,491.882,511.458505,511.458505,511.458505
1385,20000,16,0.766863,,0.766863,0.766863,0.766863,491.882,491.882,491.882,511.458505,511.458505,511.458505
1386,20000,16,0.766863,,0.766863,0.766863,0.766863,491.882,491.882,491.882,511.458505,511.458505,511.458505
1387,20000,16,0.766863,,0.766863,0.766863,0.766863,491.882,491.882,491.882,511.458505,511.458505,511.458505
1388,20000,16,0.766863,,0.766863,0.766863,0.766863,491.882,491.882,491.882,511.458505,511.458505,511.458505
1389,20000,16,0.766863,,0.766863,0.766863,0.766863,491.882,491.882,491.882,511.458505,511.458505,511.458505
1390,20000,16,0.766863,,0.766863,0.766863,0.766863,491.882,491.882,491.882,511.458505,511.458505,511.458505
1391,20000,16,0.766863,,0.766863,0.766863,0.766863,491.882,491.882,491.882,511.458505,511.458505,511.458505
1392,20000,16,0.766863,,0.766863,0.766863,0.766863,491.882,491.882,491.882,511.458505,511.458505,511.458505
1393,20000,16,0.766863,,0.766863,0.766863,0.766863,491.882,491.882,491.882,511.458505,511.458505,511.458505
1394,20000,16,0.766863,,0.766863,0.766863,0.766863,491.882,491.882,491.882,511.458505,511.458505,511.458505
1395,20000,16,0.766863,,0.766863,0.766863,0.766863,491.882,491.882,491.882,511.458505,511.458505,511.458505
1396,20000,16,0.766863,,0.766863,0.766863,0.766863,491.882,491.882,491.882,511.458505,511.458505,511.458505
1397,20000,16,0.766863,,0.766863,0.766863,0.766863,491.882,491.882,491.882,511.458505,511.458505,511.458505
1398,20000,16,0.766863,,0.766863,0.766863,0.766863,491.882,491.882,491.882,511.458505,511.458505,511.458505
1399,20000,16,0.766863,,0.766863,0.766863,0.766863,491.882,491.882,491.882,511.458505,511.458505,511.458505
1400,20000,16,0.766863,,0.766863,0.766863,0.766863,491.882,491.882,491.882,511.458505,511.458505,511.458505
1401,20000,16,0.766863,,0.766863,0.766863,0.766863,491.882,491.882,491.882,511.458505,511.458505,511.458505
1402,20000,16,0.766863,,0.766863,0.766863,0.766863,491.882,491.882,491.882,511.458505,511.458505,511.458505
1403,20000,16,0.766863,,0.766863,0.766863,0.766863,491.882,491.882,491.882,511.458505,511.458505,511.458505
1404,20000,16,0.766863,,0.766863,0.766863,0.766863,491.882,491.882,491.882,511.458505,511.458505,511.458505
1405,20000,16,0.766863,,0.766863,0.766863,0.766863,491.882,491.882,491.882,511.458505,511.458505,511.458505
1406,20000,16,0.766863,,0.766863,0.766863,0.766863,491.882,491.882,491.882,511.458505,511.458505,511.458505
1407,20000,16,0.766863,,0.766863,0.766863,0.766863,491.882,491.882,491.882,511.458505,511.458505,511.458505
1408,20000,16,0.766863,,0.766863,0.766863,0.766863,491.882,491.882,491.882,511.458505,511.458505,511.458505
1409,20000,16,0.766863,,0.766863,0.766863,0.766863,491.882,491.882,491.882,511.458505,511.458505,511.458505
1410,20000,16,0.766863,,0.766863,0.766863,0.766863,491.882,491.882,491.882,511.458505,511.458505,511.458505
1411,20000,16,0.766863,,0.766863,0.766863,0.766863,491.882,491.882,491.882,511.458505,511.458505,511.458505
1412,20000,16,0.766863,,0.766863,0.766863,0.766863,491.882,491.882,491.882,511.458505,511.458505,511.458505
1413,20000,16,0.766863,,0.766863,0.766863,0.766863,491.882,491.882,491.882,511.458505,511.458505,511.458505
1414,20000,16,0.766863,,0.766863,0.766863,0.766863,491.882,491.882,491.882,511.458505,511.458505,511.458505
1415,20000,16,0.766863,,0.766863,0.766863,0.766863,491.882,491.882,491.882,511.458505,511.458505,511.458505
1416,20000,16,0.766863,,0.766863,0.766863,0.766863,491.882,491.882,491.882,511.458505,511.458505,511.458505
1417,20000,16,0.766863,,0.766863,0.766863,0.766863,491.882,491.882,491.882,511.458505,511.458505,511.458505
1418,20000,16,0.766863,,0.766863,0.766863,0.766863,491.882,491.882,491.882,511.458505,511.458505,511.458505
1419,20000,16,0.766863,,0.766863,0.766863,0.766863,491.882,491.882,491.882,511.458505,511.458505,511.458505
1420,20000,16,0.766863,,0.766863,0.766863,0.766863,491.882,491.882,491.882,511.458505,511.458505,511.458505
1421,20000,16,0.766863,,0.766863,0.766863,0.766863,491.882,491.882,491.882,511.458505,511.458505,511.458505
1422,20000,16,0.766863,,0.766863,0.766863,0.766863,491.882,491.882,491.882,511.458505,511.458505,511.458505
1423,20000,16,0.766863,,0.766863,0.766863,0.766863,491.882,491.882,491.882,511.458505,511.458505,511.458505
1424,20000,16,0.766863,,0.766863,0.766863,0.766863,491.882,491.882,491.882,511.458505,511.458505,511.458505
1425,20000,16,0.766863,,0.766863,0.766863,0.766863,491.882,491.882,491.882,511.458505,511.458505,511.458505
1426,20000,16,0.766863,,0.766863,0.766863,0.766863,491.882,491.882,491.882,511.458505,511.458505,511.458505
1427,20000,16,0.766863,,0.766863,0.766863,0.766863,491.882,491.882,491.882,511.458505,511.458505,511.458505
1428,20000,16,0.766863,,0.766863,0.766863,0.766863,491.882,491.882,491.882,511.458505,511.458505,511.458505
1429,20000,16,0.766863,,0.766863,0.766863,0.766863,491.882,491.882,491.882,511.458505,511.458505,511.458505
1430,20000,16,0.766863,,0.766863,0.766863,0.766863,491.882,491.882,491.882,511.458505,511.458505,511.458505
1431,20000,16,0.766863,,0.766863,0.766863,0.766863,491.882,491.882,491.882,511.458505,511.458505,511.458505
1432,20000,16,0.766863,,0.766863,0.766863,0.766863,491.882,491.882,491.882,511.458505,511.458505,511.458505
1433,20000,16,0.766863,,0.766863,0.766863,0.766863,491.882,491.882,491.882,511.458505,511.458505,511.458505
1434,20000,16,0.766863,,0.766863,0.766863,0.766863,491.882,491.882,491.882,511.458505,511.458505,511.458505
1435,20000,16,0.766863,,0.766863,0.766863,0.766863,491.882,491.882,491.882,511.458505,511.458505,511.458505
1436,20000,16,0.766863,,0.766863,0.766863,0.766863,491.882,491.882,491.882,511.458505,511.458505,511.458505
1437,20000,16,0.766863,,0.766863,0.766863,0.766863,491.882,491.882,491.882,511.458505,511.458505,511.458505
1438,20000,16,0.766863,,0.766863,0.766863,0.766863,491.882,491.882,491.882,511.458505,511.458505,511.458505
1439,20000,16,0.766863,,0.766863,0.766863,0.766863,491.882,491.882,491.882,511.458505,511.458505,511.458505
1440,20000,16,0.766863,,0.766863,0.766863,0.766863,491.882,491.882,491.882,511.458505,511.458505,511.458505
1441,20000,16,0.766863,,0.766863,0.766863,0.766863,491.882,491.882,491.882,511.458505,511.458505,511.458505
1442,20000,16,0.766863,,0.766863,0.766863,0.766863,491.882,491.882,491.882,511.458505,511.458505,511.458505
1443,20000,16,0.766863,,0.766863,0.766863,0.766863,491.882,491.882,491.882,511.458505,511.458505,511.458505
1444,20000,16,0.766863,,0.766863,0.766863,0.766863,491.882,491.882,491.882,511.458505,511.458505,511.458505
1445,20000,16,0.766863,,0.766863,0.766863,0.766863,491.882,491.882,491.882,511.458505,511.458505,511.458505
1446,20000,16,0.766863,,0.766863,0.766863,0.766863,491.882,491.882,491.882,511.458505,511.458505,511.458505
1447,20000,16,0.766863,,0.766863,0.766863,0.766863,491.882,491.882,491.882,511.458505,511.458505,511.458505
1448,20000,16,0.766863,,0.766863,0.766863,0.766863,491.882,491.882,491.882,511.458505,511.458505,511.458505
1449,20000,16,0.766863,,0.766863,0.766863,0.766863,491.882,491.882,491.882,511.458505,511.458505,511.458505
1450,20000,16,0.766863,,0.766863,0.766863,0.766863,491.882,491.882,491.882,511.458505,511.458505,511.458505
1451,20000,16,0.766863,,0.766863,0.766863,0.766863,491.882,491.882,491.882,511.458505,511.458505,511.458505
1452,20000,16,0.766863,,0.766863,0.766863,0.766863,491.882,491.882,491.882,511.458505,511.458505,511.458505
1453,20000,16,0.766863,,0.766863,0.766863,0.766863,491.882,491.882,491.882,511.458505,511.458505,511.458505
1454,20000,16,0.766863,,0.766863,0.766863,0.766863,491.882,491.882,491.882,511.458505,511.458505,511.458505
1455,20000,16,0.766863,,0.766863,0.766863,0.766863,491.882,491.882,491.882,511.458505,511.458505,511.458505
1456,20000,16,0.766863,,0.766863,0.766863,0.766863,491.882,491.882,491.882,511.458505,511.458505,511.458505
1457,20000,16,0.766863,,0.766863,0.766863,0.766863,491.882,491.882,491.882,511.458505,511.458505,511.458505
1458,20000,16,0.766863,,0.766863,0.766863,0.766863,491.882,491.882,491.882,511.458505,511.458505,511.458505
1459,20000,16,0.766863,,0.766863,0.766863,0.766863,491.882,491.882,491.882,511.458505,511.458505,511.458505
1460,20000,16,0.766863,,0.766863,0.766863,0.766863,491.882,491.882,491.882,511.458505,511.458505,511.458505
1461,20000,16,0.766863,,0.766863,0.766863,0.766863,491.882,491.882,491.882,511.458505,511.458505,511.458505
1462,20000,16,0.766863,,0.766863,0.766863,0.766863,491.882,491.882,491.882,511.458505,511.458505,511.458505
1463,20000,16,0.766863,,0.766863,0.766863,0.766863,491.882,491.882,491.882,511.458505,511.458505,511.458505
1464,20000,16,0.766863,,0.766863,0.766863,0.766863,491.882,491.882,491.882,511.458505,511.458505,511.458505
1465,20000,16,0.766863,,0.766863,0.766863,0.766863,491.882,491.882,491.882,511.458505,511.458505,511.458505
1466,20000,16,0.766863,,0.766863,0.766863,0.766863,491.882,491.882,491.882,511.458505,511.458505,511.458505
1467,20000,16,0.766863,,0.766863,0.766863,0.766863,491.882,491.882,491.882,511.458505,511.458505,511.458505
1468,20000,16,0.766863,,0.766863,0.766863,0.766863,491.882,491.882,491.882,511.458505,511.458505,511.458505
1469,20000,16,0.766863,,0.766863,0.766863,0.766863,491.882,491.882,491.882,511.458505,511.458505,511.458505
1470,20000,16,0.766863,,0.766863,0.766863,0.766863,491.882,491.882,491.882,511.458505,511.458505,511.458505
1471,20000,16,0.766863,,0.766863,0.766863,0.766863,491.882,491.882,491.882,511.458505,511.458505,511.458505
1472,20000,16,0.766863,,0.766863,0.766863,0.766863,491.882,491.882,491.882,511.458505,511.458505,511.458505
1473,20000,16,0.766863,,0.766863,0.766863,0.766863,491.882,491.882,491.882,511.458505,511.458505,511.458505
1474,20000,16,0.766863,,0.766863,0.766863,0.766863,491.882,491.882,491.882,511.458505,511.458505,511.458505
1475,20000,16,0.766863,,0.766863,0.766863,0.766863,491.882,491.882,491.882,511.458505,511.458505,511.458505
1476,20000,16,0.766863,,0.766863,0.766863,0.766863,491.882,491.882,491.882,511.458505,511.458505,511.458505
1477,20000,16,0.766863,,0.766863,0.766863,0.766863,491.882,491.882,491.882,511.458505,511.458505,511.458505
1478,20000,16,0.766863,,0.766863,0.766863,0.766863,491.882,491.882,491.882,511.458505,511.458505,511.458505
1479,20000,16,0.766863,,0.766863,0.766863,0.766863,491.882,491.882,491.882,511.458505,511.458505,511.458505
1480,20000,16,0.766863,,0.766863,0.766863,0.766863,491.882,491.882,491.882,511.458505,511.458505,511.458505
1481,20000,16,0.766863,,0.766863,0.766863,0.766863,491.882,491.882,491.882,511.458505,511.458505,511.458505
1482,20000,16,0.766863,,0.766863,0.766863,0.766863,491.882,491.882,491.882,511.458505,511.458505,511.458505
1483,20000,16,0.766863,,0.766863,0.766863,0.766863,491.882,491.882,491.882,511.458505,511.458505,511.458505
1484,20000,16,0.766863,,0.766863,0.766863,0.766863,491.882,491.882,491.882,511.458505,511.458505,511.458505
1485,20000,16,0.766863,,0.766863,0.766863,0.766863,491.882,491.882,491.882,511.458505,511.458505,511.458505
1486,20000,16,0.766863,,0.766863,0.766863,0.766863,491.882,491.882,491.882,511.458505,511.458505,511.458505
1487,20000,16,0.766863,,0.766863,0.766863,0.766863,491.882,491.882,491.882,511.458505,511.458505,511.458505
1488,20000,16,0.766863,,0.766863,0.766863,0.766863,491.882,491.882,491.882,511.458505,511.458505,511.458505
1489,20000,16,0.766863,,0.766863,0.766863,0.766863,491.882,491.882,491.882,511.458505,511.458505,511.458505
1490,20000,16,0.766863,,0.766863,0.766863,0.766863,491.882,491.882,491.882,511.458505,511.458505,511.458505
1491,20000,16,0.766863,,0.766863,0.766863,0.766863,491.882,491.882,491.882,511.458505,511.458505,511.458505
1492,20000,16,0.766863,,0.766863,0.766863,0.766863,491.882,491.882,491.882,511.458505,511.458505,511.458505
1493,20000,16,0.766863,,0.766863,0.766863,0.766863,491.882,491.882,491.882,511.458505,511.458505,511.458505
1494,20000,16,0.766863,,0.766863,0.766863,0.766863,491.882,491.882,491.882,511.458505,511.458505,511.458505
1495,20000,16,0.766863,,0.766863,0.766863,0.766863,491.882,491.882,491.882,511.458505,511.458505,511.458505
1496,20000,16,0.766863,,0.766863,0.766863,0.766863,491.882,491.882,491.882,511.458505,511.458505,511.458505
1497,20000,16,0.766863,,0.766863,0.766863,0.766863,491.882,491.882,491.882,511.458505,511.458505,511.458505
1498,20000,16,0.766863,,0.766863,0.766863,0.766863,491.882,491.882,491.882,511.458505,511.458505,511.458505
1499,20000,16,0.766863,,0.766863,0.766863,0.766863,491.882,491.882,491.882,511.458505,511.458505,511.458505
1500,20000,16,0.766863,,0.766863,0.766863,0.766863,491.882,491.882,491.882,511.458505,511.458505,511.458505
1501,20000,16,0.766863,,0.766863,0.766863,0.766863,491.882,491.882,491.882,511.458505,511.458505,511.458505
1502,20000,16,0.766863,,0.766863,0.766863,0.766863,491.882,491.882,491.882,511.458505,511.458505,511.458505
1503,20000,16,0.766863,,0.766863,0.766863,0.766863,491.882,491.882,491.882,511.458505,511.458505,511.458505
1504,20000,16,0.766863,,0.766863,0.766863,0.766863,491.882,491.882,491.882,511.458505,511.458505,511.458505
1505,20000,16,0.766863,,0.766863,0.766863,0.766863,491.882,491.882,491.882,511.458505,511.458505,511.458505
1506,20000,16,0.766863,,0.766863,0.766863,0.766863,491.882,491.882,491.882,511.458505,511.458505,511.458505
1507,20000,16,0.766863,,0.766863,0.766863,0.766863,491.882,491.882,491.882,511.458505,511.458505,511.458505
1508,20000,16,0.766863,,0.766863,0.766863,0.766863,491.882,491.882,491.882,511.458505,511.458505,511.458505
1509,20000,16,0.766863,,0.766863,0.766863,0.766863,491.882,491.882,491.882,511.458505,511.458505,511.458505
1510,20000,16,0.766863,,0.766863,0.766863,0.766863,491.882,491.882,491.882,511.458505,511.458505,511.458505
1511,20000,16,0.766863,,0.766863,0.766863,0.766863,491.882,491.882,491.882,511.458505,511.458505,511.458505
1512,20000,16,0.766863,,0.766863,0.766863,0.766863,491.882,491.882,491.882,511.458505,511.458505,511.458505
1513,20000,16,0.766863,,0.766863,0.766863,0.766863,491.882,491.882,491.882,511.458505,511.458505,511.458505
1514,20000,16,0.766863,,0.766863,0.766863,0.766863,491.882,491.882,491.882,511.458505,511.458505,511.458505
1515,20000,16,0.766863,,0.766863,0.766863,0.766863,491.882,491.882,491.882,511.458505,511.458505,511.458505
1516,20000,16,0.766863,,0.766863,0.766863,0.766863,491.882,491.882,491.882,511.458505,511.458505,511.458505
1517,20000,16,0.766863,,0.766863,0.766863,0.766863,491.882,491.882,491.882,511.458505,511.458505,511.458505
1518,20000,16,0.766863,,0.766863,0.766863,0.766863,491.882,491.882,491.882,511.458505,511.458505,511.458505
1519,20000,16,0.766863,,0.766863,0.766863,0.766863,491.882,491.882,491.882,511.458505,511.458505,511.458505
1520,20000,16,0.766863,,0.766863,0.766863,0.766863,491.882,491.882,491.882,511.458505,511.458505,511.458505
1521,20000,16,0.766863,,0.766863,0.766863,0.766863,491.882,491.882,491.882,511.458505,511.458505,511.458505
1522,20000,16,0.766863,,0.766863,0.766863,0.766863,491.882,491.882,491.882,511.458505,511.458505,511.458505
1523,20000,16,0.766863,,0.766863,0.766863,0.766863,491.882,491.882,491.882,511.458505,511.458505,511.458505
1524,20000,16,0.766863,,0.766863,0.766863,0.766863,491.882,491.882,491.882,511.458505,511.458505,511.458505
1525,20000,16,0.766863,,0.766863,0.766863,0.766863,491.882,491.882,491.882,511.458505,511.458505,511.458505
1526,20000,16,0.766863,,0.766863,0.766863,0.766863,491.882,491.882,491.882,511.458505,511.458505,511.458505
1527,20000,16,0.766863,,0.766863,0.766863,0.766863,491.882,491.882,491.882,511.458505,511.458505,511.458505
1528,20000,16,0.766863,,0.766863,0.766863,0.766863,491.882,491.882,491.882,511.458505,511.458505,511.458505
1529,20000,16,0.766863,,0.766863,0.766863,0.766863,491.882,491.882,491.882,511.458505,511.458505,511.458505
1530,20000,16,0.766863,,0.766863,0.766863,0.766863,491.882,491.882,491.882,511.458505,511.458505,511.458505
1531,20000,16,0.766863,,0.766863,0.766863,0.766863,491.882,491.882,491.882,511.458505,511.458505,511.458505
1532,20000,16,0.766863,,0.766863,0.766863,0.766863,491.882,491.882,491.882,511.458505,511.458505,511.458505
1533,20000,16,0.766863,,0.766863,0.766863,0.766863,491.882,491.882,491.882,511.458505,511.458505,511.458505
1534,20000,16,0.766863,,0.766863,0.766863,0.766863,491.882,491.882,491.882,511.458505,511.458505,511.458505
1535,20000,16,0.766863,,0.766863,0.766863,0.766863,491.882,491.882,491.882,511.458505,511.458505,511.458505
1536,20000,16,0.766863,,0.766863,0.766863,0.766863,491.882,491.882,491.882,511.458505,511.458505,511.458505
1537,20000,16,0.766863,,0.766863,0.766863,0.766863,491.882,491.882,491.882,511.458505,511.458505,511.458505
1538,20000,16,0.766863,,0.766863,0.766863,0.766863,491.882,491.882,491.882,511.458505,511.458505,511.458505
1539,20000,16,0.766863,,0.766863,0.766863,0.766863,491.882,491.882,491.882,511.458505,511.458505,511.458505
1540,20000,16,0.766863,,0.766863,0.766863,0.766863,491.882,491.882,491.882,511.458505,511.458505,511.458505
1541,20000,16,0.766863,,0.766863,0.766863,0.766863,491.882,491.882,491.882,511.458505,511.458505,511.458505
1542,20000,16,0.766863,,0.766863,0.766863,0.766863,491.882,491.882,491.882,511.458505,511.458505,511.458505
1543,20000,16,0.766863,,0.766863,0.766863,0.766863,491.882,491.882,491.882,511.458505,511.458505,511.458505
1544,20000,16,0.766863,,0.766863,0.766863,0.766863,491.882,491.882,491.882,511.458505,511.458505,511.458505
1545,20000,16,0.766863,,0.766863,0.766863,0.766863,491.882,491.882,491.882,511.458505,511.458505,511.458505
1546,20000,16,0.766863,,0.766863,0.766863,0.766863,491.882,491.882,491.882,511.458505,511.458505,511.458505
1547,20000,16,0.766863,,0.766863,0.766863,0.766863,491.882,491.882,491.882,511.458505,511.458505,511.458505
1548,20000,16,0.766863,,0.766863,0.766863,0.766863,491.882,491.882,491.882,511.458505,511.458505,511.458505
1549,20000,16,0.766863,,0.766863,0.766863,0.766863,491.882,491.882,491.882,511.458505,511.458505,511.458505
1550,20000,16,0.766863,,0.766863,0.766863,0.766863,491.882,491.882,491.882,511.458505,511.458505,511.458505
1551,20000,16,0.766863,,0.766863,0.766863,0.766863,491.882,491.882,491.882,511.458505,511.458505,511.458505
1552,20000,16,0.766863,,0.766863,0.766863,0.766863,491.882,491.882,491.882,511.458505,511.458505,511.458505
1553,20000,16,0.766863,,0.766863,0.766863,0.766863,491.882,491.882,491.882,511.458505,511.458505,511.458505
1554,20000,16,0.766863,,0.766863,0.766863,0.766863,491.882,491.882,491.882,511.458505,511.458505,511.458505
1555,20000,16,0.766863,,0.766863,0.766863,0.766863,491.882,491.882,491.882,511.458505,511.458505,511.458505
1556,20000,16,0.766863,,0.766863,0.766863,0.766863,491.882,491.882,491.882,511.458505,511.458505,511.458505
1557,20000,16,0.766863,,0.766863,0.766863,0.766863,491.882,491.882,491.882,511.458505,511.458505,511.458505
1558,20000,16,0.766863,,0.766863,0.766863,0.766863,491.882,491.882,491.882,511.458505,511.458505,511.458505
1559,20000,16,0.766863,,0.766863,0.766863,0.766863,491.882,491.882,491.882,511.458505,511.458505,511.458505
1560,20000,16,0.766863,,0.766863,0.766863,0.766863,491.882,491.882,491.882,511.458505,511.458505,511.458505
1561,20000,16,0.766863,,0.766863,0.766863,0.766863,491.882,491.882,491.882,511.458505,511.458505,511.458505
1562,20000,16,0.766863,,0.766863,0.766863,0.766863,491.882,491.882,491.882,511.458505,511.458505,511.458505
1563,20000,16,0.766863,,0.766863,0.766863,0.766863,491.882,491.882,491.882,511.458505,511.458505,511.458505
1564,20000,16,0.766863,,0.766863,0.766863,0.766863,491.882,491.882,491.882,511.458505,511.458505,511.458505
1565,20000,16,0.766863,,0.766863,0.766863,0.766863,491.882,491.882,491.882,511.458505,511.458505,511.458505
1566,20000,16,0.766863,,0.766863,0.766863,0.766863,491.882,491.882,491.882,511.458505,511.458505,511.458505
1567,20000,16,0.766863,,0.766863,0.766863,0.766863,491.882,491.882,491.882,511.458505,511.458505,511.458505
1568,20000,16,0.766863,,0.766863,0.766863,0.766863,491.882,491.882,491.882,511.458505,511.458505,511.458505
1569,20000,16,0.766863,,0.766863,0.766863,0.766863,491.882,491.882,491.882,511.458505,511.458505,511.458505
1570,20000,16,0.766863,,0.766863,0.766863,0.766863,491.882,491.882,491.882,511.458505,511.458505,511.458505
1571,20000,16,0.766863,,0.766863,0.766863,0.766863,491.882,491.882,491.882,511.458505,511.458505,511.458505
1572,20000,16,0.766863,,0.766863,0.766863,0.766863,491.882,491.882,491.882,511.458505,511.458505,511.458505
1573,20000,16,0.766863,,0.766863,0.766863,0.766863,491.882,491.882,491.882,511.458505,511.458505,511.458505
1574,20000,16,0.766863,,0.766863,0.766863,0.766863,491.882,491.882,491.882,511.458505,511.458505,511.458505
1575,20000,16,0.766863,,0.766863,0.766863,0.766863,491.882,491.882,491.882,511.458505,511.458505,511.458505
1576,20000,16,0.766863,,0.766863,0.766863,0.766863,491.882,491.882,491.882,511.458505,511.458505,511.458505
1577,20000,16,0.766863,,0.766863,0.766863,0.766863,491.882,491.882,491.882,511.458505,511.458505,511.458505
1578,20000,16,0.766863,,0.766863,0.766863,0.766863,491.882,491.882,491.882,511.458505,511.458505,511.458505
1579,20000,16,0.766863,,0.766863,0.766863,0.766863,491.882,491.882,491.882,511.458505,511.458505,511.458505
1580,20000,16,0.766863,,0.766863,0.766863,0.766863,491.882,491.882,491.882,511.458505,511.458505,511.458505
1581,20000,16,0.766863,,0.766863,0.766863,0.766863,491.882,491.882,491.882,511.458505,511.458505,511.458505
1582,20000,16,0.766863,,0.766863,0.766863,0.766863,491.882,491.882,491.882,511.458505,511.458505,511.458505
1583,20000,16,0.766863,,0.766863,0.766863,0.766863,491.882,491.882,491.882,511.458505,511.458505,511.458505
1584,20000,16,0.766863,,0.766863,0.766863,0.766863,491.882,491.882,491.882,511.458505,511.458505,511.458505
1585,20000,16,0.766863,,0.766863,0.766863,0.766863,491.882,491.882,491.882,511.458505,511.458505,511.458505
1586,20000,16,0.766863,,0.766863,0.766863,0.766863,491.882,491.882,491.882,511.458505,511.458505,511.458505
1587,20000,16,0.766863,,0.766863,0.766863,0.766863,491.882,491.882,491.882,511.458505,511.458505,511.458505
1588,20000,16,0.766863,,0.766863,0.766863,0.766863,491.882,491.882,491.882,511.458505,511.458505,511.458505
1589,20000,16,0.766863,,0.766863,0.766863,0.766863,491.882,491.882,491.882,511.458505,511.458505,511.458505
1590,20000,16,0.766863,,0.766863,0.766863,0.766863,491.882,491.882,491.882,511.458505,511.458505,511.458505
1591,20000,16,0.766863,,0.766863,0.766863,0.766863,491.882,491.882,491.882,511.458505,511.458505,511.458505
1592,20000,16,0.766863,,0.766863,0.766863,0.766863,491.882,491.882,491.882,511.458505,511.458505,511.458505
1593,20000,16,0.766863,,0.766863,0.766863,0.766863,491.882,491.882,491.882,511.458505,511.458505,511.458505
1594,20000,16,0.766863,,0.766863,0.766863,0.766863,491.882,491.882,491.882,511.458505,511.458505,511.458505
1595,20000,16,0.766863,,0.766863,0.766863,0.766863,491.882,491.882,491.882,511.458505,511.458505,511.458505
1596,20000,16,0.766863,,0.766863,0.766863,0.766863,491.882,491.882,491.882,511.458505,511.458505,511.458505
1597,20000,16,0.766863,,0.766863,0.766863,0.766863,491.882,491.882,491.882,511.458505,511.458505,511.458505
1598,20000,16,0.766863,,0.766863,0.766863,0.766863,491.882,491.882,491.882,511.458505,511.458505,511.458505
1599,20000,16,0.766863,,0.766863,0.766863,0.766863,491.882,491.882,491.882,511.458505,511.458505,511.458505
1600,20000,16,0.766863,,0.766863,0.766863,0.766863,491.882,491.882,491.882,511.458505,511.458505,511.458505
1601,20000,16,0.766863,,0.766863,0.766863,0.766863,491.882,491.882,491.882,511.458505,511.458505,511.458505
1602,20000,16,0.766863,,0.766863,0.766863,0.766863,491.882,491.882,491.882,511.458505,511.458505,511.458505
1603,20000,16,0.766863,,0.766863,0.766863,0.766863,491.882,491.882,491.882,511.458505,511.458505,511.458505
1604,20000,16,0.766863,,0.766863,0.766863,0.766863,491.882,491.882,491.882,511.458505,511.458505,511.458505
1605,20000,16,0.766863,,0.766863,0.766863,0.766863,491.882,491.882,491.882,511.458505,511.458505,511.458505
1606,20000,16,0.766863,,0.766863,0.766863,0.766863,491.882,491.882,491.882,511.458505,511.458505,511.458505
1607,20000,16,0.766863,,0.766863,0.766863,0.766863,491.882,491.882,491.882,511.458505,511.458505,511.458505
1608,20000,16,0.766863,,0.766863,0.766863,0.766863,491.882,491.882,491.882,511.458505,511.458505,511.458505
1609,20000,16,0.766863,,0.766863,0.766863,0.766863,491.882,491.882,491.882,511.458505,511.458505,511.458505
1610,20000,16,0.766863,,0.766863,0.766863,0.766863,491.882,491.882,491.882,511.458505,511.458505,511.458505
1611,20000,16,0.766863,,0.766863,0.766863,0.766863,491.882,491.882,491.882,511.458505,511.458505,511.458505
1612,20000,16,0.766863,,0.766863,0.766863,0.766863,491.882,491.882,491.882,511.458505,511.458505,511.458505
1613,20000,16,0.766863,,0.766863,0.766863,0.766863,491.882,491.882,491.882,511.458505,511.458505,511.458505
1614,20000,16,0.766863,,0.766863,0.766863,0.766863,491.882,491.882,491.882,511.458505,511.458505,511.458505
1615,20000,16,0.766863,,0.766863,0.766863,0.766863,491.882,491.882,491.882,511.458505,511.458505,511.458505
1616,20000,16,0.766863,,0.766863,0.766863,0.766863,491.882,491.882,491.882,511.458505,511.458505,511.458505
1617,20000,16,0.766863,,0.766863,0.766863,0.766863,491.882,491.882,491.882,511.458505,511.458505,511.458505
1618,20000,16,0.766863,,0.766863,0.766863,0.766863,491.882,491.882,491.882,511.458505,511.458505,511.458505
1619,20000,16,0.766863,,0.766863,0.766863,0.766863,491.882,491.882,491.882,511.458505,511.458505,511.458505
1620,20000,16,0.766863,,0.766863,0.766863,0.766863,491.882,491.882,491.882,511.458505,511.458505,511.458505
1621,20000,16,0.766863,,0.766863,0.766863,0.766863,491.882,491.882,491.882,511.458505,511.458505,511.458505
1622,20000,16,0.766863,,0.766863,0.766863,0.766863,491.882,491.882,491.882,511.458505,511.458505,511.458505
1623,20000,16,0.766863,,0.766863,0.766863,0.766863,491.882,491.882,491.882,511.458505,511.458505,511.458505
1624,20000,16,0.766863,,0.766863,0.766863,0.766863,491.882,491.882,491.882,511.458505,511.458505,511.458505
1625,20000,16,0.766863,,0.766863,0.766863,0.766863,491.882,491.882,491.882,511.458505,511.458505,511.458505
1626,20000,16,0.766863,,0.766863,0.766863,0.766863,491.882,491.882,491.882,511.458505,511.458505,511.458505
1627,20000,16,0.766863,,0.766863,0.766863,0.766863,491.882,491.882,491.882,511.458505,511.458505,511.458505
1628,20000,16,0.766863,,0.766863,0.766863,0.766863,491.882,491.882,491.882,511.458505,511.458505,511.458505
1629,20000,16,0.766863,,0.766863,0.766863,0.766863,491.882,491.882,491.882,511.458505,511.458505,511.458505
1630,20000,16,0.766863,,0.766863,0.766863,0.766863,491.882,491.882,491.882,511.458505,511.458505,511.458505
1631,20000,16,0.766863,,0.766863,0.766863,0.766863,491.882,491.882,491.882,511.458505,511.458505,511.458505
1632,20000,16,0.766863,,0.766863,0.766863,0.766863,491.882,491.882,491.882,511.458505,511.458505,511.458505
1633,20000,16,0.766863,,0.766863,0.766863,0.766863,491.882,491.882,491.882,511.458505,511.458505,511.458505
1634,20000,16,0.766863,,0.766863,0.766863,0.766863,491.882,491.882,491.882,511.458505,511.458505,511.458505
1635,20000,16,0.766863,,0.766863,0.766863,0.766863,491.882,491.882,491.882,511.458505,511.458505,511.458505
1636,20000,16,0.766863,,0.766863,0.766863,0.766863,491.882,491.882,491.882,511.458505,511.458505,511.458505
1637,20000,16,0.766863,,0.766863,0.766863,0.766863,491.882,491.882,491.882,511.458505,511.458505,511.458505
1638,20000,16,0.766863,,0.766863,0.766863,0.766863,491.882,491.882,491.882,511.458505,511.458505,511.458505
1639,20000,16,0.766863,,0.766863,0.766863,0.766863,491.882,491.882,491.882,511.458505,511.458505,511.458505
1640,20000,16,0.766863,,0.766863,0.766863,0.766863,491.882,491.882,491.882,511.458505,511.458505,511.458505
1641,20000,16,0.766863,,0.766863,0.766863,0.766863,491.882,491.882,491.882,511.458505,511.458505,511.458505
1642,20000,16,0.766863,,0.766863,0.766863,0.766863,491.882,491.882,491.882,511.458505,511.458505,511.458505
1643,20000,16,0.766863,,0.766863,0.766863,0.766863,491.882,491.882,491.882,511.458505,511.458505,511.458505
1644,20000,16,0.766863,,0.766863,0.766863,0.766863,491.882,491.882,491.882,511.458505,511.458505,511.458505
1645,20000,16,0.766863,,0.766863,0.766863,0.766863,491.882,491.882,491.882,511.458505,511.458505,511.458505
1646,20000,16,0.766863,,0.766863,0.766863,0.766863,491.882,491.882,491.882,511.458505,511.458505,511.458505
1647,20000,16,0.766863,,0.766863,0.766863,0.766863,491.882,491.882,491.882,511.458505,511.458505,511.458505
1648,20000,16,0.766863,,0.766863,0.766863,0.766863,491.882,491.882,491.882,511.458505,511.458505,511.458505
1649,20000,16,0.766863,,0.766863,0.766863,0.766863,491.882,491.882,491.882,511.458505,511.458505,511.458505
1650,20000,16,0.766863,,0.766863,0.766863,0.766863,491.882,491.882,491.882,511.458505,511.458505,511.458505
1651,20000,16,0.766863,,0.766863,0.766863,0.766863,491.882,491.882,491.882,511.458505,511.458505,511.458505
1652,20000,16,0.766863,,0.766863,0.766863,0.766863,491.882,491.882,491.882,511.458505,511.458505,511.458505
1653,20000,16,0.766863,,0.766863,0.766863,0.766863,491.882,491.882,491.882,511.458505,511.458505,511.458505
1654,20000,16,0.766863,,0.766863,0.766863,0.766863,491.882,491.882,491.882,511.458505,511.458505,511.458505
1655,20000,16,0.766863,,0.766863,0.766863,0.766863,491.882,491.882,491.882,511.458505,511.458505,511.458505
1656,20000,16,0.766863,,0.766863,0.766863,0.766863,491.882,491.882,491.882,511.458505,511.458505,511.458505
1657,20000,16,0.766863,,0.766863,0.766863,0.766863,491.882,491.882,491.882,511.458505,511.458505,511.458505
1658,20000,16,0.766863,,0.766863,0.766863,0.766863,491.882,491.882,491.882,511.458505,511.458505,511.458505
1659,20000,16,0.766863,,0.766863,0.766863,0.766863,491.882,491.882,491.882,511.458505,511.458505,511.458505
1660,20000,16,0.766863,,0.766863,0.766863,0.766863,491.882,491.882,491.882,511.458505,511.458505,511.458505
1661,20000,16,0.766863,,0.766863,0.766863,0.766863,491.882,491.882,491.882,511.458505,511.458505,511.458505
1662,20000,16,0.766863,,0.766863,0.766863,0.766863,491.882,491.882,491.882,511.458505,511.458505,511.458505
1663,20000,16,0.766863,,0.766863,0.766863,0.766863,491.882,491.882,491.882,511.458505,511.458505,511.458505
1664,20000,16,0.766863,,0.766863,0.766863,0.766863,491.882,491.882,491.882,511.458505,511.458505,511.458505
1665,20000,16,0.766863,,0.766863,0.766863,0.766863,491.882,491.882,491.882,511.458505,511.458505,511.458505
1666,20000,16,0.766863,,0.766863,0.766863,0.766863,491.882,491.882,491.882,511.458505,511.458505,511.458505
1667,20000,16,0.766863,,0.766863,0.766863,0.766863,491.882,491.882,491.882,511.458505,511.458505,511.458505
1668,20000,16,0.766863,,0.766863,0.766863,0.766863,491.882,491.882,491.882,511.458505,511.458505,511.458505
1669,20000,16,0.766863,,0.766863,0.766863,0.766863,491.882,491.882,491.882,511.458505,511.458505,511.458505
1670,20000,16,0.766863,,0.766863,0.766863,0.766863,491.882,491.882,491.882,511.458505,511.458505,511.458505
1671,20000,16,0.766863,,0.766863,0.766863,0.766863,491.882,491.882,491.882,511.458505,511.458505,511.458505
1672,20000,16,0.766863,,0.766863,0.766863,0.766863,491.882,491.882,491.882,511.458505,511.458505,511.458505
1673,20000,16,0.766863,,0.766863,0.766863,0.766863,491.882,491.882,491.882,511.458505,511.458505,511.458505
1674,20000,16,0.766863,,0.766863,0.766863,0.766863,491.882,491.882,491.882,511.458505,511.458505,511.458505
1675,20000,16,0.766863,,0.766863,0.766863,0.766863,491.882,491.882,491.882,511.458505,511.458505,511.458505
1676,20000,16,0.766863,,0.766863,0.766863,0.766863,491.882,491.882,491.882,511.458505,511.458505,511.458505
1677,20000,16,0.766863,,0.766863,0.766863,0.766863,491.882,491.882,491.882,511.458505,511.458505,511.458505
1678,20000,16,0.766863,,0.766863,0.766863,0.766863,491.882,491.882,491.882,511.458505,511.458505,511.458505
1679,20000,16,0.766863,,0.766863,0.766863,0.766863,491.882,491.882,491.882,511.458505,511.458505,511.458505
1680,20000,16,0.766863,,0.766863,0.766863,0.766863,491.882,491.882,491.882,511.458505,511.458505,511.458505
1681,20000,16,0.766863,,0.766863,0.766863,0.766863,491.882,491.882,491.882,511.458505,511.458505,511.458505
1682,20000,16,0.766863,,0.766863,0.766863,0.766863,491.882,491.882,491.882,511.458505,511.458505,511.458505
1683,20000,16,0.766863,,0.766863,0.766863,0.766863,491.882,491.882,491.882,511.458505,511.458505,511.458505
1684,20000,16,0.766863,,0.766863,0.766863,0.766863,491.882,491.882,491.882,511.458505,511.458505,511.458505
1685,20000,16,0.766863,,0.766863,0.766863,0.766863,491.882,491.882,491.882,511.458505,511.458505,511.458505
1686,20000,16,0.766863,,0.766863,0.766863,0.766863,491.882,491.882,491.882,511.458505,511.458505,511.458505
1687,20000,16,0.766863,,0.766863,0.766863,0.766863,491.882,491.882,491.882,511.458505,511.458505,511.458505
1688,20000,16,0.766863,,0.766863,0.766863,0.766863,491.882,491.882,491.882,511.458505,511.458505,511.458505
1689,20000,16,0.766863,,0.766863,0.766863,0.766863,491.882,491.882,491.882,511.458505,511.458505,511.458505
1690,20000,16,0.766863,,0.766863,0.766863,0.766863,491.882,491.882,491.882,511.458505,511.458505,511.458505
1691,20000,16,0.766863,,0.766863,0.766863,0.766863,491.882,491.882,491.882,511.458505,511.458505,511.458505
1692,20000,16,0.766863,,0.766863,0.766863,0.766863,491.882,491.882,491.882,511.458505,511.458505,511.458505
1693,20000,16,0.766863,,0.766863,0.766863,0.766863,491.882,491.882,491.882,511.458505,511.458505,511.458505
1694,20000,16,0.766863,,0.766863,0.766863,0.766863,491.882,491.882,491.882,511.458505,511.458505,511.458505
1695,20000,16,0.766863,,0.766863,0.766863,0.766863,491.882,491.882,491.882,511.458505,511.458505,511.458505
1696,20000,16,0.766863,,0.766863,0.766863,0.766863,491.882,491.882,491.882,511.458505,511.458505,511.458505
1697,20000,16,0.766863,,0.766863,0.766863,0.766863,491.882,491.882,491.882,511.458505,511.458505,511.458505
1698,20000,16,0.766863,,0.766863,0.766863,0.766863,491.882,491.882,491.882,511.458505,511.458505,511.458505
1699,20000,16,0.766863,,0.766863,0.766863,0.766863,491.882,491.882,491.882,511.458505,511.458505,511.458505
