gen,seed,threads,best_global,picos,fit_best,fit_worst,fit_mean,green_best,green_worst,green_mean,emis_best,emis_worst,emis_mean
0,20000,32,0.502328,,0.502328,0.363053,0.427239,327.3711,246.5427,282.301353,607.556675,662.027518,635.924757
1,20000,32,0.510408,,0.510408,0.389043,0.439462,331.6672,256.4645,289.231618,604.13274,652.185586,631.034762
2,20000,32,0.510408,,0.510408,0.390936,0.449295,331.6672,255.088,294.379785,604.13274,647.962708,626.814391
3,20000,32,0.510408,,0.510408,0.394612,0.458304,331.6672,262.2886,299.810808,604.13274,647.962708,623.42719
4,20000,32,0.515854,,0.515854,0.408922,0.46848,334.5052,271.1155,305.669302,597.878606,642.716517,619.415761
5,20000,32,0.515854,,0.515854,0.427467,0.476389,334.5052,282.7967,310.544222,597.878606,640.42942,616.513282
6,20000,32,0.515854,,0.515854,0.436108,0.482541,334.5052,282.7967,313.578785,596.722772,634.389012,613.748305
7,20000,32,0.525384,,0.525384,0.447463,0.488424,335.0899,289.9286,317.110694,594.74525,630.028269,611.526134
8,20000,32,0.525384,,0.525384,0.447463,0.493089,335.0899,292.24,320.081513,594.74525,630.028269,609.877958
9,20000,32,0.525384,,0.525384,0.457167,0.498635,337.2319,297.0641,323.56246,593.763769,623.654661,607.884828
10,20000,32,0.525384,,0.525384,0.463624,0.503375,337.2319,300.1577,326.523811,593.763769,621.612358,606.171898
11,20000,32,0.533562,,0.533562,0.477456,0.507052,341.2152,309.5859,328.606917,591.488552,619.592447,604.699917
12,20000,32,0.536005,,0.536005,0.485817,0.511424,345.4583,315.2547,331.316845,591.488552,617.215488,603.10546
13,20000,32,0.536005,,0.536005,0.4895,0.515168,345.4583,317.9049,333.060578,591.488552,617.215488,601.353631
14,20000,32,0.544287,,0.544287,0.494084,0.518151,353.1664,317.9049,334.656807,590.637653,615.903593,600.096641
15,20000,32,0.544287,,0.544287,0.496696,0.521332,353.1664,318.8994,336.293403,589.326586,613.839956,598.712256
16,20000,32,0.544287,,0.544287,0.496696,0.524766,353.1664,325.8234,338.241331,589.214441,613.839956,597.338778
17,20000,32,0.546308,,0.546308,0.496696,0.528693,353.1664,330.1928,340.795714,588.95342,613.839956,595.987597
18,20000,32,0.556327,,0.556327,0.505556,0.532655,360.23,331.4867,343.286033,587.455939,608.900509,594.56629
19,20000,32,0.557656,,0.557656,0.511588,0.535782,363.8565,331.4867,345.111433,587.455939,606.564913,593.350221
20,20000,32,0.557656,,0.557656,0.519598,0.53963,363.8565,335.2312,347.656639,585.141798,600.96869,592.054477
21,20000,32,0.572536,,0.572536,0.52239,0.543688,372.2246,335.2312,350.539751,581.455397,597.754547,590.82118
22,20000,32,0.572536,,0.572536,0.525667,0.547114,372.2246,337.1573,352.722325,580.34869,596.304439,589.611481
23,20000,32,0.572536,,0.572536,0.525667,0.549808,372.2246,337.1573,354.172092,580.34869,595.910267,588.481765
24,20000,32,0.577925,,0.577925,0.534732,0.553306,372.8026,340.9759,356.379153,578.130912,594.438516,587.232333
25,20000,32,0.577925,,0.577925,0.544624,0.556286,372.8026,348.9946,358.18577,578.130912,592.40955,586.118351
26,20000,32,0.577925,,0.577925,0.544626,0.559213,374.1139,350.3764,360.166109,578.130912,590.940705,585.162343
27,20000,32,0.581113,,0.581113,0.544626,0.561759,376.6441,351.2305,361.64315,578.130912,590.940705,584.166268
28,20000,32,0.581113,,0.581113,0.548269,0.56549,376.6441,351.2305,363.916302,576.937911,587.804076,582.779566
29,20000,32,0.585859,,0.585859,0.548269,0.568365,378.7854,351.3702,365.645912,576.855307,587.804076,581.695654
30,20000,32,0.585859,,0.585859,0.548934,0.570867,378.7854,351.6511,367.183642,576.014527,587.474243,580.77498
31,20000,32,0.588226,,0.588226,0.548934,0.573417,379.8124,351.6511,368.700061,575.263433,587.474243,579.801437
32,20000,32,0.590975,,0.590975,0.56111,0.575627,382.9279,360.999,370.102352,575.263433,584.240794,579.017987
33,20000,32,0.597556,,0.597556,0.5654,0.577451,387.367,361.3042,371.361538,573.481882,582.671572,578.438632
34,20000,32,0.597556,,0.597556,0.5654,0.579427,387.367,362.6258,372.773477,572.746624,582.332578,577.843419
35,20000,32,0.597556,,0.597556,0.568741,0.58105,387.367,365.0951,373.910406,572.746624,582.332578,577.339453
36,20000,32,0.606686,,0.606686,0.572175,0.582707,391.3281,365.5737,374.986638,569.014828,580.386374,576.768581
37,20000,32,0.606686,,0.606686,0.572897,0.58418,391.3281,367.2164,375.924869,569.014828,579.971585,576.247974
38,20000,32,0.612469,,0.612469,0.575262,0.586155,394.4552,367.3819,377.38737,566.599705,579.608542,575.687377
39,20000,32,0.612469,,0.612469,0.577024,0.587645,394.4552,370.0861,378.701314,566.599705,580.53949,575.405662
40,20000,32,0.612469,,0.612469,0.578566,0.589327,394.4552,370.0861,379.797947,566.599705,580.53949,574.828632
41,20000,32,0.612469,,0.612469,0.578566,0.590888,394.4552,371.5195,381.05244,566.599705,580.083017,574.452011
42,20000,32,0.612469,,0.612469,0.580001,0.592723,394.4552,372.0308,382.010913,566.599705,577.941148,573.662768
43,20000,32,0.612469,,0.612469,0.580001,0.594974,394.4552,372.3034,383.457286,566.599705,577.434276,572.876569
44,20000,32,0.613523,,0.613523,0.580001,0.597755,395.8053,372.6914,385.293134,566.599705,577.434276,571.937087
45,20000,32,0.614487,,0.614487,0.583123,0.600448,395.8121,372.7052,386.834516,565.895863,577.434276,570.86964
46,20000,32,0.616023,,0.616023,0.584236,0.602392,396.9594,373.7467,388.16312,565.505796,577.019652,570.243839
47,20000,32,0.616023,,0.616023,0.584236,0.604102,397.2726,373.7467,389.099029,565.505796,576.075674,569.537032
48,20000,32,0.616023,,0.616023,0.585837,0.605882,396.9594,374.2163,390.221926,565.505796,576.075674,568.900686
49,20000,32,0.617416,,0.617416,0.585837,0.607063,397.7851,375.3033,391.146707,564.49476,574.538835,568.599256
50,20000,32,0.617416,,0.617416,0.596785,0.608244,398.0814,382.9994,392.009351,564.49476,572.953985,568.256472
51,20000,32,0.617851,,0.617851,0.596785,0.609468,398.0814,383.4285,392.66486,563.832185,571.986319,567.741053
52,20000,32,0.621188,,0.621188,0.60007,0.61076,400.4366,383.6153,393.555081,563.807261,570.720066,567.329312
53,20000,32,0.621589,,0.621589,0.601445,0.612162,401.2085,386.649,394.595461,563.469562,570.814446,566.932964
54,20000,32,0.622211,,0.622211,0.603435,0.613532,401.4747,387.8886,395.516013,562.725571,570.814446,566.481492
55,20000,32,0.623757,,0.623757,0.603764,0.614563,402.4166,387.8886,396.17152,562.725571,570.720066,566.116477
56,20000,32,0.623757,,0.623757,0.604414,0.615606,402.4166,388.037,396.82815,562.725571,569.945444,565.743285
57,20000,32,0.624251,,0.624251,0.605314,0.617056,404.1037,389.3168,397.738746,561.823477,569.560222,565.222461
58,20000,32,0.626399,,0.626399,0.606513,0.618473,407.1417,391.9399,398.709353,560.841277,569.560222,564.767639
59,20000,32,0.626399,,0.626399,0.606973,0.619483,407.1417,391.9399,399.498339,560.841277,569.201133,564.508206
60,20000,32,0.627398,,0.627398,0.60778,0.620507,407.1417,392.1644,400.164178,560.841277,568.669136,564.15598
61,20000,32,0.628472,,0.628472,0.609911,0.62149,407.1417,395.2344,400.775289,560.495782,569.117011,563.798406
62,20000,32,0.628472,,0.628472,0.614408,0.622466,407.1417,396.5541,401.45095,560.495782,567.834088,563.489766
63,20000,32,0.628472,,0.628472,0.617357,0.623262,407.1417,396.5541,401.779341,560.495782,565.562439,563.089528
64,20000,32,0.628472,,0.628472,0.617357,0.624197,406.6736,397.223,402.474639,560.538461,565.43145,562.825947
65,20000,32,0.630548,,0.630548,0.617357,0.625119,408.2319,397.223,403.063558,560.538461,565.43145,562.501297
66,20000,32,0.631052,,0.631052,0.619207,0.625812,408.2319,398.9685,403.693482,560.538461,565.206722,562.38254
67,20000,32,0.631052,,0.631052,0.620749,0.62664,408.2319,399.2871,404.26155,560.030625,564.293599,562.117759
68,20000,32,0.631052,,0.631052,0.621294,0.627258,408.6959,399.2871,404.766802,558.837836,564.215053,561.973906
69,20000,32,0.631052,,0.631052,0.622284,0.627923,409.3284,399.2871,405.270609,558.837836,563.875425,561.793168
70,20000,32,0.631976,,0.631976,0.622284,0.628454,409.3284,399.2871,405.668212,558.837836,563.803639,561.645173
71,20000,32,0.63543,,0.63543,0.624877,0.629183,409.3284,402.2275,406.071581,557.755592,563.475333,561.347132
72,20000,32,0.63543,,0.63543,0.625782,0.629946,410.4896,402.2275,406.545229,557.755592,563.234936,561.069561
73,20000,32,0.638556,,0.638556,0.625782,0.630729,413.5991,402.5903,407.106428,557.755592,563.234936,560.834407
74,20000,32,0.639962,,0.639962,0.626637,0.631837,413.8777,403.3809,407.74354,557.755592,562.948059,560.397733
75,20000,32,0.639962,,0.639962,0.627772,0.632543,413.8777,403.3809,408.140036,557.570923,562.739923,560.112012
76,20000,32,0.639962,,0.639962,0.627772,0.633333,413.8777,403.5466,408.585519,557.093105,562.235306,559.794444
77,20000,32,0.639962,,0.639962,0.6299,0.634153,413.8777,403.8044,409.159187,557.093105,562.235306,559.53962
78,20000,32,0.640728,,0.640728,0.630019,0.635199,415.1368,404.3961,409.939184,556.50505,561.949156,559.246349
79,20000,32,0.642263,,0.642263,0.632131,0.636328,415.6184,406.6865,410.609049,556.50505,561.482886,558.814547
80,20000,32,0.642263,,0.642263,0.632355,0.637107,415.6184,406.6865,411.209181,556.50505,561.064952,558.608733
81,20000,32,0.643627,,0.643627,0.632355,0.638125,416.5696,407.984,411.983967,556.50505,560.328283,558.334026
82,20000,32,0.643627,,0.643627,0.635217,0.638715,416.8933,408.9268,412.391962,556.225722,559.699324,558.147318
83,20000,32,0.644134,,0.644134,0.635217,0.639494,416.8933,409.1284,412.817726,556.198012,559.656967,557.825169
84,20000,32,0.644749,,0.644749,0.635848,0.640181,418.8083,409.1284,413.296232,556.135817,559.656967,557.610185
85,20000,32,0.64736,,0.64736,0.635972,0.640722,418.8083,409.4079,413.656301,554.038088,559.656967,557.429582
86,20000,32,0.653099,,0.653099,0.635972,0.64137,419.3108,409.4079,414.122783,551.564402,559.656967,557.236282
87,20000,32,0.653099,,0.653099,0.636475,0.642305,419.3108,410.0792,414.656165,551.564402,559.816134,556.864414
88,20000,32,0.653099,,0.653099,0.63731,0.643269,420.8097,411.2111,415.118786,551.564402,559.816134,556.422652
89,20000,32,0.653099,,0.653099,0.637824,0.644465,420.8097,411.2111,415.783511,551.564402,559.281324,555.935293
90,20000,32,0.653099,,0.653099,0.637824,0.645283,421.5701,411.2111,416.162428,551.564402,559.281324,555.550902
91,20000,32,0.653099,,0.653099,0.638457,0.646219,421.5701,411.4633,416.56939,551.564402,559.281324,555.093782
92,20000,32,0.654034,,0.654034,0.639087,0.647321,423.5715,411.4633,417.18013,550.918911,557.517202,554.643346
93,20000,32,0.655365,,0.655365,0.641171,0.648578,423.5715,413.4128,418.041949,550.330177,556.916168,554.240624
94,20000,32,0.661093,,0.661093,0.644608,0.649872,423.5715,414.4365,418.922869,548.027041,556.501441,553.821389
95,20000,32,0.661093,,0.661093,0.644608,0.651539,424.9484,415.191,419.894108,548.027041,556.501441,553.172008
96,20000,32,0.664265,,0.664265,0.646399,0.65309,426.1455,416.2177,420.716921,547.434725,555.940667,552.513248
97,20000,32,0.664265,,0.664265,0.64752,0.654404,426.1455,417.2968,421.448268,547.434725,555.659428,551.978715
98,20000,32,0.664265,,0.664265,0.648373,0.655577,426.1455,417.1091,422.085624,547.199264,555.659428,551.490819
99,20000,32,0.664861,,0.664861,0.650992,0.656876,426.1455,417.1091,422.797553,546.368486,554.339743,550.954936
100,20000,32,0.664861,,0.664861,0.652169,0.657712,426.337,419.2087,423.312704,546.368486,554.339743,550.647946
101,20000,32,0.664861,,0.664861,0.652762,0.658468,426.337,419.2087,423.731986,546.368486,554.113004,550.338815
102,20000,32,0.668033,,0.668033,0.654056,0.659275,428.0566,419.2087,424.293031,545.77617,553.595683,550.085518
103,20000,32,0.668033,,0.668033,0.654072,0.66002,428.0566,419.9277,424.667507,545.77617,553.279567,549.755755
104,20000,32,0.668033,,0.668033,0.65411,0.660923,428.0566,419.9277,425.172448,545.663287,553.249456,549.389641
105,20000,32,0.668934,,0.668934,0.65411,0.661856,428.3328,423.0028,425.558004,544.208083,553.249456,548.919689
106,20000,32,0.670573,,0.670573,0.656418,0.662984,429.6962,423.225,426.084358,544.208083,552.544182,548.392692
107,20000,32,0.670869,,0.670869,0.658489,0.66444,431.1824,423.225,426.800479,544.208083,551.675711,547.737444
108,20000,32,0.672316,,0.672316,0.658795,0.665899,431.21,423.3367,427.54966,543.81426,551.353347,547.101492
109,20000,32,0.672834,,0.672834,0.659013,0.667291,432.7322,423.3367,428.229204,543.534112,550.902056,546.470603
110,20000,32,0.672834,,0.672834,0.663603,0.668399,432.7322,426.0659,428.723634,543.534112,549.055375,545.937809
111,20000,32,0.673452,,0.673452,0.663603,0.66932,433.1195,426.0659,429.236581,543.534112,549.055375,545.562933
112,20000,32,0.678255,,0.678255,0.663934,0.670329,435.2994,426.0659,429.798477,542.656749,547.698652,545.152822
113,20000,32,0.679574,,0.679574,0.665996,0.671069,435.2994,426.8006,430.17936,540.52538,547.698652,544.830993
114,20000,32,0.679574,,0.679574,0.667358,0.672089,435.8216,426.8006,430.926035,540.52538,547.168062,544.535638
115,20000,32,0.683203,,0.683203,0.66849,0.673351,437.1574,427.6861,431.546155,539.680785,546.371804,543.966418
116,20000,32,0.683203,,0.683203,0.66849,0.674563,437.4922,427.83,432.313889,539.680785,546.371804,543.535581
117,20000,32,0.683203,,0.683203,0.66849,0.675619,437.4922,427.83,432.971013,539.371342,546.371804,543.152451
118,20000,32,0.683377,,0.683377,0.670896,0.676673,437.4922,429.6627,433.662702,539.371342,546.16438,542.793506
119,20000,32,0.683809,,0.683809,0.671604,0.67738,437.4922,429.6627,434.116603,539.371342,546.16438,542.546606
120,20000,32,0.684357,,0.684357,0.672068,0.678177,438.9629,430.1141,434.597636,539.371342,545.080944,542.247478
121,20000,32,0.684975,,0.684975,0.672068,0.679271,439.3502,430.1141,435.151296,539.371342,545.080944,541.764558
122,20000,32,0.684975,,0.684975,0.672068,0.679983,439.3502,430.5082,435.55835,539.359199,545.080944,541.482243
123,20000,32,0.685335,,0.685335,0.673248,0.680765,439.3502,432.8495,436.043685,539.359199,544.920542,541.197258
124,20000,32,0.686297,,0.686297,0.674346,0.681464,440.3198,433.099,436.488714,539.350786,544.599549,540.95034
125,20000,32,0.6863,,0.6863,0.674346,0.682353,440.3198,433.099,437.043416,539.350786,544.389054,540.629153
126,20000,32,0.686954,,0.686954,0.675789,0.683121,440.6356,433.099,437.470552,539.350786,543.5724,540.316038
127,20000,32,0.686954,,0.686954,0.675789,0.683928,440.6356,433.099,437.917684,539.336393,543.5724,539.986374
128,20000,32,0.686954,,0.686954,0.680585,0.684581,440.6356,436.4435,438.312657,538.78022,541.819565,539.741366
129,20000,32,0.686954,,0.686954,0.68079,0.684879,440.6356,436.9548,438.536743,538.78022,541.819565,539.659391
130,20000,32,0.687445,,0.687445,0.681613,0.685085,441.0554,436.9548,438.708287,538.78022,541.686239,539.613233
131,20000,32,0.688089,,0.688089,0.681613,0.685264,441.4514,436.9548,438.854453,538.78022,541.686239,539.571835
132,20000,32,0.688089,,0.688089,0.681613,0.685524,441.4514,436.9548,439.082208,538.750109,541.686239,539.521742
133,20000,32,0.689443,,0.689443,0.681613,0.685826,441.4514,436.4884,439.28561,537.586135,541.686239,539.422206
134,20000,32,0.689443,,0.689443,0.683905,0.686151,442.0583,436.4884,439.5189,537.586135,541.093811,539.325003
135,20000,32,0.689443,,0.689443,0.684223,0.68643,442.0583,436.4884,439.76336,537.586135,540.188364,539.271186
136,20000,32,0.689443,,0.689443,0.684745,0.68678,442.0583,437.6161,440.097729,537.586135,540.063361,539.222487
137,20000,32,0.689443,,0.689443,0.684876,0.687044,442.0583,437.6161,440.321374,537.586135,540.038284,539.166624
138,20000,32,0.689443,,0.689443,0.685215,0.687401,442.0583,437.6161,440.591356,537.586135,540.038284,539.069172
139,20000,32,0.689991,,0.689991,0.685215,0.687727,443.0705,437.6161,440.768466,537.50096,539.966498,538.933222
140,20000,32,0.692008,,0.692008,0.685459,0.688034,444.2511,437.9309,440.903033,535.953547,539.966498,538.784121
141,20000,32,0.692355,,0.692355,0.685816,0.688345,444.2511,439.1476,441.133963,535.865052,539.966498,538.696218
142,20000,32,0.693098,,0.693098,0.68623,0.6888,445.2633,439.8089,441.391022,535.725386,539.966498,538.513222
143,20000,32,0.693445,,0.693445,0.68623,0.689108,445.2633,439.8089,441.519436,535.636891,539.659236,538.358944
144,20000,32,0.693445,,0.693445,0.68623,0.689406,445.2633,439.4525,441.711875,535.636891,539.659236,538.256172
145,20000,32,0.693445,,0.693445,0.686848,0.689774,445.2633,439.4525,441.952622,535.636891,539.605,538.130151
146,20000,32,0.693445,,0.693445,0.687112,0.690133,445.2633,439.4525,442.167681,535.636891,539.605,537.994182
147,20000,32,0.693445,,0.693445,0.687261,0.690579,445.567,439.4525,442.390752,535.636891,539.426515,537.795548
148,20000,32,0.693629,,0.693629,0.687555,0.691049,445.567,439.6028,442.565492,535.361138,539.426515,537.546617
149,20000,32,0.694171,,0.694171,0.688607,0.691543,446.4055,440.7529,442.871637,535.326752,539.376812,537.365952
150,20000,32,0.69486,,0.69486,0.688607,0.691844,446.4055,440.9971,443.038156,535.053042,539.031703,537.242607
151,20000,32,0.69486,,0.69486,0.688607,0.692046,446.4055,440.9971,443.171636,535.053042,539.003556,537.174704
152,20000,32,0.696357,,0.696357,0.688607,0.69235,446.5865,440.321,443.426411,535.326752,539.003556,537.108464
153,20000,32,0.696921,,0.696921,0.688607,0.692657,446.9735,440.321,443.613533,534.80163,539.003556,536.994311
154,20000,32,0.697716,,0.697716,0.688607,0.6931,447.1884,440.321,444.025321,534.80163,539.32889,536.924592
155,20000,32,0.697716,,0.697716,0.688607,0.693486,447.1884,439.6037,444.308446,534.80163,539.32889,536.813747
156,20000,32,0.697716,,0.697716,0.688671,0.693914,447.1884,439.6037,444.589062,534.80163,539.32889,536.667404
157,20000,32,0.697716,,0.697716,0.690531,0.694286,447.5151,441.5762,444.773422,534.80163,539.270611,536.501143
158,20000,32,0.697716,,0.697716,0.692281,0.694734,447.5151,442.2935,445.073921,534.80163,538.583636,536.353163
159,20000,32,0.697716,,0.697716,0.692302,0.695094,447.5151,442.5048,445.284675,534.80163,538.583636,536.213326
160,20000,32,0.698178,,0.698178,0.692582,0.695501,447.7363,442.5048,445.52188,534.80163,538.583636,536.055157
161,20000,32,0.698911,,0.698911,0.692786,0.695954,448.3471,442.5048,445.826353,534.80163,538.583636,535.905748
162,20000,32,0.698911,,0.698911,0.693129,0.696369,448.3471,442.5048,446.037148,534.847291,538.583636,535.722894
163,20000,32,0.698911,,0.698911,0.693869,0.696766,448.3471,442.5048,446.241158,534.659968,537.877895,535.550002
164,20000,32,0.700038,,0.700038,0.693869,0.69698,449.3479,442.5048,446.451671,534.659968,537.877895,535.523981
165,20000,32,0.700038,,0.700038,0.694411,0.697249,449.3479,443.5621,446.613354,534.659968,537.877895,535.422782
166,20000,32,0.700038,,0.700038,0.694544,0.697527,449.3479,443.5621,446.768081,534.53394,536.569583,535.309591
167,20000,32,0.700038,,0.700038,0.694544,0.697782,449.3479,443.5621,446.889108,534.53394,536.511818,535.192076
168,20000,32,0.700038,,0.700038,0.695362,0.697941,449.3479,443.7727,447.070536,534.600902,536.511818,535.189238
169,20000,32,0.700469,,0.700469,0.695362,0.698165,449.3479,443.7727,447.238281,534.500902,536.421463,535.126825
170,20000,32,0.700469,,0.700469,0.695362,0.698371,449.3479,443.7727,447.439841,534.500902,535.802961,535.101278
171,20000,32,0.700585,,0.700585,0.697414,0.698588,449.5076,446.0023,447.650378,534.281319,535.802961,535.073621
172,20000,32,0.700585,,0.700585,0.697414,0.698794,449.5076,446.0323,447.821672,534.281319,535.760764,535.026985
173,20000,32,0.700585,,0.700585,0.697414,0.698928,449.5076,446.0323,447.94436,534.281319,535.66373,535.005391
174,20000,32,0.701101,,0.701101,0.697414,0.699136,450.0043,446.1463,448.163315,534.281319,535.66373,534.989619
175,20000,32,0.701101,,0.701101,0.697414,0.699311,450.0043,446.1463,448.308684,534.281319,535.66373,534.950678
176,20000,32,0.701143,,0.701143,0.697414,0.699487,450.0043,446.1463,448.461052,534.281319,535.66373,534.915247
177,20000,32,0.701143,,0.701143,0.697414,0.699671,450.0043,446.1463,448.604515,534.201117,535.66373,534.867967
178,20000,32,0.701982,,0.701982,0.697848,0.699857,450.8818,446.4494,448.734453,534.201117,535.66373,534.810079
179,20000,32,0.701982,,0.701982,0.698317,0.700029,450.8818,446.806,448.871632,534.111337,535.365656,534.76778
180,20000,32,0.701982,,0.701982,0.698317,0.700226,450.8818,446.806,449.032523,534.111337,535.563881,534.721413
181,20000,32,0.701988,,0.701988,0.698317,0.700359,450.8818,446.806,449.164991,534.111337,535.563881,534.706584
182,20000,32,0.701988,,0.701988,0.698561,0.700533,450.8818,448.018,449.283907,534.111337,535.365656,534.651031
183,20000,32,0.701988,,0.701988,0.698604,0.700691,450.8818,448.0553,449.404036,534.111337,535.331994,534.607727
184,20000,32,0.702476,,0.702476,0.698604,0.700875,450.8818,448.0553,449.524036,533.951108,535.331994,534.544661
185,20000,32,0.702875,,0.702875,0.698604,0.701048,450.8818,448.0553,449.63634,533.844594,535.331994,534.485583
186,20000,32,0.702875,,0.702875,0.698604,0.701257,451.1693,448.0553,449.759711,533.525409,535.331994,534.404771
187,20000,32,0.702875,,0.702875,0.698604,0.701478,451.1693,448.0553,449.933275,533.525409,535.331994,534.348956
188,20000,32,0.703292,,0.703292,0.698604,0.701681,451.996,448.0553,450.112029,533.525409,535.331994,534.309952
189,20000,32,0.703667,,0.703667,0.699713,0.701909,452.2848,448.4659,450.273243,533.378687,534.912398,534.240478
190,20000,32,0.703732,,0.703732,0.699713,0.702174,452.2848,448.6233,450.470242,533.378687,534.912398,534.165546
191,20000,32,0.704927,,0.704927,0.700776,0.70243,452.2848,448.7814,450.653168,533.045026,534.912398,534.088378
192,20000,32,0.704927,,0.704927,0.701005,0.702652,452.2848,448.7814,450.862255,533.045026,534.912398,534.055605
193,20000,32,0.705584,,0.705584,0.701005,0.702845,453.2709,448.7814,451.008923,532.885131,534.912398,534.003471
194,20000,32,0.705584,,0.705584,0.701449,0.703069,453.2709,448.7814,451.109193,532.885131,534.823219,533.895592
195,20000,32,0.705874,,0.705874,0.701449,0.703338,453.2709,448.7814,451.249993,532.885131,534.58589,533.780365
196,20000,32,0.705874,,0.705874,0.701449,0.703554,453.2709,448.7814,451.427385,532.885131,534.486684,533.730474
197,20000,32,0.705874,,0.705874,0.701862,0.703782,453.2709,449.7675,451.619447,532.885131,534.316405,533.681683
198,20000,32,0.705874,,0.705874,0.702301,0.703966,453.2709,449.7675,451.756216,532.885131,534.316405,533.630004
199,20000,32,0.705989,,0.705989,0.702789,0.704175,453.6852,450.8074,451.891976,532.885131,534.316405,533.557421
200,20000,32,0.706531,,0.706531,0.702875,0.704398,453.6852,450.8074,452.062399,532.589475,534.283283,533.497863
201,20000,32,0.706531,,0.706531,0.702875,0.704608,453.6852,450.8074,452.271039,532.589475,534.283283,533.474215
202,20000,32,0.707589,,0.707589,0.70305,0.704829,454.2127,450.911,452.460662,532.449794,534.325532,533.428985
203,20000,32,0.707589,,0.707589,0.70305,0.704996,454.2127,450.911,452.527,532.449794,534.325532,533.342634
204,20000,32,0.707589,,0.707589,0.703137,0.705144,454.3319,450.911,452.65834,532.449794,534.325532,533.315714
205,20000,32,0.707602,,0.707602,0.703311,0.705363,454.6801,451.1018,452.816657,532.449794,534.281111,533.250815
206,20000,32,0.707602,,0.707602,0.703425,0.705517,454.6801,451.1998,452.932209,532.449794,534.281111,533.208033
207,20000,32,0.708459,,0.708459,0.703425,0.705807,454.6801,451.1998,453.107445,531.979116,534.159716,533.099449
208,20000,32,0.708459,,0.708459,0.703425,0.706002,454.6801,451.1998,453.182065,531.979116,533.725199,532.997202
209,20000,32,0.708459,,0.708459,0.703425,0.706211,454.7764,451.1998,453.326292,531.979116,533.678778,532.931004
210,20000,32,0.708459,,0.708459,0.703425,0.706428,455.0725,451.1998,453.501331,531.979116,533.678778,532.879054
211,20000,32,0.708459,,0.708459,0.703581,0.706721,455.0725,451.1998,453.695419,531.979116,533.557477,532.780495
212,20000,32,0.708756,,0.708756,0.703581,0.70701,455.0725,451.1998,453.880294,531.865045,533.557477,532.679047
213,20000,32,0.708756,,0.708756,0.704273,0.707258,455.4362,451.8596,454.011271,531.865045,533.543873,532.573014
214,20000,32,0.709298,,0.709298,0.705113,0.707563,455.4362,452.0429,454.202141,531.522923,533.168447,532.46348
215,20000,32,0.709298,,0.709298,0.705946,0.707771,455.4362,453.1001,454.372358,531.522923,533.168447,532.41462
216,20000,32,0.709298,,0.709298,0.706639,0.707944,456.0042,453.1348,454.48471,531.522923,533.168447,532.355217
217,20000,32,0.709696,,0.709696,0.706914,0.708166,456.0042,453.1348,454.578839,531.3811,532.782598,532.244985
218,20000,32,0.709696,,0.709696,0.706914,0.708383,456.0042,453.5558,454.722121,531.3811,532.782598,532.171581
219,20000,32,0.709833,,0.709833,0.706914,0.708579,456.0042,453.5558,454.77466,530.883741,532.782598,532.054386
220,20000,32,0.710389,,0.710389,0.706914,0.708866,456.0687,453.5558,454.898484,530.883741,532.684502,531.913435
221,20000,32,0.710389,,0.710389,0.707817,0.709043,456.0687,453.8736,454.969702,530.883741,532.684502,531.823271
222,20000,32,0.710389,,0.710389,0.707817,0.709205,456.0687,453.8736,455.064225,530.883741,532.684502,531.75978
223,20000,32,0.710537,,0.710537,0.707817,0.70937,456.0687,453.8736,455.127773,530.883741,532.684502,531.673643
224,20000,32,0.710895,,0.710895,0.708152,0.709565,456.0687,454.2154,455.237817,530.883741,532.684502,531.595736
225,20000,32,0.711403,,0.711403,0.708152,0.709739,456.1983,454.2154,455.310844,530.403567,532.684502,531.508531
226,20000,32,0.711403,,0.711403,0.708673,0.70991,456.3406,454.17,455.393629,530.403567,532.181473,531.430706
227,20000,32,0.711595,,0.711595,0.708673,0.71012,456.4056,454.4873,455.47949,530.403567,532.181473,531.324575
228,20000,32,0.711659,,0.711659,0.708673,0.710335,456.4273,454.4873,455.552772,530.403567,531.833713,531.205817
229,20000,32,0.711659,,0.711659,0.709143,0.710499,456.4273,454.4873,455.629955,530.292713,531.833713,531.129931
230,20000,32,0.712535,,0.712535,0.709143,0.710594,456.742,454.4873,455.654927,530.287059,531.833713,531.072067
231,20000,32,0.712535,,0.712535,0.709143,0.710777,456.742,454.4873,455.730201,530.287059,531.833713,530.980042
232,20000,32,0.712535,,0.712535,0.709567,0.711084,456.742,454.4873,455.901813,530.20218,531.509706,530.855463
233,20000,32,0.712535,,0.712535,0.709833,0.711294,456.742,454.4873,455.96912,530.20218,531.509706,530.736785
234,20000,32,0.713211,,0.713211,0.709833,0.711525,457.3171,454.4873,456.061917,529.694254,531.434266,530.618972
235,20000,32,0.713211,,0.713211,0.710336,0.711753,457.3832,454.5518,456.180858,529.694254,531.051335,530.521147
236,20000,32,0.713903,,0.713903,0.710336,0.711965,457.9769,454.5518,456.29356,529.694254,531.051335,530.43088
237,20000,32,0.714695,,0.714695,0.710336,0.712194,458.0027,454.5518,456.434976,529.446698,531.051335,530.347003
238,20000,32,0.714695,,0.714695,0.710336,0.712398,458.0027,454.5518,456.553554,529.446698,531.051335,530.267329
239,20000,32,0.715407,,0.715407,0.710504,0.712727,458.5964,454.5518,456.756988,529.289034,530.820408,530.147532
240,20000,32,0.715407,,0.715407,0.711466,0.712853,458.5964,455.2769,456.846807,529.289034,530.820408,530.108783
241,20000,32,0.715407,,0.715407,0.711466,0.713108,458.5964,455.2769,457.033945,529.289034,530.374508,530.035573
242,20000,32,0.715407,,0.715407,0.711466,0.713269,458.5964,455.4835,457.131592,529.194963,530.370586,529.97573
243,20000,32,0.715407,,0.715407,0.711466,0.713392,458.5964,455.4835,457.201132,529.194963,530.365536,529.925882
244,20000,32,0.715407,,0.715407,0.711466,0.713531,458.5964,455.4835,457.299069,529.194963,530.380176,529.883056
245,20000,32,0.715407,,0.715407,0.712372,0.713732,458.5964,456.4883,457.404362,528.956976,530.380176,529.796834
246,20000,32,0.715576,,0.715576,0.712771,0.713984,458.8802,456.6275,457.559597,528.485438,530.380176,529.704357
247,20000,32,0.715672,,0.715672,0.712771,0.714176,458.8802,456.6275,457.678651,528.485438,530.380176,529.634902
248,20000,32,0.716288,,0.716288,0.712977,0.714427,459.7626,456.1981,457.802233,528.485438,530.14532,529.521608
249,20000,32,0.716288,,0.716288,0.713211,0.7146,459.7626,456.6275,457.873825,528.485438,530.14532,529.434463
250,20000,32,0.716288,,0.716288,0.713211,0.71483,459.7626,456.6275,457.972203,528.485438,530.14532,529.321561
251,20000,32,0.718016,,0.718016,0.713346,0.715043,460.3553,456.7602,458.085197,528.433096,530.10371,529.230547
252,20000,32,0.718016,,0.718016,0.713346,0.715221,460.3553,456.7602,458.197191,528.433096,529.955473,529.166796
253,20000,32,0.718016,,0.718016,0.713346,0.715397,460.3553,456.1568,458.351631,528.433096,529.931878,529.132987
254,20000,32,0.718016,,0.718016,0.713951,0.715627,460.6949,456.1568,458.489594,528.338677,529.931878,529.045972
255,20000,32,0.718016,,0.718016,0.713951,0.715789,460.6949,456.1568,458.603519,528.338677,529.605851,528.996129
256,20000,32,0.718016,,0.718016,0.714216,0.716013,460.6949,456.1568,458.805351,528.338677,529.465703,528.956939
257,20000,32,0.719159,,0.719159,0.714216,0.716226,461.3135,456.1568,458.97856,528.183681,529.465703,528.906575
258,20000,32,0.72007,,0.72007,0.714909,0.716437,462.1959,456.8166,459.173672,528.06199,529.465703,528.873154
259,20000,32,0.72007,,0.72007,0.714909,0.716663,462.1959,456.8166,459.326736,528.06199,529.650006,528.798779
260,20000,32,0.72007,,0.72007,0.714909,0.716902,462.1959,456.8166,459.492654,528.06199,529.465703,528.723503
261,20000,32,0.721008,,0.721008,0.71547,0.717197,462.7347,457.2541,459.715627,527.693911,529.465703,528.64282
262,20000,32,0.721008,,0.721008,0.715897,0.717527,462.7347,457.9139,459.902663,527.693911,529.272603,528.51135
263,20000,32,0.721008,,0.721008,0.715897,0.717822,462.7347,457.9139,460.114803,527.693911,529.272603,528.423541
264,20000,32,0.72127,,0.72127,0.716147,0.718153,462.8154,457.9139,460.346564,527.543502,528.966413,528.320176
265,20000,32,0.72127,,0.72127,0.716147,0.718563,462.8154,457.9139,460.693364,527.543502,528.966413,528.232693
266,20000,32,0.72127,,0.72127,0.716147,0.718856,462.8154,457.9139,460.943275,527.352285,528.848401,528.171814
267,20000,32,0.722131,,0.722131,0.716147,0.719136,463.6109,457.9139,461.169772,527.352285,528.775485,528.105425
268,20000,32,0.722131,,0.722131,0.716147,0.71951,463.6109,458.0395,461.466342,527.254189,528.775485,528.012149
269,20000,32,0.722131,,0.722131,0.71682,0.719923,463.6109,459.1969,461.749051,527.201876,528.823777,527.879853
270,20000,32,0.722154,,0.722154,0.71707,0.720255,463.6109,459.4764,461.942649,527.131903,528.823777,527.750531
271,20000,32,0.722154,,0.722154,0.717489,0.720553,463.6109,459.8155,462.128696,527.10378,528.482151,527.642912
272,20000,32,0.722393,,0.722393,0.717489,0.720743,463.6916,459.8155,462.264379,527.063447,528.482151,527.585221
273,20000,32,0.722823,,0.722823,0.718177,0.721011,464.2707,460.0335,462.445241,527.063447,528.301693,527.497418
274,20000,32,0.723086,,0.723086,0.719058,0.72134,464.3514,460.1001,462.705763,526.965351,527.992464,527.415528
275,20000,32,0.723247,,0.723247,0.720098,0.721549,464.3514,461.5744,462.903683,526.814942,527.762423,527.385103
276,20000,32,0.723247,,0.723247,0.720098,0.721695,464.3514,461.5744,463.025204,526.814942,527.720364,527.352198
277,20000,32,0.723247,,0.723247,0.720231,0.72184,464.3514,461.8701,463.170109,526.814942,527.720364,527.336404
278,20000,32,0.723247,,0.723247,0.720231,0.722047,464.3514,461.8701,463.318344,526.814942,527.720364,527.274603
279,20000,32,0.723963,,0.723963,0.720231,0.722273,464.8841,461.8701,463.460799,526.814942,527.720364,527.193335
280,20000,32,0.725115,,0.725115,0.720231,0.722479,465.8144,461.8701,463.598979,526.55364,527.720364,527.12551
281,20000,32,0.725863,,0.725863,0.720231,0.722678,466.1386,461.8701,463.738135,526.188114,527.720364,527.063442
282,20000,32,0.725863,,0.725863,0.721862,0.72284,466.1386,463.0727,463.833658,526.188114,527.445406,527.000972
283,20000,32,0.725863,,0.725863,0.721862,0.723001,466.1386,463.0727,463.943851,526.188114,527.445406,526.94972
284,20000,32,0.725863,,0.725863,0.721862,0.723172,466.1386,463.0727,464.073651,526.188114,527.445406,526.9034
285,20000,32,0.725863,,0.725863,0.721862,0.723392,466.1386,463.0727,464.255354,526.188114,527.254189,526.853293
286,20000,32,0.727333,,0.727333,0.721862,0.723537,467.5958,463.0727,464.368774,526.017988,527.254189,526.815842
287,20000,32,0.727333,,0.727333,0.721862,0.723759,467.5958,463.0727,464.538943,526.017988,527.254189,526.756643
288,20000,32,0.727333,,0.727333,0.721862,0.724062,467.5958,463.0727,464.782621,526.017988,527.254189,526.683734
289,20000,32,0.727333,,0.727333,0.721862,0.724294,467.5958,463.0727,464.943301,526.017988,527.254189,526.610863
290,20000,32,0.727333,,0.727333,0.721862,0.724449,467.5958,463.0727,465.065917,526.017988,527.254189,526.571599
291,20000,32,0.727333,,0.727333,0.721862,0.724638,467.5958,463.0727,465.210728,526.017988,527.254189,526.521541
292,20000,32,0.727333,,0.727333,0.722292,0.724814,467.5958,463.1304,465.338098,526.017988,527.063447,526.469503
293,20000,32,0.727333,,0.727333,0.722336,0.725091,467.5958,463.1304,465.555253,526.017988,526.965351,526.398737
294,20000,32,0.727333,,0.727333,0.722336,0.725403,467.5958,463.1304,465.804898,526.017988,526.965351,526.323106
295,20000,32,0.727333,,0.727333,0.722985,0.725662,467.5958,463.6732,466.022285,526.017988,526.965351,526.266838
296,20000,32,0.727622,,0.727622,0.722985,0.725815,467.5958,463.6732,466.148903,525.607308,526.965351,526.232336
297,20000,32,0.727622,,0.727622,0.722985,0.726004,467.5958,463.7539,466.289432,525.607308,526.965351,526.178742
298,20000,32,0.728351,,0.728351,0.723247,0.726219,468.2684,463.7539,466.455704,525.607308,526.814942,526.12258
299,20000,32,0.728351,,0.728351,0.723247,0.726404,468.2684,463.7539,466.605292,525.607308,526.814942,526.07832
300,20000,32,0.728351,,0.728351,0.723247,0.726603,468.2684,463.7539,466.74603,525.607308,526.814942,526.017482
301,20000,32,0.728351,,0.728351,0.723247,0.726832,468.2684,463.7539,466.92644,525.607308,526.814942,525.959915
302,20000,32,0.728351,,0.728351,0.723537,0.727043,468.2684,463.7539,467.082106,525.607308,526.460147,525.899831
303,20000,32,0.729381,,0.729381,0.723774,0.727245,468.2684,463.7539,467.225334,524.522299,526.460147,525.837892
304,20000,32,0.729381,,0.729381,0.724954,0.727444,468.2684,465.2111,467.351874,524.522299,526.460147,525.767851
305,20000,32,0.729381,,0.729381,0.725244,0.727594,468.2684,465.2111,467.429173,524.522299,526.073658,525.70226
306,20000,32,0.729381,,0.729381,0.726152,0.727737,468.2684,465.8629,467.496745,524.522299,526.073658,525.636131
307,20000,32,0.729381,,0.729381,0.726152,0.727825,468.2684,465.8629,467.532234,524.522299,526.017988,525.591337
308,20000,32,0.729381,,0.729381,0.726152,0.727998,468.2684,465.8629,467.600099,524.522299,526.017988,525.501997
309,20000,32,0.729381,,0.729381,0.727333,0.72819,468.2684,466.2906,467.684185,524.522299,526.017988,525.408287
310,20000,32,0.730031,,0.730031,0.727333,0.728364,468.3599,466.2906,467.72022,524.425053,526.017988,525.296959
311,20000,32,0.730031,,0.730031,0.727407,0.728583,468.6048,467.3201,467.793467,524.425053,525.960223,525.174986
312,20000,32,0.730031,,0.730031,0.727622,0.728807,468.9978,467.3201,467.856382,524.425053,525.6744,525.042783
313,20000,32,0.730031,,0.730031,0.727622,0.728997,468.9978,467.3201,467.96369,524.425053,525.6744,524.9664
314,20000,32,0.730031,,0.730031,0.727622,0.729195,468.9978,467.3201,468.022029,524.425053,525.6744,524.851269
315,20000,32,0.730186,,0.730186,0.728273,0.729413,468.9978,467.7478,468.079734,524.425053,525.6744,524.71953
316,20000,32,0.73105,,0.73105,0.728273,0.729522,469.0325,467.7478,468.12407,524.081466,525.6744,524.663889
317,20000,32,0.731577,,0.731577,0.728428,0.729643,469.1498,467.7478,468.180807,523.748427,525.614294,524.607883
318,20000,32,0.731577,,0.731577,0.728641,0.729749,469.3342,467.7478,468.23271,523.748427,525.26372,524.560043
319,20000,32,0.731577,,0.731577,0.728641,0.729865,469.3342,467.7478,468.29957,523.748427,525.26372,524.513921
320,20000,32,0.731577,,0.731577,0.728641,0.73,469.3342,467.7478,468.377712,523.748427,525.26372,524.461618
321,20000,32,0.731577,,0.731577,0.729381,0.730154,469.4255,467.7478,468.453768,523.748427,525.244115,524.392451
322,20000,32,0.732228,,0.732228,0.729381,0.730323,469.7619,467.7478,468.553559,523.651181,525.184009,524.327159
323,20000,32,0.732305,,0.732305,0.729458,0.730525,469.7619,467.7478,468.69557,523.591074,525.184009,524.264848
324,20000,32,0.732305,,0.732305,0.729458,0.730675,469.887,467.7478,468.800342,523.591074,525.184009,524.217691
325,20000,32,0.732305,,0.732305,0.729458,0.730872,469.887,467.7478,468.901144,523.591074,525.184009,524.131703
326,20000,32,0.732305,,0.732305,0.72969,0.731091,469.887,467.8957,469.03963,523.591074,524.73619,524.054278
327,20000,32,0.732305,,0.732305,0.730031,0.731324,469.887,468.3599,469.208932,523.591074,524.676083,523.985736
328,20000,32,0.732305,,0.732305,0.730031,0.73152,469.887,468.3599,469.326714,523.591074,524.73619,523.912058
329,20000,32,0.733106,,0.733106,0.730031,0.731736,470.2946,468.3599,469.457196,523.323557,524.676083,523.830698
330,20000,32,0.733106,,0.733106,0.730031,0.731886,470.2946,468.3599,469.552604,523.323557,524.676083,523.777499
331,20000,32,0.733183,,0.733183,0.730399,0.732042,470.2946,468.4204,469.648474,523.26345,524.676083,523.720216
332,20000,32,0.733183,,0.733183,0.730399,0.732221,470.484,468.4204,469.75778,523.13335,524.676083,523.653969
333,20000,32,0.733183,,0.733183,0.730502,0.732404,470.484,468.6802,469.860766,523.13335,524.676083,523.57968
334,20000,32,0.733183,,0.733183,0.730546,0.732501,470.484,469.1498,469.922954,523.13335,524.676083,523.54568
335,20000,32,0.733183,,0.733183,0.730546,0.732597,470.484,469.3342,469.975007,523.13335,524.676083,523.505737
336,20000,32,0.733183,,0.733183,0.730546,0.732632,470.484,469.3342,469.985661,523.13335,524.676083,523.48562
337,20000,32,0.733183,,0.733183,0.730546,0.732703,470.484,469.3342,470.011512,523.13335,524.676083,523.447629
338,20000,32,0.733183,,0.733183,0.732255,0.732788,470.484,469.7619,470.048267,523.125387,524.114026,523.406017
339,20000,32,0.73409,,0.73409,0.732305,0.732883,470.9117,469.7619,470.081296,522.96891,523.591074,523.353826
340,20000,32,0.73409,,0.73409,0.732305,0.732964,470.9117,469.7619,470.128501,522.96891,523.591074,523.322377
341,20000,32,0.73409,,0.73409,0.732305,0.733057,470.9117,469.7619,470.20769,522.96891,523.591074,523.303049
342,20000,32,0.73409,,0.73409,0.732305,0.733135,470.9117,469.7619,470.268424,522.96891,523.591074,523.283409
343,20000,32,0.73409,,0.73409,0.732305,0.73321,470.9117,469.7619,470.310095,522.96891,523.591074,523.252355
344,20000,32,0.73409,,0.73409,0.732305,0.733288,470.9117,469.7619,470.362308,522.681164,523.591074,523.226497
345,20000,32,0.73409,,0.73409,0.732315,0.73336,470.9117,469.7619,470.406962,522.681164,523.58311,523.200539
346,20000,32,0.73409,,0.73409,0.732892,0.733413,471.0232,469.7619,470.436953,522.681164,523.493016,523.178979
347,20000,32,0.734797,,0.734797,0.733106,0.733524,471.2744,469.9098,470.507779,522.660409,523.35367,523.139749
348,20000,32,0.734797,,0.734797,0.733106,0.733649,471.5559,470.2946,470.580753,522.660409,523.323557,523.091589
349,20000,32,0.734797,,0.734797,0.733183,0.733778,471.5559,470.2946,470.659257,522.660409,523.288646,523.043136
350,20000,32,0.735477,,0.735477,0.733183,0.733919,471.5559,470.2946,470.764096,522.318629,523.288646,523.003964
351,20000,32,0.735477,,0.735477,0.733183,0.734057,471.5561,470.2946,470.844024,522.318629,523.288646,522.949472
352,20000,32,0.735613,,0.735613,0.733183,0.734204,471.9188,470.2946,470.915265,522.318629,523.26345,522.882965
353,20000,32,0.735613,,0.735613,0.733183,0.734379,471.9188,470.2946,471.010852,522.318629,523.26345,522.810521
354,20000,32,0.735613,,0.735613,0.733183,0.734541,471.9188,470.2946,471.109798,522.318629,523.26345,522.750291
355,20000,32,0.735613,,0.735613,0.733342,0.734646,471.9188,470.2946,471.172407,522.318629,523.138888,522.709927
356,20000,32,0.735613,,0.735613,0.733342,0.734811,471.9188,470.2946,471.285834,522.246438,523.138888,522.65789
357,20000,32,0.735899,,0.735899,0.733342,0.734898,472.0415,470.2946,471.340637,522.315418,523.138888,522.626626
358,20000,32,0.736539,,0.736539,0.733342,0.735042,472.6857,470.2946,471.425457,522.133595,523.138888,522.570963
359,20000,32,0.736768,,0.736768,0.73409,0.735224,472.6857,470.9117,471.532465,521.880692,522.96891,522.500443
360,20000,32,0.737126,,0.737126,0.73409,0.735363,472.6857,470.9117,471.616998,521.789699,522.96891,522.448673
361,20000,32,0.738106,,0.738106,0.73409,0.735549,473.0486,470.9117,471.730348,521.236443,522.96891,522.379755
362,20000,32,0.738106,,0.738106,0.73409,0.735752,473.0486,470.9117,471.860869,521.236443,522.96891,522.308501
363,20000,32,0.738106,,0.738106,0.734269,0.735938,473.0486,470.9117,471.977532,521.236443,522.829565,522.241901
364,20000,32,0.738106,,0.738106,0.734797,0.73622,473.3028,471.1837,472.145723,521.236443,522.660409,522.134619
365,20000,32,0.738221,,0.738221,0.734829,0.736412,473.4977,471.1837,472.247102,521.236443,522.606758,522.053071
366,20000,32,0.738427,,0.738427,0.734829,0.736586,473.6175,471.1837,472.333076,521.236443,522.606758,521.97503
367,20000,32,0.738813,,0.738813,0.734866,0.736828,473.6175,471.2744,472.450096,520.927942,522.606758,521.864602
368,20000,32,0.738813,,0.738813,0.734866,0.73705,473.6175,471.2744,472.552823,520.927942,522.606758,521.76007
369,20000,32,0.738953,,0.738953,0.734866,0.737288,474.1146,471.2744,472.698261,520.927942,522.606758,521.671602
370,20000,32,0.739134,,0.739134,0.734866,0.737495,474.1146,471.2744,472.814158,520.927942,522.606758,521.588164
371,20000,32,0.739134,,0.739134,0.734959,0.737663,474.1146,471.2744,472.94263,520.927942,522.534184,521.543438
372,20000,32,0.739222,,0.739222,0.735426,0.737839,474.1146,471.5464,473.040155,520.927942,522.352321,521.471449
373,20000,32,0.739612,,0.739612,0.736412,0.737956,474.1146,472.1142,473.116798,520.605498,522.133595,521.431366
374,20000,32,0.739612,,0.739612,0.736412,0.738113,474.1146,472.1142,473.24331,520.605498,522.133595,521.393589
375,20000,32,0.739933,,0.739933,0.736412,0.738362,474.4293,472.1142,473.371791,520.605498,522.133595,521.285608
376,20000,32,0.739933,,0.739933,0.736412,0.738575,474.4293,472.1142,473.507826,520.436427,522.133595,521.21043
377,20000,32,0.739933,,0.739933,0.736412,0.738832,475.0108,472.1142,473.646099,520.405897,522.133595,521.102415
378,20000,32,0.739933,,0.739933,0.736946,0.739044,475.0108,472.1142,473.762885,520.405897,521.759059,521.015292
379,20000,32,0.739933,,0.739933,0.738106,0.739253,475.0108,473.0004,473.864919,520.405897,521.480102,520.92121
380,20000,32,0.740129,,0.740129,0.738106,0.739387,475.0108,473.0004,473.933453,520.405897,521.321937,520.862503
381,20000,32,0.740129,,0.740129,0.738529,0.739513,475.0108,473.2438,474.01416,520.405897,521.321937,520.81836
382,20000,32,0.740145,,0.740145,0.738529,0.739613,475.0108,473.2438,474.105147,520.019546,521.321937,520.801298
383,20000,32,0.740663,,0.740663,0.738529,0.739722,475.044,473.2438,474.19795,520.019546,521.321937,520.778362
384,20000,32,0.740877,,0.740877,0.738953,0.73978,475.044,473.2438,474.252417,519.939537,521.321937,520.769745
385,20000,32,0.740877,,0.740877,0.739081,0.739883,475.044,473.2438,474.307544,519.939537,521.284742,520.726178
386,20000,32,0.740877,,0.740877,0.739081,0.739967,475.3255,473.2438,474.351998,519.939537,521.222299,520.690838
387,20000,32,0.740877,,0.740877,0.739081,0.740031,475.3255,473.5585,474.38816,519.939537,521.222299,520.664416
388,20000,32,0.74132,,0.74132,0.739081,0.740116,475.3255,473.5585,474.44355,519.725006,521.222299,520.635562
389,20000,32,0.74132,,0.74132,0.739081,0.740222,475.3255,473.5585,474.498199,519.725006,521.222299,520.589207
390,20000,32,0.742337,,0.742337,0.739933,0.740346,475.8066,473.5585,474.542946,519.725006,521.013343,520.522583
391,20000,32,0.742337,,0.742337,0.739933,0.740439,475.8066,473.5585,474.598608,519.725006,521.013343,520.487389
392,20000,32,0.742337,,0.742337,0.739933,0.740516,475.8066,473.5585,474.614467,519.725006,521.013343,520.438197
393,20000,32,0.742337,,0.742337,0.739933,0.740637,475.8066,474.1756,474.65112,519.725006,521.013343,520.368158
394,20000,32,0.742337,,0.742337,0.739933,0.740731,475.8066,474.1756,474.677114,519.725006,521.013343,520.31225
395,20000,32,0.742568,,0.742568,0.739933,0.74088,476.7028,474.1756,474.776227,519.725006,521.013343,520.262429
396,20000,32,0.742568,,0.742568,0.740148,0.740993,476.7028,474.1756,474.885776,519.725006,521.013343,520.248167
397,20000,32,0.742568,,0.742568,0.740148,0.741075,476.7028,474.1756,474.948693,519.725006,521.013343,520.225764
398,20000,32,0.742568,,0.742568,0.740439,0.741212,476.7028,474.1756,475.05296,519.348428,520.976148,520.189413
399,20000,32,0.742568,,0.742568,0.740439,0.741316,476.7028,474.1756,475.149102,519.348428,520.976148,520.172126
400,20000,32,0.742568,,0.742568,0.74052,0.741365,476.7028,474.1756,475.190894,519.348428,520.976148,520.162268
401,20000,32,0.742568,,0.742568,0.74052,0.741424,476.7028,474.1756,475.24359,519.348428,520.976148,520.151842
402,20000,32,0.742568,,0.742568,0.74052,0.741499,476.7028,474.1756,475.266857,519.348428,520.976148,520.108562
403,20000,32,0.742568,,0.742568,0.74052,0.741673,476.7028,474.1756,475.439893,519.348428,520.976148,520.089053
404,20000,32,0.742568,,0.742568,0.74052,0.741747,476.7028,474.1756,475.503124,519.348428,520.976148,520.073507
405,20000,32,0.742568,,0.742568,0.740965,0.741832,476.7028,474.1756,475.597022,519.348428,520.976148,520.0699
406,20000,32,0.742696,,0.742696,0.740965,0.741936,476.7028,474.1756,475.73187,519.348428,520.976148,520.079104
407,20000,32,0.742696,,0.742696,0.740965,0.742053,476.7028,474.1756,475.854412,519.348428,520.976148,520.070136
408,20000,32,0.742696,,0.742696,0.741026,0.742161,476.7028,474.1756,475.992559,519.725006,520.888354,520.078383
409,20000,32,0.742696,,0.742696,0.741026,0.742189,476.8161,474.1756,476.040371,519.725006,520.888354,520.088726
410,20000,32,0.742696,,0.742696,0.741026,0.742256,476.8161,474.6923,476.150352,519.730581,520.888354,520.110507
411,20000,32,0.742696,,0.742696,0.741078,0.74236,476.8161,474.7903,476.250641,519.536772,520.888354,520.096594
412,20000,32,0.742696,,0.742696,0.741078,0.742452,476.8161,474.7903,476.336847,519.536772,520.888354,520.08236
413,20000,32,0.742754,,0.742754,0.741356,0.742497,476.8161,475.0145,476.369026,519.536772,520.237234,520.068668
414,20000,32,0.742754,,0.742754,0.741943,0.742543,476.8161,475.0145,476.429561,519.536772,520.237234,520.073087
415,20000,32,0.742763,,0.742763,0.741943,0.742576,476.8161,475.2196,476.462423,519.730581,520.237234,520.069375
416,20000,32,0.742763,,0.742763,0.742246,0.742609,476.8161,475.8066,476.529426,519.758466,520.237234,520.088875
417,20000,32,0.742763,,0.742763,0.74236,0.742637,476.8161,476.1158,476.528718,519.758466,520.294762,520.066215
418,20000,32,0.742994,,0.742994,0.74236,0.742665,477.1123,475.9199,476.525581,519.751859,520.294762,520.042583
419,20000,32,0.742994,,0.742994,0.74236,0.74268,477.1123,475.9199,476.518938,519.751859,520.237234,520.026329
420,20000,32,0.742994,,0.742994,0.74236,0.742709,477.1123,476.1158,476.550342,519.751859,520.237234,520.025205
421,20000,32,0.742994,,0.742994,0.742479,0.742726,477.1123,476.1537,476.549888,519.751859,520.220137,520.011443
422,20000,32,0.74318,,0.74318,0.742479,0.742751,477.1123,476.1537,476.568364,519.751859,520.220137,520.004402
423,20000,32,0.74318,,0.74318,0.742687,0.742773,477.1123,476.1537,476.602105,519.751859,520.220137,520.009243
424,20000,32,0.74318,,0.74318,0.742687,0.742804,477.2256,476.1537,476.62258,519.619843,520.220137,519.999204
425,20000,32,0.7433,,0.7433,0.742687,0.742841,477.2256,476.1537,476.653511,519.619843,520.220137,519.990693
426,20000,32,0.7433,,0.7433,0.742687,0.742878,477.2256,476.1537,476.686971,519.619843,520.220137,519.984242
427,20000,32,0.743697,,0.743697,0.742687,0.742933,477.2256,476.1537,476.694101,519.461026,520.220137,519.946577
428,20000,32,0.743697,,0.743697,0.742687,0.742985,477.2256,476.1537,476.708814,519.461026,520.220137,519.91571
429,20000,32,0.743697,,0.743697,0.74269,0.743026,477.2256,476.1537,476.741829,519.461026,520.217965,519.905514
430,20000,32,0.743697,,0.743697,0.742696,0.743062,477.2256,476.1537,476.768232,519.461026,520.178994,519.895654
431,20000,32,0.744302,,0.744302,0.742696,0.743111,477.2256,476.1537,476.82197,519.140066,520.178994,519.893097
432,20000,32,0.744302,,0.744302,0.742696,0.743156,477.2256,476.1537,476.861338,519.140066,520.178994,519.884684
433,20000,32,0.744302,,0.744302,0.742816,0.743219,477.2256,476.1537,476.89632,519.140066,520.178994,519.85856
434,20000,32,0.744302,,0.744302,0.742818,0.743278,477.2256,476.1537,476.937752,519.140066,520.178994,519.840694
435,20000,32,0.744302,,0.744302,0.742818,0.74332,477.2256,476.1537,476.976335,519.140066,520.178994,519.833807
436,20000,32,0.744302,,0.744302,0.742875,0.743365,477.2256,476.1537,477.018994,519.140066,520.178994,519.827195
437,20000,32,0.744488,,0.744488,0.742875,0.743424,477.2256,476.1537,477.044646,518.994904,520.178994,519.798239
438,20000,32,0.744488,,0.744488,0.742988,0.743506,477.2256,476.267,477.051411,518.994904,520.178994,519.738613
439,20000,32,0.744488,,0.744488,0.742988,0.743586,477.2256,476.267,477.055067,518.994904,520.159725,519.679304
440,20000,32,0.744599,,0.744599,0.742988,0.743678,477.5954,476.267,477.060075,518.994904,520.159725,519.610546
441,20000,32,0.744599,,0.744599,0.742988,0.743798,477.5954,476.267,477.064974,518.979799,520.159725,519.519896
442,20000,32,0.744599,,0.744599,0.743116,0.743889,477.5954,476.6765,477.057383,518.979799,520.159725,519.444048
443,20000,32,0.744782,,0.744782,0.743116,0.743953,477.5954,476.6765,477.061581,518.979799,520.159725,519.397257
444,20000,32,0.744782,,0.744782,0.743116,0.744044,477.5954,476.6765,477.076896,518.955397,520.159725,519.33655
445,20000,32,0.744782,,0.744782,0.743116,0.744126,477.5954,476.6765,477.072024,518.955397,520.159725,519.269065
446,20000,32,0.74491,,0.74491,0.7433,0.744228,477.5954,476.8586,477.094763,518.810235,520.016735,519.20487
447,20000,32,0.74491,,0.74491,0.7433,0.74432,477.5954,476.8586,477.121174,518.810235,520.016735,519.150678
448,20000,32,0.74491,,0.74491,0.7433,0.744403,477.5954,476.8586,477.12543,518.810235,520.016735,519.0886
449,20000,32,0.745335,,0.745335,0.744002,0.744479,477.9264,476.8586,477.148277,518.806079,519.298767,519.044578
450,20000,32,0.745335,,0.745335,0.744002,0.74456,477.9264,476.9719,477.192631,518.670889,519.298767,519.011375
451,20000,32,0.745335,,0.745335,0.744002,0.744621,477.9264,476.9719,477.215148,518.670889,519.298767,518.978839
452,20000,32,0.745572,,0.745572,0.744002,0.744711,477.9264,476.9719,477.276608,518.670889,519.298767,518.950226
453,20000,32,0.745572,,0.745572,0.744239,0.744799,477.9264,476.9719,477.324321,518.670889,519.183085,518.913135
454,20000,32,0.745572,,0.745572,0.744457,0.744898,477.9264,477.0841,477.401642,518.670889,519.165989,518.887838
455,20000,32,0.745707,,0.745707,0.744488,0.744969,477.9264,477.0841,477.441852,518.551303,519.108174,518.859371
456,20000,32,0.745707,,0.745707,0.744541,0.745026,477.9264,477.0841,477.484453,518.551303,518.977627,518.843233
457,20000,32,0.745707,,0.745707,0.744541,0.745105,477.9264,477.0841,477.546688,518.551303,518.977627,518.823733
458,20000,32,0.745707,,0.745707,0.744541,0.745184,477.9264,477.0841,477.613383,518.551303,518.977627,518.806392
459,20000,32,0.745707,,0.745707,0.744541,0.745246,477.9264,477.0841,477.6567,518.551303,518.977627,518.787669
460,20000,32,0.745707,,0.745707,0.744541,0.745307,477.9264,477.0841,477.705527,518.551303,518.977627,518.772279
461,20000,32,0.745976,,0.745976,0.744541,0.745374,478.1465,477.1197,477.755458,518.546232,518.977627,518.753451
462,20000,32,0.745976,,0.745976,0.744541,0.745414,478.1465,477.1197,477.772612,518.546232,518.977627,518.733763
463,20000,32,0.746047,,0.746047,0.744835,0.745477,478.1905,477.4067,477.811193,518.520024,519.090897,518.710576
464,20000,32,0.746047,,0.746047,0.745117,0.745539,478.1905,477.4151,477.849057,518.520024,518.922494,518.687763
465,20000,32,0.746047,,0.746047,0.745179,0.745577,478.1905,477.4151,477.865213,518.520024,518.93764,518.669253
466,20000,32,0.746047,,0.746047,0.745179,0.745619,478.1905,477.4151,477.892443,518.520024,518.896286,518.654552
467,20000,32,0.746047,,0.746047,0.745185,0.745652,478.1905,477.4151,477.912375,518.520024,518.896286,518.641819
468,20000,32,0.746047,,0.746047,0.745185,0.745694,478.1905,477.4151,477.936848,518.520024,518.896286,518.625503
469,20000,32,0.746047,,0.746047,0.745338,0.745735,478.1905,477.841,477.966813,518.520024,518.896286,518.61366
470,20000,32,0.746047,,0.746047,0.745479,0.745768,478.1905,477.841,477.984741,518.520024,518.786571,518.600395
471,20000,32,0.746047,,0.746047,0.745479,0.745802,478.1905,477.841,478.010115,518.520024,518.786571,518.590169
472,20000,32,0.746047,,0.746047,0.745479,0.745833,478.1905,477.841,478.034772,518.520024,518.786571,518.582458
473,20000,32,0.746252,,0.746252,0.745479,0.745861,478.2484,477.841,478.055493,518.399446,518.786571,518.574941
474,20000,32,0.746252,,0.746252,0.745479,0.745876,478.2484,477.841,478.06843,518.399446,518.786571,518.571518
475,20000,32,0.746252,,0.746252,0.745479,0.7459,478.2484,477.841,478.081956,518.399446,518.786571,518.561831
476,20000,32,0.746252,,0.746252,0.745479,0.745921,478.2484,477.841,478.09469,518.399446,518.786571,518.554733
477,20000,32,0.746252,,0.746252,0.745575,0.745953,478.2484,477.841,478.111412,518.399446,518.711617,518.540635
478,20000,32,0.746252,,0.746252,0.745575,0.745988,478.2484,477.841,478.129342,518.399446,518.711617,518.525349
479,20000,32,0.746252,,0.746252,0.745575,0.74601,478.3271,477.841,478.139461,518.399446,518.711617,518.515209
480,20000,32,0.746381,,0.746381,0.745575,0.746052,478.3271,477.841,478.163568,518.298237,518.711617,518.498223
481,20000,32,0.746381,,0.746381,0.74573,0.746087,478.3271,477.8989,478.181723,518.298237,518.682146,518.482945
482,20000,32,0.746381,,0.746381,0.745776,0.746126,478.3271,477.8989,478.198026,518.298237,518.593211,518.463663
483,20000,32,0.746381,,0.746381,0.745779,0.746153,478.3271,477.8989,478.208243,518.298237,518.591039,518.449744
484,20000,32,0.746407,,0.746407,0.745911,0.746183,478.385,477.8989,478.219959,518.298237,518.520024,518.433667
485,20000,32,0.746407,,0.746407,0.746047,0.746203,478.385,478.1905,478.225677,518.298237,518.520024,518.421869
486,20000,32,0.746407,,0.746407,0.746047,0.746216,478.385,478.1905,478.227067,518.298237,518.520024,518.412989
487,20000,32,0.746407,,0.746407,0.746047,0.746232,478.385,478.1905,478.230541,518.298237,518.520024,518.402718
488,20000,32,0.746537,,0.746537,0.746047,0.746256,478.385,478.1905,478.238067,518.268766,518.520024,518.389047
489,20000,32,0.746537,,0.746537,0.746047,0.746273,478.385,478.1905,478.243856,518.268766,518.520024,518.379984
490,20000,32,0.746537,,0.746537,0.746047,0.746301,478.385,478.1905,478.255272,518.268766,518.520024,518.365315
491,20000,32,0.746539,,0.746539,0.746047,0.746326,478.385,478.1905,478.263863,518.266594,518.520024,518.351658
492,20000,32,0.746539,,0.746539,0.746047,0.746348,478.385,478.1905,478.274607,518.266594,518.520024,518.341717
493,20000,32,0.746539,,0.746539,0.746047,0.74637,478.385,478.1905,478.286693,518.266594,518.520024,518.332878
494,20000,32,0.746539,,0.746539,0.746047,0.746388,478.385,478.1905,478.294681,518.266594,518.520024,518.323932
495,20000,32,0.746539,,0.746539,0.746047,0.746408,478.385,478.1905,478.30598,518.266594,518.520748,518.316342
496,20000,32,0.746539,,0.746539,0.746096,0.746427,478.385,478.2484,478.3167,518.266594,518.520748,518.308766
497,20000,32,0.746539,,0.746539,0.746252,0.74644,478.385,478.2484,478.324896,518.266594,518.399446,518.30363
498,20000,32,0.746539,,0.746539,0.746252,0.746465,478.385,478.2484,478.339922,518.266594,518.399446,518.294164
499,20000,32,0.746539,,0.746539,0.746252,0.746482,478.385,478.2484,478.349484,518.266594,518.399446,518.287879
500,20000,32,0.746539,,0.746539,0.746381,0.746497,478.385,478.2484,478.353582,518.266594,518.369975,518.278724
501,20000,32,0.747097,,0.747097,0.746381,0.74651,478.911,478.2484,478.364306,518.183794,518.369975,518.275409
502,20000,32,0.747227,,0.747227,0.746381,0.746525,478.911,478.2484,478.373664,518.082585,518.367803,518.270479
503,20000,32,0.747227,,0.747227,0.746381,0.746533,478.911,478.2484,478.381656,518.082585,518.367803,518.268909
504,20000,32,0.747227,,0.747227,0.746381,0.746547,478.911,478.2484,478.39238,518.082585,518.367803,518.265695
505,20000,32,0.747227,,0.747227,0.746381,0.746566,478.911,478.2484,478.405836,518.082585,518.367803,518.259889
506,20000,32,0.747227,,0.747227,0.746381,0.746584,478.911,478.2484,478.419088,518.082585,518.298237,518.254498
507,20000,32,0.747227,,0.747227,0.746537,0.746601,478.911,478.385,478.43234,518.082585,518.268766,518.250098
508,20000,32,0.747227,,0.747227,0.746537,0.74661,478.911,478.385,478.4376,518.082585,518.268766,518.246821
509,20000,32,0.747227,,0.747227,0.746539,0.746639,478.911,478.385,478.45864,518.082585,518.266594,518.238046
510,20000,32,0.74723,,0.74723,0.746539,0.746657,478.911,478.385,478.46916,518.080413,518.266594,518.231557
511,20000,32,0.74723,,0.74723,0.746539,0.746686,478.911,478.385,478.4902,518.080413,518.266594,518.222803
512,20000,32,0.74723,,0.74723,0.746539,0.746721,478.911,478.385,478.51124,518.080413,518.266594,518.209869
513,20000,32,0.74723,,0.74723,0.746539,0.746752,478.911,478.385,478.52702,518.080413,518.266594,518.195945
514,20000,32,0.74723,,0.74723,0.746539,0.746795,478.911,478.385,478.55332,518.080413,518.266594,518.179733
515,20000,32,0.748336,,0.748336,0.746539,0.746834,479.479,478.385,478.57478,517.59864,518.266594,518.163778
516,20000,32,0.748564,,0.748564,0.746539,0.746877,479.6889,478.385,478.598339,517.561307,518.266594,518.145991
517,20000,32,0.748564,,0.748564,0.746539,0.746947,479.6889,478.385,478.638098,517.561307,518.266594,518.118312
518,20000,32,0.748564,,0.748564,0.746539,0.747005,479.6889,478.385,478.672177,517.561307,518.266594,518.095606
519,20000,32,0.748742,,0.748742,0.746539,0.747055,479.6889,478.385,478.699317,517.421962,518.266594,518.074724
520,20000,32,0.748742,,0.748742,0.746539,0.747177,479.6889,478.385,478.774465,517.421962,518.266594,518.030378
521,20000,32,0.748742,,0.748742,0.746539,0.747303,479.6889,478.385,478.848551,517.421962,518.266594,517.9817
522,20000,32,0.748742,,0.748742,0.746539,0.747406,479.6889,478.385,478.902709,517.421962,518.266594,517.937892
523,20000,32,0.748742,,0.748742,0.746539,0.747469,479.6889,478.385,478.938715,517.421962,518.266594,517.912728
524,20000,32,0.748742,,0.748742,0.746718,0.747593,479.6889,478.385,479.007591,517.421962,518.127248,517.861562
525,20000,32,0.748745,,0.748745,0.746718,0.747709,479.6889,478.385,479.073059,517.419789,518.127248,517.814966
526,20000,32,0.748745,,0.748745,0.746718,0.747847,479.6889,478.385,479.152183,517.419789,518.127248,517.760477
527,20000,32,0.749047,,0.749047,0.746718,0.747983,480.1077,478.385,479.226234,517.419789,518.127248,517.70448
528,20000,32,0.749104,,0.749104,0.746718,0.748135,480.1077,478.385,479.310668,516.999398,518.127248,517.642629
529,20000,32,0.749104,,0.749104,0.746718,0.748219,480.1077,478.385,479.362272,516.999398,518.127248,517.611125
530,20000,32,0.749332,,0.749332,0.746718,0.748337,480.1077,478.385,479.428487,516.962066,518.127248,517.56366
531,20000,32,0.749332,,0.749332,0.746718,0.748424,480.1077,478.385,479.464333,516.962066,518.127248,517.519774
532,20000,32,0.749332,,0.749332,0.746915,0.74854,480.1077,478.385,479.522584,516.962066,517.973484,517.468253
533,20000,32,0.750073,,0.750073,0.747409,0.748679,480.1489,478.911,479.572848,516.692453,517.941067,517.39328
534,20000,32,0.750073,,0.750073,0.747409,0.74881,480.1489,478.911,479.621068,516.692453,517.941067,517.324076
535,20000,32,0.750073,,0.750073,0.747409,0.748937,480.1489,478.911,479.677739,516.692453,517.941067,517.262894
536,20000,32,0.750073,,0.750073,0.747603,0.749022,480.1489,478.911,479.713324,516.692453,517.789475,517.219884
537,20000,32,0.750073,,0.750073,0.747603,0.749104,480.1489,478.911,479.744474,516.692453,517.789475,517.177483
538,20000,32,0.750127,,0.750127,0.748657,0.749185,481.2423,479.479,479.788707,516.692453,517.419789,517.143418
539,20000,32,0.750127,,0.750127,0.748657,0.749232,481.2423,479.479,479.802302,516.671248,517.419789,517.115721
540,20000,32,0.750127,,0.750127,0.748657,0.7493,481.2423,479.479,479.824666,516.671248,517.419789,517.077766
541,20000,32,0.750127,,0.750127,0.748885,0.749379,481.2423,479.479,479.866675,516.671248,517.382901,517.044698
542,20000,32,0.750127,,0.750127,0.748885,0.749454,481.2423,479.479,479.882541,516.528622,517.382901,516.997017
543,20000,32,0.750714,,0.750714,0.748942,0.749523,481.2423,479.479,479.927737,516.528622,517.382901,516.97319
544,20000,32,0.750714,,0.750714,0.748942,0.749608,481.2423,479.479,479.999184,516.528622,517.382901,516.954779
545,20000,32,0.751655,,0.751655,0.749104,0.749744,481.635,479.479,480.121852,516.454401,517.382901,516.930724
546,20000,32,0.751655,,0.751655,0.749104,0.74985,481.635,479.479,480.25203,516.454401,517.382901,516.935204
547,20000,32,0.751655,,0.751655,0.749332,0.749969,481.635,479.6889,480.386985,516.454401,517.382901,516.932819
548,20000,32,0.751655,,0.751655,0.749332,0.750043,481.635,479.6889,480.430814,516.454401,517.382901,516.904969
549,20000,32,0.751655,,0.751655,0.749332,0.750168,481.635,479.6889,480.557158,516.454401,517.382901,516.891869
550,20000,32,0.751655,,0.751655,0.749332,0.750319,481.7023,479.6889,480.678461,516.454401,517.617018,516.855344
551,20000,32,0.751655,,0.751655,0.749332,0.750375,481.7023,479.6889,480.704569,516.454401,517.382901,516.8292
552,20000,32,0.751655,,0.751655,0.749332,0.750518,481.7023,479.6889,480.802239,516.454401,517.382901,516.782706
553,20000,32,0.751655,,0.751655,0.749332,0.750649,481.7023,479.6137,480.900563,516.454401,517.382901,516.746675
554,20000,32,0.751655,,0.751655,0.749881,0.750738,481.7023,479.7478,480.964439,516.454401,517.382901,516.720179
555,20000,32,0.751655,,0.751655,0.749881,0.750839,481.7023,479.7478,481.029128,516.454401,517.382901,516.684548
556,20000,32,0.752396,,0.752396,0.749953,0.750904,482.095,479.7478,481.059002,516.184788,517.382901,516.653983
557,20000,32,0.752396,,0.752396,0.749953,0.751056,482.095,479.7478,481.188908,516.184788,517.382901,516.622419
558,20000,32,0.752396,,0.752396,0.749953,0.751175,482.095,479.7478,481.309749,516.184788,516.925177,516.610791
559,20000,32,0.752396,,0.752396,0.749953,0.751273,482.095,479.7478,481.394919,516.184788,516.962509,516.590961
560,20000,32,0.752396,,0.752396,0.750073,0.751431,482.095,480.1419,481.510788,516.184788,516.925177,516.545686
561,20000,32,0.752396,,0.752396,0.750073,0.751542,482.095,480.1489,481.601351,516.184788,516.925177,516.519745
562,20000,32,0.752396,,0.752396,0.750073,0.751615,482.095,480.1489,481.656467,516.184788,516.925177,516.4999
563,20000,32,0.752396,,0.752396,0.750698,0.751693,482.095,480.9232,481.713789,516.184788,516.925177,516.477424
564,20000,32,0.752396,,0.752396,0.750698,0.751798,482.095,480.9232,481.760351,516.043893,516.771412,516.426505
565,20000,32,0.752396,,0.752396,0.750911,0.751923,482.095,481.2423,481.828504,516.184788,516.771412,516.37451
566,20000,32,0.752396,,0.752396,0.750911,0.752009,482.095,481.2423,481.871882,516.184788,516.771412,516.336919
567,20000,32,0.752396,,0.752396,0.751455,0.752118,482.095,481.2423,481.925977,516.184788,516.655564,516.288361
568,20000,32,0.752396,,0.752396,0.751498,0.752218,482.095,481.2423,481.986339,516.184788,516.5018,516.250812
569,20000,32,0.752396,,0.752396,0.751553,0.752289,482.095,481.635,482.033403,516.043893,516.578737,516.226634
570,20000,32,0.752396,,0.752396,0.751553,0.752311,482.095,481.635,482.045857,516.043893,516.578737,516.217598
571,20000,32,0.752396,,0.752396,0.751652,0.752351,482.095,481.635,482.070092,516.184788,516.5018,516.202861
572,20000,32,0.753743,,0.753743,0.751652,0.752394,482.5565,481.7023,482.091761,515.443153,516.5018,516.183712
573,20000,32,0.753743,,0.753743,0.752396,0.752423,482.5565,482.095,482.10423,515.443153,516.184788,516.169955
574,20000,32,0.753743,,0.753743,0.752396,0.752452,482.5565,482.095,482.114244,515.443153,516.184788,516.153366
575,20000,32,0.75381,,0.75381,0.752396,0.752495,482.5565,482.095,482.128873,515.390974,516.184788,516.129836
576,20000,32,0.75381,,0.75381,0.752396,0.752538,482.5565,482.095,482.142718,515.390974,516.184788,516.105594
577,20000,32,0.75381,,0.75381,0.752396,0.752586,482.5565,482.095,482.160217,515.390974,516.184788,516.080093
578,20000,32,0.75381,,0.75381,0.752396,0.752634,482.5565,482.095,482.177716,515.390974,516.184788,516.05407
579,20000,32,0.75381,,0.75381,0.752396,0.752685,482.5565,482.095,482.196783,515.390974,516.184788,516.027524
580,20000,32,0.75381,,0.75381,0.752396,0.752748,482.5565,482.095,482.224194,515.390974,516.184788,515.996503
581,20000,32,0.75381,,0.75381,0.752396,0.752829,482.5565,482.095,482.251707,515.390974,516.184788,515.951851
582,20000,32,0.75381,,0.75381,0.752396,0.7529,482.5565,482.095,482.278777,515.390974,516.184788,515.914141
583,20000,32,0.75381,,0.75381,0.752396,0.752961,482.5908,482.095,482.30045,515.390974,516.184788,515.881171
584,20000,32,0.75381,,0.75381,0.752396,0.752992,482.5908,482.095,482.315243,515.390974,516.184788,515.867274
585,20000,32,0.75381,,0.75381,0.752396,0.753126,482.5908,482.095,482.360434,515.390974,516.184788,515.792857
586,20000,32,0.754251,,0.754251,0.752396,0.75322,482.9633,482.095,482.395769,515.317111,516.184788,515.74321
587,20000,32,0.754251,,0.754251,0.752396,0.753276,482.9633,482.095,482.416604,515.317111,516.184788,515.713255
588,20000,32,0.754251,,0.754251,0.752396,0.753352,482.9633,482.095,482.447501,515.2936,516.184788,515.675025
589,20000,32,0.754251,,0.754251,0.752396,0.753408,482.9633,482.095,482.479741,515.2936,516.184788,515.652812
590,20000,32,0.754251,,0.754251,0.752396,0.75344,482.9633,482.095,482.504319,515.2936,516.184788,515.644223
591,20000,32,0.754251,,0.754251,0.752523,0.75354,482.9633,482.095,482.555755,515.2936,516.108797,515.600951
592,20000,32,0.754412,,0.754412,0.75256,0.753639,482.9633,482.1734,482.60972,515.193639,516.108797,515.559826
593,20000,32,0.754412,,0.754412,0.752688,0.753734,482.9633,482.1734,482.648021,515.193639,516.087413,515.5115
594,20000,32,0.754412,,0.754412,0.752688,0.753853,482.9633,482.1734,482.7086,515.193639,516.087413,515.459086
595,20000,32,0.754486,,0.754486,0.752688,0.753958,482.9633,482.1734,482.762693,515.135874,516.087413,515.413736
596,20000,32,0.754486,,0.754486,0.752932,0.75404,483.0417,482.4604,482.79974,515.135874,516.011422,515.374694
597,20000,32,0.754486,,0.754486,0.752999,0.754106,483.0417,482.4604,482.826407,515.135874,515.959243,515.34067
598,20000,32,0.754486,,0.754486,0.753187,0.754172,483.0417,482.5565,482.867486,515.135874,515.926354,515.317
599,20000,32,0.754651,,0.754651,0.753187,0.754223,483.0417,482.5565,482.896614,515.059883,515.926354,515.296865
600,20000,32,0.754651,,0.754651,0.753743,0.754269,483.0417,482.5565,482.914342,515.059883,515.443153,515.272616
601,20000,32,0.754651,,0.754651,0.753743,0.754309,483.0417,482.5565,482.932758,515.059883,515.443153,515.253943
602,20000,32,0.754871,,0.754871,0.753908,0.754341,483.2623,482.6349,482.951294,515.036321,515.367162,515.241181
603,20000,32,0.754871,,0.754871,0.753975,0.754386,483.2623,482.6349,482.972984,515.036321,515.323837,515.220625
604,20000,32,0.754871,,0.754871,0.753975,0.754437,483.2623,482.6349,483.001628,515.036321,515.323837,515.199752
605,20000,32,0.75494,,0.75494,0.754181,0.754487,483.3821,482.8435,483.025196,515.036321,515.319682,515.176892
606,20000,32,0.754966,,0.754966,0.754181,0.75452,483.3821,482.8435,483.035364,514.962457,515.319682,515.157985
607,20000,32,0.754966,,0.754966,0.754251,0.754566,483.3821,482.9219,483.057322,514.962457,515.319682,515.137108
608,20000,32,0.754966,,0.754966,0.754251,0.754598,483.3821,482.9219,483.070714,514.962457,515.319682,515.12098
609,20000,32,0.755176,,0.755176,0.754251,0.754627,483.3821,482.9219,483.080926,514.878595,515.319682,515.104874
610,20000,32,0.755176,,0.755176,0.754251,0.754655,483.3821,482.9219,483.095102,514.878595,515.319682,515.092618
611,20000,32,0.755176,,0.755176,0.754251,0.754701,483.3821,482.9219,483.117878,514.878595,515.319682,515.072003
612,20000,32,0.755176,,0.755176,0.754415,0.754756,483.3821,482.9219,483.147092,514.878595,515.243691,515.048661
613,20000,32,0.755176,,0.755176,0.754415,0.754799,483.3821,482.9219,483.172308,514.878595,515.243691,515.031908
614,20000,32,0.755176,,0.755176,0.754415,0.754842,483.3821,483.0417,483.190526,514.878595,515.243691,515.010928
615,20000,32,0.755176,,0.755176,0.754415,0.754881,483.3821,483.0417,483.21076,514.878595,515.243691,514.99373
616,20000,32,0.755176,,0.755176,0.754651,0.754915,483.3821,483.0417,483.225574,514.878595,515.062403,514.977604
617,20000,32,0.755176,,0.755176,0.754651,0.754964,483.3821,483.0417,483.259086,514.878595,515.062403,514.96172
618,20000,32,0.755176,,0.755176,0.754651,0.755011,483.3821,483.0417,483.287706,514.878595,515.062403,514.943981
619,20000,32,0.755176,,0.755176,0.754651,0.755058,483.3821,483.0417,483.317814,514.878595,515.062403,514.927543
620,20000,32,0.755996,,0.755996,0.754651,0.755087,484.5299,483.0417,483.338786,514.878595,515.059883,514.918845
621,20000,32,0.755996,,0.755996,0.754651,0.755111,484.5299,483.0417,483.359278,514.878595,515.059883,514.914075
622,20000,32,0.755996,,0.755996,0.754651,0.755146,484.5299,483.0417,483.385998,514.878595,515.059883,514.904388
623,20000,32,0.755996,,0.755996,0.754651,0.755169,484.5299,483.0417,483.412358,514.878595,515.059883,514.904013
624,20000,32,0.755996,,0.755996,0.754651,0.755197,484.5299,483.0417,483.441114,514.878595,515.059883,514.90164
625,20000,32,0.755996,,0.755996,0.754651,0.7552,484.5299,483.0417,483.442312,514.878595,515.059883,514.900062
626,20000,32,0.755996,,0.755996,0.754651,0.755228,484.5299,483.0417,483.473564,514.878595,515.059883,514.898965
627,20000,32,0.755996,,0.755996,0.754651,0.755242,484.5299,483.0417,483.488446,514.878595,515.059883,514.898449
628,20000,32,0.755996,,0.755996,0.754871,0.755268,484.5299,483.2623,483.51744,514.878595,515.036321,514.897311
629,20000,32,0.755996,,0.755996,0.754871,0.755285,484.5299,483.2623,483.540396,514.878595,515.036321,514.899905
630,20000,32,0.755996,,0.755996,0.754871,0.755296,484.5299,483.2623,483.553072,514.878595,515.036321,514.899625
631,20000,32,0.75603,,0.75603,0.755176,0.755332,484.5299,483.3821,483.593871,514.559012,515.008276,514.898742
632,20000,32,0.75603,,0.75603,0.755176,0.755374,484.5299,483.3821,483.638639,514.559012,515.008276,514.896241
633,20000,32,0.75603,,0.75603,0.755176,0.755398,484.5299,483.3821,483.673073,514.559012,515.008276,514.900131
634,20000,32,0.75603,,0.75603,0.755176,0.755432,484.5299,483.3821,483.700052,514.559012,515.008276,514.89184
635,20000,32,0.756578,,0.756578,0.755176,0.755505,484.5299,483.3821,483.772825,514.546135,515.008276,514.884115
636,20000,32,0.756578,,0.756578,0.755176,0.755576,484.5299,483.3821,483.864531,514.546135,515.008276,514.889868
637,20000,32,0.756578,,0.756578,0.755176,0.755649,484.5299,483.3821,483.924682,514.546135,515.008276,514.873158
638,20000,32,0.756578,,0.756578,0.755176,0.755722,484.5299,483.3821,483.978522,514.546135,515.008276,514.851956
639,20000,32,0.756849,,0.756849,0.755176,0.755789,485.0466,483.3821,484.047036,514.546135,515.008276,514.845872
640,20000,32,0.756849,,0.756849,0.755176,0.755832,485.0466,483.3821,484.091704,514.546135,515.183057,514.84201
641,20000,32,0.757398,,0.757398,0.755176,0.755886,485.6659,483.3821,484.136236,514.546135,515.183057,514.830266
642,20000,32,0.757398,,0.757398,0.755176,0.755953,485.6659,483.3821,484.182448,514.546135,515.008276,514.809197
643,20000,32,0.757398,,0.757398,0.755176,0.756039,485.6659,483.3821,484.26027,514.546135,515.008276,514.793655
644,20000,32,0.757398,,0.757398,0.755176,0.756126,485.6659,483.3821,484.369577,514.546135,515.008276,514.799656
645,20000,32,0.757398,,0.757398,0.755176,0.756231,485.6659,483.3821,484.484558,514.546135,515.052829,514.794584
646,20000,32,0.757398,,0.757398,0.755176,0.756318,485.6659,483.3821,484.572097,514.546135,515.179575,514.78501
647,20000,32,0.757398,,0.757398,0.755176,0.756474,485.6659,483.3821,484.7192,514.546135,515.008276,514.762189
648,20000,32,0.757398,,0.757398,0.755176,0.756627,485.6659,483.3821,484.868378,514.546135,515.008276,514.742567
649,20000,32,0.757398,,0.757398,0.755176,0.756765,485.6659,483.3821,484.987572,514.546135,515.008276,514.714961
650,20000,32,0.757398,,0.757398,0.755176,0.756827,485.6659,483.3821,485.053961,514.546135,515.008276,514.710861
651,20000,32,0.757398,,0.757398,0.755996,0.756912,485.6659,483.8988,485.127524,514.546135,515.008276,514.694393
652,20000,32,0.757398,,0.757398,0.755996,0.757013,485.6659,483.8988,485.231144,514.546135,515.008276,514.684548
653,20000,32,0.757398,,0.757398,0.755996,0.757093,485.6659,483.8988,485.329951,514.546135,515.008276,514.688618
654,20000,32,0.757398,,0.757398,0.755996,0.75717,485.6659,484.5181,485.419096,514.546135,515.008276,514.688282
655,20000,32,0.757398,,0.757398,0.755996,0.757232,485.6659,484.5181,485.488157,514.546135,515.008276,514.685895
656,20000,32,0.757398,,0.757398,0.756446,0.757279,485.6659,484.5181,485.541052,514.546135,515.003176,514.684778
657,20000,32,0.757398,,0.757398,0.756544,0.757327,485.6659,484.5181,485.594973,514.546135,514.995399,514.683583
658,20000,32,0.757398,,0.757398,0.756544,0.757354,485.6659,484.5181,485.620224,514.546135,514.995399,514.679871
659,20000,32,0.757398,,0.757398,0.756544,0.75737,485.6659,484.5181,485.636869,514.546135,514.995399,514.677972
660,20000,32,0.757398,,0.757398,0.756849,0.757387,485.6659,485.0466,485.653514,514.675815,514.688692,514.676073
661,20000,32,0.757398,,0.757398,0.756849,0.757387,485.6659,485.0466,485.653514,514.675815,514.688692,514.676073
662,20000,32,0.757398,,0.757398,0.757398,0.757398,485.6659,485.6659,485.6659,514.675815,514.675815,514.675815
663,20000,32,0.757398,,0.757398,0.757398,0.757398,485.6659,485.6659,485.6659,514.675815,514.675815,514.675815
664,20000,32,0.757398,,0.757398,0.757398,0.757398,485.6659,485.6659,485.6659,514.675815,514.675815,514.675815
665,20000,32,0.757398,,0.757398,0.757398,0.757398,485.6659,485.6659,485.6659,514.675815,514.675815,514.675815
666,20000,32,0.757398,,0.757398,0.757398,0.757398,485.6659,485.6659,485.6659,514.675815,514.675815,514.675815
667,20000,32,0.757398,,0.757398,0.757398,0.757398,485.6659,485.6659,485.6659,514.675815,514.675815,514.675815
668,20000,32,0.757398,,0.757398,0.757398,0.757398,485.6659,485.6659,485.6659,514.675815,514.675815,514.675815
669,20000,32,0.757398,,0.757398,0.757398,0.757398,485.6659,485.6659,485.6659,514.675815,514.675815,514.675815
670,20000,32,0.757398,,0.757398,0.757398,0.757398,485.6659,485.6659,485.6659,514.675815,514.675815,514.675815
671,20000,32,0.757398,,0.757398,0.757398,0.757398,485.6659,485.6659,485.6659,514.675815,514.675815,514.675815
672,20000,32,0.757398,,0.757398,0.757398,0.757398,485.6659,485.6659,485.6659,514.675815,514.675815,514.675815
673,20000,32,0.757398,,0.757398,0.757398,0.757398,485.6659,485.6659,485.6659,514.675815,514.675815,514.675815
674,20000,32,0.757398,,0.757398,0.757398,0.757398,485.6659,485.6659,485.6659,514.675815,514.675815,514.675815
675,20000,32,0.757398,,0.757398,0.757398,0.757398,485.6659,485.6659,485.6659,514.675815,514.675815,514.675815
676,20000,32,0.757398,,0.757398,0.757398,0.757398,485.6659,485.6659,485.6659,514.675815,514.675815,514.675815
677,20000,32,0.757398,,0.757398,0.757398,0.757398,485.6659,485.6659,485.6659,514.675815,514.675815,514.675815
678,20000,32,0.757398,,0.757398,0.757398,0.757398,485.6659,485.6659,485.6659,514.675815,514.675815,514.675815
679,20000,32,0.757398,,0.757398,0.757398,0.757398,485.6659,485.6659,485.6659,514.675815,514.675815,514.675815
680,20000,32,0.757398,,0.757398,0.757398,0.757398,485.6659,485.6659,485.6659,514.675815,514.675815,514.675815
681,20000,32,0.757398,,0.757398,0.757398,0.757398,485.6659,485.6659,485.6659,514.675815,514.675815,514.675815
682,20000,32,0.757398,,0.757398,0.757398,0.757398,485.6659,485.6659,485.6659,514.675815,514.675815,514.675815
683,20000,32,0.757398,,0.757398,0.757398,0.757398,485.6659,485.6659,485.6659,514.675815,514.675815,514.675815
684,20000,32,0.757398,,0.757398,0.757398,0.757398,485.6659,485.6659,485.6659,514.675815,514.675815,514.675815
685,20000,32,0.757398,,0.757398,0.757398,0.757398,485.6659,485.6659,485.6659,514.675815,514.675815,514.675815
686,20000,32,0.757631,,0.757631,0.757398,0.7574,485.8138,485.6659,485.667379,514.593466,514.675815,514.674992
687,20000,32,0.757631,,0.757631,0.757398,0.757403,485.8138,485.6659,485.668858,514.593466,514.675815,514.674168
688,20000,32,0.757631,,0.757631,0.757398,0.757405,485.8138,485.6659,485.670337,514.593466,514.675815,514.673345
689,20000,32,0.757631,,0.757631,0.757398,0.757405,485.8138,485.6659,485.670337,514.593466,514.675815,514.673345
690,20000,32,0.757631,,0.757631,0.757398,0.75741,485.8138,485.6659,485.673295,514.593466,514.675815,514.671698
691,20000,32,0.757631,,0.757631,0.757398,0.757417,485.8138,485.6659,485.677732,514.593466,514.675815,514.669227
692,20000,32,0.757631,,0.757631,0.757398,0.757426,485.8138,485.6659,485.683648,514.593466,514.675815,514.665933
693,20000,32,0.757631,,0.757631,0.757398,0.757442,485.8138,485.6659,485.694001,514.593466,514.675815,514.660169
694,20000,32,0.757631,,0.757631,0.757398,0.757461,485.8138,485.6659,485.705833,514.593466,514.675815,514.653581
695,20000,32,0.757631,,0.757631,0.757398,0.757475,485.8138,485.6659,485.714707,514.593466,514.675815,514.64864
696,20000,32,0.757631,,0.757631,0.757398,0.757496,485.8138,485.6659,485.728018,514.593466,514.675815,514.641229
697,20000,32,0.757631,,0.757631,0.757398,0.757512,485.8138,485.6659,485.738371,514.593466,514.675815,514.635464
698,20000,32,0.757631,,0.757631,0.757398,0.757535,485.8138,485.6659,485.753161,514.593466,514.675815,514.627229
699,20000,32,0.757631,,0.757631,0.757398,0.757563,485.8138,485.6659,485.770909,514.593466,514.675815,514.617347
700,20000,32,0.757631,,0.757631,0.757398,0.757584,485.8138,485.6659,485.78422,514.593466,514.675815,514.609936
701,20000,32,0.757631,,0.757631,0.757398,0.757593,485.8138,485.6659,485.790136,514.593466,514.675815,514.606642
702,20000,32,0.757631,,0.757631,0.757398,0.7576,485.8138,485.6659,485.794573,514.593466,514.675815,514.604171
703,20000,32,0.757631,,0.757631,0.757398,0.757609,485.8138,485.6659,485.800489,514.593466,514.675815,514.601634
704,20000,32,0.757631,,0.757631,0.757398,0.757619,485.8138,485.6659,485.806405,514.593466,514.675815,514.597583
705,20000,32,0.757631,,0.757631,0.757398,0.757626,485.8138,485.6659,485.810842,514.593466,514.675815,514.595113
706,20000,32,0.757631,,0.757631,0.757631,0.757631,485.8138,485.8138,485.8138,514.593466,514.593466,514.593466
707,20000,32,0.757631,,0.757631,0.757631,0.757631,485.8138,485.8138,485.8138,514.593466,514.593466,514.593466
708,20000,32,0.757631,,0.757631,0.757631,0.757631,485.8138,485.8138,485.8138,514.593466,514.593466,514.593466
709,20000,32,0.757631,,0.757631,0.757631,0.757631,485.8138,485.8138,485.8138,514.593466,514.593466,514.593466
710,20000,32,0.757631,,0.757631,0.757631,0.757631,485.8138,485.8138,485.8138,514.593466,514.593466,514.593466
711,20000,32,0.757631,,0.757631,0.757631,0.757631,485.8138,485.8138,485.8138,514.593466,514.593466,514.593466
712,20000,32,0.757631,,0.757631,0.757631,0.757631,485.8138,485.8138,485.8138,514.593466,514.593466,514.593466
713,20000,32,0.757631,,0.757631,0.757631,0.757631,485.8138,485.8138,485.8138,514.593466,514.593466,514.593466
714,20000,32,0.757631,,0.757631,0.757631,0.757631,485.8138,485.8138,485.8138,514.593466,514.593466,514.593466
715,20000,32,0.757631,,0.757631,0.757631,0.757631,485.8138,485.8138,485.8138,514.593466,514.593466,514.593466
716,20000,32,0.757631,,0.757631,0.757631,0.757631,485.8138,485.8138,485.8138,514.593466,514.593466,514.593466
717,20000,32,0.757631,,0.757631,0.757631,0.757631,485.8138,485.8138,485.8138,514.593466,514.593466,514.593466
718,20000,32,0.757631,,0.757631,0.757631,0.757631,485.8138,485.8138,485.8138,514.593466,514.593466,514.593466
719,20000,32,0.758205,,0.758205,0.757631,0.757636,486.1702,485.8138,485.817364,514.38417,514.593466,514.591373
720,20000,32,0.758205,,0.758205,0.757631,0.757648,486.1702,485.8138,485.824492,514.38417,514.593466,514.587187
721,20000,32,0.758205,,0.758205,0.757631,0.757659,486.1702,485.8138,485.83162,514.38417,514.593466,514.583001
722,20000,32,0.758205,,0.758205,0.757631,0.757665,486.1702,485.8138,485.835184,514.38417,514.593466,514.580908
723,20000,32,0.758205,,0.758205,0.757631,0.757705,486.1702,485.8138,485.860132,514.38417,514.593466,514.566257
724,20000,32,0.758205,,0.758205,0.757631,0.757723,486.1702,485.8138,485.870824,514.38417,514.593466,514.559978
725,20000,32,0.758205,,0.758205,0.757631,0.757757,486.1702,485.8138,485.892208,514.38417,514.593466,514.547421
726,20000,32,0.758205,,0.758205,0.757631,0.757763,486.1702,485.8138,485.895772,514.38417,514.593466,514.545328
727,20000,32,0.758205,,0.758205,0.757631,0.757786,486.1702,485.8138,485.910028,514.38417,514.593466,514.536956
728,20000,32,0.758205,,0.758205,0.757631,0.757814,486.1702,485.8138,485.927848,514.38417,514.593466,514.526491
729,20000,32,0.758205,,0.758205,0.757631,0.757826,486.1702,485.8138,485.934976,514.38417,514.593466,514.522305
730,20000,32,0.758205,,0.758205,0.757631,0.757855,486.1702,485.8138,485.952796,514.38417,514.593466,514.51184
731,20000,32,0.758205,,0.758205,0.757631,0.757878,486.1702,485.8138,485.967052,514.38417,514.593466,514.503468
732,20000,32,0.758205,,0.758205,0.757631,0.757883,486.1702,485.8138,485.970616,514.38417,514.593466,514.501375
733,20000,32,0.758205,,0.758205,0.757631,0.757918,486.1702,485.8138,485.992,514.38417,514.593466,514.488818
734,20000,32,0.758205,,0.758205,0.757631,0.757964,486.1702,485.8138,486.020512,514.38417,514.593466,514.472074
735,20000,32,0.758205,,0.758205,0.757631,0.757993,486.1702,485.8138,486.038332,514.38417,514.593466,514.461609
736,20000,32,0.758205,,0.758205,0.757631,0.758027,486.1702,485.8138,486.059716,514.38417,514.593466,514.449051
737,20000,32,0.758205,,0.758205,0.757631,0.75805,486.1702,485.8138,486.073972,514.38417,514.593466,514.44068
738,20000,32,0.758205,,0.758205,0.757631,0.758084,486.1702,485.8138,486.095356,514.38417,514.593466,514.428122
739,20000,32,0.758205,,0.758205,0.757631,0.758113,486.1702,485.8138,486.113176,514.38417,514.593466,514.417657
740,20000,32,0.758205,,0.758205,0.757631,0.758136,486.1702,485.8138,486.127432,514.38417,514.593466,514.409285
741,20000,32,0.758205,,0.758205,0.757631,0.758159,486.1702,485.8138,486.141688,514.38417,514.593466,514.400913
742,20000,32,0.758205,,0.758205,0.757631,0.758171,486.1702,485.8138,486.148816,514.38417,514.593466,514.396727
743,20000,32,0.758205,,0.758205,0.757631,0.758194,486.1702,485.8138,486.163072,514.38417,514.593466,514.388355
744,20000,32,0.758205,,0.758205,0.758205,0.758205,486.1702,486.1702,486.1702,514.38417,514.38417,514.38417
745,20000,32,0.758205,,0.758205,0.758205,0.758205,486.1702,486.1702,486.1702,514.38417,514.38417,514.38417
746,20000,32,0.758205,,0.758205,0.758205,0.758205,486.1702,486.1702,486.1702,514.38417,514.38417,514.38417
747,20000,32,0.758205,,0.758205,0.758205,0.758205,486.1702,486.1702,486.1702,514.38417,514.38417,514.38417
748,20000,32,0.758205,,0.758205,0.758205,0.758205,486.1702,486.1702,486.1702,514.38417,514.38417,514.38417
749,20000,32,0.758205,,0.758205,0.758205,0.758205,486.1702,486.1702,486.1702,514.38417,514.38417,514.38417
750,20000,32,0.758205,,0.758205,0.758205,0.758205,486.1702,486.1702,486.1702,514.38417,514.38417,514.38417
751,20000,32,0.758931,,0.758931,0.758205,0.758212,486.7419,486.1702,486.175917,514.201329,514.38417,514.382341
752,20000,32,0.758931,,0.758931,0.758205,0.758217,486.7419,486.1702,486.178357,514.156284,514.38417,514.380062
753,20000,32,0.758931,,0.758931,0.758205,0.758227,486.7419,486.1702,486.183237,514.156284,514.38417,514.375505
754,20000,32,0.758931,,0.758931,0.758205,0.75824,486.7419,486.1702,486.191394,514.156284,514.38417,514.371397
755,20000,32,0.758931,,0.758931,0.758205,0.758245,486.7419,486.1702,486.193834,514.156284,514.38417,514.369118
756,20000,32,0.758931,,0.758931,0.758205,0.758257,486.7419,486.1702,486.201991,514.156284,514.38417,514.365011
757,20000,32,0.758931,,0.758931,0.758205,0.758277,486.7419,486.1702,486.215865,514.156284,514.38417,514.359076
758,20000,32,0.759271,,0.759271,0.758205,0.758309,487.0996,486.1702,486.238196,514.156284,514.38417,514.348321
759,20000,32,0.759271,,0.759271,0.758205,0.75834,487.0996,486.1702,486.261364,514.156284,514.38417,514.340296
760,20000,32,0.759271,,0.759271,0.758205,0.758408,487.0996,486.1702,486.309303,514.156284,514.38417,514.319237
761,20000,32,0.759271,,0.759271,0.758205,0.758463,487.0996,486.1702,486.353199,514.156284,514.38417,514.305466
762,20000,32,0.759271,,0.759271,0.758205,0.758512,487.0996,486.1702,486.394355,514.156284,514.38417,514.294684
763,20000,32,0.759271,,0.759271,0.758205,0.758601,487.0996,486.1702,486.46911,514.156284,514.38417,514.275806
764,20000,32,0.759271,,0.759271,0.758205,0.758642,487.0996,486.1702,486.504045,514.156284,514.38417,514.267187
765,20000,32,0.759271,,0.759271,0.758205,0.758687,487.0996,486.1702,486.543061,514.156284,514.38417,514.257974
766,20000,32,0.759997,,0.759997,0.758205,0.758767,487.6713,486.1702,486.61404,513.992373,514.38417,514.243321
767,20000,32,0.759997,,0.759997,0.758205,0.758838,487.6713,486.1702,486.670807,513.992373,514.38417,514.225773
768,20000,32,0.759997,,0.759997,0.758205,0.758919,487.6713,486.1702,486.741282,513.992373,514.38417,514.21003
769,20000,32,0.759997,,0.759997,0.758205,0.758996,487.6713,486.1702,486.809617,513.992373,514.38417,514.195853
770,20000,32,0.759997,,0.759997,0.758205,0.759095,487.6713,486.1702,486.899606,513.992373,514.38417,514.178836
771,20000,32,0.759997,,0.759997,0.758205,0.759191,487.6713,486.1702,486.981126,513.992373,514.38417,514.158189
772,20000,32,0.759997,,0.759997,0.758707,0.75924,487.6713,486.4142,487.020442,513.992373,514.201329,514.146481
773,20000,32,0.759997,,0.759997,0.758707,0.759316,487.6713,486.4142,487.087877,513.992373,514.201329,514.132657
774,20000,32,0.759997,,0.759997,0.758931,0.759368,487.6713,486.7419,487.131607,513.992373,514.201329,514.121636
775,20000,32,0.759997,,0.759997,0.758931,0.75945,487.6713,486.7419,487.190706,513.971002,514.201329,514.096793
776,20000,32,0.759997,,0.759997,0.758931,0.75957,487.6713,486.7419,487.289121,513.971002,514.201329,514.069154
777,20000,32,0.760225,,0.760225,0.758931,0.759691,487.6713,486.7419,487.386099,513.814159,514.201329,514.040208
778,20000,32,0.760225,,0.760225,0.758931,0.759752,487.6713,486.7419,487.428047,513.814159,514.201329,514.020851
779,20000,32,0.760225,,0.760225,0.758931,0.759802,487.6713,486.7419,487.462388,513.814159,514.201329,514.004584
780,20000,32,0.760225,,0.760225,0.758931,0.759839,487.6713,486.7419,487.485748,513.814159,514.201329,513.991188
781,20000,32,0.760225,,0.760225,0.759159,0.759863,487.6713,486.7419,487.495042,513.814159,514.175214,513.978406
782,20000,32,0.760225,,0.760225,0.759159,0.759935,487.6713,486.7419,487.550314,513.814159,514.023114,513.959476
783,20000,32,0.760225,,0.760225,0.759159,0.759976,487.6713,486.7419,487.575564,513.814159,514.023114,513.944818
784,20000,32,0.760225,,0.760225,0.759159,0.760029,487.6713,486.7419,487.61677,513.814159,514.023114,513.93112
785,20000,32,0.760225,,0.760225,0.759159,0.760057,487.6713,486.7419,487.631204,513.814159,514.162226,513.918865
786,20000,32,0.761372,,0.761372,0.759452,0.760114,488.1671,487.0051,487.661656,513.25215,514.162226,513.894953
787,20000,32,0.761372,,0.761372,0.759452,0.760149,488.1671,487.0051,487.674554,513.25215,513.992373,513.8757
788,20000,32,0.761372,,0.761372,0.759997,0.760187,488.1671,487.6713,487.686174,513.25215,513.992373,513.853856
789,20000,32,0.761372,,0.761372,0.759997,0.760247,488.1671,487.6713,487.706006,513.25215,513.992373,513.82101
790,20000,32,0.761372,,0.761372,0.759997,0.760282,488.1671,487.6713,487.715922,513.25215,513.992373,513.800132
791,20000,32,0.761372,,0.761372,0.759997,0.760324,488.1671,487.6713,487.730796,513.25215,513.992373,513.77687
792,20000,32,0.761372,,0.761372,0.759997,0.760371,488.1671,487.6713,487.74567,513.25215,513.992373,513.750772
793,20000,32,0.761372,,0.761372,0.759997,0.76042,488.1671,487.6713,487.763005,513.25215,513.992373,513.724099
794,20000,32,0.761372,,0.761372,0.76009,0.760478,488.1671,487.6713,487.785298,513.25215,513.919647,513.693231
795,20000,32,0.761372,,0.761372,0.76009,0.760509,488.1671,487.6713,487.797675,513.25215,513.919647,513.677895
796,20000,32,0.761372,,0.761372,0.76009,0.760584,488.1671,487.6713,487.832345,513.25215,513.919647,513.642313
797,20000,32,0.761372,,0.761372,0.760225,0.760618,488.1671,487.6713,487.849644,513.25215,513.814159,513.627224
798,20000,32,0.761372,,0.761372,0.760225,0.760656,488.1671,487.6713,487.866979,513.25215,513.814159,513.609433
799,20000,32,0.761372,,0.761372,0.760225,0.760682,488.1671,487.6713,487.879356,513.25215,513.814159,513.597262
800,20000,32,0.761372,,0.761372,0.760225,0.760727,488.1671,487.6713,487.901613,513.25215,513.814159,513.577252
801,20000,32,0.761372,,0.761372,0.760225,0.76077,488.1671,487.6713,487.918984,513.25215,513.814159,513.555703
802,20000,32,0.761372,,0.761372,0.760225,0.760857,488.1671,487.6713,487.956007,513.25215,513.814159,513.512658
803,20000,32,0.761372,,0.761372,0.760225,0.760914,488.1671,487.6713,487.980797,513.25215,513.814159,513.484558
804,20000,32,0.761372,,0.761372,0.760225,0.760968,488.1671,487.6713,488.005731,513.25215,513.814159,513.45923
805,20000,32,0.761372,,0.761372,0.760225,0.761028,488.1671,487.6713,488.032982,513.25215,513.814159,513.430199
806,20000,32,0.761372,,0.761372,0.760225,0.761109,488.1671,487.6713,488.067688,513.25215,513.814159,513.390858
807,20000,32,0.761381,,0.761381,0.760225,0.76116,488.1671,487.6713,488.087556,513.245265,513.814159,513.364551
808,20000,32,0.761381,,0.761381,0.760225,0.761217,488.1671,487.6713,488.112346,513.245265,513.814159,513.336451
809,20000,32,0.761381,,0.761381,0.760225,0.761268,488.1671,487.6713,488.132214,513.245265,513.814159,513.310074
810,20000,32,0.761381,,0.761381,0.760556,0.761307,488.1671,487.9174,488.147124,513.245265,513.721055,513.289387
811,20000,32,0.761381,,0.761381,0.760556,0.761332,488.1671,487.9174,488.154615,513.245265,513.721055,513.275045
812,20000,32,0.761381,,0.761381,0.760556,0.76134,488.1671,487.9174,488.157112,513.245265,513.721055,513.270149
813,20000,32,0.761381,,0.761381,0.760556,0.761357,488.1671,487.9174,488.162106,513.245265,513.721055,513.260496
814,20000,32,0.761381,,0.761381,0.761372,0.761374,488.1671,488.1671,488.1671,513.245265,513.25215,513.250911
815,20000,32,0.761381,,0.761381,0.761372,0.761374,488.1671,488.1671,488.1671,513.245265,513.25215,513.250567
816,20000,32,0.761381,,0.761381,0.761372,0.761375,488.1671,488.1671,488.1671,513.245265,513.25215,513.250085
817,20000,32,0.761381,,0.761381,0.761372,0.761375,488.1671,488.1671,488.1671,513.245265,513.25215,513.249396
818,20000,32,0.761381,,0.761381,0.761372,0.761376,488.1671,488.1671,488.1671,513.245265,513.25215,513.248777
819,20000,32,0.761381,,0.761381,0.761372,0.761377,488.1671,488.1671,488.1671,513.245265,513.25215,513.248364
820,20000,32,0.761381,,0.761381,0.761372,0.761377,488.1671,488.1671,488.1671,513.245265,513.25215,513.247882
821,20000,32,0.761381,,0.761381,0.761372,0.761378,488.1671,488.1671,488.1671,513.245265,513.25215,513.247193
822,20000,32,0.761381,,0.761381,0.761372,0.761379,488.1671,488.1671,488.1671,513.245265,513.25215,513.246642
823,20000,32,0.761381,,0.761381,0.761372,0.76138,488.1671,488.1671,488.1671,513.245265,513.25215,513.246091
824,20000,32,0.761381,,0.761381,0.761372,0.76138,488.1671,488.1671,488.1671,513.245265,513.25215,513.245678
825,20000,32,0.761381,,0.761381,0.761372,0.761381,488.1671,488.1671,488.1671,513.245265,513.25215,513.245472
826,20000,32,0.761381,,0.761381,0.761372,0.761381,488.1671,488.1671,488.1671,513.245265,513.25215,513.245334
827,20000,32,0.761381,,0.761381,0.761381,0.761381,488.1671,488.1671,488.1671,513.245265,513.245265,513.245265
828,20000,32,0.761381,,0.761381,0.761381,0.761381,488.1671,488.1671,488.1671,513.245265,513.245265,513.245265
829,20000,32,0.761381,,0.761381,0.761381,0.761381,488.1671,488.1671,488.1671,513.245265,513.245265,513.245265
830,20000,32,0.761381,,0.761381,0.761381,0.761381,488.1671,488.1671,488.1671,513.245265,513.245265,513.245265
831,20000,32,0.761381,,0.761381,0.761381,0.761381,488.1671,488.1671,488.1671,513.245265,513.245265,513.245265
832,20000,32,0.761381,,0.761381,0.761381,0.761381,488.1671,488.1671,488.1671,513.245265,513.245265,513.245265
833,20000,32,0.761381,,0.761381,0.761381,0.761381,488.1671,488.1671,488.1671,513.245265,513.245265,513.245265
834,20000,32,0.761381,,0.761381,0.761381,0.761381,488.1671,488.1671,488.1671,513.245265,513.245265,513.245265
835,20000,32,0.761381,,0.761381,0.761381,0.761381,488.1671,488.1671,488.1671,513.245265,513.245265,513.245265
836,20000,32,0.761381,,0.761381,0.761381,0.761381,488.1671,488.1671,488.1671,513.245265,513.245265,513.245265
837,20000,32,0.761381,,0.761381,0.761381,0.761381,488.1671,488.1671,488.1671,513.245265,513.245265,513.245265
838,20000,32,0.761381,,0.761381,0.761381,0.761381,488.1671,488.1671,488.1671,513.245265,513.245265,513.245265
839,20000,32,0.761381,,0.761381,0.761381,0.761381,488.1671,488.1671,488.1671,513.245265,513.245265,513.245265
840,20000,32,0.761381,,0.761381,0.761381,0.761381,488.1671,488.1671,488.1671,513.245265,513.245265,513.245265
841,20000,32,0.761381,,0.761381,0.761381,0.761381,488.1671,488.1671,488.1671,513.245265,513.245265,513.245265
842,20000,32,0.761381,,0.761381,0.761381,0.761381,488.1671,488.1671,488.1671,513.245265,513.245265,513.245265
843,20000,32,0.761381,,0.761381,0.761381,0.761381,488.1671,488.1671,488.1671,513.245265,513.245265,513.245265
844,20000,32,0.761381,,0.761381,0.761381,0.761381,488.1671,488.1671,488.1671,513.245265,513.245265,513.245265
845,20000,32,0.761381,,0.761381,0.761381,0.761381,488.1671,488.1671,488.1671,513.245265,513.245265,513.245265
846,20000,32,0.761381,,0.761381,0.761381,0.761381,488.1671,488.1671,488.1671,513.245265,513.245265,513.245265
847,20000,32,0.761381,,0.761381,0.761381,0.761381,488.1671,488.1671,488.1671,513.245265,513.245265,513.245265
848,20000,32,0.761381,,0.761381,0.761381,0.761381,488.1671,488.1671,488.1671,513.245265,513.245265,513.245265
849,20000,32,0.761381,,0.761381,0.761381,0.761381,488.1671,488.1671,488.1671,513.245265,513.245265,513.245265
850,20000,32,0.761381,,0.761381,0.761381,0.761381,488.1671,488.1671,488.1671,513.245265,513.245265,513.245265
851,20000,32,0.761381,,0.761381,0.761381,0.761381,488.1671,488.1671,488.1671,513.245265,513.245265,513.245265
852,20000,32,0.761381,,0.761381,0.761381,0.761381,488.1671,488.1671,488.1671,513.245265,513.245265,513.245265
853,20000,32,0.761381,,0.761381,0.761381,0.761381,488.1671,488.1671,488.1671,513.245265,513.245265,513.245265
854,20000,32,0.761381,,0.761381,0.761381,0.761381,488.1671,488.1671,488.1671,513.245265,513.245265,513.245265
855,20000,32,0.761381,,0.761381,0.761381,0.761381,488.1671,488.1671,488.1671,513.245265,513.245265,513.245265
856,20000,32,0.761381,,0.761381,0.761381,0.761381,488.1671,488.1671,488.1671,513.245265,513.245265,513.245265
857,20000,32,0.761381,,0.761381,0.761381,0.761381,488.1671,488.1671,488.1671,513.245265,513.245265,513.245265
858,20000,32,0.761381,,0.761381,0.761381,0.761381,488.1671,488.1671,488.1671,513.245265,513.245265,513.245265
859,20000,32,0.761381,,0.761381,0.761381,0.761381,488.1671,488.1671,488.1671,513.245265,513.245265,513.245265
860,20000,32,0.761381,,0.761381,0.761381,0.761381,488.1671,488.1671,488.1671,513.245265,513.245265,513.245265
861,20000,32,0.761381,,0.761381,0.761381,0.761381,488.1671,488.1671,488.1671,513.245265,513.245265,513.245265
862,20000,32,0.761381,,0.761381,0.761381,0.761381,488.1671,488.1671,488.1671,513.245265,513.245265,513.245265
863,20000,32,0.761381,,0.761381,0.761381,0.761381,488.1671,488.1671,488.1671,513.245265,513.245265,513.245265
864,20000,32,0.762027,,0.762027,0.761381,0.761387,488.4998,488.1671,488.170427,512.964385,513.245265,513.242456
865,20000,32,0.762027,,0.762027,0.761381,0.761387,488.4998,488.1671,488.170427,512.964385,513.245265,513.242456
866,20000,32,0.762027,,0.762027,0.761381,0.761387,488.4998,488.1671,488.170427,512.964385,513.245265,513.242456
867,20000,32,0.762027,,0.762027,0.761381,0.761394,488.4998,488.1671,488.173754,512.964385,513.245265,513.239648
868,20000,32,0.762027,,0.762027,0.761381,0.7614,488.4998,488.1671,488.177081,512.964385,513.245265,513.236839
869,20000,32,0.762027,,0.762027,0.761381,0.761407,488.4998,488.1671,488.180408,512.964385,513.245265,513.23403
870,20000,32,0.762027,,0.762027,0.761381,0.761413,488.4998,488.1671,488.183735,512.964385,513.245265,513.231221
871,20000,32,0.762027,,0.762027,0.761381,0.761432,488.4998,488.1671,488.193716,512.964385,513.245265,513.222795
872,20000,32,0.762027,,0.762027,0.761381,0.761458,488.4998,488.1671,488.207024,512.964385,513.245265,513.21156
873,20000,32,0.762027,,0.762027,0.761381,0.761478,488.4998,488.1671,488.217005,512.964385,513.245265,513.203133
874,20000,32,0.762027,,0.762027,0.761381,0.761529,488.4998,488.1671,488.243621,512.964385,513.245265,513.180663
875,20000,32,0.762027,,0.762027,0.761381,0.761562,488.4998,488.1671,488.260256,512.964385,513.245265,513.166619
876,20000,32,0.762027,,0.762027,0.761381,0.76162,488.4998,488.1671,488.290199,512.964385,513.245265,513.14134
877,20000,32,0.762027,,0.762027,0.761381,0.761684,488.4998,488.1671,488.323469,512.964385,513.245265,513.113252
878,20000,32,0.762047,,0.762047,0.761381,0.761736,488.4998,488.1671,488.350085,512.948829,513.245265,513.090626
879,20000,32,0.762047,,0.762047,0.761381,0.761762,488.4998,488.1671,488.363393,512.948829,513.245265,513.079079
880,20000,32,0.762047,,0.762047,0.761381,0.761815,488.4998,488.1671,488.390009,512.948829,513.245265,513.056298
881,20000,32,0.762047,,0.762047,0.761381,0.761858,488.4998,488.1671,488.411643,512.948829,513.245265,513.037088
882,20000,32,0.762047,,0.762047,0.761381,0.76188,488.4998,488.1671,488.423279,512.948829,513.245265,513.027276
883,20000,32,0.762047,,0.762047,0.761381,0.761909,488.4998,488.0757,488.435673,512.948829,513.245265,513.013382
884,20000,32,0.762047,,0.762047,0.761381,0.761936,488.4998,488.0757,488.448981,512.948829,513.245265,513.001369
885,20000,32,0.762047,,0.762047,0.761381,0.761969,488.4998,488.0757,488.465616,512.948829,513.245265,512.986547
886,20000,32,0.762047,,0.762047,0.761381,0.762002,488.4998,488.0757,488.482251,512.948829,513.245265,512.971881
887,20000,32,0.762047,,0.762047,0.762027,0.762027,488.4998,488.4998,488.496473,512.948829,512.964385,512.96206
888,20000,32,0.762047,,0.762047,0.762027,0.762034,488.4998,488.4998,488.4998,512.948829,512.964385,512.958474
889,20000,32,0.762047,,0.762047,0.762027,0.762035,488.4998,488.4998,488.4998,512.948829,512.964385,512.958163
890,20000,32,0.762047,,0.762047,0.762027,0.762036,488.4998,488.4998,488.4998,512.948829,512.964385,512.957385
891,20000,32,0.762047,,0.762047,0.762027,0.762037,488.4998,488.4998,488.4998,512.948829,512.964385,512.956607
892,20000,32,0.762047,,0.762047,0.762027,0.762037,488.4998,488.4998,488.4998,512.948829,512.964385,512.955985
893,20000,32,0.762047,,0.762047,0.762027,0.762039,488.4998,488.4998,488.4998,512.948829,512.964385,512.955051
894,20000,32,0.762047,,0.762047,0.762027,0.762039,488.4998,488.4998,488.4998,512.948829,512.964385,512.954585
895,20000,32,0.762047,,0.762047,0.762027,0.762041,488.4998,488.4998,488.4998,512.948829,512.964385,512.95334
896,20000,32,0.762047,,0.762047,0.762027,0.762042,488.4998,488.4998,488.4998,512.948829,512.964385,512.952407
897,20000,32,0.762047,,0.762047,0.762027,0.762043,488.4998,488.4998,488.4998,512.948829,512.964385,512.951784
898,20000,32,0.762047,,0.762047,0.762027,0.762043,488.4998,488.4998,488.4998,512.948829,512.964385,512.951473
899,20000,32,0.762047,,0.762047,0.762027,0.762044,488.4998,488.4998,488.4998,512.948829,512.964385,512.951162
900,20000,32,0.762047,,0.762047,0.762027,0.762044,488.4998,488.4998,488.4998,512.948829,512.964385,512.95054
901,20000,32,0.762047,,0.762047,0.762027,0.762045,488.4998,488.4998,488.4998,512.948829,512.964385,512.949762
902,20000,32,0.762047,,0.762047,0.762027,0.762046,488.4998,488.4998,488.4998,512.948829,512.964385,512.94914
903,20000,32,0.762047,,0.762047,0.762027,0.762046,488.4998,488.4998,488.4998,512.948829,512.964385,512.94914
904,20000,32,0.762047,,0.762047,0.762027,0.762046,488.4998,488.4998,488.4998,512.948829,512.964385,512.94914
905,20000,32,0.762047,,0.762047,0.762027,0.762046,488.4998,488.4998,488.4998,512.948829,512.964385,512.948984
906,20000,32,0.762047,,0.762047,0.762047,0.762047,488.4998,488.4998,488.4998,512.948829,512.948829,512.948829
907,20000,32,0.762047,,0.762047,0.762047,0.762047,488.4998,488.4998,488.4998,512.948829,512.948829,512.948829
908,20000,32,0.762047,,0.762047,0.762047,0.762047,488.4998,488.4998,488.4998,512.948829,512.948829,512.948829
909,20000,32,0.762047,,0.762047,0.762047,0.762047,488.4998,488.4998,488.4998,512.948829,512.948829,512.948829
910,20000,32,0.762047,,0.762047,0.762047,0.762047,488.4998,488.4998,488.4998,512.948829,512.948829,512.948829
911,20000,32,0.762047,,0.762047,0.762047,0.762047,488.4998,488.4998,488.4998,512.948829,512.948829,512.948829
912,20000,32,0.762047,,0.762047,0.762047,0.762047,488.4998,488.4998,488.4998,512.948829,512.948829,512.948829
913,20000,32,0.762047,,0.762047,0.762047,0.762047,488.4998,488.4998,488.4998,512.948829,512.948829,512.948829
914,20000,32,0.762047,,0.762047,0.762047,0.762047,488.4998,488.4998,488.4998,512.948829,512.948829,512.948829
915,20000,32,0.762047,,0.762047,0.762047,0.762047,488.4998,488.4998,488.4998,512.948829,512.948829,512.948829
916,20000,32,0.762047,,0.762047,0.762047,0.762047,488.4998,488.4998,488.4998,512.948829,512.948829,512.948829
917,20000,32,0.762047,,0.762047,0.762047,0.762047,488.4998,488.4998,488.4998,512.948829,512.948829,512.948829
918,20000,32,0.762047,,0.762047,0.762047,0.762047,488.4998,488.4998,488.4998,512.948829,512.948829,512.948829
919,20000,32,0.762047,,0.762047,0.762047,0.762047,488.4998,488.4998,488.4998,512.948829,512.948829,512.948829
920,20000,32,0.762047,,0.762047,0.762047,0.762047,488.4998,488.4998,488.4998,512.948829,512.948829,512.948829
921,20000,32,0.762047,,0.762047,0.762047,0.762047,488.4998,488.4998,488.4998,512.948829,512.948829,512.948829
922,20000,32,0.762047,,0.762047,0.762047,0.762047,488.4998,488.4998,488.4998,512.948829,512.948829,512.948829
923,20000,32,0.762047,,0.762047,0.762047,0.762047,488.4998,488.4998,488.4998,512.948829,512.948829,512.948829
924,20000,32,0.762047,,0.762047,0.762047,0.762047,488.4998,488.4998,488.4998,512.948829,512.948829,512.948829
925,20000,32,0.762047,,0.762047,0.762047,0.762047,488.4998,488.4998,488.4998,512.948829,512.948829,512.948829
926,20000,32,0.762047,,0.762047,0.762047,0.762047,488.4998,488.4998,488.4998,512.948829,512.948829,512.948829
927,20000,32,0.762047,,0.762047,0.762047,0.762047,488.4998,488.4998,488.4998,512.948829,512.948829,512.948829
928,20000,32,0.762047,,0.762047,0.762047,0.762047,488.4998,488.4998,488.4998,512.948829,512.948829,512.948829
929,20000,32,0.762047,,0.762047,0.762047,0.762047,488.4998,488.4998,488.4998,512.948829,512.948829,512.948829
930,20000,32,0.762047,,0.762047,0.762047,0.762047,488.4998,488.4998,488.4998,512.948829,512.948829,512.948829
931,20000,32,0.762047,,0.762047,0.762047,0.762047,488.4998,488.4998,488.4998,512.948829,512.948829,512.948829
932,20000,32,0.762047,,0.762047,0.762047,0.762047,488.4998,488.4998,488.4998,512.948829,512.948829,512.948829
933,20000,32,0.762047,,0.762047,0.762047,0.762047,488.4998,488.4998,488.4998,512.948829,512.948829,512.948829
934,20000,32,0.762047,,0.762047,0.762047,0.762047,488.4998,488.4998,488.4998,512.948829,512.948829,512.948829
935,20000,32,0.762047,,0.762047,0.762047,0.762047,488.4998,488.4998,488.4998,512.948829,512.948829,512.948829
936,20000,32,0.762047,,0.762047,0.762047,0.762047,488.4998,488.4998,488.4998,512.948829,512.948829,512.948829
937,20000,32,0.762047,,0.762047,0.762047,0.762047,488.4998,488.4998,488.4998,512.948829,512.948829,512.948829
938,20000,32,0.762047,,0.762047,0.762047,0.762047,488.4998,488.4998,488.4998,512.948829,512.948829,512.948829
939,20000,32,0.762047,,0.762047,0.762047,0.762047,488.4998,488.4998,488.4998,512.948829,512.948829,512.948829
940,20000,32,0.762047,,0.762047,0.762047,0.762047,488.4998,488.4998,488.4998,512.948829,512.948829,512.948829
941,20000,32,0.762047,,0.762047,0.762047,0.762047,488.4998,488.4998,488.4998,512.948829,512.948829,512.948829
942,20000,32,0.762047,,0.762047,0.762047,0.762047,488.4998,488.4998,488.4998,512.948829,512.948829,512.948829
943,20000,32,0.762047,,0.762047,0.762047,0.762047,488.4998,488.4998,488.4998,512.948829,512.948829,512.948829
944,20000,32,0.762047,,0.762047,0.762047,0.762047,488.4998,488.4998,488.4998,512.948829,512.948829,512.948829
945,20000,32,0.762047,,0.762047,0.762047,0.762047,488.4998,488.4998,488.4998,512.948829,512.948829,512.948829
946,20000,32,0.762047,,0.762047,0.762047,0.762047,488.4998,488.4998,488.4998,512.948829,512.948829,512.948829
947,20000,32,0.762047,,0.762047,0.762047,0.762047,488.4998,488.4998,488.4998,512.948829,512.948829,512.948829
948,20000,32,0.762047,,0.762047,0.762047,0.762047,488.4998,488.4998,488.4998,512.948829,512.948829,512.948829
949,20000,32,0.762047,,0.762047,0.762047,0.762047,488.4998,488.4998,488.4998,512.948829,512.948829,512.948829
950,20000,32,0.762047,,0.762047,0.762047,0.762047,488.4998,488.4998,488.4998,512.948829,512.948829,512.948829
951,20000,32,0.762047,,0.762047,0.762047,0.762047,488.4998,488.4998,488.4998,512.948829,512.948829,512.948829
952,20000,32,0.762047,,0.762047,0.762047,0.762047,488.4998,488.4998,488.4998,512.948829,512.948829,512.948829
953,20000,32,0.762047,,0.762047,0.762047,0.762047,488.4998,488.4998,488.4998,512.948829,512.948829,512.948829
954,20000,32,0.762047,,0.762047,0.762047,0.762047,488.4998,488.4998,488.4998,512.948829,512.948829,512.948829
955,20000,32,0.762047,,0.762047,0.762047,0.762047,488.4998,488.4998,488.4998,512.948829,512.948829,512.948829
956,20000,32,0.762047,,0.762047,0.762047,0.762047,488.4998,488.4998,488.4998,512.948829,512.948829,512.948829
957,20000,32,0.762047,,0.762047,0.762047,0.762047,488.4998,488.4998,488.4998,512.948829,512.948829,512.948829
958,20000,32,0.762047,,0.762047,0.762047,0.762047,488.4998,488.4998,488.4998,512.948829,512.948829,512.948829
959,20000,32,0.762047,,0.762047,0.762047,0.762047,488.4998,488.4998,488.4998,512.948829,512.948829,512.948829
960,20000,32,0.762047,,0.762047,0.762047,0.762047,488.4998,488.4998,488.4998,512.948829,512.948829,512.948829
961,20000,32,0.762047,,0.762047,0.762047,0.762047,488.4998,488.4998,488.4998,512.948829,512.948829,512.948829
962,20000,32,0.762047,,0.762047,0.762047,0.762047,488.4998,488.4998,488.4998,512.948829,512.948829,512.948829
963,20000,32,0.762047,,0.762047,0.762047,0.762047,488.4998,488.4998,488.4998,512.948829,512.948829,512.948829
964,20000,32,0.762047,,0.762047,0.762047,0.762047,488.4998,488.4998,488.4998,512.948829,512.948829,512.948829
965,20000,32,0.762047,,0.762047,0.762047,0.762047,488.4998,488.4998,488.4998,512.948829,512.948829,512.948829
966,20000,32,0.762047,,0.762047,0.762047,0.762047,488.4998,488.4998,488.4998,512.948829,512.948829,512.948829
967,20000,32,0.762047,,0.762047,0.762047,0.762047,488.4998,488.4998,488.4998,512.948829,512.948829,512.948829
968,20000,32,0.762047,,0.762047,0.762047,0.762047,488.4998,488.4998,488.4998,512.948829,512.948829,512.948829
969,20000,32,0.762047,,0.762047,0.762047,0.762047,488.4998,488.4998,488.4998,512.948829,512.948829,512.948829
970,20000,32,0.762047,,0.762047,0.762047,0.762047,488.4998,488.4998,488.4998,512.948829,512.948829,512.948829
971,20000,32,0.762047,,0.762047,0.762047,0.762047,488.4998,488.4998,488.4998,512.948829,512.948829,512.948829
972,20000,32,0.762047,,0.762047,0.762047,0.762047,488.4998,488.4998,488.4998,512.948829,512.948829,512.948829
973,20000,32,0.762047,,0.762047,0.762047,0.762047,488.4998,488.4998,488.4998,512.948829,512.948829,512.948829
974,20000,32,0.762047,,0.762047,0.762047,0.762047,488.4998,488.4998,488.4998,512.948829,512.948829,512.948829
975,20000,32,0.762047,,0.762047,0.762047,0.762047,488.4998,488.4998,488.4998,512.948829,512.948829,512.948829
976,20000,32,0.762047,,0.762047,0.762047,0.762047,488.4998,488.4998,488.4998,512.948829,512.948829,512.948829
977,20000,32,0.762047,,0.762047,0.762047,0.762047,488.4998,488.4998,488.4998,512.948829,512.948829,512.948829
978,20000,32,0.762047,,0.762047,0.762047,0.762047,488.4998,488.4998,488.4998,512.948829,512.948829,512.948829
979,20000,32,0.762047,,0.762047,0.762047,0.762047,488.4998,488.4998,488.4998,512.948829,512.948829,512.948829
980,20000,32,0.762047,,0.762047,0.762047,0.762047,488.4998,488.4998,488.4998,512.948829,512.948829,512.948829
981,20000,32,0.762047,,0.762047,0.762047,0.762047,488.4998,488.4998,488.4998,512.948829,512.948829,512.948829
982,20000,32,0.762047,,0.762047,0.762047,0.762047,488.4998,488.4998,488.4998,512.948829,512.948829,512.948829
983,20000,32,0.762047,,0.762047,0.762047,0.762047,488.4998,488.4998,488.4998,512.948829,512.948829,512.948829
984,20000,32,0.762047,,0.762047,0.762047,0.762047,488.4998,488.4998,488.4998,512.948829,512.948829,512.948829
985,20000,32,0.762047,,0.762047,0.762047,0.762047,488.4998,488.4998,488.4998,512.948829,512.948829,512.948829
986,20000,32,0.762047,,0.762047,0.762047,0.762047,488.4998,488.4998,488.4998,512.948829,512.948829,512.948829
987,20000,32,0.762047,,0.762047,0.762047,0.762047,488.4998,488.4998,488.4998,512.948829,512.948829,512.948829
988,20000,32,0.762047,,0.762047,0.762047,0.762047,488.4998,488.4998,488.4998,512.948829,512.948829,512.948829
989,20000,32,0.762047,,0.762047,0.762047,0.762047,488.4998,488.4998,488.4998,512.948829,512.948829,512.948829
990,20000,32,0.762047,,0.762047,0.762047,0.762047,488.4998,488.4998,488.4998,512.948829,512.948829,512.948829
991,20000,32,0.762047,,0.762047,0.762047,0.762047,488.4998,488.4998,488.4998,512.948829,512.948829,512.948829
992,20000,32,0.762047,,0.762047,0.762047,0.762047,488.4998,488.4998,488.4998,512.948829,512.948829,512.948829
993,20000,32,0.762047,,0.762047,0.762047,0.762047,488.4998,488.4998,488.4998,512.948829,512.948829,512.948829
994,20000,32,0.762047,,0.762047,0.762047,0.762047,488.4998,488.4998,488.4998,512.948829,512.948829,512.948829
995,20000,32,0.762047,,0.762047,0.762047,0.762047,488.4998,488.4998,488.4998,512.948829,512.948829,512.948829
996,20000,32,0.762047,,0.762047,0.762047,0.762047,488.4998,488.4998,488.4998,512.948829,512.948829,512.948829
997,20000,32,0.762047,,0.762047,0.762047,0.762047,488.4998,488.4998,488.4998,512.948829,512.948829,512.948829
998,20000,32,0.762047,,0.762047,0.762047,0.762047,488.4998,488.4998,488.4998,512.948829,512.948829,512.948829
999,20000,32,0.762047,,0.762047,0.762047,0.762047,488.4998,488.4998,488.4998,512.948829,512.948829,512.948829
1000,20000,32,0.762047,,0.762047,0.762047,0.762047,488.4998,488.4998,488.4998,512.948829,512.948829,512.948829
1001,20000,32,0.762047,,0.762047,0.762047,0.762047,488.4998,488.4998,488.4998,512.948829,512.948829,512.948829
1002,20000,32,0.762047,,0.762047,0.762047,0.762047,488.4998,488.4998,488.4998,512.948829,512.948829,512.948829
1003,20000,32,0.762047,,0.762047,0.762047,0.762047,488.4998,488.4998,488.4998,512.948829,512.948829,512.948829
1004,20000,32,0.762047,,0.762047,0.762047,0.762047,488.4998,488.4998,488.4998,512.948829,512.948829,512.948829
1005,20000,32,0.762047,,0.762047,0.762047,0.762047,488.4998,488.4998,488.4998,512.948829,512.948829,512.948829
1006,20000,32,0.762047,,0.762047,0.762047,0.762047,488.4998,488.4998,488.4998,512.948829,512.948829,512.948829
1007,20000,32,0.762047,,0.762047,0.762047,0.762047,488.4998,488.4998,488.4998,512.948829,512.948829,512.948829
1008,20000,32,0.762047,,0.762047,0.762047,0.762047,488.4998,488.4998,488.4998,512.948829,512.948829,512.948829
1009,20000,32,0.762047,,0.762047,0.762047,0.762047,488.4998,488.4998,488.4998,512.948829,512.948829,512.948829
1010,20000,32,0.762047,,0.762047,0.762047,0.762047,488.4998,488.4998,488.4998,512.948829,512.948829,512.948829
1011,20000,32,0.762047,,0.762047,0.762047,0.762047,488.4998,488.4998,488.4998,512.948829,512.948829,512.948829
1012,20000,32,0.762047,,0.762047,0.762047,0.762047,488.4998,488.4998,488.4998,512.948829,512.948829,512.948829
1013,20000,32,0.762047,,0.762047,0.762047,0.762047,488.4998,488.4998,488.4998,512.948829,512.948829,512.948829
1014,20000,32,0.762047,,0.762047,0.762047,0.762047,488.4998,488.4998,488.4998,512.948829,512.948829,512.948829
1015,20000,32,0.762047,,0.762047,0.762047,0.762047,488.4998,488.4998,488.4998,512.948829,512.948829,512.948829
1016,20000,32,0.762047,,0.762047,0.762047,0.762047,488.4998,488.4998,488.4998,512.948829,512.948829,512.948829
1017,20000,32,0.762047,,0.762047,0.762047,0.762047,488.4998,488.4998,488.4998,512.948829,512.948829,512.948829
1018,20000,32,0.762047,,0.762047,0.762047,0.762047,488.4998,488.4998,488.4998,512.948829,512.948829,512.948829
1019,20000,32,0.762047,,0.762047,0.762047,0.762047,488.4998,488.4998,488.4998,512.948829,512.948829,512.948829
1020,20000,32,0.762047,,0.762047,0.762047,0.762047,488.4998,488.4998,488.4998,512.948829,512.948829,512.948829
1021,20000,32,0.762234,,0.762234,0.762047,0.762049,488.4998,487.9507,488.494309,512.434835,512.948829,512.943689
1022,20000,32,0.762234,,0.762234,0.762047,0.762049,488.4998,487.9507,488.494309,512.434835,512.948829,512.943689
1023,20000,32,0.762234,,0.762234,0.762047,0.76205,488.4998,487.9507,488.488818,512.434835,512.948829,512.938549
1024,20000,32,0.762234,,0.762234,0.762047,0.76205,488.4998,487.9507,488.488818,512.434835,512.948829,512.938549
1025,20000,32,0.762234,,0.762234,0.762047,0.76205,488.4998,487.9507,488.488818,512.434835,512.948829,512.938549
1026,20000,32,0.762234,,0.762234,0.762047,0.762052,488.4998,487.9507,488.483327,512.434835,512.948829,512.933409
1027,20000,32,0.762234,,0.762234,0.762047,0.762058,488.4998,487.9507,488.466854,512.434835,512.948829,512.917989
1028,20000,32,0.762234,,0.762234,0.762047,0.762067,488.4998,487.9507,488.439399,512.434835,512.948829,512.892289
1029,20000,32,0.762234,,0.762234,0.762047,0.762077,488.4998,487.9507,488.411944,512.434835,512.948829,512.86659
1030,20000,32,0.762234,,0.762234,0.762047,0.762086,488.4998,487.9507,488.384489,512.434835,512.948829,512.84089
1031,20000,32,0.762234,,0.762234,0.762047,0.76209,488.4998,487.9507,488.373507,512.434835,512.948829,512.83061
1032,20000,32,0.762234,,0.762234,0.762047,0.762101,488.4998,487.9507,488.340561,512.434835,512.948829,512.79977
1033,20000,32,0.762234,,0.762234,0.762047,0.762107,488.4998,487.9507,488.324088,512.434835,512.948829,512.784351
1034,20000,32,0.762234,,0.762234,0.762047,0.762114,488.4998,487.9507,488.302124,512.434835,512.948829,512.763791
1035,20000,32,0.762234,,0.762234,0.762047,0.76212,488.4998,487.9507,488.285651,512.434835,512.948829,512.748371
1036,20000,32,0.762234,,0.762234,0.762047,0.762122,488.4998,487.9507,488.28016,512.434835,512.948829,512.743231
1037,20000,32,0.762234,,0.762234,0.762047,0.762127,488.4998,487.9507,488.263687,512.434835,512.948829,512.727811
1038,20000,32,0.762234,,0.762234,0.762047,0.762131,488.4998,487.9507,488.252705,512.434835,512.948829,512.717531
1039,20000,32,0.762234,,0.762234,0.762047,0.76214,488.4998,487.9507,488.22525,512.434835,512.948829,512.691832
1040,20000,32,0.762234,,0.762234,0.762047,0.762159,488.4998,487.9507,488.17034,512.434835,512.948829,512.640432
1041,20000,32,0.762234,,0.762234,0.762047,0.762165,488.4998,487.9507,488.153867,512.434835,512.948829,512.625012
1042,20000,32,0.762234,,0.762234,0.762047,0.762174,488.4998,487.9507,488.126412,512.434835,512.948829,512.599313
1043,20000,32,0.762234,,0.762234,0.762047,0.762178,488.4998,487.9507,488.11543,512.434835,512.948829,512.589033
1044,20000,32,0.762234,,0.762234,0.762047,0.762183,488.4998,487.9507,488.098957,512.434835,512.948829,512.573613
1045,20000,32,0.762234,,0.762234,0.762047,0.762191,488.4998,487.9507,488.076993,512.434835,512.948829,512.553053
1046,20000,32,0.762234,,0.762234,0.762047,0.762198,488.4998,487.9507,488.055029,512.434835,512.948829,512.532494
1047,20000,32,0.762234,,0.762234,0.762047,0.762204,488.4998,487.9507,488.038556,512.434835,512.948829,512.517074
1048,20000,32,0.762234,,0.762234,0.762047,0.762215,488.4998,487.9507,488.00561,512.434835,512.948829,512.486234
1049,20000,32,0.762234,,0.762234,0.762047,0.762219,488.4998,487.9507,487.994628,512.434835,512.948829,512.475954
1050,20000,32,0.762234,,0.762234,0.762047,0.762223,488.4998,487.9507,487.983646,512.434835,512.948829,512.465674
1051,20000,32,0.762234,,0.762234,0.762047,0.762228,488.4998,487.9507,487.967173,512.434835,512.948829,512.450254
1052,20000,32,0.762234,,0.762234,0.762047,0.762232,488.4998,487.9507,487.956191,512.434835,512.948829,512.439975
1053,20000,32,0.762234,,0.762234,0.762234,0.762234,487.9507,487.9507,487.9507,512.434835,512.434835,512.434835
1054,20000,32,0.762234,,0.762234,0.762234,0.762234,487.9507,487.9507,487.9507,512.434835,512.434835,512.434835
1055,20000,32,0.762234,,0.762234,0.762234,0.762234,487.9507,487.9507,487.9507,512.434835,512.434835,512.434835
1056,20000,32,0.762234,,0.762234,0.762234,0.762234,487.9507,487.9507,487.9507,512.434835,512.434835,512.434835
1057,20000,32,0.762234,,0.762234,0.762234,0.762234,487.9507,487.9507,487.9507,512.434835,512.434835,512.434835
1058,20000,32,0.763797,,0.763797,0.762234,0.76225,488.8207,487.9507,487.9594,511.79885,512.434835,512.428475
1059,20000,32,0.763797,,0.763797,0.762234,0.76225,488.8207,487.9507,487.9594,511.79885,512.434835,512.428475
1060,20000,32,0.763797,,0.763797,0.762234,0.762265,488.8207,487.9507,487.9681,511.79885,512.434835,512.422115
1061,20000,32,0.763797,,0.763797,0.762234,0.762265,488.8207,487.9507,487.9681,511.79885,512.434835,512.422115
1062,20000,32,0.763797,,0.763797,0.762234,0.762265,488.8207,487.9507,487.9681,511.79885,512.434835,512.422115
1063,20000,32,0.763797,,0.763797,0.762234,0.762265,488.8207,487.9507,487.9681,511.79885,512.434835,512.422115
1064,20000,32,0.763797,,0.763797,0.762234,0.762281,488.8207,487.9507,487.9768,511.79885,512.434835,512.415755
1065,20000,32,0.763797,,0.763797,0.762234,0.762312,488.8207,487.9507,487.9942,511.79885,512.434835,512.403035
1066,20000,32,0.763797,,0.763797,0.762234,0.762326,488.8207,487.9507,488.0029,511.79885,512.434835,512.398242
1067,20000,32,0.763797,,0.763797,0.762234,0.762355,488.8207,487.9507,488.0203,511.79885,512.434835,512.387089
1068,20000,32,0.763797,,0.763797,0.762234,0.762386,488.8207,487.9507,488.0377,511.79885,512.434835,512.374369
1069,20000,32,0.763797,,0.763797,0.762234,0.762447,488.8207,487.9507,488.0725,511.79885,512.434835,512.350496
1070,20000,32,0.763797,,0.763797,0.762234,0.762464,488.8207,487.9507,488.0812,511.79885,512.434835,512.34257
1071,20000,32,0.763797,,0.763797,0.762234,0.762525,488.8207,487.9507,488.116,511.79885,512.434835,512.318455
1072,20000,32,0.763797,,0.763797,0.762234,0.76259,488.8207,487.9507,488.15367,511.79885,512.434835,512.293366
1073,20000,32,0.763797,,0.763797,0.762234,0.762708,488.8207,487.9507,488.22031,511.79885,512.434835,512.245575
1074,20000,32,0.763797,,0.763797,0.762234,0.762807,488.8207,487.9507,488.27538,511.79885,512.434835,512.205118
1075,20000,32,0.763797,,0.763797,0.762234,0.762865,488.8207,487.9507,488.31009,511.79885,512.434835,512.183117
1076,20000,32,0.763797,,0.763797,0.762234,0.762951,488.8207,487.9507,488.35933,511.79885,512.434835,512.14937
1077,20000,32,0.763797,,0.763797,0.762234,0.763038,488.8207,487.9507,488.41144,511.79885,512.434835,512.116216
1078,20000,32,0.763797,,0.763797,0.762234,0.763083,488.8207,487.9507,488.43467,511.79885,512.434835,512.096544
1079,20000,32,0.763797,,0.763797,0.762234,0.763126,488.8207,487.9507,488.45781,511.79885,512.434835,512.078744
1080,20000,32,0.763797,,0.763797,0.762234,0.763239,488.8207,487.9507,488.52158,511.79885,512.434835,512.033251
1081,20000,32,0.763797,,0.763797,0.762234,0.763314,488.8207,487.9507,488.56221,511.79885,512.434835,512.002426
1082,20000,32,0.763797,,0.763797,0.762234,0.763345,488.8207,487.9507,488.57961,511.79885,512.434835,511.989706
1083,20000,32,0.763797,,0.763797,0.762234,0.763395,488.8207,487.9507,488.60858,511.79885,512.434835,511.969653
1084,20000,32,0.763797,,0.763797,0.762234,0.763439,488.8207,487.9507,488.63181,511.79885,512.434835,511.951547
1085,20000,32,0.763797,,0.763797,0.762234,0.763502,488.8207,487.9445,488.663678,511.79885,512.434835,511.92361
1086,20000,32,0.763797,,0.763797,0.762234,0.763529,488.8207,487.9445,488.678208,511.79885,512.434835,511.911864
1087,20000,32,0.763797,,0.763797,0.762234,0.763596,488.8207,487.9445,488.715878,511.79885,512.434835,511.885451
1088,20000,32,0.763797,,0.763797,0.762605,0.763666,488.8207,488.2377,488.75657,511.79885,512.33746,511.858097
1089,20000,32,0.763797,,0.763797,0.762605,0.763701,488.8207,488.2377,488.77406,511.79885,512.33746,511.841938
1090,20000,32,0.763797,,0.763797,0.762605,0.763701,488.8207,488.2377,488.77406,511.79885,512.33746,511.841938
1091,20000,32,0.763797,,0.763797,0.762605,0.763725,488.8207,488.2377,488.78572,511.79885,512.33746,511.831166
1092,20000,32,0.763797,,0.763797,0.762605,0.763773,488.8207,488.2377,488.80904,511.79885,512.33746,511.809622
1093,20000,32,0.763797,,0.763797,0.762605,0.763785,488.8207,488.2377,488.81487,511.79885,512.33746,511.804236
1094,20000,32,0.763797,,0.763797,0.763797,0.763797,488.8207,488.8207,488.8207,511.79885,511.79885,511.79885
1095,20000,32,0.763797,,0.763797,0.763797,0.763797,488.8207,488.8207,488.8207,511.79885,511.79885,511.79885
1096,20000,32,0.763797,,0.763797,0.763797,0.763797,488.8207,488.8207,488.8207,511.79885,511.79885,511.79885
1097,20000,32,0.763797,,0.763797,0.763797,0.763797,488.8207,488.8207,488.8207,511.79885,511.79885,511.79885
1098,20000,32,0.763797,,0.763797,0.763797,0.763797,488.8207,488.8207,488.8207,511.79885,511.79885,511.79885
1099,20000,32,0.763797,,0.763797,0.763797,0.763797,488.8207,488.8207,488.8207,511.79885,511.79885,511.79885
1100,20000,32,0.763797,,0.763797,0.763797,0.763797,488.8207,488.8207,488.8207,511.79885,511.79885,511.79885
1101,20000,32,0.763797,,0.763797,0.763797,0.763797,488.8207,488.8207,488.8207,511.79885,511.79885,511.79885
1102,20000,32,0.763797,,0.763797,0.763797,0.763797,488.8207,488.8207,488.8207,511.79885,511.79885,511.79885
1103,20000,32,0.763797,,0.763797,0.763797,0.763797,488.8207,488.8207,488.8207,511.79885,511.79885,511.79885
1104,20000,32,0.763797,,0.763797,0.763797,0.763797,488.8207,488.8207,488.8207,511.79885,511.79885,511.79885
1105,20000,32,0.763797,,0.763797,0.763797,0.763797,488.8207,488.8207,488.8207,511.79885,511.79885,511.79885
1106,20000,32,0.763797,,0.763797,0.763797,0.763797,488.8207,488.8207,488.8207,511.79885,511.79885,511.79885
1107,20000,32,0.763797,,0.763797,0.763797,0.763797,488.8207,488.8207,488.8207,511.79885,511.79885,511.79885
1108,20000,32,0.763797,,0.763797,0.763797,0.763797,488.8207,488.8207,488.8207,511.79885,511.79885,511.79885
1109,20000,32,0.763797,,0.763797,0.763797,0.763797,488.8207,488.8207,488.8207,511.79885,511.79885,511.79885
1110,20000,32,0.763797,,0.763797,0.763797,0.763797,488.8207,488.8207,488.8207,511.79885,511.79885,511.79885
1111,20000,32,0.763797,,0.763797,0.763797,0.763797,488.8207,488.8207,488.8207,511.79885,511.79885,511.79885
1112,20000,32,0.763797,,0.763797,0.763797,0.763797,488.8207,488.8207,488.8207,511.79885,511.79885,511.79885
1113,20000,32,0.763797,,0.763797,0.763797,0.763797,488.8207,488.8207,488.8207,511.79885,511.79885,511.79885
1114,20000,32,0.763797,,0.763797,0.763797,0.763797,488.8207,488.8207,488.8207,511.79885,511.79885,511.79885
1115,20000,32,0.763797,,0.763797,0.763797,0.763797,488.8207,488.8207,488.8207,511.79885,511.79885,511.79885
1116,20000,32,0.763797,,0.763797,0.763797,0.763797,488.8207,488.8207,488.8207,511.79885,511.79885,511.79885
1117,20000,32,0.763797,,0.763797,0.763797,0.763797,488.8207,488.8207,488.8207,511.79885,511.79885,511.79885
1118,20000,32,0.763797,,0.763797,0.763797,0.763797,488.8207,488.8207,488.8207,511.79885,511.79885,511.79885
1119,20000,32,0.763797,,0.763797,0.763797,0.763797,488.8207,488.8207,488.8207,511.79885,511.79885,511.79885
1120,20000,32,0.763797,,0.763797,0.763797,0.763797,488.8207,488.8207,488.8207,511.79885,511.79885,511.79885
1121,20000,32,0.763797,,0.763797,0.763797,0.763797,488.8207,488.8207,488.8207,511.79885,511.79885,511.79885
1122,20000,32,0.763797,,0.763797,0.763797,0.763797,488.8207,488.8207,488.8207,511.79885,511.79885,511.79885
1123,20000,32,0.763797,,0.763797,0.763797,0.763797,488.8207,488.8207,488.8207,511.79885,511.79885,511.79885
1124,20000,32,0.763797,,0.763797,0.763797,0.763797,488.8207,488.8207,488.8207,511.79885,511.79885,511.79885
1125,20000,32,0.763797,,0.763797,0.763797,0.763797,488.8207,488.8207,488.8207,511.79885,511.79885,511.79885
1126,20000,32,0.763797,,0.763797,0.763797,0.763797,488.8207,488.8207,488.8207,511.79885,511.79885,511.79885
1127,20000,32,0.763797,,0.763797,0.763797,0.763797,488.8207,488.8207,488.8207,511.79885,511.79885,511.79885
1128,20000,32,0.763797,,0.763797,0.763797,0.763797,488.8207,488.8207,488.8207,511.79885,511.79885,511.79885
1129,20000,32,0.763797,,0.763797,0.763797,0.763797,488.8207,488.8207,488.8207,511.79885,511.79885,511.79885
1130,20000,32,0.763797,,0.763797,0.763797,0.763797,488.8207,488.8207,488.8207,511.79885,511.79885,511.79885
1131,20000,32,0.763797,,0.763797,0.763797,0.763797,488.8207,488.8207,488.8207,511.79885,511.79885,511.79885
1132,20000,32,0.763797,,0.763797,0.763797,0.763797,488.8207,488.8207,488.8207,511.79885,511.79885,511.79885
1133,20000,32,0.763797,,0.763797,0.763797,0.763797,488.8207,488.8207,488.8207,511.79885,511.79885,511.79885
1134,20000,32,0.763797,,0.763797,0.763797,0.763797,488.8207,488.8207,488.8207,511.79885,511.79885,511.79885
1135,20000,32,0.763797,,0.763797,0.763797,0.763797,488.8207,488.8207,488.8207,511.79885,511.79885,511.79885
1136,20000,32,0.763797,,0.763797,0.763797,0.763797,488.8207,488.8207,488.8207,511.79885,511.79885,511.79885
1137,20000,32,0.763797,,0.763797,0.763797,0.763797,488.8207,488.8207,488.8207,511.79885,511.79885,511.79885
1138,20000,32,0.763797,,0.763797,0.763797,0.763797,488.8207,488.8207,488.8207,511.79885,511.79885,511.79885
1139,20000,32,0.763797,,0.763797,0.763797,0.763797,488.8207,488.8207,488.8207,511.79885,511.79885,511.79885
1140,20000,32,0.763797,,0.763797,0.763797,0.763797,488.8207,488.8207,488.8207,511.79885,511.79885,511.79885
1141,20000,32,0.763797,,0.763797,0.763797,0.763797,488.8207,488.8207,488.8207,511.79885,511.79885,511.79885
1142,20000,32,0.763797,,0.763797,0.763797,0.763797,488.8207,488.8207,488.8207,511.79885,511.79885,511.79885
1143,20000,32,0.763797,,0.763797,0.763797,0.763797,488.8207,488.8207,488.8207,511.79885,511.79885,511.79885
1144,20000,32,0.763797,,0.763797,0.763797,0.763797,488.8207,488.8207,488.8207,511.79885,511.79885,511.79885
1145,20000,32,0.763797,,0.763797,0.763797,0.763797,488.8207,488.8207,488.8207,511.79885,511.79885,511.79885
1146,20000,32,0.763797,,0.763797,0.763797,0.763797,488.8207,488.8207,488.8207,511.79885,511.79885,511.79885
1147,20000,32,0.763797,,0.763797,0.763797,0.763797,488.8207,488.8207,488.8207,511.79885,511.79885,511.79885
1148,20000,32,0.763797,,0.763797,0.763797,0.763797,488.8207,488.8207,488.8207,511.79885,511.79885,511.79885
1149,20000,32,0.763797,,0.763797,0.763797,0.763797,488.8207,488.8207,488.8207,511.79885,511.79885,511.79885
1150,20000,32,0.763797,,0.763797,0.763797,0.763797,488.8207,488.8207,488.8207,511.79885,511.79885,511.79885
1151,20000,32,0.763797,,0.763797,0.763797,0.763797,488.8207,488.8207,488.8207,511.79885,511.79885,511.79885
1152,20000,32,0.763797,,0.763797,0.763797,0.763797,488.8207,488.8207,488.8207,511.79885,511.79885,511.79885
1153,20000,32,0.763797,,0.763797,0.763797,0.763797,488.8207,488.8207,488.8207,511.79885,511.79885,511.79885
1154,20000,32,0.763797,,0.763797,0.763797,0.763797,488.8207,488.8207,488.8207,511.79885,511.79885,511.79885
1155,20000,32,0.763797,,0.763797,0.763797,0.763797,488.8207,488.8207,488.8207,511.79885,511.79885,511.79885
1156,20000,32,0.763797,,0.763797,0.763797,0.763797,488.8207,488.8207,488.8207,511.79885,511.79885,511.79885
1157,20000,32,0.763797,,0.763797,0.763797,0.763797,488.8207,488.8207,488.8207,511.79885,511.79885,511.79885
1158,20000,32,0.763797,,0.763797,0.763797,0.763797,488.8207,488.8207,488.8207,511.79885,511.79885,511.79885
1159,20000,32,0.763797,,0.763797,0.763797,0.763797,488.8207,488.8207,488.8207,511.79885,511.79885,511.79885
1160,20000,32,0.763797,,0.763797,0.763797,0.763797,488.8207,488.8207,488.8207,511.79885,511.79885,511.79885
1161,20000,32,0.763797,,0.763797,0.763797,0.763797,488.8207,488.8207,488.8207,511.79885,511.79885,511.79885
1162,20000,32,0.763797,,0.763797,0.763797,0.763797,488.8207,488.8207,488.8207,511.79885,511.79885,511.79885
1163,20000,32,0.763797,,0.763797,0.763797,0.763797,488.8207,488.8207,488.8207,511.79885,511.79885,511.79885
1164,20000,32,0.763797,,0.763797,0.763797,0.763797,488.8207,488.8207,488.8207,511.79885,511.79885,511.79885
1165,20000,32,0.763797,,0.763797,0.763797,0.763797,488.8207,488.8207,488.8207,511.79885,511.79885,511.79885
1166,20000,32,0.763797,,0.763797,0.763797,0.763797,488.8207,488.8207,488.8207,511.79885,511.79885,511.79885
1167,20000,32,0.763797,,0.763797,0.763797,0.763797,488.8207,488.8207,488.8207,511.79885,511.79885,511.79885
1168,20000,32,0.763797,,0.763797,0.763797,0.763797,488.8207,488.8207,488.8207,511.79885,511.79885,511.79885
1169,20000,32,0.763797,,0.763797,0.763797,0.763797,488.8207,488.8207,488.8207,511.79885,511.79885,511.79885
1170,20000,32,0.763797,,0.763797,0.763797,0.763797,488.8207,488.8207,488.8207,511.79885,511.79885,511.79885
1171,20000,32,0.763797,,0.763797,0.763797,0.763797,488.8207,488.8207,488.8207,511.79885,511.79885,511.79885
1172,20000,32,0.763797,,0.763797,0.763797,0.763797,488.8207,488.8207,488.8207,511.79885,511.79885,511.79885
1173,20000,32,0.763797,,0.763797,0.763797,0.763797,488.8207,488.8207,488.8207,511.79885,511.79885,511.79885
1174,20000,32,0.763797,,0.763797,0.763797,0.763797,488.8207,488.8207,488.8207,511.79885,511.79885,511.79885
1175,20000,32,0.763797,,0.763797,0.763797,0.763797,488.8207,488.8207,488.8207,511.79885,511.79885,511.79885
1176,20000,32,0.763797,,0.763797,0.763797,0.763797,488.8207,488.8207,488.8207,511.79885,511.79885,511.79885
1177,20000,32,0.763797,,0.763797,0.763797,0.763797,488.8207,488.8207,488.8207,511.79885,511.79885,511.79885
1178,20000,32,0.763797,,0.763797,0.763797,0.763797,488.8207,488.8207,488.8207,511.79885,511.79885,511.79885
1179,20000,32,0.763797,,0.763797,0.763797,0.763797,488.8207,488.8207,488.8207,511.79885,511.79885,511.79885
1180,20000,32,0.763797,,0.763797,0.763797,0.763797,488.8207,488.8207,488.8207,511.79885,511.79885,511.79885
1181,20000,32,0.763797,,0.763797,0.763797,0.763797,488.8207,488.8207,488.8207,511.79885,511.79885,511.79885
1182,20000,32,0.763797,,0.763797,0.763797,0.763797,488.8207,488.8207,488.8207,511.79885,511.79885,511.79885
1183,20000,32,0.763797,,0.763797,0.763797,0.763797,488.8207,488.8207,488.8207,511.79885,511.79885,511.79885
1184,20000,32,0.763797,,0.763797,0.763797,0.763797,488.8207,488.8207,488.8207,511.79885,511.79885,511.79885
1185,20000,32,0.763797,,0.763797,0.763797,0.763797,488.8207,488.8207,488.8207,511.79885,511.79885,511.79885
1186,20000,32,0.763797,,0.763797,0.763797,0.763797,488.8207,488.8207,488.8207,511.79885,511.79885,511.79885
1187,20000,32,0.763797,,0.763797,0.763797,0.763797,488.8207,488.8207,488.8207,511.79885,511.79885,511.79885
1188,20000,32,0.763797,,0.763797,0.763797,0.763797,488.8207,488.8207,488.8207,511.79885,511.79885,511.79885
1189,20000,32,0.763797,,0.763797,0.763797,0.763797,488.8207,488.8207,488.8207,511.79885,511.79885,511.79885
1190,20000,32,0.763797,,0.763797,0.763797,0.763797,488.8207,488.8207,488.8207,511.79885,511.79885,511.79885
1191,20000,32,0.763797,,0.763797,0.763797,0.763797,488.8207,488.8207,488.8207,511.79885,511.79885,511.79885
1192,20000,32,0.763797,,0.763797,0.763797,0.763797,488.8207,488.8207,488.8207,511.79885,511.79885,511.79885
1193,20000,32,0.763797,,0.763797,0.763797,0.763797,488.8207,488.8207,488.8207,511.79885,511.79885,511.79885
1194,20000,32,0.763797,,0.763797,0.763797,0.763797,488.8207,488.8207,488.8207,511.79885,511.79885,511.79885
1195,20000,32,0.763797,,0.763797,0.763797,0.763797,488.8207,488.8207,488.8207,511.79885,511.79885,511.79885
1196,20000,32,0.763797,,0.763797,0.763797,0.763797,488.8207,488.8207,488.8207,511.79885,511.79885,511.79885
1197,20000,32,0.763797,,0.763797,0.763797,0.763797,488.8207,488.8207,488.8207,511.79885,511.79885,511.79885
1198,20000,32,0.763797,,0.763797,0.763797,0.763797,488.8207,488.8207,488.8207,511.79885,511.79885,511.79885
1199,20000,32,0.763797,,0.763797,0.763797,0.763797,488.8207,488.8207,488.8207,511.79885,511.79885,511.79885
1200,20000,32,0.763797,,0.763797,0.763797,0.763797,488.8207,488.8207,488.8207,511.79885,511.79885,511.79885
1201,20000,32,0.763797,,0.763797,0.763797,0.763797,488.8207,488.8207,488.8207,511.79885,511.79885,511.79885
1202,20000,32,0.763797,,0.763797,0.763797,0.763797,488.8207,488.8207,488.8207,511.79885,511.79885,511.79885
1203,20000,32,0.763797,,0.763797,0.763797,0.763797,488.8207,488.8207,488.8207,511.79885,511.79885,511.79885
1204,20000,32,0.763797,,0.763797,0.763797,0.763797,488.8207,488.8207,488.8207,511.79885,511.79885,511.79885
1205,20000,32,0.763797,,0.763797,0.763797,0.763797,488.8207,488.8207,488.8207,511.79885,511.79885,511.79885
1206,20000,32,0.763797,,0.763797,0.763797,0.763797,488.8207,488.8207,488.8207,511.79885,511.79885,511.79885
1207,20000,32,0.763797,,0.763797,0.763797,0.763797,488.8207,488.8207,488.8207,511.79885,511.79885,511.79885
1208,20000,32,0.763797,,0.763797,0.763797,0.763797,488.8207,488.8207,488.8207,511.79885,511.79885,511.79885
1209,20000,32,0.763797,,0.763797,0.763797,0.763797,488.8207,488.8207,488.8207,511.79885,511.79885,511.79885
1210,20000,32,0.763797,,0.763797,0.763797,0.763797,488.8207,488.8207,488.8207,511.79885,511.79885,511.79885
1211,20000,32,0.763797,,0.763797,0.763797,0.763797,488.8207,488.8207,488.8207,511.79885,511.79885,511.79885
1212,20000,32,0.763797,,0.763797,0.763797,0.763797,488.8207,488.8207,488.8207,511.79885,511.79885,511.79885
1213,20000,32,0.763797,,0.763797,0.763797,0.763797,488.8207,488.8207,488.8207,511.79885,511.79885,511.79885
1214,20000,32,0.763797,,0.763797,0.763797,0.763797,488.8207,488.8207,488.8207,511.79885,511.79885,511.79885
1215,20000,32,0.763797,,0.763797,0.763797,0.763797,488.8207,488.8207,488.8207,511.79885,511.79885,511.79885
1216,20000,32,0.763797,,0.763797,0.763797,0.763797,488.8207,488.8207,488.8207,511.79885,511.79885,511.79885
1217,20000,32,0.763797,,0.763797,0.763797,0.763797,488.8207,488.8207,488.8207,511.79885,511.79885,511.79885
1218,20000,32,0.763797,,0.763797,0.763797,0.763797,488.8207,488.8207,488.8207,511.79885,511.79885,511.79885
1219,20000,32,0.763797,,0.763797,0.763797,0.763797,488.8207,488.8207,488.8207,511.79885,511.79885,511.79885
1220,20000,32,0.763797,,0.763797,0.763797,0.763797,488.8207,488.8207,488.8207,511.79885,511.79885,511.79885
1221,20000,32,0.763797,,0.763797,0.763797,0.763797,488.8207,488.8207,488.8207,511.79885,511.79885,511.79885
1222,20000,32,0.763797,,0.763797,0.763797,0.763797,488.8207,488.8207,488.8207,511.79885,511.79885,511.79885
1223,20000,32,0.763797,,0.763797,0.763797,0.763797,488.8207,488.8207,488.8207,511.79885,511.79885,511.79885
1224,20000,32,0.763797,,0.763797,0.763797,0.763797,488.8207,488.8207,488.8207,511.79885,511.79885,511.79885
1225,20000,32,0.763797,,0.763797,0.763797,0.763797,488.8207,488.8207,488.8207,511.79885,511.79885,511.79885
1226,20000,32,0.763797,,0.763797,0.763797,0.763797,488.8207,488.8207,488.8207,511.79885,511.79885,511.79885
1227,20000,32,0.763797,,0.763797,0.763797,0.763797,488.8207,488.8207,488.8207,511.79885,511.79885,511.79885
1228,20000,32,0.763797,,0.763797,0.763797,0.763797,488.8207,488.8207,488.8207,511.79885,511.79885,511.79885
1229,20000,32,0.763797,,0.763797,0.763797,0.763797,488.8207,488.8207,488.8207,511.79885,511.79885,511.79885
1230,20000,32,0.763797,,0.763797,0.763797,0.763797,488.8207,488.8207,488.8207,511.79885,511.79885,511.79885
1231,20000,32,0.763797,,0.763797,0.763797,0.763797,488.8207,488.8207,488.8207,511.79885,511.79885,511.79885
1232,20000,32,0.763797,,0.763797,0.763797,0.763797,488.8207,488.8207,488.8207,511.79885,511.79885,511.79885
1233,20000,32,0.763797,,0.763797,0.763797,0.763797,488.8207,488.8207,488.8207,511.79885,511.79885,511.79885
1234,20000,32,0.763797,,0.763797,0.763797,0.763797,488.8207,488.8207,488.8207,511.79885,511.79885,511.79885
1235,20000,32,0.763797,,0.763797,0.763797,0.763797,488.8207,488.8207,488.8207,511.79885,511.79885,511.79885
1236,20000,32,0.763797,,0.763797,0.763797,0.763797,488.8207,488.8207,488.8207,511.79885,511.79885,511.79885
1237,20000,32,0.763797,,0.763797,0.763797,0.763797,488.8207,488.8207,488.8207,511.79885,511.79885,511.79885
1238,20000,32,0.763797,,0.763797,0.763797,0.763797,488.8207,488.8207,488.8207,511.79885,511.79885,511.79885
1239,20000,32,0.763797,,0.763797,0.763797,0.763797,488.8207,488.8207,488.8207,511.79885,511.79885,511.79885
1240,20000,32,0.763797,,0.763797,0.763797,0.763797,488.8207,488.8207,488.8207,511.79885,511.79885,511.79885
1241,20000,32,0.763797,,0.763797,0.763797,0.763797,488.8207,488.8207,488.8207,511.79885,511.79885,511.79885
1242,20000,32,0.763797,,0.763797,0.763797,0.763797,488.8207,488.8207,488.8207,511.79885,511.79885,511.79885
1243,20000,32,0.763797,,0.763797,0.763797,0.763797,488.8207,488.8207,488.8207,511.79885,511.79885,511.79885
1244,20000,32,0.763797,,0.763797,0.763797,0.763797,488.8207,488.8207,488.8207,511.79885,511.79885,511.79885
1245,20000,32,0.763797,,0.763797,0.763797,0.763797,488.8207,488.8207,488.8207,511.79885,511.79885,511.79885
1246,20000,32,0.763797,,0.763797,0.763797,0.763797,488.8207,488.8207,488.8207,511.79885,511.79885,511.79885
1247,20000,32,0.763797,,0.763797,0.763797,0.763797,488.8207,488.8207,488.8207,511.79885,511.79885,511.79885
1248,20000,32,0.763797,,0.763797,0.763797,0.763797,488.8207,488.8207,488.8207,511.79885,511.79885,511.79885
1249,20000,32,0.763797,,0.763797,0.763797,0.763797,488.8207,488.8207,488.8207,511.79885,511.79885,511.79885
1250,20000,32,0.763797,,0.763797,0.763797,0.763797,488.8207,488.8207,488.8207,511.79885,511.79885,511.79885
1251,20000,32,0.763797,,0.763797,0.763797,0.763797,488.8207,488.8207,488.8207,511.79885,511.79885,511.79885
1252,20000,32,0.763797,,0.763797,0.763797,0.763797,488.8207,488.8207,488.8207,511.79885,511.79885,511.79885
1253,20000,32,0.763797,,0.763797,0.763797,0.763797,488.8207,488.8207,488.8207,511.79885,511.79885,511.79885
1254,20000,32,0.763797,,0.763797,0.763797,0.763797,488.8207,488.8207,488.8207,511.79885,511.79885,511.79885
1255,20000,32,0.763797,,0.763797,0.763797,0.763797,488.8207,488.8207,488.8207,511.79885,511.79885,511.79885
1256,20000,32,0.763797,,0.763797,0.763797,0.763797,488.8207,488.8207,488.8207,511.79885,511.79885,511.79885
1257,20000,32,0.763797,,0.763797,0.763797,0.763797,488.8207,488.8207,488.8207,511.79885,511.79885,511.79885
1258,20000,32,0.763797,,0.763797,0.763797,0.763797,488.8207,488.8207,488.8207,511.79885,511.79885,511.79885
1259,20000,32,0.763797,,0.763797,0.763797,0.763797,488.8207,488.8207,488.8207,511.79885,511.79885,511.79885
1260,20000,32,0.763797,,0.763797,0.763797,0.763797,488.8207,488.8207,488.8207,511.79885,511.79885,511.79885
1261,20000,32,0.763797,,0.763797,0.763797,0.763797,488.8207,488.8207,488.8207,511.79885,511.79885,511.79885
1262,20000,32,0.763797,,0.763797,0.763797,0.763797,488.8207,488.8207,488.8207,511.79885,511.79885,511.79885
1263,20000,32,0.763797,,0.763797,0.763797,0.763797,488.8207,488.8207,488.8207,511.79885,511.79885,511.79885
1264,20000,32,0.763797,,0.763797,0.763797,0.763797,488.8207,488.8207,488.8207,511.79885,511.79885,511.79885
1265,20000,32,0.763797,,0.763797,0.763797,0.763797,488.8207,488.8207,488.8207,511.79885,511.79885,511.79885
1266,20000,32,0.763797,,0.763797,0.763797,0.763797,488.8207,488.8207,488.8207,511.79885,511.79885,511.79885
1267,20000,32,0.763797,,0.763797,0.763797,0.763797,488.8207,488.8207,488.8207,511.79885,511.79885,511.79885
1268,20000,32,0.763797,,0.763797,0.763797,0.763797,488.8207,488.8207,488.8207,511.79885,511.79885,511.79885
1269,20000,32,0.763797,,0.763797,0.763797,0.763797,488.8207,488.8207,488.8207,511.79885,511.79885,511.79885
1270,20000,32,0.763797,,0.763797,0.763797,0.763797,488.8207,488.8207,488.8207,511.79885,511.79885,511.79885
1271,20000,32,0.763797,,0.763797,0.763797,0.763797,488.8207,488.8207,488.8207,511.79885,511.79885,511.79885
1272,20000,32,0.763797,,0.763797,0.763797,0.763797,488.8207,488.8207,488.8207,511.79885,511.79885,511.79885
1273,20000,32,0.763797,,0.763797,0.763797,0.763797,488.8207,488.8207,488.8207,511.79885,511.79885,511.79885
1274,20000,32,0.763797,,0.763797,0.763797,0.763797,488.8207,488.8207,488.8207,511.79885,511.79885,511.79885
1275,20000,32,0.763797,,0.763797,0.763797,0.763797,488.8207,488.8207,488.8207,511.79885,511.79885,511.79885
1276,20000,32,0.763797,,0.763797,0.763797,0.763797,488.8207,488.8207,488.8207,511.79885,511.79885,511.79885
1277,20000,32,0.763797,,0.763797,0.763797,0.763797,488.8207,488.8207,488.8207,511.79885,511.79885,511.79885
1278,20000,32,0.763797,,0.763797,0.763797,0.763797,488.8207,488.8207,488.8207,511.79885,511.79885,511.79885
1279,20000,32,0.763797,,0.763797,0.763797,0.763797,488.8207,488.8207,488.8207,511.79885,511.79885,511.79885
1280,20000,32,0.763797,,0.763797,0.763797,0.763797,488.8207,488.8207,488.8207,511.79885,511.79885,511.79885
1281,20000,32,0.763797,,0.763797,0.763797,0.763797,488.8207,488.8207,488.8207,511.79885,511.79885,511.79885
1282,20000,32,0.763797,,0.763797,0.763797,0.763797,488.8207,488.8207,488.8207,511.79885,511.79885,511.79885
1283,20000,32,0.763797,,0.763797,0.763797,0.763797,488.8207,488.8207,488.8207,511.79885,511.79885,511.79885
1284,20000,32,0.763797,,0.763797,0.763797,0.763797,488.8207,488.8207,488.8207,511.79885,511.79885,511.79885
1285,20000,32,0.763797,,0.763797,0.763797,0.763797,488.8207,488.8207,488.8207,511.79885,511.79885,511.79885
1286,20000,32,0.763797,,0.763797,0.763797,0.763797,488.8207,488.8207,488.8207,511.79885,511.79885,511.79885
1287,20000,32,0.763797,,0.763797,0.763797,0.763797,488.8207,488.8207,488.8207,511.79885,511.79885,511.79885
1288,20000,32,0.763797,,0.763797,0.763797,0.763797,488.8207,488.8207,488.8207,511.79885,511.79885,511.79885
1289,20000,32,0.763797,,0.763797,0.763797,0.763797,488.8207,488.8207,488.8207,511.79885,511.79885,511.79885
1290,20000,32,0.763797,,0.763797,0.763797,0.763797,488.8207,488.8207,488.8207,511.79885,511.79885,511.79885
1291,20000,32,0.763797,,0.763797,0.763797,0.763797,488.8207,488.8207,488.8207,511.79885,511.79885,511.79885
1292,20000,32,0.763797,,0.763797,0.763797,0.763797,488.8207,488.8207,488.8207,511.79885,511.79885,511.79885
1293,20000,32,0.763797,,0.763797,0.763797,0.763797,488.8207,488.8207,488.8207,511.79885,511.79885,511.79885
1294,20000,32,0.763797,,0.763797,0.763797,0.763797,488.8207,488.8207,488.8207,511.79885,511.79885,511.79885
1295,20000,32,0.763797,,0.763797,0.763797,0.763797,488.8207,488.8207,488.8207,511.79885,511.79885,511.79885
1296,20000,32,0.763797,,0.763797,0.763797,0.763797,488.8207,488.8207,488.8207,511.79885,511.79885,511.79885
1297,20000,32,0.763797,,0.763797,0.763797,0.763797,488.8207,488.8207,488.8207,511.79885,511.79885,511.79885
1298,20000,32,0.763797,,0.763797,0.763797,0.763797,488.8207,488.8207,488.8207,511.79885,511.79885,511.79885
1299,20000,32,0.763797,,0.763797,0.763797,0.763797,488.8207,488.8207,488.8207,511.79885,511.79885,511.79885
1300,20000,32,0.763797,,0.763797,0.763797,0.763797,488.8207,488.8207,488.8207,511.79885,511.79885,511.79885
1301,20000,32,0.763797,,0.763797,0.763797,0.763797,488.8207,488.8207,488.8207,511.79885,511.79885,511.79885
1302,20000,32,0.763797,,0.763797,0.763797,0.763797,488.8207,488.8207,488.8207,511.79885,511.79885,511.79885
1303,20000,32,0.763797,,0.763797,0.763797,0.763797,488.8207,488.8207,488.8207,511.79885,511.79885,511.79885
1304,20000,32,0.763797,,0.763797,0.763797,0.763797,488.8207,488.8207,488.8207,511.79885,511.79885,511.79885
1305,20000,32,0.763797,,0.763797,0.763797,0.763797,488.8207,488.8207,488.8207,511.79885,511.79885,511.79885
1306,20000,32,0.763797,,0.763797,0.763797,0.763797,488.8207,488.8207,488.8207,511.79885,511.79885,511.79885
1307,20000,32,0.763797,,0.763797,0.763797,0.763797,488.8207,488.8207,488.8207,511.79885,511.79885,511.79885
1308,20000,32,0.763797,,0.763797,0.763797,0.763797,488.8207,488.8207,488.8207,511.79885,511.79885,511.79885
1309,20000,32,0.763797,,0.763797,0.763797,0.763797,488.8207,488.8207,488.8207,511.79885,511.79885,511.79885
1310,20000,32,0.763797,,0.763797,0.763797,0.763797,488.8207,488.8207,488.8207,511.79885,511.79885,511.79885
1311,20000,32,0.763797,,0.763797,0.763797,0.763797,488.8207,488.8207,488.8207,511.79885,511.79885,511.79885
1312,20000,32,0.763797,,0.763797,0.763797,0.763797,488.8207,488.8207,488.8207,511.79885,511.79885,511.79885
1313,20000,32,0.763797,,0.763797,0.763797,0.763797,488.8207,488.8207,488.8207,511.79885,511.79885,511.79885
1314,20000,32,0.763797,,0.763797,0.763797,0.763797,488.8207,488.8207,488.8207,511.79885,511.79885,511.79885
1315,20000,32,0.763797,,0.763797,0.763797,0.763797,488.8207,488.8207,488.8207,511.79885,511.79885,511.79885
1316,20000,32,0.763797,,0.763797,0.763797,0.763797,488.8207,488.8207,488.8207,511.79885,511.79885,511.79885
1317,20000,32,0.763797,,0.763797,0.763797,0.763797,488.8207,488.8207,488.8207,511.79885,511.79885,511.79885
1318,20000,32,0.763797,,0.763797,0.763797,0.763797,488.8207,488.8207,488.8207,511.79885,511.79885,511.79885
1319,20000,32,0.763797,,0.763797,0.763797,0.763797,488.8207,488.8207,488.8207,511.79885,511.79885,511.79885
1320,20000,32,0.763797,,0.763797,0.763797,0.763797,488.8207,488.8207,488.8207,511.79885,511.79885,511.79885
1321,20000,32,0.763797,,0.763797,0.763797,0.763797,488.8207,488.8207,488.8207,511.79885,511.79885,511.79885
1322,20000,32,0.763797,,0.763797,0.763797,0.763797,488.8207,488.8207,488.8207,511.79885,511.79885,511.79885
1323,20000,32,0.763797,,0.763797,0.763797,0.763797,488.8207,488.8207,488.8207,511.79885,511.79885,511.79885
1324,20000,32,0.763797,,0.763797,0.763797,0.763797,488.8207,488.8207,488.8207,511.79885,511.79885,511.79885
1325,20000,32,0.763797,,0.763797,0.763797,0.763797,488.8207,488.8207,488.8207,511.79885,511.79885,511.79885
1326,20000,32,0.763797,,0.763797,0.763797,0.763797,488.8207,488.8207,488.8207,511.79885,511.79885,511.79885
1327,20000,32,0.763797,,0.763797,0.763797,0.763797,488.8207,488.8207,488.8207,511.79885,511.79885,511.79885
1328,20000,32,0.763797,,0.763797,0.763797,0.763797,488.8207,488.8207,488.8207,511.79885,511.79885,511.79885
1329,20000,32,0.763797,,0.763797,0.763797,0.763797,488.8207,488.8207,488.8207,511.79885,511.79885,511.79885
1330,20000,32,0.763797,,0.763797,0.763797,0.763797,488.8207,488.8207,488.8207,511.79885,511.79885,511.79885
1331,20000,32,0.763797,,0.763797,0.763797,0.763797,488.8207,488.8207,488.8207,511.79885,511.79885,511.79885
1332,20000,32,0.763797,,0.763797,0.763797,0.763797,488.8207,488.8207,488.8207,511.79885,511.79885,511.79885
1333,20000,32,0.763797,,0.763797,0.763797,0.763797,488.8207,488.8207,488.8207,511.79885,511.79885,511.79885
1334,20000,32,0.763797,,0.763797,0.763797,0.763797,488.8207,488.8207,488.8207,511.79885,511.79885,511.79885
1335,20000,32,0.763797,,0.763797,0.763797,0.763797,488.8207,488.8207,488.8207,511.79885,511.79885,511.79885
1336,20000,32,0.763797,,0.763797,0.763797,0.763797,488.8207,488.8207,488.8207,511.79885,511.79885,511.79885
1337,20000,32,0.763797,,0.763797,0.763797,0.763797,488.8207,488.8207,488.8207,511.79885,511.79885,511.79885
1338,20000,32,0.763797,,0.763797,0.763797,0.763797,488.8207,488.8207,488.8207,511.79885,511.79885,511.79885
1339,20000,32,0.763797,,0.763797,0.763797,0.763797,488.8207,488.8207,488.8207,511.79885,511.79885,511.79885
1340,20000,32,0.763797,,0.763797,0.763797,0.763797,488.8207,488.8207,488.8207,511.79885,511.79885,511.79885
1341,20000,32,0.763797,,0.763797,0.763797,0.763797,488.8207,488.8207,488.8207,511.79885,511.79885,511.79885
1342,20000,32,0.763797,,0.763797,0.763797,0.763797,488.8207,488.8207,488.8207,511.79885,511.79885,511.79885
1343,20000,32,0.763797,,0.763797,0.763797,0.763797,488.8207,488.8207,488.8207,511.79885,511.79885,511.79885
1344,20000,32,0.763797,,0.763797,0.763797,0.763797,488.8207,488.8207,488.8207,511.79885,511.79885,511.79885
1345,20000,32,0.763797,,0.763797,0.763797,0.763797,488.8207,488.8207,488.8207,511.79885,511.79885,511.79885
1346,20000,32,0.763797,,0.763797,0.763797,0.763797,488.8207,488.8207,488.8207,511.79885,511.79885,511.79885
1347,20000,32,0.763797,,0.763797,0.763797,0.763797,488.8207,488.8207,488.8207,511.79885,511.79885,511.79885
1348,20000,32,0.763797,,0.763797,0.763797,0.763797,488.8207,488.8207,488.8207,511.79885,511.79885,511.79885
1349,20000,32,0.763797,,0.763797,0.763797,0.763797,488.8207,488.8207,488.8207,511.79885,511.79885,511.79885
1350,20000,32,0.763797,,0.763797,0.763797,0.763797,488.8207,488.8207,488.8207,511.79885,511.79885,511.79885
1351,20000,32,0.763797,,0.763797,0.763797,0.763797,488.8207,488.8207,488.8207,511.79885,511.79885,511.79885
1352,20000,32,0.763797,,0.763797,0.763797,0.763797,488.8207,488.8207,488.8207,511.79885,511.79885,511.79885
1353,20000,32,0.763797,,0.763797,0.763797,0.763797,488.8207,488.8207,488.8207,511.79885,511.79885,511.79885
1354,20000,32,0.763797,,0.763797,0.763797,0.763797,488.8207,488.8207,488.8207,511.79885,511.79885,511.79885
1355,20000,32,0.763797,,0.763797,0.763797,0.763797,488.8207,488.8207,488.8207,511.79885,511.79885,511.79885
1356,20000,32,0.763797,,0.763797,0.763797,0.763797,488.8207,488.8207,488.8207,511.79885,511.79885,511.79885
1357,20000,32,0.763797,,0.763797,0.763797,0.763797,488.8207,488.8207,488.8207,511.79885,511.79885,511.79885
1358,20000,32,0.763797,,0.763797,0.763797,0.763797,488.8207,488.8207,488.8207,511.79885,511.79885,511.79885
1359,20000,32,0.763797,,0.763797,0.763797,0.763797,488.8207,488.8207,488.8207,511.79885,511.79885,511.79885
1360,20000,32,0.763797,,0.763797,0.763797,0.763797,488.8207,488.8207,488.8207,511.79885,511.79885,511.79885
1361,20000,32,0.763797,,0.763797,0.763797,0.763797,488.8207,488.8207,488.8207,511.79885,511.79885,511.79885
1362,20000,32,0.763797,,0.763797,0.763797,0.763797,488.8207,488.8207,488.8207,511.79885,511.79885,511.79885
1363,20000,32,0.763797,,0.763797,0.763797,0.763797,488.8207,488.8207,488.8207,511.79885,511.79885,511.79885
1364,20000,32,0.763797,,0.763797,0.763797,0.763797,488.8207,488.8207,488.8207,511.79885,511.79885,511.79885
1365,20000,32,0.763797,,0.763797,0.763797,0.763797,488.8207,488.8207,488.8207,511.79885,511.79885,511.79885
1366,20000,32,0.763797,,0.763797,0.763797,0.763797,488.8207,488.8207,488.8207,511.79885,511.79885,511.79885
1367,20000,32,0.763797,,0.763797,0.763797,0.763797,488.8207,488.8207,488.8207,511.79885,511.79885,511.79885
1368,20000,32,0.763797,,0.763797,0.763797,0.763797,488.8207,488.8207,488.8207,511.79885,511.79885,511.79885
1369,20000,32,0.763797,,0.763797,0.763797,0.763797,488.8207,488.8207,488.8207,511.79885,511.79885,511.79885
1370,20000,32,0.763797,,0.763797,0.763797,0.763797,488.8207,488.8207,488.8207,511.79885,511.79885,511.79885
1371,20000,32,0.763797,,0.763797,0.763797,0.763797,488.8207,488.8207,488.8207,511.79885,511.79885,511.79885
1372,20000,32,0.763797,,0.763797,0.763797,0.763797,488.8207,488.8207,488.8207,511.79885,511.79885,511.79885
1373,20000,32,0.763797,,0.763797,0.763797,0.763797,488.8207,488.8207,488.8207,511.79885,511.79885,511.79885
1374,20000,32,0.763797,,0.763797,0.763797,0.763797,488.8207,488.8207,488.8207,511.79885,511.79885,511.79885
1375,20000,32,0.763797,,0.763797,0.763797,0.763797,488.8207,488.8207,488.8207,511.79885,511.79885,511.79885
1376,20000,32,0.763797,,0.763797,0.763797,0.763797,488.8207,488.8207,488.8207,511.79885,511.79885,511.79885
1377,20000,32,0.763797,,0.763797,0.763797,0.763797,488.8207,488.8207,488.8207,511.79885,511.79885,511.79885
1378,20000,32,0.763797,,0.763797,0.763797,0.763797,488.8207,488.8207,488.8207,511.79885,511.79885,511.79885
1379,20000,32,0.763797,,0.763797,0.763797,0.763797,488.8207,488.8207,488.8207,511.79885,511.79885,511.79885
1380,20000,32,0.763797,,0.763797,0.763797,0.763797,488.8207,488.8207,488.8207,511.79885,511.79885,511.79885
1381,20000,32,0.763797,,0.763797,0.763797,0.763797,488.8207,488.8207,488.8207,511.79885,511.79885,511.79885
1382,20000,32,0.763797,,0.763797,0.763797,0.763797,488.8207,488.8207,488.8207,511.79885,511.79885,511.79885
1383,20000,32,0.763797,,0.763797,0.763797,0.763797,488.8207,488.8207,488.8207,511.79885,511.79885,511.79885
1384,20000,32,0.763797,,0.763797,0.763797,0.763797,488.8207,488.8207,488.8207,511.79885,511.79885,511.79885
1385,20000,32,0.763797,,0.763797,0.763797,0.763797,488.8207,488.8207,488.8207,511.79885,511.79885,511.79885
1386,20000,32,0.763797,,0.763797,0.763797,0.763797,488.8207,488.8207,488.8207,511.79885,511.79885,511.79885
1387,20000,32,0.763797,,0.763797,0.763797,0.763797,488.8207,488.8207,488.8207,511.79885,511.79885,511.79885
1388,20000,32,0.763797,,0.763797,0.763797,0.763797,488.8207,488.8207,488.8207,511.79885,511.79885,511.79885
1389,20000,32,0.763797,,0.763797,0.763797,0.763797,488.8207,488.8207,488.8207,511.79885,511.79885,511.79885
1390,20000,32,0.763797,,0.763797,0.763797,0.763797,488.8207,488.8207,488.8207,511.79885,511.79885,511.79885
1391,20000,32,0.763797,,0.763797,0.763797,0.763797,488.8207,488.8207,488.8207,511.79885,511.79885,511.79885
1392,20000,32,0.763797,,0.763797,0.763797,0.763797,488.8207,488.8207,488.8207,511.79885,511.79885,511.79885
1393,20000,32,0.763797,,0.763797,0.763797,0.763797,488.8207,488.8207,488.8207,511.79885,511.79885,511.79885
1394,20000,32,0.763797,,0.763797,0.763797,0.763797,488.8207,488.8207,488.8207,511.79885,511.79885,511.79885
1395,20000,32,0.763797,,0.763797,0.763797,0.763797,488.8207,488.8207,488.8207,511.79885,511.79885,511.79885
1396,20000,32,0.763797,,0.763797,0.763797,0.763797,488.8207,488.8207,488.8207,511.79885,511.79885,511.79885
1397,20000,32,0.763797,,0.763797,0.763797,0.763797,488.8207,488.8207,488.8207,511.79885,511.79885,511.79885
1398,20000,32,0.763797,,0.763797,0.763797,0.763797,488.8207,488.8207,488.8207,511.79885,511.79885,511.79885
1399,20000,32,0.763797,,0.763797,0.763797,0.763797,488.8207,488.8207,488.8207,511.79885,511.79885,511.79885
1400,20000,32,0.763797,,0.763797,0.763797,0.763797,488.8207,488.8207,488.8207,511.79885,511.79885,511.79885
1401,20000,32,0.763797,,0.763797,0.763797,0.763797,488.8207,488.8207,488.8207,511.79885,511.79885,511.79885
1402,20000,32,0.763797,,0.763797,0.763797,0.763797,488.8207,488.8207,488.8207,511.79885,511.79885,511.79885
1403,20000,32,0.763797,,0.763797,0.763797,0.763797,488.8207,488.8207,488.8207,511.79885,511.79885,511.79885
1404,20000,32,0.763797,,0.763797,0.763797,0.763797,488.8207,488.8207,488.8207,511.79885,511.79885,511.79885
1405,20000,32,0.763797,,0.763797,0.763797,0.763797,488.8207,488.8207,488.8207,511.79885,511.79885,511.79885
1406,20000,32,0.763797,,0.763797,0.763797,0.763797,488.8207,488.8207,488.8207,511.79885,511.79885,511.79885
1407,20000,32,0.763797,,0.763797,0.763797,0.763797,488.8207,488.8207,488.8207,511.79885,511.79885,511.79885
1408,20000,32,0.763797,,0.763797,0.763797,0.763797,488.8207,488.8207,488.8207,511.79885,511.79885,511.79885
1409,20000,32,0.763797,,0.763797,0.763797,0.763797,488.8207,488.8207,488.8207,511.79885,511.79885,511.79885
1410,20000,32,0.763797,,0.763797,0.763797,0.763797,488.8207,488.8207,488.8207,511.79885,511.79885,511.79885
1411,20000,32,0.763797,,0.763797,0.763797,0.763797,488.8207,488.8207,488.8207,511.79885,511.79885,511.79885
1412,20000,32,0.763797,,0.763797,0.763797,0.763797,488.8207,488.8207,488.8207,511.79885,511.79885,511.79885
1413,20000,32,0.763797,,0.763797,0.763797,0.763797,488.8207,488.8207,488.8207,511.79885,511.79885,511.79885
1414,20000,32,0.763797,,0.763797,0.763797,0.763797,488.8207,488.8207,488.8207,511.79885,511.79885,511.79885
1415,20000,32,0.763797,,0.763797,0.763797,0.763797,488.8207,488.8207,488.8207,511.79885,511.79885,511.79885
1416,20000,32,0.763797,,0.763797,0.763797,0.763797,488.8207,488.8207,488.8207,511.79885,511.79885,511.79885
1417,20000,32,0.763797,,0.763797,0.763797,0.763797,488.8207,488.8207,488.8207,511.79885,511.79885,511.79885
1418,20000,32,0.763797,,0.763797,0.763797,0.763797,488.8207,488.8207,488.8207,511.79885,511.79885,511.79885
1419,20000,32,0.763797,,0.763797,0.763797,0.763797,488.8207,488.8207,488.8207,511.79885,511.79885,511.79885
1420,20000,32,0.763797,,0.763797,0.763797,0.763797,488.8207,488.8207,488.8207,511.79885,511.79885,511.79885
1421,20000,32,0.763797,,0.763797,0.763797,0.763797,488.8207,488.8207,488.8207,511.79885,511.79885,511.79885
1422,20000,32,0.763797,,0.763797,0.763797,0.763797,488.8207,488.8207,488.8207,511.79885,511.79885,511.79885
1423,20000,32,0.763797,,0.763797,0.763797,0.763797,488.8207,488.8207,488.8207,511.79885,511.79885,511.79885
1424,20000,32,0.763797,,0.763797,0.763797,0.763797,488.8207,488.8207,488.8207,511.79885,511.79885,511.79885
1425,20000,32,0.763797,,0.763797,0.763797,0.763797,488.8207,488.8207,488.8207,511.79885,511.79885,511.79885
1426,20000,32,0.763797,,0.763797,0.763797,0.763797,488.8207,488.8207,488.8207,511.79885,511.79885,511.79885
1427,20000,32,0.763797,,0.763797,0.763797,0.763797,488.8207,488.8207,488.8207,511.79885,511.79885,511.79885
1428,20000,32,0.763797,,0.763797,0.763797,0.763797,488.8207,488.8207,488.8207,511.79885,511.79885,511.79885
1429,20000,32,0.763797,,0.763797,0.763797,0.763797,488.8207,488.8207,488.8207,511.79885,511.79885,511.79885
1430,20000,32,0.763797,,0.763797,0.763797,0.763797,488.8207,488.8207,488.8207,511.79885,511.79885,511.79885
1431,20000,32,0.763797,,0.763797,0.763797,0.763797,488.8207,488.8207,488.8207,511.79885,511.79885,511.79885
1432,20000,32,0.763797,,0.763797,0.763797,0.763797,488.8207,488.8207,488.8207,511.79885,511.79885,511.79885
1433,20000,32,0.763797,,0.763797,0.763797,0.763797,488.8207,488.8207,488.8207,511.79885,511.79885,511.79885
1434,20000,32,0.763797,,0.763797,0.763797,0.763797,488.8207,488.8207,488.8207,511.79885,511.79885,511.79885
1435,20000,32,0.763797,,0.763797,0.763797,0.763797,488.8207,488.8207,488.8207,511.79885,511.79885,511.79885
1436,20000,32,0.763797,,0.763797,0.763797,0.763797,488.8207,488.8207,488.8207,511.79885,511.79885,511.79885
1437,20000,32,0.763797,,0.763797,0.763797,0.763797,488.8207,488.8207,488.8207,511.79885,511.79885,511.79885
1438,20000,32,0.763797,,0.763797,0.763797,0.763797,488.8207,488.8207,488.8207,511.79885,511.79885,511.79885
1439,20000,32,0.763797,,0.763797,0.763797,0.763797,488.8207,488.8207,488.8207,511.79885,511.79885,511.79885
1440,20000,32,0.763797,,0.763797,0.763797,0.763797,488.8207,488.8207,488.8207,511.79885,511.79885,511.79885
1441,20000,32,0.763797,,0.763797,0.763797,0.763797,488.8207,488.8207,488.8207,511.79885,511.79885,511.79885
1442,20000,32,0.763797,,0.763797,0.763797,0.763797,488.8207,488.8207,488.8207,511.79885,511.79885,511.79885
1443,20000,32,0.763797,,0.763797,0.763797,0.763797,488.8207,488.8207,488.8207,511.79885,511.79885,511.79885
1444,20000,32,0.763797,,0.763797,0.763797,0.763797,488.8207,488.8207,488.8207,511.79885,511.79885,511.79885
1445,20000,32,0.763797,,0.763797,0.763797,0.763797,488.8207,488.8207,488.8207,511.79885,511.79885,511.79885
1446,20000,32,0.763797,,0.763797,0.763797,0.763797,488.8207,488.8207,488.8207,511.79885,511.79885,511.79885
1447,20000,32,0.763797,,0.763797,0.763797,0.763797,488.8207,488.8207,488.8207,511.79885,511.79885,511.79885
1448,20000,32,0.763797,,0.763797,0.763797,0.763797,488.8207,488.8207,488.8207,511.79885,511.79885,511.79885
1449,20000,32,0.763797,,0.763797,0.763797,0.763797,488.8207,488.8207,488.8207,511.79885,511.79885,511.79885
1450,20000,32,0.763797,,0.763797,0.763797,0.763797,488.8207,488.8207,488.8207,511.79885,511.79885,511.79885
1451,20000,32,0.763797,,0.763797,0.763797,0.763797,488.8207,488.8207,488.8207,511.79885,511.79885,511.79885
1452,20000,32,0.763797,,0.763797,0.763797,0.763797,488.8207,488.8207,488.8207,511.79885,511.79885,511.79885
1453,20000,32,0.763797,,0.763797,0.763797,0.763797,488.8207,488.8207,488.8207,511.79885,511.79885,511.79885
1454,20000,32,0.763797,,0.763797,0.763797,0.763797,488.8207,488.8207,488.8207,511.79885,511.79885,511.79885
1455,20000,32,0.763797,,0.763797,0.763797,0.763797,488.8207,488.8207,488.8207,511.79885,511.79885,511.79885
1456,20000,32,0.763797,,0.763797,0.763797,0.763797,488.8207,488.8207,488.8207,511.79885,511.79885,511.79885
1457,20000,32,0.763797,,0.763797,0.763797,0.763797,488.8207,488.8207,488.8207,511.79885,511.79885,511.79885
1458,20000,32,0.763797,,0.763797,0.763797,0.763797,488.8207,488.8207,488.8207,511.79885,511.79885,511.79885
1459,20000,32,0.763797,,0.763797,0.763797,0.763797,488.8207,488.8207,488.8207,511.79885,511.79885,511.79885
1460,20000,32,0.763797,,0.763797,0.763797,0.763797,488.8207,488.8207,488.8207,511.79885,511.79885,511.79885
1461,20000,32,0.763797,,0.763797,0.763797,0.763797,488.8207,488.8207,488.8207,511.79885,511.79885,511.79885
1462,20000,32,0.763797,,0.763797,0.763797,0.763797,488.8207,488.8207,488.8207,511.79885,511.79885,511.79885
1463,20000,32,0.763797,,0.763797,0.763797,0.763797,488.8207,488.8207,488.8207,511.79885,511.79885,511.79885
1464,20000,32,0.763797,,0.763797,0.763797,0.763797,488.8207,488.8207,488.8207,511.79885,511.79885,511.79885
1465,20000,32,0.763797,,0.763797,0.763797,0.763797,488.8207,488.8207,488.8207,511.79885,511.79885,511.79885
1466,20000,32,0.763797,,0.763797,0.763797,0.763797,488.8207,488.8207,488.8207,511.79885,511.79885,511.79885
1467,20000,32,0.763797,,0.763797,0.763797,0.763797,488.8207,488.8207,488.8207,511.79885,511.79885,511.79885
1468,20000,32,0.763797,,0.763797,0.763797,0.763797,488.8207,488.8207,488.8207,511.79885,511.79885,511.79885
1469,20000,32,0.763797,,0.763797,0.763797,0.763797,488.8207,488.8207,488.8207,511.79885,511.79885,511.79885
1470,20000,32,0.763797,,0.763797,0.763797,0.763797,488.8207,488.8207,488.8207,511.79885,511.79885,511.79885
1471,20000,32,0.763797,,0.763797,0.763797,0.763797,488.8207,488.8207,488.8207,511.79885,511.79885,511.79885
1472,20000,32,0.763797,,0.763797,0.763797,0.763797,488.8207,488.8207,488.8207,511.79885,511.79885,511.79885
1473,20000,32,0.763797,,0.763797,0.763797,0.763797,488.8207,488.8207,488.8207,511.79885,511.79885,511.79885
1474,20000,32,0.763797,,0.763797,0.763797,0.763797,488.8207,488.8207,488.8207,511.79885,511.79885,511.79885
1475,20000,32,0.763797,,0.763797,0.763797,0.763797,488.8207,488.8207,488.8207,511.79885,511.79885,511.79885
1476,20000,32,0.763797,,0.763797,0.763797,0.763797,488.8207,488.8207,488.8207,511.79885,511.79885,511.79885
1477,20000,32,0.763797,,0.763797,0.763797,0.763797,488.8207,488.8207,488.8207,511.79885,511.79885,511.79885
1478,20000,32,0.763797,,0.763797,0.763797,0.763797,488.8207,488.8207,488.8207,511.79885,511.79885,511.79885
1479,20000,32,0.763797,,0.763797,0.763797,0.763797,488.8207,488.8207,488.8207,511.79885,511.79885,511.79885
1480,20000,32,0.763797,,0.763797,0.763797,0.763797,488.8207,488.8207,488.8207,511.79885,511.79885,511.79885
1481,20000,32,0.763797,,0.763797,0.763797,0.763797,488.8207,488.8207,488.8207,511.79885,511.79885,511.79885
1482,20000,32,0.763797,,0.763797,0.763797,0.763797,488.8207,488.8207,488.8207,511.79885,511.79885,511.79885
1483,20000,32,0.763797,,0.763797,0.763797,0.763797,488.8207,488.8207,488.8207,511.79885,511.79885,511.79885
1484,20000,32,0.763797,,0.763797,0.763797,0.763797,488.8207,488.8207,488.8207,511.79885,511.79885,511.79885
1485,20000,32,0.763797,,0.763797,0.763797,0.763797,488.8207,488.8207,488.8207,511.79885,511.79885,511.79885
1486,20000,32,0.763797,,0.763797,0.763797,0.763797,488.8207,488.8207,488.8207,511.79885,511.79885,511.79885
1487,20000,32,0.763797,,0.763797,0.763797,0.763797,488.8207,488.8207,488.8207,511.79885,511.79885,511.79885
1488,20000,32,0.763797,,0.763797,0.763797,0.763797,488.8207,488.8207,488.8207,511.79885,511.79885,511.79885
1489,20000,32,0.763797,,0.763797,0.763797,0.763797,488.8207,488.8207,488.8207,511.79885,511.79885,511.79885
1490,20000,32,0.763797,,0.763797,0.763797,0.763797,488.8207,488.8207,488.8207,511.79885,511.79885,511.79885
1491,20000,32,0.763797,,0.763797,0.763797,0.763797,488.8207,488.8207,488.8207,511.79885,511.79885,511.79885
1492,20000,32,0.763797,,0.763797,0.763797,0.763797,488.8207,488.8207,488.8207,511.79885,511.79885,511.79885
1493,20000,32,0.763797,,0.763797,0.763797,0.763797,488.8207,488.8207,488.8207,511.79885,511.79885,511.79885
1494,20000,32,0.763797,,0.763797,0.763797,0.763797,488.8207,488.8207,488.8207,511.79885,511.79885,511.79885
1495,20000,32,0.763797,,0.763797,0.763797,0.763797,488.8207,488.8207,488.8207,511.79885,511.79885,511.79885
1496,20000,32,0.763797,,0.763797,0.763797,0.763797,488.8207,488.8207,488.8207,511.79885,511.79885,511.79885
1497,20000,32,0.763797,,0.763797,0.763797,0.763797,488.8207,488.8207,488.8207,511.79885,511.79885,511.79885
1498,20000,32,0.763797,,0.763797,0.763797,0.763797,488.8207,488.8207,488.8207,511.79885,511.79885,511.79885
1499,20000,32,0.763797,,0.763797,0.763797,0.763797,488.8207,488.8207,488.8207,511.79885,511.79885,511.79885
1500,20000,32,0.763797,,0.763797,0.763797,0.763797,488.8207,488.8207,488.8207,511.79885,511.79885,511.79885
1501,20000,32,0.763797,,0.763797,0.763797,0.763797,488.8207,488.8207,488.8207,511.79885,511.79885,511.79885
1502,20000,32,0.763797,,0.763797,0.763797,0.763797,488.8207,488.8207,488.8207,511.79885,511.79885,511.79885
1503,20000,32,0.763797,,0.763797,0.763797,0.763797,488.8207,488.8207,488.8207,511.79885,511.79885,511.79885
1504,20000,32,0.763797,,0.763797,0.763797,0.763797,488.8207,488.8207,488.8207,511.79885,511.79885,511.79885
1505,20000,32,0.763797,,0.763797,0.763797,0.763797,488.8207,488.8207,488.8207,511.79885,511.79885,511.79885
1506,20000,32,0.763797,,0.763797,0.763797,0.763797,488.8207,488.8207,488.8207,511.79885,511.79885,511.79885
1507,20000,32,0.763797,,0.763797,0.763797,0.763797,488.8207,488.8207,488.8207,511.79885,511.79885,511.79885
1508,20000,32,0.763797,,0.763797,0.763797,0.763797,488.8207,488.8207,488.8207,511.79885,511.79885,511.79885
1509,20000,32,0.763797,,0.763797,0.763797,0.763797,488.8207,488.8207,488.8207,511.79885,511.79885,511.79885
1510,20000,32,0.763797,,0.763797,0.763797,0.763797,488.8207,488.8207,488.8207,511.79885,511.79885,511.79885
1511,20000,32,0.763797,,0.763797,0.763797,0.763797,488.8207,488.8207,488.8207,511.79885,511.79885,511.79885
1512,20000,32,0.763797,,0.763797,0.763797,0.763797,488.8207,488.8207,488.8207,511.79885,511.79885,511.79885
1513,20000,32,0.763797,,0.763797,0.763797,0.763797,488.8207,488.8207,488.8207,511.79885,511.79885,511.79885
1514,20000,32,0.763797,,0.763797,0.763797,0.763797,488.8207,488.8207,488.8207,511.79885,511.79885,511.79885
1515,20000,32,0.763797,,0.763797,0.763797,0.763797,488.8207,488.8207,488.8207,511.79885,511.79885,511.79885
1516,20000,32,0.763797,,0.763797,0.763797,0.763797,488.8207,488.8207,488.8207,511.79885,511.79885,511.79885
1517,20000,32,0.763797,,0.763797,0.763797,0.763797,488.8207,488.8207,488.8207,511.79885,511.79885,511.79885
1518,20000,32,0.763797,,0.763797,0.763797,0.763797,488.8207,488.8207,488.8207,511.79885,511.79885,511.79885
1519,20000,32,0.763797,,0.763797,0.763797,0.763797,488.8207,488.8207,488.8207,511.79885,511.79885,511.79885
1520,20000,32,0.763797,,0.763797,0.763797,0.763797,488.8207,488.8207,488.8207,511.79885,511.79885,511.79885
1521,20000,32,0.763797,,0.763797,0.763797,0.763797,488.8207,488.8207,488.8207,511.79885,511.79885,511.79885
1522,20000,32,0.763797,,0.763797,0.763797,0.763797,488.8207,488.8207,488.8207,511.79885,511.79885,511.79885
1523,20000,32,0.763797,,0.763797,0.763797,0.763797,488.8207,488.8207,488.8207,511.79885,511.79885,511.79885
1524,20000,32,0.763797,,0.763797,0.763797,0.763797,488.8207,488.8207,488.8207,511.79885,511.79885,511.79885
1525,20000,32,0.763797,,0.763797,0.763797,0.763797,488.8207,488.8207,488.8207,511.79885,511.79885,511.79885
1526,20000,32,0.763797,,0.763797,0.763797,0.763797,488.8207,488.8207,488.8207,511.79885,511.79885,511.79885
1527,20000,32,0.763797,,0.763797,0.763797,0.763797,488.8207,488.8207,488.8207,511.79885,511.79885,511.79885
1528,20000,32,0.763797,,0.763797,0.763797,0.763797,488.8207,488.8207,488.8207,511.79885,511.79885,511.79885
1529,20000,32,0.763797,,0.763797,0.763797,0.763797,488.8207,488.8207,488.8207,511.79885,511.79885,511.79885
1530,20000,32,0.763797,,0.763797,0.763797,0.763797,488.8207,488.8207,488.8207,511.79885,511.79885,511.79885
1531,20000,32,0.763797,,0.763797,0.763797,0.763797,488.8207,488.8207,488.8207,511.79885,511.79885,511.79885
1532,20000,32,0.763797,,0.763797,0.763797,0.763797,488.8207,488.8207,488.8207,511.79885,511.79885,511.79885
1533,20000,32,0.763797,,0.763797,0.763797,0.763797,488.8207,488.8207,488.8207,511.79885,511.79885,511.79885
1534,20000,32,0.763797,,0.763797,0.763797,0.763797,488.8207,488.8207,488.8207,511.79885,511.79885,511.79885
1535,20000,32,0.763797,,0.763797,0.763797,0.763797,488.8207,488.8207,488.8207,511.79885,511.79885,511.79885
1536,20000,32,0.763797,,0.763797,0.763797,0.763797,488.8207,488.8207,488.8207,511.79885,511.79885,511.79885
1537,20000,32,0.763797,,0.763797,0.763797,0.763797,488.8207,488.8207,488.8207,511.79885,511.79885,511.79885
1538,20000,32,0.763797,,0.763797,0.763797,0.763797,488.8207,488.8207,488.8207,511.79885,511.79885,511.79885
1539,20000,32,0.763797,,0.763797,0.763797,0.763797,488.8207,488.8207,488.8207,511.79885,511.79885,511.79885
1540,20000,32,0.763797,,0.763797,0.763797,0.763797,488.8207,488.8207,488.8207,511.79885,511.79885,511.79885
1541,20000,32,0.763797,,0.763797,0.763797,0.763797,488.8207,488.8207,488.8207,511.79885,511.79885,511.79885
1542,20000,32,0.763797,,0.763797,0.763797,0.763797,488.8207,488.8207,488.8207,511.79885,511.79885,511.79885
1543,20000,32,0.763797,,0.763797,0.763797,0.763797,488.8207,488.8207,488.8207,511.79885,511.79885,511.79885
1544,20000,32,0.763797,,0.763797,0.763797,0.763797,488.8207,488.8207,488.8207,511.79885,511.79885,511.79885
1545,20000,32,0.763797,,0.763797,0.763797,0.763797,488.8207,488.8207,488.8207,511.79885,511.79885,511.79885
1546,20000,32,0.763797,,0.763797,0.763797,0.763797,488.8207,488.8207,488.8207,511.79885,511.79885,511.79885
1547,20000,32,0.763797,,0.763797,0.763797,0.763797,488.8207,488.8207,488.8207,511.79885,511.79885,511.79885
1548,20000,32,0.763797,,0.763797,0.763797,0.763797,488.8207,488.8207,488.8207,511.79885,511.79885,511.79885
1549,20000,32,0.763797,,0.763797,0.763797,0.763797,488.8207,488.8207,488.8207,511.79885,511.79885,511.79885
1550,20000,32,0.763797,,0.763797,0.763797,0.763797,488.8207,488.8207,488.8207,511.79885,511.79885,511.79885
1551,20000,32,0.763797,,0.763797,0.763797,0.763797,488.8207,488.8207,488.8207,511.79885,511.79885,511.79885
1552,20000,32,0.763797,,0.763797,0.763797,0.763797,488.8207,488.8207,488.8207,511.79885,511.79885,511.79885
1553,20000,32,0.763797,,0.763797,0.763797,0.763797,488.8207,488.8207,488.8207,511.79885,511.79885,511.79885
1554,20000,32,0.763797,,0.763797,0.763797,0.763797,488.8207,488.8207,488.8207,511.79885,511.79885,511.79885
1555,20000,32,0.763797,,0.763797,0.763797,0.763797,488.8207,488.8207,488.8207,511.79885,511.79885,511.79885
1556,20000,32,0.763797,,0.763797,0.763797,0.763797,488.8207,488.8207,488.8207,511.79885,511.79885,511.79885
1557,20000,32,0.763797,,0.763797,0.763797,0.763797,488.8207,488.8207,488.8207,511.79885,511.79885,511.79885
1558,20000,32,0.763797,,0.763797,0.763797,0.763797,488.8207,488.8207,488.8207,511.79885,511.79885,511.79885
1559,20000,32,0.763797,,0.763797,0.763797,0.763797,488.8207,488.8207,488.8207,511.79885,511.79885,511.79885
1560,20000,32,0.763797,,0.763797,0.763797,0.763797,488.8207,488.8207,488.8207,511.79885,511.79885,511.79885
1561,20000,32,0.763797,,0.763797,0.763797,0.763797,488.8207,488.8207,488.8207,511.79885,511.79885,511.79885
1562,20000,32,0.763797,,0.763797,0.763797,0.763797,488.8207,488.8207,488.8207,511.79885,511.79885,511.79885
1563,20000,32,0.763797,,0.763797,0.763797,0.763797,488.8207,488.8207,488.8207,511.79885,511.79885,511.79885
1564,20000,32,0.763797,,0.763797,0.763797,0.763797,488.8207,488.8207,488.8207,511.79885,511.79885,511.79885
1565,20000,32,0.763797,,0.763797,0.763797,0.763797,488.8207,488.8207,488.8207,511.79885,511.79885,511.79885
1566,20000,32,0.763797,,0.763797,0.763797,0.763797,488.8207,488.8207,488.8207,511.79885,511.79885,511.79885
1567,20000,32,0.763797,,0.763797,0.763797,0.763797,488.8207,488.8207,488.8207,511.79885,511.79885,511.79885
1568,20000,32,0.763797,,0.763797,0.763797,0.763797,488.8207,488.8207,488.8207,511.79885,511.79885,511.79885
1569,20000,32,0.763797,,0.763797,0.763797,0.763797,488.8207,488.8207,488.8207,511.79885,511.79885,511.79885
1570,20000,32,0.763797,,0.763797,0.763797,0.763797,488.8207,488.8207,488.8207,511.79885,511.79885,511.79885
1571,20000,32,0.763797,,0.763797,0.763797,0.763797,488.8207,488.8207,488.8207,511.79885,511.79885,511.79885
1572,20000,32,0.763797,,0.763797,0.763797,0.763797,488.8207,488.8207,488.8207,511.79885,511.79885,511.79885
1573,20000,32,0.763797,,0.763797,0.763797,0.763797,488.8207,488.8207,488.8207,511.79885,511.79885,511.79885
1574,20000,32,0.763797,,0.763797,0.763797,0.763797,488.8207,488.8207,488.8207,511.79885,511.79885,511.79885
1575,20000,32,0.763797,,0.763797,0.763797,0.763797,488.8207,488.8207,488.8207,511.79885,511.79885,511.79885
1576,20000,32,0.763797,,0.763797,0.763797,0.763797,488.8207,488.8207,488.8207,511.79885,511.79885,511.79885
1577,20000,32,0.763797,,0.763797,0.763797,0.763797,488.8207,488.8207,488.8207,511.79885,511.79885,511.79885
1578,20000,32,0.763797,,0.763797,0.763797,0.763797,488.8207,488.8207,488.8207,511.79885,511.79885,511.79885
1579,20000,32,0.763797,,0.763797,0.763797,0.763797,488.8207,488.8207,488.8207,511.79885,511.79885,511.79885
1580,20000,32,0.763797,,0.763797,0.763797,0.763797,488.8207,488.8207,488.8207,511.79885,511.79885,511.79885
1581,20000,32,0.763797,,0.763797,0.763797,0.763797,488.8207,488.8207,488.8207,511.79885,511.79885,511.79885
1582,20000,32,0.763797,,0.763797,0.763797,0.763797,488.8207,488.8207,488.8207,511.79885,511.79885,511.79885
1583,20000,32,0.763797,,0.763797,0.763797,0.763797,488.8207,488.8207,488.8207,511.79885,511.79885,511.79885
1584,20000,32,0.763797,,0.763797,0.763797,0.763797,488.8207,488.8207,488.8207,511.79885,511.79885,511.79885
1585,20000,32,0.763797,,0.763797,0.763797,0.763797,488.8207,488.8207,488.8207,511.79885,511.79885,511.79885
1586,20000,32,0.763797,,0.763797,0.763797,0.763797,488.8207,488.8207,488.8207,511.79885,511.79885,511.79885
1587,20000,32,0.763797,,0.763797,0.763797,0.763797,488.8207,488.8207,488.8207,511.79885,511.79885,511.79885
1588,20000,32,0.763797,,0.763797,0.763797,0.763797,488.8207,488.8207,488.8207,511.79885,511.79885,511.79885
1589,20000,32,0.763797,,0.763797,0.763797,0.763797,488.8207,488.8207,488.8207,511.79885,511.79885,511.79885
1590,20000,32,0.763797,,0.763797,0.763797,0.763797,488.8207,488.8207,488.8207,511.79885,511.79885,511.79885
1591,20000,32,0.763797,,0.763797,0.763797,0.763797,488.8207,488.8207,488.8207,511.79885,511.79885,511.79885
1592,20000,32,0.763797,,0.763797,0.763797,0.763797,488.8207,488.8207,488.8207,511.79885,511.79885,511.79885
1593,20000,32,0.763797,,0.763797,0.763797,0.763797,488.8207,488.8207,488.8207,511.79885,511.79885,511.79885
1594,20000,32,0.763797,,0.763797,0.763797,0.763797,488.8207,488.8207,488.8207,511.79885,511.79885,511.79885
1595,20000,32,0.763797,,0.763797,0.763797,0.763797,488.8207,488.8207,488.8207,511.79885,511.79885,511.79885
1596,20000,32,0.763797,,0.763797,0.763797,0.763797,488.8207,488.8207,488.8207,511.79885,511.79885,511.79885
1597,20000,32,0.763797,,0.763797,0.763797,0.763797,488.8207,488.8207,488.8207,511.79885,511.79885,511.79885
1598,20000,32,0.763797,,0.763797,0.763797,0.763797,488.8207,488.8207,488.8207,511.79885,511.79885,511.79885
1599,20000,32,0.763797,,0.763797,0.763797,0.763797,488.8207,488.8207,488.8207,511.79885,511.79885,511.79885
1600,20000,32,0.763797,,0.763797,0.763797,0.763797,488.8207,488.8207,488.8207,511.79885,511.79885,511.79885
1601,20000,32,0.763797,,0.763797,0.763797,0.763797,488.8207,488.8207,488.8207,511.79885,511.79885,511.79885
1602,20000,32,0.763797,,0.763797,0.763797,0.763797,488.8207,488.8207,488.8207,511.79885,511.79885,511.79885
1603,20000,32,0.763797,,0.763797,0.763797,0.763797,488.8207,488.8207,488.8207,511.79885,511.79885,511.79885
1604,20000,32,0.763797,,0.763797,0.763797,0.763797,488.8207,488.8207,488.8207,511.79885,511.79885,511.79885
1605,20000,32,0.763797,,0.763797,0.763797,0.763797,488.8207,488.8207,488.8207,511.79885,511.79885,511.79885
1606,20000,32,0.763797,,0.763797,0.763797,0.763797,488.8207,488.8207,488.8207,511.79885,511.79885,511.79885
1607,20000,32,0.763797,,0.763797,0.763797,0.763797,488.8207,488.8207,488.8207,511.79885,511.79885,511.79885
1608,20000,32,0.763797,,0.763797,0.763797,0.763797,488.8207,488.8207,488.8207,511.79885,511.79885,511.79885
1609,20000,32,0.763797,,0.763797,0.763797,0.763797,488.8207,488.8207,488.8207,511.79885,511.79885,511.79885
1610,20000,32,0.763797,,0.763797,0.763797,0.763797,488.8207,488.8207,488.8207,511.79885,511.79885,511.79885
1611,20000,32,0.763797,,0.763797,0.763797,0.763797,488.8207,488.8207,488.8207,511.79885,511.79885,511.79885
1612,20000,32,0.763797,,0.763797,0.763797,0.763797,488.8207,488.8207,488.8207,511.79885,511.79885,511.79885
1613,20000,32,0.763797,,0.763797,0.763797,0.763797,488.8207,488.8207,488.8207,511.79885,511.79885,511.79885
1614,20000,32,0.763797,,0.763797,0.763797,0.763797,488.8207,488.8207,488.8207,511.79885,511.79885,511.79885
1615,20000,32,0.763797,,0.763797,0.763797,0.763797,488.8207,488.8207,488.8207,511.79885,511.79885,511.79885
1616,20000,32,0.763797,,0.763797,0.763797,0.763797,488.8207,488.8207,488.8207,511.79885,511.79885,511.79885
1617,20000,32,0.763797,,0.763797,0.763797,0.763797,488.8207,488.8207,488.8207,511.79885,511.79885,511.79885
1618,20000,32,0.763797,,0.763797,0.763797,0.763797,488.8207,488.8207,488.8207,511.79885,511.79885,511.79885
1619,20000,32,0.763797,,0.763797,0.763797,0.763797,488.8207,488.8207,488.8207,511.79885,511.79885,511.79885
1620,20000,32,0.763797,,0.763797,0.763797,0.763797,488.8207,488.8207,488.8207,511.79885,511.79885,511.79885
1621,20000,32,0.763797,,0.763797,0.763797,0.763797,488.8207,488.8207,488.8207,511.79885,511.79885,511.79885
1622,20000,32,0.763797,,0.763797,0.763797,0.763797,488.8207,488.8207,488.8207,511.79885,511.79885,511.79885
1623,20000,32,0.763797,,0.763797,0.763797,0.763797,488.8207,488.8207,488.8207,511.79885,511.79885,511.79885
1624,20000,32,0.763797,,0.763797,0.763797,0.763797,488.8207,488.8207,488.8207,511.79885,511.79885,511.79885
1625,20000,32,0.763797,,0.763797,0.763797,0.763797,488.8207,488.8207,488.8207,511.79885,511.79885,511.79885
1626,20000,32,0.763797,,0.763797,0.763797,0.763797,488.8207,488.8207,488.8207,511.79885,511.79885,511.79885
1627,20000,32,0.763797,,0.763797,0.763797,0.763797,488.8207,488.8207,488.8207,511.79885,511.79885,511.79885
1628,20000,32,0.763797,,0.763797,0.763797,0.763797,488.8207,488.8207,488.8207,511.79885,511.79885,511.79885
1629,20000,32,0.763797,,0.763797,0.763797,0.763797,488.8207,488.8207,488.8207,511.79885,511.79885,511.79885
1630,20000,32,0.763797,,0.763797,0.763797,0.763797,488.8207,488.8207,488.8207,511.79885,511.79885,511.79885
1631,20000,32,0.763797,,0.763797,0.763797,0.763797,488.8207,488.8207,488.8207,511.79885,511.79885,511.79885
1632,20000,32,0.763797,,0.763797,0.763797,0.763797,488.8207,488.8207,488.8207,511.79885,511.79885,511.79885
1633,20000,32,0.763797,,0.763797,0.763797,0.763797,488.8207,488.8207,488.8207,511.79885,511.79885,511.79885
1634,20000,32,0.763797,,0.763797,0.763797,0.763797,488.8207,488.8207,488.8207,511.79885,511.79885,511.79885
1635,20000,32,0.763797,,0.763797,0.763797,0.763797,488.8207,488.8207,488.8207,511.79885,511.79885,511.79885
1636,20000,32,0.763797,,0.763797,0.763797,0.763797,488.8207,488.8207,488.8207,511.79885,511.79885,511.79885
1637,20000,32,0.763797,,0.763797,0.763797,0.763797,488.8207,488.8207,488.8207,511.79885,511.79885,511.79885
1638,20000,32,0.763797,,0.763797,0.763797,0.763797,488.8207,488.8207,488.8207,511.79885,511.79885,511.79885
1639,20000,32,0.763797,,0.763797,0.763797,0.763797,488.8207,488.8207,488.8207,511.79885,511.79885,511.79885
1640,20000,32,0.763797,,0.763797,0.763797,0.763797,488.8207,488.8207,488.8207,511.79885,511.79885,511.79885
1641,20000,32,0.763797,,0.763797,0.763797,0.763797,488.8207,488.8207,488.8207,511.79885,511.79885,511.79885
1642,20000,32,0.763797,,0.763797,0.763797,0.763797,488.8207,488.8207,488.8207,511.79885,511.79885,511.79885
1643,20000,32,0.763797,,0.763797,0.763797,0.763797,488.8207,488.8207,488.8207,511.79885,511.79885,511.79885
1644,20000,32,0.763797,,0.763797,0.763797,0.763797,488.8207,488.8207,488.8207,511.79885,511.79885,511.79885
1645,20000,32,0.763797,,0.763797,0.763797,0.763797,488.8207,488.8207,488.8207,511.79885,511.79885,511.79885
1646,20000,32,0.763797,,0.763797,0.763797,0.763797,488.8207,488.8207,488.8207,511.79885,511.79885,511.79885
1647,20000,32,0.763797,,0.763797,0.763797,0.763797,488.8207,488.8207,488.8207,511.79885,511.79885,511.79885
1648,20000,32,0.763797,,0.763797,0.763797,0.763797,488.8207,488.8207,488.8207,511.79885,511.79885,511.79885
1649,20000,32,0.763797,,0.763797,0.763797,0.763797,488.8207,488.8207,488.8207,511.79885,511.79885,511.79885
1650,20000,32,0.763797,,0.763797,0.763797,0.763797,488.8207,488.8207,488.8207,511.79885,511.79885,511.79885
1651,20000,32,0.763797,,0.763797,0.763797,0.763797,488.8207,488.8207,488.8207,511.79885,511.79885,511.79885
1652,20000,32,0.763797,,0.763797,0.763797,0.763797,488.8207,488.8207,488.8207,511.79885,511.79885,511.79885
1653,20000,32,0.763797,,0.763797,0.763797,0.763797,488.8207,488.8207,488.8207,511.79885,511.79885,511.79885
1654,20000,32,0.763797,,0.763797,0.763797,0.763797,488.8207,488.8207,488.8207,511.79885,511.79885,511.79885
1655,20000,32,0.763797,,0.763797,0.763797,0.763797,488.8207,488.8207,488.8207,511.79885,511.79885,511.79885
1656,20000,32,0.763797,,0.763797,0.763797,0.763797,488.8207,488.8207,488.8207,511.79885,511.79885,511.79885
1657,20000,32,0.763797,,0.763797,0.763797,0.763797,488.8207,488.8207,488.8207,511.79885,511.79885,511.79885
1658,20000,32,0.763797,,0.763797,0.763797,0.763797,488.8207,488.8207,488.8207,511.79885,511.79885,511.79885
1659,20000,32,0.763797,,0.763797,0.763797,0.763797,488.8207,488.8207,488.8207,511.79885,511.79885,511.79885
1660,20000,32,0.763797,,0.763797,0.763797,0.763797,488.8207,488.8207,488.8207,511.79885,511.79885,511.79885
1661,20000,32,0.763797,,0.763797,0.763797,0.763797,488.8207,488.8207,488.8207,511.79885,511.79885,511.79885
1662,20000,32,0.763797,,0.763797,0.763797,0.763797,488.8207,488.8207,488.8207,511.79885,511.79885,511.79885
1663,20000,32,0.763797,,0.763797,0.763797,0.763797,488.8207,488.8207,488.8207,511.79885,511.79885,511.79885
1664,20000,32,0.763797,,0.763797,0.763797,0.763797,488.8207,488.8207,488.8207,511.79885,511.79885,511.79885
1665,20000,32,0.763797,,0.763797,0.763797,0.763797,488.8207,488.8207,488.8207,511.79885,511.79885,511.79885
1666,20000,32,0.763797,,0.763797,0.763797,0.763797,488.8207,488.8207,488.8207,511.79885,511.79885,511.79885
1667,20000,32,0.763797,,0.763797,0.763797,0.763797,488.8207,488.8207,488.8207,511.79885,511.79885,511.79885
1668,20000,32,0.763797,,0.763797,0.763797,0.763797,488.8207,488.8207,488.8207,511.79885,511.79885,511.79885
1669,20000,32,0.763797,,0.763797,0.763797,0.763797,488.8207,488.8207,488.8207,511.79885,511.79885,511.79885
1670,20000,32,0.763797,,0.763797,0.763797,0.763797,488.8207,488.8207,488.8207,511.79885,511.79885,511.79885
1671,20000,32,0.763797,,0.763797,0.763797,0.763797,488.8207,488.8207,488.8207,511.79885,511.79885,511.79885
1672,20000,32,0.763797,,0.763797,0.763797,0.763797,488.8207,488.8207,488.8207,511.79885,511.79885,511.79885
1673,20000,32,0.763797,,0.763797,0.763797,0.763797,488.8207,488.8207,488.8207,511.79885,511.79885,511.79885
1674,20000,32,0.763797,,0.763797,0.763797,0.763797,488.8207,488.8207,488.8207,511.79885,511.79885,511.79885
1675,20000,32,0.763797,,0.763797,0.763797,0.763797,488.8207,488.8207,488.8207,511.79885,511.79885,511.79885
1676,20000,32,0.763797,,0.763797,0.763797,0.763797,488.8207,488.8207,488.8207,511.79885,511.79885,511.79885
1677,20000,32,0.763797,,0.763797,0.763797,0.763797,488.8207,488.8207,488.8207,511.79885,511.79885,511.79885
1678,20000,32,0.763797,,0.763797,0.763797,0.763797,488.8207,488.8207,488.8207,511.79885,511.79885,511.79885
1679,20000,32,0.763797,,0.763797,0.763797,0.763797,488.8207,488.8207,488.8207,511.79885,511.79885,511.79885
1680,20000,32,0.763797,,0.763797,0.763797,0.763797,488.8207,488.8207,488.8207,511.79885,511.79885,511.79885
1681,20000,32,0.763797,,0.763797,0.763797,0.763797,488.8207,488.8207,488.8207,511.79885,511.79885,511.79885
1682,20000,32,0.763797,,0.763797,0.763797,0.763797,488.8207,488.8207,488.8207,511.79885,511.79885,511.79885
1683,20000,32,0.763797,,0.763797,0.763797,0.763797,488.8207,488.8207,488.8207,511.79885,511.79885,511.79885
1684,20000,32,0.763797,,0.763797,0.763797,0.763797,488.8207,488.8207,488.8207,511.79885,511.79885,511.79885
1685,20000,32,0.763797,,0.763797,0.763797,0.763797,488.8207,488.8207,488.8207,511.79885,511.79885,511.79885
1686,20000,32,0.763797,,0.763797,0.763797,0.763797,488.8207,488.8207,488.8207,511.79885,511.79885,511.79885
1687,20000,32,0.763797,,0.763797,0.763797,0.763797,488.8207,488.8207,488.8207,511.79885,511.79885,511.79885
1688,20000,32,0.763797,,0.763797,0.763797,0.763797,488.8207,488.8207,488.8207,511.79885,511.79885,511.79885
1689,20000,32,0.763797,,0.763797,0.763797,0.763797,488.8207,488.8207,488.8207,511.79885,511.79885,511.79885
1690,20000,32,0.763797,,0.763797,0.763797,0.763797,488.8207,488.8207,488.8207,511.79885,511.79885,511.79885
1691,20000,32,0.763797,,0.763797,0.763797,0.763797,488.8207,488.8207,488.8207,511.79885,511.79885,511.79885
1692,20000,32,0.763797,,0.763797,0.763797,0.763797,488.8207,488.8207,488.8207,511.79885,511.79885,511.79885
1693,20000,32,0.763797,,0.763797,0.763797,0.763797,488.8207,488.8207,488.8207,511.79885,511.79885,511.79885
1694,20000,32,0.763797,,0.763797,0.763797,0.763797,488.8207,488.8207,488.8207,511.79885,511.79885,511.79885
1695,20000,32,0.763797,,0.763797,0.763797,0.763797,488.8207,488.8207,488.8207,511.79885,511.79885,511.79885
1696,20000,32,0.763797,,0.763797,0.763797,0.763797,488.8207,488.8207,488.8207,511.79885,511.79885,511.79885
1697,20000,32,0.763797,,0.763797,0.763797,0.763797,488.8207,488.8207,488.8207,511.79885,511.79885,511.79885
1698,20000,32,0.763797,,0.763797,0.763797,0.763797,488.8207,488.8207,488.8207,511.79885,511.79885,511.79885
1699,20000,32,0.763797,,0.763797,0.763797,0.763797,488.8207,488.8207,488.8207,511.79885,511.79885,511.79885
