gen,seed,threads,best_global,picos,fit_best,fit_worst,fit_mean,green_best,green_worst,green_mean,emis_best,emis_worst,emis_mean
0,20000,8,0.501261,,0.501261,0.367559,0.426492,326.5908,251.7663,281.740646,607.812746,662.493504,636.131634
1,20000,8,0.501261,,0.501261,0.383394,0.438252,327.7008,254.1548,288.804314,607.812746,652.185586,631.69193
2,20000,8,0.501261,,0.501261,0.402073,0.45051,327.7008,268.0989,295.657419,607.812746,646.036844,626.723208
3,20000,8,0.502663,,0.502663,0.407628,0.458707,327.7008,268.8762,300.813742,606.364579,642.224685,623.785136
4,20000,8,0.502663,,0.502663,0.425579,0.466726,327.7008,282.0815,305.843882,606.364579,638.755036,620.900558
5,20000,8,0.502663,,0.502663,0.42707,0.472547,328.5575,281.208,309.318708,606.364579,635.324069,618.688908
6,20000,8,0.507452,,0.507452,0.451983,0.480581,329.5712,288.1819,314.444758,605.033873,629.32564,615.857346
7,20000,8,0.512821,,0.512821,0.458363,0.486574,334.1738,293.867,317.983451,601.920247,626.626085,613.553685
8,20000,8,0.512821,,0.512821,0.458363,0.491541,334.1738,293.867,321.196453,601.920247,621.464883,611.832786
9,20000,8,0.516247,,0.516247,0.460705,0.496297,337.63,299.6777,324.528716,601.606699,621.464883,610.355871
10,20000,8,0.523346,,0.523346,0.475725,0.501199,344.6327,307.565,327.939051,599.534498,618.406006,608.817848
11,20000,8,0.527224,,0.527224,0.488015,0.50478,344.6327,317.8444,330.208529,598.730336,616.626116,607.545283
12,20000,8,0.527224,,0.527224,0.488015,0.507113,344.6327,317.8444,331.556387,598.730336,616.626116,606.628953
13,20000,8,0.529838,,0.529838,0.493416,0.510887,344.7288,321.643,333.74877,593.814438,614.156058,605.153989
14,20000,8,0.530644,,0.530644,0.49852,0.513449,349.6822,326.9401,335.386384,593.814438,612.877281,604.253118
15,20000,8,0.547037,,0.547037,0.500041,0.515902,353.6402,326.9401,336.795782,590.286813,612.877281,603.28426
16,20000,8,0.547037,,0.547037,0.500866,0.519328,353.6402,326.9401,338.900746,590.286813,611.406171,602.022762
17,20000,8,0.547037,,0.547037,0.503416,0.522057,353.6402,326.6605,340.540635,590.286813,611.406171,600.992929
18,20000,8,0.551701,,0.551701,0.505886,0.525469,356.5437,326.6605,342.81023,588.593906,609.357748,599.852589
19,20000,8,0.554971,,0.554971,0.509203,0.528945,360.1116,328.4236,345.047469,586.709147,607.286074,598.640219
20,20000,8,0.558139,,0.558139,0.510195,0.531794,360.1116,332.9733,346.867212,584.769936,606.14591,597.637262
21,20000,8,0.562049,,0.562049,0.510195,0.535007,366.9116,332.9733,348.876202,584.769936,607.657073,596.477174
22,20000,8,0.562049,,0.562049,0.515621,0.538374,366.9116,337.5919,350.94834,584.769936,606.14591,595.24009
23,20000,8,0.574754,,0.574754,0.52073,0.541768,372.6956,337.5919,352.975532,581.436259,602.22989,593.95115
24,20000,8,0.574754,,0.574754,0.52073,0.544857,374.0162,337.5919,354.751228,581.436259,601.005905,592.731496
25,20000,8,0.574754,,0.574754,0.52073,0.54796,377.7885,337.5919,356.722639,581.436259,601.005905,591.632223
26,20000,8,0.575525,,0.575525,0.525754,0.550932,377.7885,340.4471,358.324591,579.189379,599.52134,590.38712
27,20000,8,0.575525,,0.575525,0.536467,0.555316,377.7885,344.7427,361.155377,578.836034,599.718705,588.864798
28,20000,8,0.584304,,0.584304,0.536467,0.558242,377.7885,345.4658,362.861923,575.78213,599.718705,587.726123
29,20000,8,0.586561,,0.586561,0.536467,0.56186,378.5455,345.4658,364.90179,574.758004,599.718705,586.27116
30,20000,8,0.586561,,0.586561,0.538095,0.564609,384.6456,348.6759,366.360782,574.758004,595.374967,585.104312
31,20000,8,0.586561,,0.586561,0.54279,0.567312,378.7868,351.6133,367.680161,574.758004,595.374967,583.880323
32,20000,8,0.586561,,0.586561,0.542834,0.569752,385.8178,354.4808,369.1432,574.758004,595.374967,582.957661
33,20000,8,0.593639,,0.593639,0.542834,0.572598,385.8178,354.4808,370.695056,571.728177,594.128207,581.777758
34,20000,8,0.593639,,0.593639,0.554959,0.576005,390.859,358.9542,372.670461,571.728177,592.630069,580.4434
35,20000,8,0.593639,,0.593639,0.560578,0.579179,390.859,358.0447,374.494425,571.728177,589.267929,579.190504
36,20000,8,0.600634,,0.600634,0.560734,0.581803,390.859,358.0447,376.298745,571.028074,589.267929,578.352912
37,20000,8,0.600634,,0.600634,0.560734,0.583932,390.859,358.0447,377.594876,571.028074,589.164656,577.560176
38,20000,8,0.601688,,0.601688,0.565329,0.587036,390.859,362.5249,379.62624,571.016921,585.191897,576.500294
39,20000,8,0.604357,,0.604357,0.572277,0.589691,391.9957,365.3263,381.577075,569.777499,581.993454,575.736623
40,20000,8,0.609303,,0.609303,0.574957,0.592145,394.3298,366.8309,383.181802,566.202471,581.411021,574.898327
41,20000,8,0.613004,,0.613004,0.575082,0.594226,398.6062,371.2029,384.454867,566.202471,580.967159,574.12775
42,20000,8,0.617261,,0.617261,0.583592,0.596114,398.7277,375.3235,385.571477,565.725002,579.80113,573.403578
43,20000,8,0.617261,,0.617261,0.585375,0.597944,398.7277,377.1717,386.563918,565.725002,579.80113,572.641077
44,20000,8,0.617261,,0.617261,0.585375,0.600246,399.9974,377.4838,388.037937,565.725002,577.7221,571.833182
45,20000,8,0.622591,,0.622591,0.588546,0.602689,400.6027,380.1,389.37568,562.824419,577.7221,570.824796
46,20000,8,0.622591,,0.622591,0.588546,0.604147,400.6027,380.1,390.063566,562.824419,577.515038,570.148211
47,20000,8,0.622815,,0.622815,0.594673,0.606287,403.581,381.8736,391.462395,562.824419,576.279333,569.415918
48,20000,8,0.626497,,0.626497,0.598841,0.608484,404.7398,382.3221,392.649507,561.414205,576.279333,568.498167
49,20000,8,0.626497,,0.626497,0.598841,0.610531,404.7398,385.0664,393.898029,561.391741,575.119252,567.738175
50,20000,8,0.63094,,0.63094,0.598841,0.612994,406.4234,385.0664,395.343298,559.297659,574.32116,566.785188
51,20000,8,0.63094,,0.63094,0.602066,0.614934,406.4234,385.0664,396.420264,559.297659,574.32116,565.99404
52,20000,8,0.631472,,0.631472,0.602735,0.616673,407.5377,387.4828,397.449768,559.118494,572.935208,565.327302
53,20000,8,0.631472,,0.631472,0.602801,0.61812,407.5377,387.5631,398.315388,559.118494,572.883687,564.778731
54,20000,8,0.635378,,0.635378,0.604488,0.62035,409.4778,387.5631,399.595694,556.46174,569.943016,563.897082
55,20000,8,0.635378,,0.635378,0.61055,0.622415,409.4778,392.1535,400.828436,557.983016,568.883878,563.112334
56,20000,8,0.638379,,0.638379,0.614882,0.624369,411.5358,392.8242,401.723023,557.435365,568.528718,562.18815
57,20000,8,0.638379,,0.638379,0.614882,0.626095,411.5358,392.8242,402.691194,555.553865,568.528718,561.490839
58,20000,8,0.638728,,0.638728,0.616183,0.627626,411.5358,393.8893,403.79204,555.553865,566.570146,561.034083
59,20000,8,0.638728,,0.638728,0.619421,0.629418,413.2323,394.0453,405.026211,555.553865,566.386963,560.463131
60,20000,8,0.641672,,0.641672,0.619421,0.630761,413.2585,394.0453,405.884092,555.553865,565.386824,559.990733
61,20000,8,0.645578,,0.645578,0.619421,0.632375,417.3261,394.0453,406.848481,555.357632,565.386824,559.378218
62,20000,8,0.645578,,0.645578,0.624199,0.633884,417.3261,398.6698,407.786695,555.14326,565.232695,558.829724
63,20000,8,0.645578,,0.645578,0.625141,0.635186,417.3261,401.4674,408.546287,554.012706,562.898961,558.323334
64,20000,8,0.646199,,0.646199,0.625675,0.636372,418.1525,401.9361,409.436253,554.012706,562.503388,557.994013
65,20000,8,0.646199,,0.646199,0.625974,0.637674,418.1525,402.874,410.104285,551.893497,562.020927,557.426799
66,20000,8,0.64802,,0.64802,0.630081,0.639108,418.1525,404.6955,410.805798,551.018835,560.91022,556.778203
67,20000,8,0.648122,,0.648122,0.630081,0.640428,418.1525,404.6955,411.563948,550.697804,560.601194,556.256114
68,20000,8,0.648122,,0.648122,0.630081,0.64129,418.1525,404.6955,412.232152,550.697804,560.601194,556.031675
69,20000,8,0.648122,,0.648122,0.631892,0.6425,418.1525,404.6955,412.914716,550.697804,559.263863,555.545728
70,20000,8,0.649658,,0.649658,0.635798,0.643587,418.1525,408.5084,413.648637,550.697804,559.263863,555.189275
71,20000,8,0.649658,,0.649658,0.638006,0.644382,418.2353,409.9011,414.200074,550.381442,559.263863,554.939007
72,20000,8,0.649658,,0.649658,0.640271,0.64547,418.2353,410.5329,414.966712,550.381442,559.022157,554.604008
73,20000,8,0.652161,,0.652161,0.640903,0.646271,418.8476,410.5329,415.275528,550.381442,558.220221,554.185855
74,20000,8,0.657416,,0.657416,0.640903,0.647353,421.1055,411.3844,415.899763,545.992402,558.220221,553.760206
75,20000,8,0.657752,,0.657752,0.642136,0.648265,424.1374,411.3844,416.503771,545.992402,557.921082,553.453635
76,20000,8,0.657752,,0.657752,0.644927,0.649022,424.1374,413.0779,417.029958,545.992402,556.170071,553.215843
77,20000,8,0.661521,,0.661521,0.645579,0.649898,426.0485,413.0779,417.529951,545.992402,556.170071,552.867579
78,20000,8,0.661521,,0.661521,0.645579,0.65082,426.0485,413.0779,417.964288,545.992402,556.170071,552.439715
79,20000,8,0.661521,,0.661521,0.645579,0.652004,426.0485,414.0075,418.645026,545.992402,556.170071,551.972116
80,20000,8,0.661521,,0.661521,0.647091,0.653298,426.0485,414.6519,419.330178,545.706502,555.959281,551.422273
81,20000,8,0.661521,,0.661521,0.647349,0.654164,426.0485,414.6519,419.878134,545.631104,555.414908,551.113791
82,20000,8,0.664446,,0.664446,0.647891,0.65523,426.0485,414.9883,420.537713,545.374226,554.813007,550.723949
83,20000,8,0.664446,,0.664446,0.647891,0.656071,426.7367,414.9883,420.979369,545.23724,554.813007,550.363891
84,20000,8,0.675605,,0.675605,0.650259,0.657236,431.0121,414.9883,421.529339,541.850981,554.077118,549.823871
85,20000,8,0.675605,,0.675605,0.650259,0.658634,431.0121,414.9883,422.182759,541.850981,554.077118,549.171525
86,20000,8,0.675605,,0.675605,0.65117,0.659998,431.0121,416.0614,422.995529,541.850981,554.077118,548.65204
87,20000,8,0.677644,,0.677644,0.652301,0.661787,433.8838,416.0587,424.065256,541.850981,552.756147,547.97371
88,20000,8,0.677644,,0.677644,0.652462,0.663202,433.8838,416.0614,425.051055,541.850981,553.091769,547.53036
89,20000,8,0.677644,,0.677644,0.653968,0.66495,433.8838,415.7614,426.000022,541.850981,552.689634,546.803297
90,20000,8,0.680645,,0.680645,0.654598,0.666636,434.6594,416.7477,427.062307,540.363224,552.689634,546.199526
91,20000,8,0.680645,,0.680645,0.65807,0.668339,434.6594,424.1293,428.181043,540.363224,550.915429,545.621108
92,20000,8,0.680645,,0.680645,0.661521,0.669952,434.6594,424.1342,428.987033,540.363224,549.510299,544.903075
93,20000,8,0.680645,,0.680645,0.661521,0.671293,434.6594,423.6925,429.779956,540.363224,549.510299,544.388564
94,20000,8,0.680645,,0.680645,0.661662,0.672544,434.6594,424.6482,430.457566,540.363224,549.490749,543.866917
95,20000,8,0.680645,,0.680645,0.661662,0.673609,434.6594,424.6482,430.982291,540.363224,549.490749,543.387876
96,20000,8,0.681754,,0.681754,0.662316,0.675123,435.0114,425.1501,431.799314,539.708388,549.490749,542.754452
97,20000,8,0.681754,,0.681754,0.66438,0.676337,435.0114,425.1501,432.548567,539.708388,547.886348,542.30907
98,20000,8,0.681754,,0.681754,0.66438,0.677292,435.8019,426.9538,433.083115,539.708388,547.886348,541.922371
99,20000,8,0.681754,,0.681754,0.66881,0.678135,435.519,427.2221,433.486077,539.708388,546.544135,541.53472
100,20000,8,0.684903,,0.684903,0.670166,0.679174,436.4851,428.3363,434.054254,538.265802,546.544135,541.105295
101,20000,8,0.684903,,0.684903,0.671379,0.679777,436.4851,429.9505,434.287691,538.265802,544.435253,540.791624
102,20000,8,0.684903,,0.684903,0.673581,0.680273,436.4851,430.5431,434.534519,538.265802,543.115434,540.570195
103,20000,8,0.684903,,0.684903,0.673581,0.68069,437.0681,430.5431,434.758809,538.265802,543.115434,540.394858
104,20000,8,0.685686,,0.685686,0.673581,0.681222,438.1828,430.5431,435.022045,538.265802,543.115434,540.156437
105,20000,8,0.685741,,0.685741,0.673942,0.681616,438.1828,431.5464,435.217354,537.790132,544.112286,539.979676
106,20000,8,0.687527,,0.687527,0.674613,0.681999,439.5193,430.9074,435.452049,537.790132,542.553883,539.838481
107,20000,8,0.687527,,0.687527,0.675609,0.682442,439.5193,431.5464,435.699966,537.790132,542.205925,539.658759
108,20000,8,0.687527,,0.687527,0.680645,0.682688,439.5193,434.6594,435.822006,537.790132,540.83702,539.549139
109,20000,8,0.687527,,0.687527,0.680645,0.682923,439.5193,434.6594,435.924711,537.739011,540.83702,539.434728
110,20000,8,0.687527,,0.687527,0.680645,0.683332,439.5193,434.6594,436.134993,537.559845,540.83702,539.256667
111,20000,8,0.687527,,0.687527,0.680645,0.683617,439.5193,434.6594,436.285402,537.559845,540.492163,539.135276
112,20000,8,0.687527,,0.687527,0.680645,0.683918,439.5193,434.6594,436.494476,537.559845,540.492163,539.040419
113,20000,8,0.687527,,0.687527,0.680645,0.684204,439.5193,434.6594,436.726275,537.559845,540.492163,538.972825
114,20000,8,0.687527,,0.687527,0.680919,0.684498,439.5193,435.17,436.926842,537.401609,540.492163,538.8774
115,20000,8,0.688365,,0.688365,0.680919,0.684901,440.0486,435.17,437.190035,537.401609,540.492163,538.739767
116,20000,8,0.688897,,0.688897,0.680919,0.685256,440.4006,435.17,437.418107,537.198883,540.492163,538.61528
117,20000,8,0.689791,,0.689791,0.680919,0.685726,441.4639,435.17,437.636783,537.196048,540.492163,538.395305
118,20000,8,0.691162,,0.691162,0.682027,0.686213,442.6767,435.3247,437.941666,536.73549,539.837327,538.2197
119,20000,8,0.691162,,0.691162,0.682027,0.686483,442.6767,435.4833,438.149183,536.73549,539.837327,538.148609
120,20000,8,0.691162,,0.691162,0.682027,0.68676,442.6767,435.4833,438.307722,536.73549,539.837327,538.038619
121,20000,8,0.691162,,0.691162,0.68256,0.687145,442.6767,435.8353,438.588561,536.732541,539.658162,537.92608
122,20000,8,0.691162,,0.691162,0.68256,0.687451,442.6767,435.8353,438.88361,536.732541,539.658162,537.885305
123,20000,8,0.691162,,0.691162,0.68256,0.687843,442.6767,435.8353,439.211396,536.732541,539.658162,537.799214
124,20000,8,0.691162,,0.691162,0.68256,0.688091,442.6767,435.8353,439.400315,536.732541,539.658162,537.732342
125,20000,8,0.693221,,0.693221,0.683769,0.688537,444.4872,436.3443,439.771565,536.556324,539.056212,537.633347
126,20000,8,0.693221,,0.693221,0.686491,0.688808,444.4872,437.2598,440.008118,536.52999,538.742461,537.580349
127,20000,8,0.693221,,0.693221,0.686491,0.689241,444.4872,437.2598,440.372558,536.52999,538.742461,537.487295
128,20000,8,0.693221,,0.693221,0.686491,0.689623,444.4872,437.2598,440.733033,536.52999,538.742461,537.430332
129,20000,8,0.693427,,0.693427,0.686676,0.68995,444.6213,437.2598,441.054248,536.52999,538.2791,537.390789
130,20000,8,0.693427,,0.693427,0.686676,0.690348,444.6213,437.2598,441.541043,536.52999,538.8256,537.406865
131,20000,8,0.693427,,0.693427,0.686676,0.690706,444.6213,437.2598,441.858256,536.52999,538.8256,537.339518
132,20000,8,0.693427,,0.693427,0.686676,0.69104,444.6213,437.2598,442.26251,536.52999,538.8256,537.350373
133,20000,8,0.693444,,0.693444,0.687692,0.691337,444.6213,437.6678,442.601956,536.437733,538.8256,537.345831
134,20000,8,0.694536,,0.694536,0.687692,0.691788,444.9346,437.6678,442.936382,536.213561,538.8256,537.218145
135,20000,8,0.694536,,0.694536,0.688192,0.692174,444.9346,438.0198,443.255983,536.01101,538.8256,537.131103
136,20000,8,0.694536,,0.694536,0.688418,0.692437,445.0048,438.4937,443.506856,536.01101,538.515714,537.094103
137,20000,8,0.694536,,0.694536,0.688868,0.692717,445.0048,438.4937,443.751012,536.01101,538.198585,537.039904
138,20000,8,0.694536,,0.694536,0.689831,0.693103,445.0048,439.1371,444.087683,536.01101,537.677151,536.963961
139,20000,8,0.69493,,0.69493,0.689831,0.693325,446.1341,439.1371,444.259508,536.198971,537.569788,536.906281
140,20000,8,0.696038,,0.696038,0.690867,0.693567,446.4474,442.2111,444.436722,536.255933,537.560366,536.836316
141,20000,8,0.696038,,0.696038,0.690867,0.693804,446.4474,442.2111,444.601807,536.255933,537.560366,536.761707
142,20000,8,0.696038,,0.696038,0.690972,0.693964,446.4474,442.2111,444.719863,536.255933,537.368587,536.716153
143,20000,8,0.696056,,0.696056,0.691097,0.694123,446.4474,442.276,444.82311,535.947536,537.314843,536.661333
144,20000,8,0.696342,,0.696342,0.692385,0.694356,446.4474,442.733,444.969656,535.439294,537.219551,536.578192
145,20000,8,0.696342,,0.696342,0.692844,0.694595,446.4474,443.5589,445.138878,535.439294,537.219551,536.505082
146,20000,8,0.696342,,0.696342,0.693427,0.694795,446.4474,443.5589,445.256096,535.439294,537.069184,536.427661
147,20000,8,0.696342,,0.696342,0.693444,0.695065,446.4474,443.5589,445.428685,535.439294,537.055482,536.332434
148,20000,8,0.696342,,0.696342,0.693643,0.695299,446.4474,443.5589,445.572987,535.439294,536.900924,536.246501
149,20000,8,0.697431,,0.697431,0.693643,0.695559,446.5169,444.6213,445.761886,534.859215,536.900924,536.170103
150,20000,8,0.699479,,0.699479,0.693643,0.695854,448.916,444.6213,445.915336,534.141583,536.900924,536.042995
151,20000,8,0.699479,,0.699479,0.69445,0.696096,448.916,444.845,446.057905,534.141583,536.897067,535.949861
152,20000,8,0.699479,,0.699479,0.69445,0.696346,448.916,444.845,446.233642,534.141583,536.897067,535.872534
153,20000,8,0.699479,,0.699479,0.69454,0.69665,448.916,444.845,446.427223,534.141583,536.938852,535.765097
154,20000,8,0.699479,,0.699479,0.69454,0.696945,448.916,445.0048,446.587532,534.141583,536.84061,535.642515
155,20000,8,0.699912,,0.699912,0.695145,0.697228,449.436,445.5827,446.714957,533.802695,536.742509,535.507317
156,20000,8,0.699912,,0.699912,0.695145,0.697453,449.436,445.5827,446.849699,533.802695,536.742509,535.421731
157,20000,8,0.699912,,0.699912,0.695145,0.69771,449.436,445.5827,447.015995,533.802695,536.742509,535.333188
158,20000,8,0.70115,,0.70115,0.696096,0.697981,449.436,445.5827,447.20016,533.367775,536.279116,535.245066
159,20000,8,0.70115,,0.70115,0.696254,0.698242,449.436,445.5827,447.386846,533.367775,536.279116,535.166334
160,20000,8,0.70115,,0.70115,0.696254,0.698603,450.2285,445.6709,447.696515,533.367775,536.279116,535.092799
161,20000,8,0.701564,,0.701564,0.696344,0.698857,450.2285,445.9356,447.934035,533.367775,536.214169,535.05341
162,20000,8,0.701564,,0.701564,0.696344,0.699177,450.2285,445.9842,448.235972,533.28903,536.214169,535.006257
163,20000,8,0.701803,,0.701803,0.696536,0.69945,450.6825,446.4474,448.561075,533.28903,535.867795,535.011144
164,20000,8,0.702234,,0.702234,0.696536,0.699642,450.6825,446.4474,448.703974,533.28903,535.867795,534.957001
165,20000,8,0.702234,,0.702234,0.697171,0.699898,450.6825,446.6455,448.897823,533.28903,535.841433,534.887448
166,20000,8,0.702531,,0.702531,0.697483,0.700102,451.2542,446.6455,449.0368,533.28903,535.841433,534.821053
167,20000,8,0.702545,,0.702545,0.697483,0.700307,451.2542,446.6455,449.173481,533.28903,535.841433,534.752814
168,20000,8,0.704217,,0.704217,0.698919,0.700587,451.5602,447.2967,449.407602,533.28903,535.663464,534.691528
169,20000,8,0.704217,,0.704217,0.699025,0.700821,451.5602,446.7767,449.562058,533.28903,535.464613,534.612275
170,20000,8,0.704217,,0.704217,0.699066,0.701076,451.5602,447.2967,449.739998,533.28903,535.464613,534.532545
171,20000,8,0.704217,,0.704217,0.699309,0.701383,451.5602,447.2967,449.973601,533.28903,535.464613,534.450057
172,20000,8,0.704217,,0.704217,0.699399,0.701772,451.5602,447.2967,450.256298,533.28903,535.394454,534.336172
173,20000,8,0.704234,,0.704234,0.699399,0.702075,451.5602,448.916,450.478907,533.288998,535.394454,534.249131
174,20000,8,0.704307,,0.704307,0.700209,0.702388,451.5602,449.1991,450.6125,533.232542,535.055838,534.093918
175,20000,8,0.704307,,0.704307,0.700209,0.702679,451.5602,449.2487,450.803891,533.232542,535.042136,533.99561
176,20000,8,0.704961,,0.704961,0.700209,0.702955,452.2315,449.2487,450.953479,533.171777,535.029693,533.8805
177,20000,8,0.704961,,0.704961,0.700209,0.703236,452.2315,449.2487,451.117058,533.171777,535.029693,533.770933
178,20000,8,0.70625,,0.70625,0.700859,0.70344,452.2712,449.4548,451.247671,532.193142,535.029693,533.699331
179,20000,8,0.70625,,0.70625,0.700949,0.703671,452.2712,449.3424,451.360362,532.193142,534.959534,533.594221
180,20000,8,0.70625,,0.70625,0.701574,0.703983,452.2712,449.3424,451.509463,532.193142,534.645636,533.451329
181,20000,8,0.70625,,0.70625,0.701842,0.70412,452.2712,450.4038,451.607708,532.193142,534.645636,533.409735
182,20000,8,0.70625,,0.70625,0.701842,0.704308,452.4842,450.4038,451.70043,532.193142,534.645636,533.32537
183,20000,8,0.70625,,0.70625,0.70243,0.704499,453.0042,451.4404,451.819274,532.193142,534.645636,533.256006
184,20000,8,0.70625,,0.70625,0.70243,0.704685,453.0042,451.4838,451.904714,532.193142,534.645636,533.168267
185,20000,8,0.70625,,0.70625,0.70243,0.704879,453.0042,451.4838,451.995045,532.193142,534.645636,533.077468
186,20000,8,0.706268,,0.706268,0.70243,0.705042,453.0042,451.2325,452.04753,532.17944,534.645636,532.98532
187,20000,8,0.706268,,0.706268,0.703306,0.70515,453.0042,451.2325,452.119971,532.17944,534.210716,532.949939
188,20000,8,0.707619,,0.707619,0.703668,0.705328,453.7093,451.2325,452.202735,532.08936,534.210716,532.866377
189,20000,8,0.707619,,0.707619,0.704234,0.705486,453.7093,451.5602,452.285926,531.756721,533.666307,532.799224
190,20000,8,0.707636,,0.707636,0.704324,0.705655,453.7093,451.5602,452.385237,531.756721,533.666307,532.73374
191,20000,8,0.707636,,0.707636,0.704545,0.705771,453.7093,451.9364,452.429415,531.756721,533.666307,532.672912
192,20000,8,0.708107,,0.708107,0.704545,0.705934,454.0479,451.9364,452.5045,531.756721,533.666307,532.596374
193,20000,8,0.708107,,0.708107,0.704545,0.70612,454.128,451.9364,452.5424,531.700264,533.666307,532.476621
194,20000,8,0.708107,,0.708107,0.704661,0.706265,454.128,451.9364,452.58261,531.700264,533.310586,532.390595
195,20000,8,0.709178,,0.709178,0.70509,0.706451,454.128,452.2315,452.701072,531.136134,533.310586,532.324754
196,20000,8,0.709178,,0.709178,0.705406,0.706732,454.4387,452.2315,452.900884,531.136134,533.310586,532.239592
197,20000,8,0.709829,,0.709829,0.705468,0.707,454.7088,452.2712,453.060201,531.034798,533.029156,532.136843
198,20000,8,0.709829,,0.709829,0.705535,0.707189,454.7088,452.2712,453.171531,531.034798,532.786771,532.064327
199,20000,8,0.709829,,0.709829,0.705535,0.707533,454.839,452.2712,453.370655,531.034798,532.786771,531.928969
200,20000,8,0.710274,,0.710274,0.705535,0.707914,454.839,452.2762,453.568053,530.750385,532.786771,531.764291
201,20000,8,0.710433,,0.710433,0.705535,0.708186,454.839,452.2762,453.692489,530.651585,532.786771,531.63562
202,20000,8,0.710433,,0.710433,0.706721,0.708511,454.8847,452.2762,453.909478,530.651585,532.46203,531.527445
203,20000,8,0.710433,,0.710433,0.706591,0.70883,455.1183,452.369,454.125194,530.625722,532.46203,531.422966
204,20000,8,0.710433,,0.710433,0.707283,0.709078,455.1183,453.1674,454.290944,530.625722,532.180464,531.340566
205,20000,8,0.710433,,0.710433,0.707394,0.709279,455.5194,453.2602,454.412191,530.625722,532.093573,531.265363
206,20000,8,0.710774,,0.710774,0.707394,0.709465,455.5685,453.2602,454.525813,530.625722,532.093573,531.196749
207,20000,8,0.710852,,0.710852,0.707394,0.709644,455.628,453.2602,454.662719,530.625722,532.093573,531.148343
208,20000,8,0.712159,,0.712159,0.707983,0.709824,456.6492,453.2602,454.775987,530.518204,531.789784,531.083774
209,20000,8,0.712159,,0.712159,0.708745,0.710059,456.6492,453.9096,454.932052,530.30648,531.700022,531.005329
210,20000,8,0.712159,,0.712159,0.708745,0.710234,456.6492,453.9096,455.044575,530.30648,531.700022,530.944124
211,20000,8,0.712159,,0.712159,0.708745,0.710348,456.6492,454.4387,455.127859,530.30648,531.700022,530.910913
212,20000,8,0.712159,,0.712159,0.709225,0.710563,456.6492,454.4387,455.308269,530.300052,531.422537,530.864413
213,20000,8,0.712285,,0.712285,0.709403,0.710738,456.8763,454.4985,455.434419,530.300052,531.28839,530.812371
214,20000,8,0.712285,,0.712285,0.709403,0.710936,456.8763,454.4985,455.595424,530.114399,531.238977,530.765936
215,20000,8,0.712755,,0.712755,0.709403,0.71117,457.135,454.4985,455.780628,530.114399,531.238977,530.707124
216,20000,8,0.712755,,0.712755,0.709403,0.7114,457.135,454.4985,455.944574,530.114399,531.226594,530.638219
217,20000,8,0.71314,,0.71314,0.710433,0.711566,457.3066,454.839,456.060582,530.114399,531.179901,530.585836
218,20000,8,0.71314,,0.71314,0.710496,0.711684,457.3066,454.839,456.15097,530.114399,530.881684,530.554331
219,20000,8,0.71314,,0.71314,0.710496,0.711863,457.3066,454.839,456.308449,530.114399,530.881684,530.5203
220,20000,8,0.713219,,0.713219,0.710947,0.712077,457.4678,454.839,456.476027,530.05616,530.862858,530.465847
221,20000,8,0.713722,,0.713722,0.710994,0.712227,457.6437,455.0726,456.603021,529.882219,530.862858,530.434378
222,20000,8,0.713722,,0.713722,0.710994,0.712353,457.6437,455.0726,456.682817,529.781225,530.862858,530.38931
223,20000,8,0.713796,,0.713796,0.711011,0.712503,457.8773,455.8272,456.782493,529.781225,530.862858,530.338934
224,20000,8,0.713796,,0.713796,0.711714,0.712661,457.8773,455.8272,456.874224,529.781225,530.802617,530.277164
225,20000,8,0.713796,,0.713796,0.711728,0.71278,457.8773,455.8272,456.932583,529.781225,530.613521,530.223708
226,20000,8,0.714164,,0.714164,0.711728,0.712914,457.9701,455.7888,457.01095,529.781225,530.572112,530.171649
227,20000,8,0.714626,,0.714626,0.711728,0.713082,458.5347,455.7888,457.133129,529.781225,530.572112,530.122146
228,20000,8,0.714772,,0.714772,0.712121,0.713273,458.5347,456.0608,457.275746,529.537784,530.572112,530.068771
229,20000,8,0.715005,,0.715005,0.712227,0.713415,458.5347,456.0608,457.373227,529.222504,530.572112,530.023404
230,20000,8,0.715005,,0.715005,0.712285,0.713632,458.5347,456.3804,457.517849,529.222504,530.572112,529.951149
231,20000,8,0.715182,,0.715182,0.712619,0.713796,458.6275,456.5695,457.615505,529.222504,530.355982,529.888726
232,20000,8,0.715753,,0.715753,0.712729,0.714034,458.8858,456.9691,457.7773,529.213115,530.355982,529.811174
233,20000,8,0.716634,,0.716634,0.712729,0.71433,459.4975,456.9691,457.972934,528.936526,530.287698,529.711902
234,20000,8,0.716634,,0.716634,0.712729,0.714558,459.4975,456.9691,458.110002,528.936526,530.287698,529.625807
235,20000,8,0.716634,,0.716634,0.712729,0.714846,459.4975,456.9691,458.28588,528.936526,530.287698,529.519091
236,20000,8,0.716634,,0.716634,0.713665,0.715096,459.4975,457.5192,458.434952,528.840635,530.071568,529.42363
237,20000,8,0.716745,,0.716745,0.713796,0.7153,459.4975,457.5192,458.556723,528.840635,529.897181,529.346234
238,20000,8,0.716746,,0.716746,0.714164,0.715599,459.4975,457.9701,458.739615,528.485429,529.839415,529.235634
239,20000,8,0.716844,,0.716844,0.714164,0.715774,459.4975,457.9701,458.833217,528.485429,529.839415,529.161713
240,20000,8,0.716844,,0.716844,0.714755,0.715933,459.4975,458.0282,458.922765,528.485429,529.698799,529.098167
241,20000,8,0.717043,,0.717043,0.714755,0.716123,459.8942,458.0282,459.036548,528.485429,529.698799,529.026207
242,20000,8,0.718067,,0.718067,0.715145,0.716343,460.1023,458.6275,459.168857,528.132721,529.514746,528.942851
243,20000,8,0.718067,,0.718067,0.715145,0.716477,460.1428,458.6275,459.243979,528.132721,529.514746,528.88876
244,20000,8,0.718067,,0.718067,0.715145,0.716691,460.1428,458.6275,459.377367,528.132721,529.514746,528.811603
245,20000,8,0.719048,,0.719048,0.715145,0.716948,460.6234,458.6275,459.533398,527.808051,529.514746,528.715098
246,20000,8,0.719048,,0.719048,0.715145,0.717187,460.6234,458.6275,459.663483,527.808051,529.514746,528.615673
247,20000,8,0.719048,,0.719048,0.71517,0.717387,460.6234,458.6345,459.762833,527.777514,529.499759,528.526615
248,20000,8,0.719048,,0.719048,0.71517,0.717591,460.6234,458.6345,459.865447,527.777514,529.499759,528.436197
249,20000,8,0.719527,,0.719527,0.71517,0.717813,460.8438,458.6345,459.965245,527.581717,529.499759,528.330236
250,20000,8,0.719702,,0.719702,0.71517,0.718021,461.2555,458.6345,460.061567,527.29764,529.499759,528.231978
251,20000,8,0.719705,,0.719705,0.716062,0.718201,461.2555,459.2368,460.140515,527.29764,529.207443,528.145109
252,20000,8,0.71988,,0.71988,0.716733,0.718451,461.2555,459.4975,460.260303,527.29764,528.863774,528.029846
253,20000,8,0.71988,,0.71988,0.716733,0.718676,461.2555,459.4975,460.37327,527.29764,528.863774,527.929886
254,20000,8,0.71988,,0.71988,0.716819,0.718875,461.2555,459.4975,460.468185,527.29764,528.79187,527.838876
255,20000,8,0.71988,,0.71988,0.716819,0.719031,461.2555,459.4975,460.542713,527.29764,528.79187,527.766704
256,20000,8,0.71988,,0.71988,0.717362,0.719209,461.2555,459.4975,460.623771,527.29764,528.459253,527.682406
257,20000,8,0.720554,,0.720554,0.717586,0.719337,461.6255,459.8942,460.694926,527.188309,528.459253,527.629912
258,20000,8,0.720554,,0.720554,0.718067,0.719488,461.6255,459.966,460.780369,527.188309,528.132721,527.569757
259,20000,8,0.720999,,0.720999,0.718067,0.719624,461.7183,459.966,460.843601,526.980483,528.132721,527.505832
260,20000,8,0.721213,,0.721213,0.718067,0.719778,461.7183,459.966,460.926735,526.852782,528.132721,527.441226
261,20000,8,0.721213,,0.721213,0.718546,0.719903,461.7183,459.966,461.002235,526.852782,527.906387,527.394639
262,20000,8,0.721213,,0.721213,0.718546,0.720028,461.7183,460.1864,461.068001,526.852782,527.906387,527.341274
263,20000,8,0.721783,,0.721783,0.719527,0.720145,462.0217,460.6234,461.122721,526.611564,527.80958,527.286798
264,20000,8,0.721783,,0.721783,0.719527,0.720252,462.0217,460.6234,461.168934,526.611564,527.581717,527.234213
265,20000,8,0.721783,,0.721783,0.719527,0.720387,462.1213,460.6234,461.221535,526.611564,527.581717,527.164427
266,20000,8,0.721911,,0.721911,0.719527,0.720547,462.2141,460.6234,461.309531,526.611564,527.581717,527.098386
267,20000,8,0.721911,,0.721911,0.719527,0.720678,462.2141,460.6234,461.396617,526.611564,527.581717,527.054528
268,20000,8,0.722125,,0.722125,0.719702,0.720781,462.2141,460.6234,461.437532,526.473804,527.490894,527.001181
269,20000,8,0.722125,,0.722125,0.719702,0.720882,462.2141,460.6234,461.486407,526.473804,527.490894,526.955228
270,20000,8,0.722158,,0.722158,0.719702,0.721023,462.2141,460.6234,461.575916,526.448105,527.447094,526.905592
271,20000,8,0.722158,,0.722158,0.719815,0.721151,462.2141,460.6234,461.648778,526.448105,527.447094,526.854748
272,20000,8,0.722158,,0.722158,0.719842,0.721269,462.2141,460.6234,461.716942,526.448105,527.188309,526.808476
273,20000,8,0.722158,,0.722158,0.720535,0.721397,462.2141,461.1192,461.80054,526.448105,527.019878,526.764448
274,20000,8,0.722158,,0.722158,0.720535,0.721515,462.2141,461.1192,461.882782,526.448105,527.019878,526.72749
275,20000,8,0.722417,,0.722417,0.720535,0.721597,462.3349,461.1192,461.923851,526.326899,527.019878,526.691116
276,20000,8,0.722417,,0.722417,0.720535,0.721691,462.3349,461.1192,461.979818,526.326899,527.019878,526.654866
277,20000,8,0.722417,,0.722417,0.720535,0.721784,462.3349,461.1192,462.03579,526.326899,526.980483,526.620265
278,20000,8,0.722417,,0.722417,0.720535,0.721856,462.3349,461.1192,462.069183,526.078673,526.980483,526.586503
279,20000,8,0.722417,,0.722417,0.720535,0.721958,462.3349,461.1192,462.130602,526.078673,526.980483,526.547993
280,20000,8,0.722417,,0.722417,0.721041,0.722,462.3349,461.6437,462.144792,526.078673,526.936682,526.524662
281,20000,8,0.722417,,0.722417,0.721041,0.722039,462.3349,461.6437,462.146218,526.078673,526.936682,526.495081
282,20000,8,0.72247,,0.72247,0.721041,0.722087,462.3349,461.6437,462.157376,526.034667,526.936682,526.465035
283,20000,8,0.72247,,0.72247,0.721041,0.722142,462.4392,461.6437,462.168108,526.034667,526.936682,526.429253
284,20000,8,0.72247,,0.72247,0.721292,0.722177,462.4392,461.7183,462.166847,526.034667,526.790961,526.401278
285,20000,8,0.72247,,0.72247,0.721911,0.72223,462.4392,461.8959,462.170929,526.034667,526.640899,526.362589
286,20000,8,0.722572,,0.722572,0.721911,0.722263,462.4392,461.8959,462.160947,525.911577,526.640899,526.330109
287,20000,8,0.722605,,0.722605,0.721911,0.72231,462.4392,461.8959,462.141491,525.885878,526.640899,526.281005
288,20000,8,0.72327,,0.72327,0.722125,0.722367,462.7259,461.8959,462.138971,525.749551,526.509246,526.234432
289,20000,8,0.72327,,0.72327,0.722125,0.72242,462.7259,461.8959,462.139239,525.749551,526.509246,526.193659
290,20000,8,0.72327,,0.72327,0.722125,0.722494,462.7259,461.8959,462.162553,525.749551,526.509246,526.151004
291,20000,8,0.72327,,0.72327,0.722125,0.722548,462.7259,461.8959,462.182359,525.749551,526.509246,526.122034
292,20000,8,0.7233,,0.7233,0.722227,0.722609,462.7259,461.8959,462.202395,525.726663,526.509246,526.088082
293,20000,8,0.7233,,0.7233,0.722417,0.722679,463.0069,461.8959,462.223921,525.710007,526.509246,526.047873
294,20000,8,0.723484,,0.723484,0.722256,0.722756,463.1444,461.8959,462.24891,525.582455,526.509246,526.00441
295,20000,8,0.723484,,0.723484,0.722417,0.722848,463.1444,461.8959,462.324271,525.582455,526.509246,525.983456
296,20000,8,0.723487,,0.723487,0.722431,0.722923,463.1444,461.8959,462.405608,525.582455,526.509246,525.979106
297,20000,8,0.723776,,0.723776,0.722431,0.723014,463.1444,461.8959,462.464933,525.43555,526.476161,525.948582
298,20000,8,0.724076,,0.724076,0.722442,0.723099,463.6333,461.8959,462.528473,525.43555,526.476161,525.924774
299,20000,8,0.724212,,0.724212,0.722442,0.723179,463.6333,461.8959,462.58252,525.39754,526.415019,525.898172
300,20000,8,0.724952,,0.724952,0.722759,0.723297,464.2742,461.9604,462.654595,525.39754,526.342242,525.854365
301,20000,8,0.724952,,0.724952,0.722759,0.723475,464.2742,461.9604,462.761394,525.276335,526.342242,525.786965
302,20000,8,0.724952,,0.724952,0.722759,0.723592,464.2742,461.9604,462.839628,525.250635,526.342242,525.748635
303,20000,8,0.724952,,0.724952,0.722864,0.723759,464.2742,462.4077,462.956654,525.172202,526.342242,525.696922
304,20000,8,0.725997,,0.725997,0.722864,0.723955,464.2742,462.466,463.063113,524.803494,526.342242,525.614735
305,20000,8,0.725997,,0.725997,0.72316,0.72411,464.2742,462.466,463.144536,524.803494,526.200522,525.548948
306,20000,8,0.725997,,0.725997,0.72327,0.724297,464.2742,462.466,463.239488,524.803494,526.079316,525.466355
307,20000,8,0.725997,,0.725997,0.72327,0.72444,464.2742,462.466,463.302933,524.72885,526.079316,525.397484
308,20000,8,0.72619,,0.72619,0.723407,0.724617,464.8316,462.466,463.408676,524.72885,526.007727,525.330464
309,20000,8,0.72619,,0.72619,0.723407,0.724692,464.8316,462.466,463.445166,524.72885,526.023949,525.296111
310,20000,8,0.726583,,0.726583,0.723593,0.724861,464.8316,462.466,463.544688,524.503511,526.023949,525.230801
311,20000,8,0.726583,,0.726583,0.723666,0.725026,464.8316,463.0377,463.641886,524.503511,526.023949,525.167295
312,20000,8,0.726583,,0.726583,0.723817,0.725205,464.8316,463.0377,463.714786,524.503511,526.023949,525.076858
313,20000,8,0.726583,,0.726583,0.724076,0.725382,464.8316,463.0377,463.778242,524.503511,525.902743,524.98129
314,20000,8,0.726725,,0.726725,0.724076,0.725525,464.8316,463.0377,463.857863,524.288407,525.902743,524.92313
315,20000,8,0.728255,,0.728255,0.724504,0.725756,465.2959,463.0377,463.98865,523.757094,525.510309,524.830176
316,20000,8,0.728255,,0.728255,0.724504,0.725986,465.2959,463.0377,464.105142,523.757094,525.510309,524.729307
317,20000,8,0.728255,,0.728255,0.724504,0.726256,465.2959,463.1585,464.26953,523.757094,525.510309,524.628624
318,20000,8,0.728255,,0.728255,0.725226,0.726539,465.2959,463.3618,464.426269,523.757094,525.209545,524.513114
319,20000,8,0.728846,,0.728846,0.725337,0.726726,466.1041,463.5335,464.507009,523.757094,525.209545,524.421202
320,20000,8,0.728846,,0.728846,0.725337,0.726978,466.1041,463.5335,464.638682,523.757094,525.209545,524.312619
321,20000,8,0.728846,,0.728846,0.725337,0.727283,466.1041,463.5335,464.809003,523.606922,525.209545,524.189077
322,20000,8,0.729522,,0.729522,0.726024,0.727557,466.1041,463.6543,464.973741,523.310625,525.056996,524.08583
323,20000,8,0.729522,,0.729522,0.726024,0.727728,466.1041,463.6543,465.074624,523.310625,525.056996,524.019829
324,20000,8,0.729544,,0.729544,0.726024,0.727979,466.1041,463.6543,465.223539,523.293701,524.618579,523.92378
325,20000,8,0.729544,,0.729544,0.726043,0.728171,466.1041,463.6543,465.359005,523.293701,524.475991,523.864987
326,20000,8,0.729544,,0.729544,0.726043,0.728388,466.1921,463.6543,465.509576,523.293701,524.475991,523.796918
327,20000,8,0.729544,,0.729544,0.726363,0.728556,466.1921,464.1661,465.624042,523.293701,524.475991,523.742321
328,20000,8,0.729736,,0.729736,0.726819,0.728706,466.1921,464.4785,465.720216,523.143529,524.329755,523.68959
329,20000,8,0.730044,,0.730044,0.727108,0.728865,466.6559,464.4785,465.820921,523.11783,524.104417,523.63308
330,20000,8,0.730044,,0.730044,0.727108,0.729014,466.6559,464.4785,465.893521,523.11783,524.104417,523.565382
331,20000,8,0.730044,,0.730044,0.727108,0.729152,466.6559,464.4785,465.965108,523.11783,524.104417,523.506062
332,20000,8,0.730361,,0.730361,0.727108,0.729261,467.0003,464.4785,466.014315,523.11783,524.104417,523.454298
333,20000,8,0.730361,,0.730361,0.728678,0.729409,467.0003,465.5807,466.089472,523.11783,523.719898,523.389112
334,20000,8,0.73059,,0.73059,0.728678,0.729525,467.0003,465.6083,466.154318,522.92819,523.719898,523.341568
335,20000,8,0.73059,,0.73059,0.728711,0.7296,467.0003,465.555,466.193182,522.779707,523.719898,523.309197
336,20000,8,0.73059,,0.73059,0.728711,0.729689,467.0003,465.555,466.232106,522.779707,523.719898,523.265812
337,20000,8,0.73059,,0.73059,0.728713,0.729841,467.0003,465.555,466.337132,522.779707,523.719898,523.217731
338,20000,8,0.730969,,0.730969,0.729073,0.729986,467.5966,465.555,466.426788,522.779707,523.719898,523.16531
339,20000,8,0.730969,,0.730969,0.729105,0.730117,467.5966,465.555,466.534468,522.779707,523.497252,523.135104
340,20000,8,0.730969,,0.730969,0.729105,0.730236,467.5966,465.555,466.636054,522.779707,523.497252,523.110009
341,20000,8,0.731976,,0.731976,0.729107,0.730367,468.2692,465.555,466.726843,522.779707,523.495824,523.068811
342,20000,8,0.731976,,0.731976,0.729544,0.730456,468.2692,465.555,466.7851,522.779707,523.293701,523.038416
343,20000,8,0.731976,,0.731976,0.729731,0.730559,468.2692,465.555,466.840256,522.779707,523.256505,522.994901
344,20000,8,0.732016,,0.732016,0.729731,0.730685,468.2692,465.555,466.941264,522.652625,523.256505,522.964644
345,20000,8,0.732225,,0.732225,0.729731,0.730815,468.2692,465.555,467.080417,522.590112,523.256505,522.955968
346,20000,8,0.732225,,0.732225,0.729731,0.730914,468.2692,465.555,467.17238,522.590112,523.256505,522.940746
347,20000,8,0.732225,,0.732225,0.729937,0.73105,468.2692,466.7767,467.305222,522.590112,523.256505,522.923691
348,20000,8,0.732225,,0.732225,0.730325,0.731168,468.2692,466.7767,467.400214,522.590112,523.256505,522.895019
349,20000,8,0.732711,,0.732711,0.730361,0.731295,468.5739,466.7767,467.521042,522.478326,523.256505,522.877419
350,20000,8,0.732711,,0.732711,0.730361,0.731447,468.5739,466.7767,467.631869,522.467305,523.256505,522.832695
351,20000,8,0.732711,,0.732711,0.730587,0.731614,468.5739,466.7767,467.780401,522.467305,523.080634,522.80204
352,20000,8,0.732729,,0.732729,0.730587,0.731784,468.5739,466.7767,467.930272,522.464517,523.080634,522.770004
353,20000,8,0.732729,,0.732729,0.73059,0.731892,468.5739,466.7767,468.020033,522.464517,523.006043,522.746091
354,20000,8,0.73402,,0.73402,0.73059,0.731996,469.8832,466.7767,468.119093,522.334529,523.006043,522.730841
355,20000,8,0.73402,,0.73402,0.73059,0.732166,469.8832,466.7767,468.26876,522.334529,523.006043,522.698735
356,20000,8,0.73402,,0.73402,0.730608,0.732336,469.8832,466.7767,468.407704,522.334529,522.931259,522.659247
357,20000,8,0.735124,,0.735124,0.730608,0.732478,470.9845,466.7767,468.514637,522.211721,522.914381,522.620424
358,20000,8,0.735124,,0.735124,0.730608,0.732655,470.9845,466.7767,468.667759,522.211721,522.914381,522.584876
359,20000,8,0.735124,,0.735124,0.732016,0.732774,470.9845,468.102,468.768895,522.211721,522.816403,522.5596
360,20000,8,0.735124,,0.735124,0.732033,0.733006,470.9845,468.102,468.967981,522.211721,522.802594,522.512226
361,20000,8,0.735124,,0.735124,0.732033,0.733247,470.9845,468.2692,469.199929,522.211721,522.802594,522.479854
362,20000,8,0.735124,,0.735124,0.732265,0.733438,470.9845,468.2692,469.375191,522.211721,522.702797,522.448233
363,20000,8,0.73563,,0.73563,0.732265,0.73356,471.509,468.2692,469.484647,522.167921,522.687875,522.426478
364,20000,8,0.73563,,0.73563,0.732265,0.733717,471.509,468.2692,469.639937,522.167921,522.687875,522.407779
365,20000,8,0.73563,,0.73563,0.73239,0.733861,471.509,468.3341,469.768326,521.939951,522.687875,522.381349
366,20000,8,0.73563,,0.73563,0.73239,0.734044,471.509,468.3341,469.947338,521.939951,522.687875,522.358515
367,20000,8,0.73563,,0.73563,0.73239,0.734183,471.509,468.3341,470.072057,521.939951,522.628013,522.334062
368,20000,8,0.736127,,0.736127,0.732654,0.734353,471.5525,468.5212,470.213912,521.809963,522.628013,522.29643
369,20000,8,0.736127,,0.736127,0.732654,0.734505,471.5525,468.5212,470.369413,521.809963,522.628013,522.282334
370,20000,8,0.736127,,0.736127,0.733518,0.734647,471.5525,469.3987,470.496553,521.809963,522.505927,522.256835
371,20000,8,0.736127,,0.736127,0.733518,0.734746,471.7978,469.3987,470.584989,521.809963,522.505927,522.238556
372,20000,8,0.736127,,0.736127,0.733552,0.734863,471.7978,469.4514,470.695549,521.809963,522.505927,522.221736
373,20000,8,0.736127,,0.736127,0.733787,0.735017,471.7978,469.6226,470.831013,521.809963,522.460128,522.192325
374,20000,8,0.736127,,0.736127,0.733787,0.735174,471.7978,469.6226,470.972097,521.809963,522.460128,522.163872
375,20000,8,0.736127,,0.736127,0.733787,0.735347,471.7978,469.6226,471.120609,521.809963,522.460128,522.128908
376,20000,8,0.736161,,0.736161,0.733787,0.735509,471.8119,469.6226,471.260507,521.809963,522.460128,522.096001
377,20000,8,0.736423,,0.736423,0.734002,0.735581,471.8502,469.8832,471.319494,521.777973,522.348338,522.07947
378,20000,8,0.738489,,0.738489,0.734002,0.735705,473.6279,469.8832,471.44306,521.357902,522.348338,522.065591
379,20000,8,0.738489,,0.738489,0.734002,0.735799,473.6279,469.8832,471.538074,521.357902,522.348338,522.055898
380,20000,8,0.738489,,0.738489,0.734002,0.735904,473.6279,469.8832,471.621862,521.357902,522.348338,522.029761
381,20000,8,0.738489,,0.738489,0.734002,0.736014,473.6279,469.8832,471.704497,521.357902,522.348338,521.999694
382,20000,8,0.738489,,0.738489,0.734396,0.736112,473.6279,470.172,471.781179,521.357902,522.249456,521.974644
383,20000,8,0.738664,,0.738664,0.735106,0.736219,473.6279,470.9845,471.874743,521.221382,522.249456,521.953875
384,20000,8,0.738979,,0.738979,0.735106,0.736311,473.9256,470.9845,471.957868,521.175583,522.455191,521.937482
385,20000,8,0.738979,,0.738979,0.7355,0.736412,473.9256,471.2733,472.033048,521.175583,522.455191,521.909701
386,20000,8,0.738979,,0.738979,0.735552,0.736518,473.9256,471.4903,472.120626,521.175583,522.455191,521.885199
387,20000,8,0.738979,,0.738979,0.735786,0.736695,473.9256,471.5525,472.236274,521.175583,522.455191,521.82514
388,20000,8,0.739373,,0.739373,0.735786,0.736905,474.2144,471.5525,472.374246,521.061977,522.249456,521.753276
389,20000,8,0.739373,,0.739373,0.736024,0.73706,474.2144,471.5525,472.479448,521.061977,522.158925,521.70283
390,20000,8,0.739585,,0.739585,0.736048,0.737261,474.2144,471.7695,472.630182,520.896553,522.158925,521.647254
391,20000,8,0.739585,,0.739585,0.736048,0.737441,474.4501,471.7695,472.769744,520.896553,522.158925,521.60069
392,20000,8,0.739704,,0.739704,0.736048,0.737589,474.7389,471.7695,472.888915,520.896553,522.099047,521.564596
393,20000,8,0.739704,,0.739704,0.736573,0.73777,474.7389,472.0583,473.026494,520.896553,522.041438,521.515546
394,20000,8,0.739704,,0.739704,0.736573,0.737927,474.7389,472.0583,473.147365,520.896553,522.041438,521.4743
395,20000,8,0.739704,,0.739704,0.736573,0.738023,474.7389,472.1718,473.218947,520.792144,522.041438,521.447885
396,20000,8,0.739704,,0.739704,0.736658,0.738197,474.7389,472.1718,473.367411,520.746345,521.857896,521.411396
397,20000,8,0.739704,,0.739704,0.737027,0.738298,474.7389,472.3658,473.450675,520.746345,521.857896,521.388526
398,20000,8,0.739704,,0.739704,0.737027,0.738422,474.7389,472.3658,473.54878,520.746345,521.757166,521.357111
399,20000,8,0.739704,,0.739704,0.737027,0.738635,474.7389,472.3658,473.745091,520.686502,521.801899,521.323022
400,20000,8,0.739916,,0.739916,0.737027,0.738764,474.7389,472.3658,473.835016,520.686502,521.801899,521.282347
401,20000,8,0.740253,,0.740253,0.737027,0.738844,475.3582,472.3658,473.898752,520.431451,521.753285,521.262831
402,20000,8,0.740253,,0.740253,0.737182,0.739006,475.3582,472.6963,474.036472,520.431451,521.753285,521.228313
403,20000,8,0.740253,,0.740253,0.737576,0.739179,475.3582,472.9851,474.175286,520.431451,521.74429,521.186542
404,20000,8,0.740253,,0.740253,0.737576,0.739373,475.3582,472.9851,474.342223,520.431451,521.74429,521.147497
405,20000,8,0.740253,,0.740253,0.737576,0.739521,475.3582,472.9851,474.5023,520.431451,521.74429,521.139405
406,20000,8,0.740253,,0.740253,0.737576,0.739621,475.3582,472.9851,474.578931,520.431451,521.74429,521.11218
407,20000,8,0.74044,,0.74044,0.737576,0.739712,475.3582,472.9851,474.650556,520.431451,521.74429,521.089648
408,20000,8,0.74044,,0.74044,0.737628,0.739845,475.3582,473.2021,474.760908,520.431451,521.74429,521.059766
409,20000,8,0.74044,,0.74044,0.73789,0.74,475.3582,473.2828,474.859925,520.283787,521.593881,521.004752
410,20000,8,0.740965,,0.740965,0.73789,0.740078,475.724,473.2828,474.926853,520.283787,521.593881,520.9891
411,20000,8,0.740965,,0.740965,0.73789,0.740157,475.724,473.2828,474.999508,520.283787,521.593881,520.976454
412,20000,8,0.740965,,0.740965,0.739704,0.740247,475.724,473.9697,475.070527,520.283787,521.395117,520.953205
413,20000,8,0.740965,,0.740965,0.739704,0.740295,475.724,473.9697,475.086216,520.283787,521.292229,520.92666
414,20000,8,0.740965,,0.740965,0.739991,0.740345,475.724,473.9697,475.109514,520.283787,521.292229,520.903439
415,20000,8,0.740965,,0.740965,0.74011,0.740392,475.724,473.9697,475.108022,520.283787,521.14182,520.865435
416,20000,8,0.740965,,0.740965,0.74011,0.740433,475.724,473.9697,475.113573,520.283787,521.14182,520.837713
417,20000,8,0.741626,,0.741626,0.74016,0.740474,475.724,473.9697,475.128503,520.140566,521.14182,520.815053
418,20000,8,0.741626,,0.741626,0.740253,0.740511,475.8044,474.4768,475.158558,520.140566,521.14182,520.806334
419,20000,8,0.741626,,0.741626,0.740253,0.740559,475.8044,474.4768,475.181698,520.140566,521.14182,520.784533
420,20000,8,0.741626,,0.741626,0.740253,0.740615,475.8044,474.4768,475.202212,520.140566,521.14182,520.755103
421,20000,8,0.741626,,0.741626,0.740253,0.74069,475.8044,474.636,475.199079,520.140566,521.14182,520.694037
422,20000,8,0.741626,,0.741626,0.740253,0.740755,475.8044,474.8091,475.196388,520.140566,521.14182,520.641551
423,20000,8,0.741626,,0.741626,0.740253,0.740809,475.8044,474.8091,475.211162,520.140566,521.14182,520.609143
424,20000,8,0.741626,,0.741626,0.740253,0.740861,475.8044,474.8091,475.220195,520.140566,521.14182,520.575254
425,20000,8,0.741626,,0.741626,0.740253,0.740917,475.8044,474.8091,475.233619,520.140566,521.14182,520.540425
426,20000,8,0.741626,,0.741626,0.740253,0.741001,475.8044,474.8091,475.257684,520.140566,521.14182,520.491024
427,20000,8,0.741626,,0.741626,0.74044,0.741072,475.8044,474.8091,475.289588,520.140566,521.025288,520.456648
428,20000,8,0.741626,,0.741626,0.74044,0.741139,475.8044,474.8091,475.327878,520.140566,521.025288,520.430573
429,20000,8,0.741626,,0.741626,0.74044,0.7412,475.8044,474.8091,475.32161,520.140566,521.025288,520.378787
430,20000,8,0.741626,,0.741626,0.74044,0.741271,475.8044,474.8091,475.348844,520.140566,521.025288,520.341387
431,20000,8,0.741626,,0.741626,0.74044,0.741331,475.8044,474.8091,475.367542,520.140566,521.025288,520.307306
432,20000,8,0.741626,,0.741626,0.74044,0.741397,475.8044,474.8091,475.373095,520.140566,520.714543,520.259513
433,20000,8,0.741626,,0.741626,0.740631,0.741443,475.8044,474.8821,475.38301,520.140566,520.714543,520.230259
434,20000,8,0.741626,,0.741626,0.740631,0.741515,475.8044,474.8821,475.413984,520.140566,520.714543,520.194449
435,20000,8,0.741626,,0.741626,0.740631,0.741575,475.8044,474.8821,475.433173,520.140566,520.714543,520.160364
436,20000,8,0.741727,,0.741727,0.740786,0.741607,475.5423,474.8821,475.44842,520.115138,520.40681,520.14587
437,20000,8,0.741727,,0.741727,0.741626,0.741629,475.5423,475.4619,475.464312,520.115138,520.140566,520.139803
438,20000,8,0.741727,,0.741727,0.741626,0.741632,475.5423,475.4619,475.466724,520.115138,520.140566,520.13904
439,20000,8,0.741727,,0.741727,0.741626,0.741634,475.5423,475.4619,475.468332,520.115138,520.140566,520.138531
440,20000,8,0.741727,,0.741727,0.741626,0.741634,475.5423,475.4619,475.468332,520.115138,520.140566,520.138531
441,20000,8,0.741727,,0.741727,0.741626,0.741636,475.5423,475.4619,475.46994,520.115138,520.140566,520.138023
442,20000,8,0.741727,,0.741727,0.741626,0.741637,475.5423,475.4619,475.470744,520.115138,520.140566,520.137769
443,20000,8,0.741727,,0.741727,0.741626,0.74164,475.5423,475.4619,475.473156,520.115138,520.140566,520.136957
444,20000,8,0.741727,,0.741727,0.741626,0.741642,475.5423,475.4619,475.474764,520.115138,520.140566,520.136448
445,20000,8,0.74184,,0.74184,0.741626,0.741647,475.5423,475.4619,475.47798,520.027466,520.140566,520.134505
446,20000,8,0.74184,,0.74184,0.741626,0.74165,475.5423,475.4619,475.480392,520.027466,520.140566,520.133742
447,20000,8,0.74184,,0.74184,0.741626,0.741652,475.5423,475.4619,475.481196,520.027466,520.140566,520.132562
448,20000,8,0.74184,,0.74184,0.741626,0.741658,475.5423,475.4619,475.484412,520.027466,520.140566,520.130571
449,20000,8,0.74184,,0.74184,0.741626,0.741665,475.5423,475.4619,475.48602,520.027466,520.140566,520.12631
450,20000,8,0.74184,,0.74184,0.741626,0.741672,475.5423,475.4619,475.489236,520.027466,520.140566,520.122418
451,20000,8,0.74184,,0.74184,0.741626,0.741681,475.5423,475.4619,475.490844,520.027466,520.140566,520.116502
452,20000,8,0.74184,,0.74184,0.741626,0.741695,475.5423,475.4619,475.494864,520.027466,520.140566,520.108168
453,20000,8,0.74184,,0.74184,0.741626,0.741703,475.5423,475.4619,475.496472,520.027466,520.140566,520.103227
454,20000,8,0.74184,,0.74184,0.741626,0.741713,475.5423,475.4619,475.498884,520.027466,520.140566,520.097057
455,20000,8,0.74184,,0.74184,0.741626,0.741729,475.5423,475.4619,475.504512,520.027466,520.140566,520.088263
456,20000,8,0.74184,,0.74184,0.741626,0.741735,475.5423,475.4619,475.506924,520.027466,520.140566,520.085649
457,20000,8,0.74184,,0.74184,0.741626,0.741741,475.5423,475.4619,475.509336,520.027466,520.140566,520.082158
458,20000,8,0.74184,,0.74184,0.741626,0.741751,475.5423,475.4619,475.51416,520.027466,520.140566,520.0781
459,20000,8,0.74184,,0.74184,0.741626,0.741763,475.5423,475.4619,475.51818,520.027466,520.140566,520.07079
460,20000,8,0.74184,,0.74184,0.741626,0.741772,475.5423,475.4619,475.521396,520.027466,520.140566,520.066315
461,20000,8,0.74184,,0.74184,0.741626,0.741781,475.5423,475.4619,475.524612,520.027454,520.140566,520.061012
462,20000,8,0.74184,,0.74184,0.741632,0.741793,475.5423,475.4619,475.53024,520.027454,520.135667,520.05597
463,20000,8,0.74184,,0.74184,0.741632,0.741799,475.5423,475.4619,475.533456,520.027454,520.135667,520.053395
464,20000,8,0.74184,,0.74184,0.741632,0.741807,475.5423,475.4619,475.535868,520.027454,520.135667,520.048395
465,20000,8,0.741889,,0.741889,0.741632,0.741816,475.5423,475.4619,475.537476,519.989193,520.135667,520.042341
466,20000,8,0.741889,,0.741889,0.741632,0.741825,475.5423,475.4619,475.539888,519.989193,520.135667,520.037342
467,20000,8,0.741889,,0.741889,0.741727,0.741834,475.5423,475.5423,475.5423,519.989193,520.115138,520.031576
468,20000,8,0.741889,,0.741889,0.741727,0.741836,475.6072,475.5423,475.542949,519.989193,520.115138,520.030656
469,20000,8,0.741889,,0.741889,0.741727,0.741836,475.6072,475.5423,475.543598,519.989193,520.115138,520.030995
470,20000,8,0.741964,,0.741964,0.741727,0.741841,475.6072,475.5423,475.544247,519.973722,520.115138,520.027938
471,20000,8,0.741964,,0.741964,0.74184,0.741846,475.6072,475.5423,475.545545,519.973722,520.061393,520.024455
472,20000,8,0.741964,,0.741964,0.74184,0.741849,475.6072,475.5423,475.546194,519.973722,520.061393,520.023041
473,20000,8,0.741964,,0.741964,0.74184,0.741853,475.6072,475.5423,475.547492,519.973722,520.061393,520.020706
474,20000,8,0.741964,,0.741964,0.74184,0.741854,475.6072,475.5423,475.548141,519.973722,520.061393,520.019785
475,20000,8,0.741964,,0.741964,0.74184,0.741858,475.6072,475.5423,475.54879,519.973722,520.061393,520.017605
476,20000,8,0.741964,,0.741964,0.74184,0.741864,475.6072,475.5423,475.550088,519.973722,520.027466,520.01374
477,20000,8,0.741964,,0.741964,0.74184,0.741868,475.6072,475.5423,475.552035,519.973722,520.027466,520.011744
478,20000,8,0.741964,,0.741964,0.74184,0.741875,475.6072,475.5423,475.55528,519.973722,520.027466,520.008291
479,20000,8,0.741964,,0.741964,0.74184,0.741881,475.6072,475.5423,475.557227,519.95161,520.027466,520.005538
480,20000,8,0.741964,,0.741964,0.74184,0.741887,475.6072,475.5423,475.560472,519.95161,520.027466,520.00285
481,20000,8,0.741964,,0.741964,0.74184,0.741892,475.6072,475.5423,475.562419,519.95161,520.027466,520.000096
482,20000,8,0.742013,,0.742013,0.74184,0.741899,475.6072,475.5423,475.564366,519.935449,520.027466,519.996202
483,20000,8,0.742013,,0.742013,0.74184,0.741905,475.6072,475.5423,475.565664,519.935449,520.027466,519.992448
484,20000,8,0.742657,,0.742657,0.74184,0.741921,476.4385,475.5423,475.576573,519.935449,520.027454,519.98665
485,20000,8,0.742657,,0.742657,0.74184,0.741935,476.4385,475.5423,475.586833,519.935449,520.027454,519.982928
486,20000,8,0.742706,,0.742706,0.74184,0.741946,476.4385,475.5423,475.596444,519.935449,520.027454,519.980877
487,20000,8,0.742706,,0.742706,0.74184,0.741971,476.4385,475.5423,475.617613,519.935437,520.027454,519.975157
488,20000,8,0.742706,,0.742706,0.74184,0.74201,476.4385,475.5423,475.660476,519.935437,520.027454,519.973378
489,20000,8,0.742706,,0.742706,0.74184,0.742045,476.4385,475.5423,475.702072,519.935437,520.295924,519.974156
490,20000,8,0.742706,,0.742706,0.74184,0.742089,476.4385,475.5423,475.759027,519.935437,520.295924,519.978467
491,20000,8,0.742706,,0.742706,0.74184,0.742126,476.4385,475.5423,475.80257,519.935437,520.295924,519.978361
492,20000,8,0.742706,,0.742706,0.74184,0.742159,476.4385,475.5423,475.8378,519.935437,520.295924,519.976565
493,20000,8,0.742706,,0.742706,0.74184,0.74219,476.4385,475.5423,475.865304,519.935437,520.24218,519.970426
494,20000,8,0.742706,,0.742706,0.74184,0.742222,476.4385,475.5423,475.906282,519.935437,520.24218,519.973141
495,20000,8,0.742919,,0.742919,0.741889,0.742265,476.8099,475.5423,475.954157,519.935437,520.24218,519.971879
496,20000,8,0.742919,,0.742919,0.741889,0.742305,476.8099,475.5423,475.995635,519.935437,520.242168,519.968146
497,20000,8,0.742919,,0.742919,0.741889,0.742358,476.8099,475.5423,476.050025,519.935437,520.242168,519.963521
498,20000,8,0.742919,,0.742919,0.741889,0.742415,476.8099,475.5423,476.112874,519.935437,520.242168,519.96092
499,20000,8,0.742968,,0.742968,0.741889,0.742469,476.8099,475.5423,476.17649,519.935437,520.203895,519.961873
500,20000,8,0.742968,,0.742968,0.741889,0.742523,476.8099,475.5423,476.242522,519.935437,520.203895,519.963592
501,20000,8,0.742968,,0.742968,0.741889,0.742584,476.8099,475.5423,476.313122,519.935437,520.203895,519.963582
502,20000,8,0.743155,,0.743155,0.741889,0.742627,476.8099,475.5423,476.358783,519.850621,520.03529,519.960081
503,20000,8,0.743155,,0.743155,0.742013,0.742683,476.8099,475.6072,476.416738,519.718288,520.03529,519.955722
504,20000,8,0.743204,,0.743204,0.742013,0.742731,476.8099,475.6072,476.471625,519.718288,520.050762,519.955057
505,20000,8,0.743204,,0.743204,0.742013,0.742783,476.8099,475.6072,476.527397,519.718288,520.089035,519.95181
506,20000,8,0.743204,,0.743204,0.742013,0.742818,476.8099,475.6072,476.559528,519.718288,520.050762,519.946012
507,20000,8,0.743204,,0.743204,0.742706,0.742852,476.8099,476.4385,476.577685,519.718288,520.050762,519.931761
508,20000,8,0.743204,,0.743204,0.742706,0.74289,476.8099,476.4385,476.589476,519.718288,520.050762,519.910084
509,20000,8,0.743267,,0.743267,0.742706,0.742919,476.8099,476.4385,476.596904,519.718288,520.050762,519.892021
510,20000,8,0.743267,,0.743267,0.742706,0.742962,476.8099,476.4385,476.606748,519.718288,520.050762,519.865631
511,20000,8,0.743504,,0.743504,0.742706,0.743002,476.8099,476.4385,476.629501,519.578651,520.050762,519.849276
512,20000,8,0.743504,,0.743504,0.742706,0.743039,476.8099,476.4385,476.661449,519.578651,520.050762,519.841828
513,20000,8,0.743504,,0.743504,0.742706,0.743076,477.0814,476.4385,476.68515,519.578651,520.050762,519.828962
514,20000,8,0.743504,,0.743504,0.742706,0.743112,477.0814,476.4385,476.70372,519.578651,520.050762,519.812941
515,20000,8,0.743504,,0.743504,0.742706,0.743151,477.0814,476.4385,476.717278,519.578651,520.050762,519.792072
516,20000,8,0.743504,,0.743504,0.742706,0.743209,477.0814,476.4385,476.74646,519.578651,520.050762,519.765878
517,20000,8,0.743879,,0.743879,0.742843,0.743278,477.3479,476.4385,476.776139,519.578651,520.050762,519.73195
518,20000,8,0.743879,,0.743879,0.742853,0.743319,477.3479,476.4385,476.796674,519.571247,520.042798,519.713957
519,20000,8,0.743879,,0.743879,0.742853,0.743361,477.3479,476.4385,476.803983,519.571247,520.042798,519.685994
520,20000,8,0.744179,,0.744179,0.742853,0.7434,477.3479,476.4385,476.817689,519.412877,520.042798,519.664812
521,20000,8,0.744179,,0.744179,0.742853,0.74344,477.3479,476.4385,476.828431,519.412877,520.042798,519.64103
522,20000,8,0.744179,,0.744179,0.742853,0.743477,477.3479,476.4385,476.835989,519.412877,520.042798,519.617349
523,20000,8,0.744179,,0.744179,0.743143,0.743508,477.3479,476.745,476.847748,519.412877,519.817064,519.600767
524,20000,8,0.744179,,0.744179,0.743143,0.743533,477.3479,476.745,476.859806,519.412877,519.817064,519.589162
525,20000,8,0.74454,,0.74454,0.743143,0.743576,477.4128,476.745,476.876595,519.174464,519.817064,519.567002
526,20000,8,0.74454,,0.74454,0.743143,0.743616,477.4128,476.745,476.896478,519.174464,519.817064,519.549001
527,20000,8,0.74454,,0.74454,0.743143,0.74366,477.4128,476.745,476.909185,519.174464,519.817064,519.523383
528,20000,8,0.745098,,0.745098,0.743143,0.743723,478.396,476.745,476.943133,519.174464,519.817064,519.497389
529,20000,8,0.745195,,0.745195,0.743267,0.74379,478.396,476.8099,476.97773,519.174464,519.76332,519.467771
530,20000,8,0.745195,,0.745195,0.743267,0.743892,478.396,476.8099,477.051225,519.174464,519.76332,519.437924
531,20000,8,0.745195,,0.745195,0.743504,0.743996,478.396,476.8099,477.099337,519.174464,519.578651,519.388519
532,20000,8,0.745195,,0.745195,0.743504,0.744119,478.396,476.8099,477.203347,519.082411,519.578651,519.362707
533,20000,8,0.745195,,0.745195,0.743504,0.744237,478.396,476.8099,477.305569,519.082411,519.578651,519.338891
534,20000,8,0.745195,,0.745195,0.743504,0.744298,478.396,476.8099,477.356829,519.082411,519.578651,519.325935
535,20000,8,0.745195,,0.745195,0.743504,0.744345,478.396,476.8099,477.39409,519.082411,519.578651,519.314509
536,20000,8,0.745195,,0.745195,0.743504,0.744422,478.396,476.8099,477.473277,519.082411,519.578651,519.307369
537,20000,8,0.745195,,0.745195,0.743622,0.744525,478.396,476.8099,477.56464,519.082411,519.553962,519.288342
538,20000,8,0.746144,,0.746144,0.743622,0.744658,478.9989,476.8099,477.673061,518.986236,519.553962,519.25706
539,20000,8,0.746144,,0.746144,0.743622,0.744735,478.9989,476.8099,477.746025,518.986236,519.553962,519.245731
540,20000,8,0.746144,,0.746144,0.743622,0.744913,478.9989,476.8099,477.911365,518.986236,519.553962,519.217852
541,20000,8,0.746144,,0.746144,0.743746,0.745002,478.9989,477.0544,477.991968,518.986236,519.553962,519.202483
542,20000,8,0.746144,,0.746144,0.743746,0.745092,478.9989,477.0544,478.093593,518.986236,519.553962,519.200434
543,20000,8,0.746144,,0.746144,0.743746,0.745129,478.9989,477.0544,478.146337,518.986236,519.553962,519.206712
544,20000,8,0.746238,,0.746238,0.744658,0.745244,479.0568,477.4128,478.261597,518.952148,519.397826,519.194344
545,20000,8,0.746238,,0.746238,0.744658,0.745315,479.0568,477.4128,478.318663,518.952148,519.397826,519.176879
546,20000,8,0.746238,,0.746238,0.744658,0.745396,479.0568,477.4128,478.395902,518.952148,519.397826,519.166036
547,20000,8,0.746238,,0.746238,0.744658,0.745522,479.0568,477.4128,478.515833,518.952148,519.397826,519.147545
548,20000,8,0.746238,,0.746238,0.744658,0.745622,479.0568,477.4128,478.591565,518.952148,519.397826,519.120699
549,20000,8,0.746238,,0.746238,0.744658,0.745735,479.0568,477.4128,478.695565,518.952148,519.397826,519.101714
550,20000,8,0.746238,,0.746238,0.744658,0.74584,479.0568,477.4128,478.781059,518.920887,519.397826,519.077244
551,20000,8,0.746962,,0.746962,0.744658,0.745942,479.3932,477.4128,478.864327,518.612658,519.397826,519.05356
552,20000,8,0.746962,,0.746962,0.745195,0.746061,479.3932,478.396,478.940898,518.612658,519.322563,519.012281
553,20000,8,0.746962,,0.746962,0.745195,0.746096,479.3932,478.396,478.959335,518.612658,519.322563,518.997222
554,20000,8,0.746962,,0.746962,0.745195,0.746147,479.3932,478.396,478.987764,518.612658,519.322563,518.976694
555,20000,8,0.746962,,0.746962,0.745195,0.746197,479.3932,478.396,479.014596,518.612658,519.322563,518.955808
556,20000,8,0.746962,,0.746962,0.745195,0.746264,479.3932,478.396,479.05142,518.612658,519.322563,518.928047
557,20000,8,0.746962,,0.746962,0.745195,0.746317,479.3932,478.396,479.078811,518.612658,519.322563,518.904893
558,20000,8,0.746962,,0.746962,0.745195,0.746369,479.3932,478.396,479.103607,518.612658,519.322563,518.881276
559,20000,8,0.746962,,0.746962,0.746135,0.746424,479.3932,478.9989,479.130719,518.612658,518.99364,518.856369
560,20000,8,0.746962,,0.746962,0.746135,0.746443,479.3932,478.9989,479.139324,518.612658,518.99364,518.847102
561,20000,8,0.746962,,0.746962,0.746144,0.746503,479.3932,478.9989,479.166556,518.612658,518.986236,518.818887
562,20000,8,0.746962,,0.746962,0.746144,0.746547,479.3932,478.9989,479.18681,518.612658,518.986236,518.797642
563,20000,8,0.746962,,0.746962,0.746144,0.74661,479.3932,478.9989,479.216108,518.612658,518.986236,518.768022
564,20000,8,0.747061,,0.747061,0.746144,0.746667,479.4002,478.9989,479.242621,518.539906,518.986236,518.741604
565,20000,8,0.747061,,0.747061,0.746144,0.746693,479.4002,478.9989,479.255029,518.539906,518.986236,518.729956
566,20000,8,0.747061,,0.747061,0.746144,0.746742,479.4002,478.9989,479.278178,518.539906,518.986236,518.707204
567,20000,8,0.747061,,0.747061,0.746144,0.746774,479.4002,478.9989,479.292353,518.539906,518.986236,518.691829
568,20000,8,0.747329,,0.747329,0.746238,0.746829,479.4002,479.0059,479.314624,518.325908,518.952148,518.663833
569,20000,8,0.747329,,0.747329,0.746243,0.746852,479.4002,479.0059,479.322491,518.325908,518.913484,518.650883
570,20000,8,0.747329,,0.747329,0.746243,0.746875,479.4002,479.0059,479.329569,518.325908,518.913484,518.637588
571,20000,8,0.747329,,0.747329,0.746243,0.746912,479.4002,479.0059,479.342257,518.325908,518.913484,518.617394
572,20000,8,0.747329,,0.747329,0.746243,0.746943,479.4002,479.0059,479.352769,518.325908,518.913484,518.599977
573,20000,8,0.747329,,0.747329,0.746243,0.74696,479.4002,479.0059,479.359707,518.325908,518.913484,518.591282
574,20000,8,0.747329,,0.747329,0.746243,0.746981,479.4002,479.0059,479.365298,518.325908,518.913484,518.578627
575,20000,8,0.747329,,0.747329,0.746243,0.747016,479.4002,479.0059,479.377337,518.325908,518.913484,518.559502
576,20000,8,0.747329,,0.747329,0.746337,0.747049,479.4002,479.0638,479.388218,518.325908,518.879395,518.541059
577,20000,8,0.747329,,0.747329,0.746337,0.747065,479.4002,479.0638,479.391652,518.325908,518.879395,518.531201
578,20000,8,0.747329,,0.747329,0.746962,0.747087,479.4002,479.3932,479.39866,518.325908,518.612658,518.518634
579,20000,8,0.747429,,0.747429,0.746962,0.747098,479.4002,479.3932,479.39866,518.253156,518.612658,518.510031
580,20000,8,0.747459,,0.747459,0.746962,0.747109,479.4002,479.3932,479.39859,518.224457,518.612658,518.50172
581,20000,8,0.747504,,0.747504,0.746962,0.747126,479.4002,479.3932,479.3988,518.189388,518.612658,518.487977
582,20000,8,0.748163,,0.748163,0.747061,0.747158,480.2058,479.3932,479.407066,518.189388,518.539906,518.468746
583,20000,8,0.748163,,0.748163,0.747061,0.747178,480.2058,479.3932,479.407136,518.189388,518.539906,518.453291
584,20000,8,0.748163,,0.748163,0.747061,0.747201,480.2058,479.3932,479.407136,518.189388,518.539906,518.435346
585,20000,8,0.748163,,0.748163,0.747061,0.747218,480.2058,479.3932,479.408813,518.189388,518.539906,518.423077
586,20000,8,0.748163,,0.748163,0.747061,0.747277,480.2058,479.3932,479.434798,518.151704,518.539906,518.394777
587,20000,8,0.748163,,0.748163,0.747061,0.747343,480.2058,479.3932,479.455941,518.116636,518.539906,518.357445
588,20000,8,0.748163,,0.748163,0.747061,0.747396,480.2058,479.3932,479.465744,518.116636,518.539906,518.322779
589,20000,8,0.748163,,0.748163,0.747061,0.747476,480.2058,479.3932,479.503489,518.116636,518.539906,518.285859
590,20000,8,0.748163,,0.748163,0.747061,0.747554,480.2058,479.3932,479.547333,518.116636,518.539906,518.2544
591,20000,8,0.748437,,0.748437,0.747061,0.747618,480.2058,479.3932,479.585078,518.006398,518.539906,518.229424
592,20000,8,0.748437,,0.748437,0.747061,0.747666,480.2058,479.3932,479.621076,518.006398,518.539906,518.216156
593,20000,8,0.748437,,0.748437,0.747061,0.747735,480.2058,479.3932,479.679285,518.006398,518.539906,518.201369
594,20000,8,0.748706,,0.748706,0.747429,0.747819,480.2058,479.3932,479.745844,517.750194,518.292744,518.180596
595,20000,8,0.748706,,0.748706,0.747429,0.747877,480.2058,479.3932,479.788235,517.750194,518.292744,518.163433
596,20000,8,0.748706,,0.748706,0.747459,0.747941,480.2058,479.3932,479.82271,517.750194,518.292744,518.136788
597,20000,8,0.748706,,0.748706,0.747459,0.74799,480.2058,479.3932,479.847242,517.750194,518.292744,518.114684
598,20000,8,0.748706,,0.748706,0.747569,0.748046,480.2058,479.3932,479.875422,517.750194,518.292744,518.089843
599,20000,8,0.748706,,0.748706,0.747569,0.748133,480.2058,479.3932,479.921051,517.750194,518.292744,518.052602
600,20000,8,0.748706,,0.748706,0.747569,0.748203,480.2058,479.3932,479.954976,517.750194,518.265744,518.021198
601,20000,8,0.748737,,0.748737,0.747569,0.748268,480.2058,479.3932,479.997707,517.750194,518.265744,517.99893
602,20000,8,0.748836,,0.748836,0.747569,0.748314,480.2058,479.3932,480.03658,517.69527,518.265744,517.988992
603,20000,8,0.748836,,0.748836,0.747569,0.748368,480.2058,479.4002,480.063339,517.69527,518.265744,517.965025
604,20000,8,0.748836,,0.748836,0.747569,0.748415,480.2058,479.4002,480.094226,517.69527,518.265744,517.948958
605,20000,8,0.748836,,0.748836,0.747569,0.748469,480.2058,479.4002,480.127154,517.69527,518.265744,517.929172
606,20000,8,0.748836,,0.748836,0.747569,0.748509,480.2058,479.4002,480.139353,517.69527,518.526767,517.905737
607,20000,8,0.748836,,0.748836,0.747596,0.748558,480.2058,479.4002,480.174368,517.69527,518.526767,517.890926
608,20000,8,0.748836,,0.748836,0.747734,0.748598,480.2058,479.4002,480.192986,517.69527,518.219992,517.872443
609,20000,8,0.748836,,0.748836,0.748163,0.748631,480.2058,480.1988,480.20545,517.69527,518.219992,517.854716
610,20000,8,0.748836,,0.748836,0.748163,0.748663,480.2058,480.1988,480.20566,517.69527,518.219992,517.830502
611,20000,8,0.748836,,0.748836,0.748163,0.748689,480.2058,480.1988,480.20573,517.69527,518.219992,517.809731
612,20000,8,0.748836,,0.748836,0.748338,0.748706,480.2058,480.2058,480.2058,517.69527,518.083472,517.796763
613,20000,8,0.748836,,0.748836,0.748338,0.74872,480.2058,480.2058,480.2058,517.69527,518.083472,517.785887
614,20000,8,0.748941,,0.748941,0.748338,0.748731,480.2058,480.2058,480.2058,517.613669,518.083472,517.777131
615,20000,8,0.748941,,0.748941,0.748437,0.748752,480.2058,480.2058,480.2058,517.613669,518.006398,517.76107
616,20000,8,0.748941,,0.748941,0.748437,0.748767,480.2058,480.2058,480.2058,517.613669,518.006398,517.748959
617,20000,8,0.748941,,0.748941,0.748437,0.748778,480.2058,480.2058,480.2058,517.613669,518.006398,517.740906
618,20000,8,0.748941,,0.748941,0.748437,0.748783,480.2058,480.2058,480.2058,517.613669,518.006398,517.736848
619,20000,8,0.748941,,0.748941,0.748437,0.748799,480.2058,480.2058,480.2058,517.613669,518.006398,517.723921
620,20000,8,0.748941,,0.748941,0.748706,0.748815,480.2058,480.2058,480.2058,517.613669,517.796722,517.712076
621,20000,8,0.749071,,0.749071,0.748706,0.748828,480.2058,480.2058,480.2058,517.512218,517.796722,517.701313
622,20000,8,0.749071,,0.749071,0.748706,0.748839,480.2058,480.2058,480.2058,517.512218,517.796722,517.692778
623,20000,8,0.749071,,0.749071,0.748706,0.748852,480.2058,480.2058,480.2058,517.512218,517.796722,517.682611
624,20000,8,0.749071,,0.749071,0.748706,0.748861,480.2058,480.2058,480.2058,517.512218,517.796722,517.676105
625,20000,8,0.749071,,0.749071,0.748836,0.748868,480.2058,480.2058,480.2058,517.512218,517.69527,517.670415
626,20000,8,0.749071,,0.749071,0.748836,0.748874,480.2058,480.2058,480.2058,517.512218,517.69527,517.665938
627,20000,8,0.749071,,0.749071,0.748836,0.748895,480.2058,480.2058,480.2058,517.512218,517.69527,517.649506
628,20000,8,0.749071,,0.749071,0.748836,0.748903,480.2058,480.2058,480.2058,517.512218,517.69527,517.643043
629,20000,8,0.749071,,0.749071,0.748836,0.748915,480.2058,480.2058,480.2058,517.512218,517.69527,517.633735
630,20000,8,0.749071,,0.749071,0.748836,0.748922,480.2058,480.2058,480.2058,517.512218,517.69527,517.628243
631,20000,8,0.749071,,0.749071,0.748836,0.748927,480.2058,480.2058,480.2058,517.512218,517.69527,517.624582
632,20000,8,0.749071,,0.749071,0.748836,0.748939,480.2058,480.2058,480.2058,517.512218,517.69527,517.615317
633,20000,8,0.749091,,0.749091,0.748836,0.748954,480.2058,480.2058,480.2058,517.49666,517.69527,517.603475
634,20000,8,0.749511,,0.749511,0.748836,0.748965,480.2058,480.2058,480.2058,517.168933,517.69527,517.594744
635,20000,8,0.749511,,0.749511,0.748836,0.748978,480.2058,480.2058,480.2058,517.168933,517.69527,517.584223
636,20000,8,0.749511,,0.749511,0.748836,0.748995,480.2058,480.2058,480.2058,517.168933,517.69527,517.571321
637,20000,8,0.749511,,0.749511,0.748836,0.749013,480.2058,480.2058,480.2058,517.168933,517.69527,517.557483
638,20000,8,0.749511,,0.749511,0.748836,0.749034,480.2058,480.2058,480.2058,517.168933,517.69527,517.540955
639,20000,8,0.749531,,0.749531,0.748836,0.749063,480.4298,480.2058,480.20804,517.153375,517.69527,517.520075
640,20000,8,0.749531,,0.749531,0.748836,0.749117,480.4298,480.2058,480.21252,517.153375,517.69527,517.480754
641,20000,8,0.749531,,0.749531,0.748836,0.749154,480.4298,480.2058,480.217,517.153375,517.69527,517.454468
642,20000,8,0.749531,,0.749531,0.748836,0.749186,480.4298,480.2058,480.22372,517.153375,517.69527,517.434116
643,20000,8,0.749662,,0.749662,0.748941,0.749207,480.684,480.2058,480.228502,517.153375,517.613669,517.421207
644,20000,8,0.749825,,0.749825,0.748941,0.749248,480.684,480.2058,480.240004,516.923609,517.613669,517.396819
645,20000,8,0.749825,,0.749825,0.748941,0.749283,480.684,480.2058,480.254048,516.923609,517.613669,517.379001
646,20000,8,0.749908,,0.749908,0.749071,0.749343,480.684,480.2058,480.272874,516.923609,517.512218,517.344451
647,20000,8,0.750102,,0.750102,0.749071,0.749399,480.684,480.2058,480.301264,516.923609,517.512218,517.32018
648,20000,8,0.750102,,0.750102,0.749071,0.749447,480.684,480.2058,480.324872,516.923609,517.512218,517.298762
649,20000,8,0.750203,,0.750203,0.749071,0.749499,480.684,480.2058,480.343698,516.779296,517.512218,517.270728
650,20000,8,0.750203,,0.750203,0.749071,0.749519,480.684,480.2058,480.34848,516.779296,517.512218,517.257873
651,20000,8,0.750203,,0.750203,0.749071,0.749563,480.684,480.2058,480.378808,516.779296,517.512218,517.244026
652,20000,8,0.750376,,0.750376,0.749071,0.749629,480.684,480.2058,480.395696,516.710015,517.512218,517.203945
653,20000,8,0.750695,,0.750695,0.749071,0.749703,480.684,480.2058,480.41927,516.245295,517.512218,517.161752
654,20000,8,0.750695,,0.750695,0.749071,0.749792,480.684,480.2058,480.450911,516.245295,517.512218,517.114149
655,20000,8,0.750695,,0.750695,0.749071,0.749876,480.684,480.2058,480.473117,516.245295,517.512218,517.0635
656,20000,8,0.750695,,0.750695,0.749071,0.749957,480.908,480.2058,480.503088,516.245295,517.512218,517.020003
657,20000,8,0.751072,,0.751072,0.749468,0.75004,480.965,480.2058,480.524591,516.100982,517.371601,516.969636
658,20000,8,0.751072,,0.751072,0.749468,0.750122,480.965,480.2058,480.53996,516.100982,517.371601,516.916312
659,20000,8,0.751072,,0.751072,0.749468,0.750166,480.965,480.2058,480.548082,516.100982,517.371601,516.887106
660,20000,8,0.751072,,0.751072,0.749468,0.7502,480.965,480.2058,480.562126,516.100982,517.413776,516.869901
661,20000,8,0.751072,,0.751072,0.749531,0.750269,480.965,480.2058,480.596844,516.100982,517.21173,516.83968
662,20000,8,0.751072,,0.751072,0.749531,0.750324,480.965,480.2058,480.63139,516.100982,517.21173,516.819509
663,20000,8,0.751072,,0.751072,0.749531,0.75042,481.189,480.2058,480.68453,516.100982,517.21173,516.780207
664,20000,8,0.751072,,0.751072,0.749531,0.75049,481.189,480.2058,480.725222,516.100982,517.21173,516.753409
665,20000,8,0.751072,,0.751072,0.749908,0.750572,481.189,480.2058,480.764506,516.100982,517.21173,516.715614
666,20000,8,0.751072,,0.751072,0.750059,0.750674,481.189,480.2058,480.811106,516.100982,517.21173,516.667193
667,20000,8,0.751286,,0.751286,0.750102,0.750745,481.189,480.2058,480.875134,516.100982,517.096863,516.654521
668,20000,8,0.751286,,0.751286,0.750203,0.7508,481.4462,480.4298,480.908518,516.100982,517.096863,516.634069
669,20000,8,0.751286,,0.751286,0.750203,0.750838,481.4462,480.4298,480.942782,516.100982,516.956246,516.627615
670,20000,8,0.751286,,0.751286,0.750535,0.750866,481.4462,480.4298,480.960698,516.100982,516.956246,516.617789
671,20000,8,0.751664,,0.751664,0.750535,0.750905,481.4462,480.4298,480.979236,515.960365,516.956246,516.599476
672,20000,8,0.751664,,0.751664,0.750535,0.750948,481.4462,480.4298,480.987054,515.960365,516.956246,516.571118
673,20000,8,0.751687,,0.751687,0.750714,0.751015,481.7272,480.4298,481.031521,515.927305,516.896279,516.548989
674,20000,8,0.751687,,0.751687,0.750714,0.751064,481.7272,480.4298,481.049802,515.927305,516.896279,516.522857
675,20000,8,0.752013,,0.752013,0.750714,0.751103,481.7272,480.4298,481.092437,515.927305,516.896279,516.521385
676,20000,8,0.752013,,0.752013,0.750714,0.75117,481.7272,480.4298,481.129413,515.927305,516.896279,516.49403
677,20000,8,0.752279,,0.752279,0.750714,0.751219,481.7272,480.4298,481.150712,515.786688,516.896279,516.469911
678,20000,8,0.752279,,0.752279,0.750794,0.751315,481.7272,480.4298,481.184093,515.786688,516.896279,516.41711
679,20000,8,0.752279,,0.752279,0.750818,0.751407,481.7272,480.684,481.211375,515.786688,516.896279,516.36413
680,20000,8,0.752279,,0.752279,0.750818,0.751496,481.7272,480.684,481.218834,515.786688,516.896279,516.299472
681,20000,8,0.752279,,0.752279,0.750818,0.751569,481.7272,480.684,481.250167,515.786688,516.896279,516.263691
682,20000,8,0.752793,,0.752793,0.751049,0.751636,481.8058,480.684,481.277704,515.680983,516.896279,516.229228
683,20000,8,0.752793,,0.752793,0.751069,0.75171,481.8058,480.684,481.307321,515.680983,516.896279,516.191738
684,20000,8,0.752793,,0.752793,0.751069,0.7518,481.9029,480.684,481.333865,515.680983,516.896279,516.139357
685,20000,8,0.752793,,0.752793,0.751069,0.751895,481.9029,480.684,481.372445,515.680983,516.896279,516.091318
686,20000,8,0.753006,,0.753006,0.751069,0.751968,482.1269,480.684,481.394282,515.680983,516.896279,516.048733
687,20000,8,0.753006,,0.753006,0.751069,0.752043,482.1269,480.684,481.4121,515.680983,516.896279,516.002138
688,20000,8,0.753006,,0.753006,0.751069,0.752167,482.1269,480.908,481.493597,515.680983,516.896279,515.959731
689,20000,8,0.753006,,0.753006,0.751167,0.752263,482.1269,480.908,481.550204,515.680983,516.896279,515.922911
690,20000,8,0.753901,,0.753901,0.751167,0.75237,482.5352,480.908,481.613037,515.305347,516.896279,515.881675
691,20000,8,0.753901,,0.753901,0.751167,0.752469,482.568,480.908,481.679928,515.305347,516.896279,515.849075
692,20000,8,0.753901,,0.753901,0.751187,0.75263,482.568,481.3647,481.795563,515.305347,516.880723,515.800938
693,20000,8,0.753901,,0.753901,0.752013,0.752782,482.568,481.3647,481.912019,515.305347,516.048166,515.760386
694,20000,8,0.754629,,0.754629,0.752013,0.752918,483.2974,481.3647,482.013033,515.248834,516.048166,515.72263
695,20000,8,0.754629,,0.754629,0.752013,0.753045,483.2974,481.4462,482.100741,515.248834,516.048166,515.681907
696,20000,8,0.754629,,0.754629,0.752013,0.753176,483.2974,481.4462,482.201466,515.248834,516.048166,515.647692
697,20000,8,0.754629,,0.754629,0.752352,0.753279,483.2974,481.6809,482.265565,515.248834,515.972642,515.610303
698,20000,8,0.754629,,0.754629,0.752352,0.753412,483.2974,481.7272,482.358992,515.248834,515.972642,515.568984
699,20000,8,0.754629,,0.754629,0.752628,0.753524,483.2974,481.8058,482.438943,515.248834,515.874489,515.534874
700,20000,8,0.754629,,0.754629,0.752628,0.753607,483.2974,481.8058,482.496674,515.248834,515.874489,515.509326
701,20000,8,0.754629,,0.754629,0.752793,0.753723,483.2974,481.8058,482.588738,515.248834,515.798965,515.480591
702,20000,8,0.754629,,0.754629,0.752793,0.753852,483.2974,481.8058,482.697414,515.248834,515.798965,515.45278
703,20000,8,0.754629,,0.754629,0.752793,0.753965,483.2974,481.8058,482.785024,515.248834,515.798965,515.423014
704,20000,8,0.754629,,0.754629,0.752793,0.754056,483.2974,481.8058,482.857649,515.248834,515.798965,515.40111
705,20000,8,0.754629,,0.754629,0.752793,0.75414,483.2974,481.8058,482.925215,515.248834,515.798965,515.380153
706,20000,8,0.754629,,0.754629,0.752793,0.754222,483.2974,481.8058,482.983472,515.248834,515.798965,515.355302
707,20000,8,0.754629,,0.754629,0.752793,0.754315,483.2974,481.8058,483.046843,515.248834,515.680983,515.325367
708,20000,8,0.754629,,0.754629,0.752793,0.754396,483.2974,481.8058,483.103671,515.248834,515.680983,515.300217
709,20000,8,0.754629,,0.754629,0.753344,0.754453,483.2974,482.4079,483.15002,515.248834,515.654652,515.286951
710,20000,8,0.754629,,0.754629,0.753344,0.754494,483.2974,482.4079,483.183054,515.248834,515.654652,515.277514
711,20000,8,0.754629,,0.754629,0.753344,0.754526,483.2974,482.4079,483.208466,515.248834,515.654652,515.268833
712,20000,8,0.754629,,0.754629,0.753344,0.754581,483.2974,482.4079,483.256744,515.248834,515.654652,515.258456
713,20000,8,0.754653,,0.754653,0.753344,0.754609,483.2974,482.4079,483.280883,515.229848,515.65465,515.253268
714,20000,8,0.754653,,0.754653,0.754629,0.754629,483.2974,483.2974,483.2974,515.229848,515.248834,515.248455
715,20000,8,0.754653,,0.754653,0.754629,0.754629,483.2974,483.2974,483.2974,515.229848,515.248834,515.248075
716,20000,8,0.754653,,0.754653,0.754629,0.754629,483.2974,483.2974,483.2974,515.229848,515.248834,515.248075
717,20000,8,0.754653,,0.754653,0.754629,0.75463,483.2974,483.2974,483.2974,515.229848,515.248834,515.247695
718,20000,8,0.754653,,0.754653,0.754629,0.75463,483.2974,483.2974,483.2974,515.229848,515.248834,515.247505
719,20000,8,0.754653,,0.754653,0.754629,0.754631,483.2974,483.2974,483.2974,515.229848,515.248834,515.246936
720,20000,8,0.754653,,0.754653,0.754629,0.754631,483.2974,483.2974,483.2974,515.229848,515.248834,515.246746
721,20000,8,0.754653,,0.754653,0.754629,0.754631,483.2974,483.2974,483.2974,515.229848,515.248834,515.246556
722,20000,8,0.754653,,0.754653,0.754629,0.754632,483.2974,483.2974,483.2974,515.229848,515.248834,515.245796
723,20000,8,0.754653,,0.754653,0.754629,0.754633,483.2974,483.2974,483.2974,515.229848,515.248834,515.245607
724,20000,8,0.754653,,0.754653,0.754629,0.754633,483.2974,483.2974,483.2974,515.229848,515.248834,515.245037
725,20000,8,0.754653,,0.754653,0.754629,0.754634,483.2974,483.2974,483.2974,515.229848,515.248834,515.244278
726,20000,8,0.754653,,0.754653,0.754629,0.754635,483.2974,483.2974,483.2974,515.229848,515.248834,515.243708
727,20000,8,0.754653,,0.754653,0.754629,0.754637,483.2974,483.2974,483.2974,515.229848,515.248834,515.242379
728,20000,8,0.754653,,0.754653,0.754629,0.754639,483.2974,483.2974,483.2974,515.229848,515.248834,515.24086
729,20000,8,0.754653,,0.754653,0.754629,0.75464,483.2974,483.2974,483.2974,515.229848,515.248834,515.239721
730,20000,8,0.754653,,0.754653,0.754629,0.754642,483.2974,483.2974,483.2974,515.229848,515.248834,515.238012
731,20000,8,0.754653,,0.754653,0.754629,0.754644,483.2974,483.2974,483.2974,515.229848,515.248834,515.237063
732,20000,8,0.754653,,0.754653,0.754629,0.754645,483.2974,483.2974,483.2974,515.229848,515.248834,515.235923
733,20000,8,0.754653,,0.754653,0.754629,0.754647,483.2974,483.2974,483.2974,515.229848,515.248834,515.234594
734,20000,8,0.754653,,0.754653,0.754629,0.754648,483.2974,483.2974,483.2974,515.229848,515.248834,515.233835
735,20000,8,0.754653,,0.754653,0.754629,0.754648,483.2974,483.2974,483.2974,515.229848,515.248834,515.233265
736,20000,8,0.754653,,0.754653,0.754629,0.75465,483.2974,483.2974,483.2974,515.229848,515.248834,515.232316
737,20000,8,0.754653,,0.754653,0.754629,0.75465,483.2974,483.2974,483.2974,515.229848,515.248834,515.231936
738,20000,8,0.754653,,0.754653,0.754629,0.754651,483.2974,483.2974,483.2974,515.229848,515.248834,515.231557
739,20000,8,0.754653,,0.754653,0.754629,0.754651,483.2974,483.2974,483.2974,515.229848,515.248834,515.230987
740,20000,8,0.754653,,0.754653,0.754629,0.754652,483.2974,483.2974,483.2974,515.229848,515.248834,515.230607
741,20000,8,0.754653,,0.754653,0.754629,0.754652,483.2974,483.2974,483.2974,515.229848,515.248834,515.230417
742,20000,8,0.754653,,0.754653,0.754629,0.754653,483.2974,483.2974,483.2974,515.229848,515.248834,515.230038
743,20000,8,0.754653,,0.754653,0.754653,0.754653,483.2974,483.2974,483.2974,515.229848,515.229848,515.229848
744,20000,8,0.754653,,0.754653,0.754653,0.754653,483.2974,483.2974,483.2974,515.229848,515.229848,515.229848
745,20000,8,0.754653,,0.754653,0.754653,0.754653,483.2974,483.2974,483.2974,515.229848,515.229848,515.229848
746,20000,8,0.754653,,0.754653,0.754653,0.754653,483.2974,483.2974,483.2974,515.229848,515.229848,515.229848
747,20000,8,0.754653,,0.754653,0.754653,0.754653,483.2974,483.2974,483.2974,515.229848,515.229848,515.229848
748,20000,8,0.754653,,0.754653,0.754653,0.754653,483.2974,483.2974,483.2974,515.229848,515.229848,515.229848
749,20000,8,0.754653,,0.754653,0.754653,0.754653,483.2974,483.2974,483.2974,515.229848,515.229848,515.229848
750,20000,8,0.754653,,0.754653,0.754653,0.754653,483.2974,483.2974,483.2974,515.229848,515.229848,515.229848
751,20000,8,0.754653,,0.754653,0.754653,0.754653,483.2974,483.2974,483.2974,515.229848,515.229848,515.229848
752,20000,8,0.755502,,0.755502,0.754653,0.754661,483.7042,483.2974,483.301468,514.840215,515.229848,515.225951
753,20000,8,0.755502,,0.755502,0.754653,0.75467,483.7042,483.2974,483.305536,514.840215,515.229848,515.222055
754,20000,8,0.755502,,0.755502,0.754653,0.754678,483.7042,483.2974,483.309604,514.840215,515.229848,515.218159
755,20000,8,0.755502,,0.755502,0.754653,0.754695,483.7042,483.2974,483.31774,514.840215,515.229848,515.210366
756,20000,8,0.755502,,0.755502,0.754653,0.754718,483.7042,483.2974,483.32891,514.840215,515.229848,515.200161
757,20000,8,0.755502,,0.755502,0.754653,0.754746,483.7042,483.2974,483.343114,514.840215,515.229848,515.187544
758,20000,8,0.755502,,0.755502,0.754653,0.754755,483.7042,483.2974,483.347182,514.840215,515.229848,515.183648
759,20000,8,0.755502,,0.755502,0.754653,0.754769,483.7042,483.2974,483.354284,514.840215,515.229848,515.177339
760,20000,8,0.755502,,0.755502,0.754653,0.754795,483.7042,483.2974,483.367454,514.840215,515.229848,515.166207
761,20000,8,0.755502,,0.755502,0.754653,0.754837,483.7042,483.2974,483.38876,514.840215,515.229848,515.147281
762,20000,8,0.755502,,0.755502,0.754653,0.754883,483.7042,483.2974,483.4111,514.840215,515.229848,515.126871
763,20000,8,0.755502,,0.755502,0.754653,0.754914,483.7042,483.2974,483.426338,514.840215,515.229848,515.11277
764,20000,8,0.755502,,0.755502,0.754653,0.754948,483.7042,483.2974,483.44261,514.840215,515.229848,515.097185
765,20000,8,0.755502,,0.755502,0.754653,0.755016,483.7042,483.2974,483.477086,514.840215,515.229848,515.067126
766,20000,8,0.755502,,0.755502,0.754653,0.755104,483.7042,483.2974,483.521698,514.840215,515.229848,515.028347
767,20000,8,0.755502,,0.755502,0.754653,0.755192,483.7042,483.2974,483.565344,514.840215,515.229848,514.989012
768,20000,8,0.755502,,0.755502,0.754653,0.755248,483.7042,483.2974,483.592786,514.840215,515.229848,514.963222
769,20000,8,0.755502,,0.755502,0.754653,0.755322,483.7042,483.2974,483.628364,514.840215,515.229848,514.929639
770,20000,8,0.755502,,0.755502,0.754653,0.755375,483.7042,483.2947,483.652745,514.840215,515.229848,514.904668
771,20000,8,0.755502,,0.755502,0.754855,0.75542,483.7042,483.2947,483.672187,514.840215,515.070546,514.88259
772,20000,8,0.755502,,0.755502,0.755223,0.755443,483.7042,483.6008,483.682486,514.840215,514.98863,514.871382
773,20000,8,0.755502,,0.755502,0.755223,0.755468,483.7042,483.6008,483.691792,514.840215,514.98863,514.858025
774,20000,8,0.755502,,0.755502,0.755223,0.755477,483.7042,483.6008,483.694894,514.840215,514.98863,514.853572
775,20000,8,0.755502,,0.755502,0.755223,0.755482,483.7042,483.6008,483.696962,514.840215,514.98863,514.850604
776,20000,8,0.755502,,0.755502,0.755223,0.755491,483.7042,483.6008,483.700064,514.840215,514.98863,514.846151
777,20000,8,0.755502,,0.755502,0.755223,0.755496,483.7042,483.6008,483.702132,514.840215,514.98863,514.843183
778,20000,8,0.755502,,0.755502,0.755223,0.755499,483.7042,483.6008,483.703166,514.840215,514.98863,514.841699
779,20000,8,0.755502,,0.755502,0.755502,0.755502,483.7042,483.7042,483.7042,514.840215,514.840215,514.840215
780,20000,8,0.755502,,0.755502,0.755502,0.755502,483.7042,483.7042,483.7042,514.840215,514.840215,514.840215
781,20000,8,0.755502,,0.755502,0.755502,0.755502,483.7042,483.7042,483.7042,514.840215,514.840215,514.840215
782,20000,8,0.755502,,0.755502,0.755502,0.755502,483.7042,483.7042,483.7042,514.840215,514.840215,514.840215
783,20000,8,0.755502,,0.755502,0.755502,0.755502,483.7042,483.7042,483.7042,514.840215,514.840215,514.840215
784,20000,8,0.755502,,0.755502,0.755502,0.755502,483.7042,483.7042,483.7042,514.840215,514.840215,514.840215
785,20000,8,0.755502,,0.755502,0.755502,0.755502,483.7042,483.7042,483.7042,514.840215,514.840215,514.840215
786,20000,8,0.755502,,0.755502,0.755502,0.755502,483.7042,483.7042,483.7042,514.840215,514.840215,514.840215
787,20000,8,0.755502,,0.755502,0.755502,0.755502,483.7042,483.7042,483.7042,514.840215,514.840215,514.840215
788,20000,8,0.755502,,0.755502,0.755502,0.755502,483.7042,483.7042,483.7042,514.840215,514.840215,514.840215
789,20000,8,0.755502,,0.755502,0.755502,0.755502,483.7042,483.7042,483.7042,514.840215,514.840215,514.840215
790,20000,8,0.755502,,0.755502,0.755502,0.755502,483.7042,483.7042,483.7042,514.840215,514.840215,514.840215
791,20000,8,0.755502,,0.755502,0.755502,0.755502,483.7042,483.7042,483.7042,514.840215,514.840215,514.840215
792,20000,8,0.755502,,0.755502,0.755502,0.755502,483.7042,483.7042,483.7042,514.840215,514.840215,514.840215
793,20000,8,0.755502,,0.755502,0.755502,0.755502,483.7042,483.7042,483.7042,514.840215,514.840215,514.840215
794,20000,8,0.755502,,0.755502,0.755502,0.755502,483.7042,483.7042,483.7042,514.840215,514.840215,514.840215
795,20000,8,0.755507,,0.755507,0.755502,0.755502,483.7042,483.7042,483.7042,514.836059,514.840215,514.840173
796,20000,8,0.755507,,0.755507,0.755502,0.755502,483.7042,483.7042,483.7042,514.836059,514.840215,514.840132
797,20000,8,0.755507,,0.755507,0.755502,0.755502,483.7042,483.7042,483.7042,514.836059,514.840215,514.84009
798,20000,8,0.755507,,0.755507,0.755502,0.755502,483.7042,483.7042,483.7042,514.836059,514.840215,514.840007
799,20000,8,0.755507,,0.755507,0.755502,0.755502,483.7042,483.7042,483.7042,514.836059,514.840215,514.839882
800,20000,8,0.755507,,0.755507,0.755502,0.755503,483.7042,483.7042,483.7042,514.836059,514.840215,514.839675
801,20000,8,0.755507,,0.755507,0.755502,0.755503,483.7042,483.7042,483.7042,514.836059,514.840215,514.839467
802,20000,8,0.755507,,0.755507,0.755502,0.755503,483.7042,483.7042,483.7042,514.836059,514.840215,514.839301
803,20000,8,0.755507,,0.755507,0.755502,0.755503,483.7042,483.7042,483.7042,514.836059,514.840215,514.839217
804,20000,8,0.755507,,0.755507,0.755502,0.755503,483.7042,483.7042,483.7042,514.836059,514.840215,514.839051
805,20000,8,0.755507,,0.755507,0.755502,0.755504,483.7042,483.7042,483.7042,514.836059,514.840215,514.838885
806,20000,8,0.755507,,0.755507,0.755502,0.755504,483.7042,483.7042,483.7042,514.836059,514.840215,514.838802
807,20000,8,0.755507,,0.755507,0.755502,0.755504,483.7042,483.7042,483.7042,514.836059,514.840215,514.838636
808,20000,8,0.755507,,0.755507,0.755502,0.755504,483.7042,483.7042,483.7042,514.836059,514.840215,514.838511
809,20000,8,0.755507,,0.755507,0.755502,0.755504,483.7042,483.7042,483.7042,514.836059,514.840215,514.838303
810,20000,8,0.755507,,0.755507,0.755502,0.755504,483.7042,483.7042,483.7042,514.836059,514.840215,514.838179
811,20000,8,0.755507,,0.755507,0.755502,0.755505,483.7042,483.7042,483.7042,514.836059,514.840215,514.838012
812,20000,8,0.755507,,0.755507,0.755502,0.755505,483.7042,483.7042,483.7042,514.836059,514.840215,514.837722
813,20000,8,0.755507,,0.755507,0.755502,0.755505,483.7042,483.7042,483.7042,514.836059,514.840215,514.837472
814,20000,8,0.755507,,0.755507,0.755502,0.755506,483.7042,483.7042,483.7042,514.836059,514.840215,514.837223
815,20000,8,0.755507,,0.755507,0.755502,0.755506,483.7042,483.7042,483.7042,514.836059,514.840215,514.836974
816,20000,8,0.755507,,0.755507,0.755502,0.755506,483.7042,483.7042,483.7042,514.836059,514.840215,514.836641
817,20000,8,0.755507,,0.755507,0.755502,0.755507,483.7042,483.7042,483.7042,514.836059,514.840215,514.836309
818,20000,8,0.755507,,0.755507,0.755502,0.755507,483.7042,483.7042,483.7042,514.836059,514.840215,514.836143
819,20000,8,0.755507,,0.755507,0.755507,0.755507,483.7042,483.7042,483.7042,514.836059,514.836059,514.836059
820,20000,8,0.755507,,0.755507,0.755507,0.755507,483.7042,483.7042,483.7042,514.836059,514.836059,514.836059
821,20000,8,0.755507,,0.755507,0.755507,0.755507,483.7042,483.7042,483.7042,514.836059,514.836059,514.836059
822,20000,8,0.755507,,0.755507,0.755507,0.755507,483.7042,483.7042,483.7042,514.836059,514.836059,514.836059
823,20000,8,0.755507,,0.755507,0.755507,0.755507,483.7042,483.7042,483.7042,514.836059,514.836059,514.836059
824,20000,8,0.755507,,0.755507,0.755507,0.755507,483.7042,483.7042,483.7042,514.836059,514.836059,514.836059
825,20000,8,0.755507,,0.755507,0.755507,0.755507,483.7042,483.7042,483.7042,514.836059,514.836059,514.836059
826,20000,8,0.755507,,0.755507,0.755507,0.755507,483.7042,483.7042,483.7042,514.836059,514.836059,514.836059
827,20000,8,0.755507,,0.755507,0.755507,0.755507,483.7042,483.7042,483.7042,514.836059,514.836059,514.836059
828,20000,8,0.755507,,0.755507,0.755507,0.755507,483.7042,483.7042,483.7042,514.836059,514.836059,514.836059
829,20000,8,0.755507,,0.755507,0.755507,0.755507,483.7042,483.7042,483.7042,514.836059,514.836059,514.836059
830,20000,8,0.755507,,0.755507,0.755507,0.755507,483.7042,483.7042,483.7042,514.836059,514.836059,514.836059
831,20000,8,0.755507,,0.755507,0.755507,0.755507,483.7042,483.7042,483.7042,514.836059,514.836059,514.836059
832,20000,8,0.755507,,0.755507,0.755507,0.755507,483.7042,483.7042,483.7042,514.836059,514.836059,514.836059
833,20000,8,0.755507,,0.755507,0.755507,0.755507,483.7042,483.7042,483.7042,514.836059,514.836059,514.836059
834,20000,8,0.755507,,0.755507,0.755507,0.755507,483.7042,483.7042,483.7042,514.836059,514.836059,514.836059
835,20000,8,0.755507,,0.755507,0.755507,0.755507,483.7042,483.7042,483.7042,514.836059,514.836059,514.836059
836,20000,8,0.755507,,0.755507,0.755507,0.755507,483.7042,483.7042,483.7042,514.836059,514.836059,514.836059
837,20000,8,0.755507,,0.755507,0.755507,0.755507,483.7042,483.7042,483.7042,514.836059,514.836059,514.836059
838,20000,8,0.755507,,0.755507,0.755507,0.755507,483.7042,483.7042,483.7042,514.836059,514.836059,514.836059
839,20000,8,0.755507,,0.755507,0.755507,0.755507,483.7042,483.7042,483.7042,514.836059,514.836059,514.836059
840,20000,8,0.755507,,0.755507,0.755507,0.755507,483.7042,483.7042,483.7042,514.836059,514.836059,514.836059
841,20000,8,0.755507,,0.755507,0.755507,0.755507,483.7042,483.7042,483.7042,514.836059,514.836059,514.836059
842,20000,8,0.755507,,0.755507,0.755507,0.755507,483.7042,483.7042,483.7042,514.836059,514.836059,514.836059
843,20000,8,0.755507,,0.755507,0.755507,0.755507,483.7042,483.7042,483.7042,514.836059,514.836059,514.836059
844,20000,8,0.755507,,0.755507,0.755507,0.755507,483.7042,483.7042,483.7042,514.836059,514.836059,514.836059
845,20000,8,0.755507,,0.755507,0.755507,0.755507,483.7042,483.7042,483.7042,514.836059,514.836059,514.836059
846,20000,8,0.755507,,0.755507,0.755507,0.755507,483.7042,483.7042,483.7042,514.836059,514.836059,514.836059
847,20000,8,0.755507,,0.755507,0.755507,0.755507,483.7042,483.7042,483.7042,514.836059,514.836059,514.836059
848,20000,8,0.755507,,0.755507,0.755507,0.755507,483.7042,483.7042,483.7042,514.836059,514.836059,514.836059
849,20000,8,0.755507,,0.755507,0.755507,0.755507,483.7042,483.7042,483.7042,514.836059,514.836059,514.836059
850,20000,8,0.755507,,0.755507,0.755507,0.755507,483.7042,483.7042,483.7042,514.836059,514.836059,514.836059
851,20000,8,0.755507,,0.755507,0.755507,0.755507,483.7042,483.7042,483.7042,514.836059,514.836059,514.836059
852,20000,8,0.755507,,0.755507,0.755507,0.755507,483.7042,483.7042,483.7042,514.836059,514.836059,514.836059
853,20000,8,0.755507,,0.755507,0.755507,0.755507,483.7042,483.7042,483.7042,514.836059,514.836059,514.836059
854,20000,8,0.755507,,0.755507,0.755507,0.755507,483.7042,483.7042,483.7042,514.836059,514.836059,514.836059
855,20000,8,0.755507,,0.755507,0.755507,0.755507,483.7042,483.7042,483.7042,514.836059,514.836059,514.836059
856,20000,8,0.755507,,0.755507,0.755507,0.755507,483.7042,483.7042,483.7042,514.836059,514.836059,514.836059
857,20000,8,0.755507,,0.755507,0.755507,0.755507,483.7042,483.7042,483.7042,514.836059,514.836059,514.836059
858,20000,8,0.755527,,0.755527,0.755507,0.755507,483.7042,483.7042,483.7042,514.820503,514.836059,514.835904
859,20000,8,0.755527,,0.755527,0.755507,0.755508,483.7042,483.7042,483.7042,514.820503,514.836059,514.835748
860,20000,8,0.755527,,0.755527,0.755507,0.755508,483.7042,483.7042,483.7042,514.820503,514.836059,514.835593
861,20000,8,0.755527,,0.755527,0.755507,0.755508,483.7042,483.7042,483.7042,514.820503,514.836059,514.835126
862,20000,8,0.755527,,0.755527,0.755507,0.755509,483.7042,483.7042,483.7042,514.820503,514.836059,514.834659
863,20000,8,0.755527,,0.755527,0.755507,0.75551,483.7042,483.7042,483.7042,514.820503,514.836059,514.834037
864,20000,8,0.755527,,0.755527,0.755507,0.75551,483.7042,483.7042,483.7042,514.820503,514.836059,514.833726
865,20000,8,0.755527,,0.755527,0.755507,0.755511,483.7042,483.7042,483.7042,514.820503,514.836059,514.833104
866,20000,8,0.755527,,0.755527,0.755507,0.755512,483.7042,483.7042,483.7042,514.820503,514.836059,514.832015
867,20000,8,0.755527,,0.755527,0.755507,0.755513,483.7042,483.7042,483.7042,514.820503,514.836059,514.831237
868,20000,8,0.755527,,0.755527,0.755507,0.755515,483.7042,483.7042,483.7042,514.820503,514.836059,514.830304
869,20000,8,0.755527,,0.755527,0.755507,0.755516,483.7042,483.7042,483.7042,514.820503,514.836059,514.82937
870,20000,8,0.755527,,0.755527,0.755507,0.755517,483.7042,483.7042,483.7042,514.820503,514.836059,514.828592
871,20000,8,0.755527,,0.755527,0.755507,0.755519,483.7042,483.7042,483.7042,514.820503,514.836059,514.826726
872,20000,8,0.755527,,0.755527,0.755507,0.755521,483.7042,483.7042,483.7042,514.820503,514.836059,514.825014
873,20000,8,0.755527,,0.755527,0.755507,0.755523,483.7042,483.7042,483.7042,514.820503,514.836059,514.82377
874,20000,8,0.755527,,0.755527,0.755507,0.755525,483.7042,483.7042,483.7042,514.820503,514.836059,514.822214
875,20000,8,0.755527,,0.755527,0.755507,0.755526,483.7042,483.7042,483.7042,514.820503,514.836059,514.821436
876,20000,8,0.755527,,0.755527,0.755507,0.755527,483.7042,483.7042,483.7042,514.820503,514.836059,514.82097
877,20000,8,0.755527,,0.755527,0.755507,0.755527,483.7042,483.7042,483.7042,514.820503,514.836059,514.820814
878,20000,8,0.755527,,0.755527,0.755507,0.755527,483.7042,483.7042,483.7042,514.820503,514.836059,514.820814
879,20000,8,0.755527,,0.755527,0.755527,0.755527,483.7042,483.7042,483.7042,514.820503,514.820503,514.820503
880,20000,8,0.755527,,0.755527,0.755527,0.755527,483.7042,483.7042,483.7042,514.820503,514.820503,514.820503
881,20000,8,0.755527,,0.755527,0.755527,0.755527,483.7042,483.7042,483.7042,514.820503,514.820503,514.820503
882,20000,8,0.755527,,0.755527,0.755527,0.755527,483.7042,483.7042,483.7042,514.820503,514.820503,514.820503
883,20000,8,0.755527,,0.755527,0.755527,0.755527,483.7042,483.7042,483.7042,514.820503,514.820503,514.820503
884,20000,8,0.755527,,0.755527,0.755527,0.755527,483.7042,483.7042,483.7042,514.820503,514.820503,514.820503
885,20000,8,0.755527,,0.755527,0.755527,0.755527,483.7042,483.7042,483.7042,514.820503,514.820503,514.820503
886,20000,8,0.755527,,0.755527,0.755527,0.755527,483.7042,483.7042,483.7042,514.820503,514.820503,514.820503
887,20000,8,0.755527,,0.755527,0.755527,0.755527,483.7042,483.7042,483.7042,514.820503,514.820503,514.820503
888,20000,8,0.755527,,0.755527,0.755527,0.755527,483.7042,483.7042,483.7042,514.820503,514.820503,514.820503
889,20000,8,0.755527,,0.755527,0.755527,0.755527,483.7042,483.7042,483.7042,514.820503,514.820503,514.820503
890,20000,8,0.755527,,0.755527,0.755527,0.755527,483.7042,483.7042,483.7042,514.820503,514.820503,514.820503
891,20000,8,0.755527,,0.755527,0.755527,0.755527,483.7042,483.7042,483.7042,514.820503,514.820503,514.820503
892,20000,8,0.755527,,0.755527,0.755527,0.755527,483.7042,483.7042,483.7042,514.820503,514.820503,514.820503
893,20000,8,0.755527,,0.755527,0.755527,0.755527,483.7042,483.7042,483.7042,514.820503,514.820503,514.820503
894,20000,8,0.755527,,0.755527,0.755527,0.755527,483.7042,483.7042,483.7042,514.820503,514.820503,514.820503
895,20000,8,0.755527,,0.755527,0.755527,0.755527,483.7042,483.7042,483.7042,514.820503,514.820503,514.820503
896,20000,8,0.755527,,0.755527,0.755527,0.755527,483.7042,483.7042,483.7042,514.820503,514.820503,514.820503
897,20000,8,0.755801,,0.755801,0.755527,0.75553,483.7042,483.7042,483.7042,514.606909,514.820503,514.818367
898,20000,8,0.755801,,0.755801,0.755527,0.755535,483.7042,483.7042,483.7042,514.606909,514.820503,514.814095
899,20000,8,0.755801,,0.755801,0.755527,0.755538,483.7042,483.7042,483.7042,514.606909,514.820503,514.811959
900,20000,8,0.755801,,0.755801,0.755527,0.755546,483.7042,483.7042,483.7042,514.606909,514.820503,514.805551
901,20000,8,0.755801,,0.755801,0.755527,0.755549,483.7042,483.7042,483.7042,514.606909,514.820503,514.803415
902,20000,8,0.755801,,0.755801,0.755527,0.755557,483.7042,483.7042,483.7042,514.606909,514.820503,514.797008
903,20000,8,0.755801,,0.755801,0.755527,0.75556,483.7042,483.7042,483.7042,514.606909,514.820503,514.794872
904,20000,8,0.755801,,0.755801,0.755527,0.755571,483.7042,483.7042,483.7042,514.606909,514.820503,514.786328
905,20000,8,0.755801,,0.755801,0.755527,0.755576,483.7042,483.7042,483.7042,514.606909,514.820503,514.782056
906,20000,8,0.755801,,0.755801,0.755527,0.75559,483.7042,483.7042,483.7042,514.606909,514.820503,514.771376
907,20000,8,0.755801,,0.755801,0.755527,0.755604,483.7042,483.7042,483.7042,514.606909,514.820503,514.760697
908,20000,8,0.755801,,0.755801,0.755527,0.755615,483.7042,483.7042,483.7042,514.606909,514.820503,514.752153
909,20000,8,0.755801,,0.755801,0.755527,0.75562,483.7042,483.7042,483.7042,514.606909,514.820503,514.747881
910,20000,8,0.755801,,0.755801,0.755527,0.755628,483.7042,483.7042,483.7042,514.606909,514.820503,514.741473
911,20000,8,0.755801,,0.755801,0.755527,0.755639,483.7042,483.7042,483.7042,514.606909,514.820503,514.732929
912,20000,8,0.755801,,0.755801,0.755527,0.755653,483.7042,483.7042,483.7042,514.606909,514.820503,514.72225
913,20000,8,0.755801,,0.755801,0.755527,0.755675,483.7042,483.7042,483.7042,514.606909,514.820503,514.705162
914,20000,8,0.755801,,0.755801,0.755527,0.755694,483.7042,483.7042,483.7042,514.606909,514.820503,514.690211
915,20000,8,0.755801,,0.755801,0.755527,0.755713,483.7042,483.7042,483.7042,514.606909,514.820503,514.675259
916,20000,8,0.755801,,0.755801,0.755527,0.755727,483.7042,483.7042,483.7042,514.606909,514.820503,514.66458
917,20000,8,0.755801,,0.755801,0.755527,0.755741,483.7042,483.7042,483.7042,514.606909,514.820503,514.6539
918,20000,8,0.755801,,0.755801,0.755527,0.755752,483.7042,483.7042,483.7042,514.606909,514.820503,514.645356
919,20000,8,0.755801,,0.755801,0.755527,0.75576,483.7042,483.7042,483.7042,514.606909,514.820503,514.638948
920,20000,8,0.755801,,0.755801,0.755527,0.755771,483.7042,483.7042,483.7042,514.606909,514.820503,514.630405
921,20000,8,0.755801,,0.755801,0.755527,0.755779,483.7042,483.7042,483.7042,514.606909,514.820503,514.623997
922,20000,8,0.755801,,0.755801,0.755527,0.75579,483.7042,483.7042,483.7042,514.606909,514.820503,514.615453
923,20000,8,0.755801,,0.755801,0.755801,0.755801,483.7042,483.7042,483.7042,514.606909,514.606909,514.606909
924,20000,8,0.755801,,0.755801,0.755801,0.755801,483.7042,483.7042,483.7042,514.606909,514.606909,514.606909
925,20000,8,0.755801,,0.755801,0.755801,0.755801,483.7042,483.7042,483.7042,514.606909,514.606909,514.606909
926,20000,8,0.755801,,0.755801,0.755801,0.755801,483.7042,483.7042,483.7042,514.606909,514.606909,514.606909
927,20000,8,0.755801,,0.755801,0.755801,0.755801,483.7042,483.7042,483.7042,514.606909,514.606909,514.606909
928,20000,8,0.755801,,0.755801,0.755801,0.755801,483.7042,483.7042,483.7042,514.606909,514.606909,514.606909
929,20000,8,0.755849,,0.755849,0.755801,0.755801,483.7042,483.7042,483.7042,514.569338,514.606909,514.606534
930,20000,8,0.755849,,0.755849,0.755801,0.755802,483.7042,483.7042,483.7042,514.569338,514.606909,514.605782
931,20000,8,0.755849,,0.755849,0.755801,0.755803,483.7042,483.7042,483.7042,514.569338,514.606909,514.605406
932,20000,8,0.755849,,0.755849,0.755801,0.755803,483.7042,483.7042,483.7042,514.569338,514.606909,514.605031
933,20000,8,0.755849,,0.755849,0.755801,0.755804,483.7042,483.7042,483.7042,514.569338,514.606909,514.604655
934,20000,8,0.755849,,0.755849,0.755801,0.755806,483.7042,483.7042,483.7042,514.569338,514.606909,514.603152
935,20000,8,0.755849,,0.755849,0.755801,0.755807,483.7042,483.7042,483.7042,514.569338,514.606909,514.602025
936,20000,8,0.755849,,0.755849,0.755801,0.75581,483.7042,483.7042,483.7042,514.569338,514.606909,514.600146
937,20000,8,0.755849,,0.755849,0.755801,0.755812,483.7042,483.7042,483.7042,514.569338,514.606909,514.598268
938,20000,8,0.755849,,0.755849,0.755801,0.755813,483.7042,483.7042,483.7042,514.569338,514.606909,514.597892
939,20000,8,0.755849,,0.755849,0.755801,0.755814,483.7042,483.7042,483.7042,514.569338,514.606909,514.596765
940,20000,8,0.755849,,0.755849,0.755801,0.755815,483.7042,483.7042,483.7042,514.569338,514.606909,514.596014
941,20000,8,0.755849,,0.755849,0.755801,0.755816,483.7042,483.7042,483.7042,514.569338,514.606909,514.595262
942,20000,8,0.755849,,0.755849,0.755801,0.755818,483.7042,483.7042,483.7042,514.569338,514.606909,514.593384
943,20000,8,0.755849,,0.755849,0.755801,0.755821,483.7042,483.7042,483.7042,514.569338,514.606909,514.591505
944,20000,8,0.755849,,0.755849,0.755801,0.755822,483.7042,483.7042,483.7042,514.569338,514.606909,514.590378
945,20000,8,0.755849,,0.755849,0.755801,0.755825,483.7042,483.7042,483.7042,514.569338,514.606909,514.588499
946,20000,8,0.755849,,0.755849,0.755801,0.755827,483.7042,483.7042,483.7042,514.569338,514.606909,514.586997
947,20000,8,0.755849,,0.755849,0.755801,0.755829,483.7042,483.7042,483.7042,514.569338,514.606909,514.584742
948,20000,8,0.755849,,0.755849,0.755801,0.755831,483.7042,483.7042,483.7042,514.569338,514.606909,514.583615
949,20000,8,0.755849,,0.755849,0.755801,0.755832,483.7042,483.7042,483.7042,514.569338,514.606909,514.582488
950,20000,8,0.755849,,0.755849,0.755801,0.755834,483.7042,483.7042,483.7042,514.569338,514.606909,514.580985
951,20000,8,0.755849,,0.755849,0.755801,0.755836,483.7042,483.7042,483.7042,514.569338,514.606909,514.579482
952,20000,8,0.755849,,0.755849,0.755801,0.755839,483.7042,483.7042,483.7042,514.569338,514.606909,514.577604
953,20000,8,0.755849,,0.755849,0.755801,0.755842,483.7042,483.7042,483.7042,514.569338,514.606909,514.574974
954,20000,8,0.755849,,0.755849,0.755801,0.755844,483.7042,483.7042,483.7042,514.569338,514.606909,514.573471
955,20000,8,0.755849,,0.755849,0.755801,0.755844,483.7042,483.7042,483.7042,514.569338,514.606909,514.573095
956,20000,8,0.755849,,0.755849,0.755801,0.755846,483.7042,483.7042,483.7042,514.569338,514.606909,514.571593
957,20000,8,0.755849,,0.755849,0.755801,0.755847,483.7042,483.7042,483.7042,514.569338,514.606909,514.571217
958,20000,8,0.755849,,0.755849,0.755801,0.755848,483.7042,483.7042,483.7042,514.569338,514.606909,514.57009
959,20000,8,0.755849,,0.755849,0.755849,0.755849,483.7042,483.7042,483.7042,514.569338,514.569338,514.569338
960,20000,8,0.755849,,0.755849,0.755849,0.755849,483.7042,483.7042,483.7042,514.569338,514.569338,514.569338
961,20000,8,0.755849,,0.755849,0.755849,0.755849,483.7042,483.7042,483.7042,514.569338,514.569338,514.569338
962,20000,8,0.755849,,0.755849,0.755849,0.755849,483.7042,483.7042,483.7042,514.569338,514.569338,514.569338
963,20000,8,0.755926,,0.755926,0.755849,0.75585,483.7042,483.7042,483.7042,514.509231,514.569338,514.568737
964,20000,8,0.755926,,0.755926,0.755849,0.755851,483.7042,483.7042,483.7042,514.509231,514.569338,514.568136
965,20000,8,0.755926,,0.755926,0.755849,0.755851,483.7042,483.7042,483.7042,514.509231,514.569338,514.568136
966,20000,8,0.755926,,0.755926,0.755849,0.755852,483.7042,483.7042,483.7042,514.509231,514.569338,514.566934
967,20000,8,0.755926,,0.755926,0.755849,0.755852,483.7042,483.7042,483.7042,514.509231,514.569338,514.566934
968,20000,8,0.755926,,0.755926,0.755849,0.755853,483.7042,483.7042,483.7042,514.509231,514.569338,514.566333
969,20000,8,0.755926,,0.755926,0.755849,0.755854,483.7042,483.7042,483.7042,514.509231,514.569338,514.565732
970,20000,8,0.755926,,0.755926,0.755849,0.755855,483.7042,483.7042,483.7042,514.509231,514.569338,514.565131
971,20000,8,0.755926,,0.755926,0.755849,0.755855,483.7042,483.7042,483.7042,514.509231,514.569338,514.56453
972,20000,8,0.755926,,0.755926,0.755849,0.755858,483.7042,483.7042,483.7042,514.509231,514.569338,514.562726
973,20000,8,0.755926,,0.755926,0.755849,0.755859,483.7042,483.7042,483.7042,514.509231,514.569338,514.561524
974,20000,8,0.755926,,0.755926,0.755849,0.755861,483.7042,483.7042,483.7042,514.509231,514.569338,514.560322
975,20000,8,0.755926,,0.755926,0.755849,0.755863,483.7042,483.7042,483.7042,514.509231,514.569338,514.558519
976,20000,8,0.755926,,0.755926,0.755849,0.755866,483.7042,483.7042,483.7042,514.509231,514.569338,514.556115
977,20000,8,0.755926,,0.755926,0.755849,0.755868,483.7042,483.7042,483.7042,514.509231,514.569338,514.554312
978,20000,8,0.755926,,0.755926,0.755849,0.755872,483.7042,483.7042,483.7042,514.509231,514.569338,514.551907
979,20000,8,0.755926,,0.755926,0.755849,0.755876,483.7042,483.7042,483.7042,514.509231,514.569338,514.548301
980,20000,8,0.755926,,0.755926,0.755849,0.755881,483.7042,483.7042,483.7042,514.509231,514.569338,514.544694
981,20000,8,0.755926,,0.755926,0.755849,0.755885,483.7042,483.7042,483.7042,514.509231,514.569338,514.541088
982,20000,8,0.755926,,0.755926,0.755849,0.755888,483.7042,483.7042,483.7042,514.509231,514.569338,514.538684
983,20000,8,0.755926,,0.755926,0.755849,0.755891,483.7042,483.7042,483.7042,514.509231,514.569338,514.536881
984,20000,8,0.755926,,0.755926,0.755849,0.755895,483.7042,483.7042,483.7042,514.509231,514.569338,514.533875
985,20000,8,0.755926,,0.755926,0.755849,0.755896,483.7042,483.7042,483.7042,514.509231,514.569338,514.532673
986,20000,8,0.755926,,0.755926,0.755849,0.755901,483.7042,483.7042,483.7042,514.509231,514.569338,514.529067
987,20000,8,0.755926,,0.755926,0.755849,0.755905,483.7042,483.7042,483.7042,514.509231,514.569338,514.526061
988,20000,8,0.755926,,0.755926,0.755849,0.755908,483.7042,483.7042,483.7042,514.509231,514.569338,514.523657
989,20000,8,0.756124,,0.756124,0.755849,0.755912,483.7042,483.7042,483.7042,514.354674,514.569338,514.520308
990,20000,8,0.756124,,0.756124,0.755849,0.755915,483.7042,483.7042,483.7042,514.354674,514.569338,514.517904
991,20000,8,0.756124,,0.756124,0.755849,0.755919,483.7042,483.7042,483.7042,514.354674,514.569338,514.514555
992,20000,8,0.756124,,0.756124,0.755849,0.75593,483.7042,483.7042,483.7042,514.354674,514.569338,514.506312
993,20000,8,0.756124,,0.756124,0.755849,0.755937,483.7042,483.7042,483.7042,514.354674,514.569338,514.501074
994,20000,8,0.756124,,0.756124,0.755849,0.755944,483.7042,483.7042,483.7042,514.354674,514.569338,514.495235
995,20000,8,0.756124,,0.756124,0.755849,0.755952,483.7737,483.7042,483.704895,514.354674,514.569338,514.489431
996,20000,8,0.756124,,0.756124,0.755849,0.755953,483.7737,483.7042,483.704895,514.354674,514.569338,514.488829
997,20000,8,0.756124,,0.756124,0.755926,0.755963,483.7737,483.7042,483.70559,514.354674,514.509231,514.481136
998,20000,8,0.756124,,0.756124,0.755926,0.755969,483.7737,483.7042,483.706285,514.354674,514.509231,514.477134
999,20000,8,0.756124,,0.756124,0.755926,0.755979,483.7737,483.7042,483.706285,514.354674,514.509231,514.469406
1000,20000,8,0.756124,,0.756124,0.755926,0.755987,483.7737,483.7042,483.706285,514.354674,514.509231,514.463224
1001,20000,8,0.756124,,0.756124,0.755926,0.756005,483.7737,483.7042,483.70698,514.354674,514.509231,514.449948
1002,20000,8,0.756124,,0.756124,0.755926,0.756016,483.7737,483.7042,483.707675,514.354674,514.509231,514.44131
1003,20000,8,0.756124,,0.756124,0.755926,0.756035,483.7737,483.7042,483.70976,514.354674,514.509231,514.427759
1004,20000,8,0.756124,,0.756124,0.755926,0.756044,483.7737,483.7042,483.709065,514.354674,514.509231,514.420942
1005,20000,8,0.756124,,0.756124,0.755926,0.756059,483.7737,483.7042,483.70976,514.354674,514.509231,514.409212
1006,20000,8,0.756124,,0.756124,0.755926,0.75607,483.7737,483.7042,483.70837,514.354674,514.509231,514.400214
1007,20000,8,0.756124,,0.756124,0.755926,0.756076,483.7737,483.7042,483.70698,514.354674,514.509231,514.394308
1008,20000,8,0.756124,,0.756124,0.755926,0.756078,483.7737,483.7042,483.70559,514.354674,514.509231,514.391492
1009,20000,8,0.756124,,0.756124,0.755926,0.756089,483.7042,483.7042,483.7042,514.354674,514.509231,514.382494
1010,20000,8,0.756124,,0.756124,0.755926,0.756099,483.7042,483.7042,483.7042,514.354674,514.509231,514.374766
1011,20000,8,0.756124,,0.756124,0.755926,0.756105,483.7042,483.7042,483.7042,514.354674,514.509231,514.370129
1012,20000,8,0.756124,,0.756124,0.755926,0.756109,483.7042,483.7042,483.7042,514.354674,514.509231,514.367038
1013,20000,8,0.756124,,0.756124,0.755926,0.756114,483.7042,483.7042,483.7042,514.354674,514.509231,514.362401
1014,20000,8,0.756124,,0.756124,0.755926,0.756118,483.7042,483.7042,483.7042,514.354674,514.509231,514.35931
1015,20000,8,0.756124,,0.756124,0.755926,0.75612,483.7042,483.7042,483.7042,514.354674,514.509231,514.357765
1016,20000,8,0.756124,,0.756124,0.755926,0.75612,483.7042,483.7042,483.7042,514.354674,514.509231,514.357765
1017,20000,8,0.756124,,0.756124,0.756124,0.756124,483.7042,483.7042,483.7042,514.354674,514.354674,514.354674
1018,20000,8,0.756124,,0.756124,0.756124,0.756124,483.7042,483.7042,483.7042,514.354674,514.354674,514.354674
1019,20000,8,0.756124,,0.756124,0.756124,0.756124,483.7042,483.7042,483.7042,514.354674,514.354674,514.354674
1020,20000,8,0.756124,,0.756124,0.756124,0.756124,483.7042,483.7042,483.7042,514.354674,514.354674,514.354674
1021,20000,8,0.756124,,0.756124,0.756124,0.756124,483.7042,483.7042,483.7042,514.354674,514.354674,514.354674
1022,20000,8,0.756787,,0.756787,0.756124,0.756131,484.007,483.7042,483.707228,514.040869,514.354674,514.351536
1023,20000,8,0.756787,,0.756787,0.756124,0.756138,484.007,483.7042,483.710256,514.040869,514.354674,514.348397
1024,20000,8,0.756787,,0.756787,0.756124,0.756144,484.007,483.7042,483.713284,514.040869,514.354674,514.345259
1025,20000,8,0.756787,,0.756787,0.756124,0.756144,484.007,483.7042,483.713284,514.040869,514.354674,514.345259
1026,20000,8,0.756787,,0.756787,0.756124,0.756164,484.007,483.7042,483.722368,514.040869,514.354674,514.335845
1027,20000,8,0.756787,,0.756787,0.756124,0.756184,484.007,483.7042,483.731452,514.040869,514.354674,514.326431
1028,20000,8,0.756787,,0.756787,0.756124,0.756217,484.007,483.7042,483.746592,514.040869,514.354674,514.310741
1029,20000,8,0.756787,,0.756787,0.756124,0.756269,484.0974,483.7042,483.77172,514.040869,514.354674,514.287337
1030,20000,8,0.756787,,0.756787,0.756124,0.756308,484.0974,483.7042,483.789888,514.040869,514.354674,514.268509
1031,20000,8,0.756858,,0.756858,0.756124,0.756373,484.3976,483.7042,483.825882,514.040869,514.354674,514.242594
1032,20000,8,0.756858,,0.756858,0.756124,0.756413,484.3976,483.7042,483.850984,514.040869,514.757722,514.227797
1033,20000,8,0.756858,,0.756858,0.756124,0.756455,484.3976,483.7042,483.877842,514.040869,514.354674,514.213196
1034,20000,8,0.756858,,0.756858,0.756124,0.756502,484.3976,483.7042,483.91166,514.040869,514.354674,514.199123
1035,20000,8,0.756858,,0.756858,0.756124,0.756557,484.3976,483.7042,483.94072,514.040869,514.359653,514.175769
1036,20000,8,0.756858,,0.756858,0.756124,0.756615,484.3976,483.7042,483.977592,514.040869,514.359653,514.155057
1037,20000,8,0.756858,,0.756858,0.756124,0.75666,484.3976,483.7042,484.010242,514.040869,514.359653,514.142008
1038,20000,8,0.756858,,0.756858,0.756124,0.756698,484.3976,483.7042,484.034699,514.040869,514.359653,514.128778
1039,20000,8,0.756858,,0.756858,0.756124,0.756737,484.3976,483.7042,484.072371,514.040869,514.359653,514.123773
1040,20000,8,0.756858,,0.756858,0.756124,0.756768,484.3976,483.7042,484.108248,514.040869,514.359653,514.12369
1041,20000,8,0.756858,,0.756858,0.756646,0.756789,484.3976,484.007,484.132026,514.040869,514.247311,514.122847
1042,20000,8,0.756858,,0.756858,0.756646,0.756796,484.3976,484.007,484.16718,514.040869,514.247311,514.141427
1043,20000,8,0.756858,,0.756858,0.756646,0.756808,484.3976,484.007,484.21134,514.040869,514.247311,514.161097
1044,20000,8,0.756858,,0.756858,0.756646,0.756818,484.3976,484.007,484.248592,514.040869,514.247311,514.17834
1045,20000,8,0.756858,,0.756858,0.756646,0.756826,484.3976,484.007,484.282842,514.040869,514.247311,514.195219
1046,20000,8,0.756858,,0.756858,0.756646,0.756832,484.3976,484.007,484.30928,514.040869,514.247311,514.207969
1047,20000,8,0.756858,,0.756858,0.756646,0.756837,484.3976,484.007,484.332716,514.040869,514.247311,514.220356
1048,20000,8,0.756858,,0.756858,0.756646,0.756841,484.3976,484.007,484.347436,514.040869,514.247311,514.226913
1049,20000,8,0.756858,,0.756858,0.756646,0.756845,484.3976,484.007,484.362156,514.040869,514.247311,514.23347
1050,20000,8,0.756858,,0.756858,0.756646,0.756846,484.3976,484.007,484.369968,514.040869,514.247311,514.237598
1051,20000,8,0.756858,,0.756858,0.756646,0.756851,484.3976,484.007,484.375972,514.040869,514.247311,514.238326
1052,20000,8,0.756858,,0.756858,0.756646,0.756853,484.3976,484.007,484.378974,514.040869,514.247311,514.238689
1053,20000,8,0.756858,,0.756858,0.756787,0.756856,484.3976,484.007,484.389788,514.040869,514.247311,514.243182
1054,20000,8,0.756858,,0.756858,0.756858,0.756858,484.3976,484.3976,484.3976,514.247311,514.247311,514.247311
1055,20000,8,0.756858,,0.756858,0.756858,0.756858,484.3976,484.3976,484.3976,514.247311,514.247311,514.247311
1056,20000,8,0.756858,,0.756858,0.756858,0.756858,484.3976,484.3976,484.3976,514.247311,514.247311,514.247311
1057,20000,8,0.756858,,0.756858,0.756858,0.756858,484.3976,484.3976,484.3976,514.247311,514.247311,514.247311
1058,20000,8,0.756858,,0.756858,0.756858,0.756858,484.3976,484.3976,484.3976,514.247311,514.247311,514.247311
1059,20000,8,0.756858,,0.756858,0.756858,0.756858,484.3976,484.3976,484.3976,514.247311,514.247311,514.247311
1060,20000,8,0.756858,,0.756858,0.756858,0.756858,484.3976,484.3976,484.3976,514.247311,514.247311,514.247311
1061,20000,8,0.756858,,0.756858,0.756858,0.756858,484.3976,484.3976,484.3976,514.247311,514.247311,514.247311
1062,20000,8,0.756858,,0.756858,0.756858,0.756858,484.3976,484.3976,484.3976,514.247311,514.247311,514.247311
1063,20000,8,0.756858,,0.756858,0.756858,0.756858,484.3976,484.3976,484.3976,514.247311,514.247311,514.247311
1064,20000,8,0.756858,,0.756858,0.756858,0.756858,484.3976,484.3976,484.3976,514.247311,514.247311,514.247311
1065,20000,8,0.756858,,0.756858,0.756858,0.756858,484.3976,484.3976,484.3976,514.247311,514.247311,514.247311
1066,20000,8,0.756858,,0.756858,0.756858,0.756858,484.3976,484.3976,484.3976,514.247311,514.247311,514.247311
1067,20000,8,0.756858,,0.756858,0.756858,0.756858,484.3976,484.3976,484.3976,514.247311,514.247311,514.247311
1068,20000,8,0.756858,,0.756858,0.756858,0.756858,484.3976,484.3976,484.3976,514.247311,514.247311,514.247311
1069,20000,8,0.756858,,0.756858,0.756858,0.756858,484.3976,484.3976,484.3976,514.247311,514.247311,514.247311
1070,20000,8,0.756858,,0.756858,0.756858,0.756858,484.3976,484.3976,484.3976,514.247311,514.247311,514.247311
1071,20000,8,0.756858,,0.756858,0.756858,0.756858,484.3976,484.3976,484.3976,514.247311,514.247311,514.247311
1072,20000,8,0.756858,,0.756858,0.756858,0.756858,484.3976,484.3976,484.3976,514.247311,514.247311,514.247311
1073,20000,8,0.756858,,0.756858,0.756858,0.756858,484.3976,484.3976,484.3976,514.247311,514.247311,514.247311
1074,20000,8,0.756858,,0.756858,0.756858,0.756858,484.3976,484.3976,484.3976,514.247311,514.247311,514.247311
1075,20000,8,0.756858,,0.756858,0.756858,0.756858,484.3976,484.3976,484.3976,514.247311,514.247311,514.247311
1076,20000,8,0.756858,,0.756858,0.756858,0.756858,484.3976,484.3976,484.3976,514.247311,514.247311,514.247311
1077,20000,8,0.756858,,0.756858,0.756858,0.756858,484.3976,484.3976,484.3976,514.247311,514.247311,514.247311
1078,20000,8,0.756858,,0.756858,0.756858,0.756858,484.3976,484.3976,484.3976,514.247311,514.247311,514.247311
1079,20000,8,0.756858,,0.756858,0.756858,0.756858,484.3976,484.3976,484.3976,514.247311,514.247311,514.247311
1080,20000,8,0.756858,,0.756858,0.756858,0.756858,484.3976,484.3976,484.3976,514.247311,514.247311,514.247311
1081,20000,8,0.756858,,0.756858,0.756858,0.756858,484.3976,484.3976,484.3976,514.247311,514.247311,514.247311
1082,20000,8,0.756858,,0.756858,0.756858,0.756858,484.3976,484.3976,484.3976,514.247311,514.247311,514.247311
1083,20000,8,0.756858,,0.756858,0.756858,0.756858,484.3976,484.3976,484.3976,514.247311,514.247311,514.247311
1084,20000,8,0.756858,,0.756858,0.756858,0.756858,484.3976,484.3976,484.3976,514.247311,514.247311,514.247311
1085,20000,8,0.756858,,0.756858,0.756858,0.756858,484.3976,484.3976,484.3976,514.247311,514.247311,514.247311
1086,20000,8,0.756858,,0.756858,0.756858,0.756858,484.3976,484.3976,484.3976,514.247311,514.247311,514.247311
1087,20000,8,0.756858,,0.756858,0.756858,0.756858,484.3976,484.3976,484.3976,514.247311,514.247311,514.247311
1088,20000,8,0.756858,,0.756858,0.756858,0.756858,484.3976,484.3976,484.3976,514.247311,514.247311,514.247311
1089,20000,8,0.756858,,0.756858,0.756858,0.756858,484.3976,484.3976,484.3976,514.247311,514.247311,514.247311
1090,20000,8,0.756858,,0.756858,0.756858,0.756858,484.3976,484.3976,484.3976,514.247311,514.247311,514.247311
1091,20000,8,0.756858,,0.756858,0.756858,0.756858,484.3976,484.3976,484.3976,514.247311,514.247311,514.247311
1092,20000,8,0.756858,,0.756858,0.756858,0.756858,484.3976,484.3976,484.3976,514.247311,514.247311,514.247311
1093,20000,8,0.756858,,0.756858,0.756858,0.756858,484.3976,484.3976,484.3976,514.247311,514.247311,514.247311
1094,20000,8,0.756863,,0.756863,0.756858,0.756858,484.3976,484.3976,484.3976,514.242945,514.247311,514.247267
1095,20000,8,0.756863,,0.756863,0.756858,0.756858,484.3976,484.3976,484.3976,514.242945,514.247311,514.247267
1096,20000,8,0.756863,,0.756863,0.756858,0.756858,484.3976,484.3976,484.3976,514.242945,514.247311,514.247223
1097,20000,8,0.756863,,0.756863,0.756858,0.756858,484.3976,484.3976,484.3976,514.242945,514.247311,514.24718
1098,20000,8,0.756863,,0.756863,0.756858,0.756858,484.3976,484.3976,484.3976,514.242945,514.247311,514.247049
1099,20000,8,0.756863,,0.756863,0.756858,0.756858,484.3976,484.3976,484.3976,514.242945,514.247311,514.246874
1100,20000,8,0.756863,,0.756863,0.756858,0.756859,484.3976,484.3976,484.3976,514.242945,514.247311,514.246656
1101,20000,8,0.756863,,0.756863,0.756858,0.756859,484.3976,484.3976,484.3976,514.242945,514.247311,514.246437
1102,20000,8,0.756863,,0.756863,0.756858,0.756859,484.3976,484.3976,484.3976,514.242945,514.247311,514.246045
1103,20000,8,0.756863,,0.756863,0.756858,0.75686,484.3976,484.3976,484.3976,514.242945,514.247311,514.24587
1104,20000,8,0.756863,,0.756863,0.756858,0.75686,484.3976,484.3976,484.3976,514.242945,514.247311,514.245608
1105,20000,8,0.756863,,0.756863,0.756858,0.75686,484.3976,484.3976,484.3976,514.242945,514.247311,514.245346
1106,20000,8,0.756863,,0.756863,0.756858,0.756861,484.3976,484.3976,484.3976,514.242945,514.247311,514.24504
1107,20000,8,0.756863,,0.756863,0.756858,0.756861,484.3976,484.3976,484.3976,514.242945,514.247311,514.244691
1108,20000,8,0.756863,,0.756863,0.756858,0.756862,484.3976,484.3976,484.3976,514.242945,514.247311,514.244342
1109,20000,8,0.756863,,0.756863,0.756858,0.756862,484.3976,484.3976,484.3976,514.242945,514.247311,514.24408
1110,20000,8,0.756863,,0.756863,0.756858,0.756862,484.3976,484.3976,484.3976,514.242945,514.247311,514.243905
1111,20000,8,0.756863,,0.756863,0.756858,0.756862,484.3976,484.3976,484.3976,514.242945,514.247311,514.243731
1112,20000,8,0.756863,,0.756863,0.756858,0.756863,484.3976,484.3976,484.3976,514.242945,514.247311,514.243556
1113,20000,8,0.756863,,0.756863,0.756858,0.756863,484.3976,484.3976,484.3976,514.242945,514.247311,514.243469
1114,20000,8,0.756863,,0.756863,0.756858,0.756863,484.3976,484.3976,484.3976,514.242945,514.247311,514.243294
1115,20000,8,0.756863,,0.756863,0.756858,0.756863,484.3976,484.3976,484.3976,514.242945,514.247311,514.243119
1116,20000,8,0.756863,,0.756863,0.756863,0.756863,484.3976,484.3976,484.3976,514.242945,514.242945,514.242945
1117,20000,8,0.756863,,0.756863,0.756863,0.756863,484.3976,484.3976,484.3976,514.242945,514.242945,514.242945
1118,20000,8,0.756863,,0.756863,0.756863,0.756863,484.3976,484.3976,484.3976,514.242945,514.242945,514.242945
1119,20000,8,0.756863,,0.756863,0.756863,0.756863,484.3976,484.3976,484.3976,514.242945,514.242945,514.242945
1120,20000,8,0.756863,,0.756863,0.756863,0.756863,484.3976,484.3976,484.3976,514.242945,514.242945,514.242945
1121,20000,8,0.756863,,0.756863,0.756863,0.756863,484.3976,484.3976,484.3976,514.242945,514.242945,514.242945
1122,20000,8,0.756863,,0.756863,0.756863,0.756863,484.3976,484.3976,484.3976,514.242945,514.242945,514.242945
1123,20000,8,0.756863,,0.756863,0.756863,0.756863,484.3976,484.3976,484.3976,514.242945,514.242945,514.242945
1124,20000,8,0.756863,,0.756863,0.756863,0.756863,484.3976,484.3976,484.3976,514.242945,514.242945,514.242945
1125,20000,8,0.756863,,0.756863,0.756863,0.756863,484.3976,484.3976,484.3976,514.242945,514.242945,514.242945
1126,20000,8,0.756863,,0.756863,0.756863,0.756863,484.3976,484.3976,484.3976,514.242945,514.242945,514.242945
1127,20000,8,0.756863,,0.756863,0.756863,0.756863,484.3976,484.3976,484.3976,514.242945,514.242945,514.242945
1128,20000,8,0.756863,,0.756863,0.756863,0.756863,484.3976,484.3976,484.3976,514.242945,514.242945,514.242945
1129,20000,8,0.756863,,0.756863,0.756863,0.756863,484.3976,484.3976,484.3976,514.242945,514.242945,514.242945
1130,20000,8,0.756863,,0.756863,0.756863,0.756863,484.3976,484.3976,484.3976,514.242945,514.242945,514.242945
1131,20000,8,0.756863,,0.756863,0.756863,0.756863,484.3976,484.3976,484.3976,514.242945,514.242945,514.242945
1132,20000,8,0.756863,,0.756863,0.756863,0.756863,484.3976,484.3976,484.3976,514.242945,514.242945,514.242945
1133,20000,8,0.756863,,0.756863,0.756863,0.756863,484.3976,484.3976,484.3976,514.242945,514.242945,514.242945
1134,20000,8,0.756863,,0.756863,0.756863,0.756863,484.3976,484.3976,484.3976,514.242945,514.242945,514.242945
1135,20000,8,0.756863,,0.756863,0.756863,0.756863,484.3976,484.3976,484.3976,514.242945,514.242945,514.242945
1136,20000,8,0.756863,,0.756863,0.756863,0.756863,484.3976,484.3976,484.3976,514.242945,514.242945,514.242945
1137,20000,8,0.756863,,0.756863,0.756863,0.756863,484.3976,484.3976,484.3976,514.242945,514.242945,514.242945
1138,20000,8,0.756863,,0.756863,0.756863,0.756863,484.3976,484.3976,484.3976,514.242945,514.242945,514.242945
1139,20000,8,0.756863,,0.756863,0.756863,0.756863,484.3976,484.3976,484.3976,514.242945,514.242945,514.242945
1140,20000,8,0.756863,,0.756863,0.756863,0.756863,484.3976,484.3976,484.3976,514.242945,514.242945,514.242945
1141,20000,8,0.756863,,0.756863,0.756863,0.756863,484.3976,484.3976,484.3976,514.242945,514.242945,514.242945
1142,20000,8,0.756863,,0.756863,0.756863,0.756863,484.3976,484.3976,484.3976,514.242945,514.242945,514.242945
1143,20000,8,0.756863,,0.756863,0.756863,0.756863,484.3976,484.3976,484.3976,514.242945,514.242945,514.242945
1144,20000,8,0.756863,,0.756863,0.756863,0.756863,484.3976,484.3976,484.3976,514.242945,514.242945,514.242945
1145,20000,8,0.756863,,0.756863,0.756863,0.756863,484.3976,484.3976,484.3976,514.242945,514.242945,514.242945
1146,20000,8,0.756863,,0.756863,0.756863,0.756863,484.3976,484.3976,484.3976,514.242945,514.242945,514.242945
1147,20000,8,0.756863,,0.756863,0.756863,0.756863,484.3976,484.3976,484.3976,514.242945,514.242945,514.242945
1148,20000,8,0.756863,,0.756863,0.756863,0.756863,484.3976,484.3976,484.3976,514.242945,514.242945,514.242945
1149,20000,8,0.756863,,0.756863,0.756863,0.756863,484.3976,484.3976,484.3976,514.242945,514.242945,514.242945
1150,20000,8,0.756863,,0.756863,0.756863,0.756863,484.3976,484.3976,484.3976,514.242945,514.242945,514.242945
1151,20000,8,0.756863,,0.756863,0.756863,0.756863,484.3976,484.3976,484.3976,514.242945,514.242945,514.242945
1152,20000,8,0.756863,,0.756863,0.756863,0.756863,484.3976,484.3976,484.3976,514.242945,514.242945,514.242945
1153,20000,8,0.756863,,0.756863,0.756863,0.756863,484.3976,484.3976,484.3976,514.242945,514.242945,514.242945
1154,20000,8,0.756863,,0.756863,0.756863,0.756863,484.3976,484.3976,484.3976,514.242945,514.242945,514.242945
1155,20000,8,0.756863,,0.756863,0.756863,0.756863,484.3976,484.3976,484.3976,514.242945,514.242945,514.242945
1156,20000,8,0.756863,,0.756863,0.756863,0.756863,484.3976,484.3976,484.3976,514.242945,514.242945,514.242945
1157,20000,8,0.756863,,0.756863,0.756863,0.756863,484.3976,484.3976,484.3976,514.242945,514.242945,514.242945
1158,20000,8,0.756863,,0.756863,0.756863,0.756863,484.3976,484.3976,484.3976,514.242945,514.242945,514.242945
1159,20000,8,0.756863,,0.756863,0.756863,0.756863,484.3976,484.3976,484.3976,514.242945,514.242945,514.242945
1160,20000,8,0.756863,,0.756863,0.756863,0.756863,484.3976,484.3976,484.3976,514.242945,514.242945,514.242945
1161,20000,8,0.756863,,0.756863,0.756863,0.756863,484.3976,484.3976,484.3976,514.242945,514.242945,514.242945
1162,20000,8,0.756863,,0.756863,0.756863,0.756863,484.3976,484.3976,484.3976,514.242945,514.242945,514.242945
1163,20000,8,0.756863,,0.756863,0.756863,0.756863,484.3976,484.3976,484.3976,514.242945,514.242945,514.242945
1164,20000,8,0.756863,,0.756863,0.756863,0.756863,484.3976,484.3976,484.3976,514.242945,514.242945,514.242945
1165,20000,8,0.756863,,0.756863,0.756863,0.756863,484.3976,484.3976,484.3976,514.242945,514.242945,514.242945
1166,20000,8,0.756863,,0.756863,0.756863,0.756863,484.3976,484.3976,484.3976,514.242945,514.242945,514.242945
1167,20000,8,0.756863,,0.756863,0.756863,0.756863,484.3976,484.3976,484.3976,514.242945,514.242945,514.242945
1168,20000,8,0.756863,,0.756863,0.756863,0.756863,484.3976,484.3976,484.3976,514.242945,514.242945,514.242945
1169,20000,8,0.756863,,0.756863,0.756863,0.756863,484.3976,484.3976,484.3976,514.242945,514.242945,514.242945
1170,20000,8,0.756863,,0.756863,0.756863,0.756863,484.3976,484.3976,484.3976,514.242945,514.242945,514.242945
1171,20000,8,0.756863,,0.756863,0.756863,0.756863,484.3976,484.3976,484.3976,514.242945,514.242945,514.242945
1172,20000,8,0.756863,,0.756863,0.756863,0.756863,484.3976,484.3976,484.3976,514.242945,514.242945,514.242945
1173,20000,8,0.756863,,0.756863,0.756863,0.756863,484.3976,484.3976,484.3976,514.242945,514.242945,514.242945
1174,20000,8,0.756863,,0.756863,0.756863,0.756863,484.3976,484.3976,484.3976,514.242945,514.242945,514.242945
1175,20000,8,0.756863,,0.756863,0.756863,0.756863,484.3976,484.3976,484.3976,514.242945,514.242945,514.242945
1176,20000,8,0.756863,,0.756863,0.756863,0.756863,484.3976,484.3976,484.3976,514.242945,514.242945,514.242945
1177,20000,8,0.756863,,0.756863,0.756863,0.756863,484.3976,484.3976,484.3976,514.242945,514.242945,514.242945
1178,20000,8,0.756863,,0.756863,0.756863,0.756863,484.3976,484.3976,484.3976,514.242945,514.242945,514.242945
1179,20000,8,0.756863,,0.756863,0.756863,0.756863,484.3976,484.3976,484.3976,514.242945,514.242945,514.242945
1180,20000,8,0.756863,,0.756863,0.756863,0.756863,484.3976,484.3976,484.3976,514.242945,514.242945,514.242945
1181,20000,8,0.756863,,0.756863,0.756863,0.756863,484.3976,484.3976,484.3976,514.242945,514.242945,514.242945
1182,20000,8,0.756863,,0.756863,0.756863,0.756863,484.3976,484.3976,484.3976,514.242945,514.242945,514.242945
1183,20000,8,0.756863,,0.756863,0.756863,0.756863,484.3976,484.3976,484.3976,514.242945,514.242945,514.242945
1184,20000,8,0.756863,,0.756863,0.756863,0.756863,484.3976,484.3976,484.3976,514.242945,514.242945,514.242945
1185,20000,8,0.756863,,0.756863,0.756863,0.756863,484.3976,484.3976,484.3976,514.242945,514.242945,514.242945
1186,20000,8,0.756863,,0.756863,0.756863,0.756863,484.3976,484.3976,484.3976,514.242945,514.242945,514.242945
1187,20000,8,0.756863,,0.756863,0.756863,0.756863,484.3976,484.3976,484.3976,514.242945,514.242945,514.242945
1188,20000,8,0.756863,,0.756863,0.756863,0.756863,484.3976,484.3976,484.3976,514.242945,514.242945,514.242945
1189,20000,8,0.756863,,0.756863,0.756863,0.756863,484.3976,484.3976,484.3976,514.242945,514.242945,514.242945
1190,20000,8,0.756863,,0.756863,0.756863,0.756863,484.3976,484.3976,484.3976,514.242945,514.242945,514.242945
1191,20000,8,0.756863,,0.756863,0.756863,0.756863,484.3976,484.3976,484.3976,514.242945,514.242945,514.242945
1192,20000,8,0.756863,,0.756863,0.756863,0.756863,484.3976,484.3976,484.3976,514.242945,514.242945,514.242945
1193,20000,8,0.756863,,0.756863,0.756863,0.756863,484.3976,484.3976,484.3976,514.242945,514.242945,514.242945
1194,20000,8,0.756863,,0.756863,0.756863,0.756863,484.3976,484.3976,484.3976,514.242945,514.242945,514.242945
1195,20000,8,0.756863,,0.756863,0.756863,0.756863,484.3976,484.3976,484.3976,514.242945,514.242945,514.242945
1196,20000,8,0.756863,,0.756863,0.756863,0.756863,484.3976,484.3976,484.3976,514.242945,514.242945,514.242945
1197,20000,8,0.756863,,0.756863,0.756863,0.756863,484.3976,484.3976,484.3976,514.242945,514.242945,514.242945
1198,20000,8,0.756863,,0.756863,0.756863,0.756863,484.3976,484.3976,484.3976,514.242945,514.242945,514.242945
1199,20000,8,0.756863,,0.756863,0.756863,0.756863,484.3976,484.3976,484.3976,514.242945,514.242945,514.242945
1200,20000,8,0.756863,,0.756863,0.756863,0.756863,484.3976,484.3976,484.3976,514.242945,514.242945,514.242945
1201,20000,8,0.756863,,0.756863,0.756863,0.756863,484.3976,484.3976,484.3976,514.242945,514.242945,514.242945
1202,20000,8,0.756863,,0.756863,0.756863,0.756863,484.3976,484.3976,484.3976,514.242945,514.242945,514.242945
1203,20000,8,0.756863,,0.756863,0.756863,0.756863,484.3976,484.3976,484.3976,514.242945,514.242945,514.242945
1204,20000,8,0.756863,,0.756863,0.756863,0.756863,484.3976,484.3976,484.3976,514.242945,514.242945,514.242945
1205,20000,8,0.756863,,0.756863,0.756863,0.756863,484.3976,484.3976,484.3976,514.242945,514.242945,514.242945
1206,20000,8,0.756863,,0.756863,0.756863,0.756863,484.3976,484.3976,484.3976,514.242945,514.242945,514.242945
1207,20000,8,0.756863,,0.756863,0.756863,0.756863,484.3976,484.3976,484.3976,514.242945,514.242945,514.242945
1208,20000,8,0.756863,,0.756863,0.756863,0.756863,484.3976,484.3976,484.3976,514.242945,514.242945,514.242945
1209,20000,8,0.756863,,0.756863,0.756863,0.756863,484.3976,484.3976,484.3976,514.242945,514.242945,514.242945
1210,20000,8,0.756863,,0.756863,0.756863,0.756863,484.3976,484.3976,484.3976,514.242945,514.242945,514.242945
1211,20000,8,0.756863,,0.756863,0.756863,0.756863,484.3976,484.3976,484.3976,514.242945,514.242945,514.242945
1212,20000,8,0.756863,,0.756863,0.756863,0.756863,484.3976,484.3976,484.3976,514.242945,514.242945,514.242945
1213,20000,8,0.756863,,0.756863,0.756863,0.756863,484.3976,484.3976,484.3976,514.242945,514.242945,514.242945
1214,20000,8,0.756863,,0.756863,0.756863,0.756863,484.3976,484.3976,484.3976,514.242945,514.242945,514.242945
1215,20000,8,0.756863,,0.756863,0.756863,0.756863,484.3976,484.3976,484.3976,514.242945,514.242945,514.242945
1216,20000,8,0.756863,,0.756863,0.756863,0.756863,484.3976,484.3976,484.3976,514.242945,514.242945,514.242945
1217,20000,8,0.756863,,0.756863,0.756863,0.756863,484.3976,484.3976,484.3976,514.242945,514.242945,514.242945
1218,20000,8,0.756863,,0.756863,0.756863,0.756863,484.3976,484.3976,484.3976,514.242945,514.242945,514.242945
1219,20000,8,0.756863,,0.756863,0.756863,0.756863,484.3976,484.3976,484.3976,514.242945,514.242945,514.242945
1220,20000,8,0.756863,,0.756863,0.756863,0.756863,484.3976,484.3976,484.3976,514.242945,514.242945,514.242945
1221,20000,8,0.756863,,0.756863,0.756863,0.756863,484.3976,484.3976,484.3976,514.242945,514.242945,514.242945
1222,20000,8,0.756863,,0.756863,0.756863,0.756863,484.3976,484.3976,484.3976,514.242945,514.242945,514.242945
1223,20000,8,0.756907,,0.756907,0.756863,0.756864,484.3976,484.3976,484.3976,514.208572,514.242945,514.242601
1224,20000,8,0.756907,,0.756907,0.756863,0.756864,484.3976,484.3976,484.3976,514.208572,514.242945,514.242601
1225,20000,8,0.756907,,0.756907,0.756863,0.756864,484.3976,484.3976,484.3976,514.208572,514.242945,514.242257
1226,20000,8,0.756907,,0.756907,0.756863,0.756864,484.3976,484.3976,484.3976,514.208572,514.242945,514.242257
1227,20000,8,0.756907,,0.756907,0.756863,0.756864,484.3976,484.3976,484.3976,514.208572,514.242945,514.242257
1228,20000,8,0.756907,,0.756907,0.756863,0.756864,484.3976,484.3976,484.3976,514.208572,514.242945,514.242257
1229,20000,8,0.756907,,0.756907,0.756863,0.756865,484.3976,484.3976,484.3976,514.208572,514.242945,514.24157
1230,20000,8,0.756907,,0.756907,0.756863,0.756866,484.3976,484.3976,484.3976,514.208572,514.242945,514.240882
1231,20000,8,0.756907,,0.756907,0.756863,0.756866,484.3976,484.3976,484.3976,514.208572,514.242945,514.240882
1232,20000,8,0.756907,,0.756907,0.756863,0.756866,484.3976,484.3976,484.3976,514.208572,514.242945,514.240539
1233,20000,8,0.756907,,0.756907,0.756863,0.756867,484.3976,484.3976,484.3976,514.208572,514.242945,514.239851
1234,20000,8,0.756907,,0.756907,0.756863,0.756868,484.3976,484.3976,484.3976,514.208572,514.242945,514.239164
1235,20000,8,0.756907,,0.756907,0.756863,0.756869,484.3976,484.3976,484.3976,514.208572,514.242945,514.23882
1236,20000,8,0.756907,,0.756907,0.756863,0.756869,484.3976,484.3976,484.3976,514.208572,514.242945,514.238476
1237,20000,8,0.756907,,0.756907,0.756863,0.756871,484.3976,484.3976,484.3976,514.208572,514.242945,514.236758
1238,20000,8,0.756907,,0.756907,0.756863,0.756872,484.3976,484.3976,484.3976,514.208572,514.242945,514.23607
1239,20000,8,0.756907,,0.756907,0.756863,0.756874,484.3976,484.3976,484.3976,514.208572,514.242945,514.234695
1240,20000,8,0.756907,,0.756907,0.756863,0.756876,484.3976,484.3976,484.3976,514.208572,514.242945,514.232977
1241,20000,8,0.756907,,0.756907,0.756863,0.756879,484.3976,484.3976,484.3976,514.208572,514.242945,514.230571
1242,20000,8,0.756907,,0.756907,0.756863,0.756881,484.3976,484.3976,484.3976,514.208572,514.242945,514.229196
1243,20000,8,0.756907,,0.756907,0.756863,0.756884,484.3976,484.3976,484.3976,514.208572,514.242945,514.227133
1244,20000,8,0.756907,,0.756907,0.756863,0.756887,484.3976,484.3976,484.3976,514.208572,514.242945,514.224384
1245,20000,8,0.756907,,0.756907,0.756863,0.75689,484.3976,484.3976,484.3976,514.208572,514.242945,514.221978
1246,20000,8,0.756907,,0.756907,0.756863,0.756894,484.3976,484.3976,484.3976,514.208572,514.242945,514.219228
1247,20000,8,0.756907,,0.756907,0.756863,0.756896,484.3976,484.3976,484.3976,514.208572,514.242945,514.217509
1248,20000,8,0.756907,,0.756907,0.756863,0.756897,484.3976,484.3976,484.3976,514.208572,514.242945,514.216478
1249,20000,8,0.756907,,0.756907,0.756863,0.756899,484.3976,484.3976,484.3976,514.208572,514.242945,514.214759
1250,20000,8,0.756907,,0.756907,0.756863,0.756902,484.3976,484.3976,484.3976,514.208572,514.242945,514.213041
1251,20000,8,0.756907,,0.756907,0.756863,0.756903,484.3976,484.3976,484.3976,514.208572,514.242945,514.21201
1252,20000,8,0.756907,,0.756907,0.756863,0.756903,484.3976,484.3976,484.3976,514.208572,514.242945,514.211666
1253,20000,8,0.756907,,0.756907,0.756863,0.756905,484.3976,484.3976,484.3976,514.208572,514.242945,514.210635
1254,20000,8,0.756907,,0.756907,0.756863,0.756906,484.3976,484.3976,484.3976,514.208572,514.242945,514.209604
1255,20000,8,0.756907,,0.756907,0.756863,0.756906,484.3976,484.3976,484.3976,514.208572,514.242945,514.20926
1256,20000,8,0.756907,,0.756907,0.756863,0.756906,484.3976,484.3976,484.3976,514.208572,514.242945,514.20926
1257,20000,8,0.756907,,0.756907,0.756907,0.756907,484.3976,484.3976,484.3976,514.208572,514.208572,514.208572
1258,20000,8,0.756907,,0.756907,0.756907,0.756907,484.3976,484.3976,484.3976,514.208572,514.208572,514.208572
1259,20000,8,0.756907,,0.756907,0.756907,0.756907,484.3976,484.3976,484.3976,514.208572,514.208572,514.208572
1260,20000,8,0.756907,,0.756907,0.756907,0.756907,484.3976,484.3976,484.3976,514.208572,514.208572,514.208572
1261,20000,8,0.756907,,0.756907,0.756907,0.756907,484.3976,484.3976,484.3976,514.208572,514.208572,514.208572
1262,20000,8,0.756907,,0.756907,0.756907,0.756907,484.3976,484.3976,484.3976,514.208572,514.208572,514.208572
1263,20000,8,0.756907,,0.756907,0.756907,0.756907,484.3976,484.3976,484.3976,514.208572,514.208572,514.208572
1264,20000,8,0.756907,,0.756907,0.756907,0.756907,484.3976,484.3976,484.3976,514.208572,514.208572,514.208572
1265,20000,8,0.756907,,0.756907,0.756907,0.756907,484.3976,484.3976,484.3976,514.208572,514.208572,514.208572
1266,20000,8,0.756907,,0.756907,0.756907,0.756907,484.3976,484.3976,484.3976,514.208572,514.208572,514.208572
1267,20000,8,0.756907,,0.756907,0.756907,0.756907,484.3976,484.3976,484.3976,514.208572,514.208572,514.208572
1268,20000,8,0.756907,,0.756907,0.756907,0.756907,484.3976,484.3976,484.3976,514.208572,514.208572,514.208572
1269,20000,8,0.756907,,0.756907,0.756907,0.756907,484.3976,484.3976,484.3976,514.208572,514.208572,514.208572
1270,20000,8,0.756907,,0.756907,0.756907,0.756907,484.3976,484.3976,484.3976,514.208572,514.208572,514.208572
1271,20000,8,0.756907,,0.756907,0.756907,0.756907,484.3976,484.3976,484.3976,514.208572,514.208572,514.208572
1272,20000,8,0.756907,,0.756907,0.756907,0.756907,484.3976,484.3976,484.3976,514.208572,514.208572,514.208572
1273,20000,8,0.756907,,0.756907,0.756907,0.756907,484.3976,484.3976,484.3976,514.208572,514.208572,514.208572
1274,20000,8,0.756907,,0.756907,0.756907,0.756907,484.3976,484.3976,484.3976,514.208572,514.208572,514.208572
1275,20000,8,0.756907,,0.756907,0.756907,0.756907,484.3976,484.3976,484.3976,514.208572,514.208572,514.208572
1276,20000,8,0.756907,,0.756907,0.756907,0.756907,484.3976,484.3976,484.3976,514.208572,514.208572,514.208572
1277,20000,8,0.756907,,0.756907,0.756907,0.756907,484.3976,484.3976,484.3976,514.208572,514.208572,514.208572
1278,20000,8,0.756907,,0.756907,0.756907,0.756907,484.3976,484.3976,484.3976,514.208572,514.208572,514.208572
1279,20000,8,0.756907,,0.756907,0.756907,0.756907,484.3976,484.3976,484.3976,514.208572,514.208572,514.208572
1280,20000,8,0.756907,,0.756907,0.756907,0.756907,484.3976,484.3976,484.3976,514.208572,514.208572,514.208572
1281,20000,8,0.756907,,0.756907,0.756907,0.756907,484.3976,484.3976,484.3976,514.208572,514.208572,514.208572
1282,20000,8,0.756907,,0.756907,0.756907,0.756907,484.3976,484.3976,484.3976,514.208572,514.208572,514.208572
1283,20000,8,0.756907,,0.756907,0.756907,0.756907,484.3976,484.3976,484.3976,514.208572,514.208572,514.208572
1284,20000,8,0.756907,,0.756907,0.756907,0.756907,484.3976,484.3976,484.3976,514.208572,514.208572,514.208572
1285,20000,8,0.756907,,0.756907,0.756907,0.756907,484.3976,484.3976,484.3976,514.208572,514.208572,514.208572
1286,20000,8,0.756907,,0.756907,0.756907,0.756907,484.3976,484.3976,484.3976,514.208572,514.208572,514.208572
1287,20000,8,0.756907,,0.756907,0.756907,0.756907,484.3976,484.3976,484.3976,514.208572,514.208572,514.208572
1288,20000,8,0.756907,,0.756907,0.756907,0.756907,484.3976,484.3976,484.3976,514.208572,514.208572,514.208572
1289,20000,8,0.756907,,0.756907,0.756907,0.756907,484.3976,484.3976,484.3976,514.208572,514.208572,514.208572
1290,20000,8,0.756907,,0.756907,0.756907,0.756907,484.3976,484.3976,484.3976,514.208572,514.208572,514.208572
1291,20000,8,0.756907,,0.756907,0.756907,0.756907,484.3976,484.3976,484.3976,514.208572,514.208572,514.208572
1292,20000,8,0.756907,,0.756907,0.756907,0.756907,484.3976,484.3976,484.3976,514.208572,514.208572,514.208572
1293,20000,8,0.756907,,0.756907,0.756907,0.756907,484.3976,484.3976,484.3976,514.208572,514.208572,514.208572
1294,20000,8,0.756907,,0.756907,0.756907,0.756907,484.3976,484.3976,484.3976,514.208572,514.208572,514.208572
1295,20000,8,0.756907,,0.756907,0.756907,0.756907,484.3976,484.3976,484.3976,514.208572,514.208572,514.208572
1296,20000,8,0.756907,,0.756907,0.756907,0.756907,484.3976,484.3976,484.3976,514.208572,514.208572,514.208572
1297,20000,8,0.756907,,0.756907,0.756907,0.756907,484.3976,484.3976,484.3976,514.208572,514.208572,514.208572
1298,20000,8,0.756907,,0.756907,0.756907,0.756907,484.3976,484.3976,484.3976,514.208572,514.208572,514.208572
1299,20000,8,0.756907,,0.756907,0.756907,0.756907,484.3976,484.3976,484.3976,514.208572,514.208572,514.208572
1300,20000,8,0.756907,,0.756907,0.756907,0.756907,484.3976,484.3976,484.3976,514.208572,514.208572,514.208572
1301,20000,8,0.756907,,0.756907,0.756907,0.756907,484.3976,484.3976,484.3976,514.208572,514.208572,514.208572
1302,20000,8,0.756907,,0.756907,0.756907,0.756907,484.3976,484.3976,484.3976,514.208572,514.208572,514.208572
1303,20000,8,0.756907,,0.756907,0.756907,0.756907,484.3976,484.3976,484.3976,514.208572,514.208572,514.208572
1304,20000,8,0.756907,,0.756907,0.756907,0.756907,484.3976,484.3976,484.3976,514.208572,514.208572,514.208572
1305,20000,8,0.756907,,0.756907,0.756907,0.756907,484.3976,484.3976,484.3976,514.208572,514.208572,514.208572
1306,20000,8,0.756907,,0.756907,0.756907,0.756907,484.3976,484.3976,484.3976,514.208572,514.208572,514.208572
1307,20000,8,0.756907,,0.756907,0.756907,0.756907,484.3976,484.3976,484.3976,514.208572,514.208572,514.208572
1308,20000,8,0.756907,,0.756907,0.756907,0.756907,484.3976,484.3976,484.3976,514.208572,514.208572,514.208572
1309,20000,8,0.756907,,0.756907,0.756907,0.756907,484.3976,484.3976,484.3976,514.208572,514.208572,514.208572
1310,20000,8,0.756907,,0.756907,0.756907,0.756907,484.3976,484.3976,484.3976,514.208572,514.208572,514.208572
1311,20000,8,0.756907,,0.756907,0.756907,0.756907,484.3976,484.3976,484.3976,514.208572,514.208572,514.208572
1312,20000,8,0.756907,,0.756907,0.756907,0.756907,484.3976,484.3976,484.3976,514.208572,514.208572,514.208572
1313,20000,8,0.756907,,0.756907,0.756907,0.756907,484.3976,484.3976,484.3976,514.208572,514.208572,514.208572
1314,20000,8,0.756907,,0.756907,0.756907,0.756907,484.3976,484.3976,484.3976,514.208572,514.208572,514.208572
1315,20000,8,0.756907,,0.756907,0.756907,0.756907,484.3976,484.3976,484.3976,514.208572,514.208572,514.208572
1316,20000,8,0.756907,,0.756907,0.756907,0.756907,484.3976,484.3976,484.3976,514.208572,514.208572,514.208572
1317,20000,8,0.756907,,0.756907,0.756907,0.756907,484.3976,484.3976,484.3976,514.208572,514.208572,514.208572
1318,20000,8,0.756907,,0.756907,0.756907,0.756907,484.3976,484.3976,484.3976,514.208572,514.208572,514.208572
1319,20000,8,0.756907,,0.756907,0.756907,0.756907,484.3976,484.3976,484.3976,514.208572,514.208572,514.208572
1320,20000,8,0.756907,,0.756907,0.756907,0.756907,484.3976,484.3976,484.3976,514.208572,514.208572,514.208572
1321,20000,8,0.756907,,0.756907,0.756907,0.756907,484.3976,484.3976,484.3976,514.208572,514.208572,514.208572
1322,20000,8,0.756907,,0.756907,0.756907,0.756907,484.3976,484.3976,484.3976,514.208572,514.208572,514.208572
1323,20000,8,0.756907,,0.756907,0.756907,0.756907,484.3976,484.3976,484.3976,514.208572,514.208572,514.208572
1324,20000,8,0.756907,,0.756907,0.756907,0.756907,484.3976,484.3976,484.3976,514.208572,514.208572,514.208572
1325,20000,8,0.756907,,0.756907,0.756907,0.756907,484.3976,484.3976,484.3976,514.208572,514.208572,514.208572
1326,20000,8,0.756907,,0.756907,0.756907,0.756907,484.3976,484.3976,484.3976,514.208572,514.208572,514.208572
1327,20000,8,0.756907,,0.756907,0.756907,0.756907,484.3976,484.3976,484.3976,514.208572,514.208572,514.208572
1328,20000,8,0.756907,,0.756907,0.756907,0.756907,484.3976,484.3976,484.3976,514.208572,514.208572,514.208572
1329,20000,8,0.756907,,0.756907,0.756907,0.756907,484.3976,484.3976,484.3976,514.208572,514.208572,514.208572
1330,20000,8,0.756907,,0.756907,0.756907,0.756907,484.3976,484.3976,484.3976,514.208572,514.208572,514.208572
1331,20000,8,0.756907,,0.756907,0.756907,0.756907,484.3976,484.3976,484.3976,514.208572,514.208572,514.208572
1332,20000,8,0.756907,,0.756907,0.756907,0.756907,484.3976,484.3976,484.3976,514.208572,514.208572,514.208572
1333,20000,8,0.756907,,0.756907,0.756907,0.756907,484.3976,484.3976,484.3976,514.208572,514.208572,514.208572
1334,20000,8,0.756907,,0.756907,0.756907,0.756907,484.3976,484.3976,484.3976,514.208572,514.208572,514.208572
1335,20000,8,0.756907,,0.756907,0.756907,0.756907,484.3976,484.3976,484.3976,514.208572,514.208572,514.208572
1336,20000,8,0.756907,,0.756907,0.756907,0.756907,484.3976,484.3976,484.3976,514.208572,514.208572,514.208572
1337,20000,8,0.756907,,0.756907,0.756907,0.756907,484.3976,484.3976,484.3976,514.208572,514.208572,514.208572
1338,20000,8,0.756907,,0.756907,0.756907,0.756907,484.3976,484.3976,484.3976,514.208572,514.208572,514.208572
1339,20000,8,0.756907,,0.756907,0.756907,0.756907,484.3976,484.3976,484.3976,514.208572,514.208572,514.208572
1340,20000,8,0.756907,,0.756907,0.756907,0.756907,484.3976,484.3976,484.3976,514.208572,514.208572,514.208572
1341,20000,8,0.756907,,0.756907,0.756907,0.756907,484.3976,484.3976,484.3976,514.208572,514.208572,514.208572
1342,20000,8,0.756907,,0.756907,0.756907,0.756907,484.3976,484.3976,484.3976,514.208572,514.208572,514.208572
1343,20000,8,0.756907,,0.756907,0.756907,0.756907,484.3976,484.3976,484.3976,514.208572,514.208572,514.208572
1344,20000,8,0.756907,,0.756907,0.756907,0.756907,484.3976,484.3976,484.3976,514.208572,514.208572,514.208572
1345,20000,8,0.756907,,0.756907,0.756907,0.756907,484.3976,484.3976,484.3976,514.208572,514.208572,514.208572
1346,20000,8,0.756907,,0.756907,0.756907,0.756907,484.3976,484.3976,484.3976,514.208572,514.208572,514.208572
1347,20000,8,0.756907,,0.756907,0.756907,0.756907,484.3976,484.3976,484.3976,514.208572,514.208572,514.208572
1348,20000,8,0.756907,,0.756907,0.756907,0.756907,484.3976,484.3976,484.3976,514.208572,514.208572,514.208572
1349,20000,8,0.756907,,0.756907,0.756907,0.756907,484.3976,484.3976,484.3976,514.208572,514.208572,514.208572
1350,20000,8,0.756907,,0.756907,0.756907,0.756907,484.3976,484.3976,484.3976,514.208572,514.208572,514.208572
1351,20000,8,0.756907,,0.756907,0.756907,0.756907,484.3976,484.3976,484.3976,514.208572,514.208572,514.208572
1352,20000,8,0.756907,,0.756907,0.756907,0.756907,484.3976,484.3976,484.3976,514.208572,514.208572,514.208572
1353,20000,8,0.756907,,0.756907,0.756907,0.756907,484.3976,484.3976,484.3976,514.208572,514.208572,514.208572
1354,20000,8,0.756907,,0.756907,0.756907,0.756907,484.3976,484.3976,484.3976,514.208572,514.208572,514.208572
1355,20000,8,0.756907,,0.756907,0.756907,0.756907,484.3976,484.3976,484.3976,514.208572,514.208572,514.208572
1356,20000,8,0.756907,,0.756907,0.756907,0.756907,484.3976,484.3976,484.3976,514.208572,514.208572,514.208572
1357,20000,8,0.756907,,0.756907,0.756907,0.756907,484.3976,484.3976,484.3976,514.208572,514.208572,514.208572
1358,20000,8,0.756907,,0.756907,0.756907,0.756907,484.3976,484.3976,484.3976,514.208572,514.208572,514.208572
1359,20000,8,0.756907,,0.756907,0.756907,0.756907,484.3976,484.3976,484.3976,514.208572,514.208572,514.208572
1360,20000,8,0.756907,,0.756907,0.756907,0.756907,484.3976,484.3976,484.3976,514.208572,514.208572,514.208572
1361,20000,8,0.756907,,0.756907,0.756907,0.756907,484.3976,484.3976,484.3976,514.208572,514.208572,514.208572
1362,20000,8,0.756907,,0.756907,0.756907,0.756907,484.3976,484.3976,484.3976,514.208572,514.208572,514.208572
1363,20000,8,0.756907,,0.756907,0.756907,0.756907,484.3976,484.3976,484.3976,514.208572,514.208572,514.208572
1364,20000,8,0.756907,,0.756907,0.756907,0.756907,484.3976,484.3976,484.3976,514.208572,514.208572,514.208572
1365,20000,8,0.756907,,0.756907,0.756907,0.756907,484.3976,484.3976,484.3976,514.208572,514.208572,514.208572
1366,20000,8,0.756907,,0.756907,0.756907,0.756907,484.3976,484.3976,484.3976,514.208572,514.208572,514.208572
1367,20000,8,0.756907,,0.756907,0.756907,0.756907,484.3976,484.3976,484.3976,514.208572,514.208572,514.208572
1368,20000,8,0.756907,,0.756907,0.756907,0.756907,484.3976,484.3976,484.3976,514.208572,514.208572,514.208572
1369,20000,8,0.756907,,0.756907,0.756907,0.756907,484.3976,484.3976,484.3976,514.208572,514.208572,514.208572
1370,20000,8,0.756907,,0.756907,0.756907,0.756907,484.3976,484.3976,484.3976,514.208572,514.208572,514.208572
1371,20000,8,0.756907,,0.756907,0.756907,0.756907,484.3976,484.3976,484.3976,514.208572,514.208572,514.208572
1372,20000,8,0.756907,,0.756907,0.756907,0.756907,484.3976,484.3976,484.3976,514.208572,514.208572,514.208572
1373,20000,8,0.756907,,0.756907,0.756907,0.756907,484.3976,484.3976,484.3976,514.208572,514.208572,514.208572
1374,20000,8,0.756907,,0.756907,0.756907,0.756907,484.3976,484.3976,484.3976,514.208572,514.208572,514.208572
1375,20000,8,0.756907,,0.756907,0.756907,0.756907,484.3976,484.3976,484.3976,514.208572,514.208572,514.208572
1376,20000,8,0.756907,,0.756907,0.756907,0.756907,484.3976,484.3976,484.3976,514.208572,514.208572,514.208572
1377,20000,8,0.756907,,0.756907,0.756907,0.756907,484.3976,484.3976,484.3976,514.208572,514.208572,514.208572
1378,20000,8,0.756907,,0.756907,0.756907,0.756907,484.3976,484.3976,484.3976,514.208572,514.208572,514.208572
1379,20000,8,0.756907,,0.756907,0.756907,0.756907,484.3976,484.3976,484.3976,514.208572,514.208572,514.208572
1380,20000,8,0.756907,,0.756907,0.756907,0.756907,484.3976,484.3976,484.3976,514.208572,514.208572,514.208572
1381,20000,8,0.756907,,0.756907,0.756907,0.756907,484.3976,484.3976,484.3976,514.208572,514.208572,514.208572
1382,20000,8,0.756907,,0.756907,0.756907,0.756907,484.3976,484.3976,484.3976,514.208572,514.208572,514.208572
1383,20000,8,0.756907,,0.756907,0.756907,0.756907,484.3976,484.3976,484.3976,514.208572,514.208572,514.208572
1384,20000,8,0.756907,,0.756907,0.756907,0.756907,484.3976,484.3976,484.3976,514.208572,514.208572,514.208572
1385,20000,8,0.756907,,0.756907,0.756907,0.756907,484.3976,484.3976,484.3976,514.208572,514.208572,514.208572
1386,20000,8,0.756907,,0.756907,0.756907,0.756907,484.3976,484.3976,484.3976,514.208572,514.208572,514.208572
1387,20000,8,0.756907,,0.756907,0.756907,0.756907,484.3976,484.3976,484.3976,514.208572,514.208572,514.208572
1388,20000,8,0.756907,,0.756907,0.756907,0.756907,484.3976,484.3976,484.3976,514.208572,514.208572,514.208572
1389,20000,8,0.756907,,0.756907,0.756907,0.756907,484.3976,484.3976,484.3976,514.208572,514.208572,514.208572
1390,20000,8,0.756907,,0.756907,0.756907,0.756907,484.3976,484.3976,484.3976,514.208572,514.208572,514.208572
1391,20000,8,0.756907,,0.756907,0.756907,0.756907,484.3976,484.3976,484.3976,514.208572,514.208572,514.208572
1392,20000,8,0.756907,,0.756907,0.756907,0.756907,484.3976,484.3976,484.3976,514.208572,514.208572,514.208572
1393,20000,8,0.756907,,0.756907,0.756907,0.756907,484.3976,484.3976,484.3976,514.208572,514.208572,514.208572
1394,20000,8,0.756907,,0.756907,0.756907,0.756907,484.3976,484.3976,484.3976,514.208572,514.208572,514.208572
1395,20000,8,0.756907,,0.756907,0.756907,0.756907,484.3976,484.3976,484.3976,514.208572,514.208572,514.208572
1396,20000,8,0.756907,,0.756907,0.756907,0.756907,484.3976,484.3976,484.3976,514.208572,514.208572,514.208572
1397,20000,8,0.756907,,0.756907,0.756907,0.756907,484.3976,484.3976,484.3976,514.208572,514.208572,514.208572
1398,20000,8,0.756907,,0.756907,0.756907,0.756907,484.3976,484.3976,484.3976,514.208572,514.208572,514.208572
1399,20000,8,0.756907,,0.756907,0.756907,0.756907,484.3976,484.3976,484.3976,514.208572,514.208572,514.208572
1400,20000,8,0.756907,,0.756907,0.756907,0.756907,484.3976,484.3976,484.3976,514.208572,514.208572,514.208572
1401,20000,8,0.756907,,0.756907,0.756907,0.756907,484.3976,484.3976,484.3976,514.208572,514.208572,514.208572
1402,20000,8,0.756907,,0.756907,0.756907,0.756907,484.3976,484.3976,484.3976,514.208572,514.208572,514.208572
1403,20000,8,0.756907,,0.756907,0.756907,0.756907,484.3976,484.3976,484.3976,514.208572,514.208572,514.208572
1404,20000,8,0.756907,,0.756907,0.756907,0.756907,484.3976,484.3976,484.3976,514.208572,514.208572,514.208572
1405,20000,8,0.756907,,0.756907,0.756907,0.756907,484.3976,484.3976,484.3976,514.208572,514.208572,514.208572
1406,20000,8,0.756907,,0.756907,0.756907,0.756907,484.3976,484.3976,484.3976,514.208572,514.208572,514.208572
1407,20000,8,0.756907,,0.756907,0.756907,0.756907,484.3976,484.3976,484.3976,514.208572,514.208572,514.208572
1408,20000,8,0.756907,,0.756907,0.756907,0.756907,484.3976,484.3976,484.3976,514.208572,514.208572,514.208572
1409,20000,8,0.756907,,0.756907,0.756907,0.756907,484.3976,484.3976,484.3976,514.208572,514.208572,514.208572
1410,20000,8,0.756907,,0.756907,0.756907,0.756907,484.3976,484.3976,484.3976,514.208572,514.208572,514.208572
1411,20000,8,0.756907,,0.756907,0.756907,0.756907,484.3976,484.3976,484.3976,514.208572,514.208572,514.208572
1412,20000,8,0.756907,,0.756907,0.756907,0.756907,484.3976,484.3976,484.3976,514.208572,514.208572,514.208572
1413,20000,8,0.756907,,0.756907,0.756907,0.756907,484.3976,484.3976,484.3976,514.208572,514.208572,514.208572
1414,20000,8,0.756907,,0.756907,0.756907,0.756907,484.3976,484.3976,484.3976,514.208572,514.208572,514.208572
1415,20000,8,0.756907,,0.756907,0.756907,0.756907,484.3976,484.3976,484.3976,514.208572,514.208572,514.208572
1416,20000,8,0.756907,,0.756907,0.756907,0.756907,484.3976,484.3976,484.3976,514.208572,514.208572,514.208572
1417,20000,8,0.756907,,0.756907,0.756907,0.756907,484.3976,484.3976,484.3976,514.208572,514.208572,514.208572
1418,20000,8,0.756907,,0.756907,0.756907,0.756907,484.3976,484.3976,484.3976,514.208572,514.208572,514.208572
1419,20000,8,0.756907,,0.756907,0.756907,0.756907,484.3976,484.3976,484.3976,514.208572,514.208572,514.208572
1420,20000,8,0.756907,,0.756907,0.756907,0.756907,484.3976,484.3976,484.3976,514.208572,514.208572,514.208572
1421,20000,8,0.756907,,0.756907,0.756907,0.756907,484.3976,484.3976,484.3976,514.208572,514.208572,514.208572
1422,20000,8,0.756907,,0.756907,0.756907,0.756907,484.3976,484.3976,484.3976,514.208572,514.208572,514.208572
1423,20000,8,0.756907,,0.756907,0.756907,0.756907,484.3976,484.3976,484.3976,514.208572,514.208572,514.208572
1424,20000,8,0.756907,,0.756907,0.756907,0.756907,484.3976,484.3976,484.3976,514.208572,514.208572,514.208572
1425,20000,8,0.756907,,0.756907,0.756907,0.756907,484.3976,484.3976,484.3976,514.208572,514.208572,514.208572
1426,20000,8,0.756907,,0.756907,0.756907,0.756907,484.3976,484.3976,484.3976,514.208572,514.208572,514.208572
1427,20000,8,0.756907,,0.756907,0.756907,0.756907,484.3976,484.3976,484.3976,514.208572,514.208572,514.208572
1428,20000,8,0.756907,,0.756907,0.756907,0.756907,484.3976,484.3976,484.3976,514.208572,514.208572,514.208572
1429,20000,8,0.756907,,0.756907,0.756907,0.756907,484.3976,484.3976,484.3976,514.208572,514.208572,514.208572
1430,20000,8,0.756907,,0.756907,0.756907,0.756907,484.3976,484.3976,484.3976,514.208572,514.208572,514.208572
1431,20000,8,0.756907,,0.756907,0.756907,0.756907,484.3976,484.3976,484.3976,514.208572,514.208572,514.208572
1432,20000,8,0.756907,,0.756907,0.756907,0.756907,484.3976,484.3976,484.3976,514.208572,514.208572,514.208572
1433,20000,8,0.756907,,0.756907,0.756907,0.756907,484.3976,484.3976,484.3976,514.208572,514.208572,514.208572
1434,20000,8,0.756907,,0.756907,0.756907,0.756907,484.3976,484.3976,484.3976,514.208572,514.208572,514.208572
1435,20000,8,0.756907,,0.756907,0.756907,0.756907,484.3976,484.3976,484.3976,514.208572,514.208572,514.208572
1436,20000,8,0.756907,,0.756907,0.756907,0.756907,484.3976,484.3976,484.3976,514.208572,514.208572,514.208572
1437,20000,8,0.756907,,0.756907,0.756907,0.756907,484.3976,484.3976,484.3976,514.208572,514.208572,514.208572
1438,20000,8,0.756907,,0.756907,0.756907,0.756907,484.3976,484.3976,484.3976,514.208572,514.208572,514.208572
1439,20000,8,0.756907,,0.756907,0.756907,0.756907,484.3976,484.3976,484.3976,514.208572,514.208572,514.208572
1440,20000,8,0.756907,,0.756907,0.756907,0.756907,484.3976,484.3976,484.3976,514.208572,514.208572,514.208572
1441,20000,8,0.756907,,0.756907,0.756907,0.756907,484.3976,484.3976,484.3976,514.208572,514.208572,514.208572
1442,20000,8,0.756907,,0.756907,0.756907,0.756907,484.3976,484.3976,484.3976,514.208572,514.208572,514.208572
1443,20000,8,0.756907,,0.756907,0.756907,0.756907,484.3976,484.3976,484.3976,514.208572,514.208572,514.208572
1444,20000,8,0.756907,,0.756907,0.756907,0.756907,484.3976,484.3976,484.3976,514.208572,514.208572,514.208572
1445,20000,8,0.756907,,0.756907,0.756907,0.756907,484.3976,484.3976,484.3976,514.208572,514.208572,514.208572
1446,20000,8,0.756907,,0.756907,0.756907,0.756907,484.3976,484.3976,484.3976,514.208572,514.208572,514.208572
1447,20000,8,0.756907,,0.756907,0.756907,0.756907,484.3976,484.3976,484.3976,514.208572,514.208572,514.208572
1448,20000,8,0.756907,,0.756907,0.756907,0.756907,484.3976,484.3976,484.3976,514.208572,514.208572,514.208572
1449,20000,8,0.756907,,0.756907,0.756907,0.756907,484.3976,484.3976,484.3976,514.208572,514.208572,514.208572
1450,20000,8,0.756907,,0.756907,0.756907,0.756907,484.3976,484.3976,484.3976,514.208572,514.208572,514.208572
1451,20000,8,0.756907,,0.756907,0.756907,0.756907,484.3976,484.3976,484.3976,514.208572,514.208572,514.208572
1452,20000,8,0.756907,,0.756907,0.756907,0.756907,484.3976,484.3976,484.3976,514.208572,514.208572,514.208572
1453,20000,8,0.756907,,0.756907,0.756907,0.756907,484.3976,484.3976,484.3976,514.208572,514.208572,514.208572
1454,20000,8,0.756907,,0.756907,0.756907,0.756907,484.3976,484.3976,484.3976,514.208572,514.208572,514.208572
1455,20000,8,0.756907,,0.756907,0.756907,0.756907,484.3976,484.3976,484.3976,514.208572,514.208572,514.208572
1456,20000,8,0.756907,,0.756907,0.756907,0.756907,484.3976,484.3976,484.3976,514.208572,514.208572,514.208572
1457,20000,8,0.756907,,0.756907,0.756907,0.756907,484.3976,484.3976,484.3976,514.208572,514.208572,514.208572
1458,20000,8,0.756907,,0.756907,0.756907,0.756907,484.3976,484.3976,484.3976,514.208572,514.208572,514.208572
1459,20000,8,0.756907,,0.756907,0.756907,0.756907,484.3976,484.3976,484.3976,514.208572,514.208572,514.208572
1460,20000,8,0.756907,,0.756907,0.756907,0.756907,484.3976,484.3976,484.3976,514.208572,514.208572,514.208572
1461,20000,8,0.756907,,0.756907,0.756907,0.756907,484.3976,484.3976,484.3976,514.208572,514.208572,514.208572
1462,20000,8,0.756907,,0.756907,0.756907,0.756907,484.3976,484.3976,484.3976,514.208572,514.208572,514.208572
1463,20000,8,0.756907,,0.756907,0.756907,0.756907,484.3976,484.3976,484.3976,514.208572,514.208572,514.208572
1464,20000,8,0.756907,,0.756907,0.756907,0.756907,484.3976,484.3976,484.3976,514.208572,514.208572,514.208572
1465,20000,8,0.756907,,0.756907,0.756907,0.756907,484.3976,484.3976,484.3976,514.208572,514.208572,514.208572
1466,20000,8,0.756907,,0.756907,0.756907,0.756907,484.3976,484.3976,484.3976,514.208572,514.208572,514.208572
1467,20000,8,0.756907,,0.756907,0.756907,0.756907,484.3976,484.3976,484.3976,514.208572,514.208572,514.208572
1468,20000,8,0.756907,,0.756907,0.756907,0.756907,484.3976,484.3976,484.3976,514.208572,514.208572,514.208572
1469,20000,8,0.756907,,0.756907,0.756907,0.756907,484.3976,484.3976,484.3976,514.208572,514.208572,514.208572
1470,20000,8,0.756907,,0.756907,0.756907,0.756907,484.3976,484.3976,484.3976,514.208572,514.208572,514.208572
1471,20000,8,0.756907,,0.756907,0.756907,0.756907,484.3976,484.3976,484.3976,514.208572,514.208572,514.208572
1472,20000,8,0.756907,,0.756907,0.756907,0.756907,484.3976,484.3976,484.3976,514.208572,514.208572,514.208572
1473,20000,8,0.756907,,0.756907,0.756907,0.756907,484.3976,484.3976,484.3976,514.208572,514.208572,514.208572
1474,20000,8,0.756907,,0.756907,0.756907,0.756907,484.3976,484.3976,484.3976,514.208572,514.208572,514.208572
1475,20000,8,0.756907,,0.756907,0.756907,0.756907,484.3976,484.3976,484.3976,514.208572,514.208572,514.208572
1476,20000,8,0.756907,,0.756907,0.756907,0.756907,484.3976,484.3976,484.3976,514.208572,514.208572,514.208572
1477,20000,8,0.756907,,0.756907,0.756907,0.756907,484.3976,484.3976,484.3976,514.208572,514.208572,514.208572
1478,20000,8,0.756907,,0.756907,0.756907,0.756907,484.3976,484.3976,484.3976,514.208572,514.208572,514.208572
1479,20000,8,0.756907,,0.756907,0.756907,0.756907,484.3976,484.3976,484.3976,514.208572,514.208572,514.208572
1480,20000,8,0.756907,,0.756907,0.756907,0.756907,484.3976,484.3976,484.3976,514.208572,514.208572,514.208572
1481,20000,8,0.756907,,0.756907,0.756907,0.756907,484.3976,484.3976,484.3976,514.208572,514.208572,514.208572
1482,20000,8,0.756907,,0.756907,0.756907,0.756907,484.3976,484.3976,484.3976,514.208572,514.208572,514.208572
1483,20000,8,0.756907,,0.756907,0.756907,0.756907,484.3976,484.3976,484.3976,514.208572,514.208572,514.208572
1484,20000,8,0.756907,,0.756907,0.756907,0.756907,484.3976,484.3976,484.3976,514.208572,514.208572,514.208572
1485,20000,8,0.756907,,0.756907,0.756907,0.756907,484.3976,484.3976,484.3976,514.208572,514.208572,514.208572
1486,20000,8,0.756907,,0.756907,0.756907,0.756907,484.3976,484.3976,484.3976,514.208572,514.208572,514.208572
1487,20000,8,0.756907,,0.756907,0.756907,0.756907,484.3976,484.3976,484.3976,514.208572,514.208572,514.208572
1488,20000,8,0.756907,,0.756907,0.756907,0.756907,484.3976,484.3976,484.3976,514.208572,514.208572,514.208572
1489,20000,8,0.756907,,0.756907,0.756907,0.756907,484.3976,484.3976,484.3976,514.208572,514.208572,514.208572
1490,20000,8,0.756907,,0.756907,0.756907,0.756907,484.3976,484.3976,484.3976,514.208572,514.208572,514.208572
1491,20000,8,0.756907,,0.756907,0.756907,0.756907,484.3976,484.3976,484.3976,514.208572,514.208572,514.208572
1492,20000,8,0.756907,,0.756907,0.756907,0.756907,484.3976,484.3976,484.3976,514.208572,514.208572,514.208572
1493,20000,8,0.756907,,0.756907,0.756907,0.756907,484.3976,484.3976,484.3976,514.208572,514.208572,514.208572
1494,20000,8,0.756907,,0.756907,0.756907,0.756907,484.3976,484.3976,484.3976,514.208572,514.208572,514.208572
1495,20000,8,0.756907,,0.756907,0.756907,0.756907,484.3976,484.3976,484.3976,514.208572,514.208572,514.208572
1496,20000,8,0.756907,,0.756907,0.756907,0.756907,484.3976,484.3976,484.3976,514.208572,514.208572,514.208572
1497,20000,8,0.756907,,0.756907,0.756907,0.756907,484.3976,484.3976,484.3976,514.208572,514.208572,514.208572
1498,20000,8,0.756907,,0.756907,0.756907,0.756907,484.3976,484.3976,484.3976,514.208572,514.208572,514.208572
1499,20000,8,0.756907,,0.756907,0.756907,0.756907,484.3976,484.3976,484.3976,514.208572,514.208572,514.208572
1500,20000,8,0.756907,,0.756907,0.756907,0.756907,484.3976,484.3976,484.3976,514.208572,514.208572,514.208572
1501,20000,8,0.756907,,0.756907,0.756907,0.756907,484.3976,484.3976,484.3976,514.208572,514.208572,514.208572
1502,20000,8,0.756907,,0.756907,0.756907,0.756907,484.3976,484.3976,484.3976,514.208572,514.208572,514.208572
1503,20000,8,0.756907,,0.756907,0.756907,0.756907,484.3976,484.3976,484.3976,514.208572,514.208572,514.208572
1504,20000,8,0.756907,,0.756907,0.756907,0.756907,484.3976,484.3976,484.3976,514.208572,514.208572,514.208572
1505,20000,8,0.756907,,0.756907,0.756907,0.756907,484.3976,484.3976,484.3976,514.208572,514.208572,514.208572
1506,20000,8,0.756907,,0.756907,0.756907,0.756907,484.3976,484.3976,484.3976,514.208572,514.208572,514.208572
1507,20000,8,0.756907,,0.756907,0.756907,0.756907,484.3976,484.3976,484.3976,514.208572,514.208572,514.208572
1508,20000,8,0.756907,,0.756907,0.756907,0.756907,484.3976,484.3976,484.3976,514.208572,514.208572,514.208572
1509,20000,8,0.756907,,0.756907,0.756907,0.756907,484.3976,484.3976,484.3976,514.208572,514.208572,514.208572
1510,20000,8,0.756907,,0.756907,0.756907,0.756907,484.3976,484.3976,484.3976,514.208572,514.208572,514.208572
1511,20000,8,0.756907,,0.756907,0.756907,0.756907,484.3976,484.3976,484.3976,514.208572,514.208572,514.208572
1512,20000,8,0.756907,,0.756907,0.756907,0.756907,484.3976,484.3976,484.3976,514.208572,514.208572,514.208572
1513,20000,8,0.756907,,0.756907,0.756907,0.756907,484.3976,484.3976,484.3976,514.208572,514.208572,514.208572
1514,20000,8,0.756907,,0.756907,0.756907,0.756907,484.3976,484.3976,484.3976,514.208572,514.208572,514.208572
1515,20000,8,0.756907,,0.756907,0.756907,0.756907,484.3976,484.3976,484.3976,514.208572,514.208572,514.208572
1516,20000,8,0.756907,,0.756907,0.756907,0.756907,484.3976,484.3976,484.3976,514.208572,514.208572,514.208572
1517,20000,8,0.756907,,0.756907,0.756907,0.756907,484.3976,484.3976,484.3976,514.208572,514.208572,514.208572
1518,20000,8,0.756907,,0.756907,0.756907,0.756907,484.3976,484.3976,484.3976,514.208572,514.208572,514.208572
1519,20000,8,0.756907,,0.756907,0.756907,0.756907,484.3976,484.3976,484.3976,514.208572,514.208572,514.208572
1520,20000,8,0.756907,,0.756907,0.756907,0.756907,484.3976,484.3976,484.3976,514.208572,514.208572,514.208572
1521,20000,8,0.756907,,0.756907,0.756907,0.756907,484.3976,484.3976,484.3976,514.208572,514.208572,514.208572
1522,20000,8,0.756907,,0.756907,0.756907,0.756907,484.3976,484.3976,484.3976,514.208572,514.208572,514.208572
1523,20000,8,0.756907,,0.756907,0.756907,0.756907,484.3976,484.3976,484.3976,514.208572,514.208572,514.208572
1524,20000,8,0.756907,,0.756907,0.756907,0.756907,484.3976,484.3976,484.3976,514.208572,514.208572,514.208572
1525,20000,8,0.756907,,0.756907,0.756907,0.756907,484.3976,484.3976,484.3976,514.208572,514.208572,514.208572
1526,20000,8,0.756907,,0.756907,0.756907,0.756907,484.3976,484.3976,484.3976,514.208572,514.208572,514.208572
1527,20000,8,0.756907,,0.756907,0.756907,0.756907,484.3976,484.3976,484.3976,514.208572,514.208572,514.208572
1528,20000,8,0.756907,,0.756907,0.756907,0.756907,484.3976,484.3976,484.3976,514.208572,514.208572,514.208572
1529,20000,8,0.756907,,0.756907,0.756907,0.756907,484.3976,484.3976,484.3976,514.208572,514.208572,514.208572
1530,20000,8,0.756907,,0.756907,0.756907,0.756907,484.3976,484.3976,484.3976,514.208572,514.208572,514.208572
1531,20000,8,0.756907,,0.756907,0.756907,0.756907,484.3976,484.3976,484.3976,514.208572,514.208572,514.208572
1532,20000,8,0.756907,,0.756907,0.756907,0.756907,484.3976,484.3976,484.3976,514.208572,514.208572,514.208572
1533,20000,8,0.756907,,0.756907,0.756907,0.756907,484.3976,484.3976,484.3976,514.208572,514.208572,514.208572
1534,20000,8,0.756907,,0.756907,0.756907,0.756907,484.3976,484.3976,484.3976,514.208572,514.208572,514.208572
1535,20000,8,0.756907,,0.756907,0.756907,0.756907,484.3976,484.3976,484.3976,514.208572,514.208572,514.208572
1536,20000,8,0.756907,,0.756907,0.756907,0.756907,484.3976,484.3976,484.3976,514.208572,514.208572,514.208572
1537,20000,8,0.756907,,0.756907,0.756907,0.756907,484.3976,484.3976,484.3976,514.208572,514.208572,514.208572
1538,20000,8,0.756907,,0.756907,0.756907,0.756907,484.3976,484.3976,484.3976,514.208572,514.208572,514.208572
1539,20000,8,0.756907,,0.756907,0.756907,0.756907,484.3976,484.3976,484.3976,514.208572,514.208572,514.208572
1540,20000,8,0.756907,,0.756907,0.756907,0.756907,484.3976,484.3976,484.3976,514.208572,514.208572,514.208572
1541,20000,8,0.756907,,0.756907,0.756907,0.756907,484.3976,484.3976,484.3976,514.208572,514.208572,514.208572
1542,20000,8,0.756907,,0.756907,0.756907,0.756907,484.3976,484.3976,484.3976,514.208572,514.208572,514.208572
1543,20000,8,0.756907,,0.756907,0.756907,0.756907,484.3976,484.3976,484.3976,514.208572,514.208572,514.208572
1544,20000,8,0.756907,,0.756907,0.756907,0.756907,484.3976,484.3976,484.3976,514.208572,514.208572,514.208572
1545,20000,8,0.756907,,0.756907,0.756907,0.756907,484.3976,484.3976,484.3976,514.208572,514.208572,514.208572
1546,20000,8,0.756907,,0.756907,0.756907,0.756907,484.3976,484.3976,484.3976,514.208572,514.208572,514.208572
1547,20000,8,0.756907,,0.756907,0.756907,0.756907,484.3976,484.3976,484.3976,514.208572,514.208572,514.208572
1548,20000,8,0.756907,,0.756907,0.756907,0.756907,484.3976,484.3976,484.3976,514.208572,514.208572,514.208572
1549,20000,8,0.756907,,0.756907,0.756907,0.756907,484.3976,484.3976,484.3976,514.208572,514.208572,514.208572
1550,20000,8,0.756907,,0.756907,0.756907,0.756907,484.3976,484.3976,484.3976,514.208572,514.208572,514.208572
1551,20000,8,0.756907,,0.756907,0.756907,0.756907,484.3976,484.3976,484.3976,514.208572,514.208572,514.208572
1552,20000,8,0.756907,,0.756907,0.756907,0.756907,484.3976,484.3976,484.3976,514.208572,514.208572,514.208572
1553,20000,8,0.756907,,0.756907,0.756907,0.756907,484.3976,484.3976,484.3976,514.208572,514.208572,514.208572
1554,20000,8,0.756907,,0.756907,0.756907,0.756907,484.3976,484.3976,484.3976,514.208572,514.208572,514.208572
1555,20000,8,0.756907,,0.756907,0.756907,0.756907,484.3976,484.3976,484.3976,514.208572,514.208572,514.208572
1556,20000,8,0.756907,,0.756907,0.756907,0.756907,484.3976,484.3976,484.3976,514.208572,514.208572,514.208572
1557,20000,8,0.756907,,0.756907,0.756907,0.756907,484.3976,484.3976,484.3976,514.208572,514.208572,514.208572
1558,20000,8,0.756907,,0.756907,0.756907,0.756907,484.3976,484.3976,484.3976,514.208572,514.208572,514.208572
1559,20000,8,0.756907,,0.756907,0.756907,0.756907,484.3976,484.3976,484.3976,514.208572,514.208572,514.208572
1560,20000,8,0.756907,,0.756907,0.756907,0.756907,484.3976,484.3976,484.3976,514.208572,514.208572,514.208572
1561,20000,8,0.756907,,0.756907,0.756907,0.756907,484.3976,484.3976,484.3976,514.208572,514.208572,514.208572
1562,20000,8,0.756907,,0.756907,0.756907,0.756907,484.3976,484.3976,484.3976,514.208572,514.208572,514.208572
1563,20000,8,0.756907,,0.756907,0.756907,0.756907,484.3976,484.3976,484.3976,514.208572,514.208572,514.208572
1564,20000,8,0.756907,,0.756907,0.756907,0.756907,484.3976,484.3976,484.3976,514.208572,514.208572,514.208572
1565,20000,8,0.756907,,0.756907,0.756907,0.756907,484.3976,484.3976,484.3976,514.208572,514.208572,514.208572
1566,20000,8,0.756907,,0.756907,0.756907,0.756907,484.3976,484.3976,484.3976,514.208572,514.208572,514.208572
1567,20000,8,0.756907,,0.756907,0.756907,0.756907,484.3976,484.3976,484.3976,514.208572,514.208572,514.208572
1568,20000,8,0.756907,,0.756907,0.756907,0.756907,484.3976,484.3976,484.3976,514.208572,514.208572,514.208572
1569,20000,8,0.756907,,0.756907,0.756907,0.756907,484.3976,484.3976,484.3976,514.208572,514.208572,514.208572
1570,20000,8,0.756907,,0.756907,0.756907,0.756907,484.3976,484.3976,484.3976,514.208572,514.208572,514.208572
1571,20000,8,0.756907,,0.756907,0.756907,0.756907,484.3976,484.3976,484.3976,514.208572,514.208572,514.208572
1572,20000,8,0.756907,,0.756907,0.756907,0.756907,484.3976,484.3976,484.3976,514.208572,514.208572,514.208572
1573,20000,8,0.756907,,0.756907,0.756907,0.756907,484.3976,484.3976,484.3976,514.208572,514.208572,514.208572
1574,20000,8,0.756907,,0.756907,0.756907,0.756907,484.3976,484.3976,484.3976,514.208572,514.208572,514.208572
1575,20000,8,0.756907,,0.756907,0.756907,0.756907,484.3976,484.3976,484.3976,514.208572,514.208572,514.208572
1576,20000,8,0.756907,,0.756907,0.756907,0.756907,484.3976,484.3976,484.3976,514.208572,514.208572,514.208572
1577,20000,8,0.756907,,0.756907,0.756907,0.756907,484.3976,484.3976,484.3976,514.208572,514.208572,514.208572
1578,20000,8,0.756907,,0.756907,0.756907,0.756907,484.3976,484.3976,484.3976,514.208572,514.208572,514.208572
1579,20000,8,0.756907,,0.756907,0.756907,0.756907,484.3976,484.3976,484.3976,514.208572,514.208572,514.208572
1580,20000,8,0.756907,,0.756907,0.756907,0.756907,484.3976,484.3976,484.3976,514.208572,514.208572,514.208572
1581,20000,8,0.756907,,0.756907,0.756907,0.756907,484.3976,484.3976,484.3976,514.208572,514.208572,514.208572
1582,20000,8,0.756907,,0.756907,0.756907,0.756907,484.3976,484.3976,484.3976,514.208572,514.208572,514.208572
1583,20000,8,0.756907,,0.756907,0.756907,0.756907,484.3976,484.3976,484.3976,514.208572,514.208572,514.208572
1584,20000,8,0.756907,,0.756907,0.756907,0.756907,484.3976,484.3976,484.3976,514.208572,514.208572,514.208572
1585,20000,8,0.756907,,0.756907,0.756907,0.756907,484.3976,484.3976,484.3976,514.208572,514.208572,514.208572
1586,20000,8,0.756907,,0.756907,0.756907,0.756907,484.3976,484.3976,484.3976,514.208572,514.208572,514.208572
1587,20000,8,0.756907,,0.756907,0.756907,0.756907,484.3976,484.3976,484.3976,514.208572,514.208572,514.208572
1588,20000,8,0.756907,,0.756907,0.756907,0.756907,484.3976,484.3976,484.3976,514.208572,514.208572,514.208572
1589,20000,8,0.756907,,0.756907,0.756907,0.756907,484.3976,484.3976,484.3976,514.208572,514.208572,514.208572
1590,20000,8,0.756907,,0.756907,0.756907,0.756907,484.3976,484.3976,484.3976,514.208572,514.208572,514.208572
1591,20000,8,0.756907,,0.756907,0.756907,0.756907,484.3976,484.3976,484.3976,514.208572,514.208572,514.208572
1592,20000,8,0.756907,,0.756907,0.756907,0.756907,484.3976,484.3976,484.3976,514.208572,514.208572,514.208572
1593,20000,8,0.756907,,0.756907,0.756907,0.756907,484.3976,484.3976,484.3976,514.208572,514.208572,514.208572
1594,20000,8,0.756907,,0.756907,0.756907,0.756907,484.3976,484.3976,484.3976,514.208572,514.208572,514.208572
1595,20000,8,0.756907,,0.756907,0.756907,0.756907,484.3976,484.3976,484.3976,514.208572,514.208572,514.208572
1596,20000,8,0.756907,,0.756907,0.756907,0.756907,484.3976,484.3976,484.3976,514.208572,514.208572,514.208572
1597,20000,8,0.756907,,0.756907,0.756907,0.756907,484.3976,484.3976,484.3976,514.208572,514.208572,514.208572
1598,20000,8,0.756907,,0.756907,0.756907,0.756907,484.3976,484.3976,484.3976,514.208572,514.208572,514.208572
1599,20000,8,0.756907,,0.756907,0.756907,0.756907,484.3976,484.3976,484.3976,514.208572,514.208572,514.208572
1600,20000,8,0.756907,,0.756907,0.756907,0.756907,484.3976,484.3976,484.3976,514.208572,514.208572,514.208572
1601,20000,8,0.756907,,0.756907,0.756907,0.756907,484.3976,484.3976,484.3976,514.208572,514.208572,514.208572
1602,20000,8,0.756907,,0.756907,0.756907,0.756907,484.3976,484.3976,484.3976,514.208572,514.208572,514.208572
1603,20000,8,0.756907,,0.756907,0.756907,0.756907,484.3976,484.3976,484.3976,514.208572,514.208572,514.208572
1604,20000,8,0.756907,,0.756907,0.756907,0.756907,484.3976,484.3976,484.3976,514.208572,514.208572,514.208572
1605,20000,8,0.756907,,0.756907,0.756907,0.756907,484.3976,484.3976,484.3976,514.208572,514.208572,514.208572
1606,20000,8,0.756907,,0.756907,0.756907,0.756907,484.3976,484.3976,484.3976,514.208572,514.208572,514.208572
1607,20000,8,0.756907,,0.756907,0.756907,0.756907,484.3976,484.3976,484.3976,514.208572,514.208572,514.208572
1608,20000,8,0.756907,,0.756907,0.756907,0.756907,484.3976,484.3976,484.3976,514.208572,514.208572,514.208572
1609,20000,8,0.756907,,0.756907,0.756907,0.756907,484.3976,484.3976,484.3976,514.208572,514.208572,514.208572
1610,20000,8,0.756907,,0.756907,0.756907,0.756907,484.3976,484.3976,484.3976,514.208572,514.208572,514.208572
1611,20000,8,0.756907,,0.756907,0.756907,0.756907,484.3976,484.3976,484.3976,514.208572,514.208572,514.208572
1612,20000,8,0.756907,,0.756907,0.756907,0.756907,484.3976,484.3976,484.3976,514.208572,514.208572,514.208572
1613,20000,8,0.756907,,0.756907,0.756907,0.756907,484.3976,484.3976,484.3976,514.208572,514.208572,514.208572
1614,20000,8,0.756907,,0.756907,0.756907,0.756907,484.3976,484.3976,484.3976,514.208572,514.208572,514.208572
1615,20000,8,0.756907,,0.756907,0.756907,0.756907,484.3976,484.3976,484.3976,514.208572,514.208572,514.208572
1616,20000,8,0.756907,,0.756907,0.756907,0.756907,484.3976,484.3976,484.3976,514.208572,514.208572,514.208572
1617,20000,8,0.756907,,0.756907,0.756907,0.756907,484.3976,484.3976,484.3976,514.208572,514.208572,514.208572
1618,20000,8,0.756907,,0.756907,0.756907,0.756907,484.3976,484.3976,484.3976,514.208572,514.208572,514.208572
1619,20000,8,0.756907,,0.756907,0.756907,0.756907,484.3976,484.3976,484.3976,514.208572,514.208572,514.208572
1620,20000,8,0.756907,,0.756907,0.756907,0.756907,484.3976,484.3976,484.3976,514.208572,514.208572,514.208572
1621,20000,8,0.756907,,0.756907,0.756907,0.756907,484.3976,484.3976,484.3976,514.208572,514.208572,514.208572
1622,20000,8,0.756907,,0.756907,0.756907,0.756907,484.3976,484.3976,484.3976,514.208572,514.208572,514.208572
1623,20000,8,0.756907,,0.756907,0.756907,0.756907,484.3976,484.3976,484.3976,514.208572,514.208572,514.208572
1624,20000,8,0.756907,,0.756907,0.756907,0.756907,484.3976,484.3976,484.3976,514.208572,514.208572,514.208572
1625,20000,8,0.756907,,0.756907,0.756907,0.756907,484.3976,484.3976,484.3976,514.208572,514.208572,514.208572
1626,20000,8,0.756907,,0.756907,0.756907,0.756907,484.3976,484.3976,484.3976,514.208572,514.208572,514.208572
1627,20000,8,0.756907,,0.756907,0.756907,0.756907,484.3976,484.3976,484.3976,514.208572,514.208572,514.208572
1628,20000,8,0.756907,,0.756907,0.756907,0.756907,484.3976,484.3976,484.3976,514.208572,514.208572,514.208572
1629,20000,8,0.756907,,0.756907,0.756907,0.756907,484.3976,484.3976,484.3976,514.208572,514.208572,514.208572
1630,20000,8,0.756907,,0.756907,0.756907,0.756907,484.3976,484.3976,484.3976,514.208572,514.208572,514.208572
1631,20000,8,0.756907,,0.756907,0.756907,0.756907,484.3976,484.3976,484.3976,514.208572,514.208572,514.208572
1632,20000,8,0.756907,,0.756907,0.756907,0.756907,484.3976,484.3976,484.3976,514.208572,514.208572,514.208572
1633,20000,8,0.756907,,0.756907,0.756907,0.756907,484.3976,484.3976,484.3976,514.208572,514.208572,514.208572
1634,20000,8,0.756907,,0.756907,0.756907,0.756907,484.3976,484.3976,484.3976,514.208572,514.208572,514.208572
1635,20000,8,0.756907,,0.756907,0.756907,0.756907,484.3976,484.3976,484.3976,514.208572,514.208572,514.208572
1636,20000,8,0.756907,,0.756907,0.756907,0.756907,484.3976,484.3976,484.3976,514.208572,514.208572,514.208572
1637,20000,8,0.756907,,0.756907,0.756907,0.756907,484.3976,484.3976,484.3976,514.208572,514.208572,514.208572
1638,20000,8,0.756907,,0.756907,0.756907,0.756907,484.3976,484.3976,484.3976,514.208572,514.208572,514.208572
1639,20000,8,0.756907,,0.756907,0.756907,0.756907,484.3976,484.3976,484.3976,514.208572,514.208572,514.208572
1640,20000,8,0.756907,,0.756907,0.756907,0.756907,484.3976,484.3976,484.3976,514.208572,514.208572,514.208572
1641,20000,8,0.756907,,0.756907,0.756907,0.756907,484.3976,484.3976,484.3976,514.208572,514.208572,514.208572
1642,20000,8,0.756907,,0.756907,0.756907,0.756907,484.3976,484.3976,484.3976,514.208572,514.208572,514.208572
1643,20000,8,0.756907,,0.756907,0.756907,0.756907,484.3976,484.3976,484.3976,514.208572,514.208572,514.208572
1644,20000,8,0.756907,,0.756907,0.756907,0.756907,484.3976,484.3976,484.3976,514.208572,514.208572,514.208572
1645,20000,8,0.756907,,0.756907,0.756907,0.756907,484.3976,484.3976,484.3976,514.208572,514.208572,514.208572
1646,20000,8,0.756907,,0.756907,0.756907,0.756907,484.3976,484.3976,484.3976,514.208572,514.208572,514.208572
1647,20000,8,0.756907,,0.756907,0.756907,0.756907,484.3976,484.3976,484.3976,514.208572,514.208572,514.208572
1648,20000,8,0.756907,,0.756907,0.756907,0.756907,484.3976,484.3976,484.3976,514.208572,514.208572,514.208572
1649,20000,8,0.756907,,0.756907,0.756907,0.756907,484.3976,484.3976,484.3976,514.208572,514.208572,514.208572
1650,20000,8,0.756907,,0.756907,0.756907,0.756907,484.3976,484.3976,484.3976,514.208572,514.208572,514.208572
1651,20000,8,0.756907,,0.756907,0.756907,0.756907,484.3976,484.3976,484.3976,514.208572,514.208572,514.208572
1652,20000,8,0.756907,,0.756907,0.756907,0.756907,484.3976,484.3976,484.3976,514.208572,514.208572,514.208572
1653,20000,8,0.756907,,0.756907,0.756907,0.756907,484.3976,484.3976,484.3976,514.208572,514.208572,514.208572
1654,20000,8,0.756907,,0.756907,0.756907,0.756907,484.3976,484.3976,484.3976,514.208572,514.208572,514.208572
1655,20000,8,0.756907,,0.756907,0.756907,0.756907,484.3976,484.3976,484.3976,514.208572,514.208572,514.208572
1656,20000,8,0.756907,,0.756907,0.756907,0.756907,484.3976,484.3976,484.3976,514.208572,514.208572,514.208572
1657,20000,8,0.756907,,0.756907,0.756907,0.756907,484.3976,484.3976,484.3976,514.208572,514.208572,514.208572
1658,20000,8,0.756907,,0.756907,0.756907,0.756907,484.3976,484.3976,484.3976,514.208572,514.208572,514.208572
1659,20000,8,0.756907,,0.756907,0.756907,0.756907,484.3976,484.3976,484.3976,514.208572,514.208572,514.208572
1660,20000,8,0.756907,,0.756907,0.756907,0.756907,484.3976,484.3976,484.3976,514.208572,514.208572,514.208572
1661,20000,8,0.756907,,0.756907,0.756907,0.756907,484.3976,484.3976,484.3976,514.208572,514.208572,514.208572
1662,20000,8,0.756907,,0.756907,0.756907,0.756907,484.3976,484.3976,484.3976,514.208572,514.208572,514.208572
1663,20000,8,0.756907,,0.756907,0.756907,0.756907,484.3976,484.3976,484.3976,514.208572,514.208572,514.208572
1664,20000,8,0.756907,,0.756907,0.756907,0.756907,484.3976,484.3976,484.3976,514.208572,514.208572,514.208572
1665,20000,8,0.756907,,0.756907,0.756907,0.756907,484.3976,484.3976,484.3976,514.208572,514.208572,514.208572
1666,20000,8,0.756907,,0.756907,0.756907,0.756907,484.3976,484.3976,484.3976,514.208572,514.208572,514.208572
1667,20000,8,0.756907,,0.756907,0.756907,0.756907,484.3976,484.3976,484.3976,514.208572,514.208572,514.208572
1668,20000,8,0.756907,,0.756907,0.756907,0.756907,484.3976,484.3976,484.3976,514.208572,514.208572,514.208572
1669,20000,8,0.756907,,0.756907,0.756907,0.756907,484.3976,484.3976,484.3976,514.208572,514.208572,514.208572
1670,20000,8,0.756907,,0.756907,0.756907,0.756907,484.3976,484.3976,484.3976,514.208572,514.208572,514.208572
1671,20000,8,0.756907,,0.756907,0.756907,0.756907,484.3976,484.3976,484.3976,514.208572,514.208572,514.208572
1672,20000,8,0.756907,,0.756907,0.756907,0.756907,484.3976,484.3976,484.3976,514.208572,514.208572,514.208572
1673,20000,8,0.756907,,0.756907,0.756907,0.756907,484.3976,484.3976,484.3976,514.208572,514.208572,514.208572
1674,20000,8,0.756907,,0.756907,0.756907,0.756907,484.3976,484.3976,484.3976,514.208572,514.208572,514.208572
1675,20000,8,0.756907,,0.756907,0.756907,0.756907,484.3976,484.3976,484.3976,514.208572,514.208572,514.208572
1676,20000,8,0.756907,,0.756907,0.756907,0.756907,484.3976,484.3976,484.3976,514.208572,514.208572,514.208572
1677,20000,8,0.756907,,0.756907,0.756907,0.756907,484.3976,484.3976,484.3976,514.208572,514.208572,514.208572
1678,20000,8,0.756907,,0.756907,0.756907,0.756907,484.3976,484.3976,484.3976,514.208572,514.208572,514.208572
1679,20000,8,0.756907,,0.756907,0.756907,0.756907,484.3976,484.3976,484.3976,514.208572,514.208572,514.208572
1680,20000,8,0.756907,,0.756907,0.756907,0.756907,484.3976,484.3976,484.3976,514.208572,514.208572,514.208572
1681,20000,8,0.756907,,0.756907,0.756907,0.756907,484.3976,484.3976,484.3976,514.208572,514.208572,514.208572
1682,20000,8,0.756907,,0.756907,0.756907,0.756907,484.3976,484.3976,484.3976,514.208572,514.208572,514.208572
1683,20000,8,0.756907,,0.756907,0.756907,0.756907,484.3976,484.3976,484.3976,514.208572,514.208572,514.208572
1684,20000,8,0.756907,,0.756907,0.756907,0.756907,484.3976,484.3976,484.3976,514.208572,514.208572,514.208572
1685,20000,8,0.756907,,0.756907,0.756907,0.756907,484.3976,484.3976,484.3976,514.208572,514.208572,514.208572
1686,20000,8,0.756907,,0.756907,0.756907,0.756907,484.3976,484.3976,484.3976,514.208572,514.208572,514.208572
1687,20000,8,0.756907,,0.756907,0.756907,0.756907,484.3976,484.3976,484.3976,514.208572,514.208572,514.208572
1688,20000,8,0.756907,,0.756907,0.756907,0.756907,484.3976,484.3976,484.3976,514.208572,514.208572,514.208572
1689,20000,8,0.756907,,0.756907,0.756907,0.756907,484.3976,484.3976,484.3976,514.208572,514.208572,514.208572
1690,20000,8,0.756907,,0.756907,0.756907,0.756907,484.3976,484.3976,484.3976,514.208572,514.208572,514.208572
1691,20000,8,0.756907,,0.756907,0.756907,0.756907,484.3976,484.3976,484.3976,514.208572,514.208572,514.208572
1692,20000,8,0.756907,,0.756907,0.756907,0.756907,484.3976,484.3976,484.3976,514.208572,514.208572,514.208572
1693,20000,8,0.756907,,0.756907,0.756907,0.756907,484.3976,484.3976,484.3976,514.208572,514.208572,514.208572
1694,20000,8,0.756907,,0.756907,0.756907,0.756907,484.3976,484.3976,484.3976,514.208572,514.208572,514.208572
1695,20000,8,0.756907,,0.756907,0.756907,0.756907,484.3976,484.3976,484.3976,514.208572,514.208572,514.208572
1696,20000,8,0.756907,,0.756907,0.756907,0.756907,484.3976,484.3976,484.3976,514.208572,514.208572,514.208572
1697,20000,8,0.756907,,0.756907,0.756907,0.756907,484.3976,484.3976,484.3976,514.208572,514.208572,514.208572
1698,20000,8,0.756907,,0.756907,0.756907,0.756907,484.3976,484.3976,484.3976,514.208572,514.208572,514.208572
1699,20000,8,0.756907,,0.756907,0.756907,0.756907,484.3976,484.3976,484.3976,514.208572,514.208572,514.208572
