gen,seed,threads,best_global,picos,fit_best,fit_worst,fit_mean,green_best,green_worst,green_mean,emis_best,emis_worst,emis_mean
0,20000,12,0.501261,,0.501261,0.370591,0.429646,326.5908,248.3911,283.342599,607.812746,657.38647,634.744899
1,20000,12,0.501261,,0.501261,0.389148,0.440481,326.5908,257.0249,288.983266,607.812746,648.697676,630.073186
2,20000,12,0.506488,,0.506488,0.407347,0.452036,329.076,260.3593,296.128218,605.454412,647.089736,625.848586
3,20000,12,0.506488,,0.506488,0.411673,0.45988,329.076,275.9338,300.717741,605.454412,646.071956,622.805166
4,20000,12,0.507999,,0.507999,0.427704,0.466534,331.8878,275.7948,304.489188,605.454412,640.264602,620.142841
5,20000,12,0.507999,,0.507999,0.439743,0.475082,331.8878,282.0735,310.297887,605.454412,635.812656,617.367613
6,20000,12,0.508124,,0.508124,0.439743,0.482067,331.8878,290.8864,315.116585,604.848019,635.812656,615.148578
7,20000,12,0.512188,,0.512188,0.447777,0.486949,334.1044,290.8864,318.142118,600.475158,628.461193,613.367599
8,20000,12,0.512329,,0.512329,0.453803,0.491116,334.1044,298.5518,320.689432,600.475158,626.093844,611.824658
9,20000,12,0.523521,,0.523521,0.465614,0.495074,339.5348,298.9611,323.289921,598.937408,625.799143,610.479973
10,20000,12,0.523521,,0.523521,0.471081,0.499596,339.5348,304.0872,326.733762,598.937408,623.775328,609.260195
11,20000,12,0.528823,,0.528823,0.476525,0.503305,347.2374,305.9146,328.953687,598.937408,623.232086,607.855216
12,20000,12,0.529019,,0.529019,0.484033,0.507277,347.2374,305.9146,331.941745,596.579258,617.427996,606.759437
13,20000,12,0.535838,,0.535838,0.492367,0.511186,350.3775,322.9555,334.327693,594.270625,615.58699,605.308768
14,20000,12,0.535838,,0.535838,0.497802,0.515109,350.3775,324.2558,336.630931,594.270625,615.58699,603.792123
15,20000,12,0.538472,,0.538472,0.501261,0.518716,350.3775,326.5908,338.639445,589.315253,615.58699,602.325022
16,20000,12,0.538472,,0.538472,0.501261,0.521401,350.5247,323.3243,340.010037,589.315253,610.345137,601.148891
17,20000,12,0.546136,,0.546136,0.502642,0.52478,351.4462,323.3243,341.810324,589.079693,611.781888,599.719724
18,20000,12,0.546136,,0.546136,0.50735,0.527927,352.1509,332.5501,343.879456,589.079693,609.965437,598.651438
19,20000,12,0.546136,,0.546136,0.513764,0.530268,352.1509,335.6146,344.741948,589.079693,608.283363,597.40376
20,20000,12,0.548501,,0.548501,0.513764,0.5325,353.2196,335.9154,345.652802,587.775767,608.283363,596.273178
21,20000,12,0.548501,,0.548501,0.513764,0.535119,356.513,335.9154,347.042659,587.775767,608.283363,595.161656
22,20000,12,0.549426,,0.549426,0.519856,0.537288,361.7077,335.9154,348.090649,587.775767,601.979829,594.17165
23,20000,12,0.549426,,0.549426,0.521613,0.5399,361.7077,336.7252,349.531796,587.775767,601.853808,593.100046
24,20000,12,0.551117,,0.551117,0.529575,0.542222,361.7077,340.4126,350.568013,586.630729,599.168223,591.983211
25,20000,12,0.55932,,0.55932,0.534136,0.54426,361.7077,340.4126,352.166165,582.24277,597.05746,591.464807
26,20000,12,0.560392,,0.560392,0.534136,0.546203,364.9636,341.7846,353.221598,582.24277,596.329978,590.656348
27,20000,12,0.560392,,0.560392,0.538952,0.548141,367.197,343.6336,354.442492,582.24277,596.329978,589.96337
28,20000,12,0.563651,,0.563651,0.538952,0.550841,368.8331,343.6336,355.691062,582.138385,595.0635,588.694086
29,20000,12,0.563651,,0.563651,0.540082,0.552925,369.4357,342.8777,356.465675,582.138385,594.793365,587.587266
30,20000,12,0.564984,,0.564984,0.540082,0.555179,369.4357,342.8777,357.946106,581.306562,591.682436,586.821393
31,20000,12,0.576571,,0.576571,0.544077,0.557393,370.5429,347.757,359.363905,576.113336,590.607094,586.044283
32,20000,12,0.576571,,0.576571,0.54599,0.559441,370.5429,347.757,360.824363,576.113336,589.443926,585.425179
33,20000,12,0.576571,,0.576571,0.547934,0.561165,371.6918,347.907,361.681627,575.688832,589.443926,584.655211
34,20000,12,0.577544,,0.577544,0.548265,0.563295,372.4592,349.9747,363.249653,575.467378,589.443926,584.044587
35,20000,12,0.578803,,0.578803,0.551965,0.566237,377.3465,353.637,364.785597,575.467378,591.115149,582.779446
36,20000,12,0.585985,,0.585985,0.554183,0.569152,381.8397,353.637,366.258424,575.226925,588.478172,581.492017
37,20000,12,0.585985,,0.585985,0.554183,0.571299,381.8397,353.9569,367.764563,575.226925,588.478172,580.826614
38,20000,12,0.587786,,0.587786,0.562258,0.573629,381.8397,357.0996,369.377334,573.987062,587.251328,580.090335
39,20000,12,0.593706,,0.593706,0.562832,0.575923,383.9364,360.0569,370.974208,573.987062,587.251328,579.370819
40,20000,12,0.596712,,0.596712,0.562832,0.579057,388.7878,363.8364,373.376535,572.745052,587.251328,578.536472
41,20000,12,0.596712,,0.596712,0.56557,0.581833,388.7878,363.8364,375.236132,572.106101,586.713905,577.617148
42,20000,12,0.598245,,0.598245,0.569131,0.584138,389.8495,364.2314,376.8451,571.899381,584.247829,576.897282
43,20000,12,0.59945,,0.59945,0.572274,0.586714,389.8495,367.4567,378.604914,571.899381,584.247829,576.067192
44,20000,12,0.601597,,0.601597,0.57531,0.58908,389.8828,367.4567,380.231837,571.899381,581.22187,575.31176
45,20000,12,0.605401,,0.605401,0.575885,0.591602,391.1524,367.4567,381.99743,569.510641,581.22187,574.528352
46,20000,12,0.605401,,0.605401,0.575885,0.593672,391.1524,367.4567,383.608592,569.086722,579.089737,573.992793
47,20000,12,0.608497,,0.608497,0.584536,0.596155,393.0975,373.6101,385.384979,568.788032,577.506963,573.246887
48,20000,12,0.608564,,0.608564,0.585014,0.598223,393.8959,377.8855,386.356532,566.450215,577.506963,572.284683
49,20000,12,0.610198,,0.610198,0.587786,0.599995,396.0364,379.6582,387.274205,566.450215,576.069066,571.517819
50,20000,12,0.614291,,0.614291,0.587786,0.602293,396.536,379.6582,388.722701,565.944971,575.937319,570.695578
51,20000,12,0.614891,,0.614891,0.593393,0.603853,396.536,382.754,389.782834,565.35291,573.846287,570.189325
52,20000,12,0.616285,,0.616285,0.596499,0.605639,396.536,383.6529,390.735969,564.969732,572.680208,569.434899
53,20000,12,0.617108,,0.617108,0.596499,0.607053,396.536,383.6529,391.629061,563.403239,572.815274,568.930204
54,20000,12,0.617108,,0.617108,0.599599,0.609053,396.9894,386.021,392.607615,563.403239,571.518997,568.02611
55,20000,12,0.618429,,0.618429,0.599825,0.610805,399.5641,386.021,393.656907,563.403239,571.515607,567.362439
56,20000,12,0.623769,,0.623769,0.603382,0.612163,403.3748,387.0844,394.585656,563.403239,570.091562,566.925962
57,20000,12,0.623769,,0.623769,0.606127,0.613436,403.3748,388.7343,395.304802,561.94164,570.091562,566.414699
58,20000,12,0.625273,,0.625273,0.606208,0.614604,403.3748,389.6861,395.948156,561.118319,570.091562,565.93517
59,20000,12,0.625273,,0.625273,0.607603,0.616048,403.3748,390.7084,396.731483,560.51652,569.430929,565.333837
60,20000,12,0.626365,,0.626365,0.607869,0.617465,404.6006,392.5251,397.396742,560.108968,568.922654,564.673779
61,20000,12,0.62807,,0.62807,0.610439,0.619083,404.6006,393.712,398.278331,560.108968,568.922654,564.002938
62,20000,12,0.634951,,0.634951,0.612726,0.620644,408.8292,392.4223,399.128415,558.69556,567.470702,563.354617
63,20000,12,0.634951,,0.634951,0.613252,0.622341,408.8292,395.297,400.196604,558.637961,567.331478,562.746796
64,20000,12,0.636002,,0.636002,0.613546,0.623759,408.8292,395.6146,401.008986,555.712943,567.331478,562.185179
65,20000,12,0.636002,,0.636002,0.613546,0.62508,408.8292,395.6146,401.808954,555.712943,567.331478,561.691288
66,20000,12,0.642175,,0.642175,0.616296,0.626739,411.6923,395.6146,402.938788,554.979606,566.124133,561.154295
67,20000,12,0.642175,,0.642175,0.617059,0.628011,411.6923,396.9896,403.636833,554.979606,565.073916,560.629705
68,20000,12,0.644726,,0.644726,0.618221,0.629708,413.0941,396.9896,404.680658,553.929099,563.81126,560.005889
69,20000,12,0.644726,,0.644726,0.623856,0.630946,413.0941,398.6748,405.47901,553.929099,563.579268,559.574796
70,20000,12,0.644726,,0.644726,0.624872,0.632412,413.4112,398.6748,406.524297,553.929099,563.579268,559.131563
71,20000,12,0.645995,,0.645995,0.626623,0.634039,414.7287,398.6748,407.471578,553.500674,561.990555,558.497645
72,20000,12,0.647989,,0.647989,0.626623,0.635737,417.2078,399.5647,408.519102,553.500674,561.307159,557.874715
73,20000,12,0.647989,,0.647989,0.630056,0.637416,417.2078,401.0202,409.357965,552.459621,561.133077,557.127523
74,20000,12,0.649816,,0.649816,0.630056,0.639033,418.5776,401.0202,410.470834,552.92386,561.040886,556.61218
75,20000,12,0.649816,,0.649816,0.630694,0.640399,418.5776,403.8947,411.244216,552.521277,561.007621,556.06481
76,20000,12,0.649816,,0.649816,0.63228,0.642345,418.5776,408.0438,412.398738,552.088829,561.007621,555.320772
77,20000,12,0.651782,,0.651782,0.635891,0.64394,419.2589,409.2975,413.392649,551.71708,559.011959,554.742409
78,20000,12,0.659114,,0.659114,0.635891,0.645313,421.9259,409.2975,414.106581,548.625291,559.011959,554.150018
79,20000,12,0.659114,,0.659114,0.636497,0.647008,421.9259,410.2749,415.044006,548.625291,559.011959,553.455798
80,20000,12,0.659529,,0.659529,0.636497,0.648396,422.1974,410.2749,415.849426,548.483145,559.011959,552.913326
81,20000,12,0.66108,,0.66108,0.643158,0.649768,422.6072,411.8286,416.741462,547.548281,556.247562,552.440666
82,20000,12,0.66108,,0.66108,0.643502,0.650643,422.6072,412.9523,417.310593,547.548281,554.950142,552.13989
83,20000,12,0.66108,,0.66108,0.643502,0.651394,422.6072,412.9523,417.768377,547.548281,554.950142,551.860393
84,20000,12,0.66108,,0.66108,0.6438,0.65208,422.6072,412.9523,418.072069,547.548281,554.950142,551.52865
85,20000,12,0.669636,,0.669636,0.641301,0.652994,423.7971,406.1408,418.042298,536.426195,555.107728,550.796178
86,20000,12,0.677625,,0.677625,0.646322,0.654359,431.5927,406.1408,418.807887,536.426195,554.140778,550.24428
87,20000,12,0.677625,,0.677625,0.646322,0.656029,431.5927,406.1408,419.361624,536.426195,554.140778,549.312543
88,20000,12,0.677625,,0.677625,0.647153,0.657575,431.5927,406.1408,419.592428,536.426195,554.140778,548.261973
89,20000,12,0.677625,,0.677625,0.649465,0.659398,431.5927,406.1408,420.394364,536.426195,553.055569,547.376975
90,20000,12,0.677625,,0.677625,0.649902,0.661002,431.5927,407.7802,421.059864,536.426195,553.055569,546.571893
91,20000,12,0.678971,,0.678971,0.650175,0.66288,432.0302,407.7802,422.085239,537.283959,552.548367,545.793916
92,20000,12,0.678971,,0.678971,0.650175,0.664878,432.0302,407.7802,423.085249,537.283959,552.548367,544.905683
93,20000,12,0.682221,,0.682221,0.650175,0.667063,437.324,407.7802,424.387074,537.283959,552.126224,544.073729
94,20000,12,0.682221,,0.682221,0.650175,0.669254,437.324,415.5434,425.495014,537.283959,552.126224,543.107096
95,20000,12,0.686582,,0.686582,0.654137,0.670718,440.2598,415.5434,426.647729,537.283959,550.235727,542.737859
96,20000,12,0.688658,,0.688658,0.655832,0.672162,440.2598,415.6048,427.473941,535.51152,550.218266,542.16542
97,20000,12,0.688658,,0.688658,0.655832,0.673567,440.2598,416.9993,428.095987,535.51152,549.894494,541.486307
98,20000,12,0.69051,,0.69051,0.659816,0.675471,440.2598,416.9993,429.166073,534.860276,548.459856,540.718448
99,20000,12,0.691066,,0.691066,0.663501,0.676774,442.3952,416.9993,429.917419,535.51152,548.459856,540.205068
100,20000,12,0.69736,,0.69736,0.663501,0.678343,445.6809,416.8365,431.246075,534.711373,548.459856,539.872055
101,20000,12,0.698221,,0.698221,0.66788,0.680528,446.5321,419.6397,432.777381,534.609994,546.046412,539.193962
102,20000,12,0.698221,,0.698221,0.671626,0.682023,446.5321,423.193,433.826882,534.609994,544.98433,538.730413
103,20000,12,0.698221,,0.698221,0.671626,0.683307,446.5321,423.0516,434.650993,534.609994,544.98433,538.281511
104,20000,12,0.702239,,0.702239,0.673663,0.684906,449.3795,423.0516,435.73062,533.383832,542.93843,537.75747
105,20000,12,0.702239,,0.702239,0.673663,0.686421,449.3795,424.012,437.109968,531.631933,542.635409,537.500583
106,20000,12,0.702239,,0.702239,0.677801,0.687671,449.3795,428.0591,438.128593,531.631933,540.579687,537.208172
107,20000,12,0.702239,,0.702239,0.677801,0.68888,449.3795,430.733,439.209662,531.631933,541.208166,536.989198
108,20000,12,0.703101,,0.703101,0.677801,0.689894,450.2307,430.733,440.012278,530.857269,541.208166,536.735946
109,20000,12,0.703101,,0.703101,0.678581,0.691382,450.2307,430.733,441.267062,530.857269,541.208166,536.416148
110,20000,12,0.703101,,0.703101,0.678581,0.693213,450.2307,430.733,442.673396,530.857269,540.486682,535.93061
111,20000,12,0.704623,,0.704623,0.681487,0.694319,451.3231,430.733,443.440267,530.857269,540.168293,535.581784
112,20000,12,0.704623,,0.704623,0.681487,0.695828,451.3231,430.733,444.379193,530.857269,539.812676,535.034011
113,20000,12,0.704623,,0.704623,0.681487,0.69679,451.3231,430.733,445.049624,530.857269,538.294227,534.732671
114,20000,12,0.705873,,0.705873,0.687929,0.697635,452.3974,438.6955,445.592712,530.857269,538.274477,534.437911
115,20000,12,0.705873,,0.705873,0.687929,0.698771,452.3974,438.6955,446.413027,530.857269,537.386536,534.10157
116,20000,12,0.705873,,0.705873,0.687929,0.699775,452.3974,438.6955,447.178825,530.857269,537.386536,533.831027
117,20000,12,0.705873,,0.705873,0.687929,0.700488,452.3974,438.6955,447.658679,530.857269,537.386536,533.596702
118,20000,12,0.705873,,0.705873,0.687929,0.701365,452.3974,438.6955,448.420673,530.737436,537.386536,533.423011
119,20000,12,0.707302,,0.707302,0.687929,0.702188,453.1359,438.6955,449.081235,530.737436,537.386536,533.223935
120,20000,12,0.707302,,0.707302,0.687929,0.702894,453.1359,438.6955,449.614889,530.737436,537.386536,533.031134
121,20000,12,0.707302,,0.707302,0.698323,0.703701,453.1359,445.3079,450.143339,530.737436,534.733791,532.755788
122,20000,12,0.707302,,0.707302,0.698323,0.704015,453.1359,445.3079,450.310424,530.737436,534.733791,532.622888
123,20000,12,0.707302,,0.707302,0.699231,0.70429,453.1359,445.3079,450.542692,530.737436,534.733791,532.563749
124,20000,12,0.707302,,0.707302,0.699231,0.704718,453.1359,445.3079,450.923171,530.737436,534.261185,532.485078
125,20000,12,0.707302,,0.707302,0.701097,0.705174,453.1359,445.3079,451.220833,530.438296,534.261185,532.328519
126,20000,12,0.707302,,0.707302,0.701097,0.705476,453.1359,448.3809,451.352442,530.438296,534.261185,532.181569
127,20000,12,0.707691,,0.707691,0.701097,0.705693,453.6907,448.3809,451.446605,530.438296,534.261185,532.075388
128,20000,12,0.708552,,0.708552,0.701097,0.70597,454.2102,448.3809,451.665837,530.438296,534.261185,532.005996
129,20000,12,0.710025,,0.710025,0.703544,0.706252,454.2374,448.3809,451.922689,530.438296,534.261185,531.958141
130,20000,12,0.710025,,0.710025,0.703544,0.706521,454.8884,448.3809,452.141231,530.438296,534.261185,531.895116
131,20000,12,0.710025,,0.710025,0.703544,0.706773,454.8884,448.3809,452.260531,530.338521,534.261185,531.778538
132,20000,12,0.710025,,0.710025,0.704684,0.707062,454.8884,449.6345,452.447325,530.338521,533.016573,531.677808
133,20000,12,0.710025,,0.710025,0.704684,0.707395,454.8884,449.6345,452.620566,530.338521,532.923904,531.534584
134,20000,12,0.710025,,0.710025,0.704684,0.7077,454.8884,449.6345,452.854165,530.338521,532.75847,531.452893
135,20000,12,0.710472,,0.710472,0.704684,0.708056,455.2914,450.0019,453.221564,530.338521,532.75847,531.421545
136,20000,12,0.710472,,0.710472,0.705456,0.708427,455.8766,450.0019,453.627344,530.338521,532.742454,531.404372
137,20000,12,0.711076,,0.711076,0.705456,0.708718,455.8766,450.1303,453.911298,530.352541,532.742454,531.367244
138,20000,12,0.711076,,0.711076,0.706404,0.709002,455.8766,450.1303,454.140985,530.352541,532.340797,531.299693
139,20000,12,0.712459,,0.712459,0.707084,0.709314,457.3435,450.6227,454.461914,530.204614,532.21096,531.271243
140,20000,12,0.712459,,0.712459,0.708085,0.709631,457.3435,453.6317,454.675529,529.979056,532.100185,531.167263
141,20000,12,0.712459,,0.712459,0.708085,0.709905,457.3435,453.6317,454.845851,529.979056,532.100185,531.067915
142,20000,12,0.712459,,0.712459,0.708222,0.710135,457.3435,453.6317,454.98572,529.956347,532.100185,530.981781
143,20000,12,0.71269,,0.71269,0.708357,0.710538,457.3435,453.6317,455.224337,529.956347,531.963053,530.827746
144,20000,12,0.713893,,0.713893,0.708535,0.710788,458.5343,453.945,455.405203,529.956347,531.963053,530.753418
145,20000,12,0.713893,,0.713893,0.709264,0.711026,458.5343,453.945,455.508459,529.85155,531.840958,530.637118
146,20000,12,0.713893,,0.713893,0.709546,0.711191,458.5343,454.3583,455.624617,529.85155,531.576512,530.586751
147,20000,12,0.713893,,0.713893,0.709546,0.711381,458.5343,454.3583,455.825685,529.956347,531.576512,530.573001
148,20000,12,0.713893,,0.713893,0.709989,0.711616,458.5343,454.3583,456.002248,529.956347,531.576512,530.508393
149,20000,12,0.713893,,0.713893,0.709989,0.711863,458.5343,454.3583,456.202682,529.956347,531.576512,530.449648
150,20000,12,0.713893,,0.713893,0.7109,0.712046,458.5343,455.0326,456.30597,529.956347,531.207306,530.376316
151,20000,12,0.713893,,0.713893,0.710982,0.712167,458.5343,455.0326,456.404389,529.932491,531.207306,530.347886
152,20000,12,0.71676,,0.71676,0.710982,0.712296,460.0694,455.0326,456.494128,529.220772,531.207306,530.307222
153,20000,12,0.71676,,0.71676,0.710982,0.712467,460.0694,455.0326,456.585322,529.220772,531.207306,530.234626
154,20000,12,0.71676,,0.71676,0.711175,0.712622,460.0694,455.0656,456.727872,529.220772,531.207306,530.20953
155,20000,12,0.717796,,0.717796,0.711222,0.71291,460.8289,455.0656,456.971428,528.921816,531.319233,530.147792
156,20000,12,0.717796,,0.717796,0.711222,0.713245,460.8289,455.0656,457.304557,528.921816,531.319233,530.109861
157,20000,12,0.717796,,0.717796,0.711222,0.713578,460.8289,455.1995,457.567575,528.921816,531.026416,530.026554
158,20000,12,0.717796,,0.717796,0.711222,0.71383,460.8289,455.1995,457.738497,528.921816,531.026416,529.944429
159,20000,12,0.717796,,0.717796,0.711414,0.714065,460.8289,455.1995,457.918014,528.921816,531.026416,529.881441
160,20000,12,0.717796,,0.717796,0.71219,0.714422,460.8289,455.823,458.199582,528.921816,530.843778,529.791975
161,20000,12,0.717796,,0.717796,0.71219,0.714698,460.8289,455.823,458.40915,528.848718,530.843778,529.717064
162,20000,12,0.717895,,0.717895,0.71219,0.715064,460.8289,455.823,458.681535,528.77301,530.843778,529.614324
163,20000,12,0.718933,,0.718933,0.71219,0.715509,460.9221,455.823,458.974445,528.097899,530.843778,529.463169
164,20000,12,0.718933,,0.718933,0.71219,0.71588,460.9221,455.823,459.215507,528.097899,530.843778,529.335459
165,20000,12,0.718933,,0.718933,0.712487,0.716262,460.9221,456.5446,459.469193,528.097899,530.843778,529.207001
166,20000,12,0.718933,,0.718933,0.713173,0.716592,460.9221,456.5446,459.693702,528.097899,530.484521,529.100286
167,20000,12,0.719031,,0.719031,0.713334,0.716776,460.9221,457.5024,459.795157,528.020959,530.484521,529.024572
168,20000,12,0.719031,,0.719031,0.713334,0.716909,460.9221,457.5024,459.832331,528.020959,530.484521,528.946291
169,20000,12,0.719031,,0.719031,0.713334,0.717034,460.9221,457.5024,459.867287,528.020959,530.484521,528.872261
170,20000,12,0.733242,,0.733242,0.706663,0.717742,474.2056,445.6881,460.025136,519.929644,530.484521,528.425297
171,20000,12,0.733242,,0.733242,0.713334,0.718125,474.2056,457.5024,460.330823,519.929644,530.484521,528.331493
172,20000,12,0.733242,,0.733242,0.713334,0.719026,474.2056,457.5024,460.903361,519.929644,530.484521,528.012539
173,20000,12,0.733242,,0.733242,0.713334,0.720166,474.2056,457.5024,461.533946,519.929644,530.484521,527.546147
174,20000,12,0.733242,,0.733242,0.714119,0.721033,475.9529,457.5024,462.044128,519.929644,529.73186,527.211098
175,20000,12,0.733242,,0.733242,0.714217,0.721619,475.9529,457.5024,462.342705,519.929644,529.73186,526.95453
176,20000,12,0.734064,,0.734064,0.714376,0.722416,475.9529,457.5024,462.698619,519.929644,529.360275,526.57167
177,20000,12,0.734685,,0.734685,0.714376,0.723304,475.9529,457.5024,463.259469,519.929644,530.755021,526.2547
178,20000,12,0.734685,,0.734685,0.714439,0.724264,475.9529,457.5024,463.580923,519.929644,529.854217,525.721296
179,20000,12,0.734685,,0.734685,0.714439,0.725221,475.9529,457.5024,464.156955,519.929644,529.31099,525.360707
180,20000,12,0.736133,,0.736133,0.715901,0.726001,475.9529,458.0595,464.693103,519.929644,529.302976,525.11143
181,20000,12,0.736225,,0.736225,0.715901,0.726769,475.9529,458.0595,465.174197,519.929644,529.201826,524.835015
182,20000,12,0.736225,,0.736225,0.716226,0.727962,475.9529,458.225,466.039526,519.929644,529.201826,524.484065
183,20000,12,0.736225,,0.736225,0.716226,0.728797,475.8597,458.225,466.452623,519.929644,529.201826,524.109845
184,20000,12,0.736225,,0.736225,0.719031,0.729531,475.8597,460.9221,467.106906,519.929644,529.201826,523.97522
185,20000,12,0.736225,,0.736225,0.719031,0.730181,475.8597,460.9221,467.486925,520.161429,529.201826,523.722912
186,20000,12,0.736225,,0.736225,0.719031,0.7306,475.8597,460.9221,467.922774,520.161429,529.201826,523.688742
187,20000,12,0.736225,,0.736225,0.720473,0.731061,475.8597,462.2947,468.25697,520.161429,529.201826,523.553144
188,20000,12,0.736842,,0.736842,0.720473,0.731528,475.8597,462.2947,468.576277,520.161429,529.201826,523.402583
189,20000,12,0.736842,,0.736842,0.720473,0.732151,475.8597,462.2947,468.989095,519.730521,529.201826,523.193406
190,20000,12,0.736842,,0.736842,0.721954,0.732874,475.4773,462.5336,469.497341,519.730521,526.820828,522.969566
191,20000,12,0.73688,,0.73688,0.721954,0.733454,475.4192,462.5336,469.85326,519.730521,526.820828,522.755834
192,20000,12,0.737828,,0.737828,0.729662,0.734046,475.4192,465.1721,470.348975,519.730521,526.236158,522.626195
193,20000,12,0.737828,,0.737828,0.730779,0.734458,475.4192,466.7093,470.738406,519.730521,526.236158,522.566143
194,20000,12,0.737828,,0.737828,0.730887,0.734775,475.4192,466.7093,471.042107,519.730521,526.236158,522.522218
195,20000,12,0.737828,,0.737828,0.730887,0.735112,476.0673,466.7093,471.536188,519.730521,526.236158,522.590264
196,20000,12,0.737883,,0.737883,0.730887,0.735359,476.0673,467.8559,471.811035,519.730521,526.236158,522.582183
197,20000,12,0.737915,,0.737915,0.730887,0.735598,476.0673,467.8559,472.03209,519.730521,526.236158,522.543653
198,20000,12,0.740082,,0.740082,0.730887,0.735866,476.2916,467.8559,472.25861,520.0194,526.236158,522.486287
199,20000,12,0.741705,,0.741705,0.730887,0.73609,476.2916,467.8559,472.342831,519.445035,525.364651,522.367952
200,20000,12,0.741705,,0.741705,0.732629,0.73658,476.2916,468.504,472.690773,518.921288,525.364651,522.218874
201,20000,12,0.743017,,0.743017,0.732629,0.737002,476.2916,468.504,472.826518,517.518566,525.364651,521.981066
202,20000,12,0.743017,,0.743017,0.732752,0.737381,476.347,468.504,473.177246,517.518566,524.297373,521.919983
203,20000,12,0.743017,,0.743017,0.733076,0.737778,476.347,468.8285,473.409532,517.518566,524.297373,521.766384
204,20000,12,0.743017,,0.743017,0.733076,0.738239,476.347,468.8285,473.767152,517.518566,524.297373,521.646755
205,20000,12,0.743182,,0.743182,0.736108,0.738757,476.347,470.8325,474.024799,517.406165,524.297373,521.414868
206,20000,12,0.745662,,0.745662,0.736133,0.739233,476.9951,471.448,474.226986,517.406165,524.16867,521.179499
207,20000,12,0.745662,,0.745662,0.736133,0.73969,476.9951,471.448,474.402896,517.406165,524.16867,520.940614
208,20000,12,0.745662,,0.745662,0.736258,0.740106,476.9951,471.6007,474.452598,517.406165,524.16867,520.649652
209,20000,12,0.745662,,0.745662,0.736258,0.740567,476.9951,471.6007,474.5056,517.406165,524.16867,520.325284
210,20000,12,0.745662,,0.745662,0.737222,0.741093,478.9518,471.6007,474.609493,517.406165,524.16867,519.984874
211,20000,12,0.745662,,0.745662,0.737994,0.741493,478.9518,471.7635,474.476814,517.406165,522.697933,519.583816
212,20000,12,0.747244,,0.747244,0.737994,0.741907,478.9518,472.6039,474.5281,516.404068,522.697933,519.295157
213,20000,12,0.747244,,0.747244,0.737994,0.742289,478.9518,472.6039,474.577523,516.404068,522.697933,519.030697
214,20000,12,0.747448,,0.747448,0.737994,0.742748,478.9518,473.035,474.597878,516.404068,522.697933,518.686398
215,20000,12,0.747448,,0.747448,0.737994,0.74319,478.9518,473.035,474.785561,516.259961,522.697933,518.467105
216,20000,12,0.747448,,0.747448,0.740461,0.743579,478.9518,473.035,474.840467,516.259961,521.41578,518.20059
217,20000,12,0.748991,,0.748991,0.74086,0.744024,478.9518,473.035,475.005639,516.259961,521.672064,517.963775
218,20000,12,0.748991,,0.748991,0.74094,0.744473,478.9518,473.035,475.28117,516.259961,521.672064,517.798231
219,20000,12,0.748991,,0.748991,0.741115,0.744951,478.9518,473.0793,475.577415,516.259961,521.559663,517.624325
220,20000,12,0.749195,,0.749195,0.741279,0.745416,478.7463,473.1037,475.827916,516.135652,520.110849,517.429107
221,20000,12,0.749195,,0.749195,0.741279,0.745917,478.9518,473.0793,476.178888,516.070446,520.110849,517.273478
222,20000,12,0.749195,,0.749195,0.741979,0.746351,478.7463,473.0793,476.414031,516.070446,519.503709,517.092873
223,20000,12,0.749195,,0.749195,0.741979,0.746773,478.7463,473.0793,476.551432,515.695395,519.503709,516.855951
224,20000,12,0.750073,,0.750073,0.743017,0.747215,479.2995,473.0793,476.827561,515.691911,518.570321,516.695564
225,20000,12,0.750073,,0.750073,0.744625,0.747536,479.2995,475.0927,476.966942,515.691911,518.570321,516.539281
226,20000,12,0.750373,,0.750373,0.745726,0.747824,479.4757,475.0927,477.062623,515.021153,517.553998,516.378694
227,20000,12,0.750498,,0.750498,0.745726,0.748061,479.4757,475.0927,477.220134,514.577412,517.111599,516.298933
228,20000,12,0.750927,,0.750927,0.746345,0.748307,479.4757,475.0927,477.32465,514.577412,517.111599,516.177117
229,20000,12,0.750927,,0.750927,0.746345,0.748677,479.4757,475.1171,477.601999,514.577412,517.111599,516.074692
230,20000,12,0.751787,,0.751787,0.74653,0.749032,479.4757,475.3794,477.838089,514.577412,516.967492,515.955644
231,20000,12,0.751787,,0.751787,0.74653,0.74937,480.3476,475.3794,478.061067,514.433305,516.967492,515.841728
232,20000,12,0.751787,,0.751787,0.74653,0.749657,480.3476,475.3794,478.202024,514.433305,516.967492,515.712365
233,20000,12,0.751787,,0.751787,0.74653,0.749873,480.3476,475.3794,478.325615,514.433305,516.967492,515.626855
234,20000,12,0.752173,,0.752173,0.74653,0.750096,480.5837,475.3794,478.517454,514.433305,516.967492,515.58153
235,20000,12,0.752173,,0.752173,0.748011,0.750316,480.5837,477.2199,478.697178,514.242879,516.908425,515.529592
236,20000,12,0.752374,,0.752374,0.748035,0.750517,480.5837,477.2199,478.854885,514.433305,516.908425,515.478532
237,20000,12,0.752374,,0.752374,0.748035,0.750769,480.883,477.2199,479.06639,514.433305,516.908425,515.424415
238,20000,12,0.752374,,0.752374,0.748195,0.750984,480.883,477.3037,479.2369,514.45767,516.693491,515.37041
239,20000,12,0.75289,,0.75289,0.749074,0.751159,481.3131,477.3037,479.312441,514.353556,516.29325,515.285022
240,20000,12,0.753241,,0.753241,0.749074,0.751398,481.3131,477.7488,479.511006,513.98693,516.263017,515.231601
241,20000,12,0.755521,,0.755521,0.750373,0.751684,482.7063,477.7922,479.675188,513.98693,516.263017,515.118218
242,20000,12,0.755521,,0.755521,0.750373,0.751826,482.7063,477.7922,479.773255,513.98693,516.263017,515.072975
243,20000,12,0.755521,,0.755521,0.750373,0.751987,482.7063,477.7922,479.842426,513.98693,516.263017,514.993844
244,20000,12,0.755521,,0.755521,0.750373,0.752235,482.7063,478.663,479.946032,513.912357,516.263017,514.870186
245,20000,12,0.755521,,0.755521,0.750558,0.752376,482.7063,478.663,480.060819,513.98693,515.862965,514.836748
246,20000,12,0.755521,,0.755521,0.750575,0.752596,482.7063,479.2583,480.238638,513.98693,515.849893,514.78434
247,20000,12,0.755521,,0.755521,0.751836,0.752785,482.7063,479.2583,480.335638,513.434241,515.744513,514.701945
248,20000,12,0.755521,,0.755521,0.752173,0.752982,482.7063,479.2583,480.413602,513.434241,515.744513,514.600566
249,20000,12,0.755521,,0.755521,0.752173,0.753178,482.7063,479.2583,480.469209,513.434241,515.293464,514.484735
250,20000,12,0.755521,,0.755521,0.752173,0.753412,482.7063,479.2583,480.64639,513.434241,515.416054,514.421049
251,20000,12,0.75564,,0.75564,0.752173,0.753594,482.7063,479.2583,480.768074,513.434241,515.416054,514.36078
252,20000,12,0.756828,,0.756828,0.752173,0.753816,482.7574,479.2583,480.93299,513.171682,515.416054,514.29843
253,20000,12,0.756828,,0.756828,0.752173,0.754046,482.7574,479.2583,481.094229,513.171682,515.416054,514.226824
254,20000,12,0.756828,,0.756828,0.752374,0.754229,482.7574,479.7033,481.209074,513.171682,515.416054,514.161069
255,20000,12,0.761738,,0.761738,0.744712,0.754455,489.1722,472.9857,481.462174,512.99464,518.347958,514.154181
256,20000,12,0.761738,,0.761738,0.752487,0.755046,489.7255,479.7033,481.922378,512.99464,515.416054,514.001625
257,20000,12,0.761738,,0.761738,0.752487,0.755515,489.7255,479.7033,482.35686,512.824512,515.416054,513.927326
258,20000,12,0.761738,,0.761738,0.753157,0.756049,489.7255,479.7995,482.805659,512.092363,515.416054,513.811059
259,20000,12,0.761738,,0.761738,0.753157,0.756551,489.7255,479.7995,483.259863,512.092363,515.416054,513.723919
260,20000,12,0.761738,,0.761738,0.753241,0.75706,489.7255,479.7995,483.667823,512.092363,514.947235,513.600247
261,20000,12,0.761738,,0.761738,0.753512,0.757477,489.7255,480.3116,483.969814,512.092363,514.947235,513.477908
262,20000,12,0.761738,,0.761738,0.753512,0.757812,489.7255,480.3116,484.241832,511.9745,514.947235,513.398466
263,20000,12,0.761738,,0.761738,0.753512,0.758077,489.7255,480.3116,484.511703,511.936311,514.733904,513.373004
264,20000,12,0.761738,,0.761738,0.753605,0.758591,489.7255,480.8689,484.912903,510.511434,514.655323,513.241036
265,20000,12,0.761738,,0.761738,0.755017,0.759062,489.7255,481.5407,485.305561,510.511434,514.392484,513.136512
266,20000,12,0.7634,,0.7634,0.755017,0.75954,489.7255,481.5407,485.635028,510.511434,515.209793,512.984537
267,20000,12,0.764283,,0.764283,0.755017,0.759941,490.3293,481.5407,485.927423,510.511434,515.018566,512.867572
268,20000,12,0.765212,,0.765212,0.755017,0.760291,490.7952,481.5407,486.21096,510.38018,515.018566,512.784598
269,20000,12,0.765747,,0.765747,0.755989,0.760787,490.7952,481.7089,486.565063,510.38018,514.273923,512.63454
270,20000,12,0.766311,,0.766311,0.755989,0.761162,490.7952,481.7089,486.776247,510.38018,514.273923,512.484278
271,20000,12,0.766311,,0.766311,0.756852,0.761575,491.1229,483.0371,487.06993,510.38018,514.273923,512.358837
272,20000,12,0.766311,,0.766311,0.758903,0.761952,491.1229,483.9347,487.27454,510.38018,514.273923,512.201345
273,20000,12,0.767456,,0.767456,0.758903,0.762469,491.316,483.9347,487.71919,509.949895,514.273923,512.09652
274,20000,12,0.767456,,0.767456,0.758903,0.762918,491.316,484.2975,488.049753,509.949895,514.273923,511.967396
275,20000,12,0.767887,,0.767887,0.758903,0.76345,491.7852,484.2975,488.476694,509.894426,514.273923,511.838816
276,20000,12,0.767887,,0.767887,0.758903,0.763747,491.7852,484.2975,488.791696,510.340853,514.273923,511.818319
277,20000,12,0.767887,,0.767887,0.761181,0.763984,491.7852,484.417,489.03275,510.340853,514.273923,511.794542
278,20000,12,0.767887,,0.767887,0.761181,0.764348,491.7852,484.417,489.346493,510.340853,514.273923,511.721374
279,20000,12,0.767887,,0.767887,0.761181,0.764555,491.7852,484.417,489.432276,510.340853,514.273923,511.61748
280,20000,12,0.767887,,0.767887,0.761181,0.764893,491.7852,484.417,489.790104,510.340853,514.273923,511.593455
281,20000,12,0.769422,,0.769422,0.761181,0.765266,493.7226,484.417,490.098891,510.340853,514.216157,511.509558
282,20000,12,0.769422,,0.769422,0.761181,0.765648,493.7226,484.74,490.454415,510.340853,512.9329,511.449193
283,20000,12,0.769422,,0.769422,0.761181,0.765925,493.7226,485.7126,490.677411,510.485105,512.97473,511.383286
284,20000,12,0.770333,,0.770333,0.761181,0.766404,494.0064,485.7126,490.994625,510.175573,513.552243,511.22204
285,20000,12,0.770333,,0.770333,0.761181,0.766756,494.0064,485.7126,491.240912,510.175573,512.786881,511.112326
286,20000,12,0.770524,,0.770524,0.763184,0.767204,494.3341,488.3086,491.554372,510.175573,512.758597,510.973229
287,20000,12,0.770524,,0.770524,0.763184,0.767574,494.3341,488.3086,491.857443,510.175573,512.758597,510.887695
288,20000,12,0.770524,,0.770524,0.76333,0.767887,494.3341,489.1488,492.118842,510.184143,512.382999,510.818381
289,20000,12,0.770524,,0.770524,0.76333,0.768077,494.3341,489.1488,492.23739,510.184143,512.382999,510.749416
290,20000,12,0.770524,,0.770524,0.76333,0.768285,494.3341,489.1488,492.375162,509.899923,512.382999,510.679886
291,20000,12,0.770524,,0.770524,0.765437,0.768584,494.3341,490.8659,492.628776,509.899923,512.031127,510.616778
292,20000,12,0.770524,,0.770524,0.765437,0.768877,494.3341,490.9843,492.900312,509.899923,512.031127,510.570284
293,20000,12,0.770524,,0.770524,0.766615,0.769211,494.3341,491.2938,493.156718,509.899923,511.539086,510.481034
294,20000,12,0.770524,,0.770524,0.766658,0.769429,494.3341,491.316,493.36114,509.899923,511.505423,510.448052
295,20000,12,0.770524,,0.770524,0.767887,0.769638,494.3341,491.6215,493.527519,509.86626,511.034588,510.396543
296,20000,12,0.770524,,0.770524,0.76793,0.769789,494.3341,491.6215,493.656259,509.86626,511.034588,510.364792
297,20000,12,0.771543,,0.771543,0.768127,0.769931,494.7094,491.7775,493.799989,509.702439,511.034588,510.351067
298,20000,12,0.771587,,0.771587,0.768771,0.770101,494.7494,491.7775,493.956285,509.668777,510.75776,510.322471
299,20000,12,0.771587,,0.771587,0.768771,0.77022,494.7494,491.7775,494.073117,509.668777,510.75776,510.308631
300,20000,12,0.771791,,0.771791,0.769277,0.770366,495.2593,492.6329,494.20172,509.668777,510.75776,510.280777
301,20000,12,0.771791,,0.771791,0.76934,0.770473,495.2593,492.6329,494.276551,509.668777,510.75776,510.247475
302,20000,12,0.772222,,0.772222,0.76934,0.770593,495.5648,492.6329,494.372474,509.668777,510.75776,510.217699
303,20000,12,0.772222,,0.772222,0.769344,0.770715,495.5648,492.6329,494.481821,509.668777,510.75776,510.196479
304,20000,12,0.772222,,0.772222,0.769412,0.770846,495.5648,493.8029,494.577821,509.446259,510.75776,510.158027
305,20000,12,0.772222,,0.772222,0.770524,0.770936,495.5648,494.289,494.622674,509.446259,510.289413,510.117976
306,20000,12,0.772222,,0.772222,0.770524,0.771018,495.5648,494.289,494.675967,509.446259,510.287622,510.089874
307,20000,12,0.772222,,0.772222,0.770524,0.771167,495.5648,494.289,494.754192,509.446259,510.287622,510.025816
308,20000,12,0.772222,,0.772222,0.770524,0.771263,495.5648,494.289,494.801064,509.446259,510.287622,509.982589
309,20000,12,0.772222,,0.772222,0.770524,0.771357,495.5648,494.289,494.845196,509.446259,510.287622,509.938454
310,20000,12,0.772398,,0.772398,0.770524,0.771521,495.6343,494.289,494.943086,509.446259,510.287622,509.876151
311,20000,12,0.772398,,0.772398,0.770524,0.771608,495.6343,494.289,494.989093,509.446259,510.287622,509.839246
312,20000,12,0.772398,,0.772398,0.770524,0.771676,495.6343,494.289,495.038473,509.241171,510.287622,509.819437
313,20000,12,0.772398,,0.772398,0.770659,0.771697,495.6343,494.289,495.048499,509.241171,510.287622,509.809695
314,20000,12,0.772398,,0.772398,0.770659,0.771794,495.6343,494.289,495.111271,509.241171,510.287622,509.775926
315,20000,12,0.772398,,0.772398,0.770792,0.771868,495.6343,494.289,495.181066,509.241171,510.079257,509.76504
316,20000,12,0.772398,,0.772398,0.770792,0.771913,495.6343,494.3341,495.230712,509.446259,510.079257,509.76345
317,20000,12,0.772703,,0.772703,0.770792,0.771948,495.9135,494.3341,495.266727,509.446259,510.180966,509.760521
318,20000,12,0.773015,,0.773015,0.770792,0.772038,496.2023,494.3341,495.353693,509.255165,510.180966,509.74802
319,20000,12,0.773015,,0.773015,0.770792,0.772144,496.2023,494.3341,495.436473,509.255165,510.180966,509.72142
320,20000,12,0.773015,,0.773015,0.770926,0.772207,496.2023,494.5534,495.479095,509.255165,510.180966,509.700975
321,20000,12,0.773015,,0.773015,0.770969,0.772295,496.2023,494.5534,495.548058,509.255165,510.045595,509.677828
322,20000,12,0.773015,,0.773015,0.770969,0.772398,496.2023,494.5534,495.624678,509.255165,510.045595,509.649178
323,20000,12,0.773015,,0.773015,0.772194,0.772449,496.2023,495.0844,495.657759,509.255165,509.746564,509.631799
324,20000,12,0.773015,,0.773015,0.772194,0.772492,496.2023,495.0844,495.681562,509.255165,509.746564,509.614159
325,20000,12,0.773055,,0.773055,0.772194,0.77254,496.2023,495.0844,495.706111,509.204551,509.746564,509.593138
326,20000,12,0.773367,,0.773367,0.772222,0.772595,496.2023,495.4472,495.736352,509.155118,509.746564,509.570571
327,20000,12,0.773367,,0.773367,0.772222,0.772652,496.2023,495.4472,495.778615,509.155118,509.746564,509.554274
328,20000,12,0.773367,,0.773367,0.772222,0.772716,496.2023,495.4472,495.815457,509.155118,509.746564,509.529164
329,20000,12,0.773367,,0.773367,0.772368,0.772786,496.2023,495.4472,495.862128,509.155118,509.6553,509.505922
330,20000,12,0.773367,,0.773367,0.772398,0.772818,496.2023,495.4472,495.891223,509.155118,509.6553,509.500007
331,20000,12,0.773367,,0.773367,0.772398,0.772873,496.2023,495.4472,495.924353,509.155118,509.6553,509.479215
332,20000,12,0.773367,,0.773367,0.772398,0.772923,496.2023,495.4472,495.951899,509.155118,509.6553,509.459004
333,20000,12,0.773367,,0.773367,0.772398,0.772967,496.2023,495.4472,495.970877,509.155118,509.6553,509.437323
334,20000,12,0.773538,,0.773538,0.772398,0.773024,496.4146,495.4472,496.002417,509.155118,509.6553,509.41406
335,20000,12,0.773581,,0.773581,0.772398,0.773106,496.4146,495.4472,496.046238,509.113609,509.6553,509.379696
336,20000,12,0.774111,,0.774111,0.772398,0.773166,496.6865,495.4472,496.087468,509.024195,509.6553,509.36034
337,20000,12,0.774111,,0.774111,0.772398,0.77324,496.6865,495.4472,496.118503,509.024195,509.6553,509.323574
338,20000,12,0.774111,,0.774111,0.772398,0.773317,496.6865,495.4472,496.164165,508.970569,509.6553,509.293824
339,20000,12,0.774111,,0.774111,0.772398,0.773401,496.6865,495.6343,496.189014,508.970569,509.6553,509.245123
340,20000,12,0.78114,,0.78114,0.770192,0.773852,501.7092,494.2277,496.467565,505.90952,510.433453,509.079831
341,20000,12,0.78114,,0.78114,0.772398,0.774172,501.7092,494.9111,496.67873,505.90952,509.6553,508.971421
342,20000,12,0.78114,,0.78114,0.772746,0.774397,501.7092,494.9111,496.84703,505.90952,509.591617,508.909362
343,20000,12,0.78114,,0.78114,0.773015,0.774664,501.7092,494.7036,497.024247,505.90952,509.555254,508.81988
344,20000,12,0.78114,,0.78114,0.773367,0.775047,501.7092,494.7036,497.315742,505.90952,509.391508,508.715792
345,20000,12,0.78114,,0.78114,0.773367,0.7756,501.7092,496.0152,497.727288,505.90952,509.391508,508.560831
346,20000,12,0.78114,,0.78114,0.773367,0.776145,501.7092,495.6389,498.152767,505.90952,509.391508,508.420558
347,20000,12,0.78114,,0.78114,0.773367,0.776591,501.7092,495.6389,498.458419,505.90952,509.488424,508.277475
348,20000,12,0.78114,,0.78114,0.773581,0.777108,501.7092,496.0152,498.854559,505.90952,509.488424,508.139551
349,20000,12,0.78114,,0.78114,0.773661,0.777791,502.0796,496.2023,499.320073,505.90952,509.488424,507.919105
350,20000,12,0.782345,,0.782345,0.774282,0.778444,502.0796,496.6318,499.732943,505.869311,509.281324,507.686353
351,20000,12,0.782506,,0.782506,0.774282,0.778965,502.3805,496.6318,500.10631,505.471934,509.158777,507.530226
352,20000,12,0.782506,,0.782506,0.774519,0.779612,502.4985,496.7596,500.613352,505.471934,508.974228,507.365136
353,20000,12,0.782506,,0.782506,0.774519,0.779982,502.4985,497.0859,500.877969,505.471934,509.007084,507.25369
354,20000,12,0.782512,,0.782512,0.775855,0.78027,502.4985,497.4656,501.031837,505.467568,508.54878,507.132126
355,20000,12,0.782512,,0.782512,0.775994,0.780597,502.4985,497.4656,501.240288,505.467568,508.478901,507.017381
356,20000,12,0.783822,,0.783822,0.776887,0.780892,502.4985,498.1091,501.418386,504.754756,508.089154,506.905947
357,20000,12,0.783822,,0.783822,0.777464,0.781157,502.8402,498.7145,501.50631,504.754756,507.919567,506.75855
358,20000,12,0.783822,,0.783822,0.777464,0.781372,502.8402,498.7145,501.649794,504.754756,507.919567,506.687194
359,20000,12,0.783943,,0.783943,0.779632,0.781581,503.0078,500.2101,501.755689,504.659853,507.919567,506.594773
360,20000,12,0.783943,,0.783943,0.779632,0.781784,503.0078,500.2101,501.862204,504.659853,507.795848,506.507814
361,20000,12,0.783943,,0.783943,0.779632,0.782056,503.6747,500.8814,501.994448,504.659853,507.795848,506.384195
362,20000,12,0.783943,,0.783943,0.780618,0.782276,503.6747,500.9034,502.12579,504.659853,507.562999,506.300947
363,20000,12,0.783943,,0.783943,0.780618,0.782439,503.6747,501.2017,502.154373,504.659853,507.562999,506.192655
364,20000,12,0.785071,,0.785071,0.781167,0.782631,505.4454,501.2017,502.268221,504.659853,507.221449,506.11959
365,20000,12,0.785413,,0.785413,0.781167,0.782853,505.4454,501.2017,502.413964,504.659853,507.234231,506.043959
366,20000,12,0.785413,,0.785413,0.781494,0.783087,505.4454,501.2017,502.562409,504.659853,507.234231,505.960692
367,20000,12,0.785413,,0.785413,0.781494,0.783241,505.4454,501.157,502.617501,504.659853,507.234231,505.877239
368,20000,12,0.785413,,0.785413,0.781528,0.783469,505.4454,501.157,502.732555,504.659853,507.287819,505.776554
369,20000,12,0.785413,,0.785413,0.781821,0.783627,505.4454,501.157,502.84152,504.659853,507.234231,505.726829
370,20000,12,0.785526,,0.785526,0.781821,0.783751,505.4454,501.5076,502.977277,504.487614,507.234231,505.720998
371,20000,12,0.786261,,0.786261,0.78184,0.78398,506.1063,501.5076,503.240331,504.659853,507.267087,505.71882
372,20000,12,0.786681,,0.786681,0.781957,0.784219,506.1063,501.6177,503.46648,504.659853,506.809552,505.68352
373,20000,12,0.786681,,0.786681,0.781982,0.784384,506.1063,501.6177,503.634863,504.659853,506.442543,505.667895
374,20000,12,0.786681,,0.786681,0.781982,0.78459,506.2407,501.6177,503.823988,504.659853,506.442543,505.633941
375,20000,12,0.786681,,0.786681,0.781982,0.784797,506.2407,501.6177,504.039892,504.659853,506.442543,505.616949
376,20000,12,0.786681,,0.786681,0.782443,0.78502,506.1063,501.5311,504.299823,504.659853,506.442543,505.617318
377,20000,12,0.787247,,0.787247,0.782443,0.785292,507.0631,501.5311,504.606504,504.659853,506.442543,505.610434
378,20000,12,0.787247,,0.787247,0.783366,0.785636,506.4188,502.8402,504.851157,504.700808,506.252816,505.506414
379,20000,12,0.787645,,0.787645,0.783685,0.785811,506.4188,502.8402,504.996689,504.551626,506.252816,505.467621
380,20000,12,0.787645,,0.787645,0.783685,0.785962,506.4593,502.8402,505.10855,504.551626,506.840165,505.424636
381,20000,12,0.787832,,0.787832,0.783685,0.786167,507.0875,502.8402,505.274906,504.551626,506.063412,505.375746
382,20000,12,0.787832,,0.787832,0.78381,0.786299,507.0875,502.9668,505.379457,504.551626,506.063412,505.342954
383,20000,12,0.787832,,0.787832,0.78489,0.786517,507.0875,503.8056,505.569662,504.551626,505.996567,505.300472
384,20000,12,0.788435,,0.788435,0.785379,0.786743,507.0875,504.4364,505.739528,504.551626,505.996567,505.238432
385,20000,12,0.788435,,0.788435,0.785379,0.786939,507.0875,504.4364,505.896085,504.551626,505.996567,505.18984
386,20000,12,0.788435,,0.788435,0.785777,0.787114,507.0875,505.0599,506.024119,504.551626,505.996567,505.139581
387,20000,12,0.788613,,0.788613,0.785777,0.787271,507.6987,505.0599,506.137381,504.551626,505.884166,505.093218
388,20000,12,0.788613,,0.788613,0.785777,0.787396,507.6987,505.0599,506.208597,504.551626,505.884166,505.042932
389,20000,12,0.788613,,0.788613,0.785892,0.787502,507.6987,505.0599,506.292097,504.389909,505.694763,505.016697
390,20000,12,0.78873,,0.78873,0.786399,0.787653,507.6987,505.4669,506.439711,504.389909,505.626717,504.997777
391,20000,12,0.78879,,0.78879,0.786399,0.787771,507.7682,505.4669,506.574988,504.389909,505.505332,504.996171
392,20000,12,0.789571,,0.789571,0.786521,0.787898,507.9588,505.4669,506.674137,504.389909,505.442031,504.963645
393,20000,12,0.789571,,0.789571,0.786521,0.788004,507.9588,505.4669,506.759802,504.389909,505.442031,504.938035
394,20000,12,0.789571,,0.789571,0.786521,0.788092,507.9588,505.4669,506.807003,504.389909,505.442031,504.901358
395,20000,12,0.789571,,0.789571,0.786521,0.788221,507.9588,505.4669,506.894469,504.298645,505.36048,504.85882
396,20000,12,0.789598,,0.789598,0.786798,0.788336,507.9588,505.524,507.011178,504.298645,505.36048,504.847798
397,20000,12,0.789776,,0.789776,0.787368,0.788466,508.5151,505.524,507.096336,504.377749,505.10933,504.803369
398,20000,12,0.789776,,0.789776,0.787368,0.788557,508.6956,505.524,507.204136,504.377749,505.144924,504.804436
399,20000,12,0.790557,,0.790557,0.787368,0.788732,508.9857,505.524,507.362753,504.250797,505.220097,504.77428
400,20000,12,0.790557,,0.790557,0.787782,0.788845,508.9857,505.8348,507.445637,504.250797,505.220097,504.741946
401,20000,12,0.790735,,0.790735,0.787944,0.788972,509.4425,505.8348,507.541698,504.159533,505.220097,504.706956
402,20000,12,0.790912,,0.790912,0.788187,0.789169,509.512,506.5278,507.720165,504.159533,505.220097,504.673158
403,20000,12,0.791077,,0.791077,0.788242,0.7893,509.5364,506.5278,507.837706,504.159533,505.220097,504.649294
404,20000,12,0.791304,,0.791304,0.788242,0.789404,509.9826,506.5278,507.917565,504.112726,505.092186,504.622321
405,20000,12,0.791304,,0.791304,0.788242,0.789572,509.9826,506.1682,508.05666,504.016762,505.092186,504.584291
406,20000,12,0.791304,,0.791304,0.788265,0.789703,509.9826,506.1682,508.185523,504.016762,504.960148,504.568334
407,20000,12,0.791304,,0.791304,0.788565,0.789859,509.9826,506.8742,508.354336,504.016762,504.87397,504.559597
408,20000,12,0.791469,,0.791469,0.788565,0.789988,510.007,506.8742,508.487551,504.016762,504.87397,504.548735
409,20000,12,0.791469,,0.791469,0.788808,0.790141,510.007,506.9216,508.644792,504.016762,504.87397,504.534239
410,20000,12,0.791469,,0.791469,0.788863,0.790236,510.007,506.9216,508.742959,504.016762,504.87397,504.526068
411,20000,12,0.791469,,0.791469,0.788832,0.790409,510.007,506.9216,508.921219,503.83274,504.87397,504.510631
412,20000,12,0.791469,,0.791469,0.788981,0.790563,510.007,506.9216,509.09536,503.83274,504.87397,504.506925
413,20000,12,0.791469,,0.791469,0.788985,0.790722,510.007,507.1938,509.269543,503.83274,504.87397,504.49972
414,20000,12,0.791469,,0.791469,0.788985,0.790836,510.007,507.611,509.367957,503.83274,504.87397,504.476884
415,20000,12,0.791757,,0.791757,0.788985,0.790967,510.007,507.611,509.495024,503.83274,504.79263,504.460157
416,20000,12,0.791757,,0.791757,0.788985,0.791138,510.007,507.611,509.66558,503.921859,504.79263,504.44063
417,20000,12,0.792042,,0.792042,0.78979,0.7913,510.3634,507.9107,509.810813,503.904361,504.782706,504.411988
418,20000,12,0.792042,,0.792042,0.790171,0.791386,510.3634,508.1347,509.878655,503.848691,504.523985,504.390017
419,20000,12,0.792428,,0.792428,0.790349,0.791468,510.5188,508.4725,509.937604,503.848691,504.523985,504.365772
420,20000,12,0.792428,,0.792428,0.790349,0.791542,510.5188,508.6053,509.976351,503.848691,504.523985,504.333607
421,20000,12,0.792428,,0.792428,0.790349,0.791599,510.5188,508.8715,510.017123,503.848691,504.523985,504.317054
422,20000,12,0.792495,,0.792495,0.790979,0.791692,510.5188,509.2093,510.055521,503.753788,504.523985,504.269907
423,20000,12,0.792495,,0.792495,0.790979,0.791771,510.5188,509.2093,510.097939,503.753788,504.523985,504.236465
424,20000,12,0.792495,,0.792495,0.791469,0.791852,510.5188,509.6022,510.139856,503.753788,504.411584,504.201865
425,20000,12,0.796971,,0.796971,0.788445,0.792016,511.9668,506.5407,510.112997,501.432848,504.447043,504.05569
426,20000,12,0.796971,,0.796971,0.788445,0.792182,511.9668,506.5407,510.18458,501.41287,504.447043,503.974198
427,20000,12,0.796971,,0.796971,0.791469,0.792508,512.2278,507.7148,510.363614,501.41287,504.411584,503.840073
428,20000,12,0.796971,,0.796971,0.791469,0.792709,512.2278,507.7148,510.443869,501.41287,504.411584,503.737058
429,20000,12,0.796971,,0.796971,0.791469,0.793065,512.2278,507.7148,510.609111,501.401634,504.411584,503.56971
430,20000,12,0.796971,,0.796971,0.791469,0.793387,512.2278,507.7148,510.77476,501.401634,504.411584,503.42984
431,20000,12,0.796971,,0.796971,0.791469,0.793874,512.4055,507.7148,510.954713,501.401634,504.411584,503.170754
432,20000,12,0.796971,,0.796971,0.791469,0.79424,512.6962,507.7148,511.128233,501.401634,504.411584,503.001322
433,20000,12,0.796971,,0.796971,0.791985,0.794518,512.517,509.6266,511.216388,501.401634,504.203219,502.843545
434,20000,12,0.796971,,0.796971,0.791985,0.794935,512.4064,509.6266,511.321987,501.401634,504.203219,502.58913
435,20000,12,0.79748,,0.79748,0.792042,0.795249,512.9673,510.3066,511.445644,501.401634,504.203219,502.426781
436,20000,12,0.798336,,0.798336,0.792164,0.795438,512.9673,510.3634,511.549952,501.038267,504.188924,502.349207
437,20000,12,0.798336,,0.798336,0.792164,0.795727,512.9673,510.3634,511.688039,501.038267,504.188924,502.216742
438,20000,12,0.798513,,0.798513,0.792164,0.796138,514.2782,510.3634,511.893856,501.038267,504.108316,502.033899
439,20000,12,0.798513,,0.798513,0.792164,0.796432,514.2782,510.3634,512.060924,501.018339,504.108316,501.916322
440,20000,12,0.799141,,0.799141,0.793149,0.796658,514.2782,510.8752,512.163344,500.795679,503.683199,501.808829
441,20000,12,0.799141,,0.799141,0.793454,0.796905,514.2782,510.8752,512.311334,500.795679,503.575641,501.715405
442,20000,12,0.799141,,0.799141,0.79348,0.797101,514.2782,510.8752,512.452888,500.795679,503.446119,501.657196
443,20000,12,0.799449,,0.799449,0.793812,0.797361,514.4599,511.294,512.607114,500.795679,503.446119,501.55788
444,20000,12,0.799519,,0.799519,0.793812,0.797574,514.6761,511.294,512.784236,500.795679,503.446119,501.510468
445,20000,12,0.799519,,0.799519,0.796266,0.797843,514.6761,511.532,512.991641,500.795679,502.529487,501.439906
446,20000,12,0.799744,,0.799744,0.796394,0.798067,514.8226,511.532,513.160516,500.724344,502.529487,501.378399
447,20000,12,0.799744,,0.799744,0.796394,0.798283,514.8226,511.532,513.301115,500.661164,502.529487,501.303927
448,20000,12,0.799744,,0.799744,0.796638,0.798528,514.8226,511.532,513.468089,500.661164,502.184753,501.224627
449,20000,12,0.800032,,0.800032,0.796971,0.798732,514.8226,511.9668,513.621782,500.572011,502.093489,501.168747
450,20000,12,0.800032,,0.800032,0.797305,0.798893,514.8226,512.3968,513.750158,500.572011,501.779489,501.128976
451,20000,12,0.800032,,0.800032,0.797305,0.799048,514.8226,512.3968,513.838081,500.572011,501.688225,501.067335
452,20000,12,0.800032,,0.800032,0.797813,0.79914,514.8226,512.7133,513.882838,500.572011,501.688225,501.024985
453,20000,12,0.800032,,0.800032,0.798086,0.799285,514.8979,512.8316,513.988858,500.572011,501.688225,500.983294
454,20000,12,0.800032,,0.800032,0.798086,0.799391,514.8979,512.8316,514.113193,500.572011,501.49965,500.983558
455,20000,12,0.800032,,0.800032,0.798086,0.79949,514.9674,512.8316,514.247688,500.572011,501.49965,500.996703
456,20000,12,0.800327,,0.800327,0.798462,0.799569,515.1374,513.2696,514.323321,500.572011,501.49965,500.986154
457,20000,12,0.800716,,0.800716,0.798462,0.799632,515.2127,513.2696,514.3928,500.496182,501.408386,500.98302
458,20000,12,0.800716,,0.800716,0.798462,0.799741,515.2127,513.2696,514.503774,500.496182,501.302859,500.972572
459,20000,12,0.800716,,0.800716,0.798462,0.799831,515.2127,513.2696,514.613614,500.496182,501.261049,500.976156
460,20000,12,0.801011,,0.801011,0.798462,0.799951,515.8207,513.2743,514.735169,500.496182,501.261049,500.963949
461,20000,12,0.801011,,0.801011,0.79882,0.800035,515.8207,513.5697,514.790623,500.572011,501.235371,500.935102
462,20000,12,0.801011,,0.801011,0.79897,0.800132,515.8207,513.5781,514.877732,500.572011,501.235371,500.918588
463,20000,12,0.801022,,0.801022,0.79897,0.800211,515.896,513.5781,514.970298,500.572011,501.235371,500.918472
464,20000,12,0.801022,,0.801022,0.799111,0.800314,515.896,513.9993,515.06759,500.572011,501.235371,500.903615
465,20000,12,0.801022,,0.801022,0.799626,0.800382,515.896,513.9993,515.124088,500.572011,501.183678,500.888268
466,20000,12,0.801022,,0.801022,0.799921,0.800437,515.896,514.2446,515.178392,500.572011,501.134225,500.882094
467,20000,12,0.80148,,0.80148,0.800032,0.800526,515.896,514.2446,515.255735,500.269007,501.110125,500.863987
468,20000,12,0.80148,,0.80148,0.800032,0.800611,515.896,514.2446,515.329349,500.269007,500.981892,500.847129
469,20000,12,0.80148,,0.80148,0.800259,0.800679,515.896,514.9799,515.383482,500.269007,500.981892,500.830186
470,20000,12,0.80148,,0.80148,0.800338,0.80074,515.896,514.9799,515.422076,500.269007,500.981892,500.808561
471,20000,12,0.80148,,0.80148,0.800338,0.800834,515.896,514.9799,515.478535,500.269007,500.981892,500.772876
472,20000,12,0.801973,,0.801973,0.800338,0.800894,516.1245,514.9799,515.506003,500.269007,500.981892,500.744656
473,20000,12,0.801973,,0.801973,0.800338,0.80097,516.1245,515.1264,515.548296,500.269007,500.981892,500.714006
474,20000,12,0.801973,,0.801973,0.800338,0.801046,516.214,515.1959,515.590961,500.269007,500.981892,500.682889
475,20000,12,0.801984,,0.801984,0.800338,0.801106,516.214,515.1959,515.612203,500.269007,500.981892,500.650768
476,20000,12,0.801984,,0.801984,0.800564,0.80118,516.214,515.1959,515.656671,500.248713,500.906063,500.622998
477,20000,12,0.801984,,0.801984,0.800564,0.801238,516.214,515.1959,515.682729,500.248713,500.906063,500.594743
478,20000,12,0.801984,,0.801984,0.800846,0.801301,516.214,515.1959,515.719154,500.248713,500.906063,500.569954
479,20000,12,0.802146,,0.802146,0.800846,0.801372,516.214,515.1959,515.765658,500.119882,500.906063,500.545662
480,20000,12,0.802298,,0.802298,0.800846,0.801441,516.3967,515.1959,515.815198,500.119882,500.906063,500.525321
481,20000,12,0.802298,,0.802298,0.800846,0.801493,516.3967,515.4412,515.849266,500.119882,500.906063,500.507924
482,20000,12,0.802309,,0.802309,0.800855,0.801585,516.472,515.0175,515.886648,500.119882,500.906063,500.461185
483,20000,12,0.802309,,0.802309,0.801022,0.801664,516.472,515.4412,515.937621,500.119882,500.906063,500.43324
484,20000,12,0.802309,,0.802309,0.801022,0.801711,516.472,515.4412,515.962933,500.119882,500.906063,500.413656
485,20000,12,0.802965,,0.802965,0.801022,0.801793,516.9502,515.4412,516.024676,500.097256,500.906063,500.391451
486,20000,12,0.802965,,0.802965,0.801022,0.801863,516.9502,515.4412,516.089261,500.097256,500.906063,500.379927
487,20000,12,0.802965,,0.802965,0.801022,0.801938,516.9502,515.4412,516.144389,500.097256,500.906063,500.358171
488,20000,12,0.802991,,0.802991,0.801288,0.802009,516.9502,515.4412,516.183762,500.077057,500.700524,500.329466
489,20000,12,0.802991,,0.802991,0.801313,0.802097,516.9502,515.4776,516.266013,500.077057,500.700524,500.315624
490,20000,12,0.802991,,0.802991,0.80148,0.802157,516.9502,515.4776,516.306887,500.077057,500.700524,500.296059
491,20000,12,0.802991,,0.802991,0.80148,0.802228,516.9502,515.4776,516.367803,500.077057,500.700524,500.281464
492,20000,12,0.802991,,0.802991,0.801491,0.802327,516.9502,515.5529,516.464655,500.002287,500.700524,500.269529
493,20000,12,0.803207,,0.803207,0.801505,0.802416,517.0286,515.6659,516.530367,499.930666,500.424634,500.244009
494,20000,12,0.803207,,0.803207,0.801625,0.802483,517.0286,515.8671,516.58709,499.930666,500.424634,500.22948
495,20000,12,0.803207,,0.803207,0.801984,0.802566,517.0286,516.0311,516.648782,499.930666,500.424634,500.206535
496,20000,12,0.803207,,0.803207,0.801984,0.802622,517.0286,516.0311,516.695114,499.930666,500.424634,500.194176
497,20000,12,0.803207,,0.803207,0.801984,0.802671,517.0286,516.0311,516.738428,499.930666,500.424634,500.184501
498,20000,12,0.803283,,0.803283,0.802146,0.802745,517.2372,516.0311,516.806531,499.930666,500.418366,500.172234
499,20000,12,0.803283,,0.803283,0.802309,0.802788,517.2372,516.472,516.837357,499.930666,500.341199,500.160021
500,20000,12,0.803515,,0.803515,0.802309,0.802838,517.4795,516.472,516.863232,499.930666,500.341199,500.138137
501,20000,12,0.803515,,0.803515,0.802309,0.802898,517.4795,516.472,516.905037,499.930666,500.341199,500.119186
502,20000,12,0.803515,,0.803515,0.802309,0.802928,517.4795,516.472,516.921596,499.853055,500.341199,500.107282
503,20000,12,0.803515,,0.803515,0.802309,0.803,517.4795,516.472,516.976095,499.853055,500.341199,500.087117
504,20000,12,0.803515,,0.803515,0.802309,0.803068,517.4795,516.472,517.036349,499.930666,500.288192,500.075004
505,20000,12,0.803515,,0.803515,0.802309,0.803103,517.4795,516.472,517.063822,499.930666,500.288192,500.066015
506,20000,12,0.803515,,0.803515,0.802309,0.803149,517.4795,516.472,517.102494,499.930666,500.288192,500.056058
507,20000,12,0.803515,,0.803515,0.802964,0.803198,517.4795,516.9502,517.147217,499.900994,500.150263,500.047193
508,20000,12,0.803833,,0.803833,0.802964,0.803236,517.7665,516.9502,517.186358,499.900994,500.150263,500.044141
509,20000,12,0.803833,,0.803833,0.802965,0.8033,517.7665,516.9502,517.24786,499.900994,500.097256,500.035204
510,20000,12,0.805269,,0.805269,0.801725,0.803375,518.8985,515.2954,517.264448,499.042438,500.097256,499.988181
511,20000,12,0.805269,,0.805269,0.802965,0.803474,518.8985,516.0547,517.327695,499.042438,500.097256,499.953448
512,20000,12,0.805269,,0.805269,0.802991,0.803579,518.8985,516.0547,517.346099,499.042438,500.078642,499.883722
513,20000,12,0.805295,,0.805295,0.802991,0.803703,518.8985,516.0547,517.380877,499.042438,500.078642,499.810345
514,20000,12,0.805496,,0.805496,0.802991,0.803863,518.8985,516.0547,517.476033,499.042438,500.078642,499.749384
515,20000,12,0.805524,,0.805524,0.802991,0.804036,518.9118,516.0547,517.575208,499.042438,500.077057,499.680417
516,20000,12,0.805526,,0.805526,0.802991,0.804198,518.9118,516.0547,517.672494,499.042438,500.077057,499.619738
517,20000,12,0.805526,,0.805526,0.802991,0.804336,518.9118,516.7352,517.759443,499.032777,500.077057,499.570267
518,20000,12,0.805526,,0.805526,0.802991,0.804448,518.9118,516.7352,517.841132,499.032777,500.077057,499.537629
519,20000,12,0.805554,,0.805554,0.803232,0.80458,518.9118,516.9055,517.94135,498.962111,500.023018,499.501338
520,20000,12,0.805639,,0.805639,0.803232,0.804698,518.9118,516.9828,518.037668,498.962111,500.023018,499.474003
521,20000,12,0.805722,,0.805722,0.803232,0.804819,518.9118,516.9828,518.136547,498.962111,500.085808,499.446228
522,20000,12,0.805756,,0.805756,0.803515,0.804981,518.9477,517.3152,518.26003,498.989521,500.023018,499.402189
523,20000,12,0.80589,,0.80589,0.803515,0.805113,518.9627,517.3907,518.364326,498.989521,500.023018,499.369153
524,20000,12,0.806019,,0.806019,0.803515,0.805234,519.2349,517.4367,518.462172,498.989521,500.023018,499.340462
525,20000,12,0.806032,,0.806032,0.803515,0.805368,519.2349,517.4367,518.58421,498.876926,500.023018,499.317686
526,20000,12,0.806032,,0.806032,0.803515,0.805451,519.6411,517.4367,518.661658,498.876926,500.028425,499.304922
527,20000,12,0.806425,,0.806425,0.804526,0.805549,519.6411,517.4367,518.748488,498.802451,500.028425,499.287108
528,20000,12,0.806425,,0.806425,0.804637,0.805649,519.6411,517.6944,518.819714,498.802451,499.62368,499.256333
529,20000,12,0.806425,,0.806425,0.804637,0.805762,519.6411,517.6944,518.899673,498.802451,499.62368,499.221932
530,20000,12,0.806524,,0.806524,0.804637,0.805844,519.6411,517.7964,518.937972,498.802451,499.587778,499.183586
531,20000,12,0.806554,,0.806554,0.805096,0.80592,520.1193,518.3603,519.001033,498.802451,499.587778,499.166548
532,20000,12,0.806554,,0.806554,0.805231,0.805996,520.1193,518.4924,519.056149,498.787068,499.587778,499.144437
533,20000,12,0.806677,,0.806677,0.805231,0.806055,520.1193,518.4979,519.10425,498.802451,499.587778,499.130122
534,20000,12,0.806677,,0.806677,0.805231,0.806125,520.1193,518.4979,519.15609,498.802451,499.587778,499.11029
535,20000,12,0.806701,,0.806701,0.80559,0.806211,520.3915,518.7686,519.234362,498.789924,499.587778,499.096274
536,20000,12,0.807126,,0.807126,0.80559,0.806335,520.6944,518.5927,519.361234,498.558959,499.536747,499.084425
537,20000,12,0.807126,,0.807126,0.80559,0.806414,520.6944,518.5927,519.45279,498.558959,499.536747,499.084075
538,20000,12,0.807156,,0.807156,0.805673,0.806538,520.6944,518.5927,519.570619,498.540251,499.536747,499.066032
539,20000,12,0.807156,,0.807156,0.805738,0.806627,520.6944,518.7686,519.667058,498.540251,499.536747,499.061635
540,20000,12,0.807156,,0.807156,0.806131,0.806702,520.6944,519.1157,519.729685,498.540251,499.550119,499.045
541,20000,12,0.807272,,0.807272,0.806189,0.806785,520.9666,519.1462,519.7616,498.540251,499.536747,499.001433
542,20000,12,0.807272,,0.807272,0.806189,0.806869,520.9666,519.1462,519.817816,498.540251,499.529824,498.973864
543,20000,12,0.807272,,0.807272,0.806496,0.806929,520.9666,519.1462,519.879644,498.519956,499.516452,498.96803
544,20000,12,0.807272,,0.807272,0.806672,0.806969,520.9666,519.1462,519.926608,498.519956,499.442327,498.968927
545,20000,12,0.807272,,0.807272,0.806672,0.807009,520.9666,519.1462,519.974161,498.519956,499.442327,498.968886
546,20000,12,0.807405,,0.807405,0.806672,0.807043,520.9666,519.1462,519.985321,498.368861,499.442327,498.950604
547,20000,12,0.808011,,0.808011,0.806727,0.807092,521.3294,519.1462,520.027326,498.368861,499.42912,498.940236
548,20000,12,0.808011,,0.808011,0.806727,0.807136,521.3294,519.1462,520.02434,498.368861,499.42912,498.903984
549,20000,12,0.808011,,0.808011,0.806787,0.807181,521.3294,519.1462,520.053906,498.368861,499.42912,498.888509
550,20000,12,0.808011,,0.808011,0.806787,0.807236,521.3294,519.1462,520.080462,498.368861,499.42912,498.863823
551,20000,12,0.808011,,0.808011,0.806787,0.807277,521.3294,519.2482,520.1274,498.368861,499.42912,498.86308
552,20000,12,0.808011,,0.808011,0.807069,0.807308,521.3294,519.5053,520.146908,498.368861,499.42912,498.852141
553,20000,12,0.808011,,0.808011,0.807069,0.807367,521.3294,519.5053,520.217485,498.348567,499.42912,498.853238
554,20000,12,0.808011,,0.808011,0.807069,0.807401,521.3294,519.5053,520.22527,498.348567,499.42912,498.831983
555,20000,12,0.808011,,0.808011,0.807069,0.807434,521.3294,519.5053,520.228823,498.348567,499.42912,498.808421
556,20000,12,0.808011,,0.808011,0.807069,0.80748,521.3294,519.5053,520.27013,498.348567,499.42912,498.800476
557,20000,12,0.808011,,0.808011,0.807069,0.807523,521.3294,519.5053,520.329263,498.348567,499.42912,498.806602
558,20000,12,0.808202,,0.808202,0.807069,0.807574,521.5783,519.5053,520.359294,498.348567,499.42912,498.786745
559,20000,12,0.808202,,0.808202,0.807107,0.807631,521.5783,519.5053,520.431255,498.348567,499.42912,498.790333
560,20000,12,0.808202,,0.808202,0.807107,0.807681,521.5783,519.5053,520.506776,498.348567,499.42912,498.801762
561,20000,12,0.808202,,0.808202,0.807107,0.807735,521.5783,519.5053,520.613306,498.348567,499.42912,498.831324
562,20000,12,0.808202,,0.808202,0.807107,0.807778,521.5783,519.5053,520.681413,498.348567,499.113641,498.843617
563,20000,12,0.808202,,0.808202,0.807332,0.807826,521.5783,519.5386,520.775084,498.348567,499.113641,498.868904
564,20000,12,0.808202,,0.808202,0.807332,0.80788,521.5783,519.5386,520.89817,498.348567,499.113641,498.909184
565,20000,12,0.808202,,0.808202,0.807332,0.807921,521.5783,519.5386,520.989219,498.348567,499.113641,498.938099
566,20000,12,0.808202,,0.808202,0.807332,0.807958,521.5783,519.5386,521.065225,498.348567,499.113641,498.960114
567,20000,12,0.809106,,0.809106,0.807559,0.808012,522.2022,519.8108,521.176056,498.409884,499.113641,498.992323
568,20000,12,0.809106,,0.809106,0.807559,0.808047,522.2022,519.8108,521.252386,498.409884,499.113641,499.015945
569,20000,12,0.809106,,0.809106,0.807559,0.808082,522.2022,519.8108,521.329089,498.409884,499.113641,499.040382
570,20000,12,0.809106,,0.809106,0.807559,0.808105,522.2022,519.8108,521.385935,498.409884,499.113641,499.06062
571,20000,12,0.809106,,0.809106,0.807581,0.808129,522.2022,519.9265,521.42964,498.49149,499.113641,499.070777
572,20000,12,0.809106,,0.809106,0.807581,0.808174,522.2022,519.9265,521.478888,498.49149,499.113641,499.068868
573,20000,12,0.809106,,0.809106,0.807581,0.808199,522.2022,519.9265,521.510482,498.49149,499.113641,499.070276
574,20000,12,0.809106,,0.809106,0.807839,0.808236,522.2022,521.1442,521.549254,498.826975,499.113641,499.067327
575,20000,12,0.809106,,0.809106,0.808011,0.808282,522.2022,521.2137,521.584861,498.826975,499.113641,499.055652
576,20000,12,0.809106,,0.809106,0.808011,0.808324,522.2022,521.2137,521.611362,498.826975,499.113641,499.040414
577,20000,12,0.809106,,0.809106,0.808011,0.808367,522.2022,521.2137,521.640961,498.826975,499.113641,499.026849
578,20000,12,0.80911,,0.80911,0.808011,0.808415,522.2022,521.2137,521.676459,498.745649,499.113641,499.013614
579,20000,12,0.809178,,0.809178,0.808011,0.808507,522.2022,521.2137,521.746623,498.745369,499.113641,498.988389
580,20000,12,0.809178,,0.809178,0.808011,0.808542,522.2022,521.2137,521.77815,498.745369,499.113641,498.982337
581,20000,12,0.809178,,0.809178,0.808011,0.808603,522.2022,521.3294,521.821757,498.745369,499.113641,498.964416
582,20000,12,0.809178,,0.809178,0.808011,0.808659,522.2022,521.3294,521.860426,498.745369,499.113641,498.946269
583,20000,12,0.809178,,0.809178,0.808011,0.80876,522.2022,521.3294,521.930163,498.745369,499.113641,498.914203
584,20000,12,0.809376,,0.809376,0.808011,0.808854,522.3501,521.3294,521.994483,498.715136,499.113641,498.883929
585,20000,12,0.809376,,0.809376,0.808202,0.808924,522.3501,521.541,522.04268,498.715136,499.113641,498.861482
586,20000,12,0.809376,,0.809376,0.808202,0.808961,522.3501,521.541,522.065606,498.715136,499.113641,498.848295
587,20000,12,0.809376,,0.809376,0.808202,0.809002,522.3501,521.5783,522.090422,498.715136,499.113641,498.832968
588,20000,12,0.809376,,0.809376,0.808202,0.80903,522.3501,521.5783,522.107375,498.715136,499.113641,498.822245
589,20000,12,0.809376,,0.809376,0.808202,0.809085,522.3501,521.5783,522.144859,498.715136,499.113641,498.804254
590,20000,12,0.809376,,0.809376,0.808202,0.809142,522.3501,521.5783,522.183911,498.715136,499.113641,498.786258
591,20000,12,0.809376,,0.809376,0.808472,0.809163,522.3501,521.7262,522.198791,498.715136,499.001802,498.779725
592,20000,12,0.809376,,0.809376,0.808472,0.809195,522.3501,521.7262,522.219436,498.715136,499.07772,498.768645
593,20000,12,0.809376,,0.809376,0.808633,0.80922,522.3501,522.0259,522.233392,498.715136,499.07772,498.758255
594,20000,12,0.809376,,0.809376,0.809106,0.80925,522.3501,522.0865,522.246436,498.715136,498.826975,498.743962
595,20000,12,0.809899,,0.809899,0.806932,0.809151,522.3501,519.7693,522.083089,497.813476,498.891709,498.712036
596,20000,12,0.809899,,0.809899,0.807767,0.809274,522.3501,519.783,522.235093,497.813476,498.826975,498.717604
597,20000,12,0.809899,,0.809899,0.809106,0.809304,522.3501,521.6131,522.271914,497.813476,498.826975,498.718809
598,20000,12,0.809899,,0.809899,0.80911,0.809314,522.3501,521.6131,522.279076,497.813476,498.826695,498.716262
599,20000,12,0.809899,,0.809899,0.80911,0.809324,522.3501,521.6131,522.286806,497.813476,498.745649,498.713121
600,20000,12,0.809899,,0.809899,0.80911,0.809342,522.3501,521.6131,522.291332,497.813476,498.745649,498.702287
601,20000,12,0.809899,,0.809899,0.80911,0.809359,522.3501,521.6131,522.296074,497.813476,498.745649,498.692045
602,20000,12,0.809899,,0.809899,0.80911,0.809376,522.3501,521.6131,522.288174,497.813476,498.745649,498.673396
603,20000,12,0.810102,,0.810102,0.80911,0.809403,522.3501,521.6131,522.287593,497.701917,498.745649,498.652424
604,20000,12,0.810169,,0.810169,0.809178,0.809433,522.3501,521.6131,522.277417,497.701637,498.745369,498.621923
605,20000,12,0.810169,,0.810169,0.809376,0.809448,522.3501,520.9988,522.261255,497.701637,498.715136,498.599685
606,20000,12,0.811031,,0.811031,0.809376,0.809482,523.4566,521.6131,522.28943,497.701637,498.762894,498.591995
607,20000,12,0.811031,,0.811031,0.809376,0.809505,523.4566,521.6131,522.30419,497.701637,498.762894,498.583933
608,20000,12,0.811031,,0.811031,0.809376,0.809534,523.4566,521.6131,522.338169,497.701637,498.762894,498.583826
609,20000,12,0.811031,,0.811031,0.809376,0.809597,523.4566,521.6131,522.388686,497.701637,498.762894,498.568238
610,20000,12,0.811031,,0.811031,0.809376,0.809681,523.4566,521.6131,522.496377,497.701637,498.762894,498.575103
611,20000,12,0.811031,,0.811031,0.809376,0.809751,523.4566,521.6826,522.55033,497.701637,498.762894,498.557113
612,20000,12,0.811228,,0.811228,0.809376,0.809814,523.4566,521.6826,522.64361,497.701637,498.762894,498.570044
613,20000,12,0.811228,,0.811228,0.809376,0.809925,523.4566,521.6826,522.699848,497.701637,498.762894,498.52133
614,20000,12,0.811228,,0.811228,0.809376,0.810001,523.4566,521.761,522.737452,497.701637,498.762894,498.486865
615,20000,12,0.811228,,0.811228,0.809376,0.810123,523.4566,521.761,522.811937,497.701637,498.762894,498.441871
616,20000,12,0.811228,,0.811228,0.809376,0.810161,523.4566,521.761,522.829986,497.701637,498.762894,498.424641
617,20000,12,0.811228,,0.811228,0.809376,0.810264,523.4566,521.761,522.919664,497.701637,498.762894,498.404264
618,20000,12,0.811228,,0.811228,0.809376,0.810354,523.4566,521.934,522.970063,497.747637,498.762894,498.367661
619,20000,12,0.811228,,0.811228,0.809376,0.810399,523.4566,521.934,523.016292,497.747637,498.762894,498.363772
620,20000,12,0.811228,,0.811228,0.809376,0.810481,523.4566,521.934,523.085101,497.747637,498.762894,498.345418
621,20000,12,0.811228,,0.811228,0.809376,0.810535,523.4566,521.934,523.113832,497.747637,498.762894,498.322875
622,20000,12,0.811228,,0.811228,0.809376,0.810605,523.4566,521.934,523.123176,497.747637,498.762894,498.274353
623,20000,12,0.811228,,0.811228,0.809376,0.81069,523.4566,521.934,523.163453,497.747637,498.762894,498.234908
624,20000,12,0.811228,,0.811228,0.809376,0.810751,523.4566,521.934,523.188023,497.747637,498.762894,498.204228
625,20000,12,0.811228,,0.811228,0.809376,0.8108,523.4566,521.934,523.208362,497.747637,498.762894,498.179302
626,20000,12,0.811228,,0.811228,0.809376,0.810861,523.4566,521.934,523.264872,497.747637,498.762894,498.169743
627,20000,12,0.811228,,0.811228,0.809376,0.810914,523.4566,522.3501,523.291084,497.912438,498.762894,498.145861
628,20000,12,0.811228,,0.811228,0.809376,0.811017,523.4566,522.3501,523.319055,497.912438,498.762894,498.08412
629,20000,12,0.811228,,0.811228,0.810265,0.811101,523.4566,523.3078,523.318216,497.912438,498.762894,498.018099
630,20000,12,0.811676,,0.811676,0.810265,0.811137,523.6388,523.3078,523.317062,497.784548,498.762894,497.989769
631,20000,12,0.811955,,0.811955,0.810265,0.811173,524.07,523.3078,523.321708,497.784548,498.762894,497.964872
632,20000,12,0.811955,,0.811955,0.81059,0.811207,524.07,523.3078,523.326354,497.784548,498.410269,497.941147
633,20000,12,0.811955,,0.811955,0.81059,0.811231,524.07,522.7587,523.328485,497.26373,498.410269,497.923489
634,20000,12,0.811955,,0.811955,0.811031,0.811275,524.07,522.7587,523.351351,497.26373,498.066202,497.90516
635,20000,12,0.811955,,0.811955,0.811031,0.811334,524.07,522.7587,523.38728,497.26373,498.066202,497.882583
636,20000,12,0.812158,,0.812158,0.811031,0.811395,524.07,522.7587,523.431879,497.26373,498.066202,497.865028
637,20000,12,0.812158,,0.812158,0.811031,0.811468,524.07,522.7587,523.480917,497.26373,498.066202,497.84144
638,20000,12,0.812158,,0.812158,0.811031,0.81153,524.07,522.7587,523.527647,497.26373,498.066202,497.824205
639,20000,12,0.812158,,0.812158,0.811228,0.811603,524.07,522.7587,523.581999,497.26373,497.912438,497.803653
640,20000,12,0.812158,,0.812158,0.811228,0.811662,524.07,522.7587,523.612306,497.26373,497.912438,497.777644
641,20000,12,0.812158,,0.812158,0.811228,0.811733,524.07,522.7587,523.63281,497.26373,497.912438,497.736019
642,20000,12,0.812158,,0.812158,0.811228,0.811797,524.07,522.7587,523.709122,497.26373,497.912438,497.737061
643,20000,12,0.812403,,0.812403,0.811228,0.811842,524.401,522.7587,523.778991,496.834741,497.912438,497.749063
644,20000,12,0.812403,,0.812403,0.811228,0.811891,524.401,522.7587,523.834437,496.834741,497.912438,497.748357
645,20000,12,0.812403,,0.812403,0.811228,0.811941,524.401,522.7587,523.878901,496.834741,497.912438,497.738967
646,20000,12,0.812403,,0.812403,0.811588,0.811978,524.401,522.7587,523.907119,496.834741,497.855925,497.72888
647,20000,12,0.812886,,0.812886,0.811588,0.812028,524.7189,522.7587,523.933896,496.834741,497.855925,497.708027
648,20000,12,0.812886,,0.812886,0.811676,0.812053,524.7189,522.7587,523.957806,496.834741,497.855925,497.704325
649,20000,12,0.812886,,0.812886,0.811676,0.812108,524.7189,522.7587,523.964779,496.834741,497.855925,497.666273
650,20000,12,0.812886,,0.812886,0.811955,0.812185,524.7189,522.7587,524.013331,496.834741,497.855925,497.638538
651,20000,12,0.812886,,0.812886,0.811955,0.812248,524.7189,522.7587,524.04424,496.834741,497.855925,497.610078
652,20000,12,0.812886,,0.812886,0.811955,0.812312,524.7189,522.7587,524.092339,496.834741,497.855925,497.59282
653,20000,12,0.812886,,0.812886,0.811955,0.812378,524.7189,523.5209,524.139836,497.207217,497.887471,497.573064
654,20000,12,0.812886,,0.812886,0.811955,0.812449,524.7189,523.5209,524.21778,497.207217,497.887471,497.569568
655,20000,12,0.812886,,0.812886,0.811955,0.812523,524.7189,523.5209,524.294743,497.207217,497.887471,497.563756
656,20000,12,0.812886,,0.812886,0.811955,0.812609,524.7189,523.5209,524.406535,497.207217,497.887471,497.571538
657,20000,12,0.812886,,0.812886,0.811955,0.812683,524.7189,523.5209,524.4667,497.207217,497.887471,497.553845
658,20000,12,0.812886,,0.812886,0.811955,0.812752,524.7189,523.5209,524.538416,497.207217,497.887471,497.548433
659,20000,12,0.812886,,0.812886,0.812196,0.812815,524.7189,523.5209,524.620112,497.207217,497.887471,497.554002
660,20000,12,0.812886,,0.812886,0.812212,0.81284,524.7189,523.5209,524.649613,497.207217,497.709451,497.554339
661,20000,12,0.812886,,0.812886,0.812315,0.812874,524.7189,523.5209,524.69494,497.207217,497.565033,497.557877
662,20000,12,0.812886,,0.812886,0.812886,0.812886,524.7189,524.7189,524.7189,497.565033,497.565033,497.565033
663,20000,12,0.812886,,0.812886,0.812886,0.812886,524.7189,524.7189,524.7189,497.565033,497.565033,497.565033
664,20000,12,0.812886,,0.812886,0.812886,0.812886,524.7189,524.7189,524.7189,497.565033,497.565033,497.565033
665,20000,12,0.812886,,0.812886,0.812886,0.812886,524.7189,524.7189,524.7189,497.565033,497.565033,497.565033
666,20000,12,0.812886,,0.812886,0.812886,0.812886,524.7189,524.7189,524.7189,497.565033,497.565033,497.565033
667,20000,12,0.812886,,0.812886,0.812886,0.812886,524.7189,524.7189,524.7189,497.565033,497.565033,497.565033
668,20000,12,0.812886,,0.812886,0.812886,0.812886,524.7189,524.7189,524.7189,497.565033,497.565033,497.565033
669,20000,12,0.812886,,0.812886,0.812886,0.812886,524.7189,524.7189,524.7189,497.565033,497.565033,497.565033
670,20000,12,0.812886,,0.812886,0.812886,0.812886,524.7189,524.7189,524.7189,497.565033,497.565033,497.565033
671,20000,12,0.812886,,0.812886,0.812886,0.812886,524.7189,524.7189,524.7189,497.565033,497.565033,497.565033
672,20000,12,0.812886,,0.812886,0.812886,0.812886,524.7189,524.7189,524.7189,497.565033,497.565033,497.565033
673,20000,12,0.812886,,0.812886,0.812886,0.812886,524.7189,524.7189,524.7189,497.565033,497.565033,497.565033
674,20000,12,0.812886,,0.812886,0.812886,0.812886,524.7189,524.7189,524.7189,497.565033,497.565033,497.565033
675,20000,12,0.812886,,0.812886,0.812886,0.812886,524.7189,524.7189,524.7189,497.565033,497.565033,497.565033
676,20000,12,0.812886,,0.812886,0.812886,0.812886,524.7189,524.7189,524.7189,497.565033,497.565033,497.565033
677,20000,12,0.812886,,0.812886,0.812886,0.812886,524.7189,524.7189,524.7189,497.565033,497.565033,497.565033
678,20000,12,0.813031,,0.813031,0.812886,0.812887,524.7189,524.7189,524.7189,497.451197,497.565033,497.563895
679,20000,12,0.813031,,0.813031,0.812886,0.812888,524.7189,524.7189,524.7189,497.451197,497.565033,497.562756
680,20000,12,0.813031,,0.813031,0.810475,0.812779,524.8404,521.9949,524.613382,497.413462,498.283376,497.577061
681,20000,12,0.813031,,0.813031,0.812482,0.812894,524.8404,524.7189,524.722545,497.451197,497.880149,497.560665
682,20000,12,0.813031,,0.813031,0.812886,0.812904,524.8404,524.7189,524.72376,497.451197,497.565033,497.553869
683,20000,12,0.813031,,0.813031,0.812886,0.812915,524.8404,524.7189,524.727405,497.451197,497.565033,497.547489
684,20000,12,0.813031,,0.813031,0.812886,0.812926,524.8404,524.7189,524.72619,497.451197,497.565033,497.538446
685,20000,12,0.813031,,0.813031,0.812886,0.812932,524.8404,524.7189,524.72862,497.451197,497.565033,497.535545
686,20000,12,0.813173,,0.813173,0.812886,0.812944,524.8404,524.7189,524.732259,497.421525,497.565033,497.528767
687,20000,12,0.813173,,0.813173,0.812886,0.812947,524.8404,524.7189,524.734683,497.421525,497.565033,497.52791
688,20000,12,0.813173,,0.813173,0.812886,0.812951,524.8404,524.7189,524.735886,497.421525,497.565033,497.52527
689,20000,12,0.813173,,0.813173,0.812886,0.812962,524.8404,524.7189,524.740734,497.421525,497.565033,497.519664
690,20000,12,0.813173,,0.813173,0.812886,0.812968,524.8404,524.7189,524.741854,497.421525,497.565033,497.515845
691,20000,12,0.813173,,0.813173,0.812886,0.81298,524.8404,524.7189,524.745487,497.421525,497.565033,497.508834
692,20000,12,0.813173,,0.813173,0.812886,0.812995,524.8404,524.7189,524.75155,497.421525,497.565033,497.5012
693,20000,12,0.813173,,0.813173,0.812886,0.813013,524.8404,524.7189,524.756226,497.421525,497.565033,497.490415
694,20000,12,0.813173,,0.813173,0.812886,0.81303,524.8404,524.7189,524.758638,497.421525,497.565033,497.478701
695,20000,12,0.813173,,0.813173,0.812886,0.813042,524.8404,524.7189,524.768263,497.421525,497.565033,497.475716
696,20000,12,0.813173,,0.813173,0.812886,0.813057,524.8404,524.7189,524.776572,497.421525,497.565033,497.470296
697,20000,12,0.813173,,0.813173,0.812907,0.813067,524.8404,524.7189,524.77787,497.421525,497.564369,497.462781
698,20000,12,0.813173,,0.813173,0.812907,0.813079,524.8404,524.7189,524.783844,497.421525,497.564369,497.457333
699,20000,12,0.813173,,0.813173,0.812907,0.813092,524.8404,524.7189,524.788781,497.421525,497.564369,497.450861
700,20000,12,0.813173,,0.813173,0.812907,0.81311,524.8404,524.7189,524.800907,497.421525,497.564369,497.445046
701,20000,12,0.813307,,0.813307,0.812907,0.813123,524.9613,524.7189,524.810431,497.398564,497.564369,497.441343
702,20000,12,0.813307,,0.813307,0.812983,0.813129,524.9613,524.7189,524.814236,497.398564,497.564369,497.438868
703,20000,12,0.813307,,0.813307,0.813031,0.813137,524.9613,524.7189,524.821425,497.398564,497.541408,497.437579
704,20000,12,0.813307,,0.813307,0.813031,0.813151,524.9613,524.7189,524.834386,497.398564,497.541408,497.435574
705,20000,12,0.813307,,0.813307,0.813031,0.813161,524.9613,524.7189,524.840597,497.398564,497.541408,497.431398
706,20000,12,0.813307,,0.813307,0.813031,0.813173,524.9613,524.7189,524.848035,497.398564,497.541408,497.426962
707,20000,12,0.813307,,0.813307,0.813031,0.813194,524.9613,524.7189,524.865021,497.398564,497.541408,497.422341
708,20000,12,0.813405,,0.813405,0.813031,0.813211,525.0739,524.7189,524.876193,497.397899,497.451197,497.416828
709,20000,12,0.813405,,0.813405,0.813165,0.813222,525.0739,524.8398,524.885794,497.397899,497.428235,497.414383
710,20000,12,0.813405,,0.813405,0.813165,0.813235,525.0739,524.8398,524.897742,497.397899,497.428235,497.411935
711,20000,12,0.813405,,0.813405,0.813165,0.813246,525.0739,524.8398,524.907177,497.397899,497.428235,497.410186
712,20000,12,0.813405,,0.813405,0.813165,0.813257,525.0739,524.8398,524.917815,497.397899,497.428235,497.40852
713,20000,12,0.813405,,0.813405,0.813165,0.813272,525.0739,524.8398,524.931061,497.397899,497.428235,497.405833
714,20000,12,0.813405,,0.813405,0.813173,0.813283,525.0739,524.8398,524.942742,497.397899,497.421525,497.404664
715,20000,12,0.813405,,0.813405,0.813173,0.813293,525.0739,524.8398,524.953131,497.393665,497.421525,497.404083
716,20000,12,0.813405,,0.813405,0.813173,0.813307,525.0739,524.8398,524.968196,497.393665,497.421525,497.403176
717,20000,12,0.813411,,0.813411,0.813173,0.813324,525.0739,524.8398,524.984832,497.393001,497.421525,497.401147
718,20000,12,0.813426,,0.813426,0.813173,0.813338,525.0739,524.8398,524.998872,497.381385,497.421525,497.399711
719,20000,12,0.813426,,0.813426,0.813271,0.813352,525.0739,524.9524,525.013777,497.381385,497.42086,497.398791
720,20000,12,0.813426,,0.813426,0.813271,0.813365,525.0739,524.9524,525.027467,497.381385,497.42086,497.398051
721,20000,12,0.813426,,0.813426,0.813307,0.813374,525.0739,524.9613,525.036742,497.381385,497.398564,497.396785
722,20000,12,0.813426,,0.813426,0.813307,0.813382,525.0739,524.9613,525.044624,497.381385,497.398564,497.39631
723,20000,12,0.813426,,0.813426,0.813307,0.813392,525.0739,524.9613,525.055884,497.381385,497.398564,497.395485
724,20000,12,0.813426,,0.813426,0.813307,0.813401,525.0739,524.9613,525.064892,497.381385,497.398564,497.395102
725,20000,12,0.813426,,0.813426,0.813307,0.813406,525.0739,524.9613,525.069396,497.381385,497.398564,497.394317
726,20000,12,0.813426,,0.813426,0.813307,0.813407,525.0739,524.9613,525.070522,497.381385,497.398564,497.39398
727,20000,12,0.813426,,0.813426,0.813307,0.813409,525.0739,524.9613,525.071648,497.381385,497.398564,497.39308
728,20000,12,0.813426,,0.813426,0.813307,0.813411,525.0739,524.9613,525.072774,497.381385,497.398564,497.392064
729,20000,12,0.813426,,0.813426,0.813405,0.813413,525.0739,525.0739,525.0739,497.381385,497.397899,497.391581
730,20000,12,0.813426,,0.813426,0.813405,0.813413,525.0739,525.0739,525.0739,497.381385,497.397899,497.391134
731,20000,12,0.813426,,0.813426,0.813405,0.813414,525.0739,525.0739,525.0739,497.381385,497.397899,497.390639
732,20000,12,0.813426,,0.813426,0.813405,0.813415,525.0739,525.0739,525.0739,497.381385,497.397899,497.39021
733,20000,12,0.813426,,0.813426,0.813405,0.813416,525.0739,525.0739,525.0739,497.381385,497.397899,497.389171
734,20000,12,0.813426,,0.813426,0.813405,0.813417,525.0739,525.0739,525.0739,497.381385,497.397899,497.388675
735,20000,12,0.813426,,0.813426,0.813405,0.813418,525.0739,525.0739,525.0739,497.381385,497.397899,497.387917
736,20000,12,0.813426,,0.813426,0.813405,0.813419,525.0739,525.0739,525.0739,497.381385,497.397899,497.386479
737,20000,12,0.813426,,0.813426,0.813405,0.813421,525.0739,525.0739,525.0739,497.381385,497.397899,497.385372
738,20000,12,0.813426,,0.813426,0.813405,0.813421,525.0739,525.0739,525.0739,497.381385,497.397899,497.384877
739,20000,12,0.813426,,0.813426,0.813405,0.813422,525.0739,525.0739,525.0739,497.381385,497.397899,497.38473
740,20000,12,0.813426,,0.813426,0.813405,0.813422,525.0739,525.0739,525.0739,497.381385,497.397899,497.384284
741,20000,12,0.813426,,0.813426,0.813405,0.813423,525.0739,525.0739,525.0739,497.381385,497.397899,497.383623
742,20000,12,0.813426,,0.813426,0.813411,0.813424,525.0739,525.0739,525.0739,497.381385,497.393001,497.383244
743,20000,12,0.813426,,0.813426,0.813411,0.813424,525.0739,525.0739,525.0739,497.381385,497.393001,497.383011
744,20000,12,0.813426,,0.813426,0.813411,0.813424,525.0739,525.0739,525.0739,497.381385,497.393001,497.382547
745,20000,12,0.813426,,0.813426,0.813411,0.813425,525.0739,525.0739,525.0739,497.381385,497.393001,497.382314
746,20000,12,0.813426,,0.813426,0.813411,0.813425,525.0739,525.0739,525.0739,497.381385,497.393001,497.382082
747,20000,12,0.813426,,0.813426,0.813411,0.813425,525.0739,525.0739,525.0739,497.381385,497.393001,497.38185
748,20000,12,0.813426,,0.813426,0.813411,0.813426,525.0739,525.0739,525.0739,497.381385,497.393001,497.381734
749,20000,12,0.813426,,0.813426,0.813411,0.813426,525.0739,525.0739,525.0739,497.381385,497.393001,497.381501
750,20000,12,0.813426,,0.813426,0.813426,0.813426,525.0739,525.0739,525.0739,497.381385,497.381385,497.381385
751,20000,12,0.813426,,0.813426,0.813426,0.813426,525.0739,525.0739,525.0739,497.381385,497.381385,497.381385
752,20000,12,0.813426,,0.813426,0.813426,0.813426,525.0739,525.0739,525.0739,497.381385,497.381385,497.381385
753,20000,12,0.813426,,0.813426,0.813426,0.813426,525.0739,525.0739,525.0739,497.381385,497.381385,497.381385
754,20000,12,0.813426,,0.813426,0.813426,0.813426,525.0739,525.0739,525.0739,497.381385,497.381385,497.381385
755,20000,12,0.813426,,0.813426,0.813426,0.813426,525.0739,525.0739,525.0739,497.381385,497.381385,497.381385
756,20000,12,0.813426,,0.813426,0.813426,0.813426,525.0739,525.0739,525.0739,497.381385,497.381385,497.381385
757,20000,12,0.813426,,0.813426,0.813426,0.813426,525.0739,525.0739,525.0739,497.381385,497.381385,497.381385
758,20000,12,0.813426,,0.813426,0.813426,0.813426,525.0739,525.0739,525.0739,497.381385,497.381385,497.381385
759,20000,12,0.813426,,0.813426,0.813426,0.813426,525.0739,525.0739,525.0739,497.381385,497.381385,497.381385
760,20000,12,0.813426,,0.813426,0.813426,0.813426,525.0739,525.0739,525.0739,497.381385,497.381385,497.381385
761,20000,12,0.813426,,0.813426,0.813426,0.813426,525.0739,525.0739,525.0739,497.381385,497.381385,497.381385
762,20000,12,0.813426,,0.813426,0.813426,0.813426,525.0739,525.0739,525.0739,497.381385,497.381385,497.381385
763,20000,12,0.813426,,0.813426,0.813426,0.813426,525.0739,525.0739,525.0739,497.381385,497.381385,497.381385
764,20000,12,0.813426,,0.813426,0.813426,0.813426,525.0739,525.0739,525.0739,497.381385,497.381385,497.381385
765,20000,12,0.81441,,0.81441,0.813165,0.813451,525.559,524.8404,525.078444,496.864808,497.428235,497.36506
766,20000,12,0.81441,,0.81441,0.813193,0.813478,525.559,524.8404,525.087847,496.864808,497.406823,497.350045
767,20000,12,0.81441,,0.81441,0.813426,0.813514,525.559,524.9946,525.099892,496.864808,497.381385,497.329841
768,20000,12,0.81441,,0.81441,0.813426,0.813565,525.559,524.882,525.112081,496.864808,497.381385,497.298682
769,20000,12,0.81441,,0.81441,0.813426,0.813606,525.559,524.9946,525.124928,496.864808,497.381385,497.274977
770,20000,12,0.81441,,0.81441,0.813426,0.813652,525.559,524.882,525.139631,496.864808,497.381385,497.249256
771,20000,12,0.81441,,0.81441,0.813426,0.813706,525.559,524.882,525.163021,496.864808,497.381385,497.222553
772,20000,12,0.81441,,0.81441,0.813426,0.813756,525.559,524.882,525.186795,496.864808,497.381385,497.199805
773,20000,12,0.81441,,0.81441,0.813426,0.81381,525.559,524.882,525.214121,496.864808,497.381385,497.176168
774,20000,12,0.81441,,0.81441,0.813426,0.813874,525.559,524.9946,525.249652,496.864808,497.381385,497.14961
775,20000,12,0.81441,,0.81441,0.813426,0.813921,525.559,524.9946,525.270006,496.864808,497.381385,497.126904
776,20000,12,0.81441,,0.81441,0.813426,0.813997,525.559,524.9946,525.299392,496.864808,497.381385,497.087163
777,20000,12,0.81441,,0.81441,0.813426,0.814072,525.559,524.9946,525.340524,496.864808,497.381385,497.056519
778,20000,12,0.81441,,0.81441,0.813426,0.814102,525.559,524.9946,525.353125,496.864808,497.381385,497.041519
779,20000,12,0.81441,,0.81441,0.813426,0.814135,525.559,524.9946,525.382005,496.864808,497.381385,497.034616
780,20000,12,0.81441,,0.81441,0.813426,0.814161,525.559,524.9946,525.403375,496.864808,497.381385,497.029188
781,20000,12,0.81441,,0.81441,0.813731,0.814191,525.559,524.9946,525.428234,496.864808,497.305866,497.022151
782,20000,12,0.81441,,0.81441,0.81402,0.814204,525.559,524.9946,525.443844,496.864808,497.129998,497.022049
783,20000,12,0.81441,,0.81441,0.81402,0.814222,525.559,524.9946,525.475263,496.864808,497.129998,497.029139
784,20000,12,0.81441,,0.81441,0.81402,0.814244,525.559,524.9946,525.495905,496.864808,497.129998,497.025816
785,20000,12,0.81441,,0.81441,0.81402,0.81426,525.559,524.9946,525.51045,496.864808,497.129998,497.023657
786,20000,12,0.814733,,0.814733,0.814031,0.814277,525.877,525.2026,525.525661,496.900128,497.129998,497.020168
787,20000,12,0.814733,,0.814733,0.814031,0.814293,525.877,525.2623,525.536278,496.900128,497.129998,497.014809
788,20000,12,0.814733,,0.814733,0.814031,0.814306,525.877,525.2623,525.543331,496.900128,497.129998,497.009634
789,20000,12,0.814733,,0.814733,0.814031,0.814325,525.877,525.2623,525.553804,496.900128,497.129998,497.001585
790,20000,12,0.814733,,0.814733,0.814126,0.814347,525.877,525.5137,525.564943,496.900128,497.129998,496.992204
791,20000,12,0.814733,,0.814733,0.814126,0.81437,525.877,525.5137,525.571294,496.900128,497.129998,496.978459
792,20000,12,0.814733,,0.814733,0.814126,0.8144,525.877,525.5137,525.586732,496.900128,497.129998,496.965449
793,20000,12,0.814733,,0.814733,0.814126,0.814424,525.877,525.5137,525.601264,496.900128,497.129998,496.956254
794,20000,12,0.814733,,0.814733,0.814126,0.814461,525.877,525.5137,525.628516,496.900128,497.129998,496.945496
795,20000,12,0.814733,,0.814733,0.814126,0.814486,525.877,525.5137,525.648502,496.900128,497.129998,496.939334
796,20000,12,0.814733,,0.814733,0.814126,0.814517,525.877,525.5137,525.672121,496.900128,497.129998,496.930874
797,20000,12,0.814733,,0.814733,0.81441,0.814552,525.877,525.559,525.701647,496.900128,496.939227,496.92354
798,20000,12,0.814733,,0.814733,0.81441,0.814581,525.877,525.559,525.72754,496.900128,496.939227,496.918504
799,20000,12,0.814733,,0.814733,0.81441,0.814626,525.877,525.559,525.77206,496.900128,496.939227,496.912865
800,20000,12,0.814733,,0.814733,0.81441,0.814643,525.877,525.559,525.78796,496.900128,496.939227,496.910745
801,20000,12,0.814733,,0.814733,0.81441,0.814668,525.877,525.559,525.8134,496.900128,496.939227,496.907782
802,20000,12,0.814733,,0.814733,0.81441,0.814685,525.877,525.559,525.8293,496.900128,496.939227,496.905662
803,20000,12,0.814754,,0.814754,0.81441,0.814704,525.877,525.559,525.84838,496.883614,496.939227,496.903316
804,20000,12,0.814754,,0.814754,0.81441,0.814714,525.877,525.559,525.85792,496.883614,496.939227,496.902143
805,20000,12,0.814754,,0.814754,0.81441,0.81472,525.877,525.559,525.86428,496.883614,496.939227,496.901361
806,20000,12,0.814754,,0.814754,0.81441,0.814724,525.877,525.559,525.86746,496.883614,496.939227,496.90097
807,20000,12,0.814754,,0.814754,0.81441,0.814731,525.877,525.559,525.87382,496.883614,496.939227,496.899693
808,20000,12,0.814754,,0.814754,0.814733,0.814734,525.877,525.877,525.877,496.883614,496.900128,496.898972
809,20000,12,0.814754,,0.814754,0.814733,0.814735,525.877,525.877,525.877,496.883614,496.900128,496.898476
810,20000,12,0.814754,,0.814754,0.814733,0.814735,525.877,525.877,525.877,496.883614,496.900128,496.898146
811,20000,12,0.814754,,0.814754,0.814733,0.814736,525.877,525.877,525.877,496.883614,496.900128,496.897816
812,20000,12,0.814754,,0.814754,0.814733,0.814737,525.877,525.877,525.877,496.883614,496.900128,496.89666
813,20000,12,0.814754,,0.814754,0.814733,0.814738,525.877,525.877,525.877,496.883614,496.900128,496.896329
814,20000,12,0.814754,,0.814754,0.814733,0.814738,525.877,525.877,525.877,496.883614,496.900128,496.895834
815,20000,12,0.814754,,0.814754,0.814733,0.814739,525.877,525.877,525.877,496.883614,496.900128,496.895504
816,20000,12,0.814754,,0.814754,0.814733,0.814739,525.877,525.877,525.877,496.883614,496.900128,496.895173
817,20000,12,0.814754,,0.814754,0.814733,0.81474,525.877,525.877,525.877,496.883614,496.900128,496.894513
818,20000,12,0.814754,,0.814754,0.814733,0.81474,525.877,525.877,525.877,496.883614,496.900128,496.894348
819,20000,12,0.814754,,0.814754,0.814733,0.814741,525.877,525.877,525.877,496.883614,496.900128,496.894017
820,20000,12,0.814754,,0.814754,0.814733,0.814742,525.877,525.877,525.877,496.883614,496.900128,496.893357
821,20000,12,0.814754,,0.814754,0.814733,0.814742,525.877,525.877,525.877,496.883614,496.900128,496.893027
822,20000,12,0.814754,,0.814754,0.814733,0.814743,525.877,525.877,525.877,496.883614,496.900128,496.892036
823,20000,12,0.814754,,0.814754,0.814733,0.814744,525.877,525.877,525.877,496.883614,496.900128,496.89121
824,20000,12,0.814754,,0.814754,0.814733,0.814745,525.877,525.877,525.877,496.883614,496.900128,496.891045
825,20000,12,0.814754,,0.814754,0.814733,0.814745,525.877,525.877,525.877,496.883614,496.900128,496.890384
826,20000,12,0.814754,,0.814754,0.814733,0.814746,525.877,525.877,525.877,496.883614,496.900128,496.889889
827,20000,12,0.814754,,0.814754,0.814733,0.814747,525.877,525.877,525.877,496.883614,496.900128,496.889063
828,20000,12,0.814754,,0.814754,0.814733,0.814747,525.877,525.877,525.877,496.883614,496.900128,496.888898
829,20000,12,0.814754,,0.814754,0.814733,0.814748,525.877,525.877,525.877,496.883614,496.900128,496.888403
830,20000,12,0.814754,,0.814754,0.814733,0.814749,525.877,525.877,525.877,496.883614,496.900128,496.887907
831,20000,12,0.814754,,0.814754,0.814733,0.814749,525.877,525.877,525.877,496.883614,496.900128,496.887412
832,20000,12,0.814754,,0.814754,0.814733,0.81475,525.877,525.877,525.877,496.883614,496.900128,496.886421
833,20000,12,0.814754,,0.814754,0.814733,0.814751,525.877,525.877,525.877,496.883614,496.900128,496.885925
834,20000,12,0.814754,,0.814754,0.814733,0.814752,525.877,525.877,525.877,496.883614,496.900128,496.885595
835,20000,12,0.814754,,0.814754,0.814733,0.814752,525.877,525.877,525.877,496.883614,496.900128,496.885595
836,20000,12,0.814754,,0.814754,0.814733,0.814752,525.877,525.877,525.877,496.883614,496.900128,496.8851
837,20000,12,0.814754,,0.814754,0.814733,0.814753,525.877,525.877,525.877,496.883614,496.900128,496.88477
838,20000,12,0.814754,,0.814754,0.814733,0.814753,525.877,525.877,525.877,496.883614,496.900128,496.884439
839,20000,12,0.814754,,0.814754,0.814733,0.814753,525.877,525.877,525.877,496.883614,496.900128,496.884109
840,20000,12,0.814754,,0.814754,0.814733,0.814754,525.877,525.877,525.877,496.883614,496.900128,496.883944
841,20000,12,0.814754,,0.814754,0.814733,0.814754,525.877,525.877,525.877,496.883614,496.900128,496.883779
842,20000,12,0.814754,,0.814754,0.814754,0.814754,525.877,525.877,525.877,496.883614,496.883614,496.883614
843,20000,12,0.814754,,0.814754,0.814754,0.814754,525.877,525.877,525.877,496.883614,496.883614,496.883614
844,20000,12,0.814754,,0.814754,0.814754,0.814754,525.877,525.877,525.877,496.883614,496.883614,496.883614
845,20000,12,0.814754,,0.814754,0.814754,0.814754,525.877,525.877,525.877,496.883614,496.883614,496.883614
846,20000,12,0.814754,,0.814754,0.814754,0.814754,525.877,525.877,525.877,496.883614,496.883614,496.883614
847,20000,12,0.814754,,0.814754,0.814754,0.814754,525.877,525.877,525.877,496.883614,496.883614,496.883614
848,20000,12,0.814754,,0.814754,0.814754,0.814754,525.877,525.877,525.877,496.883614,496.883614,496.883614
849,20000,12,0.814754,,0.814754,0.814754,0.814754,525.877,525.877,525.877,496.883614,496.883614,496.883614
850,20000,12,0.814828,,0.814828,0.814686,0.814754,525.877,525.6394,525.872372,496.776238,496.900128,496.880574
851,20000,12,0.814828,,0.814828,0.814754,0.814756,525.877,525.877,525.877,496.825848,496.883614,496.881881
852,20000,12,0.814828,,0.814828,0.814754,0.814756,525.877,525.877,525.877,496.825848,496.883614,496.881881
853,20000,12,0.814828,,0.814828,0.814754,0.814756,525.877,525.877,525.877,496.825848,496.883614,496.881881
854,20000,12,0.814828,,0.814828,0.814754,0.814756,525.877,525.877,525.877,496.825848,496.883614,496.881881
855,20000,12,0.814828,,0.814828,0.814754,0.814756,525.877,525.877,525.877,496.825848,496.883614,496.881881
856,20000,12,0.814828,,0.814828,0.814754,0.814758,525.877,525.877,525.877,496.825848,496.883614,496.880725
857,20000,12,0.814828,,0.814828,0.814754,0.81476,525.877,525.877,525.877,496.825848,496.883614,496.878992
858,20000,12,0.814828,,0.814828,0.814754,0.814763,525.877,525.877,525.877,496.825848,496.883614,496.876682
859,20000,12,0.814828,,0.814828,0.814754,0.814767,525.877,525.877,525.877,496.825848,496.883614,496.873216
860,20000,12,0.814828,,0.814828,0.814754,0.814772,525.877,525.877,525.877,496.825848,496.883614,496.86975
861,20000,12,0.814828,,0.814828,0.814754,0.814775,525.877,525.877,525.877,496.825848,496.883614,496.867439
862,20000,12,0.814828,,0.814828,0.814754,0.814781,525.877,525.877,525.877,496.825848,496.883614,496.86224
863,20000,12,0.814828,,0.814828,0.814754,0.814788,525.877,525.877,525.877,496.825848,496.883614,496.857041
864,20000,12,0.814828,,0.814828,0.814754,0.814795,525.877,525.877,525.877,496.825848,496.883614,496.851843
865,20000,12,0.814828,,0.814828,0.814754,0.8148,525.877,525.877,525.877,496.825848,496.883614,496.847799
866,20000,12,0.814828,,0.814828,0.814754,0.814805,525.877,525.877,525.877,496.825848,496.883614,496.843755
867,20000,12,0.814828,,0.814828,0.814754,0.814812,525.877,525.877,525.877,496.825848,496.883614,496.838557
868,20000,12,0.814828,,0.814828,0.814754,0.814816,525.877,525.877,525.877,496.825848,496.883614,496.835668
869,20000,12,0.814828,,0.814828,0.814754,0.814819,525.877,525.877,525.877,496.825848,496.883614,496.833358
870,20000,12,0.814828,,0.814828,0.814754,0.814821,525.877,525.877,525.877,496.825848,496.883614,496.831625
871,20000,12,0.814828,,0.814828,0.814754,0.814821,525.877,525.877,525.877,496.825848,496.883614,496.831625
872,20000,12,0.814828,,0.814828,0.814754,0.814823,525.877,525.877,525.877,496.825848,496.883614,496.829892
873,20000,12,0.814828,,0.814828,0.814754,0.814825,525.877,525.877,525.877,496.825848,496.883614,496.828159
874,20000,12,0.814828,,0.814828,0.814754,0.814827,525.877,525.877,525.877,496.825848,496.883614,496.827004
875,20000,12,0.814828,,0.814828,0.814828,0.814828,525.877,525.877,525.877,496.825848,496.825848,496.825848
876,20000,12,0.814828,,0.814828,0.814828,0.814828,525.877,525.877,525.877,496.825848,496.825848,496.825848
877,20000,12,0.814828,,0.814828,0.814828,0.814828,525.877,525.877,525.877,496.825848,496.825848,496.825848
878,20000,12,0.814828,,0.814828,0.814828,0.814828,525.877,525.877,525.877,496.825848,496.825848,496.825848
879,20000,12,0.814828,,0.814828,0.814828,0.814828,525.877,525.877,525.877,496.825848,496.825848,496.825848
880,20000,12,0.814828,,0.814828,0.814828,0.814828,525.877,525.877,525.877,496.825848,496.825848,496.825848
881,20000,12,0.814828,,0.814828,0.814828,0.814828,525.877,525.877,525.877,496.825848,496.825848,496.825848
882,20000,12,0.814828,,0.814828,0.814828,0.814828,525.877,525.877,525.877,496.825848,496.825848,496.825848
883,20000,12,0.814828,,0.814828,0.814828,0.814828,525.877,525.877,525.877,496.825848,496.825848,496.825848
884,20000,12,0.814828,,0.814828,0.814828,0.814828,525.877,525.877,525.877,496.825848,496.825848,496.825848
885,20000,12,0.814828,,0.814828,0.814828,0.814828,525.877,525.877,525.877,496.825848,496.825848,496.825848
886,20000,12,0.814828,,0.814828,0.814828,0.814828,525.877,525.877,525.877,496.825848,496.825848,496.825848
887,20000,12,0.814828,,0.814828,0.814828,0.814828,525.877,525.877,525.877,496.825848,496.825848,496.825848
888,20000,12,0.814828,,0.814828,0.814828,0.814828,525.877,525.877,525.877,496.825848,496.825848,496.825848
889,20000,12,0.814828,,0.814828,0.814828,0.814828,525.877,525.877,525.877,496.825848,496.825848,496.825848
890,20000,12,0.814828,,0.814828,0.814828,0.814828,525.877,525.877,525.877,496.825848,496.825848,496.825848
891,20000,12,0.814828,,0.814828,0.814828,0.814828,525.877,525.877,525.877,496.825848,496.825848,496.825848
892,20000,12,0.814828,,0.814828,0.814828,0.814828,525.877,525.877,525.877,496.825848,496.825848,496.825848
893,20000,12,0.814828,,0.814828,0.814828,0.814828,525.877,525.877,525.877,496.825848,496.825848,496.825848
894,20000,12,0.814828,,0.814828,0.814828,0.814828,525.877,525.877,525.877,496.825848,496.825848,496.825848
895,20000,12,0.814828,,0.814828,0.814828,0.814828,525.877,525.877,525.877,496.825848,496.825848,496.825848
896,20000,12,0.814828,,0.814828,0.814828,0.814828,525.877,525.877,525.877,496.825848,496.825848,496.825848
897,20000,12,0.814828,,0.814828,0.814828,0.814828,525.877,525.877,525.877,496.825848,496.825848,496.825848
898,20000,12,0.814828,,0.814828,0.814828,0.814828,525.877,525.877,525.877,496.825848,496.825848,496.825848
899,20000,12,0.814828,,0.814828,0.814828,0.814828,525.877,525.877,525.877,496.825848,496.825848,496.825848
900,20000,12,0.814828,,0.814828,0.814828,0.814828,525.877,525.877,525.877,496.825848,496.825848,496.825848
901,20000,12,0.814828,,0.814828,0.814828,0.814828,525.877,525.877,525.877,496.825848,496.825848,496.825848
902,20000,12,0.814828,,0.814828,0.814828,0.814828,525.877,525.877,525.877,496.825848,496.825848,496.825848
903,20000,12,0.814828,,0.814828,0.814828,0.814828,525.877,525.877,525.877,496.825848,496.825848,496.825848
904,20000,12,0.814828,,0.814828,0.814828,0.814828,525.877,525.877,525.877,496.825848,496.825848,496.825848
905,20000,12,0.814828,,0.814828,0.814828,0.814828,525.877,525.877,525.877,496.825848,496.825848,496.825848
906,20000,12,0.814828,,0.814828,0.814828,0.814828,525.877,525.877,525.877,496.825848,496.825848,496.825848
907,20000,12,0.814828,,0.814828,0.814828,0.814828,525.877,525.877,525.877,496.825848,496.825848,496.825848
908,20000,12,0.814828,,0.814828,0.814828,0.814828,525.877,525.877,525.877,496.825848,496.825848,496.825848
909,20000,12,0.814828,,0.814828,0.814828,0.814828,525.877,525.877,525.877,496.825848,496.825848,496.825848
910,20000,12,0.814828,,0.814828,0.814828,0.814828,525.877,525.877,525.877,496.825848,496.825848,496.825848
911,20000,12,0.814828,,0.814828,0.814828,0.814828,525.877,525.877,525.877,496.825848,496.825848,496.825848
912,20000,12,0.814828,,0.814828,0.814828,0.814828,525.877,525.877,525.877,496.825848,496.825848,496.825848
913,20000,12,0.814828,,0.814828,0.814828,0.814828,525.877,525.877,525.877,496.825848,496.825848,496.825848
914,20000,12,0.814828,,0.814828,0.814828,0.814828,525.877,525.877,525.877,496.825848,496.825848,496.825848
915,20000,12,0.814828,,0.814828,0.814828,0.814828,525.877,525.877,525.877,496.825848,496.825848,496.825848
916,20000,12,0.814828,,0.814828,0.814828,0.814828,525.877,525.877,525.877,496.825848,496.825848,496.825848
917,20000,12,0.814828,,0.814828,0.814828,0.814828,525.877,525.877,525.877,496.825848,496.825848,496.825848
918,20000,12,0.814828,,0.814828,0.814828,0.814828,525.877,525.877,525.877,496.825848,496.825848,496.825848
919,20000,12,0.814828,,0.814828,0.814828,0.814828,525.877,525.877,525.877,496.825848,496.825848,496.825848
920,20000,12,0.814828,,0.814828,0.814828,0.814828,525.877,525.877,525.877,496.825848,496.825848,496.825848
921,20000,12,0.814828,,0.814828,0.814828,0.814828,525.877,525.877,525.877,496.825848,496.825848,496.825848
922,20000,12,0.814828,,0.814828,0.814828,0.814828,525.877,525.877,525.877,496.825848,496.825848,496.825848
923,20000,12,0.814828,,0.814828,0.814828,0.814828,525.877,525.877,525.877,496.825848,496.825848,496.825848
924,20000,12,0.814828,,0.814828,0.814828,0.814828,525.877,525.877,525.877,496.825848,496.825848,496.825848
925,20000,12,0.814828,,0.814828,0.814828,0.814828,525.877,525.877,525.877,496.825848,496.825848,496.825848
926,20000,12,0.814828,,0.814828,0.814828,0.814828,525.877,525.877,525.877,496.825848,496.825848,496.825848
927,20000,12,0.814828,,0.814828,0.814828,0.814828,525.877,525.877,525.877,496.825848,496.825848,496.825848
928,20000,12,0.814828,,0.814828,0.814828,0.814828,525.877,525.877,525.877,496.825848,496.825848,496.825848
929,20000,12,0.814828,,0.814828,0.814828,0.814828,525.877,525.877,525.877,496.825848,496.825848,496.825848
930,20000,12,0.814828,,0.814828,0.814828,0.814828,525.877,525.877,525.877,496.825848,496.825848,496.825848
931,20000,12,0.814828,,0.814828,0.814828,0.814828,525.877,525.877,525.877,496.825848,496.825848,496.825848
932,20000,12,0.814828,,0.814828,0.814828,0.814828,525.877,525.877,525.877,496.825848,496.825848,496.825848
933,20000,12,0.814828,,0.814828,0.814828,0.814828,525.877,525.877,525.877,496.825848,496.825848,496.825848
934,20000,12,0.814828,,0.814828,0.814828,0.814828,525.877,525.877,525.877,496.825848,496.825848,496.825848
935,20000,12,0.814828,,0.814828,0.814828,0.814828,525.877,525.877,525.877,496.825848,496.825848,496.825848
936,20000,12,0.814828,,0.814828,0.814828,0.814828,525.877,525.877,525.877,496.825848,496.825848,496.825848
937,20000,12,0.814828,,0.814828,0.814828,0.814828,525.877,525.877,525.877,496.825848,496.825848,496.825848
938,20000,12,0.814828,,0.814828,0.814828,0.814828,525.877,525.877,525.877,496.825848,496.825848,496.825848
939,20000,12,0.814828,,0.814828,0.814828,0.814828,525.877,525.877,525.877,496.825848,496.825848,496.825848
940,20000,12,0.814828,,0.814828,0.814828,0.814828,525.877,525.877,525.877,496.825848,496.825848,496.825848
941,20000,12,0.814828,,0.814828,0.814828,0.814828,525.877,525.877,525.877,496.825848,496.825848,496.825848
942,20000,12,0.814828,,0.814828,0.814828,0.814828,525.877,525.877,525.877,496.825848,496.825848,496.825848
943,20000,12,0.814828,,0.814828,0.814828,0.814828,525.877,525.877,525.877,496.825848,496.825848,496.825848
944,20000,12,0.814828,,0.814828,0.814828,0.814828,525.877,525.877,525.877,496.825848,496.825848,496.825848
945,20000,12,0.814828,,0.814828,0.814828,0.814828,525.877,525.877,525.877,496.825848,496.825848,496.825848
946,20000,12,0.814828,,0.814828,0.814828,0.814828,525.877,525.877,525.877,496.825848,496.825848,496.825848
947,20000,12,0.814828,,0.814828,0.814828,0.814828,525.877,525.877,525.877,496.825848,496.825848,496.825848
948,20000,12,0.814828,,0.814828,0.814828,0.814828,525.877,525.877,525.877,496.825848,496.825848,496.825848
949,20000,12,0.814828,,0.814828,0.814828,0.814828,525.877,525.877,525.877,496.825848,496.825848,496.825848
950,20000,12,0.814828,,0.814828,0.814828,0.814828,525.877,525.877,525.877,496.825848,496.825848,496.825848
951,20000,12,0.814828,,0.814828,0.814828,0.814828,525.877,525.877,525.877,496.825848,496.825848,496.825848
952,20000,12,0.814828,,0.814828,0.814828,0.814828,525.877,525.877,525.877,496.825848,496.825848,496.825848
953,20000,12,0.814828,,0.814828,0.814828,0.814828,525.877,525.877,525.877,496.825848,496.825848,496.825848
954,20000,12,0.814828,,0.814828,0.814828,0.814828,525.877,525.877,525.877,496.825848,496.825848,496.825848
955,20000,12,0.814828,,0.814828,0.814828,0.814828,525.877,525.877,525.877,496.825848,496.825848,496.825848
956,20000,12,0.814828,,0.814828,0.814828,0.814828,525.877,525.877,525.877,496.825848,496.825848,496.825848
957,20000,12,0.814828,,0.814828,0.814828,0.814828,525.877,525.877,525.877,496.825848,496.825848,496.825848
958,20000,12,0.814828,,0.814828,0.814828,0.814828,525.877,525.877,525.877,496.825848,496.825848,496.825848
959,20000,12,0.814828,,0.814828,0.814828,0.814828,525.877,525.877,525.877,496.825848,496.825848,496.825848
960,20000,12,0.814828,,0.814828,0.814828,0.814828,525.877,525.877,525.877,496.825848,496.825848,496.825848
961,20000,12,0.814828,,0.814828,0.814828,0.814828,525.877,525.877,525.877,496.825848,496.825848,496.825848
962,20000,12,0.814828,,0.814828,0.814828,0.814828,525.877,525.877,525.877,496.825848,496.825848,496.825848
963,20000,12,0.814828,,0.814828,0.814828,0.814828,525.877,525.877,525.877,496.825848,496.825848,496.825848
964,20000,12,0.814828,,0.814828,0.814828,0.814828,525.877,525.877,525.877,496.825848,496.825848,496.825848
965,20000,12,0.814828,,0.814828,0.814828,0.814828,525.877,525.877,525.877,496.825848,496.825848,496.825848
966,20000,12,0.814828,,0.814828,0.814828,0.814828,525.877,525.877,525.877,496.825848,496.825848,496.825848
967,20000,12,0.814828,,0.814828,0.814828,0.814828,525.877,525.877,525.877,496.825848,496.825848,496.825848
968,20000,12,0.814828,,0.814828,0.814828,0.814828,525.877,525.877,525.877,496.825848,496.825848,496.825848
969,20000,12,0.814828,,0.814828,0.814828,0.814828,525.877,525.877,525.877,496.825848,496.825848,496.825848
970,20000,12,0.814828,,0.814828,0.814828,0.814828,525.877,525.877,525.877,496.825848,496.825848,496.825848
971,20000,12,0.814828,,0.814828,0.814828,0.814828,525.877,525.877,525.877,496.825848,496.825848,496.825848
972,20000,12,0.814828,,0.814828,0.814828,0.814828,525.877,525.877,525.877,496.825848,496.825848,496.825848
973,20000,12,0.814828,,0.814828,0.814828,0.814828,525.877,525.877,525.877,496.825848,496.825848,496.825848
974,20000,12,0.814828,,0.814828,0.814828,0.814828,525.877,525.877,525.877,496.825848,496.825848,496.825848
975,20000,12,0.814828,,0.814828,0.814828,0.814828,525.877,525.877,525.877,496.825848,496.825848,496.825848
976,20000,12,0.814828,,0.814828,0.814828,0.814828,525.877,525.877,525.877,496.825848,496.825848,496.825848
977,20000,12,0.814828,,0.814828,0.814828,0.814828,525.877,525.877,525.877,496.825848,496.825848,496.825848
978,20000,12,0.814828,,0.814828,0.814828,0.814828,525.877,525.877,525.877,496.825848,496.825848,496.825848
979,20000,12,0.814828,,0.814828,0.814828,0.814828,525.877,525.877,525.877,496.825848,496.825848,496.825848
980,20000,12,0.814828,,0.814828,0.814828,0.814828,525.877,525.877,525.877,496.825848,496.825848,496.825848
981,20000,12,0.814828,,0.814828,0.814828,0.814828,525.877,525.877,525.877,496.825848,496.825848,496.825848
982,20000,12,0.814828,,0.814828,0.814828,0.814828,525.877,525.877,525.877,496.825848,496.825848,496.825848
983,20000,12,0.814828,,0.814828,0.814828,0.814828,525.877,525.877,525.877,496.825848,496.825848,496.825848
984,20000,12,0.814828,,0.814828,0.814828,0.814828,525.877,525.877,525.877,496.825848,496.825848,496.825848
985,20000,12,0.814828,,0.814828,0.814828,0.814828,525.877,525.877,525.877,496.825848,496.825848,496.825848
986,20000,12,0.814828,,0.814828,0.814828,0.814828,525.877,525.877,525.877,496.825848,496.825848,496.825848
987,20000,12,0.814828,,0.814828,0.814828,0.814828,525.877,525.877,525.877,496.825848,496.825848,496.825848
988,20000,12,0.814828,,0.814828,0.814828,0.814828,525.877,525.877,525.877,496.825848,496.825848,496.825848
989,20000,12,0.814828,,0.814828,0.814828,0.814828,525.877,525.877,525.877,496.825848,496.825848,496.825848
990,20000,12,0.814828,,0.814828,0.814828,0.814828,525.877,525.877,525.877,496.825848,496.825848,496.825848
991,20000,12,0.814828,,0.814828,0.814828,0.814828,525.877,525.877,525.877,496.825848,496.825848,496.825848
992,20000,12,0.814828,,0.814828,0.814828,0.814828,525.877,525.877,525.877,496.825848,496.825848,496.825848
993,20000,12,0.814828,,0.814828,0.814828,0.814828,525.877,525.877,525.877,496.825848,496.825848,496.825848
994,20000,12,0.814828,,0.814828,0.814828,0.814828,525.877,525.877,525.877,496.825848,496.825848,496.825848
995,20000,12,0.814828,,0.814828,0.814828,0.814828,525.877,525.877,525.877,496.825848,496.825848,496.825848
996,20000,12,0.814828,,0.814828,0.814828,0.814828,525.877,525.877,525.877,496.825848,496.825848,496.825848
997,20000,12,0.814828,,0.814828,0.814828,0.814828,525.877,525.877,525.877,496.825848,496.825848,496.825848
998,20000,12,0.814828,,0.814828,0.814828,0.814828,525.877,525.877,525.877,496.825848,496.825848,496.825848
999,20000,12,0.814828,,0.814828,0.814828,0.814828,525.877,525.877,525.877,496.825848,496.825848,496.825848
1000,20000,12,0.814828,,0.814828,0.814828,0.814828,525.877,525.877,525.877,496.825848,496.825848,496.825848
1001,20000,12,0.814828,,0.814828,0.814828,0.814828,525.877,525.877,525.877,496.825848,496.825848,496.825848
1002,20000,12,0.814828,,0.814828,0.814828,0.814828,525.877,525.877,525.877,496.825848,496.825848,496.825848
1003,20000,12,0.814828,,0.814828,0.814828,0.814828,525.877,525.877,525.877,496.825848,496.825848,496.825848
1004,20000,12,0.814828,,0.814828,0.814828,0.814828,525.877,525.877,525.877,496.825848,496.825848,496.825848
1005,20000,12,0.814828,,0.814828,0.814828,0.814828,525.877,525.877,525.877,496.825848,496.825848,496.825848
1006,20000,12,0.814828,,0.814828,0.814828,0.814828,525.877,525.877,525.877,496.825848,496.825848,496.825848
1007,20000,12,0.814828,,0.814828,0.814828,0.814828,525.877,525.877,525.877,496.825848,496.825848,496.825848
1008,20000,12,0.814828,,0.814828,0.814828,0.814828,525.877,525.877,525.877,496.825848,496.825848,496.825848
1009,20000,12,0.814828,,0.814828,0.814828,0.814828,525.877,525.877,525.877,496.825848,496.825848,496.825848
1010,20000,12,0.814828,,0.814828,0.814828,0.814828,525.877,525.877,525.877,496.825848,496.825848,496.825848
1011,20000,12,0.814828,,0.814828,0.814828,0.814828,525.877,525.877,525.877,496.825848,496.825848,496.825848
1012,20000,12,0.814828,,0.814828,0.814828,0.814828,525.877,525.877,525.877,496.825848,496.825848,496.825848
1013,20000,12,0.814828,,0.814828,0.814828,0.814828,525.877,525.877,525.877,496.825848,496.825848,496.825848
1014,20000,12,0.814828,,0.814828,0.814828,0.814828,525.877,525.877,525.877,496.825848,496.825848,496.825848
1015,20000,12,0.814828,,0.814828,0.814828,0.814828,525.877,525.877,525.877,496.825848,496.825848,496.825848
1016,20000,12,0.814828,,0.814828,0.814828,0.814828,525.877,525.877,525.877,496.825848,496.825848,496.825848
1017,20000,12,0.814828,,0.814828,0.814828,0.814828,525.877,525.877,525.877,496.825848,496.825848,496.825848
1018,20000,12,0.814828,,0.814828,0.814828,0.814828,525.877,525.877,525.877,496.825848,496.825848,496.825848
1019,20000,12,0.814828,,0.814828,0.814828,0.814828,525.877,525.877,525.877,496.825848,496.825848,496.825848
1020,20000,12,0.814828,,0.814828,0.814828,0.814828,525.877,525.877,525.877,496.825848,496.825848,496.825848
1021,20000,12,0.814828,,0.814828,0.814828,0.814828,525.877,525.877,525.877,496.825848,496.825848,496.825848
1022,20000,12,0.814828,,0.814828,0.814828,0.814828,525.877,525.877,525.877,496.825848,496.825848,496.825848
1023,20000,12,0.814828,,0.814828,0.814828,0.814828,525.877,525.877,525.877,496.825848,496.825848,496.825848
1024,20000,12,0.814828,,0.814828,0.814828,0.814828,525.877,525.877,525.877,496.825848,496.825848,496.825848
1025,20000,12,0.814828,,0.814828,0.814828,0.814828,525.877,525.877,525.877,496.825848,496.825848,496.825848
1026,20000,12,0.814828,,0.814828,0.814828,0.814828,525.877,525.877,525.877,496.825848,496.825848,496.825848
1027,20000,12,0.814828,,0.814828,0.814828,0.814828,525.877,525.877,525.877,496.825848,496.825848,496.825848
1028,20000,12,0.814828,,0.814828,0.814828,0.814828,525.877,525.877,525.877,496.825848,496.825848,496.825848
1029,20000,12,0.814828,,0.814828,0.814828,0.814828,525.877,525.877,525.877,496.825848,496.825848,496.825848
1030,20000,12,0.814828,,0.814828,0.814828,0.814828,525.877,525.877,525.877,496.825848,496.825848,496.825848
1031,20000,12,0.814828,,0.814828,0.814828,0.814828,525.877,525.877,525.877,496.825848,496.825848,496.825848
1032,20000,12,0.814828,,0.814828,0.814828,0.814828,525.877,525.877,525.877,496.825848,496.825848,496.825848
1033,20000,12,0.814828,,0.814828,0.814828,0.814828,525.877,525.877,525.877,496.825848,496.825848,496.825848
1034,20000,12,0.814828,,0.814828,0.814828,0.814828,525.877,525.877,525.877,496.825848,496.825848,496.825848
1035,20000,12,0.814828,,0.814828,0.814828,0.814828,525.877,525.877,525.877,496.825848,496.825848,496.825848
1036,20000,12,0.814828,,0.814828,0.814828,0.814828,525.877,525.877,525.877,496.825848,496.825848,496.825848
1037,20000,12,0.814828,,0.814828,0.814828,0.814828,525.877,525.877,525.877,496.825848,496.825848,496.825848
1038,20000,12,0.814828,,0.814828,0.814828,0.814828,525.877,525.877,525.877,496.825848,496.825848,496.825848
1039,20000,12,0.814828,,0.814828,0.814828,0.814828,525.877,525.877,525.877,496.825848,496.825848,496.825848
1040,20000,12,0.814828,,0.814828,0.814828,0.814828,525.877,525.877,525.877,496.825848,496.825848,496.825848
1041,20000,12,0.814828,,0.814828,0.814828,0.814828,525.877,525.877,525.877,496.825848,496.825848,496.825848
1042,20000,12,0.814828,,0.814828,0.814828,0.814828,525.877,525.877,525.877,496.825848,496.825848,496.825848
1043,20000,12,0.814828,,0.814828,0.814828,0.814828,525.877,525.877,525.877,496.825848,496.825848,496.825848
1044,20000,12,0.814828,,0.814828,0.814828,0.814828,525.877,525.877,525.877,496.825848,496.825848,496.825848
1045,20000,12,0.814828,,0.814828,0.814828,0.814828,525.877,525.877,525.877,496.825848,496.825848,496.825848
1046,20000,12,0.814828,,0.814828,0.814828,0.814828,525.877,525.877,525.877,496.825848,496.825848,496.825848
1047,20000,12,0.814828,,0.814828,0.814828,0.814828,525.877,525.877,525.877,496.825848,496.825848,496.825848
1048,20000,12,0.814828,,0.814828,0.814828,0.814828,525.877,525.877,525.877,496.825848,496.825848,496.825848
1049,20000,12,0.814828,,0.814828,0.814828,0.814828,525.877,525.877,525.877,496.825848,496.825848,496.825848
1050,20000,12,0.814828,,0.814828,0.814828,0.814828,525.877,525.877,525.877,496.825848,496.825848,496.825848
1051,20000,12,0.814828,,0.814828,0.814828,0.814828,525.877,525.877,525.877,496.825848,496.825848,496.825848
1052,20000,12,0.814828,,0.814828,0.814828,0.814828,525.877,525.877,525.877,496.825848,496.825848,496.825848
1053,20000,12,0.814828,,0.814828,0.814828,0.814828,525.877,525.877,525.877,496.825848,496.825848,496.825848
1054,20000,12,0.814828,,0.814828,0.814828,0.814828,525.877,525.877,525.877,496.825848,496.825848,496.825848
1055,20000,12,0.814828,,0.814828,0.814828,0.814828,525.877,525.877,525.877,496.825848,496.825848,496.825848
1056,20000,12,0.814828,,0.814828,0.814828,0.814828,525.877,525.877,525.877,496.825848,496.825848,496.825848
1057,20000,12,0.814828,,0.814828,0.814828,0.814828,525.877,525.877,525.877,496.825848,496.825848,496.825848
1058,20000,12,0.814828,,0.814828,0.814828,0.814828,525.877,525.877,525.877,496.825848,496.825848,496.825848
1059,20000,12,0.814828,,0.814828,0.814828,0.814828,525.877,525.877,525.877,496.825848,496.825848,496.825848
1060,20000,12,0.814828,,0.814828,0.814828,0.814828,525.877,525.877,525.877,496.825848,496.825848,496.825848
1061,20000,12,0.814828,,0.814828,0.814828,0.814828,525.877,525.877,525.877,496.825848,496.825848,496.825848
1062,20000,12,0.814828,,0.814828,0.814828,0.814828,525.877,525.877,525.877,496.825848,496.825848,496.825848
1063,20000,12,0.814828,,0.814828,0.814828,0.814828,525.877,525.877,525.877,496.825848,496.825848,496.825848
1064,20000,12,0.814828,,0.814828,0.814828,0.814828,525.877,525.877,525.877,496.825848,496.825848,496.825848
1065,20000,12,0.814828,,0.814828,0.814828,0.814828,525.877,525.877,525.877,496.825848,496.825848,496.825848
1066,20000,12,0.814828,,0.814828,0.814828,0.814828,525.877,525.877,525.877,496.825848,496.825848,496.825848
1067,20000,12,0.814828,,0.814828,0.814828,0.814828,525.877,525.877,525.877,496.825848,496.825848,496.825848
1068,20000,12,0.814828,,0.814828,0.814828,0.814828,525.877,525.877,525.877,496.825848,496.825848,496.825848
1069,20000,12,0.814828,,0.814828,0.814828,0.814828,525.877,525.877,525.877,496.825848,496.825848,496.825848
1070,20000,12,0.814828,,0.814828,0.814828,0.814828,525.877,525.877,525.877,496.825848,496.825848,496.825848
1071,20000,12,0.814828,,0.814828,0.814828,0.814828,525.877,525.877,525.877,496.825848,496.825848,496.825848
1072,20000,12,0.814828,,0.814828,0.814828,0.814828,525.877,525.877,525.877,496.825848,496.825848,496.825848
1073,20000,12,0.814828,,0.814828,0.814828,0.814828,525.877,525.877,525.877,496.825848,496.825848,496.825848
1074,20000,12,0.814828,,0.814828,0.814828,0.814828,525.877,525.877,525.877,496.825848,496.825848,496.825848
1075,20000,12,0.814828,,0.814828,0.814828,0.814828,525.877,525.877,525.877,496.825848,496.825848,496.825848
1076,20000,12,0.814828,,0.814828,0.814828,0.814828,525.877,525.877,525.877,496.825848,496.825848,496.825848
1077,20000,12,0.814828,,0.814828,0.814828,0.814828,525.877,525.877,525.877,496.825848,496.825848,496.825848
1078,20000,12,0.814828,,0.814828,0.814828,0.814828,525.877,525.877,525.877,496.825848,496.825848,496.825848
1079,20000,12,0.814828,,0.814828,0.814828,0.814828,525.877,525.877,525.877,496.825848,496.825848,496.825848
1080,20000,12,0.814828,,0.814828,0.814828,0.814828,525.877,525.877,525.877,496.825848,496.825848,496.825848
1081,20000,12,0.814828,,0.814828,0.814828,0.814828,525.877,525.877,525.877,496.825848,496.825848,496.825848
1082,20000,12,0.814828,,0.814828,0.814828,0.814828,525.877,525.877,525.877,496.825848,496.825848,496.825848
1083,20000,12,0.814828,,0.814828,0.814828,0.814828,525.877,525.877,525.877,496.825848,496.825848,496.825848
1084,20000,12,0.814828,,0.814828,0.814828,0.814828,525.877,525.877,525.877,496.825848,496.825848,496.825848
1085,20000,12,0.814828,,0.814828,0.814828,0.814828,525.877,525.877,525.877,496.825848,496.825848,496.825848
1086,20000,12,0.814828,,0.814828,0.814828,0.814828,525.877,525.877,525.877,496.825848,496.825848,496.825848
1087,20000,12,0.814828,,0.814828,0.814828,0.814828,525.877,525.877,525.877,496.825848,496.825848,496.825848
1088,20000,12,0.814828,,0.814828,0.814828,0.814828,525.877,525.877,525.877,496.825848,496.825848,496.825848
1089,20000,12,0.814828,,0.814828,0.814828,0.814828,525.877,525.877,525.877,496.825848,496.825848,496.825848
1090,20000,12,0.814828,,0.814828,0.814828,0.814828,525.877,525.877,525.877,496.825848,496.825848,496.825848
1091,20000,12,0.814828,,0.814828,0.814828,0.814828,525.877,525.877,525.877,496.825848,496.825848,496.825848
1092,20000,12,0.814828,,0.814828,0.814828,0.814828,525.877,525.877,525.877,496.825848,496.825848,496.825848
1093,20000,12,0.814828,,0.814828,0.814828,0.814828,525.877,525.877,525.877,496.825848,496.825848,496.825848
1094,20000,12,0.814828,,0.814828,0.814828,0.814828,525.877,525.877,525.877,496.825848,496.825848,496.825848
1095,20000,12,0.814828,,0.814828,0.814828,0.814828,525.877,525.877,525.877,496.825848,496.825848,496.825848
1096,20000,12,0.814828,,0.814828,0.814828,0.814828,525.877,525.877,525.877,496.825848,496.825848,496.825848
1097,20000,12,0.814828,,0.814828,0.814828,0.814828,525.877,525.877,525.877,496.825848,496.825848,496.825848
1098,20000,12,0.814828,,0.814828,0.814828,0.814828,525.877,525.877,525.877,496.825848,496.825848,496.825848
1099,20000,12,0.814828,,0.814828,0.814828,0.814828,525.877,525.877,525.877,496.825848,496.825848,496.825848
1100,20000,12,0.814828,,0.814828,0.814828,0.814828,525.877,525.877,525.877,496.825848,496.825848,496.825848
1101,20000,12,0.814828,,0.814828,0.814828,0.814828,525.877,525.877,525.877,496.825848,496.825848,496.825848
1102,20000,12,0.814828,,0.814828,0.814828,0.814828,525.877,525.877,525.877,496.825848,496.825848,496.825848
1103,20000,12,0.814828,,0.814828,0.814828,0.814828,525.877,525.877,525.877,496.825848,496.825848,496.825848
1104,20000,12,0.814828,,0.814828,0.814828,0.814828,525.877,525.877,525.877,496.825848,496.825848,496.825848
1105,20000,12,0.814828,,0.814828,0.814828,0.814828,525.877,525.877,525.877,496.825848,496.825848,496.825848
1106,20000,12,0.814828,,0.814828,0.814828,0.814828,525.877,525.877,525.877,496.825848,496.825848,496.825848
1107,20000,12,0.814828,,0.814828,0.814828,0.814828,525.877,525.877,525.877,496.825848,496.825848,496.825848
1108,20000,12,0.814828,,0.814828,0.814828,0.814828,525.877,525.877,525.877,496.825848,496.825848,496.825848
1109,20000,12,0.814828,,0.814828,0.814828,0.814828,525.877,525.877,525.877,496.825848,496.825848,496.825848
1110,20000,12,0.814828,,0.814828,0.814828,0.814828,525.877,525.877,525.877,496.825848,496.825848,496.825848
1111,20000,12,0.814828,,0.814828,0.814828,0.814828,525.877,525.877,525.877,496.825848,496.825848,496.825848
1112,20000,12,0.814828,,0.814828,0.814828,0.814828,525.877,525.877,525.877,496.825848,496.825848,496.825848
1113,20000,12,0.814828,,0.814828,0.814828,0.814828,525.877,525.877,525.877,496.825848,496.825848,496.825848
1114,20000,12,0.814828,,0.814828,0.814828,0.814828,525.877,525.877,525.877,496.825848,496.825848,496.825848
1115,20000,12,0.814828,,0.814828,0.814828,0.814828,525.877,525.877,525.877,496.825848,496.825848,496.825848
1116,20000,12,0.814828,,0.814828,0.814828,0.814828,525.877,525.877,525.877,496.825848,496.825848,496.825848
1117,20000,12,0.814828,,0.814828,0.814828,0.814828,525.877,525.877,525.877,496.825848,496.825848,496.825848
1118,20000,12,0.814828,,0.814828,0.814828,0.814828,525.877,525.877,525.877,496.825848,496.825848,496.825848
1119,20000,12,0.814828,,0.814828,0.814828,0.814828,525.877,525.877,525.877,496.825848,496.825848,496.825848
1120,20000,12,0.814828,,0.814828,0.814828,0.814828,525.877,525.877,525.877,496.825848,496.825848,496.825848
1121,20000,12,0.814828,,0.814828,0.814828,0.814828,525.877,525.877,525.877,496.825848,496.825848,496.825848
1122,20000,12,0.814828,,0.814828,0.814828,0.814828,525.877,525.877,525.877,496.825848,496.825848,496.825848
1123,20000,12,0.814828,,0.814828,0.814828,0.814828,525.877,525.877,525.877,496.825848,496.825848,496.825848
1124,20000,12,0.814828,,0.814828,0.814828,0.814828,525.877,525.877,525.877,496.825848,496.825848,496.825848
1125,20000,12,0.814828,,0.814828,0.814828,0.814828,525.877,525.877,525.877,496.825848,496.825848,496.825848
1126,20000,12,0.814828,,0.814828,0.814828,0.814828,525.877,525.877,525.877,496.825848,496.825848,496.825848
1127,20000,12,0.814828,,0.814828,0.814828,0.814828,525.877,525.877,525.877,496.825848,496.825848,496.825848
1128,20000,12,0.814828,,0.814828,0.814828,0.814828,525.877,525.877,525.877,496.825848,496.825848,496.825848
1129,20000,12,0.814828,,0.814828,0.814828,0.814828,525.877,525.877,525.877,496.825848,496.825848,496.825848
1130,20000,12,0.814828,,0.814828,0.814828,0.814828,525.877,525.877,525.877,496.825848,496.825848,496.825848
1131,20000,12,0.814828,,0.814828,0.814828,0.814828,525.877,525.877,525.877,496.825848,496.825848,496.825848
1132,20000,12,0.814828,,0.814828,0.814828,0.814828,525.877,525.877,525.877,496.825848,496.825848,496.825848
1133,20000,12,0.814828,,0.814828,0.814828,0.814828,525.877,525.877,525.877,496.825848,496.825848,496.825848
1134,20000,12,0.814828,,0.814828,0.814828,0.814828,525.877,525.877,525.877,496.825848,496.825848,496.825848
1135,20000,12,0.814828,,0.814828,0.814828,0.814828,525.877,525.877,525.877,496.825848,496.825848,496.825848
1136,20000,12,0.814828,,0.814828,0.814828,0.814828,525.877,525.877,525.877,496.825848,496.825848,496.825848
1137,20000,12,0.814828,,0.814828,0.814828,0.814828,525.877,525.877,525.877,496.825848,496.825848,496.825848
1138,20000,12,0.814828,,0.814828,0.814828,0.814828,525.877,525.877,525.877,496.825848,496.825848,496.825848
1139,20000,12,0.814828,,0.814828,0.814828,0.814828,525.877,525.877,525.877,496.825848,496.825848,496.825848
1140,20000,12,0.814828,,0.814828,0.814828,0.814828,525.877,525.877,525.877,496.825848,496.825848,496.825848
1141,20000,12,0.814828,,0.814828,0.814828,0.814828,525.877,525.877,525.877,496.825848,496.825848,496.825848
1142,20000,12,0.814828,,0.814828,0.814828,0.814828,525.877,525.877,525.877,496.825848,496.825848,496.825848
1143,20000,12,0.814828,,0.814828,0.814828,0.814828,525.877,525.877,525.877,496.825848,496.825848,496.825848
1144,20000,12,0.814828,,0.814828,0.814828,0.814828,525.877,525.877,525.877,496.825848,496.825848,496.825848
1145,20000,12,0.814828,,0.814828,0.814828,0.814828,525.877,525.877,525.877,496.825848,496.825848,496.825848
1146,20000,12,0.814828,,0.814828,0.814828,0.814828,525.877,525.877,525.877,496.825848,496.825848,496.825848
1147,20000,12,0.814828,,0.814828,0.814828,0.814828,525.877,525.877,525.877,496.825848,496.825848,496.825848
1148,20000,12,0.814828,,0.814828,0.814828,0.814828,525.877,525.877,525.877,496.825848,496.825848,496.825848
1149,20000,12,0.814828,,0.814828,0.814828,0.814828,525.877,525.877,525.877,496.825848,496.825848,496.825848
1150,20000,12,0.814828,,0.814828,0.814828,0.814828,525.877,525.877,525.877,496.825848,496.825848,496.825848
1151,20000,12,0.814828,,0.814828,0.814828,0.814828,525.877,525.877,525.877,496.825848,496.825848,496.825848
1152,20000,12,0.814828,,0.814828,0.814828,0.814828,525.877,525.877,525.877,496.825848,496.825848,496.825848
1153,20000,12,0.814828,,0.814828,0.814828,0.814828,525.877,525.877,525.877,496.825848,496.825848,496.825848
1154,20000,12,0.814828,,0.814828,0.814828,0.814828,525.877,525.877,525.877,496.825848,496.825848,496.825848
1155,20000,12,0.814828,,0.814828,0.814828,0.814828,525.877,525.877,525.877,496.825848,496.825848,496.825848
1156,20000,12,0.814828,,0.814828,0.814828,0.814828,525.877,525.877,525.877,496.825848,496.825848,496.825848
1157,20000,12,0.814828,,0.814828,0.814828,0.814828,525.877,525.877,525.877,496.825848,496.825848,496.825848
1158,20000,12,0.814828,,0.814828,0.814828,0.814828,525.877,525.877,525.877,496.825848,496.825848,496.825848
1159,20000,12,0.814828,,0.814828,0.814828,0.814828,525.877,525.877,525.877,496.825848,496.825848,496.825848
1160,20000,12,0.814828,,0.814828,0.814828,0.814828,525.877,525.877,525.877,496.825848,496.825848,496.825848
1161,20000,12,0.814828,,0.814828,0.814828,0.814828,525.877,525.877,525.877,496.825848,496.825848,496.825848
1162,20000,12,0.814828,,0.814828,0.814828,0.814828,525.877,525.877,525.877,496.825848,496.825848,496.825848
1163,20000,12,0.814828,,0.814828,0.814828,0.814828,525.877,525.877,525.877,496.825848,496.825848,496.825848
1164,20000,12,0.814828,,0.814828,0.814828,0.814828,525.877,525.877,525.877,496.825848,496.825848,496.825848
1165,20000,12,0.814828,,0.814828,0.814828,0.814828,525.877,525.877,525.877,496.825848,496.825848,496.825848
1166,20000,12,0.814828,,0.814828,0.814828,0.814828,525.877,525.877,525.877,496.825848,496.825848,496.825848
1167,20000,12,0.814828,,0.814828,0.814828,0.814828,525.877,525.877,525.877,496.825848,496.825848,496.825848
1168,20000,12,0.814828,,0.814828,0.814828,0.814828,525.877,525.877,525.877,496.825848,496.825848,496.825848
1169,20000,12,0.814828,,0.814828,0.814828,0.814828,525.877,525.877,525.877,496.825848,496.825848,496.825848
1170,20000,12,0.814828,,0.814828,0.814828,0.814828,525.877,525.877,525.877,496.825848,496.825848,496.825848
1171,20000,12,0.814828,,0.814828,0.814828,0.814828,525.877,525.877,525.877,496.825848,496.825848,496.825848
1172,20000,12,0.814828,,0.814828,0.814828,0.814828,525.877,525.877,525.877,496.825848,496.825848,496.825848
1173,20000,12,0.814828,,0.814828,0.814828,0.814828,525.877,525.877,525.877,496.825848,496.825848,496.825848
1174,20000,12,0.814828,,0.814828,0.814828,0.814828,525.877,525.877,525.877,496.825848,496.825848,496.825848
1175,20000,12,0.814828,,0.814828,0.814828,0.814828,525.877,525.877,525.877,496.825848,496.825848,496.825848
1176,20000,12,0.814828,,0.814828,0.814828,0.814828,525.877,525.877,525.877,496.825848,496.825848,496.825848
1177,20000,12,0.814828,,0.814828,0.814828,0.814828,525.877,525.877,525.877,496.825848,496.825848,496.825848
1178,20000,12,0.814828,,0.814828,0.814828,0.814828,525.877,525.877,525.877,496.825848,496.825848,496.825848
1179,20000,12,0.814828,,0.814828,0.814828,0.814828,525.877,525.877,525.877,496.825848,496.825848,496.825848
1180,20000,12,0.814828,,0.814828,0.814828,0.814828,525.877,525.877,525.877,496.825848,496.825848,496.825848
1181,20000,12,0.814828,,0.814828,0.814828,0.814828,525.877,525.877,525.877,496.825848,496.825848,496.825848
1182,20000,12,0.814828,,0.814828,0.814828,0.814828,525.877,525.877,525.877,496.825848,496.825848,496.825848
1183,20000,12,0.814828,,0.814828,0.814828,0.814828,525.877,525.877,525.877,496.825848,496.825848,496.825848
1184,20000,12,0.814828,,0.814828,0.814828,0.814828,525.877,525.877,525.877,496.825848,496.825848,496.825848
1185,20000,12,0.814828,,0.814828,0.814828,0.814828,525.877,525.877,525.877,496.825848,496.825848,496.825848
1186,20000,12,0.814828,,0.814828,0.814828,0.814828,525.877,525.877,525.877,496.825848,496.825848,496.825848
1187,20000,12,0.814828,,0.814828,0.814828,0.814828,525.877,525.877,525.877,496.825848,496.825848,496.825848
1188,20000,12,0.814828,,0.814828,0.814828,0.814828,525.877,525.877,525.877,496.825848,496.825848,496.825848
1189,20000,12,0.814828,,0.814828,0.814828,0.814828,525.877,525.877,525.877,496.825848,496.825848,496.825848
1190,20000,12,0.814828,,0.814828,0.814828,0.814828,525.877,525.877,525.877,496.825848,496.825848,496.825848
1191,20000,12,0.814828,,0.814828,0.814828,0.814828,525.877,525.877,525.877,496.825848,496.825848,496.825848
1192,20000,12,0.814828,,0.814828,0.814828,0.814828,525.877,525.877,525.877,496.825848,496.825848,496.825848
1193,20000,12,0.814828,,0.814828,0.814828,0.814828,525.877,525.877,525.877,496.825848,496.825848,496.825848
1194,20000,12,0.814828,,0.814828,0.814828,0.814828,525.877,525.877,525.877,496.825848,496.825848,496.825848
1195,20000,12,0.814828,,0.814828,0.814828,0.814828,525.877,525.877,525.877,496.825848,496.825848,496.825848
1196,20000,12,0.814828,,0.814828,0.814828,0.814828,525.877,525.877,525.877,496.825848,496.825848,496.825848
1197,20000,12,0.814828,,0.814828,0.814828,0.814828,525.877,525.877,525.877,496.825848,496.825848,496.825848
1198,20000,12,0.814828,,0.814828,0.814828,0.814828,525.877,525.877,525.877,496.825848,496.825848,496.825848
1199,20000,12,0.814828,,0.814828,0.814828,0.814828,525.877,525.877,525.877,496.825848,496.825848,496.825848
1200,20000,12,0.814828,,0.814828,0.814828,0.814828,525.877,525.877,525.877,496.825848,496.825848,496.825848
1201,20000,12,0.814828,,0.814828,0.814828,0.814828,525.877,525.877,525.877,496.825848,496.825848,496.825848
1202,20000,12,0.814828,,0.814828,0.814828,0.814828,525.877,525.877,525.877,496.825848,496.825848,496.825848
1203,20000,12,0.814828,,0.814828,0.814828,0.814828,525.877,525.877,525.877,496.825848,496.825848,496.825848
1204,20000,12,0.814828,,0.814828,0.814828,0.814828,525.877,525.877,525.877,496.825848,496.825848,496.825848
1205,20000,12,0.814828,,0.814828,0.814828,0.814828,525.877,525.877,525.877,496.825848,496.825848,496.825848
1206,20000,12,0.814828,,0.814828,0.814828,0.814828,525.877,525.877,525.877,496.825848,496.825848,496.825848
1207,20000,12,0.814828,,0.814828,0.814828,0.814828,525.877,525.877,525.877,496.825848,496.825848,496.825848
1208,20000,12,0.814828,,0.814828,0.814828,0.814828,525.877,525.877,525.877,496.825848,496.825848,496.825848
1209,20000,12,0.814828,,0.814828,0.814828,0.814828,525.877,525.877,525.877,496.825848,496.825848,496.825848
1210,20000,12,0.814828,,0.814828,0.814828,0.814828,525.877,525.877,525.877,496.825848,496.825848,496.825848
1211,20000,12,0.814828,,0.814828,0.814828,0.814828,525.877,525.877,525.877,496.825848,496.825848,496.825848
1212,20000,12,0.814828,,0.814828,0.814828,0.814828,525.877,525.877,525.877,496.825848,496.825848,496.825848
1213,20000,12,0.814828,,0.814828,0.814828,0.814828,525.877,525.877,525.877,496.825848,496.825848,496.825848
1214,20000,12,0.814828,,0.814828,0.814828,0.814828,525.877,525.877,525.877,496.825848,496.825848,496.825848
1215,20000,12,0.814828,,0.814828,0.814828,0.814828,525.877,525.877,525.877,496.825848,496.825848,496.825848
1216,20000,12,0.814828,,0.814828,0.814828,0.814828,525.877,525.877,525.877,496.825848,496.825848,496.825848
1217,20000,12,0.814828,,0.814828,0.814828,0.814828,525.877,525.877,525.877,496.825848,496.825848,496.825848
1218,20000,12,0.814828,,0.814828,0.814828,0.814828,525.877,525.877,525.877,496.825848,496.825848,496.825848
1219,20000,12,0.814828,,0.814828,0.814828,0.814828,525.877,525.877,525.877,496.825848,496.825848,496.825848
1220,20000,12,0.814828,,0.814828,0.814828,0.814828,525.877,525.877,525.877,496.825848,496.825848,496.825848
1221,20000,12,0.814828,,0.814828,0.814828,0.814828,525.877,525.877,525.877,496.825848,496.825848,496.825848
1222,20000,12,0.814828,,0.814828,0.814828,0.814828,525.877,525.877,525.877,496.825848,496.825848,496.825848
1223,20000,12,0.814828,,0.814828,0.814828,0.814828,525.877,525.877,525.877,496.825848,496.825848,496.825848
1224,20000,12,0.814828,,0.814828,0.814828,0.814828,525.877,525.877,525.877,496.825848,496.825848,496.825848
1225,20000,12,0.814828,,0.814828,0.814828,0.814828,525.877,525.877,525.877,496.825848,496.825848,496.825848
1226,20000,12,0.814828,,0.814828,0.814828,0.814828,525.877,525.877,525.877,496.825848,496.825848,496.825848
1227,20000,12,0.814828,,0.814828,0.814828,0.814828,525.877,525.877,525.877,496.825848,496.825848,496.825848
1228,20000,12,0.814828,,0.814828,0.814828,0.814828,525.877,525.877,525.877,496.825848,496.825848,496.825848
1229,20000,12,0.814828,,0.814828,0.814828,0.814828,525.877,525.877,525.877,496.825848,496.825848,496.825848
1230,20000,12,0.814828,,0.814828,0.814828,0.814828,525.877,525.877,525.877,496.825848,496.825848,496.825848
1231,20000,12,0.814828,,0.814828,0.814828,0.814828,525.877,525.877,525.877,496.825848,496.825848,496.825848
1232,20000,12,0.814828,,0.814828,0.814828,0.814828,525.877,525.877,525.877,496.825848,496.825848,496.825848
1233,20000,12,0.814828,,0.814828,0.814828,0.814828,525.877,525.877,525.877,496.825848,496.825848,496.825848
1234,20000,12,0.814828,,0.814828,0.814828,0.814828,525.877,525.877,525.877,496.825848,496.825848,496.825848
1235,20000,12,0.814828,,0.814828,0.814828,0.814828,525.877,525.877,525.877,496.825848,496.825848,496.825848
1236,20000,12,0.814828,,0.814828,0.814828,0.814828,525.877,525.877,525.877,496.825848,496.825848,496.825848
1237,20000,12,0.814828,,0.814828,0.814828,0.814828,525.877,525.877,525.877,496.825848,496.825848,496.825848
1238,20000,12,0.814828,,0.814828,0.814828,0.814828,525.877,525.877,525.877,496.825848,496.825848,496.825848
1239,20000,12,0.814828,,0.814828,0.814828,0.814828,525.877,525.877,525.877,496.825848,496.825848,496.825848
1240,20000,12,0.814828,,0.814828,0.814828,0.814828,525.877,525.877,525.877,496.825848,496.825848,496.825848
1241,20000,12,0.814828,,0.814828,0.814828,0.814828,525.877,525.877,525.877,496.825848,496.825848,496.825848
1242,20000,12,0.814828,,0.814828,0.814828,0.814828,525.877,525.877,525.877,496.825848,496.825848,496.825848
1243,20000,12,0.814828,,0.814828,0.814828,0.814828,525.877,525.877,525.877,496.825848,496.825848,496.825848
1244,20000,12,0.814828,,0.814828,0.814828,0.814828,525.877,525.877,525.877,496.825848,496.825848,496.825848
1245,20000,12,0.814828,,0.814828,0.814828,0.814828,525.877,525.877,525.877,496.825848,496.825848,496.825848
1246,20000,12,0.814828,,0.814828,0.814828,0.814828,525.877,525.877,525.877,496.825848,496.825848,496.825848
1247,20000,12,0.814828,,0.814828,0.814828,0.814828,525.877,525.877,525.877,496.825848,496.825848,496.825848
1248,20000,12,0.814828,,0.814828,0.814828,0.814828,525.877,525.877,525.877,496.825848,496.825848,496.825848
1249,20000,12,0.814828,,0.814828,0.814828,0.814828,525.877,525.877,525.877,496.825848,496.825848,496.825848
1250,20000,12,0.814828,,0.814828,0.814828,0.814828,525.877,525.877,525.877,496.825848,496.825848,496.825848
1251,20000,12,0.814828,,0.814828,0.814828,0.814828,525.877,525.877,525.877,496.825848,496.825848,496.825848
1252,20000,12,0.814828,,0.814828,0.814828,0.814828,525.877,525.877,525.877,496.825848,496.825848,496.825848
1253,20000,12,0.814828,,0.814828,0.814828,0.814828,525.877,525.877,525.877,496.825848,496.825848,496.825848
1254,20000,12,0.814828,,0.814828,0.814828,0.814828,525.877,525.877,525.877,496.825848,496.825848,496.825848
1255,20000,12,0.814828,,0.814828,0.814828,0.814828,525.877,525.877,525.877,496.825848,496.825848,496.825848
1256,20000,12,0.814828,,0.814828,0.814828,0.814828,525.877,525.877,525.877,496.825848,496.825848,496.825848
1257,20000,12,0.814828,,0.814828,0.814828,0.814828,525.877,525.877,525.877,496.825848,496.825848,496.825848
1258,20000,12,0.814828,,0.814828,0.814828,0.814828,525.877,525.877,525.877,496.825848,496.825848,496.825848
1259,20000,12,0.814828,,0.814828,0.814828,0.814828,525.877,525.877,525.877,496.825848,496.825848,496.825848
1260,20000,12,0.814828,,0.814828,0.814828,0.814828,525.877,525.877,525.877,496.825848,496.825848,496.825848
1261,20000,12,0.814828,,0.814828,0.814828,0.814828,525.877,525.877,525.877,496.825848,496.825848,496.825848
1262,20000,12,0.814828,,0.814828,0.814828,0.814828,525.877,525.877,525.877,496.825848,496.825848,496.825848
1263,20000,12,0.814828,,0.814828,0.814828,0.814828,525.877,525.877,525.877,496.825848,496.825848,496.825848
1264,20000,12,0.814828,,0.814828,0.814828,0.814828,525.877,525.877,525.877,496.825848,496.825848,496.825848
1265,20000,12,0.814828,,0.814828,0.814828,0.814828,525.877,525.877,525.877,496.825848,496.825848,496.825848
1266,20000,12,0.814828,,0.814828,0.814828,0.814828,525.877,525.877,525.877,496.825848,496.825848,496.825848
1267,20000,12,0.814828,,0.814828,0.814828,0.814828,525.877,525.877,525.877,496.825848,496.825848,496.825848
1268,20000,12,0.814828,,0.814828,0.814828,0.814828,525.877,525.877,525.877,496.825848,496.825848,496.825848
1269,20000,12,0.814828,,0.814828,0.814828,0.814828,525.877,525.877,525.877,496.825848,496.825848,496.825848
1270,20000,12,0.814828,,0.814828,0.814828,0.814828,525.877,525.877,525.877,496.825848,496.825848,496.825848
1271,20000,12,0.814828,,0.814828,0.814828,0.814828,525.877,525.877,525.877,496.825848,496.825848,496.825848
1272,20000,12,0.814828,,0.814828,0.814828,0.814828,525.877,525.877,525.877,496.825848,496.825848,496.825848
1273,20000,12,0.814828,,0.814828,0.814828,0.814828,525.877,525.877,525.877,496.825848,496.825848,496.825848
1274,20000,12,0.814828,,0.814828,0.814828,0.814828,525.877,525.877,525.877,496.825848,496.825848,496.825848
1275,20000,12,0.814828,,0.814828,0.814828,0.814828,525.877,525.877,525.877,496.825848,496.825848,496.825848
1276,20000,12,0.814828,,0.814828,0.814828,0.814828,525.877,525.877,525.877,496.825848,496.825848,496.825848
1277,20000,12,0.814828,,0.814828,0.814828,0.814828,525.877,525.877,525.877,496.825848,496.825848,496.825848
1278,20000,12,0.814828,,0.814828,0.814828,0.814828,525.877,525.877,525.877,496.825848,496.825848,496.825848
1279,20000,12,0.814828,,0.814828,0.814828,0.814828,525.877,525.877,525.877,496.825848,496.825848,496.825848
1280,20000,12,0.814828,,0.814828,0.814828,0.814828,525.877,525.877,525.877,496.825848,496.825848,496.825848
1281,20000,12,0.814828,,0.814828,0.814828,0.814828,525.877,525.877,525.877,496.825848,496.825848,496.825848
1282,20000,12,0.814828,,0.814828,0.814828,0.814828,525.877,525.877,525.877,496.825848,496.825848,496.825848
1283,20000,12,0.814828,,0.814828,0.814828,0.814828,525.877,525.877,525.877,496.825848,496.825848,496.825848
1284,20000,12,0.814828,,0.814828,0.814828,0.814828,525.877,525.877,525.877,496.825848,496.825848,496.825848
1285,20000,12,0.814828,,0.814828,0.814828,0.814828,525.877,525.877,525.877,496.825848,496.825848,496.825848
1286,20000,12,0.814828,,0.814828,0.814828,0.814828,525.877,525.877,525.877,496.825848,496.825848,496.825848
1287,20000,12,0.814828,,0.814828,0.814828,0.814828,525.877,525.877,525.877,496.825848,496.825848,496.825848
1288,20000,12,0.814828,,0.814828,0.814828,0.814828,525.877,525.877,525.877,496.825848,496.825848,496.825848
1289,20000,12,0.814828,,0.814828,0.814828,0.814828,525.877,525.877,525.877,496.825848,496.825848,496.825848
1290,20000,12,0.814828,,0.814828,0.814828,0.814828,525.877,525.877,525.877,496.825848,496.825848,496.825848
1291,20000,12,0.814828,,0.814828,0.814828,0.814828,525.877,525.877,525.877,496.825848,496.825848,496.825848
1292,20000,12,0.814828,,0.814828,0.814828,0.814828,525.877,525.877,525.877,496.825848,496.825848,496.825848
1293,20000,12,0.814828,,0.814828,0.814828,0.814828,525.877,525.877,525.877,496.825848,496.825848,496.825848
1294,20000,12,0.814828,,0.814828,0.814828,0.814828,525.877,525.877,525.877,496.825848,496.825848,496.825848
1295,20000,12,0.814828,,0.814828,0.814828,0.814828,525.877,525.877,525.877,496.825848,496.825848,496.825848
1296,20000,12,0.814828,,0.814828,0.814828,0.814828,525.877,525.877,525.877,496.825848,496.825848,496.825848
1297,20000,12,0.814828,,0.814828,0.814828,0.814828,525.877,525.877,525.877,496.825848,496.825848,496.825848
1298,20000,12,0.814828,,0.814828,0.814828,0.814828,525.877,525.877,525.877,496.825848,496.825848,496.825848
1299,20000,12,0.814828,,0.814828,0.814828,0.814828,525.877,525.877,525.877,496.825848,496.825848,496.825848
1300,20000,12,0.814828,,0.814828,0.814828,0.814828,525.877,525.877,525.877,496.825848,496.825848,496.825848
1301,20000,12,0.814828,,0.814828,0.814828,0.814828,525.877,525.877,525.877,496.825848,496.825848,496.825848
1302,20000,12,0.814828,,0.814828,0.814828,0.814828,525.877,525.877,525.877,496.825848,496.825848,496.825848
1303,20000,12,0.814828,,0.814828,0.814828,0.814828,525.877,525.877,525.877,496.825848,496.825848,496.825848
1304,20000,12,0.814828,,0.814828,0.814828,0.814828,525.877,525.877,525.877,496.825848,496.825848,496.825848
1305,20000,12,0.814828,,0.814828,0.814828,0.814828,525.877,525.877,525.877,496.825848,496.825848,496.825848
1306,20000,12,0.814828,,0.814828,0.814828,0.814828,525.877,525.877,525.877,496.825848,496.825848,496.825848
1307,20000,12,0.814828,,0.814828,0.814828,0.814828,525.877,525.877,525.877,496.825848,496.825848,496.825848
1308,20000,12,0.814828,,0.814828,0.814828,0.814828,525.877,525.877,525.877,496.825848,496.825848,496.825848
1309,20000,12,0.814828,,0.814828,0.814828,0.814828,525.877,525.877,525.877,496.825848,496.825848,496.825848
1310,20000,12,0.814828,,0.814828,0.814828,0.814828,525.877,525.877,525.877,496.825848,496.825848,496.825848
1311,20000,12,0.814828,,0.814828,0.814828,0.814828,525.877,525.877,525.877,496.825848,496.825848,496.825848
1312,20000,12,0.814828,,0.814828,0.814828,0.814828,525.877,525.877,525.877,496.825848,496.825848,496.825848
1313,20000,12,0.814828,,0.814828,0.814828,0.814828,525.877,525.877,525.877,496.825848,496.825848,496.825848
1314,20000,12,0.814828,,0.814828,0.814828,0.814828,525.877,525.877,525.877,496.825848,496.825848,496.825848
1315,20000,12,0.814828,,0.814828,0.814828,0.814828,525.877,525.877,525.877,496.825848,496.825848,496.825848
1316,20000,12,0.814828,,0.814828,0.814828,0.814828,525.877,525.877,525.877,496.825848,496.825848,496.825848
1317,20000,12,0.814828,,0.814828,0.814828,0.814828,525.877,525.877,525.877,496.825848,496.825848,496.825848
1318,20000,12,0.814828,,0.814828,0.814828,0.814828,525.877,525.877,525.877,496.825848,496.825848,496.825848
1319,20000,12,0.814828,,0.814828,0.814828,0.814828,525.877,525.877,525.877,496.825848,496.825848,496.825848
1320,20000,12,0.814828,,0.814828,0.814828,0.814828,525.877,525.877,525.877,496.825848,496.825848,496.825848
1321,20000,12,0.814828,,0.814828,0.814828,0.814828,525.877,525.877,525.877,496.825848,496.825848,496.825848
1322,20000,12,0.814828,,0.814828,0.814828,0.814828,525.877,525.877,525.877,496.825848,496.825848,496.825848
1323,20000,12,0.814828,,0.814828,0.814828,0.814828,525.877,525.877,525.877,496.825848,496.825848,496.825848
1324,20000,12,0.814828,,0.814828,0.814828,0.814828,525.877,525.877,525.877,496.825848,496.825848,496.825848
1325,20000,12,0.814828,,0.814828,0.814828,0.814828,525.877,525.877,525.877,496.825848,496.825848,496.825848
1326,20000,12,0.814828,,0.814828,0.814828,0.814828,525.877,525.877,525.877,496.825848,496.825848,496.825848
1327,20000,12,0.814828,,0.814828,0.814828,0.814828,525.877,525.877,525.877,496.825848,496.825848,496.825848
1328,20000,12,0.814828,,0.814828,0.814828,0.814828,525.877,525.877,525.877,496.825848,496.825848,496.825848
1329,20000,12,0.814828,,0.814828,0.814828,0.814828,525.877,525.877,525.877,496.825848,496.825848,496.825848
1330,20000,12,0.814828,,0.814828,0.814828,0.814828,525.877,525.877,525.877,496.825848,496.825848,496.825848
1331,20000,12,0.814828,,0.814828,0.814828,0.814828,525.877,525.877,525.877,496.825848,496.825848,496.825848
1332,20000,12,0.814828,,0.814828,0.814828,0.814828,525.877,525.877,525.877,496.825848,496.825848,496.825848
1333,20000,12,0.814828,,0.814828,0.814828,0.814828,525.877,525.877,525.877,496.825848,496.825848,496.825848
1334,20000,12,0.814828,,0.814828,0.814828,0.814828,525.877,525.877,525.877,496.825848,496.825848,496.825848
1335,20000,12,0.814828,,0.814828,0.814828,0.814828,525.877,525.877,525.877,496.825848,496.825848,496.825848
1336,20000,12,0.814828,,0.814828,0.814828,0.814828,525.877,525.877,525.877,496.825848,496.825848,496.825848
1337,20000,12,0.814828,,0.814828,0.814828,0.814828,525.877,525.877,525.877,496.825848,496.825848,496.825848
1338,20000,12,0.814828,,0.814828,0.814828,0.814828,525.877,525.877,525.877,496.825848,496.825848,496.825848
1339,20000,12,0.814828,,0.814828,0.814828,0.814828,525.877,525.877,525.877,496.825848,496.825848,496.825848
1340,20000,12,0.814828,,0.814828,0.814828,0.814828,525.877,525.877,525.877,496.825848,496.825848,496.825848
1341,20000,12,0.814828,,0.814828,0.814828,0.814828,525.877,525.877,525.877,496.825848,496.825848,496.825848
1342,20000,12,0.814828,,0.814828,0.814828,0.814828,525.877,525.877,525.877,496.825848,496.825848,496.825848
1343,20000,12,0.814828,,0.814828,0.814828,0.814828,525.877,525.877,525.877,496.825848,496.825848,496.825848
1344,20000,12,0.814828,,0.814828,0.814828,0.814828,525.877,525.877,525.877,496.825848,496.825848,496.825848
1345,20000,12,0.814828,,0.814828,0.814828,0.814828,525.877,525.877,525.877,496.825848,496.825848,496.825848
1346,20000,12,0.814828,,0.814828,0.814828,0.814828,525.877,525.877,525.877,496.825848,496.825848,496.825848
1347,20000,12,0.814828,,0.814828,0.814828,0.814828,525.877,525.877,525.877,496.825848,496.825848,496.825848
1348,20000,12,0.814828,,0.814828,0.814828,0.814828,525.877,525.877,525.877,496.825848,496.825848,496.825848
1349,20000,12,0.814828,,0.814828,0.814828,0.814828,525.877,525.877,525.877,496.825848,496.825848,496.825848
1350,20000,12,0.814828,,0.814828,0.814828,0.814828,525.877,525.877,525.877,496.825848,496.825848,496.825848
1351,20000,12,0.814828,,0.814828,0.814828,0.814828,525.877,525.877,525.877,496.825848,496.825848,496.825848
1352,20000,12,0.814828,,0.814828,0.814828,0.814828,525.877,525.877,525.877,496.825848,496.825848,496.825848
1353,20000,12,0.814828,,0.814828,0.814828,0.814828,525.877,525.877,525.877,496.825848,496.825848,496.825848
1354,20000,12,0.814828,,0.814828,0.814828,0.814828,525.877,525.877,525.877,496.825848,496.825848,496.825848
1355,20000,12,0.814828,,0.814828,0.814828,0.814828,525.877,525.877,525.877,496.825848,496.825848,496.825848
1356,20000,12,0.814828,,0.814828,0.814828,0.814828,525.877,525.877,525.877,496.825848,496.825848,496.825848
1357,20000,12,0.814828,,0.814828,0.814828,0.814828,525.877,525.877,525.877,496.825848,496.825848,496.825848
1358,20000,12,0.814828,,0.814828,0.814828,0.814828,525.877,525.877,525.877,496.825848,496.825848,496.825848
1359,20000,12,0.814828,,0.814828,0.814828,0.814828,525.877,525.877,525.877,496.825848,496.825848,496.825848
1360,20000,12,0.814828,,0.814828,0.814828,0.814828,525.877,525.877,525.877,496.825848,496.825848,496.825848
1361,20000,12,0.814828,,0.814828,0.814828,0.814828,525.877,525.877,525.877,496.825848,496.825848,496.825848
1362,20000,12,0.814828,,0.814828,0.814828,0.814828,525.877,525.877,525.877,496.825848,496.825848,496.825848
1363,20000,12,0.814828,,0.814828,0.814828,0.814828,525.877,525.877,525.877,496.825848,496.825848,496.825848
1364,20000,12,0.814828,,0.814828,0.814828,0.814828,525.877,525.877,525.877,496.825848,496.825848,496.825848
1365,20000,12,0.814828,,0.814828,0.814828,0.814828,525.877,525.877,525.877,496.825848,496.825848,496.825848
1366,20000,12,0.814828,,0.814828,0.814828,0.814828,525.877,525.877,525.877,496.825848,496.825848,496.825848
1367,20000,12,0.814828,,0.814828,0.814828,0.814828,525.877,525.877,525.877,496.825848,496.825848,496.825848
1368,20000,12,0.814828,,0.814828,0.814828,0.814828,525.877,525.877,525.877,496.825848,496.825848,496.825848
1369,20000,12,0.814828,,0.814828,0.814828,0.814828,525.877,525.877,525.877,496.825848,496.825848,496.825848
1370,20000,12,0.814828,,0.814828,0.814828,0.814828,525.877,525.877,525.877,496.825848,496.825848,496.825848
1371,20000,12,0.814828,,0.814828,0.814828,0.814828,525.877,525.877,525.877,496.825848,496.825848,496.825848
1372,20000,12,0.814828,,0.814828,0.814828,0.814828,525.877,525.877,525.877,496.825848,496.825848,496.825848
1373,20000,12,0.814828,,0.814828,0.814828,0.814828,525.877,525.877,525.877,496.825848,496.825848,496.825848
1374,20000,12,0.814828,,0.814828,0.814828,0.814828,525.877,525.877,525.877,496.825848,496.825848,496.825848
1375,20000,12,0.814828,,0.814828,0.814828,0.814828,525.877,525.877,525.877,496.825848,496.825848,496.825848
1376,20000,12,0.814828,,0.814828,0.814828,0.814828,525.877,525.877,525.877,496.825848,496.825848,496.825848
1377,20000,12,0.814828,,0.814828,0.814828,0.814828,525.877,525.877,525.877,496.825848,496.825848,496.825848
1378,20000,12,0.814828,,0.814828,0.814828,0.814828,525.877,525.877,525.877,496.825848,496.825848,496.825848
1379,20000,12,0.814828,,0.814828,0.814828,0.814828,525.877,525.877,525.877,496.825848,496.825848,496.825848
1380,20000,12,0.814828,,0.814828,0.814828,0.814828,525.877,525.877,525.877,496.825848,496.825848,496.825848
1381,20000,12,0.814828,,0.814828,0.814828,0.814828,525.877,525.877,525.877,496.825848,496.825848,496.825848
1382,20000,12,0.814828,,0.814828,0.814828,0.814828,525.877,525.877,525.877,496.825848,496.825848,496.825848
1383,20000,12,0.814828,,0.814828,0.814828,0.814828,525.877,525.877,525.877,496.825848,496.825848,496.825848
1384,20000,12,0.814828,,0.814828,0.814828,0.814828,525.877,525.877,525.877,496.825848,496.825848,496.825848
1385,20000,12,0.814828,,0.814828,0.814828,0.814828,525.877,525.877,525.877,496.825848,496.825848,496.825848
1386,20000,12,0.814828,,0.814828,0.814828,0.814828,525.877,525.877,525.877,496.825848,496.825848,496.825848
1387,20000,12,0.814828,,0.814828,0.814828,0.814828,525.877,525.877,525.877,496.825848,496.825848,496.825848
1388,20000,12,0.814828,,0.814828,0.814828,0.814828,525.877,525.877,525.877,496.825848,496.825848,496.825848
1389,20000,12,0.814828,,0.814828,0.814828,0.814828,525.877,525.877,525.877,496.825848,496.825848,496.825848
1390,20000,12,0.814828,,0.814828,0.814828,0.814828,525.877,525.877,525.877,496.825848,496.825848,496.825848
1391,20000,12,0.814828,,0.814828,0.814828,0.814828,525.877,525.877,525.877,496.825848,496.825848,496.825848
1392,20000,12,0.814828,,0.814828,0.814828,0.814828,525.877,525.877,525.877,496.825848,496.825848,496.825848
1393,20000,12,0.814828,,0.814828,0.814828,0.814828,525.877,525.877,525.877,496.825848,496.825848,496.825848
1394,20000,12,0.814828,,0.814828,0.814828,0.814828,525.877,525.877,525.877,496.825848,496.825848,496.825848
1395,20000,12,0.814828,,0.814828,0.814828,0.814828,525.877,525.877,525.877,496.825848,496.825848,496.825848
1396,20000,12,0.814828,,0.814828,0.814828,0.814828,525.877,525.877,525.877,496.825848,496.825848,496.825848
1397,20000,12,0.814828,,0.814828,0.814828,0.814828,525.877,525.877,525.877,496.825848,496.825848,496.825848
1398,20000,12,0.814828,,0.814828,0.814828,0.814828,525.877,525.877,525.877,496.825848,496.825848,496.825848
1399,20000,12,0.814828,,0.814828,0.814828,0.814828,525.877,525.877,525.877,496.825848,496.825848,496.825848
1400,20000,12,0.814828,,0.814828,0.814828,0.814828,525.877,525.877,525.877,496.825848,496.825848,496.825848
1401,20000,12,0.814828,,0.814828,0.814828,0.814828,525.877,525.877,525.877,496.825848,496.825848,496.825848
1402,20000,12,0.814828,,0.814828,0.814828,0.814828,525.877,525.877,525.877,496.825848,496.825848,496.825848
1403,20000,12,0.814828,,0.814828,0.814828,0.814828,525.877,525.877,525.877,496.825848,496.825848,496.825848
1404,20000,12,0.814828,,0.814828,0.814828,0.814828,525.877,525.877,525.877,496.825848,496.825848,496.825848
1405,20000,12,0.814828,,0.814828,0.814828,0.814828,525.877,525.877,525.877,496.825848,496.825848,496.825848
1406,20000,12,0.814828,,0.814828,0.814828,0.814828,525.877,525.877,525.877,496.825848,496.825848,496.825848
1407,20000,12,0.814828,,0.814828,0.814828,0.814828,525.877,525.877,525.877,496.825848,496.825848,496.825848
1408,20000,12,0.814828,,0.814828,0.814828,0.814828,525.877,525.877,525.877,496.825848,496.825848,496.825848
1409,20000,12,0.814828,,0.814828,0.814828,0.814828,525.877,525.877,525.877,496.825848,496.825848,496.825848
1410,20000,12,0.814828,,0.814828,0.814828,0.814828,525.877,525.877,525.877,496.825848,496.825848,496.825848
1411,20000,12,0.814828,,0.814828,0.814828,0.814828,525.877,525.877,525.877,496.825848,496.825848,496.825848
1412,20000,12,0.814828,,0.814828,0.814828,0.814828,525.877,525.877,525.877,496.825848,496.825848,496.825848
1413,20000,12,0.814828,,0.814828,0.814828,0.814828,525.877,525.877,525.877,496.825848,496.825848,496.825848
1414,20000,12,0.814828,,0.814828,0.814828,0.814828,525.877,525.877,525.877,496.825848,496.825848,496.825848
1415,20000,12,0.814828,,0.814828,0.814828,0.814828,525.877,525.877,525.877,496.825848,496.825848,496.825848
1416,20000,12,0.814828,,0.814828,0.814828,0.814828,525.877,525.877,525.877,496.825848,496.825848,496.825848
1417,20000,12,0.814828,,0.814828,0.814828,0.814828,525.877,525.877,525.877,496.825848,496.825848,496.825848
1418,20000,12,0.814828,,0.814828,0.814828,0.814828,525.877,525.877,525.877,496.825848,496.825848,496.825848
1419,20000,12,0.814828,,0.814828,0.814828,0.814828,525.877,525.877,525.877,496.825848,496.825848,496.825848
1420,20000,12,0.814828,,0.814828,0.814828,0.814828,525.877,525.877,525.877,496.825848,496.825848,496.825848
1421,20000,12,0.814828,,0.814828,0.814828,0.814828,525.877,525.877,525.877,496.825848,496.825848,496.825848
1422,20000,12,0.814828,,0.814828,0.814828,0.814828,525.877,525.877,525.877,496.825848,496.825848,496.825848
1423,20000,12,0.814828,,0.814828,0.814828,0.814828,525.877,525.877,525.877,496.825848,496.825848,496.825848
1424,20000,12,0.814828,,0.814828,0.814828,0.814828,525.877,525.877,525.877,496.825848,496.825848,496.825848
1425,20000,12,0.814828,,0.814828,0.814828,0.814828,525.877,525.877,525.877,496.825848,496.825848,496.825848
1426,20000,12,0.814828,,0.814828,0.814828,0.814828,525.877,525.877,525.877,496.825848,496.825848,496.825848
1427,20000,12,0.814828,,0.814828,0.814828,0.814828,525.877,525.877,525.877,496.825848,496.825848,496.825848
1428,20000,12,0.814828,,0.814828,0.814828,0.814828,525.877,525.877,525.877,496.825848,496.825848,496.825848
1429,20000,12,0.814828,,0.814828,0.814828,0.814828,525.877,525.877,525.877,496.825848,496.825848,496.825848
1430,20000,12,0.814828,,0.814828,0.814828,0.814828,525.877,525.877,525.877,496.825848,496.825848,496.825848
1431,20000,12,0.814828,,0.814828,0.814828,0.814828,525.877,525.877,525.877,496.825848,496.825848,496.825848
1432,20000,12,0.814828,,0.814828,0.814828,0.814828,525.877,525.877,525.877,496.825848,496.825848,496.825848
1433,20000,12,0.814828,,0.814828,0.814828,0.814828,525.877,525.877,525.877,496.825848,496.825848,496.825848
1434,20000,12,0.814828,,0.814828,0.814828,0.814828,525.877,525.877,525.877,496.825848,496.825848,496.825848
1435,20000,12,0.814828,,0.814828,0.814828,0.814828,525.877,525.877,525.877,496.825848,496.825848,496.825848
1436,20000,12,0.814828,,0.814828,0.814828,0.814828,525.877,525.877,525.877,496.825848,496.825848,496.825848
1437,20000,12,0.814828,,0.814828,0.814828,0.814828,525.877,525.877,525.877,496.825848,496.825848,496.825848
1438,20000,12,0.814828,,0.814828,0.814828,0.814828,525.877,525.877,525.877,496.825848,496.825848,496.825848
1439,20000,12,0.814828,,0.814828,0.814828,0.814828,525.877,525.877,525.877,496.825848,496.825848,496.825848
1440,20000,12,0.814828,,0.814828,0.814828,0.814828,525.877,525.877,525.877,496.825848,496.825848,496.825848
1441,20000,12,0.814828,,0.814828,0.814828,0.814828,525.877,525.877,525.877,496.825848,496.825848,496.825848
1442,20000,12,0.814828,,0.814828,0.814828,0.814828,525.877,525.877,525.877,496.825848,496.825848,496.825848
1443,20000,12,0.814828,,0.814828,0.814828,0.814828,525.877,525.877,525.877,496.825848,496.825848,496.825848
1444,20000,12,0.814828,,0.814828,0.814828,0.814828,525.877,525.877,525.877,496.825848,496.825848,496.825848
1445,20000,12,0.814828,,0.814828,0.814828,0.814828,525.877,525.877,525.877,496.825848,496.825848,496.825848
1446,20000,12,0.814828,,0.814828,0.814828,0.814828,525.877,525.877,525.877,496.825848,496.825848,496.825848
1447,20000,12,0.814828,,0.814828,0.814828,0.814828,525.877,525.877,525.877,496.825848,496.825848,496.825848
1448,20000,12,0.814828,,0.814828,0.814828,0.814828,525.877,525.877,525.877,496.825848,496.825848,496.825848
1449,20000,12,0.814828,,0.814828,0.814828,0.814828,525.877,525.877,525.877,496.825848,496.825848,496.825848
1450,20000,12,0.814828,,0.814828,0.814828,0.814828,525.877,525.877,525.877,496.825848,496.825848,496.825848
1451,20000,12,0.814828,,0.814828,0.814828,0.814828,525.877,525.877,525.877,496.825848,496.825848,496.825848
1452,20000,12,0.814828,,0.814828,0.814828,0.814828,525.877,525.877,525.877,496.825848,496.825848,496.825848
1453,20000,12,0.814828,,0.814828,0.814828,0.814828,525.877,525.877,525.877,496.825848,496.825848,496.825848
1454,20000,12,0.814828,,0.814828,0.814828,0.814828,525.877,525.877,525.877,496.825848,496.825848,496.825848
1455,20000,12,0.814828,,0.814828,0.814828,0.814828,525.877,525.877,525.877,496.825848,496.825848,496.825848
1456,20000,12,0.814828,,0.814828,0.814828,0.814828,525.877,525.877,525.877,496.825848,496.825848,496.825848
1457,20000,12,0.814828,,0.814828,0.814828,0.814828,525.877,525.877,525.877,496.825848,496.825848,496.825848
1458,20000,12,0.814828,,0.814828,0.814828,0.814828,525.877,525.877,525.877,496.825848,496.825848,496.825848
1459,20000,12,0.814828,,0.814828,0.814828,0.814828,525.877,525.877,525.877,496.825848,496.825848,496.825848
1460,20000,12,0.814828,,0.814828,0.814828,0.814828,525.877,525.877,525.877,496.825848,496.825848,496.825848
1461,20000,12,0.814828,,0.814828,0.814828,0.814828,525.877,525.877,525.877,496.825848,496.825848,496.825848
1462,20000,12,0.814828,,0.814828,0.814828,0.814828,525.877,525.877,525.877,496.825848,496.825848,496.825848
1463,20000,12,0.814828,,0.814828,0.814828,0.814828,525.877,525.877,525.877,496.825848,496.825848,496.825848
1464,20000,12,0.814828,,0.814828,0.814828,0.814828,525.877,525.877,525.877,496.825848,496.825848,496.825848
1465,20000,12,0.814828,,0.814828,0.814828,0.814828,525.877,525.877,525.877,496.825848,496.825848,496.825848
1466,20000,12,0.814828,,0.814828,0.814828,0.814828,525.877,525.877,525.877,496.825848,496.825848,496.825848
1467,20000,12,0.814828,,0.814828,0.814828,0.814828,525.877,525.877,525.877,496.825848,496.825848,496.825848
1468,20000,12,0.814828,,0.814828,0.814828,0.814828,525.877,525.877,525.877,496.825848,496.825848,496.825848
1469,20000,12,0.814828,,0.814828,0.814828,0.814828,525.877,525.877,525.877,496.825848,496.825848,496.825848
1470,20000,12,0.814828,,0.814828,0.814828,0.814828,525.877,525.877,525.877,496.825848,496.825848,496.825848
1471,20000,12,0.814828,,0.814828,0.814828,0.814828,525.877,525.877,525.877,496.825848,496.825848,496.825848
1472,20000,12,0.814828,,0.814828,0.814828,0.814828,525.877,525.877,525.877,496.825848,496.825848,496.825848
1473,20000,12,0.814828,,0.814828,0.814828,0.814828,525.877,525.877,525.877,496.825848,496.825848,496.825848
1474,20000,12,0.814828,,0.814828,0.814828,0.814828,525.877,525.877,525.877,496.825848,496.825848,496.825848
1475,20000,12,0.814828,,0.814828,0.814828,0.814828,525.877,525.877,525.877,496.825848,496.825848,496.825848
1476,20000,12,0.814828,,0.814828,0.814828,0.814828,525.877,525.877,525.877,496.825848,496.825848,496.825848
1477,20000,12,0.814828,,0.814828,0.814828,0.814828,525.877,525.877,525.877,496.825848,496.825848,496.825848
1478,20000,12,0.814828,,0.814828,0.814828,0.814828,525.877,525.877,525.877,496.825848,496.825848,496.825848
1479,20000,12,0.814828,,0.814828,0.814828,0.814828,525.877,525.877,525.877,496.825848,496.825848,496.825848
1480,20000,12,0.814828,,0.814828,0.814828,0.814828,525.877,525.877,525.877,496.825848,496.825848,496.825848
1481,20000,12,0.814828,,0.814828,0.814828,0.814828,525.877,525.877,525.877,496.825848,496.825848,496.825848
1482,20000,12,0.814828,,0.814828,0.814828,0.814828,525.877,525.877,525.877,496.825848,496.825848,496.825848
1483,20000,12,0.814828,,0.814828,0.814828,0.814828,525.877,525.877,525.877,496.825848,496.825848,496.825848
1484,20000,12,0.814828,,0.814828,0.814828,0.814828,525.877,525.877,525.877,496.825848,496.825848,496.825848
1485,20000,12,0.814828,,0.814828,0.814828,0.814828,525.877,525.877,525.877,496.825848,496.825848,496.825848
1486,20000,12,0.814828,,0.814828,0.814828,0.814828,525.877,525.877,525.877,496.825848,496.825848,496.825848
1487,20000,12,0.814828,,0.814828,0.814828,0.814828,525.877,525.877,525.877,496.825848,496.825848,496.825848
1488,20000,12,0.814828,,0.814828,0.814828,0.814828,525.877,525.877,525.877,496.825848,496.825848,496.825848
1489,20000,12,0.814828,,0.814828,0.814828,0.814828,525.877,525.877,525.877,496.825848,496.825848,496.825848
1490,20000,12,0.814828,,0.814828,0.814828,0.814828,525.877,525.877,525.877,496.825848,496.825848,496.825848
1491,20000,12,0.814828,,0.814828,0.814828,0.814828,525.877,525.877,525.877,496.825848,496.825848,496.825848
1492,20000,12,0.814828,,0.814828,0.814828,0.814828,525.877,525.877,525.877,496.825848,496.825848,496.825848
1493,20000,12,0.814828,,0.814828,0.814828,0.814828,525.877,525.877,525.877,496.825848,496.825848,496.825848
1494,20000,12,0.814828,,0.814828,0.814828,0.814828,525.877,525.877,525.877,496.825848,496.825848,496.825848
1495,20000,12,0.814828,,0.814828,0.814828,0.814828,525.877,525.877,525.877,496.825848,496.825848,496.825848
1496,20000,12,0.814828,,0.814828,0.814828,0.814828,525.877,525.877,525.877,496.825848,496.825848,496.825848
1497,20000,12,0.814828,,0.814828,0.814828,0.814828,525.877,525.877,525.877,496.825848,496.825848,496.825848
1498,20000,12,0.814828,,0.814828,0.814828,0.814828,525.877,525.877,525.877,496.825848,496.825848,496.825848
1499,20000,12,0.814828,,0.814828,0.814828,0.814828,525.877,525.877,525.877,496.825848,496.825848,496.825848
1500,20000,12,0.814828,,0.814828,0.814828,0.814828,525.877,525.877,525.877,496.825848,496.825848,496.825848
1501,20000,12,0.814828,,0.814828,0.814828,0.814828,525.877,525.877,525.877,496.825848,496.825848,496.825848
1502,20000,12,0.814828,,0.814828,0.814828,0.814828,525.877,525.877,525.877,496.825848,496.825848,496.825848
1503,20000,12,0.814828,,0.814828,0.814828,0.814828,525.877,525.877,525.877,496.825848,496.825848,496.825848
1504,20000,12,0.814828,,0.814828,0.814828,0.814828,525.877,525.877,525.877,496.825848,496.825848,496.825848
1505,20000,12,0.814828,,0.814828,0.814828,0.814828,525.877,525.877,525.877,496.825848,496.825848,496.825848
1506,20000,12,0.814828,,0.814828,0.814828,0.814828,525.877,525.877,525.877,496.825848,496.825848,496.825848
1507,20000,12,0.814828,,0.814828,0.814828,0.814828,525.877,525.877,525.877,496.825848,496.825848,496.825848
1508,20000,12,0.814828,,0.814828,0.814828,0.814828,525.877,525.877,525.877,496.825848,496.825848,496.825848
1509,20000,12,0.814828,,0.814828,0.814828,0.814828,525.877,525.877,525.877,496.825848,496.825848,496.825848
1510,20000,12,0.814828,,0.814828,0.814828,0.814828,525.877,525.877,525.877,496.825848,496.825848,496.825848
1511,20000,12,0.814828,,0.814828,0.814828,0.814828,525.877,525.877,525.877,496.825848,496.825848,496.825848
1512,20000,12,0.814828,,0.814828,0.814828,0.814828,525.877,525.877,525.877,496.825848,496.825848,496.825848
1513,20000,12,0.814828,,0.814828,0.814828,0.814828,525.877,525.877,525.877,496.825848,496.825848,496.825848
1514,20000,12,0.814828,,0.814828,0.814828,0.814828,525.877,525.877,525.877,496.825848,496.825848,496.825848
1515,20000,12,0.814828,,0.814828,0.814828,0.814828,525.877,525.877,525.877,496.825848,496.825848,496.825848
1516,20000,12,0.814828,,0.814828,0.814828,0.814828,525.877,525.877,525.877,496.825848,496.825848,496.825848
1517,20000,12,0.814828,,0.814828,0.814828,0.814828,525.877,525.877,525.877,496.825848,496.825848,496.825848
1518,20000,12,0.814828,,0.814828,0.814828,0.814828,525.877,525.877,525.877,496.825848,496.825848,496.825848
1519,20000,12,0.814828,,0.814828,0.814828,0.814828,525.877,525.877,525.877,496.825848,496.825848,496.825848
1520,20000,12,0.814828,,0.814828,0.814828,0.814828,525.877,525.877,525.877,496.825848,496.825848,496.825848
1521,20000,12,0.814828,,0.814828,0.814828,0.814828,525.877,525.877,525.877,496.825848,496.825848,496.825848
1522,20000,12,0.814828,,0.814828,0.814828,0.814828,525.877,525.877,525.877,496.825848,496.825848,496.825848
1523,20000,12,0.814828,,0.814828,0.814828,0.814828,525.877,525.877,525.877,496.825848,496.825848,496.825848
1524,20000,12,0.814828,,0.814828,0.814828,0.814828,525.877,525.877,525.877,496.825848,496.825848,496.825848
1525,20000,12,0.814828,,0.814828,0.814828,0.814828,525.877,525.877,525.877,496.825848,496.825848,496.825848
1526,20000,12,0.814828,,0.814828,0.814828,0.814828,525.877,525.877,525.877,496.825848,496.825848,496.825848
1527,20000,12,0.814828,,0.814828,0.814828,0.814828,525.877,525.877,525.877,496.825848,496.825848,496.825848
1528,20000,12,0.814828,,0.814828,0.814828,0.814828,525.877,525.877,525.877,496.825848,496.825848,496.825848
1529,20000,12,0.814828,,0.814828,0.814828,0.814828,525.877,525.877,525.877,496.825848,496.825848,496.825848
1530,20000,12,0.814828,,0.814828,0.814828,0.814828,525.877,525.877,525.877,496.825848,496.825848,496.825848
1531,20000,12,0.814828,,0.814828,0.814828,0.814828,525.877,525.877,525.877,496.825848,496.825848,496.825848
1532,20000,12,0.814828,,0.814828,0.814828,0.814828,525.877,525.877,525.877,496.825848,496.825848,496.825848
1533,20000,12,0.814828,,0.814828,0.814828,0.814828,525.877,525.877,525.877,496.825848,496.825848,496.825848
1534,20000,12,0.814828,,0.814828,0.814828,0.814828,525.877,525.877,525.877,496.825848,496.825848,496.825848
1535,20000,12,0.814828,,0.814828,0.814828,0.814828,525.877,525.877,525.877,496.825848,496.825848,496.825848
1536,20000,12,0.814828,,0.814828,0.814828,0.814828,525.877,525.877,525.877,496.825848,496.825848,496.825848
1537,20000,12,0.814828,,0.814828,0.814828,0.814828,525.877,525.877,525.877,496.825848,496.825848,496.825848
1538,20000,12,0.814828,,0.814828,0.814828,0.814828,525.877,525.877,525.877,496.825848,496.825848,496.825848
1539,20000,12,0.814828,,0.814828,0.814828,0.814828,525.877,525.877,525.877,496.825848,496.825848,496.825848
1540,20000,12,0.814828,,0.814828,0.814828,0.814828,525.877,525.877,525.877,496.825848,496.825848,496.825848
1541,20000,12,0.814828,,0.814828,0.814828,0.814828,525.877,525.877,525.877,496.825848,496.825848,496.825848
1542,20000,12,0.814828,,0.814828,0.814828,0.814828,525.877,525.877,525.877,496.825848,496.825848,496.825848
1543,20000,12,0.814828,,0.814828,0.814828,0.814828,525.877,525.877,525.877,496.825848,496.825848,496.825848
1544,20000,12,0.814828,,0.814828,0.814828,0.814828,525.877,525.877,525.877,496.825848,496.825848,496.825848
1545,20000,12,0.814828,,0.814828,0.814828,0.814828,525.877,525.877,525.877,496.825848,496.825848,496.825848
1546,20000,12,0.814828,,0.814828,0.814828,0.814828,525.877,525.877,525.877,496.825848,496.825848,496.825848
1547,20000,12,0.814828,,0.814828,0.814828,0.814828,525.877,525.877,525.877,496.825848,496.825848,496.825848
1548,20000,12,0.814828,,0.814828,0.814828,0.814828,525.877,525.877,525.877,496.825848,496.825848,496.825848
1549,20000,12,0.814828,,0.814828,0.814828,0.814828,525.877,525.877,525.877,496.825848,496.825848,496.825848
1550,20000,12,0.814828,,0.814828,0.814828,0.814828,525.877,525.877,525.877,496.825848,496.825848,496.825848
1551,20000,12,0.814828,,0.814828,0.814828,0.814828,525.877,525.877,525.877,496.825848,496.825848,496.825848
1552,20000,12,0.814828,,0.814828,0.814828,0.814828,525.877,525.877,525.877,496.825848,496.825848,496.825848
1553,20000,12,0.814828,,0.814828,0.814828,0.814828,525.877,525.877,525.877,496.825848,496.825848,496.825848
1554,20000,12,0.814828,,0.814828,0.814828,0.814828,525.877,525.877,525.877,496.825848,496.825848,496.825848
1555,20000,12,0.814828,,0.814828,0.814828,0.814828,525.877,525.877,525.877,496.825848,496.825848,496.825848
1556,20000,12,0.814828,,0.814828,0.814828,0.814828,525.877,525.877,525.877,496.825848,496.825848,496.825848
1557,20000,12,0.814828,,0.814828,0.814828,0.814828,525.877,525.877,525.877,496.825848,496.825848,496.825848
1558,20000,12,0.814828,,0.814828,0.814828,0.814828,525.877,525.877,525.877,496.825848,496.825848,496.825848
1559,20000,12,0.814828,,0.814828,0.814828,0.814828,525.877,525.877,525.877,496.825848,496.825848,496.825848
1560,20000,12,0.814828,,0.814828,0.814828,0.814828,525.877,525.877,525.877,496.825848,496.825848,496.825848
1561,20000,12,0.814828,,0.814828,0.814828,0.814828,525.877,525.877,525.877,496.825848,496.825848,496.825848
1562,20000,12,0.814828,,0.814828,0.814828,0.814828,525.877,525.877,525.877,496.825848,496.825848,496.825848
1563,20000,12,0.814828,,0.814828,0.814828,0.814828,525.877,525.877,525.877,496.825848,496.825848,496.825848
1564,20000,12,0.814828,,0.814828,0.814828,0.814828,525.877,525.877,525.877,496.825848,496.825848,496.825848
1565,20000,12,0.814828,,0.814828,0.814828,0.814828,525.877,525.877,525.877,496.825848,496.825848,496.825848
1566,20000,12,0.814828,,0.814828,0.814828,0.814828,525.877,525.877,525.877,496.825848,496.825848,496.825848
1567,20000,12,0.814828,,0.814828,0.814828,0.814828,525.877,525.877,525.877,496.825848,496.825848,496.825848
1568,20000,12,0.814828,,0.814828,0.814828,0.814828,525.877,525.877,525.877,496.825848,496.825848,496.825848
1569,20000,12,0.814828,,0.814828,0.814828,0.814828,525.877,525.877,525.877,496.825848,496.825848,496.825848
1570,20000,12,0.814828,,0.814828,0.814828,0.814828,525.877,525.877,525.877,496.825848,496.825848,496.825848
1571,20000,12,0.814828,,0.814828,0.814828,0.814828,525.877,525.877,525.877,496.825848,496.825848,496.825848
1572,20000,12,0.814828,,0.814828,0.814828,0.814828,525.877,525.877,525.877,496.825848,496.825848,496.825848
1573,20000,12,0.814828,,0.814828,0.814828,0.814828,525.877,525.877,525.877,496.825848,496.825848,496.825848
1574,20000,12,0.814828,,0.814828,0.814828,0.814828,525.877,525.877,525.877,496.825848,496.825848,496.825848
1575,20000,12,0.814828,,0.814828,0.814828,0.814828,525.877,525.877,525.877,496.825848,496.825848,496.825848
1576,20000,12,0.814828,,0.814828,0.814828,0.814828,525.877,525.877,525.877,496.825848,496.825848,496.825848
1577,20000,12,0.814828,,0.814828,0.814828,0.814828,525.877,525.877,525.877,496.825848,496.825848,496.825848
1578,20000,12,0.814828,,0.814828,0.814828,0.814828,525.877,525.877,525.877,496.825848,496.825848,496.825848
1579,20000,12,0.814828,,0.814828,0.814828,0.814828,525.877,525.877,525.877,496.825848,496.825848,496.825848
1580,20000,12,0.814828,,0.814828,0.814828,0.814828,525.877,525.877,525.877,496.825848,496.825848,496.825848
1581,20000,12,0.814828,,0.814828,0.814828,0.814828,525.877,525.877,525.877,496.825848,496.825848,496.825848
1582,20000,12,0.814828,,0.814828,0.814828,0.814828,525.877,525.877,525.877,496.825848,496.825848,496.825848
1583,20000,12,0.814828,,0.814828,0.814828,0.814828,525.877,525.877,525.877,496.825848,496.825848,496.825848
1584,20000,12,0.814828,,0.814828,0.814828,0.814828,525.877,525.877,525.877,496.825848,496.825848,496.825848
1585,20000,12,0.814828,,0.814828,0.814828,0.814828,525.877,525.877,525.877,496.825848,496.825848,496.825848
1586,20000,12,0.814828,,0.814828,0.814828,0.814828,525.877,525.877,525.877,496.825848,496.825848,496.825848
1587,20000,12,0.814828,,0.814828,0.814828,0.814828,525.877,525.877,525.877,496.825848,496.825848,496.825848
1588,20000,12,0.814828,,0.814828,0.814828,0.814828,525.877,525.877,525.877,496.825848,496.825848,496.825848
1589,20000,12,0.814828,,0.814828,0.814828,0.814828,525.877,525.877,525.877,496.825848,496.825848,496.825848
1590,20000,12,0.814828,,0.814828,0.814828,0.814828,525.877,525.877,525.877,496.825848,496.825848,496.825848
1591,20000,12,0.814828,,0.814828,0.814828,0.814828,525.877,525.877,525.877,496.825848,496.825848,496.825848
1592,20000,12,0.814828,,0.814828,0.814828,0.814828,525.877,525.877,525.877,496.825848,496.825848,496.825848
1593,20000,12,0.814828,,0.814828,0.814828,0.814828,525.877,525.877,525.877,496.825848,496.825848,496.825848
1594,20000,12,0.814828,,0.814828,0.814828,0.814828,525.877,525.877,525.877,496.825848,496.825848,496.825848
1595,20000,12,0.814828,,0.814828,0.814828,0.814828,525.877,525.877,525.877,496.825848,496.825848,496.825848
1596,20000,12,0.814828,,0.814828,0.814828,0.814828,525.877,525.877,525.877,496.825848,496.825848,496.825848
1597,20000,12,0.814828,,0.814828,0.814828,0.814828,525.877,525.877,525.877,496.825848,496.825848,496.825848
1598,20000,12,0.814828,,0.814828,0.814828,0.814828,525.877,525.877,525.877,496.825848,496.825848,496.825848
1599,20000,12,0.814828,,0.814828,0.814828,0.814828,525.877,525.877,525.877,496.825848,496.825848,496.825848
1600,20000,12,0.814828,,0.814828,0.814828,0.814828,525.877,525.877,525.877,496.825848,496.825848,496.825848
1601,20000,12,0.814828,,0.814828,0.814828,0.814828,525.877,525.877,525.877,496.825848,496.825848,496.825848
1602,20000,12,0.814828,,0.814828,0.814828,0.814828,525.877,525.877,525.877,496.825848,496.825848,496.825848
1603,20000,12,0.814828,,0.814828,0.814828,0.814828,525.877,525.877,525.877,496.825848,496.825848,496.825848
1604,20000,12,0.814828,,0.814828,0.814828,0.814828,525.877,525.877,525.877,496.825848,496.825848,496.825848
1605,20000,12,0.814828,,0.814828,0.814828,0.814828,525.877,525.877,525.877,496.825848,496.825848,496.825848
1606,20000,12,0.814828,,0.814828,0.814828,0.814828,525.877,525.877,525.877,496.825848,496.825848,496.825848
1607,20000,12,0.814828,,0.814828,0.814828,0.814828,525.877,525.877,525.877,496.825848,496.825848,496.825848
1608,20000,12,0.814828,,0.814828,0.814828,0.814828,525.877,525.877,525.877,496.825848,496.825848,496.825848
1609,20000,12,0.814828,,0.814828,0.814828,0.814828,525.877,525.877,525.877,496.825848,496.825848,496.825848
1610,20000,12,0.814828,,0.814828,0.814828,0.814828,525.877,525.877,525.877,496.825848,496.825848,496.825848
1611,20000,12,0.814828,,0.814828,0.814828,0.814828,525.877,525.877,525.877,496.825848,496.825848,496.825848
1612,20000,12,0.814828,,0.814828,0.814828,0.814828,525.877,525.877,525.877,496.825848,496.825848,496.825848
1613,20000,12,0.814828,,0.814828,0.814828,0.814828,525.877,525.877,525.877,496.825848,496.825848,496.825848
1614,20000,12,0.814828,,0.814828,0.814828,0.814828,525.877,525.877,525.877,496.825848,496.825848,496.825848
1615,20000,12,0.814828,,0.814828,0.814828,0.814828,525.877,525.877,525.877,496.825848,496.825848,496.825848
1616,20000,12,0.814828,,0.814828,0.814828,0.814828,525.877,525.877,525.877,496.825848,496.825848,496.825848
1617,20000,12,0.814828,,0.814828,0.814828,0.814828,525.877,525.877,525.877,496.825848,496.825848,496.825848
1618,20000,12,0.814828,,0.814828,0.814828,0.814828,525.877,525.877,525.877,496.825848,496.825848,496.825848
1619,20000,12,0.814828,,0.814828,0.814828,0.814828,525.877,525.877,525.877,496.825848,496.825848,496.825848
1620,20000,12,0.814828,,0.814828,0.814828,0.814828,525.877,525.877,525.877,496.825848,496.825848,496.825848
1621,20000,12,0.814828,,0.814828,0.814828,0.814828,525.877,525.877,525.877,496.825848,496.825848,496.825848
1622,20000,12,0.814828,,0.814828,0.814828,0.814828,525.877,525.877,525.877,496.825848,496.825848,496.825848
1623,20000,12,0.814828,,0.814828,0.814828,0.814828,525.877,525.877,525.877,496.825848,496.825848,496.825848
1624,20000,12,0.814828,,0.814828,0.814828,0.814828,525.877,525.877,525.877,496.825848,496.825848,496.825848
1625,20000,12,0.814828,,0.814828,0.814828,0.814828,525.877,525.877,525.877,496.825848,496.825848,496.825848
1626,20000,12,0.814828,,0.814828,0.814828,0.814828,525.877,525.877,525.877,496.825848,496.825848,496.825848
1627,20000,12,0.814828,,0.814828,0.814828,0.814828,525.877,525.877,525.877,496.825848,496.825848,496.825848
1628,20000,12,0.814828,,0.814828,0.814828,0.814828,525.877,525.877,525.877,496.825848,496.825848,496.825848
1629,20000,12,0.814828,,0.814828,0.814828,0.814828,525.877,525.877,525.877,496.825848,496.825848,496.825848
1630,20000,12,0.814828,,0.814828,0.814828,0.814828,525.877,525.877,525.877,496.825848,496.825848,496.825848
1631,20000,12,0.814828,,0.814828,0.814828,0.814828,525.877,525.877,525.877,496.825848,496.825848,496.825848
1632,20000,12,0.814828,,0.814828,0.814828,0.814828,525.877,525.877,525.877,496.825848,496.825848,496.825848
1633,20000,12,0.814828,,0.814828,0.814828,0.814828,525.877,525.877,525.877,496.825848,496.825848,496.825848
1634,20000,12,0.814828,,0.814828,0.814828,0.814828,525.877,525.877,525.877,496.825848,496.825848,496.825848
1635,20000,12,0.814828,,0.814828,0.814828,0.814828,525.877,525.877,525.877,496.825848,496.825848,496.825848
1636,20000,12,0.814828,,0.814828,0.814828,0.814828,525.877,525.877,525.877,496.825848,496.825848,496.825848
1637,20000,12,0.814828,,0.814828,0.814828,0.814828,525.877,525.877,525.877,496.825848,496.825848,496.825848
1638,20000,12,0.814828,,0.814828,0.814828,0.814828,525.877,525.877,525.877,496.825848,496.825848,496.825848
1639,20000,12,0.814828,,0.814828,0.814828,0.814828,525.877,525.877,525.877,496.825848,496.825848,496.825848
1640,20000,12,0.814828,,0.814828,0.814828,0.814828,525.877,525.877,525.877,496.825848,496.825848,496.825848
1641,20000,12,0.814828,,0.814828,0.814828,0.814828,525.877,525.877,525.877,496.825848,496.825848,496.825848
1642,20000,12,0.814828,,0.814828,0.814828,0.814828,525.877,525.877,525.877,496.825848,496.825848,496.825848
1643,20000,12,0.814828,,0.814828,0.814828,0.814828,525.877,525.877,525.877,496.825848,496.825848,496.825848
1644,20000,12,0.814828,,0.814828,0.814828,0.814828,525.877,525.877,525.877,496.825848,496.825848,496.825848
1645,20000,12,0.814828,,0.814828,0.814828,0.814828,525.877,525.877,525.877,496.825848,496.825848,496.825848
1646,20000,12,0.814828,,0.814828,0.814828,0.814828,525.877,525.877,525.877,496.825848,496.825848,496.825848
1647,20000,12,0.814828,,0.814828,0.814828,0.814828,525.877,525.877,525.877,496.825848,496.825848,496.825848
1648,20000,12,0.814828,,0.814828,0.814828,0.814828,525.877,525.877,525.877,496.825848,496.825848,496.825848
1649,20000,12,0.814828,,0.814828,0.814828,0.814828,525.877,525.877,525.877,496.825848,496.825848,496.825848
1650,20000,12,0.814828,,0.814828,0.814828,0.814828,525.877,525.877,525.877,496.825848,496.825848,496.825848
1651,20000,12,0.814828,,0.814828,0.814828,0.814828,525.877,525.877,525.877,496.825848,496.825848,496.825848
1652,20000,12,0.814828,,0.814828,0.814828,0.814828,525.877,525.877,525.877,496.825848,496.825848,496.825848
1653,20000,12,0.814828,,0.814828,0.814828,0.814828,525.877,525.877,525.877,496.825848,496.825848,496.825848
1654,20000,12,0.814828,,0.814828,0.814828,0.814828,525.877,525.877,525.877,496.825848,496.825848,496.825848
1655,20000,12,0.814828,,0.814828,0.814828,0.814828,525.877,525.877,525.877,496.825848,496.825848,496.825848
1656,20000,12,0.814828,,0.814828,0.814828,0.814828,525.877,525.877,525.877,496.825848,496.825848,496.825848
1657,20000,12,0.814828,,0.814828,0.814828,0.814828,525.877,525.877,525.877,496.825848,496.825848,496.825848
1658,20000,12,0.814828,,0.814828,0.814828,0.814828,525.877,525.877,525.877,496.825848,496.825848,496.825848
1659,20000,12,0.814828,,0.814828,0.814828,0.814828,525.877,525.877,525.877,496.825848,496.825848,496.825848
1660,20000,12,0.814828,,0.814828,0.814828,0.814828,525.877,525.877,525.877,496.825848,496.825848,496.825848
1661,20000,12,0.814828,,0.814828,0.814828,0.814828,525.877,525.877,525.877,496.825848,496.825848,496.825848
1662,20000,12,0.814828,,0.814828,0.814828,0.814828,525.877,525.877,525.877,496.825848,496.825848,496.825848
1663,20000,12,0.814828,,0.814828,0.814828,0.814828,525.877,525.877,525.877,496.825848,496.825848,496.825848
1664,20000,12,0.814828,,0.814828,0.814828,0.814828,525.877,525.877,525.877,496.825848,496.825848,496.825848
1665,20000,12,0.814828,,0.814828,0.814828,0.814828,525.877,525.877,525.877,496.825848,496.825848,496.825848
1666,20000,12,0.814828,,0.814828,0.814828,0.814828,525.877,525.877,525.877,496.825848,496.825848,496.825848
1667,20000,12,0.814828,,0.814828,0.814828,0.814828,525.877,525.877,525.877,496.825848,496.825848,496.825848
1668,20000,12,0.814828,,0.814828,0.814828,0.814828,525.877,525.877,525.877,496.825848,496.825848,496.825848
1669,20000,12,0.814828,,0.814828,0.814828,0.814828,525.877,525.877,525.877,496.825848,496.825848,496.825848
1670,20000,12,0.814828,,0.814828,0.814828,0.814828,525.877,525.877,525.877,496.825848,496.825848,496.825848
1671,20000,12,0.814828,,0.814828,0.814828,0.814828,525.877,525.877,525.877,496.825848,496.825848,496.825848
1672,20000,12,0.814828,,0.814828,0.814828,0.814828,525.877,525.877,525.877,496.825848,496.825848,496.825848
1673,20000,12,0.814828,,0.814828,0.814828,0.814828,525.877,525.877,525.877,496.825848,496.825848,496.825848
1674,20000,12,0.814828,,0.814828,0.814828,0.814828,525.877,525.877,525.877,496.825848,496.825848,496.825848
1675,20000,12,0.814828,,0.814828,0.814828,0.814828,525.877,525.877,525.877,496.825848,496.825848,496.825848
1676,20000,12,0.814828,,0.814828,0.814828,0.814828,525.877,525.877,525.877,496.825848,496.825848,496.825848
1677,20000,12,0.814828,,0.814828,0.814828,0.814828,525.877,525.877,525.877,496.825848,496.825848,496.825848
1678,20000,12,0.814828,,0.814828,0.814828,0.814828,525.877,525.877,525.877,496.825848,496.825848,496.825848
1679,20000,12,0.814828,,0.814828,0.814828,0.814828,525.877,525.877,525.877,496.825848,496.825848,496.825848
1680,20000,12,0.814828,,0.814828,0.814828,0.814828,525.877,525.877,525.877,496.825848,496.825848,496.825848
1681,20000,12,0.814828,,0.814828,0.814828,0.814828,525.877,525.877,525.877,496.825848,496.825848,496.825848
1682,20000,12,0.814828,,0.814828,0.814828,0.814828,525.877,525.877,525.877,496.825848,496.825848,496.825848
1683,20000,12,0.814828,,0.814828,0.814828,0.814828,525.877,525.877,525.877,496.825848,496.825848,496.825848
1684,20000,12,0.814828,,0.814828,0.814828,0.814828,525.877,525.877,525.877,496.825848,496.825848,496.825848
1685,20000,12,0.814828,,0.814828,0.814828,0.814828,525.877,525.877,525.877,496.825848,496.825848,496.825848
1686,20000,12,0.814828,,0.814828,0.814828,0.814828,525.877,525.877,525.877,496.825848,496.825848,496.825848
1687,20000,12,0.814828,,0.814828,0.814828,0.814828,525.877,525.877,525.877,496.825848,496.825848,496.825848
1688,20000,12,0.814828,,0.814828,0.814828,0.814828,525.877,525.877,525.877,496.825848,496.825848,496.825848
1689,20000,12,0.814828,,0.814828,0.814828,0.814828,525.877,525.877,525.877,496.825848,496.825848,496.825848
1690,20000,12,0.814828,,0.814828,0.814828,0.814828,525.877,525.877,525.877,496.825848,496.825848,496.825848
1691,20000,12,0.814828,,0.814828,0.814828,0.814828,525.877,525.877,525.877,496.825848,496.825848,496.825848
1692,20000,12,0.814828,,0.814828,0.814828,0.814828,525.877,525.877,525.877,496.825848,496.825848,496.825848
1693,20000,12,0.814828,,0.814828,0.814828,0.814828,525.877,525.877,525.877,496.825848,496.825848,496.825848
1694,20000,12,0.814828,,0.814828,0.814828,0.814828,525.877,525.877,525.877,496.825848,496.825848,496.825848
1695,20000,12,0.814828,,0.814828,0.814828,0.814828,525.877,525.877,525.877,496.825848,496.825848,496.825848
1696,20000,12,0.814828,,0.814828,0.814828,0.814828,525.877,525.877,525.877,496.825848,496.825848,496.825848
1697,20000,12,0.814828,,0.814828,0.814828,0.814828,525.877,525.877,525.877,496.825848,496.825848,496.825848
1698,20000,12,0.814828,,0.814828,0.814828,0.814828,525.877,525.877,525.877,496.825848,496.825848,496.825848
1699,20000,12,0.814828,,0.814828,0.814828,0.814828,525.877,525.877,525.877,496.825848,496.825848,496.825848
