gen,seed,threads,best_global,picos,fit_best,fit_worst,fit_mean,green_best,green_worst,green_mean,emis_best,emis_worst,emis_mean
0,20000,4,0.501261,,0.501261,0.367559,0.426459,326.5908,248.3911,281.788906,607.812746,662.493504,636.189669
1,20000,4,0.501261,,0.501261,0.379953,0.439472,326.5908,254.1548,289.13136,607.812746,659.929713,630.959301
2,20000,4,0.502931,,0.502931,0.386465,0.449709,327.7188,264.6748,295.261527,607.319006,656.428258,627.082595
3,20000,4,0.5153,,0.5153,0.40942,0.461587,336.9522,274.3716,302.092554,603.858862,645.563034,622.394945
4,20000,4,0.517706,,0.517706,0.415037,0.46919,336.9522,274.3716,306.8238,600.671313,640.128534,619.635563
5,20000,4,0.517706,,0.517706,0.415782,0.477995,336.9522,274.9243,312.171366,600.671313,639.917316,616.350516
6,20000,4,0.520967,,0.520967,0.435943,0.484787,337.0861,291.0863,316.789155,599.528533,635.022615,614.147794
7,20000,4,0.533883,,0.533883,0.437287,0.491459,353.5009,292.7604,320.851332,592.730343,635.095627,611.665199
8,20000,4,0.54299,,0.54299,0.444199,0.495814,354.1372,297.1818,323.696212,592.730343,632.666978,610.175088
9,20000,4,0.54299,,0.54299,0.461373,0.501433,354.1372,304.3356,327.340608,592.474127,624.065102,608.233835
10,20000,4,0.54299,,0.54299,0.473529,0.505472,354.1372,306.8309,329.934072,592.474127,622.425077,606.821499
11,20000,4,0.547469,,0.547469,0.479065,0.510404,357.1831,309.9937,333.39854,592.324022,620.99848,605.296067
12,20000,4,0.55159,,0.55159,0.484156,0.514105,357.1831,316.3023,335.16234,586.905095,616.794172,603.591509
13,20000,4,0.560864,,0.560864,0.487977,0.518321,361.8758,319.4723,337.846143,585.019847,616.794172,602.101519
14,20000,4,0.560864,,0.560864,0.491576,0.522573,361.8758,323.4611,340.299422,585.019847,616.458616,600.428734
15,20000,4,0.567742,,0.567742,0.492617,0.527064,364.044,324.9561,343.371166,581.107945,613.590736,598.984148
16,20000,4,0.574543,,0.574543,0.500156,0.531674,370.9786,328.3134,346.658806,580.450272,613.590736,597.59122
17,20000,4,0.574543,,0.574543,0.500475,0.535051,370.9786,330.6247,348.693917,580.450272,611.608359,596.321128
18,20000,4,0.574543,,0.574543,0.507306,0.538865,370.9786,330.6247,350.996604,580.450272,610.08881,594.889384
19,20000,4,0.574543,,0.574543,0.508769,0.54276,370.9786,330.6247,352.942839,579.18918,605.126718,593.155463
20,20000,4,0.574543,,0.574543,0.514103,0.546153,370.9786,334.9963,354.7054,579.18918,603.481364,591.689902
21,20000,4,0.574543,,0.574543,0.519268,0.549477,370.9786,337.3559,356.821169,579.18918,601.607035,590.51527
22,20000,4,0.576254,,0.576254,0.524554,0.553025,372.5681,341.1082,358.856921,579.619128,601.17872,589.111715
23,20000,4,0.576254,,0.576254,0.529706,0.556445,372.5681,344.493,361.05014,578.077166,599.446529,587.913743
24,20000,4,0.579548,,0.579548,0.537024,0.560365,382.1348,347.7529,363.557431,578.077166,597.589318,586.535956
25,20000,4,0.579548,,0.579548,0.537024,0.562503,382.1348,347.7529,364.777618,578.077166,597.589318,585.686098
26,20000,4,0.579548,,0.579548,0.537469,0.565228,382.1348,352.6219,366.552586,578.077166,597.589318,584.750094
27,20000,4,0.582221,,0.582221,0.537469,0.567644,382.1348,353.0026,368.176686,578.077166,597.589318,583.954252
28,20000,4,0.582563,,0.582563,0.542051,0.569633,382.1348,353.796,369.329865,577.369497,594.279658,583.175504
29,20000,4,0.58307,,0.58307,0.544451,0.571908,385.5906,355.6297,370.919789,577.369497,593.636469,582.466026
30,20000,4,0.590905,,0.590905,0.550831,0.574059,385.8601,357.9541,372.329401,576.697369,591.928389,581.733093
31,20000,4,0.590905,,0.590905,0.555566,0.576433,385.8601,357.9541,373.845984,575.394422,589.029542,580.897808
32,20000,4,0.590905,,0.590905,0.555823,0.578098,385.8601,357.9541,374.892331,574.890382,589.029542,580.300238
33,20000,4,0.596391,,0.596391,0.559449,0.580601,388.1888,361.8441,376.371315,574.092322,588.783263,579.339044
34,20000,4,0.597551,,0.597551,0.576744,0.58292,389.7072,368.6472,377.781576,574.047255,584.02225,578.474633
35,20000,4,0.59858,,0.59858,0.577163,0.584438,389.7072,368.6472,378.695861,573.174813,584.02225,577.903852
36,20000,4,0.59858,,0.59858,0.577163,0.586213,389.7072,368.6472,379.830053,572.51955,584.02225,577.279404
37,20000,4,0.59858,,0.59858,0.579371,0.587925,389.7072,368.6472,381.092282,572.51955,582.406369,576.78973
38,20000,4,0.609746,,0.609746,0.57946,0.590269,398.0889,368.6472,382.948278,571.158486,582.406369,576.205139
39,20000,4,0.609746,,0.609746,0.57946,0.591945,398.0889,375.2071,384.208701,571.127808,582.406369,575.742231
40,20000,4,0.609746,,0.609746,0.57946,0.593868,398.0889,375.2787,385.369895,571.127808,579.781276,575.02016
41,20000,4,0.614725,,0.614725,0.57946,0.59621,401.0576,374.2461,386.758481,567.37654,579.781276,574.124596
42,20000,4,0.614725,,0.614725,0.585777,0.599083,401.0576,377.7327,388.319437,567.37654,577.983637,572.929378
43,20000,4,0.614725,,0.614725,0.587678,0.601719,401.0576,378.6371,389.73124,567.37654,577.048926,571.819154
44,20000,4,0.614725,,0.614725,0.589457,0.60353,401.0576,380.5424,390.595455,567.37654,575.525967,570.986045
45,20000,4,0.617238,,0.617238,0.59502,0.605532,401.0576,381.297,391.694729,566.000896,575.525967,570.160961
46,20000,4,0.617359,,0.617359,0.596227,0.60688,401.7757,383.1419,392.564226,566.000896,575.466575,569.692472
47,20000,4,0.618334,,0.618334,0.598655,0.608448,402.8426,384.7793,393.512069,565.286512,574.212277,569.104197
48,20000,4,0.622956,,0.622956,0.600707,0.610039,402.8426,384.7793,394.459829,563.114001,574.212277,568.49866
49,20000,4,0.626174,,0.626174,0.6014,0.611657,403.4266,385.1158,395.572407,561.921704,574.212277,567.981531
50,20000,4,0.626174,,0.626174,0.601406,0.61279,403.4266,385.1158,396.225973,561.921704,571.753176,567.536211
51,20000,4,0.626174,,0.626174,0.60391,0.613975,405.2038,388.9331,396.875596,561.921704,571.523243,567.047272
52,20000,4,0.626174,,0.626174,0.60391,0.615489,405.2038,389.0471,397.686824,561.921704,571.783507,566.410107
53,20000,4,0.627852,,0.627852,0.604922,0.617217,407.8702,389.0471,398.874337,561.921704,569.264272,565.857403
54,20000,4,0.63261,,0.63261,0.605952,0.618556,409.4354,389.0471,399.820715,560.928102,569.84123,565.447564
55,20000,4,0.63261,,0.63261,0.605952,0.619892,409.4354,389.0471,400.683684,560.928102,569.84123,564.983923
56,20000,4,0.632804,,0.632804,0.605952,0.621137,409.6734,389.0471,401.34077,560.902858,569.733931,564.452895
57,20000,4,0.634866,,0.634866,0.609468,0.622434,410.6129,390.2143,402.09112,559.957612,569.733931,563.943694
58,20000,4,0.634866,,0.634866,0.609468,0.624131,410.6129,390.2143,403.425213,559.957612,567.64589,563.51434
59,20000,4,0.634866,,0.634866,0.609784,0.625278,410.6129,390.2143,404.14176,559.566024,567.135831,563.099974
60,20000,4,0.634866,,0.634866,0.611804,0.626697,411.0916,390.9345,405.303619,559.566024,567.135831,562.771329
61,20000,4,0.634866,,0.634866,0.617238,0.627691,411.0916,396.1921,405.936929,558.915881,566.718915,562.420914
62,20000,4,0.635216,,0.635216,0.617238,0.628764,411.7957,392.5002,406.491844,558.385718,566.718915,561.955813
63,20000,4,0.636682,,0.636682,0.61821,0.630272,411.7957,396.4137,407.509384,558.049076,566.027177,561.46093
64,20000,4,0.639551,,0.639551,0.623211,0.631533,413.5901,400.8095,408.303762,557.675245,566.027177,561.009672
65,20000,4,0.639551,,0.639551,0.623624,0.632416,413.5901,400.8095,408.729536,557.297851,565.990258,560.60624
66,20000,4,0.639551,,0.639551,0.623713,0.633316,414.9377,400.8095,409.383677,557.297851,564.52423,560.342702
67,20000,4,0.639551,,0.639551,0.623713,0.634239,414.9377,400.8095,409.962926,556.689026,564.511158,560.010759
68,20000,4,0.640571,,0.640571,0.627639,0.635471,415.6647,403.4807,410.926355,555.892403,564.364859,559.695925
69,20000,4,0.640571,,0.640571,0.627639,0.636366,415.6647,403.4807,411.478847,555.892403,564.153054,559.368031
70,20000,4,0.64176,,0.64176,0.628211,0.637286,415.7344,403.4807,412.19367,555.47807,564.153054,559.129407
71,20000,4,0.645299,,0.645299,0.63161,0.638265,416.9116,403.4807,412.852367,555.47807,562.948197,558.807215
72,20000,4,0.646928,,0.646928,0.632155,0.639374,417.1457,406.8423,413.533447,554.926847,562.248964,558.39868
73,20000,4,0.647174,,0.647174,0.632155,0.640227,418.8284,406.8423,413.914878,554.926847,562.095829,557.988422
74,20000,4,0.647174,,0.647174,0.636639,0.640963,418.8284,409.1224,414.351193,554.926847,559.266823,557.707002
75,20000,4,0.648488,,0.648488,0.636639,0.641841,418.8284,409.1224,414.858869,554.074897,559.117638,557.361842
76,20000,4,0.649564,,0.649564,0.637728,0.64291,418.9401,409.1224,415.538518,554.073142,559.198189,556.983708
77,20000,4,0.650179,,0.650179,0.638487,0.643615,418.9401,409.1224,415.925789,553.510185,558.892696,556.693101
78,20000,4,0.650179,,0.650179,0.639501,0.644611,419.4578,413.6215,416.467243,553.510185,558.892696,556.279617
79,20000,4,0.650179,,0.650179,0.640962,0.645229,419.6277,414.4175,416.869015,553.510185,558.109055,556.066263
80,20000,4,0.651423,,0.651423,0.640962,0.645981,420.1209,414.4175,417.33365,552.472752,558.109055,555.791346
81,20000,4,0.652815,,0.652815,0.642922,0.646807,420.6097,414.4536,417.840719,552.472752,557.162889,555.486986
82,20000,4,0.652815,,0.652815,0.643042,0.647547,420.6097,415.6192,418.192183,552.472752,557.162889,555.145499
83,20000,4,0.654905,,0.654905,0.643042,0.648572,421.7624,415.6192,418.618801,550.923073,557.162889,554.631213
84,20000,4,0.654905,,0.654905,0.643986,0.649199,421.7624,415.9749,419.046579,550.923073,556.886625,554.429291
85,20000,4,0.654905,,0.654905,0.643986,0.649971,421.7624,415.9749,419.423034,550.923073,556.563547,554.079343
86,20000,4,0.655115,,0.655115,0.643986,0.650836,424.0881,415.9749,419.858829,550.693584,556.559392,553.696862
87,20000,4,0.657909,,0.657909,0.64491,0.65175,424.0881,417.1201,420.150259,549.859778,556.483771,553.179324
88,20000,4,0.660044,,0.660044,0.646984,0.652631,425.1257,417.3224,420.469446,549.859778,555.911032,552.706075
89,20000,4,0.663673,,0.663673,0.647982,0.653885,425.9946,417.8024,420.91011,547.794978,555.864894,552.023088
90,20000,4,0.663673,,0.663673,0.647982,0.654899,425.9946,418.9454,421.232955,547.557339,555.864894,551.448566
91,20000,4,0.665217,,0.665217,0.650375,0.655919,427.0252,418.9454,421.800273,547.078481,554.004038,551.03316
92,20000,4,0.665217,,0.665217,0.650806,0.657019,427.0252,417.8033,422.480687,547.078481,553.2302,550.630982
93,20000,4,0.665217,,0.665217,0.652797,0.658002,427.0252,419.422,422.96104,547.078481,553.031481,550.185673
94,20000,4,0.665217,,0.665217,0.652797,0.658824,427.0252,419.8525,423.323033,547.078481,552.797669,549.787376
95,20000,4,0.665217,,0.665217,0.653621,0.6598,427.0252,419.976,423.805069,546.567607,552.488666,549.349191
96,20000,4,0.665378,,0.665378,0.654089,0.660575,427.3185,419.976,424.281115,546.567607,552.380476,549.063685
97,20000,4,0.665378,,0.665378,0.654089,0.66139,427.3185,419.976,424.661191,546.567607,552.380476,548.682545
98,20000,4,0.670784,,0.670784,0.657297,0.662294,430.0231,422.0169,425.08933,544.947962,551.401126,548.264443
99,20000,4,0.670784,,0.670784,0.657297,0.663139,430.0231,422.0169,425.520281,544.947962,550.262462,547.894372
100,20000,4,0.670784,,0.670784,0.659501,0.664102,430.0231,422.0681,426.055222,544.947962,550.043931,547.501231
101,20000,4,0.672267,,0.672267,0.659501,0.66519,430.3503,422.0681,426.633143,544.010865,549.595818,547.040016
102,20000,4,0.674699,,0.674699,0.661438,0.666107,431.847,422.0681,427.055064,543.116793,549.079397,546.607677
103,20000,4,0.674699,,0.674699,0.661438,0.667023,431.847,422.0681,427.577711,543.116793,549.079397,546.243445
104,20000,4,0.674699,,0.674699,0.6621,0.668009,431.847,422.6074,428.102951,542.873393,548.216351,545.82646
105,20000,4,0.674819,,0.674819,0.662334,0.668929,431.847,424.7842,428.526098,542.631031,548.216351,545.391968
106,20000,4,0.674819,,0.674819,0.662794,0.670276,431.847,424.7842,429.22513,542.631031,548.126956,544.8099
107,20000,4,0.677324,,0.677324,0.663408,0.671134,433.013,425.0872,429.692652,541.850492,548.126956,544.453778
108,20000,4,0.678288,,0.678288,0.665372,0.671876,433.632,425.0872,430.062313,541.513127,546.375644,544.122811
109,20000,4,0.678288,,0.678288,0.665372,0.672721,434.1608,425.0872,430.563558,541.513127,546.375644,543.79924
110,20000,4,0.678288,,0.678288,0.666668,0.673342,434.1608,427.3626,430.963405,541.513127,546.375644,543.583054
111,20000,4,0.681567,,0.681567,0.668081,0.674327,434.4389,428.4573,431.522718,539.496858,546.007407,543.189273
112,20000,4,0.681567,,0.681567,0.669896,0.675259,434.4389,428.6169,431.945467,539.496858,545.366626,542.746255
113,20000,4,0.681567,,0.681567,0.669896,0.676202,435.5815,428.6169,432.46338,539.496858,544.854549,542.35772
114,20000,4,0.684409,,0.684409,0.671933,0.677128,437.3542,429.4176,433.019257,538.749004,544.290502,542.007665
115,20000,4,0.685336,,0.685336,0.673146,0.677943,437.3542,430.4808,433.538492,538.340606,544.290502,541.719999
116,20000,4,0.685336,,0.685336,0.673543,0.678894,437.3542,430.9373,434.084781,538.340606,543.566373,541.344529
117,20000,4,0.685336,,0.685336,0.673543,0.679734,437.8229,430.9373,434.651823,538.340606,543.513815,541.069245
118,20000,4,0.685419,,0.685419,0.67629,0.680525,438.1821,432.7764,435.137332,538.340606,542.972576,540.776983
119,20000,4,0.685419,,0.685419,0.67652,0.681253,438.1821,432.9132,435.606063,538.340606,542.410577,540.523408
120,20000,4,0.685419,,0.685419,0.67652,0.682016,439.1392,432.9132,436.101628,538.340606,542.410577,540.260893
121,20000,4,0.685445,,0.685445,0.677799,0.682581,439.1392,433.1992,436.39492,538.340606,541.655884,540.016791
122,20000,4,0.687292,,0.687292,0.678288,0.68333,439.2873,433.632,436.909744,537.567993,541.655884,539.776943
123,20000,4,0.687292,,0.687292,0.6796,0.683818,439.2873,434.2306,437.273802,537.567993,541.045594,539.640154
124,20000,4,0.687292,,0.687292,0.6796,0.68418,439.2873,434.3881,437.502665,537.567993,541.021273,539.51136
125,20000,4,0.688438,,0.688438,0.680705,0.684677,440.2616,434.849,437.802719,537.230347,541.021273,539.325036
126,20000,4,0.688449,,0.688449,0.681579,0.685256,440.2616,435.6014,438.147727,537.230347,540.80218,539.104124
127,20000,4,0.689246,,0.689246,0.682661,0.685676,440.7429,436.5164,438.423121,537.230347,540.80218,538.961659
128,20000,4,0.689401,,0.689401,0.683063,0.686023,440.7429,436.5164,438.599616,537.230347,539.917872,538.809323
129,20000,4,0.689401,,0.689401,0.683063,0.686424,440.7429,436.6853,438.834906,537.230347,539.960894,538.654195
130,20000,4,0.689401,,0.689401,0.683612,0.686757,440.7429,437.1011,438.990099,537.230347,539.960894,538.498507
131,20000,4,0.689401,,0.689401,0.683612,0.687012,440.7429,437.1011,439.111589,537.230347,539.960894,538.381032
132,20000,4,0.689401,,0.689401,0.684857,0.687297,440.7429,437.1011,439.245282,537.230347,539.662257,538.247926
133,20000,4,0.68966,,0.68966,0.685336,0.687604,440.7429,437.1011,439.406733,537.230347,539.114934,538.11656
134,20000,4,0.689894,,0.689894,0.685336,0.687885,441.0993,437.1011,439.504998,537.230347,538.77835,537.963744
135,20000,4,0.689894,,0.689894,0.68541,0.68816,441.0993,437.1011,439.658439,537.230347,538.742238,537.851601
136,20000,4,0.689894,,0.689894,0.685454,0.688417,441.0993,437.1011,439.87055,537.208283,538.742238,537.793453
137,20000,4,0.689894,,0.689894,0.685528,0.688632,441.0993,437.1011,440.041264,537.208283,538.667007,537.740312
138,20000,4,0.691312,,0.691312,0.686828,0.688849,441.5968,437.5986,440.201843,536.691894,538.475794,537.678702
139,20000,4,0.691312,,0.691312,0.686828,0.689024,441.5968,437.5986,440.321306,536.691894,538.475794,537.621987
140,20000,4,0.691871,,0.691871,0.687292,0.689295,442.5675,437.9149,440.495872,536.691894,538.475794,537.527848
141,20000,4,0.691871,,0.691871,0.68741,0.689498,442.5675,437.9149,440.608458,536.691894,538.475794,537.444687
142,20000,4,0.692103,,0.692103,0.687459,0.689621,442.5675,437.9149,440.685216,536.597855,538.475794,537.399787
143,20000,4,0.693217,,0.693217,0.687459,0.689839,442.9993,437.9149,440.810744,536.146054,538.335178,537.314079
144,20000,4,0.693217,,0.693217,0.687459,0.690078,442.9993,437.9149,440.961782,536.146054,537.829057,537.229161
145,20000,4,0.693217,,0.693217,0.687459,0.690289,442.9993,437.9149,441.106776,536.146054,537.829057,537.161486
146,20000,4,0.693217,,0.693217,0.688128,0.690552,442.9993,439.4823,441.308904,536.146054,537.829057,537.09156
147,20000,4,0.693217,,0.693217,0.688128,0.690871,442.9993,439.4823,441.53109,536.054057,537.829057,536.992261
148,20000,4,0.694464,,0.694464,0.688128,0.691182,444.3264,439.4823,441.741055,536.052379,537.829057,536.889738
149,20000,4,0.69581,,0.69581,0.68884,0.691651,444.9558,439.4823,442.032232,535.434535,537.526675,536.719324
150,20000,4,0.695968,,0.695968,0.689401,0.692049,444.9558,440.618,442.298014,535.311164,537.526675,536.587426
151,20000,4,0.695968,,0.695968,0.68966,0.692427,444.9558,440.7388,442.551432,535.311164,537.405469,536.46187
152,20000,4,0.695968,,0.695968,0.689995,0.692729,444.9558,440.9357,442.721322,535.311164,537.27644,536.340099
153,20000,4,0.695978,,0.695978,0.690254,0.693192,444.9558,441.0565,443.011337,535.303166,537.155234,536.173212
154,20000,4,0.696128,,0.696128,0.690254,0.693624,445.1189,441.0565,443.232093,534.857963,537.155234,535.984119
155,20000,4,0.696128,,0.696128,0.690254,0.693939,445.1189,441.0565,443.422212,534.857963,537.155234,535.86615
156,20000,4,0.696128,,0.696128,0.691707,0.694263,445.1189,442.2257,443.641015,534.857963,536.840042,535.760153
157,20000,4,0.699191,,0.699191,0.692055,0.694627,446.763,442.2257,443.870184,534.008406,536.634995,535.62937
158,20000,4,0.700459,,0.700459,0.692055,0.694938,447.5555,442.2257,444.094223,533.550638,536.634995,535.537611
159,20000,4,0.700459,,0.700459,0.692055,0.695472,447.5555,442.3465,444.438609,533.550638,536.634995,535.351891
160,20000,4,0.700459,,0.700459,0.692362,0.69568,447.5555,442.3465,444.573276,533.550638,536.476649,535.279885
161,20000,4,0.700459,,0.700459,0.692362,0.696079,447.5555,442.3465,444.816554,533.550638,536.476649,535.130985
162,20000,4,0.700459,,0.700459,0.693425,0.69645,447.5555,442.9105,445.067852,533.550638,536.054844,535.01004
163,20000,4,0.700459,,0.700459,0.694224,0.696813,447.5555,443.4448,445.295004,533.550638,535.941637,534.879718
164,20000,4,0.700459,,0.700459,0.694302,0.697107,447.5555,443.4448,445.446513,533.421416,535.941637,534.751913
165,20000,4,0.700459,,0.700459,0.694302,0.697507,447.5555,443.4448,445.674515,533.421416,535.652372,534.59236
166,20000,4,0.701844,,0.701844,0.694302,0.697831,448.1849,443.4448,445.858305,532.891817,535.652372,534.463016
167,20000,4,0.701844,,0.701844,0.694302,0.698305,448.1849,443.4448,446.128059,532.891817,535.652372,534.274001
168,20000,4,0.702361,,0.702361,0.694302,0.698746,448.4116,443.4448,446.367914,532.640328,535.598106,534.090305
169,20000,4,0.704743,,0.704743,0.694302,0.699235,449.6909,443.4448,446.656783,531.6398,535.598106,533.90284
170,20000,4,0.704743,,0.704743,0.695305,0.699675,449.6909,443.7503,446.912793,531.6398,535.196348,533.730887
171,20000,4,0.704743,,0.704743,0.695305,0.699991,449.6909,443.7503,447.062778,531.6398,535.196348,533.585281
172,20000,4,0.704743,,0.704743,0.695506,0.700381,449.6909,443.7503,447.288076,531.6398,534.863567,533.432257
173,20000,4,0.704743,,0.704743,0.696007,0.700922,449.6909,444.0929,447.591951,531.6398,534.81206,533.213869
174,20000,4,0.704801,,0.704801,0.698995,0.701433,450.6642,446.3418,447.896891,531.636463,533.879184,533.018989
175,20000,4,0.70506,,0.70506,0.698995,0.701782,450.785,446.3418,448.082712,531.518594,533.879184,532.871271
176,20000,4,0.707183,,0.707183,0.699917,0.702166,451.9435,447.0135,448.307474,531.24625,533.811532,532.722998
177,20000,4,0.707183,,0.707183,0.700003,0.702546,451.9435,447.0135,448.522561,531.24625,533.550638,532.570324
178,20000,4,0.707442,,0.707442,0.700003,0.703031,452.0643,447.0135,448.783264,531.125045,533.550638,532.366692
179,20000,4,0.707442,,0.707442,0.700262,0.703548,452.0643,447.1343,449.113854,530.170791,533.421416,532.185437
180,20000,4,0.707442,,0.707442,0.701563,0.704011,452.0643,447.9966,449.430947,530.170791,532.984589,532.03676
181,20000,4,0.707442,,0.707442,0.702101,0.704311,452.0643,448.1613,449.67246,530.170791,532.74176,531.964259
182,20000,4,0.707654,,0.707654,0.702167,0.704642,452.0892,448.1613,449.865454,530.170791,533.017682,531.835134
183,20000,4,0.707654,,0.707654,0.702167,0.704955,452.0892,448.3093,450.09241,530.976225,532.723402,531.743536
184,20000,4,0.707654,,0.707654,0.702167,0.705292,452.0892,448.3093,450.321011,530.79807,532.723402,531.633666
185,20000,4,0.707654,,0.707654,0.702167,0.705705,452.0892,448.3093,450.59924,530.79807,532.723402,531.498358
186,20000,4,0.709976,,0.709976,0.702416,0.706073,453.0327,448.3244,450.864644,529.797542,532.538774,531.388826
187,20000,4,0.709976,,0.709976,0.703485,0.706359,453.0327,448.9415,451.040713,529.797542,532.125572,531.284109
188,20000,4,0.709976,,0.709976,0.703564,0.706726,453.0327,448.9415,451.292499,529.797542,532.12271,531.166555
189,20000,4,0.709976,,0.709976,0.703564,0.70695,453.0327,448.9415,451.421911,529.797542,532.12271,531.078291
190,20000,4,0.709976,,0.709976,0.704282,0.707372,453.0327,449.2054,451.673377,529.797542,531.741418,530.917652
191,20000,4,0.709976,,0.709976,0.704282,0.707629,453.0327,449.2054,451.830383,529.797542,531.741418,530.822293
192,20000,4,0.709976,,0.709976,0.704282,0.707877,453.3985,449.2054,452.004096,529.797542,531.741418,530.745275
193,20000,4,0.710767,,0.710767,0.704282,0.708252,453.3985,449.3058,452.210604,529.204737,531.741418,530.591176
194,20000,4,0.710767,,0.710767,0.704282,0.7085,453.3985,449.3058,452.351781,529.204737,531.741418,530.492182
195,20000,4,0.710767,,0.710767,0.705836,0.70875,453.3985,449.9574,452.459567,529.204737,531.438863,530.369669
196,20000,4,0.711014,,0.711014,0.70586,0.70904,453.5854,449.9574,452.606008,529.204737,531.317657,530.24172
197,20000,4,0.71145,,0.71145,0.70586,0.709307,453.7464,449.9574,452.708291,529.125758,531.317657,530.101928
198,20000,4,0.71145,,0.71145,0.70586,0.709545,453.813,449.9574,452.814352,529.125758,531.125045,529.98717
199,20000,4,0.71145,,0.71145,0.707548,0.709878,453.813,450.6055,452.919256,529.125758,530.97851,529.797979
200,20000,4,0.71145,,0.71145,0.707548,0.710024,453.813,450.6055,453.027656,528.767518,530.97851,529.756507
201,20000,4,0.71145,,0.71145,0.707913,0.710201,453.813,450.9998,453.144576,528.767518,530.97851,529.697182
202,20000,4,0.711834,,0.711834,0.707913,0.710442,454.0818,450.9998,453.268522,528.767518,530.855019,529.59176
203,20000,4,0.711834,,0.711834,0.707913,0.710636,454.0818,452.21,453.374487,528.767518,530.855019,529.511514
204,20000,4,0.712376,,0.712376,0.707913,0.710829,454.0818,452.21,453.460293,528.458075,530.855019,529.418423
205,20000,4,0.712376,,0.712376,0.708509,0.711078,454.0818,452.7991,453.579721,528.458075,530.815602,529.304436
206,20000,4,0.712517,,0.712517,0.710248,0.711234,454.5267,453.0478,453.659444,528.458075,529.814073,529.236385
207,20000,4,0.712517,,0.712517,0.710447,0.711348,454.5267,453.0478,453.701745,528.458075,529.527517,529.175536
208,20000,4,0.712517,,0.712517,0.710447,0.711516,454.5773,453.0478,453.777943,528.365759,529.527517,529.095513
209,20000,4,0.712517,,0.712517,0.710447,0.711648,454.5773,453.0478,453.836601,528.365759,529.527517,529.031661
210,20000,4,0.713379,,0.713379,0.710767,0.711776,455.0433,453.0478,453.921286,528.056317,529.4881,528.989097
211,20000,4,0.713379,,0.713379,0.710767,0.711894,455.0433,453.0478,453.958639,528.056317,529.4881,528.921419
212,20000,4,0.713379,,0.713379,0.710767,0.712005,455.0433,453.0478,454.016472,528.056317,529.372897,528.874006
213,20000,4,0.713379,,0.713379,0.710767,0.712099,455.0433,453.0478,454.037126,528.056317,529.372897,528.81458
214,20000,4,0.713415,,0.713415,0.711201,0.712234,455.1664,453.0478,454.092387,528.056317,529.306045,528.746477
215,20000,4,0.713415,,0.713415,0.711309,0.712357,455.1664,453.0478,454.132663,528.056317,529.211553,528.676944
216,20000,4,0.714302,,0.714302,0.711309,0.712516,455.1664,453.0478,454.218928,527.630556,529.211553,528.611386
217,20000,4,0.714302,,0.714302,0.711504,0.712645,455.3347,453.5036,454.274364,527.630556,529.211553,528.547678
218,20000,4,0.7151,,0.7151,0.711529,0.712791,455.5895,453.2913,454.358985,527.514309,529.192541,528.490022
219,20000,4,0.7151,,0.7151,0.711529,0.712948,455.7031,453.6158,454.476665,527.514309,529.192541,528.446811
220,20000,4,0.7151,,0.7151,0.711637,0.713106,455.7031,453.6158,454.588278,527.514309,529.107664,528.398183
221,20000,4,0.7151,,0.7151,0.711637,0.713244,456.3503,453.6158,454.701346,527.514309,529.107664,528.366691
222,20000,4,0.7151,,0.7151,0.71166,0.713425,456.3503,453.6158,454.829514,527.514309,529.090018,528.311494
223,20000,4,0.715779,,0.715779,0.712046,0.713617,456.7648,453.6158,454.983634,527.41073,528.939807,528.26454
224,20000,4,0.715779,,0.715779,0.712046,0.713778,456.7648,453.6158,455.089018,527.401707,529.106917,528.209441
225,20000,4,0.715779,,0.715779,0.712168,0.713913,456.7648,453.6158,455.185056,527.401707,528.888539,528.168623
226,20000,4,0.715779,,0.715779,0.712263,0.71409,456.7648,454.273,455.328877,527.401707,528.888539,528.127173
227,20000,4,0.716294,,0.716294,0.712299,0.714301,457.1077,454.273,455.485094,527.401707,528.861146,528.067344
228,20000,4,0.716702,,0.716702,0.712944,0.714497,457.2203,454.273,455.643343,527.346127,528.861146,528.020179
229,20000,4,0.716702,,0.716702,0.713114,0.714705,457.2035,454.3961,455.80562,527.346127,528.861146,527.966642
230,20000,4,0.716702,,0.716702,0.713114,0.714911,457.2263,454.3961,455.942027,527.346127,528.861146,527.897586
231,20000,4,0.71834,,0.71834,0.713114,0.715085,458.3804,454.7975,456.075101,526.856879,528.861146,527.850793
232,20000,4,0.718757,,0.718757,0.713114,0.715332,458.7114,454.7975,456.257763,526.7533,528.860482,527.780457
233,20000,4,0.718757,,0.718757,0.713114,0.715545,458.7114,454.7975,456.370324,526.7533,528.860482,527.690063
234,20000,4,0.718757,,0.718757,0.713114,0.715805,458.7114,454.7975,456.572304,526.7533,528.835171,527.622707
235,20000,4,0.718757,,0.718757,0.713114,0.715956,458.7114,454.7975,456.701939,526.7533,528.835171,527.591641
236,20000,4,0.718757,,0.718757,0.713897,0.716207,458.7114,454.8576,456.8573,526.7533,528.655435,527.499972
237,20000,4,0.718757,,0.718757,0.713897,0.716373,458.7114,454.9408,456.97921,526.7533,528.655435,527.45253
238,20000,4,0.718757,,0.718757,0.713897,0.716588,458.7114,454.9408,457.177204,526.7533,528.426586,527.417245
239,20000,4,0.718757,,0.718757,0.71505,0.716889,458.7114,455.9193,457.392486,526.7533,528.426586,527.327015
240,20000,4,0.719963,,0.719963,0.715103,0.717182,459.7731,455.9193,457.590166,526.524451,528.259392,527.230317
241,20000,4,0.719963,,0.719963,0.715352,0.717426,459.7731,455.9193,457.76636,526.351541,528.259392,527.158426
242,20000,4,0.720092,,0.720092,0.715352,0.717655,459.7731,455.9193,457.952026,526.351541,528.259392,527.104186
243,20000,4,0.720092,,0.720092,0.715352,0.717916,459.7731,455.9193,458.124873,526.351541,528.259392,527.016511
244,20000,4,0.720092,,0.720092,0.715352,0.718125,459.7731,455.9193,458.279982,526.351541,527.930264,526.957609
245,20000,4,0.720643,,0.720643,0.715352,0.718328,460.1497,455.9193,458.405263,526.16415,527.930264,526.882953
246,20000,4,0.722157,,0.722157,0.715413,0.718619,461.303,455.9193,458.585212,525.837899,527.490759,526.776454
247,20000,4,0.722157,,0.722157,0.715413,0.718946,461.303,455.9193,458.806937,525.837899,527.490759,526.669805
248,20000,4,0.722157,,0.722157,0.715413,0.719241,461.303,455.9193,459.017147,525.837899,527.490759,526.58087
249,20000,4,0.722157,,0.722157,0.715413,0.719483,461.303,455.9193,459.194878,525.837899,527.490759,526.510969
250,20000,4,0.722157,,0.722157,0.717513,0.719816,461.303,457.1127,459.433871,525.837899,527.484105,526.411769
251,20000,4,0.722574,,0.722574,0.71752,0.720047,461.634,457.1127,459.6192,525.73432,527.484105,526.355696
252,20000,4,0.722574,,0.722574,0.717901,0.720322,461.634,458.1496,459.824255,525.73432,527.484105,526.27853
253,20000,4,0.722574,,0.722574,0.71825,0.720583,461.634,458.4197,460.02058,525.733865,527.484105,526.206137
254,20000,4,0.722961,,0.722961,0.718327,0.720825,462.2251,458.4197,460.198894,525.449072,526.893171,526.137158
255,20000,4,0.722961,,0.722961,0.719509,0.721032,462.2251,458.9815,460.339664,525.449072,526.62803,526.069864
256,20000,4,0.72316,,0.72316,0.71956,0.721219,462.2251,458.9815,460.482562,525.43614,526.524451,526.019934
257,20000,4,0.72316,,0.72316,0.719561,0.721379,462.2251,458.9815,460.596687,525.43614,526.524451,525.971972
258,20000,4,0.723577,,0.723577,0.719561,0.721592,462.2251,458.9815,460.777412,525.332561,526.524451,525.926768
259,20000,4,0.723577,,0.723577,0.719561,0.721818,462.2251,458.9815,460.970037,525.332561,526.524451,525.879358
260,20000,4,0.723577,,0.723577,0.719561,0.722033,462.2251,458.9815,461.166507,525.332561,526.524451,525.843033
261,20000,4,0.723577,,0.723577,0.71974,0.722219,462.5561,458.9815,461.321574,525.316654,526.524451,525.80226
262,20000,4,0.724511,,0.724511,0.71974,0.722521,463.1241,458.9815,461.574251,525.222457,526.524451,525.736177
263,20000,4,0.724511,,0.724511,0.719963,0.722721,463.1241,459.7731,461.747084,525.222457,526.524451,525.695413
264,20000,4,0.724511,,0.724511,0.721154,0.722927,463.1241,460.2479,461.920144,525.222457,526.487562,525.650769
265,20000,4,0.724511,,0.724511,0.721154,0.723064,463.3343,460.2479,462.051926,525.222457,526.487562,525.632624
266,20000,4,0.724511,,0.724511,0.721747,0.723239,463.3343,460.7655,462.20284,525.222457,526.261348,525.597041
267,20000,4,0.724671,,0.724671,0.721747,0.723433,463.3343,460.7655,462.346141,525.097294,526.261348,525.542196
268,20000,4,0.724671,,0.724671,0.722157,0.723631,463.1241,460.8159,462.484311,525.097294,525.829003,525.480144
269,20000,4,0.725138,,0.725138,0.722157,0.723805,463.4796,460.8159,462.620031,524.934174,525.818528,525.435123
270,20000,4,0.725138,,0.725138,0.722157,0.723946,463.4796,460.8159,462.700004,524.934174,525.818528,525.378492
271,20000,4,0.725921,,0.725921,0.722157,0.724112,464.0476,460.8159,462.812717,524.741021,525.818528,525.325117
272,20000,4,0.725921,,0.725921,0.722157,0.724321,464.0476,460.8159,462.976941,524.675387,525.727794,525.271594
273,20000,4,0.725921,,0.725921,0.723378,0.724521,464.0476,462.1326,463.120668,524.675387,525.725424,525.212555
274,20000,4,0.725921,,0.725921,0.723378,0.72477,464.0476,462.1326,463.260961,524.622075,525.725424,525.111715
275,20000,4,0.725921,,0.725921,0.723378,0.724955,464.0476,462.1326,463.371777,524.603513,525.725424,525.041822
276,20000,4,0.725983,,0.725983,0.723538,0.725068,464.0476,462.1326,463.444477,524.593038,525.576319,525.002604
277,20000,4,0.725983,,0.725983,0.723538,0.725231,464.0476,462.1326,463.548365,524.593038,525.576319,524.945171
278,20000,4,0.726217,,0.726217,0.724342,0.725373,464.0476,463.0547,463.631704,524.510409,525.323666,524.889735
279,20000,4,0.726588,,0.726588,0.724342,0.725496,464.4389,463.0547,463.700694,524.483108,525.323666,524.840043
280,20000,4,0.726588,,0.726588,0.724342,0.725577,464.4389,463.0547,463.73804,524.483108,525.323666,524.80257
281,20000,4,0.726588,,0.726588,0.724342,0.725651,464.4389,463.0547,463.77682,524.483108,525.307758,524.770831
282,20000,4,0.726795,,0.726795,0.724671,0.725733,464.5642,463.1241,463.823254,524.405773,525.097294,524.737751
283,20000,4,0.726795,,0.726795,0.725138,0.72581,464.5642,463.4236,463.865687,524.405773,524.953895,524.705975
284,20000,4,0.726856,,0.726856,0.725138,0.725876,464.5642,463.4236,463.901662,524.357877,524.934174,524.678835
285,20000,4,0.726884,,0.726884,0.725138,0.72599,464.5642,463.4236,463.969815,524.252497,524.934174,524.635086
286,20000,4,0.727778,,0.727778,0.725138,0.726071,464.8707,463.4236,464.001661,523.844659,524.934174,524.593284
287,20000,4,0.727778,,0.727778,0.725433,0.726175,464.8707,463.4236,464.055979,523.844659,524.871545,524.548619
288,20000,4,0.727778,,0.727778,0.725516,0.726292,464.8707,463.7706,464.128355,523.844659,524.871545,524.505933
289,20000,4,0.727778,,0.727778,0.725516,0.7264,464.8707,463.7706,464.176391,523.844659,524.871545,524.453707
290,20000,4,0.727778,,0.727778,0.725812,0.726489,464.8707,463.7706,464.228529,523.844659,524.741021,524.419633
291,20000,4,0.727778,,0.727778,0.725812,0.726631,464.8707,463.7706,464.317021,523.844659,524.740356,524.368014
292,20000,4,0.728423,,0.728423,0.725812,0.726716,465.3624,463.7706,464.370767,523.670516,524.740356,524.337556
293,20000,4,0.728423,,0.728423,0.725812,0.726848,465.3624,463.7706,464.451612,523.670516,524.69246,524.288944
294,20000,4,0.728423,,0.728423,0.725873,0.726977,465.3624,463.7706,464.530694,523.670516,524.69246,524.241491
295,20000,4,0.728423,,0.728423,0.725984,0.727086,465.3624,463.9494,464.583958,523.670516,524.69246,524.192083
296,20000,4,0.728423,,0.728423,0.725984,0.727213,465.3624,463.9494,464.655993,523.670516,524.69246,524.141369
297,20000,4,0.728423,,0.728423,0.72618,0.727311,465.3624,463.9494,464.707318,523.670516,524.473267,524.0996
298,20000,4,0.729011,,0.729011,0.726278,0.727455,466.18,464.0476,464.793187,523.670516,524.462513,524.044263
299,20000,4,0.729187,,0.729187,0.726856,0.727617,466.18,464.4389,464.907004,523.363887,524.357877,523.994612
300,20000,4,0.729187,,0.729187,0.726856,0.727772,466.18,464.5195,465.020408,523.363887,524.357877,523.949079
301,20000,4,0.729442,,0.729442,0.726856,0.727945,466.18,464.5195,465.134514,523.326928,524.357877,523.890765
302,20000,4,0.729442,,0.729442,0.726856,0.728146,466.18,464.5642,465.277686,523.262678,524.357877,523.830452
303,20000,4,0.729442,,0.729442,0.726856,0.728303,466.18,464.5642,465.38427,523.262678,524.357877,523.77919
304,20000,4,0.729442,,0.729442,0.727264,0.728475,466.18,464.6177,465.479991,523.262678,524.075625,523.708792
305,20000,4,0.729442,,0.729442,0.727264,0.72862,466.18,464.6177,465.557563,523.262678,524.075625,523.647849
306,20000,4,0.730336,,0.730336,0.727768,0.72877,466.4668,465.0495,465.620915,522.919091,524.062583,523.57365
307,20000,4,0.730336,,0.730336,0.727768,0.728882,466.4668,465.0495,465.677236,522.919091,524.062583,523.523525
308,20000,4,0.730336,,0.730336,0.727768,0.728997,466.4668,465.0495,465.732708,522.904184,524.062583,523.470939
309,20000,4,0.730421,,0.730421,0.727768,0.729137,467.1035,465.0495,465.81802,522.904184,524.062583,523.419445
310,20000,4,0.730421,,0.730421,0.727768,0.729285,467.1035,465.0495,465.902188,522.904184,524.062583,523.359929
311,20000,4,0.730421,,0.730421,0.727768,0.729477,467.1035,465.1343,466.024461,522.887042,524.062583,523.292226
312,20000,4,0.730695,,0.730695,0.728423,0.729624,467.2919,465.3624,466.091081,522.887042,523.840149,523.222659
313,20000,4,0.730695,,0.730695,0.728423,0.72974,467.2919,465.3624,466.162249,522.887042,523.759942,523.179581
314,20000,4,0.730695,,0.730695,0.728423,0.729901,467.2919,465.3624,466.272847,522.887042,523.670516,523.128051
315,20000,4,0.731091,,0.731091,0.728446,0.730034,467.2919,465.3624,466.388263,522.779859,523.65287,523.101645
316,20000,4,0.731091,,0.731091,0.728446,0.730136,467.2919,465.3624,466.477541,522.779859,523.65287,523.082298
317,20000,4,0.731091,,0.731091,0.728446,0.730201,467.2919,465.3624,466.541501,522.779859,523.65287,523.074003
318,20000,4,0.731091,,0.731091,0.729317,0.7303,467.2919,465.7942,466.630258,522.779859,523.432311,523.056159
319,20000,4,0.731439,,0.731439,0.729317,0.730383,467.7761,465.7942,466.687858,522.779859,523.432311,523.030574
320,20000,4,0.731439,,0.731439,0.729317,0.730442,467.7761,465.7942,466.734068,522.565575,523.432311,523.014973
321,20000,4,0.731439,,0.731439,0.729317,0.730508,467.7761,465.7942,466.807938,522.548432,523.432311,523.013116
322,20000,4,0.731439,,0.731439,0.729317,0.730603,467.7761,465.7942,466.861297,522.548432,523.432311,522.974866
323,20000,4,0.731461,,0.731461,0.72934,0.730712,467.7761,465.7942,466.931577,522.548432,523.432311,522.937229
324,20000,4,0.731461,,0.731461,0.72934,0.730774,467.7761,465.7942,466.9663,522.548432,523.432311,522.911745
325,20000,4,0.731461,,0.731461,0.72981,0.73086,467.7761,466.4668,467.031699,522.548432,523.432311,522.888928
326,20000,4,0.731461,,0.731461,0.730336,0.730932,467.7761,466.4668,467.082223,522.527666,523.191871,522.866436
327,20000,4,0.731461,,0.731461,0.730336,0.730996,467.7761,466.4668,467.137697,522.527666,523.191871,522.853723
328,20000,4,0.731461,,0.731461,0.730336,0.731056,467.7761,466.4668,467.178514,522.527666,523.191871,522.834298
329,20000,4,0.731569,,0.731569,0.730358,0.731114,467.7761,466.4668,467.226367,522.527666,523.174729,522.820679
330,20000,4,0.731713,,0.731713,0.730358,0.731175,467.9645,466.4668,467.28699,522.51002,522.987515,522.813778
331,20000,4,0.731713,,0.731713,0.730358,0.731225,467.9645,466.4668,467.338467,522.51002,522.987515,522.809827
332,20000,4,0.731914,,0.731914,0.730489,0.731301,467.9645,466.5883,467.412365,522.51002,522.935582,522.799581
333,20000,4,0.732404,,0.732404,0.730511,0.731362,467.9645,466.5883,467.467413,522.309177,522.935582,522.788786
334,20000,4,0.732404,,0.732404,0.730942,0.73145,467.9645,466.5883,467.546776,522.309177,522.935582,522.773822
335,20000,4,0.734168,,0.734168,0.730942,0.731561,469.6921,466.5883,467.64471,522.090877,522.935582,522.752934
336,20000,4,0.734168,,0.734168,0.730942,0.731645,469.6921,466.5883,467.693064,522.090877,522.935582,522.719775
337,20000,4,0.734168,,0.734168,0.730942,0.731757,469.6921,466.5883,467.763561,522.090877,522.91844,522.679618
338,20000,4,0.734168,,0.734168,0.730964,0.731906,469.6921,466.5883,467.852884,522.090877,522.91844,522.623289
339,20000,4,0.734168,,0.734168,0.731135,0.732097,469.6921,467.1381,467.986168,522.090877,522.91844,522.5636
340,20000,4,0.73419,,0.73419,0.731461,0.732233,469.6921,467.7761,468.099662,522.073734,522.91844,522.533395
341,20000,4,0.73419,,0.73419,0.731461,0.732346,469.6921,467.7761,468.173766,522.073734,522.987528,522.49453
342,20000,4,0.73419,,0.73419,0.731461,0.732488,469.6921,467.1381,468.284078,522.073734,522.91844,522.458206
343,20000,4,0.735231,,0.735231,0.731722,0.732673,470.4516,467.7761,468.457042,521.70202,522.885655,522.429383
344,20000,4,0.735231,,0.735231,0.731952,0.732789,470.4516,467.8976,468.546991,521.70202,522.885655,522.39921
345,20000,4,0.735231,,0.735231,0.731952,0.732867,470.4516,467.8976,468.635745,521.684878,522.885655,522.397774
346,20000,4,0.735253,,0.735253,0.732081,0.733042,470.4516,467.8976,468.773174,521.70202,522.885655,522.353747
347,20000,4,0.735253,,0.735253,0.732081,0.7332,470.4516,467.8976,468.92033,521.753966,522.871648,522.328597
348,20000,4,0.735253,,0.735253,0.732198,0.73336,470.4516,467.8976,469.069974,521.752566,522.871648,522.304611
349,20000,4,0.735941,,0.735941,0.732231,0.733567,471.1493,467.9645,469.224041,521.684506,522.871648,522.245887
350,20000,4,0.735941,,0.735941,0.732344,0.733777,471.1493,468.2808,469.389691,521.684506,522.864888,522.193601
351,20000,4,0.735941,,0.735941,0.732344,0.734062,471.1493,468.2808,469.573785,521.684506,522.864888,522.094699
352,20000,4,0.735958,,0.735958,0.732721,0.734285,471.1493,468.2808,469.714695,521.671493,522.725114,522.014712
353,20000,4,0.736405,,0.736405,0.732721,0.734473,471.1493,468.2808,469.838717,521.322781,522.725114,521.951802
354,20000,4,0.737624,,0.737624,0.732911,0.734663,472.4399,468.2808,469.972697,521.236594,522.341686,521.892727
355,20000,4,0.737624,,0.737624,0.732933,0.734833,472.4399,468.6025,470.120334,521.236594,522.578402,521.859419
356,20000,4,0.737624,,0.737624,0.732933,0.734998,472.4399,468.6025,470.260557,521.236594,522.578402,521.824694
357,20000,4,0.737635,,0.737635,0.732933,0.735222,472.4399,468.6025,470.440502,521.228384,522.578402,521.770819
358,20000,4,0.737635,,0.737635,0.733425,0.735406,472.4399,469.4179,470.57526,521.228384,522.578402,521.717218
359,20000,4,0.738783,,0.738783,0.734117,0.73559,473.1376,469.4179,470.694128,520.800604,522.231669,521.653421
360,20000,4,0.738783,,0.738783,0.734117,0.73572,473.1376,469.4179,470.785613,520.800604,522.231669,521.612916
361,20000,4,0.738783,,0.738783,0.734117,0.735911,473.1376,469.4179,470.935795,520.800604,522.092811,521.565112
362,20000,4,0.738783,,0.738783,0.734117,0.736077,473.1376,469.4179,471.040257,520.800604,522.038631,521.505706
363,20000,4,0.739488,,0.739488,0.734367,0.736308,473.7373,469.4179,471.207865,520.652235,522.107482,521.437386
364,20000,4,0.739488,,0.739488,0.734838,0.736532,473.7373,469.4179,471.353451,520.652235,521.819667,521.360787
365,20000,4,0.739488,,0.739488,0.734906,0.73675,473.7373,469.0962,471.494741,520.652235,521.819667,521.285148
366,20000,4,0.739488,,0.739488,0.734906,0.736947,473.7373,469.5394,471.672599,520.652235,521.819667,521.250677
367,20000,4,0.739488,,0.739488,0.735366,0.737229,473.7373,470.0084,471.879102,520.652235,521.819667,521.169123
368,20000,4,0.739488,,0.739488,0.735366,0.737488,473.7373,470.0084,472.083405,520.652235,521.696833,521.104145
369,20000,4,0.739488,,0.739488,0.735366,0.737655,473.7373,470.0084,472.219556,520.652235,521.696833,521.064531
370,20000,4,0.739488,,0.739488,0.735952,0.737888,473.7373,470.6889,472.412429,520.652235,521.873557,521.01273
371,20000,4,0.739683,,0.739683,0.735969,0.738112,473.7952,470.6889,472.53846,520.539052,521.66283,520.922057
372,20000,4,0.739816,,0.739816,0.736202,0.738307,473.7952,470.2371,472.66389,520.267618,521.585736,520.854098
373,20000,4,0.739816,,0.739816,0.736421,0.738551,473.9776,470.2371,472.873782,520.165469,521.577738,520.804084
374,20000,4,0.739816,,0.739816,0.736439,0.738718,473.9776,470.2371,473.020287,520.165469,521.577738,520.772359
375,20000,4,0.740597,,0.740597,0.736772,0.738905,474.0261,470.2371,473.151891,519.276161,521.232885,520.714627
376,20000,4,0.740597,,0.740597,0.736772,0.739068,474.0261,470.2371,473.28853,519.276161,521.232885,520.679409
377,20000,4,0.742468,,0.742468,0.737122,0.739256,474.6113,470.5891,473.406589,518.913321,521.232885,520.611611
378,20000,4,0.742469,,0.742469,0.737122,0.739418,474.6113,470.5891,473.458842,518.912656,521.218878,520.519835
379,20000,4,0.742469,,0.742469,0.737122,0.7396,474.6113,471.0409,473.552022,518.912656,521.218878,520.441052
380,20000,4,0.742469,,0.742469,0.737229,0.739781,474.6113,471.9531,473.649136,518.912656,521.533632,520.364268
381,20000,4,0.742821,,0.742821,0.738533,0.740022,474.9001,472.5146,473.778684,518.831257,521.533632,520.26334
382,20000,4,0.743484,,0.743484,0.738549,0.740241,475.0631,472.5146,473.868449,518.134809,521.200981,520.152745
383,20000,4,0.743484,,0.743484,0.739004,0.740508,475.0631,472.975,474.003863,518.134809,521.166774,520.034829
384,20000,4,0.744172,,0.744172,0.739488,0.740944,475.619,472.975,474.18556,518.134809,520.685297,519.817161
385,20000,4,0.744782,,0.744782,0.739498,0.741299,475.619,473.2638,474.338178,517.6181,520.644025,519.642064
386,20000,4,0.745126,,0.745126,0.739693,0.741556,475.7515,473.2638,474.471293,517.604633,520.63358,519.530894
387,20000,4,0.745175,,0.745175,0.739693,0.742031,476.5203,473.2638,474.700516,517.604633,520.63358,519.314474
388,20000,4,0.745175,,0.745175,0.739841,0.742355,476.5203,473.383,474.865819,517.604633,520.570171,519.172117
389,20000,4,0.74643,,0.74643,0.739841,0.742606,476.5765,473.383,474.981271,517.139813,520.570171,519.053876
390,20000,4,0.74643,,0.74643,0.739841,0.743046,476.5765,473.8344,475.187471,517.139813,520.570171,518.848389
391,20000,4,0.748018,,0.748018,0.739841,0.743495,477.7144,473.8344,475.354865,516.663503,520.570171,518.610378
392,20000,4,0.748018,,0.748018,0.739841,0.744008,477.7144,474.0261,475.578301,516.663503,520.570171,518.360297
393,20000,4,0.748018,,0.748018,0.739841,0.744247,477.7144,474.0261,475.68948,516.663503,520.570171,518.248641
394,20000,4,0.748018,,0.748018,0.739841,0.744609,477.7144,474.0261,475.835699,516.663503,520.570171,518.063735
395,20000,4,0.748018,,0.748018,0.741087,0.744835,477.7144,474.6744,475.935896,516.663503,520.032537,517.954706
396,20000,4,0.748018,,0.748018,0.741087,0.745034,477.7144,474.6744,476.013033,516.663503,520.032537,517.850989
397,20000,4,0.748018,,0.748018,0.741087,0.745323,477.7144,474.6744,476.174655,516.663503,520.032537,517.734163
398,20000,4,0.748018,,0.748018,0.7427,0.745569,477.7144,475.2997,476.246171,516.663503,519.784919,517.590556
399,20000,4,0.748181,,0.748181,0.744172,0.745764,478.0337,475.2997,476.342091,516.663503,518.259978,517.502048
400,20000,4,0.748181,,0.748181,0.744525,0.745918,478.3857,475.5885,476.430014,516.475398,518.177914,517.441045
401,20000,4,0.748181,,0.748181,0.744525,0.746126,478.3857,475.5689,476.546607,516.475398,518.177914,517.356838
402,20000,4,0.748181,,0.748181,0.744847,0.746265,478.3857,475.5689,476.63274,516.338274,518.087994,517.306219
403,20000,4,0.74923,,0.74923,0.744847,0.746477,479.144,475.5689,476.765621,516.327028,518.087994,517.229718
404,20000,4,0.74923,,0.74923,0.744847,0.746638,479.144,475.5689,476.858639,516.338274,518.087994,517.166874
405,20000,4,0.74923,,0.74923,0.744847,0.746783,479.144,476.1481,476.975938,516.338274,518.087994,517.132311
406,20000,4,0.74923,,0.74923,0.745499,0.746927,479.144,476.1481,477.061986,516.327028,517.821172,517.077823
407,20000,4,0.749398,,0.749398,0.745499,0.74714,479.2557,476.1481,477.231212,516.327028,517.821172,517.024605
408,20000,4,0.749819,,0.749819,0.745499,0.747279,479.3466,476.1481,477.340133,516.327028,517.821172,516.989569
409,20000,4,0.749819,,0.749819,0.745812,0.747478,479.3466,476.1882,477.498632,516.327028,517.409672,516.940215
410,20000,4,0.749819,,0.749819,0.745822,0.747679,479.3466,476.1882,477.662131,516.327028,517.401674,516.893443
411,20000,4,0.749819,,0.749819,0.745822,0.747861,479.3466,476.1882,477.811571,516.327028,517.401674,516.851042
412,20000,4,0.750234,,0.750234,0.745832,0.748081,479.3466,476.1882,477.979519,515.968065,517.394504,516.792055
413,20000,4,0.750234,,0.750234,0.746296,0.748281,479.3466,476.1882,478.115166,515.968065,517.294864,516.727021
414,20000,4,0.750234,,0.750234,0.746296,0.748564,479.3466,476.1882,478.303537,515.841797,517.294864,516.632884
415,20000,4,0.750234,,0.750234,0.746296,0.748772,479.3466,476.3152,478.440777,515.841797,517.199465,516.562267
416,20000,4,0.750234,,0.750234,0.746296,0.748998,479.3466,476.3152,478.555026,515.841797,517.199465,516.462521
417,20000,4,0.750234,,0.750234,0.746296,0.749168,479.4583,476.3152,478.63995,515.841797,517.199465,516.386921
418,20000,4,0.750234,,0.750234,0.746296,0.749269,479.4583,476.3152,478.704996,515.841797,517.302673,516.352048
419,20000,4,0.750234,,0.750234,0.746296,0.749417,479.4583,476.5097,478.816966,515.841797,517.302673,516.311108
420,20000,4,0.750234,,0.750234,0.747651,0.749542,479.4583,477.1318,478.897597,515.841797,517.020048,516.267667
421,20000,4,0.750321,,0.750321,0.747651,0.749637,479.6354,477.1318,478.960898,515.834242,517.020048,516.236452
422,20000,4,0.750321,,0.750321,0.748671,0.749743,479.6354,478.1926,479.020049,515.834242,516.612043,516.193419
423,20000,4,0.750912,,0.750912,0.748671,0.749832,479.6354,478.3141,479.067331,515.693626,516.612043,516.155907
424,20000,4,0.750912,,0.750912,0.748671,0.749915,479.635,477.5279,479.102621,515.693626,516.612043,516.11417
425,20000,4,0.750912,,0.750912,0.749018,0.750025,479.635,477.5279,479.143543,515.693626,516.405117,516.056124
426,20000,4,0.751265,,0.751265,0.749018,0.750116,479.9238,477.5279,479.19352,515.611562,516.405117,516.018654
427,20000,4,0.751265,,0.751265,0.749183,0.750237,479.9238,478.6745,479.276324,515.611562,516.398611,515.979838
428,20000,4,0.751415,,0.751415,0.749183,0.750333,479.9238,478.6745,479.328322,515.494692,516.398611,515.93928
429,20000,4,0.751415,,0.751415,0.749349,0.75046,479.9238,478.765,479.399387,515.494692,516.329611,515.888329
430,20000,4,0.751463,,0.751463,0.749357,0.75055,479.9238,478.765,479.449021,515.457374,516.323105,515.851278
431,20000,4,0.751463,,0.751463,0.749938,0.75062,479.9238,478.9676,479.497104,515.457374,516.296189,515.828928
432,20000,4,0.753406,,0.753406,0.749938,0.750743,481.72,478.9676,479.577896,515.14562,516.296189,515.787321
433,20000,4,0.753406,,0.753406,0.749938,0.750867,481.72,478.9676,479.662041,515.14562,516.224924,515.746691
434,20000,4,0.753406,,0.753406,0.750234,0.750974,481.72,479.2557,479.723165,515.14562,516.013752,515.703879
435,20000,4,0.753406,,0.753406,0.750234,0.751092,481.72,479.2557,479.809894,515.14562,516.013752,515.670198
436,20000,4,0.753406,,0.753406,0.750234,0.751239,481.72,479.2557,479.917221,515.14562,516.013752,515.627463
437,20000,4,0.753406,,0.753406,0.75045,0.751313,481.72,479.2564,479.961634,515.14562,516.013752,515.599569
438,20000,4,0.753406,,0.753406,0.75045,0.751405,481.72,479.2564,480.018972,515.14562,516.013752,515.566073
439,20000,4,0.753406,,0.753406,0.75045,0.75156,481.72,479.2564,480.118908,515.127016,515.814818,515.512166
440,20000,4,0.753406,,0.753406,0.750912,0.751693,481.72,479.635,480.210146,515.127016,515.814818,515.469913
441,20000,4,0.753759,,0.753759,0.750912,0.75177,482.0088,479.635,480.258786,515.063557,515.814818,515.442236
442,20000,4,0.753759,,0.753759,0.751052,0.751836,482.0088,479.635,480.305806,515.036163,515.814818,515.42235
443,20000,4,0.753759,,0.753759,0.751052,0.752003,482.0088,479.635,480.433392,515.036163,515.814818,515.37732
444,20000,4,0.753759,,0.753759,0.751052,0.752149,482.0088,479.635,480.524896,515.036163,515.814818,515.324624
445,20000,4,0.753909,,0.753909,0.751052,0.752303,482.0088,479.635,480.634922,514.946687,515.611562,515.278363
446,20000,4,0.753909,,0.753909,0.751266,0.752488,482.0088,479.8376,480.78061,514.946687,515.610898,515.23157
447,20000,4,0.753909,,0.753909,0.751415,0.752598,482.0088,479.8376,480.86079,514.946687,515.494692,515.19981
448,20000,4,0.753909,,0.753909,0.751415,0.752727,482.0088,479.8376,480.968458,514.946687,515.494692,515.17116
449,20000,4,0.754506,,0.754506,0.751415,0.75286,482.2114,479.9238,481.073681,514.616329,515.494692,515.137807
450,20000,4,0.754506,,0.754506,0.751463,0.752931,482.2114,479.9238,481.128097,514.616329,515.457374,515.119171
451,20000,4,0.754506,,0.754506,0.751463,0.75308,482.2114,479.9238,481.246646,514.616329,515.457374,515.082634
452,20000,4,0.754506,,0.754506,0.751463,0.753206,482.2114,479.9238,481.353784,514.616329,515.457374,515.056279
453,20000,4,0.754506,,0.754506,0.751463,0.753295,482.2114,479.9238,481.419524,514.616329,515.457374,515.030699
454,20000,4,0.754506,,0.754506,0.751463,0.753381,482.2114,479.9238,481.486988,514.616329,515.457374,515.008852
455,20000,4,0.754506,,0.754506,0.75206,0.753558,482.2114,480.1264,481.62683,514.616329,515.14562,514.96403
456,20000,4,0.754506,,0.754506,0.75206,0.75365,482.2114,480.1264,481.698346,514.616329,515.14562,514.940825
457,20000,4,0.754506,,0.754506,0.75206,0.753805,482.2114,480.1264,481.812726,514.616329,515.14562,514.89637
458,20000,4,0.754506,,0.754506,0.75206,0.753963,482.2114,480.1264,481.91811,514.616329,515.14562,514.843328
459,20000,4,0.754506,,0.754506,0.75206,0.754071,482.2114,480.1264,481.978906,514.616329,515.127016,514.800151
460,20000,4,0.754506,,0.754506,0.75206,0.754183,482.2114,480.1264,482.051586,514.616329,515.127016,514.761301
461,20000,4,0.754506,,0.754506,0.75206,0.754273,482.2114,480.1264,482.10833,514.616329,515.127016,514.729146
462,20000,4,0.754506,,0.754506,0.75206,0.754356,482.2114,480.1264,482.16016,514.616329,515.127016,514.698973
463,20000,4,0.754832,,0.754832,0.753759,0.754425,482.4836,482.0088,482.193862,514.544708,515.063557,514.668321
464,20000,4,0.755174,,0.755174,0.753759,0.754469,482.7468,482.0088,482.209346,514.454735,515.063557,514.644474
465,20000,4,0.755174,,0.755174,0.753909,0.754496,482.7468,482.0088,482.224802,514.454735,514.946687,514.633716
466,20000,4,0.755174,,0.755174,0.753917,0.754534,482.7468,482.0088,482.24431,514.454735,514.940181,514.617145
467,20000,4,0.755174,,0.755174,0.754357,0.754571,482.7468,482.2114,482.267842,514.454735,514.733199,514.60412
468,20000,4,0.755174,,0.755174,0.754357,0.7546,482.7468,482.2114,482.289348,514.454735,514.733199,514.595921
469,20000,4,0.755222,,0.755222,0.754357,0.754627,482.7468,482.2114,482.308132,514.417215,514.733199,514.587269
470,20000,4,0.755222,,0.755222,0.754506,0.754639,482.7468,482.2114,482.316208,514.417215,514.616329,514.583018
471,20000,4,0.755222,,0.755222,0.754506,0.754666,482.7468,482.2114,482.337624,514.417215,514.616329,514.576179
472,20000,4,0.755222,,0.755222,0.754506,0.754717,482.7468,482.2114,482.375797,514.335449,514.616329,514.562583
473,20000,4,0.755478,,0.755478,0.754506,0.754754,482.8163,482.2114,482.403074,514.263828,514.616329,514.551663
474,20000,4,0.755478,,0.755478,0.754506,0.754791,482.8163,482.2114,482.430073,514.263828,514.616329,514.540754
475,20000,4,0.755478,,0.755478,0.754506,0.754854,482.8163,482.2114,482.476649,514.263828,514.616329,514.523119
476,20000,4,0.755478,,0.755478,0.754506,0.754912,482.8163,482.2114,482.5181,514.263828,514.616329,514.505394
477,20000,4,0.755478,,0.755478,0.754506,0.75495,482.8163,482.2114,482.545475,514.263828,514.616329,514.494094
478,20000,4,0.755752,,0.755752,0.754506,0.754982,483.2634,482.2114,482.565747,514.263828,514.616329,514.482831
479,20000,4,0.755752,,0.755752,0.754506,0.755067,483.3592,482.2114,482.630766,514.263828,514.746009,514.459915
480,20000,4,0.756425,,0.756425,0.754506,0.755144,483.7061,482.2114,482.679612,514.121509,514.746009,514.432451
481,20000,4,0.756425,,0.756425,0.754506,0.755242,483.7061,482.2114,482.751145,514.121509,514.746009,514.40426
482,20000,4,0.756425,,0.756425,0.754506,0.755383,483.7061,482.2114,482.862289,514.061057,514.746009,514.369021
483,20000,4,0.756425,,0.756425,0.754506,0.755495,483.7061,482.2114,482.968181,514.061057,514.746009,514.352718
484,20000,4,0.756425,,0.756425,0.754506,0.755548,483.7061,482.2114,483.016359,514.121509,514.746009,514.343002
485,20000,4,0.756425,,0.756425,0.754506,0.755634,483.7061,482.2114,483.092878,514.121509,514.746009,514.32782
486,20000,4,0.756425,,0.756425,0.754506,0.755719,483.7061,482.2114,483.177085,514.069219,514.746009,514.317346
487,20000,4,0.756425,,0.756425,0.754603,0.755806,483.7061,482.2114,483.237302,514.069219,514.746009,514.290503
488,20000,4,0.757245,,0.757245,0.755222,0.755892,484.8539,482.5441,483.318017,514.069219,514.746009,514.277346
489,20000,4,0.757245,,0.757245,0.755222,0.756009,484.8539,482.7468,483.418472,514.069219,514.596857,514.253209
490,20000,4,0.757245,,0.757245,0.755222,0.756096,484.8539,482.7468,483.490558,514.016873,514.584415,514.233396
491,20000,4,0.757245,,0.757245,0.755222,0.756192,484.8539,482.7468,483.584041,514.016873,514.584415,514.221026
492,20000,4,0.757507,,0.757507,0.755222,0.756275,484.8913,482.7468,483.664634,514.016873,514.584415,514.21037
493,20000,4,0.757507,,0.757507,0.755222,0.756357,484.8913,482.7468,483.735115,514.016873,514.584415,514.193814
494,20000,4,0.757507,,0.757507,0.755752,0.75647,484.8913,483.0795,483.837376,514.016873,514.584415,514.174408
495,20000,4,0.757985,,0.757985,0.755752,0.756562,484.8913,483.0795,483.92047,513.577502,514.584415,514.15818
496,20000,4,0.757985,,0.757985,0.755752,0.75668,485.0983,483.0795,484.040868,513.577502,514.350099,514.146925
497,20000,4,0.757985,,0.757985,0.755752,0.756777,485.3705,483.0795,484.136498,513.577502,514.350099,514.135279
498,20000,4,0.757985,,0.757985,0.755752,0.756916,485.3705,483.0795,484.266362,513.577502,514.350099,514.114121
499,20000,4,0.757985,,0.757985,0.755752,0.757038,485.3705,483.0795,484.380292,513.577502,514.350099,514.095273
500,20000,4,0.757985,,0.757985,0.755752,0.757171,485.3705,483.0795,484.499851,513.577502,514.350099,514.071857
501,20000,4,0.757985,,0.757985,0.756397,0.757274,485.5225,483.5961,484.585996,513.577502,514.305886,514.048783
502,20000,4,0.757985,,0.757985,0.756397,0.757359,485.5225,483.5961,484.66115,513.577502,514.305886,514.03261
503,20000,4,0.758563,,0.758563,0.756397,0.757423,485.5225,483.5961,484.725319,513.472866,514.305886,514.026083
504,20000,4,0.758563,,0.758563,0.756677,0.75751,485.5225,483.9505,484.802531,513.472866,514.305886,514.009869
505,20000,4,0.759057,,0.759057,0.756677,0.757609,486.1027,483.9505,484.874271,513.472866,514.305886,513.980382
506,20000,4,0.759057,,0.759057,0.756677,0.757715,486.1027,483.9505,484.929351,513.472866,514.305886,513.935257
507,20000,4,0.759057,,0.759057,0.756677,0.757774,486.1027,483.9505,484.978564,513.472866,514.305886,513.922065
508,20000,4,0.759057,,0.759057,0.757003,0.757858,486.1027,484.2227,485.021752,513.472866,514.305886,513.88545
509,20000,4,0.75923,,0.75923,0.757003,0.757948,486.1027,484.2227,485.057105,513.32374,514.305886,513.839139
510,20000,4,0.759383,,0.759383,0.757003,0.758081,486.3749,483.9958,485.119892,513.310555,514.305886,513.776814
511,20000,4,0.759383,,0.759383,0.757507,0.758161,486.3749,483.9958,485.157109,513.310555,514.305886,513.739557
512,20000,4,0.759383,,0.759383,0.757507,0.758274,486.3749,483.9958,485.192318,513.310555,514.305886,513.67538
513,20000,4,0.759383,,0.759383,0.757507,0.758378,486.3749,483.9958,485.229187,513.310555,514.305886,513.618728
514,20000,4,0.759383,,0.759383,0.757507,0.758498,486.3749,483.9958,485.288823,512.984175,514.305886,513.56483
515,20000,4,0.759383,,0.759383,0.757749,0.758642,486.3749,484.6671,485.407185,513.076625,514.305886,513.532261
516,20000,4,0.759383,,0.759383,0.757926,0.758741,486.3749,484.6671,485.479136,513.076625,513.999229,513.503168
517,20000,4,0.759383,,0.759383,0.757926,0.758844,486.3749,484.6671,485.573993,513.076625,513.999229,513.486176
518,20000,4,0.759383,,0.759383,0.757926,0.758912,486.3749,484.6671,485.636134,513.076625,513.999229,513.474621
519,20000,4,0.760428,,0.760428,0.757926,0.759029,487.0133,484.6671,485.739333,512.862718,513.999229,513.453121
520,20000,4,0.760428,,0.760428,0.757985,0.759143,487.0133,484.6671,485.821418,512.405993,513.999229,513.418663
521,20000,4,0.760428,,0.760428,0.757985,0.75927,487.0133,484.6671,485.92083,512.405993,513.999229,513.38665
522,20000,4,0.760594,,0.760594,0.758404,0.759417,487.5668,484.7105,486.021188,512.405993,513.999229,513.338942
523,20000,4,0.760847,,0.760847,0.758404,0.759568,487.5668,484.7105,486.092468,512.405993,513.999229,513.268796
524,20000,4,0.760847,,0.760847,0.758404,0.759681,487.5668,484.7105,486.144147,512.405993,513.999229,513.21531
525,20000,4,0.760847,,0.760847,0.758795,0.759787,487.5668,485.4523,486.200838,512.405993,513.999229,513.171081
526,20000,4,0.760847,,0.760847,0.75923,0.759887,488.2011,485.4523,486.271482,512.405993,513.866886,513.140511
527,20000,4,0.760944,,0.760944,0.75923,0.759963,488.2011,485.4523,486.35453,512.405993,513.866886,513.136488
528,20000,4,0.761936,,0.761936,0.75923,0.760088,488.2011,485.4523,486.464111,512.405993,513.866886,513.112374
529,20000,4,0.761936,,0.761936,0.759383,0.760241,488.2011,485.4523,486.565649,512.405993,513.866886,513.061321
530,20000,4,0.762066,,0.762066,0.759383,0.760429,488.3445,485.3397,486.704362,512.405993,513.866886,513.007579
531,20000,4,0.762469,,0.762469,0.759472,0.760601,488.8679,485.3397,486.8008,512.405993,513.866886,512.937664
532,20000,4,0.762469,,0.762469,0.759472,0.760751,488.8679,485.4523,486.904206,512.405993,513.866886,512.890574
533,20000,4,0.762514,,0.762514,0.759472,0.760979,488.8679,485.4523,487.10122,512.405993,513.558056,512.844719
534,20000,4,0.762514,,0.762514,0.759648,0.761143,488.8679,485.4523,487.206167,512.405993,513.501462,512.78713
535,20000,4,0.762514,,0.762514,0.759971,0.761332,488.8679,485.4523,487.352367,512.324307,513.45943,512.737165
536,20000,4,0.763466,,0.763466,0.760124,0.761527,489.3845,485.4523,487.518184,512.324307,513.45943,512.696712
537,20000,4,0.763466,,0.763466,0.760124,0.761679,489.3845,485.4523,487.641305,512.223223,513.45943,512.660643
538,20000,4,0.763466,,0.763466,0.760124,0.761792,489.3845,485.4523,487.759161,512.286128,513.45943,512.650853
539,20000,4,0.763466,,0.763466,0.76077,0.761936,489.3845,486.4875,487.883359,512.286128,513.45943,512.621729
540,20000,4,0.763466,,0.763466,0.760847,0.762055,489.3845,486.4875,487.994439,512.286128,513.45943,512.603799
541,20000,4,0.763844,,0.763844,0.760944,0.762206,489.3845,486.6001,488.128549,511.844197,513.45943,512.575965
542,20000,4,0.764808,,0.764808,0.760944,0.762375,489.9765,486.6001,488.264953,511.784457,513.352336,512.535379
543,20000,4,0.764808,,0.764808,0.760944,0.762531,489.9765,486.6001,488.37776,511.762455,513.352336,512.488901
544,20000,4,0.764808,,0.764808,0.762066,0.762673,489.9765,487.7551,488.471961,511.762455,512.865916,512.441946
545,20000,4,0.764808,,0.764808,0.762066,0.762823,489.9765,487.7551,488.571499,511.762455,512.865916,512.391333
546,20000,4,0.764808,,0.764808,0.762066,0.76296,489.9765,487.7551,488.679457,511.762455,512.865916,512.356804
547,20000,4,0.764808,,0.764808,0.762066,0.76312,489.9765,487.7551,488.791041,511.762455,512.865916,512.306483
548,20000,4,0.764808,,0.764808,0.762066,0.76326,489.9765,487.7551,488.8838,511.762455,512.865916,512.259383
549,20000,4,0.764998,,0.764998,0.762066,0.763435,489.9765,487.7551,488.980612,511.268487,512.865916,512.188278
550,20000,4,0.765262,,0.765262,0.762469,0.763581,489.9765,488.403,489.070092,511.172063,512.865916,512.133984
551,20000,4,0.765262,,0.765262,0.762469,0.763727,490.0891,488.403,489.131652,511.172063,512.865916,512.061886
552,20000,4,0.765262,,0.765262,0.762933,0.763871,490.0891,488.403,489.237638,511.172063,512.4349,512.020593
553,20000,4,0.765262,,0.765262,0.76303,0.763975,490.0891,488.403,489.307785,511.172063,512.4349,511.98589
554,20000,4,0.765262,,0.765262,0.76303,0.764093,490.0625,488.403,489.390811,511.172063,512.4349,511.949511
555,20000,4,0.765262,,0.765262,0.76303,0.764237,490.0625,488.403,489.479386,511.172063,512.4349,511.89669
556,20000,4,0.765262,,0.765262,0.76303,0.764311,490.0625,488.403,489.479852,511.172063,512.4349,511.839725
557,20000,4,0.765262,,0.765262,0.76303,0.764378,490.0625,488.788,489.486731,511.172063,512.4349,511.792039
558,20000,4,0.765262,,0.765262,0.76303,0.764488,490.0625,488.788,489.520974,511.172063,512.4349,511.728643
559,20000,4,0.765262,,0.765262,0.76303,0.764678,490.0625,488.788,489.600336,511.172063,512.4349,511.63378
560,20000,4,0.765262,,0.765262,0.76303,0.764836,490.0625,488.788,489.652768,511.172063,512.374849,511.545935
561,20000,4,0.765262,,0.765262,0.76363,0.764951,490.0625,488.9436,489.670793,511.172063,512.214742,511.468509
562,20000,4,0.765262,,0.765262,0.763844,0.765014,490.0625,488.9436,489.682899,511.172063,511.844197,511.427231
563,20000,4,0.766362,,0.766362,0.764782,0.765072,490.5506,489.1875,489.678183,510.957421,511.784457,511.37865
564,20000,4,0.766362,,0.766362,0.764782,0.7651,490.5506,489.1875,489.670891,510.957421,511.784457,511.352058
565,20000,4,0.766362,,0.766362,0.764782,0.76515,490.5506,489.1875,489.659971,510.957421,511.784457,511.305958
566,20000,4,0.766362,,0.766362,0.764808,0.765198,490.5506,489.4274,489.662567,510.957421,511.784457,511.269886
567,20000,4,0.766362,,0.766362,0.764808,0.76525,490.5506,489.4274,489.683249,510.957421,511.784457,511.242887
568,20000,4,0.766362,,0.766362,0.764808,0.765335,490.5506,489.4274,489.720216,510.957421,511.784457,511.202049
569,20000,4,0.766362,,0.766362,0.764808,0.765444,490.5506,489.4274,489.780438,510.957421,511.784457,511.157108
570,20000,4,0.766362,,0.766362,0.764961,0.76553,490.5506,489.4274,489.835394,510.906415,511.72259,511.126587
571,20000,4,0.766362,,0.766362,0.764961,0.765625,490.5506,489.5915,489.904562,510.906415,511.72259,511.098829
572,20000,4,0.766578,,0.766578,0.765262,0.765702,490.7933,489.5915,489.956101,510.906415,511.172063,511.073714
573,20000,4,0.766578,,0.766578,0.765262,0.76578,490.7933,489.5915,490.014222,510.792405,511.172063,511.051559
574,20000,4,0.766578,,0.766578,0.765262,0.765855,490.7933,489.5915,490.067281,510.792405,511.172063,511.028592
575,20000,4,0.766578,,0.766578,0.765262,0.765985,490.7933,489.5915,490.166988,510.792405,511.172063,510.993967
576,20000,4,0.767191,,0.767191,0.765262,0.766083,491.1201,489.5915,490.246109,510.691774,511.172063,510.970482
577,20000,4,0.767191,,0.767191,0.765262,0.766151,491.1201,489.5915,490.305571,510.691774,511.172063,510.957875
578,20000,4,0.767191,,0.767191,0.76546,0.766245,491.1201,489.5915,490.385023,510.691774,511.165829,510.937255
579,20000,4,0.767211,,0.767211,0.76546,0.766331,491.1745,489.5915,490.443209,510.390446,511.165829,510.909363
580,20000,4,0.767211,,0.767211,0.76546,0.766424,491.1745,489.5915,490.525647,510.390446,511.165829,510.892186
581,20000,4,0.767213,,0.767213,0.76546,0.766493,491.1745,489.5915,490.576667,510.390446,511.017985,510.872781
582,20000,4,0.767213,,0.767213,0.76546,0.766574,491.1745,489.5915,490.636769,510.390446,511.090415,510.849557
583,20000,4,0.767213,,0.767213,0.766092,0.766665,491.1745,489.6119,490.70338,510.390446,511.090415,510.822825
584,20000,4,0.76722,,0.76722,0.766092,0.766724,491.1745,489.6119,490.748704,510.390446,511.090415,510.807425
585,20000,4,0.767389,,0.767389,0.766092,0.766808,491.1745,490.0482,490.802,510.537696,510.957421,510.777987
586,20000,4,0.767389,,0.767389,0.766092,0.766914,491.1745,490.0482,490.886683,510.537696,510.957421,510.751876
587,20000,4,0.767389,,0.767389,0.766092,0.76698,491.1745,490.0482,490.926358,510.537696,510.957421,510.726661
588,20000,4,0.767389,,0.767389,0.766092,0.76704,491.1745,490.0482,490.954288,510.537696,510.957421,510.698614
589,20000,4,0.767389,,0.767389,0.76629,0.76708,491.1745,490.0482,490.968931,510.537696,510.957421,510.677598
590,20000,4,0.767389,,0.767389,0.76629,0.767106,491.1745,490.0482,490.981391,510.537696,510.957421,510.665192
591,20000,4,0.76741,,0.76741,0.76629,0.767169,491.3628,490.0482,491.006408,510.423686,510.957421,510.63279
592,20000,4,0.76741,,0.76741,0.76629,0.76724,491.3628,490.0482,491.037859,510.423686,510.951187,510.598722
593,20000,4,0.76741,,0.76741,0.766319,0.767267,491.3628,490.0482,491.039535,510.423686,510.712639,510.578965
594,20000,4,0.767418,,0.767418,0.767191,0.767293,491.6093,490.975,491.053051,510.423686,510.987677,510.567555
595,20000,4,0.767418,,0.767418,0.767191,0.76731,491.6093,490.975,491.057679,510.423686,510.987677,510.557466
596,20000,4,0.767427,,0.767427,0.767211,0.767333,491.9971,490.975,491.068142,510.423686,511.095453,510.546719
597,20000,4,0.767427,,0.767427,0.767213,0.767346,491.9971,490.975,491.066527,510.423686,511.095453,510.535159
598,20000,4,0.767441,,0.767441,0.767213,0.767356,491.9971,490.975,491.071267,510.423686,511.095453,510.531055
599,20000,4,0.767836,,0.767836,0.767213,0.767362,491.9971,490.975,491.081042,510.375506,511.095453,510.532308
600,20000,4,0.767836,,0.767836,0.767213,0.767371,491.9971,490.975,491.082702,510.375506,511.095453,510.526546
601,20000,4,0.767836,,0.767836,0.767213,0.767397,491.9971,490.975,491.117515,510.375506,511.095453,510.529692
602,20000,4,0.767836,,0.767836,0.767213,0.767418,491.9971,490.975,491.14167,510.375506,511.095453,510.529686
603,20000,4,0.767856,,0.767856,0.76722,0.767438,492.033,490.975,491.179971,510.375506,511.095453,510.539318
604,20000,4,0.767856,,0.767856,0.76722,0.767457,492.033,490.975,491.196325,510.375506,511.069754,510.535751
605,20000,4,0.76888,,0.76888,0.76722,0.767483,492.9388,490.975,491.255776,510.375506,511.069754,510.554911
606,20000,4,0.76888,,0.76888,0.76722,0.767526,492.9388,490.975,491.320105,510.375506,511.069754,510.564644
607,20000,4,0.76888,,0.76888,0.76722,0.767558,492.9388,490.975,491.375783,510.309483,511.069754,510.577404
608,20000,4,0.76888,,0.76888,0.76741,0.767605,492.9388,490.975,491.441087,510.075888,511.069754,510.584379
609,20000,4,0.76888,,0.76888,0.76741,0.767652,492.9388,490.975,491.494997,510.075888,511.069754,510.584048
610,20000,4,0.76888,,0.76888,0.76741,0.767705,492.9388,490.975,491.541917,510.075888,511.069754,510.573796
611,20000,4,0.76888,,0.76888,0.767418,0.767779,492.9388,491.0073,491.62169,510.075888,510.941375,510.569945
612,20000,4,0.769273,,0.769273,0.767418,0.767871,493.3625,491.0073,491.724119,510.075888,510.941375,510.56635
613,20000,4,0.769273,,0.769273,0.767418,0.767973,493.3625,491.0073,491.827382,510.075888,510.941375,510.556172
614,20000,4,0.769273,,0.769273,0.767418,0.768088,493.3625,491.0073,491.926091,510.075888,510.941375,510.532559
615,20000,4,0.769273,,0.769273,0.767418,0.768173,493.3625,491.0073,491.998004,510.075888,510.941375,510.514212
616,20000,4,0.769471,,0.769471,0.76743,0.768309,493.3625,491.0073,492.114645,510.075888,510.941375,510.486243
617,20000,4,0.769471,,0.769471,0.76743,0.76844,493.3625,491.3701,492.22599,510.075888,510.941375,510.458863
618,20000,4,0.769471,,0.769471,0.767625,0.768544,493.3625,491.3272,492.307059,510.075888,510.941375,510.432239
619,20000,4,0.769471,,0.769471,0.767863,0.768671,493.3625,491.3701,492.408908,510.075888,510.893195,510.401697
620,20000,4,0.769471,,0.769471,0.767863,0.768758,493.3625,491.3701,492.4734,510.075888,510.893195,510.376467
621,20000,4,0.769471,,0.769471,0.767863,0.76884,493.3625,491.619,492.568579,510.075888,510.893195,510.376751
622,20000,4,0.770213,,0.770213,0.768051,0.768918,493.6187,491.619,492.637945,510.009202,510.893195,510.362385
623,20000,4,0.770213,,0.770213,0.768322,0.768952,493.6187,491.619,492.677184,510.009202,510.671215,510.362168
624,20000,4,0.770213,,0.770213,0.768554,0.769004,493.6187,492.0427,492.746421,510.004279,510.570674,510.368039
625,20000,4,0.770213,,0.770213,0.768554,0.769078,493.6187,492.0427,492.826082,510.004279,510.570674,510.363567
626,20000,4,0.770213,,0.770213,0.768774,0.769157,493.6187,492.0427,492.881432,510.004279,510.570674,510.33872
627,20000,4,0.770213,,0.770213,0.768774,0.769215,493.6187,492.0427,492.938283,510.004279,510.570674,510.331684
628,20000,4,0.770213,,0.770213,0.768774,0.769281,493.6187,492.0427,493.004609,510.004279,510.570674,510.325112
629,20000,4,0.770213,,0.770213,0.768774,0.769361,493.6187,492.0427,493.074351,510.004279,510.570674,510.309197
630,20000,4,0.770213,,0.770213,0.768774,0.769485,493.6187,492.0427,493.161993,510.004279,510.485801,510.271378
631,20000,4,0.770213,,0.770213,0.768774,0.769586,493.6187,492.0427,493.234941,510.004279,510.485801,510.241538
632,20000,4,0.770213,,0.770213,0.768774,0.769681,493.6187,492.0427,493.317037,510.004279,510.689341,510.22179
633,20000,4,0.770213,,0.770213,0.768793,0.769748,493.6187,492.677,493.359212,510.004279,510.689341,510.198022
634,20000,4,0.770312,,0.770312,0.768793,0.769886,494.0375,492.677,493.44944,510.004279,510.689341,510.151138
635,20000,4,0.770312,,0.770312,0.768793,0.769996,494.0375,492.677,493.513418,510.004279,510.689341,510.107628
636,20000,4,0.770312,,0.770312,0.768793,0.770068,494.0375,492.677,493.570832,510.004836,510.689341,510.089996
637,20000,4,0.770312,,0.770312,0.768793,0.770119,494.0375,492.677,493.605191,510.004836,510.689341,510.073514
638,20000,4,0.770312,,0.770312,0.768793,0.770163,494.0375,492.677,493.636734,510.004836,510.689341,510.060408
639,20000,4,0.770312,,0.770312,0.768892,0.770176,494.0375,493.0958,493.656839,510.004836,510.689341,510.063929
640,20000,4,0.770312,,0.770312,0.768892,0.770197,494.0375,493.0958,493.680422,510.004836,510.689341,510.06324
641,20000,4,0.770312,,0.770312,0.769821,0.770228,494.0375,493.4585,493.71182,510.004836,510.212743,510.059814
642,20000,4,0.770312,,0.770312,0.769821,0.770234,494.0375,493.4585,493.721798,510.004836,510.212743,510.061899
643,20000,4,0.770312,,0.770312,0.770213,0.77024,494.0375,493.6187,493.731776,510.004836,510.212743,510.063983
644,20000,4,0.770312,,0.770312,0.770213,0.770243,494.0375,493.6187,493.74434,510.004836,510.212743,510.07009
645,20000,4,0.770318,,0.770318,0.770213,0.770247,494.0375,493.6187,493.761092,510.004836,510.212743,510.078188
646,20000,4,0.770318,,0.770318,0.770213,0.770249,494.0375,493.6187,493.769468,510.004836,510.212743,510.082258
647,20000,4,0.770318,,0.770318,0.770213,0.770256,494.0375,493.6187,493.798784,510.004836,510.212743,510.096506
648,20000,4,0.770318,,0.770318,0.770213,0.77026,494.0375,493.6187,493.815536,510.004836,510.212743,510.104604
649,20000,4,0.770318,,0.770318,0.770213,0.77026,494.0375,493.6187,493.815536,510.004836,510.212743,510.104299
650,20000,4,0.770318,,0.770318,0.770213,0.770265,494.0375,493.6187,493.832288,510.004836,510.212743,510.112222
651,20000,4,0.770318,,0.770318,0.770213,0.770269,494.0375,493.6187,493.84904,510.009202,510.212743,510.120233
652,20000,4,0.770318,,0.770318,0.770213,0.770274,494.0375,493.6187,493.86998,509.983503,510.212743,510.129891
653,20000,4,0.770318,,0.770318,0.770213,0.770278,494.0375,493.6187,493.882544,509.983503,510.212743,510.135609
654,20000,4,0.770904,,0.770904,0.770213,0.77029,494.4168,493.6187,493.911465,509.983503,510.212743,510.145615
655,20000,4,0.770904,,0.770904,0.770213,0.770295,494.4168,493.6187,493.932405,509.983503,510.212743,510.155787
656,20000,4,0.772866,,0.772866,0.770213,0.770338,496.2123,493.6187,493.982679,509.678079,510.212743,510.155953
657,20000,4,0.772866,,0.772866,0.770213,0.770372,496.2123,493.6187,494.020784,509.678079,510.212743,510.154462
658,20000,4,0.772866,,0.772866,0.770213,0.77044,496.2123,493.6187,494.08443,509.678079,510.212743,510.144132
659,20000,4,0.772866,,0.772866,0.770213,0.770578,496.2123,493.6187,494.201151,509.678079,510.212743,510.11504
660,20000,4,0.772866,,0.772866,0.770213,0.770724,496.2123,493.6187,494.338417,509.678079,510.212743,510.093085
661,20000,4,0.772866,,0.772866,0.770213,0.770949,496.2123,493.6187,494.544325,509.678079,510.212743,510.055491
662,20000,4,0.772866,,0.772866,0.770246,0.771123,496.2123,493.6187,494.686587,509.678079,510.212743,510.0147
663,20000,4,0.772866,,0.772866,0.770246,0.771277,496.2123,493.6187,494.820141,509.678079,510.212743,509.984816
664,20000,4,0.772866,,0.772866,0.770246,0.771511,496.2123,493.6187,495.028042,509.678079,510.212743,509.941085
665,20000,4,0.772866,,0.772866,0.770312,0.771734,496.2123,494.0375,495.217705,509.678079,510.212743,509.894376
666,20000,4,0.772899,,0.772899,0.770312,0.772002,496.2123,494.0375,495.45314,509.65238,510.212743,509.843047
667,20000,4,0.772899,,0.772899,0.770312,0.77225,496.2123,494.0375,495.673403,509.65238,510.212743,509.797087
668,20000,4,0.772899,,0.772899,0.770312,0.772446,496.2123,494.0375,495.843594,509.65238,510.212743,509.758777
669,20000,4,0.772899,,0.772899,0.770318,0.772692,496.2123,494.0375,496.061581,509.65238,510.284098,509.712726
670,20000,4,0.772899,,0.772899,0.770318,0.772804,496.2123,494.0375,496.15812,509.65238,510.284098,509.689767
671,20000,4,0.772899,,0.772899,0.771242,0.772839,496.2123,495.2261,496.192576,509.65238,510.284098,509.685874
672,20000,4,0.772899,,0.772899,0.771242,0.772857,496.2123,495.2261,496.202438,509.65238,510.284098,509.678228
673,20000,4,0.772899,,0.772899,0.772866,0.772876,496.2123,496.2123,496.2123,509.65238,509.678079,509.670369
674,20000,4,0.772899,,0.772899,0.772866,0.772879,496.2123,496.2123,496.2123,509.65238,509.678079,509.668056
675,20000,4,0.772899,,0.772899,0.772866,0.77288,496.2123,496.2123,496.2123,509.65238,509.678079,509.667028
676,20000,4,0.773026,,0.773026,0.772866,0.772883,496.2123,496.2123,496.2123,509.552916,509.678079,509.664492
677,20000,4,0.773026,,0.773026,0.772866,0.772887,496.2123,496.2123,496.2123,509.552916,509.678079,509.661441
678,20000,4,0.773059,,0.773059,0.772866,0.772893,496.2123,496.2123,496.2123,509.527217,509.678079,509.656915
679,20000,4,0.773059,,0.773059,0.772866,0.7729,496.2123,496.2123,496.2123,509.527217,509.678079,509.651618
680,20000,4,0.773059,,0.773059,0.772866,0.772907,496.2123,496.2123,496.2123,509.527217,509.678079,509.645584
681,20000,4,0.773059,,0.773059,0.772866,0.772914,496.2123,496.2123,496.2123,509.527217,509.678079,509.640287
682,20000,4,0.773059,,0.773059,0.772866,0.772926,496.2123,496.2123,496.2123,509.527217,509.678079,509.631235
683,20000,4,0.773059,,0.773059,0.772866,0.772936,496.2123,496.2123,496.2123,509.527217,509.678079,509.623435
684,20000,4,0.773059,,0.773059,0.772866,0.772952,496.2123,496.2123,496.2123,509.527217,509.678079,509.610903
685,20000,4,0.773059,,0.773059,0.772866,0.772964,496.2123,496.2123,496.2123,509.527217,509.678079,509.60137
686,20000,4,0.773059,,0.773059,0.772899,0.772975,496.2123,496.2123,496.2123,509.527217,509.65238,509.592833
687,20000,4,0.773059,,0.773059,0.772899,0.772991,496.2123,496.2123,496.2123,509.527217,509.65238,509.580334
688,20000,4,0.773059,,0.773059,0.772899,0.773001,496.2123,496.2123,496.2123,509.527217,509.65238,509.572825
689,20000,4,0.774303,,0.774303,0.772899,0.773026,497.1473,496.2123,496.22165,509.183789,509.65238,509.559377
690,20000,4,0.774303,,0.774303,0.772899,0.773057,497.1473,496.2123,496.231,509.183789,509.65238,509.541146
691,20000,4,0.774303,,0.774303,0.772899,0.773088,497.1473,496.2123,496.2497,509.183789,509.65238,509.529511
692,20000,4,0.774303,,0.774303,0.772899,0.773105,497.1473,496.2123,496.25905,509.183789,509.65238,509.522562
693,20000,4,0.774303,,0.774303,0.772899,0.773123,497.1473,496.2123,496.2684,509.183789,509.65238,509.515373
694,20000,4,0.774303,,0.774303,0.772899,0.773188,497.1473,496.2123,496.31515,509.183789,509.65238,509.495698
695,20000,4,0.774303,,0.774303,0.772899,0.773264,497.1473,496.2123,496.372376,509.183789,509.65238,509.475086
696,20000,4,0.774303,,0.774303,0.772899,0.773365,497.1473,496.2123,496.449428,509.183789,509.65238,509.447598
697,20000,4,0.774303,,0.774303,0.772899,0.773493,497.1473,496.2123,496.542928,509.183789,509.65238,509.410752
698,20000,4,0.775823,,0.775823,0.772899,0.773633,497.4837,496.2123,496.638666,508.223042,509.65238,509.365557
699,20000,4,0.775823,,0.775823,0.772899,0.773739,497.4837,496.2123,496.710191,508.223042,509.65238,509.330876
700,20000,4,0.775823,,0.775823,0.773059,0.773841,497.4837,496.2123,496.786117,508.223042,509.54906,509.302144
701,20000,4,0.775891,,0.775891,0.773059,0.774006,498.7007,496.2123,496.904028,508.223042,509.527217,509.252569
702,20000,4,0.775891,,0.775891,0.773059,0.774161,498.7007,496.2123,496.996018,508.223042,509.527217,509.192852
703,20000,4,0.775891,,0.775891,0.773059,0.774315,498.7007,496.2123,497.066675,508.223042,509.527217,509.120422
704,20000,4,0.775891,,0.775891,0.773059,0.774444,498.7007,496.2123,497.140181,508.223042,509.527217,509.069217
705,20000,4,0.775891,,0.775891,0.773059,0.774533,498.7007,496.2123,497.170362,508.223042,509.527217,509.019805
706,20000,4,0.775891,,0.775891,0.773059,0.77468,498.7007,496.2123,497.256225,508.223042,509.527217,508.962823
707,20000,4,0.775891,,0.775891,0.773059,0.774773,498.7007,496.2123,497.305976,508.223042,509.527217,508.9232
708,20000,4,0.777412,,0.777412,0.773059,0.774868,499.0371,496.2123,497.367703,508.025193,509.527217,508.890454
709,20000,4,0.777412,,0.777412,0.774303,0.774991,499.0371,497.0786,497.4554,508.025193,509.183789,508.853209
710,20000,4,0.777412,,0.777412,0.774303,0.77509,499.0371,497.0786,497.537783,508.025193,509.183789,508.831165
711,20000,4,0.777412,,0.777412,0.774303,0.77523,499.0371,497.0786,497.630103,508.025193,509.183789,508.783697
712,20000,4,0.777412,,0.777412,0.774303,0.775393,499.0371,497.0786,497.735008,508.025193,509.183789,508.727144
713,20000,4,0.777412,,0.777412,0.774303,0.775573,499.0371,497.0786,497.857551,508.025193,509.183789,508.668769
714,20000,4,0.777412,,0.777412,0.774303,0.7757,499.0371,497.0786,497.943891,508.025193,509.183789,508.627668
715,20000,4,0.777412,,0.777412,0.774303,0.775895,499.5026,497.0786,498.053885,508.025193,509.183789,508.549259
716,20000,4,0.777412,,0.777412,0.774303,0.776007,499.5026,497.0786,498.168008,508.025193,509.183789,508.538453
717,20000,4,0.777412,,0.777412,0.77555,0.776177,499.5026,497.4837,498.251232,507.830444,508.985941,508.461389
718,20000,4,0.777412,,0.777412,0.77555,0.776272,499.5026,497.4837,498.307282,507.830444,508.985941,508.424821
719,20000,4,0.777412,,0.777412,0.77555,0.776428,499.5026,497.4837,498.413942,507.830444,508.985941,508.37452
720,20000,4,0.777412,,0.777412,0.77555,0.776577,499.5026,497.4837,498.478411,507.830444,508.985941,508.301951
721,20000,4,0.778659,,0.778659,0.77555,0.776777,499.9034,497.4837,498.616591,507.632596,508.985941,508.238199
722,20000,4,0.778659,,0.778659,0.77555,0.776895,499.9034,497.4837,498.695681,507.632596,508.985941,508.199595
723,20000,4,0.778659,,0.778659,0.77555,0.777043,499.9034,497.4837,498.827319,507.632596,508.985941,508.172404
724,20000,4,0.778659,,0.778659,0.77555,0.777123,499.9034,497.4837,498.892693,507.632596,508.985941,508.153661
725,20000,4,0.778659,,0.778659,0.77555,0.777257,499.9034,497.4837,498.961895,507.632596,508.985941,508.09511
726,20000,4,0.778659,,0.778659,0.77555,0.777376,499.9034,497.4837,499.035915,507.632596,508.804884,508.0525
727,20000,4,0.778659,,0.778659,0.77555,0.777542,499.9034,497.4837,499.146026,507.632596,508.791192,507.996205
728,20000,4,0.778659,,0.778659,0.77555,0.777717,499.9034,497.4837,499.268923,507.632596,508.791192,507.942315
729,20000,4,0.778659,,0.778659,0.77555,0.777894,499.9034,498.0136,499.38069,507.632596,508.791192,507.879524
730,20000,4,0.778659,,0.778659,0.77555,0.778016,499.9034,498.0136,499.453364,507.632596,508.791192,507.832468
731,20000,4,0.778659,,0.778659,0.775777,0.77815,499.9034,498.35,499.546937,507.632596,508.974541,507.791307
732,20000,4,0.778659,,0.778659,0.777071,0.778282,499.9034,498.35,499.636639,507.632596,508.025193,507.748428
733,20000,4,0.780505,,0.780505,0.777412,0.778391,501.2322,499.0371,499.717439,507.083512,508.025193,507.717402
734,20000,4,0.780505,,0.780505,0.777412,0.778472,501.2322,499.0371,499.774042,507.083512,508.025193,507.692282
735,20000,4,0.780505,,0.780505,0.777412,0.778497,501.2322,499.0371,499.791368,507.083512,508.025193,507.68443
736,20000,4,0.780505,,0.780505,0.777412,0.778559,501.2322,499.0371,499.834683,507.083512,508.025193,507.6648
737,20000,4,0.780505,,0.780505,0.777412,0.778639,501.2322,499.0371,499.891873,507.083512,508.025193,507.640475
738,20000,4,0.780505,,0.780505,0.777412,0.778676,501.2322,499.0371,499.918449,507.083512,508.025193,507.629494
739,20000,4,0.780505,,0.780505,0.777412,0.778781,501.2322,499.0371,499.992965,507.083512,508.025193,507.597317
740,20000,4,0.780505,,0.780505,0.777412,0.778837,501.2322,499.0371,500.032242,507.083512,508.025193,507.580049
741,20000,4,0.780505,,0.780505,0.777412,0.778905,501.2322,499.0371,500.080769,507.083512,508.025193,507.55965
742,20000,4,0.780505,,0.780505,0.777412,0.778979,501.2322,499.0371,500.133921,507.083512,508.025193,507.537687
743,20000,4,0.780505,,0.780505,0.778659,0.778991,501.2322,499.9034,500.142584,507.083512,507.632596,507.533761
744,20000,4,0.780505,,0.780505,0.778659,0.779084,501.2322,499.9034,500.209024,507.083512,507.632596,507.506307
745,20000,4,0.780505,,0.780505,0.778659,0.779139,501.2322,499.9034,500.248888,507.083512,507.632596,507.489834
746,20000,4,0.780505,,0.780505,0.778659,0.779199,501.2322,499.9034,500.288752,507.083512,507.632596,507.469945
747,20000,4,0.780505,,0.780505,0.778659,0.779282,501.2322,499.9034,500.348222,507.083512,507.632596,507.444794
748,20000,4,0.780505,,0.780505,0.778659,0.779383,501.2322,499.9034,500.42098,507.083512,507.632596,507.414939
749,20000,4,0.780505,,0.780505,0.778659,0.779504,501.2322,499.9034,500.507678,507.083512,507.632596,507.378377
750,20000,4,0.780505,,0.780505,0.778659,0.779606,501.2322,499.9034,500.581088,507.083512,507.632596,507.34862
751,20000,4,0.780505,,0.780505,0.778659,0.779701,501.2322,499.9034,500.647528,507.083512,507.632596,507.318537
752,20000,4,0.780505,,0.780505,0.778659,0.779792,501.2322,499.9034,500.713968,507.083512,507.632596,507.292397
753,20000,4,0.780505,,0.780505,0.778659,0.779943,501.2322,499.9034,500.820272,507.083512,507.632596,507.245842
754,20000,4,0.780505,,0.780505,0.778659,0.780072,501.2322,499.9034,500.913288,507.083512,507.632596,507.20737
755,20000,4,0.780505,,0.780505,0.778659,0.780131,501.2322,499.9034,500.953152,507.083512,507.632596,507.188304
756,20000,4,0.780737,,0.780737,0.778659,0.780187,501.3801,499.9034,500.994495,507.001163,507.632596,507.172323
757,20000,4,0.780737,,0.780737,0.778659,0.78023,501.3801,499.9034,501.024029,507.001163,507.632596,507.15838
758,20000,4,0.780737,,0.780737,0.778659,0.780272,501.3801,499.7655,501.052184,507.001163,507.632596,507.14415
759,20000,4,0.780737,,0.780737,0.778659,0.780355,501.3801,499.7655,501.109773,507.001163,507.632596,507.118402
760,20000,4,0.780737,,0.780737,0.778659,0.780402,501.3801,499.7655,501.145223,507.001163,507.632596,507.105108
761,20000,4,0.780737,,0.780737,0.778828,0.780453,501.3801,499.9034,501.183531,507.001163,507.50115,507.091277
762,20000,4,0.781061,,0.781061,0.778828,0.780506,501.4191,499.9034,501.22085,506.775108,507.50115,507.074899
763,20000,4,0.781061,,0.781061,0.778828,0.780556,501.4191,499.9034,501.257779,506.775108,507.50115,507.060782
764,20000,4,0.781061,,0.781061,0.780505,0.780614,501.4191,501.2322,501.298056,506.775108,507.083512,507.042757
765,20000,4,0.781061,,0.781061,0.780505,0.78063,501.4191,501.2322,501.308409,506.775108,507.083512,507.036993
766,20000,4,0.781061,,0.781061,0.780505,0.780637,501.4191,501.2322,501.312846,506.775108,507.083512,507.034522
767,20000,4,0.781061,,0.781061,0.780505,0.780649,501.4191,501.2322,501.319152,506.775108,507.083512,507.028968
768,20000,4,0.781061,,0.781061,0.780505,0.78067,501.4191,501.2322,501.328806,506.775108,507.083512,507.019096
769,20000,4,0.781061,,0.781061,0.780505,0.780681,501.4191,501.2322,501.334722,506.775108,507.083512,507.014982
770,20000,4,0.781061,,0.781061,0.780505,0.780696,501.4191,501.2322,501.342507,506.775108,507.083512,507.008195
771,20000,4,0.781293,,0.781293,0.780505,0.780721,501.567,501.2322,501.355119,506.692758,507.083512,506.997495
772,20000,4,0.781293,,0.781293,0.780505,0.780745,501.567,501.2322,501.366289,506.692758,507.083512,506.986176
773,20000,4,0.781666,,0.781666,0.780505,0.780782,501.7428,501.2322,501.381761,506.519642,507.083512,506.967489
774,20000,4,0.781666,,0.781666,0.780505,0.780817,501.7428,501.2322,501.397684,506.519642,507.083512,506.950528
775,20000,4,0.781666,,0.781666,0.780505,0.780856,501.7428,501.2322,501.41242,506.519642,507.083512,506.929998
776,20000,4,0.781666,,0.781666,0.780505,0.780895,501.7428,501.2322,501.424904,506.519642,507.083512,506.908661
777,20000,4,0.781666,,0.781666,0.780602,0.780952,501.7428,501.335,501.446369,506.519642,507.082848,506.878022
778,20000,4,0.781666,,0.781666,0.780602,0.781008,501.7428,501.335,501.464214,506.519642,507.082848,506.846868
779,20000,4,0.781666,,0.781666,0.780737,0.781082,501.7428,501.335,501.490365,506.519642,507.001163,506.805985
780,20000,4,0.781666,,0.781666,0.780737,0.781138,501.7428,501.335,501.505049,506.519642,507.001163,506.772107
781,20000,4,0.781954,,0.781954,0.780737,0.781199,501.7428,501.335,501.526471,506.26512,507.001163,506.739317
782,20000,4,0.781954,,0.781954,0.780737,0.781266,501.7428,501.335,501.551971,506.26512,507.001163,506.704258
783,20000,4,0.781954,,0.781954,0.780737,0.781333,501.7428,501.335,501.576236,506.26512,507.001163,506.668167
784,20000,4,0.781954,,0.781954,0.780737,0.781399,501.7428,501.335,501.603834,506.26512,507.001163,506.635274
785,20000,4,0.781954,,0.781954,0.780737,0.78147,501.7428,501.335,501.62555,506.26512,507.001163,506.594471
786,20000,4,0.781954,,0.781954,0.780737,0.78151,501.7428,501.335,501.636836,506.26512,507.001163,506.570659
787,20000,4,0.782025,,0.782025,0.781025,0.781564,501.7428,501.335,501.650736,506.209359,506.746641,506.537736
788,20000,4,0.782025,,0.782025,0.781025,0.781627,501.7428,501.335,501.670021,506.209359,506.746641,506.501802
789,20000,4,0.782025,,0.782025,0.781025,0.781667,501.7428,501.335,501.671687,506.209359,506.746641,506.471596
790,20000,4,0.783798,,0.783798,0.781025,0.781716,503.6561,501.335,501.69661,506.139122,506.746641,506.450205
791,20000,4,0.783798,,0.783798,0.781293,0.781769,503.6561,501.567,501.70819,506.139122,506.692758,506.416148
792,20000,4,0.783798,,0.783798,0.781293,0.781835,503.6561,501.567,501.750377,506.139122,506.692758,506.392921
793,20000,4,0.784085,,0.784085,0.781293,0.781905,503.6561,501.5219,501.794322,505.884601,506.692758,506.367962
794,20000,4,0.784085,,0.784085,0.781293,0.781989,503.6561,501.5219,501.858302,505.884601,506.692758,506.345403
795,20000,4,0.784085,,0.784085,0.781293,0.782076,503.6561,501.567,501.917413,505.884601,506.692758,506.316759
796,20000,4,0.784085,,0.784085,0.781293,0.782159,503.6561,501.567,501.976975,505.884601,506.692758,506.292651
797,20000,4,0.784157,,0.784157,0.781293,0.782309,503.6561,501.567,502.093485,505.82884,506.692758,506.253706
798,20000,4,0.784157,,0.784157,0.781666,0.782364,503.6561,501.6977,502.132607,505.82884,506.519642,506.236324
799,20000,4,0.784157,,0.784157,0.781666,0.782489,503.6561,501.6977,502.226017,505.82884,506.519642,506.201862
800,20000,4,0.784188,,0.784188,0.781666,0.782612,503.611,501.6977,502.319427,505.804853,506.519642,506.168593
801,20000,4,0.784188,,0.784188,0.781666,0.782757,503.6561,501.6977,502.43197,505.804853,506.519642,506.130961
802,20000,4,0.784188,,0.784188,0.781666,0.782882,503.611,501.6977,502.52538,505.804853,506.519642,506.095857
803,20000,4,0.784188,,0.784188,0.781666,0.783019,503.611,501.6977,502.640402,505.804853,506.519642,506.066016
804,20000,4,0.784188,,0.784188,0.781666,0.783197,503.6561,501.6977,502.794141,505.804853,506.519642,506.030072
805,20000,4,0.784188,,0.784188,0.781666,0.783278,503.6561,501.6977,502.84861,505.804853,506.519642,506.003302
806,20000,4,0.784188,,0.784188,0.781954,0.783481,503.6561,501.6977,503.019905,505.804853,506.26512,505.960217
807,20000,4,0.784188,,0.784188,0.781954,0.783681,503.611,501.6977,503.190074,505.804853,506.26512,505.918255
808,20000,4,0.784188,,0.784188,0.781954,0.783792,503.611,501.6977,503.285739,505.804853,506.26512,505.895481
809,20000,4,0.784188,,0.784188,0.782025,0.783881,503.611,501.6977,503.359826,505.804853,506.209359,505.875962
810,20000,4,0.784188,,0.784188,0.782025,0.783946,503.611,501.6977,503.41478,505.804853,506.209359,505.861604
811,20000,4,0.784188,,0.784188,0.782025,0.783994,503.611,501.6977,503.453046,505.804853,506.209359,505.850486
812,20000,4,0.784188,,0.784188,0.782025,0.783997,503.611,501.6977,503.455491,505.804853,506.209359,505.849279
813,20000,4,0.784188,,0.784188,0.782025,0.784002,503.611,501.6977,503.457936,505.804853,506.209359,505.846958
814,20000,4,0.784188,,0.784188,0.782056,0.784005,503.611,501.6977,503.457936,505.804853,506.185372,505.844961
815,20000,4,0.784188,,0.784188,0.782056,0.784006,503.611,501.6977,503.457936,505.804853,506.185372,505.843761
816,20000,4,0.784188,,0.784188,0.782056,0.784008,503.611,501.6977,503.457936,505.804853,506.185372,505.842244
817,20000,4,0.784188,,0.784188,0.782056,0.784053,503.611,501.6977,503.496202,505.804853,506.185372,505.833039
818,20000,4,0.784188,,0.784188,0.782056,0.784076,503.611,501.6977,503.515335,505.804853,506.185372,505.828274
819,20000,4,0.784188,,0.784188,0.782056,0.784077,503.611,501.6977,503.515335,505.804853,506.185372,505.827075
820,20000,4,0.784188,,0.784188,0.782056,0.7841,503.611,501.6977,503.534468,505.804853,506.185372,505.821753
821,20000,4,0.784188,,0.784188,0.782056,0.784144,503.611,501.6977,503.572734,505.804853,506.185372,505.813183
822,20000,4,0.784188,,0.784188,0.784157,0.784187,503.611,503.611,503.611,505.804853,505.82884,505.805093
823,20000,4,0.784188,,0.784188,0.784188,0.784188,503.611,503.611,503.611,505.804853,505.804853,505.804853
824,20000,4,0.784188,,0.784188,0.784188,0.784188,503.611,503.611,503.611,505.804853,505.804853,505.804853
825,20000,4,0.784188,,0.784188,0.784188,0.784188,503.611,503.611,503.611,505.804853,505.804853,505.804853
826,20000,4,0.784188,,0.784188,0.784188,0.784188,503.611,503.611,503.611,505.804853,505.804853,505.804853
827,20000,4,0.784188,,0.784188,0.784188,0.784188,503.611,503.611,503.611,505.804853,505.804853,505.804853
828,20000,4,0.784188,,0.784188,0.784188,0.784188,503.611,503.611,503.611,505.804853,505.804853,505.804853
829,20000,4,0.784188,,0.784188,0.784188,0.784188,503.611,503.611,503.611,505.804853,505.804853,505.804853
830,20000,4,0.784188,,0.784188,0.784188,0.784188,503.611,503.611,503.611,505.804853,505.804853,505.804853
831,20000,4,0.784188,,0.784188,0.784188,0.784188,503.611,503.611,503.611,505.804853,505.804853,505.804853
832,20000,4,0.784188,,0.784188,0.784188,0.784188,503.611,503.611,503.611,505.804853,505.804853,505.804853
833,20000,4,0.784188,,0.784188,0.784188,0.784188,503.611,503.611,503.611,505.804853,505.804853,505.804853
834,20000,4,0.784188,,0.784188,0.784188,0.784188,503.611,503.611,503.611,505.804853,505.804853,505.804853
835,20000,4,0.784188,,0.784188,0.784188,0.784188,503.611,503.611,503.611,505.804853,505.804853,505.804853
836,20000,4,0.784188,,0.784188,0.784188,0.784188,503.611,503.611,503.611,505.804853,505.804853,505.804853
837,20000,4,0.784188,,0.784188,0.784188,0.784188,503.611,503.611,503.611,505.804853,505.804853,505.804853
838,20000,4,0.784188,,0.784188,0.784188,0.784188,503.611,503.611,503.611,505.804853,505.804853,505.804853
839,20000,4,0.784188,,0.784188,0.784188,0.784188,503.611,503.611,503.611,505.804853,505.804853,505.804853
840,20000,4,0.784188,,0.784188,0.784188,0.784188,503.611,503.611,503.611,505.804853,505.804853,505.804853
841,20000,4,0.784188,,0.784188,0.784188,0.784188,503.611,503.611,503.611,505.804853,505.804853,505.804853
842,20000,4,0.784188,,0.784188,0.784188,0.784188,503.611,503.611,503.611,505.804853,505.804853,505.804853
843,20000,4,0.784188,,0.784188,0.784188,0.784188,503.611,503.611,503.611,505.804853,505.804853,505.804853
844,20000,4,0.784188,,0.784188,0.784188,0.784188,503.611,503.611,503.611,505.804853,505.804853,505.804853
845,20000,4,0.784188,,0.784188,0.784188,0.784188,503.611,503.611,503.611,505.804853,505.804853,505.804853
846,20000,4,0.784188,,0.784188,0.784188,0.784188,503.611,503.611,503.611,505.804853,505.804853,505.804853
847,20000,4,0.784188,,0.784188,0.784188,0.784188,503.611,503.611,503.611,505.804853,505.804853,505.804853
848,20000,4,0.784188,,0.784188,0.784188,0.784188,503.611,503.611,503.611,505.804853,505.804853,505.804853
849,20000,4,0.784188,,0.784188,0.784188,0.784188,503.611,503.611,503.611,505.804853,505.804853,505.804853
850,20000,4,0.784188,,0.784188,0.784188,0.784188,503.611,503.611,503.611,505.804853,505.804853,505.804853
851,20000,4,0.784188,,0.784188,0.784188,0.784188,503.611,503.611,503.611,505.804853,505.804853,505.804853
852,20000,4,0.784188,,0.784188,0.784188,0.784188,503.611,503.611,503.611,505.804853,505.804853,505.804853
853,20000,4,0.784188,,0.784188,0.784188,0.784188,503.611,503.611,503.611,505.804853,505.804853,505.804853
854,20000,4,0.784188,,0.784188,0.784188,0.784188,503.611,503.611,503.611,505.804853,505.804853,505.804853
855,20000,4,0.784188,,0.784188,0.784188,0.784188,503.611,503.611,503.611,505.804853,505.804853,505.804853
856,20000,4,0.784188,,0.784188,0.784188,0.784188,503.611,503.611,503.611,505.804853,505.804853,505.804853
857,20000,4,0.784188,,0.784188,0.784188,0.784188,503.611,503.611,503.611,505.804853,505.804853,505.804853
858,20000,4,0.784188,,0.784188,0.784188,0.784188,503.611,503.611,503.611,505.804853,505.804853,505.804853
859,20000,4,0.784188,,0.784188,0.784188,0.784188,503.611,503.611,503.611,505.804853,505.804853,505.804853
860,20000,4,0.784188,,0.784188,0.784188,0.784188,503.611,503.611,503.611,505.804853,505.804853,505.804853
861,20000,4,0.784188,,0.784188,0.784188,0.784188,503.611,503.611,503.611,505.804853,505.804853,505.804853
862,20000,4,0.784188,,0.784188,0.784188,0.784188,503.611,503.611,503.611,505.804853,505.804853,505.804853
863,20000,4,0.784188,,0.784188,0.784188,0.784188,503.611,503.611,503.611,505.804853,505.804853,505.804853
864,20000,4,0.784188,,0.784188,0.784188,0.784188,503.611,503.611,503.611,505.804853,505.804853,505.804853
865,20000,4,0.784188,,0.784188,0.784188,0.784188,503.611,503.611,503.611,505.804853,505.804853,505.804853
866,20000,4,0.784188,,0.784188,0.784188,0.784188,503.611,503.611,503.611,505.804853,505.804853,505.804853
867,20000,4,0.784188,,0.784188,0.784188,0.784188,503.611,503.611,503.611,505.804853,505.804853,505.804853
868,20000,4,0.784188,,0.784188,0.784188,0.784188,503.611,503.611,503.611,505.804853,505.804853,505.804853
869,20000,4,0.784188,,0.784188,0.784188,0.784188,503.611,503.611,503.611,505.804853,505.804853,505.804853
870,20000,4,0.784188,,0.784188,0.784188,0.784188,503.611,503.611,503.611,505.804853,505.804853,505.804853
871,20000,4,0.784188,,0.784188,0.784188,0.784188,503.611,503.611,503.611,505.804853,505.804853,505.804853
872,20000,4,0.784188,,0.784188,0.784188,0.784188,503.611,503.611,503.611,505.804853,505.804853,505.804853
873,20000,4,0.784188,,0.784188,0.784188,0.784188,503.611,503.611,503.611,505.804853,505.804853,505.804853
874,20000,4,0.784188,,0.784188,0.784188,0.784188,503.611,503.611,503.611,505.804853,505.804853,505.804853
875,20000,4,0.784188,,0.784188,0.784188,0.784188,503.611,503.611,503.611,505.804853,505.804853,505.804853
876,20000,4,0.784188,,0.784188,0.784188,0.784188,503.611,503.611,503.611,505.804853,505.804853,505.804853
877,20000,4,0.784188,,0.784188,0.784188,0.784188,503.611,503.611,503.611,505.804853,505.804853,505.804853
878,20000,4,0.784188,,0.784188,0.784188,0.784188,503.611,503.611,503.611,505.804853,505.804853,505.804853
879,20000,4,0.784188,,0.784188,0.784188,0.784188,503.611,503.611,503.611,505.804853,505.804853,505.804853
880,20000,4,0.784188,,0.784188,0.784188,0.784188,503.611,503.611,503.611,505.804853,505.804853,505.804853
881,20000,4,0.784188,,0.784188,0.784188,0.784188,503.611,503.611,503.611,505.804853,505.804853,505.804853
882,20000,4,0.784188,,0.784188,0.784188,0.784188,503.611,503.611,503.611,505.804853,505.804853,505.804853
883,20000,4,0.784188,,0.784188,0.784188,0.784188,503.611,503.611,503.611,505.804853,505.804853,505.804853
884,20000,4,0.784188,,0.784188,0.784188,0.784188,503.611,503.611,503.611,505.804853,505.804853,505.804853
885,20000,4,0.784188,,0.784188,0.784188,0.784188,503.611,503.611,503.611,505.804853,505.804853,505.804853
886,20000,4,0.784188,,0.784188,0.784188,0.784188,503.611,503.611,503.611,505.804853,505.804853,505.804853
887,20000,4,0.784188,,0.784188,0.784188,0.784188,503.611,503.611,503.611,505.804853,505.804853,505.804853
888,20000,4,0.784188,,0.784188,0.784188,0.784188,503.611,503.611,503.611,505.804853,505.804853,505.804853
889,20000,4,0.784188,,0.784188,0.784188,0.784188,503.611,503.611,503.611,505.804853,505.804853,505.804853
890,20000,4,0.784188,,0.784188,0.784188,0.784188,503.611,503.611,503.611,505.804853,505.804853,505.804853
891,20000,4,0.784188,,0.784188,0.784188,0.784188,503.611,503.611,503.611,505.804853,505.804853,505.804853
892,20000,4,0.784188,,0.784188,0.784188,0.784188,503.611,503.611,503.611,505.804853,505.804853,505.804853
893,20000,4,0.784188,,0.784188,0.784188,0.784188,503.611,503.611,503.611,505.804853,505.804853,505.804853
894,20000,4,0.784188,,0.784188,0.784188,0.784188,503.611,503.611,503.611,505.804853,505.804853,505.804853
895,20000,4,0.784188,,0.784188,0.784188,0.784188,503.611,503.611,503.611,505.804853,505.804853,505.804853
896,20000,4,0.784188,,0.784188,0.784188,0.784188,503.611,503.611,503.611,505.804853,505.804853,505.804853
897,20000,4,0.784188,,0.784188,0.784188,0.784188,503.611,503.611,503.611,505.804853,505.804853,505.804853
898,20000,4,0.784188,,0.784188,0.784188,0.784188,503.611,503.611,503.611,505.804853,505.804853,505.804853
899,20000,4,0.784285,,0.784285,0.784188,0.784189,503.7236,503.611,503.612126,505.804188,505.804853,505.804846
900,20000,4,0.784285,,0.784285,0.784188,0.78419,503.7236,503.611,503.613252,505.804188,505.804853,505.804839
901,20000,4,0.784285,,0.784285,0.784188,0.78419,503.7236,503.611,503.613252,505.804188,505.804853,505.804839
902,20000,4,0.784285,,0.784285,0.784188,0.784191,503.7236,503.611,503.614378,505.804188,505.804853,505.804833
903,20000,4,0.784285,,0.784285,0.784188,0.784191,503.7236,503.611,503.614378,505.804188,505.804853,505.804833
904,20000,4,0.784285,,0.784285,0.784188,0.784193,503.7236,503.611,503.61663,505.804188,505.804853,505.80482
905,20000,4,0.784285,,0.784285,0.784188,0.784195,503.7236,503.611,503.618882,505.804188,505.804853,505.804806
906,20000,4,0.784285,,0.784285,0.784188,0.784196,503.7236,503.611,503.620008,505.804188,505.804853,505.8048
907,20000,4,0.784285,,0.784285,0.784188,0.784197,503.7236,503.611,503.62226,505.804188,505.804853,505.804786
908,20000,4,0.784285,,0.784285,0.784188,0.784199,503.7236,503.611,503.624512,505.804188,505.804853,505.804773
909,20000,4,0.784285,,0.784285,0.784188,0.784201,503.7236,503.611,503.626764,505.804188,505.804853,505.80476
910,20000,4,0.784285,,0.784285,0.784188,0.784203,503.7236,503.611,503.629016,505.804188,505.804853,505.804746
911,20000,4,0.784285,,0.784285,0.784188,0.784206,503.7236,503.611,503.632394,505.804188,505.804853,505.804727
912,20000,4,0.784285,,0.784285,0.784188,0.78421,503.7236,503.611,503.636898,505.804188,505.804853,505.8047
913,20000,4,0.784285,,0.784285,0.784188,0.784212,503.7236,503.611,503.63915,505.804188,505.804853,505.804687
914,20000,4,0.784285,,0.784285,0.784188,0.784215,503.7236,503.611,503.642528,505.804188,505.804853,505.804667
915,20000,4,0.784285,,0.784285,0.784188,0.784216,503.7236,503.611,503.643654,505.804188,505.804853,505.80466
916,20000,4,0.784285,,0.784285,0.784188,0.784217,503.7236,503.611,503.64478,505.804188,505.804853,505.804653
917,20000,4,0.784285,,0.784285,0.784188,0.784221,503.7236,503.611,503.649284,505.804188,505.804853,505.804627
918,20000,4,0.784285,,0.784285,0.784188,0.784225,503.7236,503.611,503.653788,505.804188,505.804853,505.8046
919,20000,4,0.784285,,0.784285,0.784188,0.784229,503.7236,503.611,503.658292,505.804188,505.804853,505.804574
920,20000,4,0.784285,,0.784285,0.784188,0.78423,503.7236,503.611,503.659418,505.804188,505.804853,505.804567
921,20000,4,0.784285,,0.784285,0.784188,0.784233,503.7236,503.611,503.662796,505.804188,505.804853,505.804547
922,20000,4,0.784285,,0.784285,0.784188,0.78424,503.7236,503.611,503.671804,505.804188,505.804853,505.804494
923,20000,4,0.784285,,0.784285,0.784188,0.784247,503.7236,503.611,503.679686,505.804188,505.804853,505.804448
924,20000,4,0.784285,,0.784285,0.784188,0.784252,503.7236,503.611,503.685316,505.804188,505.804853,505.804414
925,20000,4,0.784285,,0.784285,0.784188,0.784257,503.7236,503.611,503.690946,505.804188,505.804853,505.804381
926,20000,4,0.784285,,0.784285,0.784188,0.784262,503.7236,503.611,503.696576,505.804188,505.804853,505.804348
927,20000,4,0.784285,,0.784285,0.784188,0.784266,503.7236,503.611,503.70108,505.804188,505.804853,505.804321
928,20000,4,0.784285,,0.784285,0.784188,0.78427,503.7236,503.611,503.705584,505.804188,505.804853,505.804295
929,20000,4,0.784285,,0.784285,0.784188,0.784274,503.7236,503.611,503.710088,505.804188,505.804853,505.804268
930,20000,4,0.784285,,0.784285,0.784188,0.784278,503.7236,503.611,503.715718,505.804188,505.804853,505.804235
931,20000,4,0.784285,,0.784285,0.784188,0.784278,503.7236,503.611,503.715718,505.804188,505.804853,505.804235
932,20000,4,0.784285,,0.784285,0.784188,0.784279,503.7236,503.611,503.716844,505.804188,505.804853,505.804228
933,20000,4,0.784285,,0.784285,0.784188,0.784282,503.7236,503.611,503.720222,505.804188,505.804853,505.804208
934,20000,4,0.784285,,0.784285,0.784188,0.784284,503.7236,503.611,503.722474,505.804188,505.804853,505.804195
935,20000,4,0.784285,,0.784285,0.784285,0.784285,503.7236,503.7236,503.7236,505.804188,505.804188,505.804188
936,20000,4,0.784285,,0.784285,0.784285,0.784285,503.7236,503.7236,503.7236,505.804188,505.804188,505.804188
937,20000,4,0.784285,,0.784285,0.784285,0.784285,503.7236,503.7236,503.7236,505.804188,505.804188,505.804188
938,20000,4,0.784285,,0.784285,0.784285,0.784285,503.7236,503.7236,503.7236,505.804188,505.804188,505.804188
939,20000,4,0.784285,,0.784285,0.784285,0.784285,503.7236,503.7236,503.7236,505.804188,505.804188,505.804188
940,20000,4,0.784285,,0.784285,0.784285,0.784285,503.7236,503.7236,503.7236,505.804188,505.804188,505.804188
941,20000,4,0.784285,,0.784285,0.784285,0.784285,503.7236,503.7236,503.7236,505.804188,505.804188,505.804188
942,20000,4,0.784285,,0.784285,0.784285,0.784285,503.7236,503.7236,503.7236,505.804188,505.804188,505.804188
943,20000,4,0.784285,,0.784285,0.784285,0.784285,503.7236,503.7236,503.7236,505.804188,505.804188,505.804188
944,20000,4,0.784285,,0.784285,0.784285,0.784285,503.7236,503.7236,503.7236,505.804188,505.804188,505.804188
945,20000,4,0.784285,,0.784285,0.784285,0.784285,503.7236,503.7236,503.7236,505.804188,505.804188,505.804188
946,20000,4,0.784285,,0.784285,0.784285,0.784285,503.7236,503.7236,503.7236,505.804188,505.804188,505.804188
947,20000,4,0.784285,,0.784285,0.784285,0.784285,503.7236,503.7236,503.7236,505.804188,505.804188,505.804188
948,20000,4,0.784285,,0.784285,0.784285,0.784285,503.7236,503.7236,503.7236,505.804188,505.804188,505.804188
949,20000,4,0.784285,,0.784285,0.784285,0.784285,503.7236,503.7236,503.7236,505.804188,505.804188,505.804188
950,20000,4,0.784285,,0.784285,0.784285,0.784285,503.7236,503.7236,503.7236,505.804188,505.804188,505.804188
951,20000,4,0.784285,,0.784285,0.784285,0.784285,503.7236,503.7236,503.7236,505.804188,505.804188,505.804188
952,20000,4,0.784285,,0.784285,0.784285,0.784285,503.7236,503.7236,503.7236,505.804188,505.804188,505.804188
953,20000,4,0.784285,,0.784285,0.784285,0.784285,503.7236,503.7236,503.7236,505.804188,505.804188,505.804188
954,20000,4,0.784285,,0.784285,0.784285,0.784285,503.7236,503.7236,503.7236,505.804188,505.804188,505.804188
955,20000,4,0.784285,,0.784285,0.784285,0.784285,503.7236,503.7236,503.7236,505.804188,505.804188,505.804188
956,20000,4,0.784285,,0.784285,0.784285,0.784285,503.7236,503.7236,503.7236,505.804188,505.804188,505.804188
957,20000,4,0.784285,,0.784285,0.784285,0.784285,503.7236,503.7236,503.7236,505.804188,505.804188,505.804188
958,20000,4,0.784285,,0.784285,0.784285,0.784285,503.7236,503.7236,503.7236,505.804188,505.804188,505.804188
959,20000,4,0.784285,,0.784285,0.784285,0.784285,503.7236,503.7236,503.7236,505.804188,505.804188,505.804188
960,20000,4,0.784285,,0.784285,0.784285,0.784285,503.7236,503.7236,503.7236,505.804188,505.804188,505.804188
961,20000,4,0.784285,,0.784285,0.784285,0.784285,503.7236,503.7236,503.7236,505.804188,505.804188,505.804188
962,20000,4,0.784285,,0.784285,0.784285,0.784285,503.7236,503.7236,503.7236,505.804188,505.804188,505.804188
963,20000,4,0.784285,,0.784285,0.784285,0.784285,503.7236,503.7236,503.7236,505.804188,505.804188,505.804188
964,20000,4,0.784285,,0.784285,0.784285,0.784285,503.7236,503.7236,503.7236,505.804188,505.804188,505.804188
965,20000,4,0.784285,,0.784285,0.784285,0.784285,503.7236,503.7236,503.7236,505.804188,505.804188,505.804188
966,20000,4,0.784285,,0.784285,0.784285,0.784285,503.7236,503.7236,503.7236,505.804188,505.804188,505.804188
967,20000,4,0.784285,,0.784285,0.784285,0.784285,503.7236,503.7236,503.7236,505.804188,505.804188,505.804188
968,20000,4,0.784285,,0.784285,0.784285,0.784285,503.7236,503.7236,503.7236,505.804188,505.804188,505.804188
969,20000,4,0.784285,,0.784285,0.784285,0.784285,503.7236,503.7236,503.7236,505.804188,505.804188,505.804188
970,20000,4,0.784285,,0.784285,0.784285,0.784285,503.7236,503.7236,503.7236,505.804188,505.804188,505.804188
971,20000,4,0.784475,,0.784475,0.784285,0.784287,503.7236,503.1745,503.718109,505.288219,505.804188,505.799029
972,20000,4,0.784475,,0.784475,0.784285,0.784287,503.7236,503.1745,503.718109,505.288219,505.804188,505.799029
973,20000,4,0.784475,,0.784475,0.784285,0.784291,503.7236,503.1745,503.707127,505.288219,505.804188,505.788709
974,20000,4,0.784475,,0.784475,0.784285,0.784291,503.7236,503.1745,503.707127,505.288219,505.804188,505.788709
975,20000,4,0.784475,,0.784475,0.784285,0.784293,503.7236,503.1745,503.701636,505.288219,505.804188,505.78355
976,20000,4,0.784475,,0.784475,0.784285,0.784295,503.7236,503.1745,503.696145,505.288219,505.804188,505.77839
977,20000,4,0.784475,,0.784475,0.784285,0.784301,503.7236,503.1745,503.679672,505.288219,505.804188,505.762911
978,20000,4,0.784475,,0.784475,0.784285,0.784308,503.7236,503.1745,503.657708,505.288219,505.804188,505.742272
979,20000,4,0.784475,,0.784475,0.784285,0.784316,503.7236,503.1745,503.635744,505.288219,505.804188,505.721633
980,20000,4,0.784475,,0.784475,0.784285,0.784325,503.7236,503.1745,503.608289,505.288219,505.804188,505.695835
981,20000,4,0.784475,,0.784475,0.784285,0.784337,503.7236,503.1745,503.575343,505.288219,505.804188,505.664877
982,20000,4,0.784475,,0.784475,0.784285,0.78434,503.7236,503.1745,503.564361,505.288219,505.804188,505.654557
983,20000,4,0.784475,,0.784475,0.784285,0.784346,503.7236,503.1745,503.547888,505.288219,505.804188,505.639078
984,20000,4,0.784475,,0.784475,0.784285,0.784357,503.7236,503.1745,503.514942,505.288219,505.804188,505.60812
985,20000,4,0.784475,,0.784475,0.784285,0.784367,503.7236,503.1745,503.487487,505.288219,505.804188,505.582322
986,20000,4,0.784475,,0.784475,0.784285,0.784371,503.7236,503.1745,503.476505,505.288219,505.804188,505.572002
987,20000,4,0.784475,,0.784475,0.784285,0.784376,503.7236,503.1745,503.460032,505.288219,505.804188,505.556523
988,20000,4,0.784475,,0.784475,0.784285,0.78438,503.7236,503.1745,503.44905,505.288219,505.804188,505.546204
989,20000,4,0.784475,,0.784475,0.784285,0.784386,503.7236,503.1745,503.432577,505.288219,505.804188,505.530725
990,20000,4,0.784475,,0.784475,0.784285,0.784395,503.7236,503.1745,503.405122,505.288219,505.804188,505.504926
991,20000,4,0.784475,,0.784475,0.784285,0.784405,503.7236,503.1745,503.377667,505.288219,505.804188,505.479128
992,20000,4,0.784475,,0.784475,0.784285,0.784411,503.7236,503.1745,503.361194,505.288219,505.804188,505.463649
993,20000,4,0.784475,,0.784475,0.784285,0.78442,503.7236,503.1745,503.333739,505.288219,505.804188,505.43785
994,20000,4,0.784475,,0.784475,0.784285,0.784424,503.7236,503.1745,503.322757,505.288219,505.804188,505.427531
995,20000,4,0.784475,,0.784475,0.784285,0.784433,503.7236,503.1745,503.295302,505.288219,505.804188,505.401732
996,20000,4,0.784475,,0.784475,0.784285,0.784439,503.7236,503.1745,503.278829,505.288219,505.804188,505.386253
997,20000,4,0.784475,,0.784475,0.784285,0.784452,503.7236,503.1745,503.240392,505.288219,505.804188,505.350135
998,20000,4,0.784475,,0.784475,0.784285,0.784467,503.7236,503.1745,503.196464,505.288219,505.804188,505.308858
999,20000,4,0.784475,,0.784475,0.784285,0.784469,503.7236,503.1745,503.190973,505.288219,505.804188,505.303698
1000,20000,4,0.784475,,0.784475,0.784285,0.784473,503.7236,503.1745,503.179991,505.288219,505.804188,505.293379
1001,20000,4,0.784475,,0.784475,0.784475,0.784475,503.1745,503.1745,503.1745,505.288219,505.288219,505.288219
1002,20000,4,0.784475,,0.784475,0.784475,0.784475,503.1745,503.1745,503.1745,505.288219,505.288219,505.288219
1003,20000,4,0.784475,,0.784475,0.784475,0.784475,503.1745,503.1745,503.1745,505.288219,505.288219,505.288219
1004,20000,4,0.784475,,0.784475,0.784475,0.784475,503.1745,503.1745,503.1745,505.288219,505.288219,505.288219
1005,20000,4,0.784475,,0.784475,0.784475,0.784475,503.1745,503.1745,503.1745,505.288219,505.288219,505.288219
1006,20000,4,0.784475,,0.784475,0.784475,0.784475,503.1745,503.1745,503.1745,505.288219,505.288219,505.288219
1007,20000,4,0.784475,,0.784475,0.784475,0.784475,503.1745,503.1745,503.1745,505.288219,505.288219,505.288219
1008,20000,4,0.784475,,0.784475,0.784475,0.784475,503.1745,503.1745,503.1745,505.288219,505.288219,505.288219
1009,20000,4,0.784475,,0.784475,0.784475,0.784475,503.1745,503.1745,503.1745,505.288219,505.288219,505.288219
1010,20000,4,0.784475,,0.784475,0.784475,0.784475,503.1745,503.1745,503.1745,505.288219,505.288219,505.288219
1011,20000,4,0.784475,,0.784475,0.784475,0.784475,503.1745,503.1745,503.1745,505.288219,505.288219,505.288219
1012,20000,4,0.784475,,0.784475,0.784475,0.784475,503.1745,503.1745,503.1745,505.288219,505.288219,505.288219
1013,20000,4,0.784475,,0.784475,0.784475,0.784475,503.1745,503.1745,503.1745,505.288219,505.288219,505.288219
1014,20000,4,0.784475,,0.784475,0.784475,0.784475,503.1745,503.1745,503.1745,505.288219,505.288219,505.288219
1015,20000,4,0.784475,,0.784475,0.784475,0.784475,503.1745,503.1745,503.1745,505.288219,505.288219,505.288219
1016,20000,4,0.784475,,0.784475,0.784475,0.784475,503.1745,503.1745,503.1745,505.288219,505.288219,505.288219
1017,20000,4,0.784475,,0.784475,0.784475,0.784475,503.1745,503.1745,503.1745,505.288219,505.288219,505.288219
1018,20000,4,0.784475,,0.784475,0.784475,0.784475,503.1745,503.1745,503.1745,505.288219,505.288219,505.288219
1019,20000,4,0.784475,,0.784475,0.784475,0.784475,503.1745,503.1745,503.1745,505.288219,505.288219,505.288219
1020,20000,4,0.784475,,0.784475,0.784475,0.784475,503.1745,503.1745,503.1745,505.288219,505.288219,505.288219
1021,20000,4,0.784475,,0.784475,0.784475,0.784475,503.1745,503.1745,503.1745,505.288219,505.288219,505.288219
1022,20000,4,0.784475,,0.784475,0.784475,0.784475,503.1745,503.1745,503.1745,505.288219,505.288219,505.288219
1023,20000,4,0.784475,,0.784475,0.784475,0.784475,503.1745,503.1745,503.1745,505.288219,505.288219,505.288219
1024,20000,4,0.784475,,0.784475,0.784475,0.784475,503.1745,503.1745,503.1745,505.288219,505.288219,505.288219
1025,20000,4,0.784475,,0.784475,0.784475,0.784475,503.1745,503.1745,503.1745,505.288219,505.288219,505.288219
1026,20000,4,0.784475,,0.784475,0.784475,0.784475,503.1745,503.1745,503.1745,505.288219,505.288219,505.288219
1027,20000,4,0.784475,,0.784475,0.784475,0.784475,503.1745,503.1745,503.1745,505.288219,505.288219,505.288219
1028,20000,4,0.784475,,0.784475,0.784475,0.784475,503.1745,503.1745,503.1745,505.288219,505.288219,505.288219
1029,20000,4,0.784475,,0.784475,0.784475,0.784475,503.1745,503.1745,503.1745,505.288219,505.288219,505.288219
1030,20000,4,0.784475,,0.784475,0.784475,0.784475,503.1745,503.1745,503.1745,505.288219,505.288219,505.288219
1031,20000,4,0.784475,,0.784475,0.784475,0.784475,503.1745,503.1745,503.1745,505.288219,505.288219,505.288219
1032,20000,4,0.784475,,0.784475,0.784475,0.784475,503.1745,503.1745,503.1745,505.288219,505.288219,505.288219
1033,20000,4,0.784475,,0.784475,0.784475,0.784475,503.1745,503.1745,503.1745,505.288219,505.288219,505.288219
1034,20000,4,0.784475,,0.784475,0.784475,0.784475,503.1745,503.1745,503.1745,505.288219,505.288219,505.288219
1035,20000,4,0.784475,,0.784475,0.784475,0.784475,503.1745,503.1745,503.1745,505.288219,505.288219,505.288219
1036,20000,4,0.784475,,0.784475,0.784475,0.784475,503.1745,503.1745,503.1745,505.288219,505.288219,505.288219
1037,20000,4,0.784475,,0.784475,0.784475,0.784475,503.1745,503.1745,503.1745,505.288219,505.288219,505.288219
1038,20000,4,0.784475,,0.784475,0.784475,0.784475,503.1745,503.1745,503.1745,505.288219,505.288219,505.288219
1039,20000,4,0.784475,,0.784475,0.784475,0.784475,503.1745,503.1745,503.1745,505.288219,505.288219,505.288219
1040,20000,4,0.784475,,0.784475,0.784475,0.784475,503.1745,503.1745,503.1745,505.288219,505.288219,505.288219
1041,20000,4,0.784475,,0.784475,0.784475,0.784475,503.1745,503.1745,503.1745,505.288219,505.288219,505.288219
1042,20000,4,0.784475,,0.784475,0.784475,0.784475,503.1745,503.1745,503.1745,505.288219,505.288219,505.288219
1043,20000,4,0.784475,,0.784475,0.784475,0.784475,503.1745,503.1745,503.1745,505.288219,505.288219,505.288219
1044,20000,4,0.784475,,0.784475,0.784475,0.784475,503.1745,503.1745,503.1745,505.288219,505.288219,505.288219
1045,20000,4,0.784475,,0.784475,0.784475,0.784475,503.1745,503.1745,503.1745,505.288219,505.288219,505.288219
1046,20000,4,0.784475,,0.784475,0.784475,0.784475,503.1745,503.1745,503.1745,505.288219,505.288219,505.288219
1047,20000,4,0.784475,,0.784475,0.784475,0.784475,503.1745,503.1745,503.1745,505.288219,505.288219,505.288219
1048,20000,4,0.784475,,0.784475,0.784475,0.784475,503.1745,503.1745,503.1745,505.288219,505.288219,505.288219
1049,20000,4,0.784475,,0.784475,0.784475,0.784475,503.1745,503.1745,503.1745,505.288219,505.288219,505.288219
1050,20000,4,0.784475,,0.784475,0.784475,0.784475,503.1745,503.1745,503.1745,505.288219,505.288219,505.288219
1051,20000,4,0.784475,,0.784475,0.784475,0.784475,503.1745,503.1745,503.1745,505.288219,505.288219,505.288219
1052,20000,4,0.784475,,0.784475,0.784475,0.784475,503.1745,503.1745,503.1745,505.288219,505.288219,505.288219
1053,20000,4,0.784475,,0.784475,0.784475,0.784475,503.1745,503.1745,503.1745,505.288219,505.288219,505.288219
1054,20000,4,0.784475,,0.784475,0.784475,0.784475,503.1745,503.1745,503.1745,505.288219,505.288219,505.288219
1055,20000,4,0.784475,,0.784475,0.784475,0.784475,503.1745,503.1745,503.1745,505.288219,505.288219,505.288219
1056,20000,4,0.784475,,0.784475,0.784475,0.784475,503.1745,503.1745,503.1745,505.288219,505.288219,505.288219
1057,20000,4,0.784475,,0.784475,0.784475,0.784475,503.1745,503.1745,503.1745,505.288219,505.288219,505.288219
1058,20000,4,0.784475,,0.784475,0.784475,0.784475,503.1745,503.1745,503.1745,505.288219,505.288219,505.288219
1059,20000,4,0.784475,,0.784475,0.784475,0.784475,503.1745,503.1745,503.1745,505.288219,505.288219,505.288219
1060,20000,4,0.784475,,0.784475,0.784475,0.784475,503.1745,503.1745,503.1745,505.288219,505.288219,505.288219
1061,20000,4,0.784475,,0.784475,0.784475,0.784475,503.1745,503.1745,503.1745,505.288219,505.288219,505.288219
1062,20000,4,0.784475,,0.784475,0.784475,0.784475,503.1745,503.1745,503.1745,505.288219,505.288219,505.288219
1063,20000,4,0.784475,,0.784475,0.784475,0.784475,503.1745,503.1745,503.1745,505.288219,505.288219,505.288219
1064,20000,4,0.784475,,0.784475,0.784475,0.784475,503.1745,503.1745,503.1745,505.288219,505.288219,505.288219
1065,20000,4,0.784475,,0.784475,0.784475,0.784475,503.1745,503.1745,503.1745,505.288219,505.288219,505.288219
1066,20000,4,0.784475,,0.784475,0.784475,0.784475,503.1745,503.1745,503.1745,505.288219,505.288219,505.288219
1067,20000,4,0.784475,,0.784475,0.784475,0.784475,503.1745,503.1745,503.1745,505.288219,505.288219,505.288219
1068,20000,4,0.784475,,0.784475,0.784475,0.784475,503.1745,503.1745,503.1745,505.288219,505.288219,505.288219
1069,20000,4,0.784475,,0.784475,0.784475,0.784475,503.1745,503.1745,503.1745,505.288219,505.288219,505.288219
1070,20000,4,0.784475,,0.784475,0.784475,0.784475,503.1745,503.1745,503.1745,505.288219,505.288219,505.288219
1071,20000,4,0.784475,,0.784475,0.784475,0.784475,503.1745,503.1745,503.1745,505.288219,505.288219,505.288219
1072,20000,4,0.784475,,0.784475,0.784475,0.784475,503.1745,503.1745,503.1745,505.288219,505.288219,505.288219
1073,20000,4,0.784475,,0.784475,0.784475,0.784475,503.1745,503.1745,503.1745,505.288219,505.288219,505.288219
1074,20000,4,0.784475,,0.784475,0.784475,0.784475,503.1745,503.1745,503.1745,505.288219,505.288219,505.288219
1075,20000,4,0.784475,,0.784475,0.784475,0.784475,503.1745,503.1745,503.1745,505.288219,505.288219,505.288219
1076,20000,4,0.784475,,0.784475,0.784475,0.784475,503.1745,503.1745,503.1745,505.288219,505.288219,505.288219
1077,20000,4,0.784475,,0.784475,0.784475,0.784475,503.1745,503.1745,503.1745,505.288219,505.288219,505.288219
1078,20000,4,0.784475,,0.784475,0.784475,0.784475,503.1745,503.1745,503.1745,505.288219,505.288219,505.288219
1079,20000,4,0.784475,,0.784475,0.784475,0.784475,503.1745,503.1745,503.1745,505.288219,505.288219,505.288219
1080,20000,4,0.784475,,0.784475,0.784475,0.784475,503.1745,503.1745,503.1745,505.288219,505.288219,505.288219
1081,20000,4,0.784475,,0.784475,0.784475,0.784475,503.1745,503.1745,503.1745,505.288219,505.288219,505.288219
1082,20000,4,0.784475,,0.784475,0.784475,0.784475,503.1745,503.1745,503.1745,505.288219,505.288219,505.288219
1083,20000,4,0.784475,,0.784475,0.784475,0.784475,503.1745,503.1745,503.1745,505.288219,505.288219,505.288219
1084,20000,4,0.784475,,0.784475,0.784475,0.784475,503.1745,503.1745,503.1745,505.288219,505.288219,505.288219
1085,20000,4,0.784475,,0.784475,0.784475,0.784475,503.1745,503.1745,503.1745,505.288219,505.288219,505.288219
1086,20000,4,0.784475,,0.784475,0.784475,0.784475,503.1745,503.1745,503.1745,505.288219,505.288219,505.288219
1087,20000,4,0.784475,,0.784475,0.784475,0.784475,503.1745,503.1745,503.1745,505.288219,505.288219,505.288219
1088,20000,4,0.784475,,0.784475,0.784475,0.784475,503.1745,503.1745,503.1745,505.288219,505.288219,505.288219
1089,20000,4,0.784475,,0.784475,0.784475,0.784475,503.1745,503.1745,503.1745,505.288219,505.288219,505.288219
1090,20000,4,0.784475,,0.784475,0.784475,0.784475,503.1745,503.1745,503.1745,505.288219,505.288219,505.288219
1091,20000,4,0.784475,,0.784475,0.784475,0.784475,503.1745,503.1745,503.1745,505.288219,505.288219,505.288219
1092,20000,4,0.784475,,0.784475,0.784475,0.784475,503.1745,503.1745,503.1745,505.288219,505.288219,505.288219
1093,20000,4,0.784475,,0.784475,0.784475,0.784475,503.1745,503.1745,503.1745,505.288219,505.288219,505.288219
1094,20000,4,0.784475,,0.784475,0.784475,0.784475,503.1745,503.1745,503.1745,505.288219,505.288219,505.288219
1095,20000,4,0.784475,,0.784475,0.784475,0.784475,503.1745,503.1745,503.1745,505.288219,505.288219,505.288219
1096,20000,4,0.784475,,0.784475,0.784475,0.784475,503.1745,503.1745,503.1745,505.288219,505.288219,505.288219
1097,20000,4,0.784475,,0.784475,0.784475,0.784475,503.1745,503.1745,503.1745,505.288219,505.288219,505.288219
1098,20000,4,0.784475,,0.784475,0.784475,0.784475,503.1745,503.1745,503.1745,505.288219,505.288219,505.288219
1099,20000,4,0.784475,,0.784475,0.784475,0.784475,503.1745,503.1745,503.1745,505.288219,505.288219,505.288219
1100,20000,4,0.784475,,0.784475,0.784475,0.784475,503.1745,503.1745,503.1745,505.288219,505.288219,505.288219
1101,20000,4,0.784475,,0.784475,0.784475,0.784475,503.1745,503.1745,503.1745,505.288219,505.288219,505.288219
1102,20000,4,0.784475,,0.784475,0.784475,0.784475,503.1745,503.1745,503.1745,505.288219,505.288219,505.288219
1103,20000,4,0.784475,,0.784475,0.784475,0.784475,503.1745,503.1745,503.1745,505.288219,505.288219,505.288219
1104,20000,4,0.784475,,0.784475,0.784475,0.784475,503.1745,503.1745,503.1745,505.288219,505.288219,505.288219
1105,20000,4,0.784475,,0.784475,0.784475,0.784475,503.1745,503.1745,503.1745,505.288219,505.288219,505.288219
1106,20000,4,0.784475,,0.784475,0.784475,0.784475,503.1745,503.1745,503.1745,505.288219,505.288219,505.288219
1107,20000,4,0.784475,,0.784475,0.784475,0.784475,503.1745,503.1745,503.1745,505.288219,505.288219,505.288219
1108,20000,4,0.784475,,0.784475,0.784475,0.784475,503.1745,503.1745,503.1745,505.288219,505.288219,505.288219
1109,20000,4,0.784475,,0.784475,0.784475,0.784475,503.1745,503.1745,503.1745,505.288219,505.288219,505.288219
1110,20000,4,0.784475,,0.784475,0.784475,0.784475,503.1745,503.1745,503.1745,505.288219,505.288219,505.288219
1111,20000,4,0.784475,,0.784475,0.784475,0.784475,503.1745,503.1745,503.1745,505.288219,505.288219,505.288219
1112,20000,4,0.784475,,0.784475,0.784475,0.784475,503.1745,503.1745,503.1745,505.288219,505.288219,505.288219
1113,20000,4,0.784475,,0.784475,0.784475,0.784475,503.1745,503.1745,503.1745,505.288219,505.288219,505.288219
1114,20000,4,0.784475,,0.784475,0.784475,0.784475,503.1745,503.1745,503.1745,505.288219,505.288219,505.288219
1115,20000,4,0.784475,,0.784475,0.784475,0.784475,503.1745,503.1745,503.1745,505.288219,505.288219,505.288219
1116,20000,4,0.784475,,0.784475,0.784475,0.784475,503.1745,503.1745,503.1745,505.288219,505.288219,505.288219
1117,20000,4,0.784475,,0.784475,0.784475,0.784475,503.1745,503.1745,503.1745,505.288219,505.288219,505.288219
1118,20000,4,0.784475,,0.784475,0.784475,0.784475,503.1745,503.1745,503.1745,505.288219,505.288219,505.288219
1119,20000,4,0.784475,,0.784475,0.784475,0.784475,503.1745,503.1745,503.1745,505.288219,505.288219,505.288219
1120,20000,4,0.784475,,0.784475,0.784475,0.784475,503.1745,503.1745,503.1745,505.288219,505.288219,505.288219
1121,20000,4,0.784475,,0.784475,0.784475,0.784475,503.1745,503.1745,503.1745,505.288219,505.288219,505.288219
1122,20000,4,0.784475,,0.784475,0.784475,0.784475,503.1745,503.1745,503.1745,505.288219,505.288219,505.288219
1123,20000,4,0.784475,,0.784475,0.784475,0.784475,503.1745,503.1745,503.1745,505.288219,505.288219,505.288219
1124,20000,4,0.784475,,0.784475,0.784475,0.784475,503.1745,503.1745,503.1745,505.288219,505.288219,505.288219
1125,20000,4,0.784475,,0.784475,0.784475,0.784475,503.1745,503.1745,503.1745,505.288219,505.288219,505.288219
1126,20000,4,0.784475,,0.784475,0.784475,0.784475,503.1745,503.1745,503.1745,505.288219,505.288219,505.288219
1127,20000,4,0.784475,,0.784475,0.784475,0.784475,503.1745,503.1745,503.1745,505.288219,505.288219,505.288219
1128,20000,4,0.784475,,0.784475,0.784475,0.784475,503.1745,503.1745,503.1745,505.288219,505.288219,505.288219
1129,20000,4,0.784475,,0.784475,0.784475,0.784475,503.1745,503.1745,503.1745,505.288219,505.288219,505.288219
1130,20000,4,0.784475,,0.784475,0.784475,0.784475,503.1745,503.1745,503.1745,505.288219,505.288219,505.288219
1131,20000,4,0.784475,,0.784475,0.784475,0.784475,503.1745,503.1745,503.1745,505.288219,505.288219,505.288219
1132,20000,4,0.784475,,0.784475,0.784475,0.784475,503.1745,503.1745,503.1745,505.288219,505.288219,505.288219
1133,20000,4,0.784475,,0.784475,0.784475,0.784475,503.1745,503.1745,503.1745,505.288219,505.288219,505.288219
1134,20000,4,0.784475,,0.784475,0.784475,0.784475,503.1745,503.1745,503.1745,505.288219,505.288219,505.288219
1135,20000,4,0.784475,,0.784475,0.784475,0.784475,503.1745,503.1745,503.1745,505.288219,505.288219,505.288219
1136,20000,4,0.784475,,0.784475,0.784475,0.784475,503.1745,503.1745,503.1745,505.288219,505.288219,505.288219
1137,20000,4,0.784475,,0.784475,0.784475,0.784475,503.1745,503.1745,503.1745,505.288219,505.288219,505.288219
1138,20000,4,0.784475,,0.784475,0.784475,0.784475,503.1745,503.1745,503.1745,505.288219,505.288219,505.288219
1139,20000,4,0.784475,,0.784475,0.784475,0.784475,503.1745,503.1745,503.1745,505.288219,505.288219,505.288219
1140,20000,4,0.784475,,0.784475,0.784475,0.784475,503.1745,503.1745,503.1745,505.288219,505.288219,505.288219
1141,20000,4,0.784475,,0.784475,0.784475,0.784475,503.1745,503.1745,503.1745,505.288219,505.288219,505.288219
1142,20000,4,0.784475,,0.784475,0.784475,0.784475,503.1745,503.1745,503.1745,505.288219,505.288219,505.288219
1143,20000,4,0.784475,,0.784475,0.784475,0.784475,503.1745,503.1745,503.1745,505.288219,505.288219,505.288219
1144,20000,4,0.784475,,0.784475,0.784475,0.784475,503.1745,503.1745,503.1745,505.288219,505.288219,505.288219
1145,20000,4,0.784475,,0.784475,0.784475,0.784475,503.1745,503.1745,503.1745,505.288219,505.288219,505.288219
1146,20000,4,0.784475,,0.784475,0.784475,0.784475,503.1745,503.1745,503.1745,505.288219,505.288219,505.288219
1147,20000,4,0.784475,,0.784475,0.784475,0.784475,503.1745,503.1745,503.1745,505.288219,505.288219,505.288219
1148,20000,4,0.784475,,0.784475,0.784475,0.784475,503.1745,503.1745,503.1745,505.288219,505.288219,505.288219
1149,20000,4,0.784475,,0.784475,0.784475,0.784475,503.1745,503.1745,503.1745,505.288219,505.288219,505.288219
1150,20000,4,0.784475,,0.784475,0.784475,0.784475,503.1745,503.1745,503.1745,505.288219,505.288219,505.288219
1151,20000,4,0.784475,,0.784475,0.784475,0.784475,503.1745,503.1745,503.1745,505.288219,505.288219,505.288219
1152,20000,4,0.784475,,0.784475,0.784475,0.784475,503.1745,503.1745,503.1745,505.288219,505.288219,505.288219
1153,20000,4,0.784475,,0.784475,0.784475,0.784475,503.1745,503.1745,503.1745,505.288219,505.288219,505.288219
1154,20000,4,0.784475,,0.784475,0.784475,0.784475,503.1745,503.1745,503.1745,505.288219,505.288219,505.288219
1155,20000,4,0.784475,,0.784475,0.784475,0.784475,503.1745,503.1745,503.1745,505.288219,505.288219,505.288219
1156,20000,4,0.784475,,0.784475,0.784475,0.784475,503.1745,503.1745,503.1745,505.288219,505.288219,505.288219
1157,20000,4,0.784475,,0.784475,0.784475,0.784475,503.1745,503.1745,503.1745,505.288219,505.288219,505.288219
1158,20000,4,0.784475,,0.784475,0.784475,0.784475,503.1745,503.1745,503.1745,505.288219,505.288219,505.288219
1159,20000,4,0.784793,,0.784793,0.784475,0.784478,503.4615,503.1745,503.17737,505.23275,505.288219,505.287664
1160,20000,4,0.784793,,0.784793,0.784475,0.784478,503.4615,503.1745,503.17737,505.23275,505.288219,505.287664
1161,20000,4,0.784793,,0.784793,0.784475,0.784478,503.4615,503.1745,503.17737,505.23275,505.288219,505.287664
1162,20000,4,0.784793,,0.784793,0.784475,0.784478,503.4615,503.1745,503.17737,505.23275,505.288219,505.287664
1163,20000,4,0.784793,,0.784793,0.784475,0.784488,503.4615,503.1745,503.18598,505.23275,505.288219,505.286
1164,20000,4,0.784793,,0.784793,0.784475,0.784497,503.4615,503.1745,503.19459,505.23275,505.288219,505.284336
1165,20000,4,0.784793,,0.784793,0.784475,0.784507,503.4615,503.1745,503.2032,505.23275,505.288219,505.282672
1166,20000,4,0.784793,,0.784793,0.784475,0.784519,503.4615,503.1745,503.21468,505.23275,505.292859,505.281054
1167,20000,4,0.784793,,0.784793,0.784475,0.784532,503.4615,503.1745,503.22616,505.23275,505.292859,505.278836
1168,20000,4,0.784793,,0.784793,0.784475,0.784547,503.4615,503.1745,503.24051,505.23275,505.292859,505.276663
1169,20000,4,0.784793,,0.784793,0.784475,0.784558,503.4615,503.1745,503.25199,505.23275,505.292859,505.275647
1170,20000,4,0.784793,,0.784793,0.784475,0.784567,503.4615,503.1745,503.2606,505.23275,505.292859,505.273983
1171,20000,4,0.784793,,0.784793,0.784475,0.784578,503.4615,503.1745,503.26921,505.23275,505.292859,505.271116
1172,20000,4,0.784793,,0.784793,0.784475,0.78459,503.4615,503.1745,503.28069,505.23275,505.292859,505.269499
1173,20000,4,0.784793,,0.784793,0.784475,0.784597,503.4615,503.1745,503.28643,505.23275,505.292859,505.268389
1174,20000,4,0.784793,,0.784793,0.784475,0.784616,503.4615,503.1745,503.30365,505.23275,505.292859,505.265061
1175,20000,4,0.784793,,0.784793,0.784475,0.784636,503.4615,503.1745,503.32087,505.23275,505.292859,505.261132
1176,20000,4,0.784793,,0.784793,0.784475,0.784656,503.4615,503.1745,503.34096,505.23275,505.292859,505.258451
1177,20000,4,0.784793,,0.784793,0.784475,0.784667,503.4615,503.1745,503.34957,505.23275,505.292859,505.256186
1178,20000,4,0.784793,,0.784793,0.784475,0.784676,503.4615,503.1745,503.35818,505.23275,505.292859,505.254522
1179,20000,4,0.784793,,0.784793,0.784475,0.784686,503.4615,503.1745,503.36679,505.23275,505.292859,505.252257
1180,20000,4,0.784793,,0.784793,0.784475,0.784694,503.4615,503.1745,503.37253,505.23275,505.292859,505.250546
1181,20000,4,0.784793,,0.784793,0.784475,0.784704,503.4615,503.1745,503.38114,505.23275,505.288219,505.248281
1182,20000,4,0.784793,,0.784793,0.784475,0.784729,503.4615,503.1745,503.4041,505.23275,505.288219,505.243844
1183,20000,4,0.784793,,0.784793,0.784475,0.784742,503.4615,503.1745,503.41558,505.23275,505.288219,505.241625
1184,20000,4,0.784793,,0.784793,0.784475,0.784761,503.4615,503.1745,503.4328,505.23275,505.288219,505.238297
1185,20000,4,0.784793,,0.784793,0.784475,0.784767,503.4615,503.1745,503.43854,505.23275,505.288219,505.237187
1186,20000,4,0.784793,,0.784793,0.784475,0.784771,503.4615,503.1745,503.44141,505.23275,505.288219,505.236633
1187,20000,4,0.784793,,0.784793,0.784475,0.784777,503.4615,503.1745,503.44715,505.23275,505.288219,505.235523
1188,20000,4,0.784793,,0.784793,0.784475,0.784777,503.4615,503.1745,503.44715,505.23275,505.288219,505.235523
1189,20000,4,0.784793,,0.784793,0.784475,0.784786,503.4615,503.1745,503.45576,505.23275,505.288219,505.233859
1190,20000,4,0.784793,,0.784793,0.784475,0.78479,503.4615,503.1745,503.45863,505.23275,505.288219,505.233305
1191,20000,4,0.784793,,0.784793,0.784793,0.784793,503.4615,503.4615,503.4615,505.23275,505.23275,505.23275
1192,20000,4,0.784793,,0.784793,0.784793,0.784793,503.4615,503.4615,503.4615,505.23275,505.23275,505.23275
1193,20000,4,0.784793,,0.784793,0.784793,0.784793,503.4615,503.4615,503.4615,505.23275,505.23275,505.23275
1194,20000,4,0.784793,,0.784793,0.784793,0.784793,503.4615,503.4615,503.4615,505.23275,505.23275,505.23275
1195,20000,4,0.784793,,0.784793,0.784793,0.784793,503.4615,503.4615,503.4615,505.23275,505.23275,505.23275
1196,20000,4,0.784793,,0.784793,0.784793,0.784793,503.4615,503.4615,503.4615,505.23275,505.23275,505.23275
1197,20000,4,0.784793,,0.784793,0.784793,0.784793,503.4615,503.4615,503.4615,505.23275,505.23275,505.23275
1198,20000,4,0.784793,,0.784793,0.784793,0.784793,503.4615,503.4615,503.4615,505.23275,505.23275,505.23275
1199,20000,4,0.784793,,0.784793,0.784793,0.784793,503.4615,503.4615,503.4615,505.23275,505.23275,505.23275
1200,20000,4,0.784793,,0.784793,0.784793,0.784793,503.4615,503.4615,503.4615,505.23275,505.23275,505.23275
1201,20000,4,0.784793,,0.784793,0.784793,0.784793,503.4615,503.4615,503.4615,505.23275,505.23275,505.23275
1202,20000,4,0.784793,,0.784793,0.784793,0.784793,503.4615,503.4615,503.4615,505.23275,505.23275,505.23275
1203,20000,4,0.784793,,0.784793,0.784793,0.784793,503.4615,503.4615,503.4615,505.23275,505.23275,505.23275
1204,20000,4,0.784793,,0.784793,0.784793,0.784793,503.4615,503.4615,503.4615,505.23275,505.23275,505.23275
1205,20000,4,0.784793,,0.784793,0.784793,0.784793,503.4615,503.4615,503.4615,505.23275,505.23275,505.23275
1206,20000,4,0.784793,,0.784793,0.784793,0.784793,503.4615,503.4615,503.4615,505.23275,505.23275,505.23275
1207,20000,4,0.784793,,0.784793,0.784793,0.784793,503.4615,503.4615,503.4615,505.23275,505.23275,505.23275
1208,20000,4,0.784793,,0.784793,0.784793,0.784793,503.4615,503.4615,503.4615,505.23275,505.23275,505.23275
1209,20000,4,0.784793,,0.784793,0.784793,0.784793,503.4615,503.4615,503.4615,505.23275,505.23275,505.23275
1210,20000,4,0.784793,,0.784793,0.784793,0.784793,503.4615,503.4615,503.4615,505.23275,505.23275,505.23275
1211,20000,4,0.784793,,0.784793,0.784793,0.784793,503.4615,503.4615,503.4615,505.23275,505.23275,505.23275
1212,20000,4,0.784793,,0.784793,0.784793,0.784793,503.4615,503.4615,503.4615,505.23275,505.23275,505.23275
1213,20000,4,0.784793,,0.784793,0.784793,0.784793,503.4615,503.4615,503.4615,505.23275,505.23275,505.23275
1214,20000,4,0.784793,,0.784793,0.784793,0.784793,503.4615,503.4615,503.4615,505.23275,505.23275,505.23275
1215,20000,4,0.784793,,0.784793,0.784793,0.784793,503.4615,503.4615,503.4615,505.23275,505.23275,505.23275
1216,20000,4,0.784793,,0.784793,0.784793,0.784793,503.4615,503.4615,503.4615,505.23275,505.23275,505.23275
1217,20000,4,0.784793,,0.784793,0.784793,0.784793,503.4615,503.4615,503.4615,505.23275,505.23275,505.23275
1218,20000,4,0.784793,,0.784793,0.784793,0.784793,503.4615,503.4615,503.4615,505.23275,505.23275,505.23275
1219,20000,4,0.784793,,0.784793,0.784793,0.784793,503.4615,503.4615,503.4615,505.23275,505.23275,505.23275
1220,20000,4,0.784793,,0.784793,0.784793,0.784793,503.4615,503.4615,503.4615,505.23275,505.23275,505.23275
1221,20000,4,0.784793,,0.784793,0.784793,0.784793,503.4615,503.4615,503.4615,505.23275,505.23275,505.23275
1222,20000,4,0.784793,,0.784793,0.784793,0.784793,503.4615,503.4615,503.4615,505.23275,505.23275,505.23275
1223,20000,4,0.784793,,0.784793,0.784793,0.784793,503.4615,503.4615,503.4615,505.23275,505.23275,505.23275
1224,20000,4,0.784793,,0.784793,0.784793,0.784793,503.4615,503.4615,503.4615,505.23275,505.23275,505.23275
1225,20000,4,0.784793,,0.784793,0.784793,0.784793,503.4615,503.4615,503.4615,505.23275,505.23275,505.23275
1226,20000,4,0.784793,,0.784793,0.784793,0.784793,503.4615,503.4615,503.4615,505.23275,505.23275,505.23275
1227,20000,4,0.784793,,0.784793,0.784793,0.784793,503.4615,503.4615,503.4615,505.23275,505.23275,505.23275
1228,20000,4,0.784793,,0.784793,0.784793,0.784793,503.4615,503.4615,503.4615,505.23275,505.23275,505.23275
1229,20000,4,0.784793,,0.784793,0.784793,0.784793,503.4615,503.4615,503.4615,505.23275,505.23275,505.23275
1230,20000,4,0.784793,,0.784793,0.784793,0.784793,503.4615,503.4615,503.4615,505.23275,505.23275,505.23275
1231,20000,4,0.784793,,0.784793,0.784793,0.784793,503.4615,503.4615,503.4615,505.23275,505.23275,505.23275
1232,20000,4,0.784793,,0.784793,0.784793,0.784793,503.4615,503.4615,503.4615,505.23275,505.23275,505.23275
1233,20000,4,0.784793,,0.784793,0.784793,0.784793,503.4615,503.4615,503.4615,505.23275,505.23275,505.23275
1234,20000,4,0.784793,,0.784793,0.784793,0.784793,503.4615,503.4615,503.4615,505.23275,505.23275,505.23275
1235,20000,4,0.784793,,0.784793,0.784793,0.784793,503.4615,503.4615,503.4615,505.23275,505.23275,505.23275
1236,20000,4,0.784793,,0.784793,0.784793,0.784793,503.4615,503.4615,503.4615,505.23275,505.23275,505.23275
1237,20000,4,0.784793,,0.784793,0.784793,0.784793,503.4615,503.4615,503.4615,505.23275,505.23275,505.23275
1238,20000,4,0.784793,,0.784793,0.784793,0.784793,503.4615,503.4615,503.4615,505.23275,505.23275,505.23275
1239,20000,4,0.784793,,0.784793,0.784793,0.784793,503.4615,503.4615,503.4615,505.23275,505.23275,505.23275
1240,20000,4,0.784793,,0.784793,0.784793,0.784793,503.4615,503.4615,503.4615,505.23275,505.23275,505.23275
1241,20000,4,0.784793,,0.784793,0.784793,0.784793,503.4615,503.4615,503.4615,505.23275,505.23275,505.23275
1242,20000,4,0.784793,,0.784793,0.784793,0.784793,503.4615,503.4615,503.4615,505.23275,505.23275,505.23275
1243,20000,4,0.784793,,0.784793,0.784793,0.784793,503.4615,503.4615,503.4615,505.23275,505.23275,505.23275
1244,20000,4,0.784793,,0.784793,0.784793,0.784793,503.4615,503.4615,503.4615,505.23275,505.23275,505.23275
1245,20000,4,0.784793,,0.784793,0.784793,0.784793,503.4615,503.4615,503.4615,505.23275,505.23275,505.23275
1246,20000,4,0.784793,,0.784793,0.784793,0.784793,503.4615,503.4615,503.4615,505.23275,505.23275,505.23275
1247,20000,4,0.784793,,0.784793,0.784793,0.784793,503.4615,503.4615,503.4615,505.23275,505.23275,505.23275
1248,20000,4,0.784793,,0.784793,0.784793,0.784793,503.4615,503.4615,503.4615,505.23275,505.23275,505.23275
1249,20000,4,0.784793,,0.784793,0.784793,0.784793,503.4615,503.4615,503.4615,505.23275,505.23275,505.23275
1250,20000,4,0.784793,,0.784793,0.784793,0.784793,503.4615,503.4615,503.4615,505.23275,505.23275,505.23275
1251,20000,4,0.784793,,0.784793,0.784793,0.784793,503.4615,503.4615,503.4615,505.23275,505.23275,505.23275
1252,20000,4,0.784793,,0.784793,0.784793,0.784793,503.4615,503.4615,503.4615,505.23275,505.23275,505.23275
1253,20000,4,0.784793,,0.784793,0.784793,0.784793,503.4615,503.4615,503.4615,505.23275,505.23275,505.23275
1254,20000,4,0.784793,,0.784793,0.784793,0.784793,503.4615,503.4615,503.4615,505.23275,505.23275,505.23275
1255,20000,4,0.784793,,0.784793,0.784793,0.784793,503.4615,503.4615,503.4615,505.23275,505.23275,505.23275
1256,20000,4,0.784793,,0.784793,0.784793,0.784793,503.4615,503.4615,503.4615,505.23275,505.23275,505.23275
1257,20000,4,0.784793,,0.784793,0.784793,0.784793,503.4615,503.4615,503.4615,505.23275,505.23275,505.23275
1258,20000,4,0.784793,,0.784793,0.784793,0.784793,503.4615,503.4615,503.4615,505.23275,505.23275,505.23275
1259,20000,4,0.784793,,0.784793,0.784793,0.784793,503.4615,503.4615,503.4615,505.23275,505.23275,505.23275
1260,20000,4,0.784793,,0.784793,0.784793,0.784793,503.4615,503.4615,503.4615,505.23275,505.23275,505.23275
1261,20000,4,0.784793,,0.784793,0.784793,0.784793,503.4615,503.4615,503.4615,505.23275,505.23275,505.23275
1262,20000,4,0.784793,,0.784793,0.784793,0.784793,503.4615,503.4615,503.4615,505.23275,505.23275,505.23275
1263,20000,4,0.784793,,0.784793,0.784793,0.784793,503.4615,503.4615,503.4615,505.23275,505.23275,505.23275
1264,20000,4,0.784793,,0.784793,0.784793,0.784793,503.4615,503.4615,503.4615,505.23275,505.23275,505.23275
1265,20000,4,0.784793,,0.784793,0.784793,0.784793,503.4615,503.4615,503.4615,505.23275,505.23275,505.23275
1266,20000,4,0.784793,,0.784793,0.784793,0.784793,503.4615,503.4615,503.4615,505.23275,505.23275,505.23275
1267,20000,4,0.784793,,0.784793,0.784793,0.784793,503.4615,503.4615,503.4615,505.23275,505.23275,505.23275
1268,20000,4,0.784793,,0.784793,0.784793,0.784793,503.4615,503.4615,503.4615,505.23275,505.23275,505.23275
1269,20000,4,0.784793,,0.784793,0.784793,0.784793,503.4615,503.4615,503.4615,505.23275,505.23275,505.23275
1270,20000,4,0.784793,,0.784793,0.784793,0.784793,503.4615,503.4615,503.4615,505.23275,505.23275,505.23275
1271,20000,4,0.784793,,0.784793,0.784793,0.784793,503.4615,503.4615,503.4615,505.23275,505.23275,505.23275
1272,20000,4,0.784793,,0.784793,0.784793,0.784793,503.4615,503.4615,503.4615,505.23275,505.23275,505.23275
1273,20000,4,0.784793,,0.784793,0.784793,0.784793,503.4615,503.4615,503.4615,505.23275,505.23275,505.23275
1274,20000,4,0.784793,,0.784793,0.784793,0.784793,503.4615,503.4615,503.4615,505.23275,505.23275,505.23275
1275,20000,4,0.784793,,0.784793,0.784793,0.784793,503.4615,503.4615,503.4615,505.23275,505.23275,505.23275
1276,20000,4,0.784793,,0.784793,0.784793,0.784793,503.4615,503.4615,503.4615,505.23275,505.23275,505.23275
1277,20000,4,0.784793,,0.784793,0.784793,0.784793,503.4615,503.4615,503.4615,505.23275,505.23275,505.23275
1278,20000,4,0.784793,,0.784793,0.784793,0.784793,503.4615,503.4615,503.4615,505.23275,505.23275,505.23275
1279,20000,4,0.784793,,0.784793,0.784793,0.784793,503.4615,503.4615,503.4615,505.23275,505.23275,505.23275
1280,20000,4,0.784793,,0.784793,0.784793,0.784793,503.4615,503.4615,503.4615,505.23275,505.23275,505.23275
1281,20000,4,0.784793,,0.784793,0.784793,0.784793,503.4615,503.4615,503.4615,505.23275,505.23275,505.23275
1282,20000,4,0.784793,,0.784793,0.784793,0.784793,503.4615,503.4615,503.4615,505.23275,505.23275,505.23275
1283,20000,4,0.784793,,0.784793,0.784793,0.784793,503.4615,503.4615,503.4615,505.23275,505.23275,505.23275
1284,20000,4,0.784793,,0.784793,0.784793,0.784793,503.4615,503.4615,503.4615,505.23275,505.23275,505.23275
1285,20000,4,0.784793,,0.784793,0.784793,0.784793,503.4615,503.4615,503.4615,505.23275,505.23275,505.23275
1286,20000,4,0.784793,,0.784793,0.784793,0.784793,503.4615,503.4615,503.4615,505.23275,505.23275,505.23275
1287,20000,4,0.784793,,0.784793,0.784793,0.784793,503.4615,503.4615,503.4615,505.23275,505.23275,505.23275
1288,20000,4,0.784793,,0.784793,0.784793,0.784793,503.4615,503.4615,503.4615,505.23275,505.23275,505.23275
1289,20000,4,0.784793,,0.784793,0.784793,0.784793,503.4615,503.4615,503.4615,505.23275,505.23275,505.23275
1290,20000,4,0.784793,,0.784793,0.784793,0.784793,503.4615,503.4615,503.4615,505.23275,505.23275,505.23275
1291,20000,4,0.784793,,0.784793,0.784793,0.784793,503.4615,503.4615,503.4615,505.23275,505.23275,505.23275
1292,20000,4,0.784793,,0.784793,0.784793,0.784793,503.4615,503.4615,503.4615,505.23275,505.23275,505.23275
1293,20000,4,0.784793,,0.784793,0.784793,0.784793,503.4615,503.4615,503.4615,505.23275,505.23275,505.23275
1294,20000,4,0.784793,,0.784793,0.784793,0.784793,503.4615,503.4615,503.4615,505.23275,505.23275,505.23275
1295,20000,4,0.784793,,0.784793,0.784793,0.784793,503.4615,503.4615,503.4615,505.23275,505.23275,505.23275
1296,20000,4,0.784793,,0.784793,0.784793,0.784793,503.4615,503.4615,503.4615,505.23275,505.23275,505.23275
1297,20000,4,0.784793,,0.784793,0.784793,0.784793,503.4615,503.4615,503.4615,505.23275,505.23275,505.23275
1298,20000,4,0.784793,,0.784793,0.784793,0.784793,503.4615,503.4615,503.4615,505.23275,505.23275,505.23275
1299,20000,4,0.784793,,0.784793,0.784793,0.784793,503.4615,503.4615,503.4615,505.23275,505.23275,505.23275
1300,20000,4,0.784793,,0.784793,0.784793,0.784793,503.4615,503.4615,503.4615,505.23275,505.23275,505.23275
1301,20000,4,0.784793,,0.784793,0.784793,0.784793,503.4615,503.4615,503.4615,505.23275,505.23275,505.23275
1302,20000,4,0.784793,,0.784793,0.784793,0.784793,503.4615,503.4615,503.4615,505.23275,505.23275,505.23275
1303,20000,4,0.784793,,0.784793,0.784793,0.784793,503.4615,503.4615,503.4615,505.23275,505.23275,505.23275
1304,20000,4,0.784793,,0.784793,0.784793,0.784793,503.4615,503.4615,503.4615,505.23275,505.23275,505.23275
1305,20000,4,0.784793,,0.784793,0.784793,0.784793,503.4615,503.4615,503.4615,505.23275,505.23275,505.23275
1306,20000,4,0.784793,,0.784793,0.784793,0.784793,503.4615,503.4615,503.4615,505.23275,505.23275,505.23275
1307,20000,4,0.784793,,0.784793,0.784793,0.784793,503.4615,503.4615,503.4615,505.23275,505.23275,505.23275
1308,20000,4,0.784793,,0.784793,0.784793,0.784793,503.4615,503.4615,503.4615,505.23275,505.23275,505.23275
1309,20000,4,0.784793,,0.784793,0.784793,0.784793,503.4615,503.4615,503.4615,505.23275,505.23275,505.23275
1310,20000,4,0.784793,,0.784793,0.784793,0.784793,503.4615,503.4615,503.4615,505.23275,505.23275,505.23275
1311,20000,4,0.784793,,0.784793,0.784793,0.784793,503.4615,503.4615,503.4615,505.23275,505.23275,505.23275
1312,20000,4,0.784793,,0.784793,0.784793,0.784793,503.4615,503.4615,503.4615,505.23275,505.23275,505.23275
1313,20000,4,0.784793,,0.784793,0.784793,0.784793,503.4615,503.4615,503.4615,505.23275,505.23275,505.23275
1314,20000,4,0.784793,,0.784793,0.784793,0.784793,503.4615,503.4615,503.4615,505.23275,505.23275,505.23275
1315,20000,4,0.784793,,0.784793,0.784793,0.784793,503.4615,503.4615,503.4615,505.23275,505.23275,505.23275
1316,20000,4,0.784793,,0.784793,0.784793,0.784793,503.4615,503.4615,503.4615,505.23275,505.23275,505.23275
1317,20000,4,0.784793,,0.784793,0.784793,0.784793,503.4615,503.4615,503.4615,505.23275,505.23275,505.23275
1318,20000,4,0.784793,,0.784793,0.784793,0.784793,503.4615,503.4615,503.4615,505.23275,505.23275,505.23275
1319,20000,4,0.784793,,0.784793,0.784793,0.784793,503.4615,503.4615,503.4615,505.23275,505.23275,505.23275
1320,20000,4,0.784793,,0.784793,0.784793,0.784793,503.4615,503.4615,503.4615,505.23275,505.23275,505.23275
1321,20000,4,0.784793,,0.784793,0.784793,0.784793,503.4615,503.4615,503.4615,505.23275,505.23275,505.23275
1322,20000,4,0.784793,,0.784793,0.784793,0.784793,503.4615,503.4615,503.4615,505.23275,505.23275,505.23275
1323,20000,4,0.784793,,0.784793,0.784793,0.784793,503.4615,503.4615,503.4615,505.23275,505.23275,505.23275
1324,20000,4,0.784793,,0.784793,0.784793,0.784793,503.4615,503.4615,503.4615,505.23275,505.23275,505.23275
1325,20000,4,0.784793,,0.784793,0.784793,0.784793,503.4615,503.4615,503.4615,505.23275,505.23275,505.23275
1326,20000,4,0.784793,,0.784793,0.784793,0.784793,503.4615,503.4615,503.4615,505.23275,505.23275,505.23275
1327,20000,4,0.784793,,0.784793,0.784793,0.784793,503.4615,503.4615,503.4615,505.23275,505.23275,505.23275
1328,20000,4,0.784793,,0.784793,0.784793,0.784793,503.4615,503.4615,503.4615,505.23275,505.23275,505.23275
1329,20000,4,0.784793,,0.784793,0.784793,0.784793,503.4615,503.4615,503.4615,505.23275,505.23275,505.23275
1330,20000,4,0.784793,,0.784793,0.784793,0.784793,503.4615,503.4615,503.4615,505.23275,505.23275,505.23275
1331,20000,4,0.784793,,0.784793,0.784793,0.784793,503.4615,503.4615,503.4615,505.23275,505.23275,505.23275
1332,20000,4,0.784793,,0.784793,0.784793,0.784793,503.4615,503.4615,503.4615,505.23275,505.23275,505.23275
1333,20000,4,0.784793,,0.784793,0.784793,0.784793,503.4615,503.4615,503.4615,505.23275,505.23275,505.23275
1334,20000,4,0.784793,,0.784793,0.784793,0.784793,503.4615,503.4615,503.4615,505.23275,505.23275,505.23275
1335,20000,4,0.784793,,0.784793,0.784793,0.784793,503.4615,503.4615,503.4615,505.23275,505.23275,505.23275
1336,20000,4,0.784793,,0.784793,0.784793,0.784793,503.4615,503.4615,503.4615,505.23275,505.23275,505.23275
1337,20000,4,0.784793,,0.784793,0.784793,0.784793,503.4615,503.4615,503.4615,505.23275,505.23275,505.23275
1338,20000,4,0.784793,,0.784793,0.784793,0.784793,503.4615,503.4615,503.4615,505.23275,505.23275,505.23275
1339,20000,4,0.784793,,0.784793,0.784793,0.784793,503.4615,503.4615,503.4615,505.23275,505.23275,505.23275
1340,20000,4,0.784793,,0.784793,0.784793,0.784793,503.4615,503.4615,503.4615,505.23275,505.23275,505.23275
1341,20000,4,0.784793,,0.784793,0.784793,0.784793,503.4615,503.4615,503.4615,505.23275,505.23275,505.23275
1342,20000,4,0.784793,,0.784793,0.784793,0.784793,503.4615,503.4615,503.4615,505.23275,505.23275,505.23275
1343,20000,4,0.784793,,0.784793,0.784793,0.784793,503.4615,503.4615,503.4615,505.23275,505.23275,505.23275
1344,20000,4,0.784793,,0.784793,0.784793,0.784793,503.4615,503.4615,503.4615,505.23275,505.23275,505.23275
1345,20000,4,0.784793,,0.784793,0.784793,0.784793,503.4615,503.4615,503.4615,505.23275,505.23275,505.23275
1346,20000,4,0.784793,,0.784793,0.784793,0.784793,503.4615,503.4615,503.4615,505.23275,505.23275,505.23275
1347,20000,4,0.784793,,0.784793,0.784793,0.784793,503.4615,503.4615,503.4615,505.23275,505.23275,505.23275
1348,20000,4,0.784793,,0.784793,0.784793,0.784793,503.4615,503.4615,503.4615,505.23275,505.23275,505.23275
1349,20000,4,0.784793,,0.784793,0.784793,0.784793,503.4615,503.4615,503.4615,505.23275,505.23275,505.23275
1350,20000,4,0.784793,,0.784793,0.784793,0.784793,503.4615,503.4615,503.4615,505.23275,505.23275,505.23275
1351,20000,4,0.784793,,0.784793,0.784793,0.784793,503.4615,503.4615,503.4615,505.23275,505.23275,505.23275
1352,20000,4,0.784793,,0.784793,0.784793,0.784793,503.4615,503.4615,503.4615,505.23275,505.23275,505.23275
1353,20000,4,0.784793,,0.784793,0.784793,0.784793,503.4615,503.4615,503.4615,505.23275,505.23275,505.23275
1354,20000,4,0.784793,,0.784793,0.784793,0.784793,503.4615,503.4615,503.4615,505.23275,505.23275,505.23275
1355,20000,4,0.784793,,0.784793,0.784793,0.784793,503.4615,503.4615,503.4615,505.23275,505.23275,505.23275
1356,20000,4,0.784793,,0.784793,0.784793,0.784793,503.4615,503.4615,503.4615,505.23275,505.23275,505.23275
1357,20000,4,0.784793,,0.784793,0.784793,0.784793,503.4615,503.4615,503.4615,505.23275,505.23275,505.23275
1358,20000,4,0.784793,,0.784793,0.784793,0.784793,503.4615,503.4615,503.4615,505.23275,505.23275,505.23275
1359,20000,4,0.784793,,0.784793,0.784793,0.784793,503.4615,503.4615,503.4615,505.23275,505.23275,505.23275
1360,20000,4,0.784793,,0.784793,0.784793,0.784793,503.4615,503.4615,503.4615,505.23275,505.23275,505.23275
1361,20000,4,0.784793,,0.784793,0.784793,0.784793,503.4615,503.4615,503.4615,505.23275,505.23275,505.23275
1362,20000,4,0.784793,,0.784793,0.784793,0.784793,503.4615,503.4615,503.4615,505.23275,505.23275,505.23275
1363,20000,4,0.784793,,0.784793,0.784793,0.784793,503.4615,503.4615,503.4615,505.23275,505.23275,505.23275
1364,20000,4,0.784793,,0.784793,0.784793,0.784793,503.4615,503.4615,503.4615,505.23275,505.23275,505.23275
1365,20000,4,0.784793,,0.784793,0.784793,0.784793,503.4615,503.4615,503.4615,505.23275,505.23275,505.23275
1366,20000,4,0.784793,,0.784793,0.784793,0.784793,503.4615,503.4615,503.4615,505.23275,505.23275,505.23275
1367,20000,4,0.784793,,0.784793,0.784793,0.784793,503.4615,503.4615,503.4615,505.23275,505.23275,505.23275
1368,20000,4,0.784793,,0.784793,0.784793,0.784793,503.4615,503.4615,503.4615,505.23275,505.23275,505.23275
1369,20000,4,0.784793,,0.784793,0.784793,0.784793,503.4615,503.4615,503.4615,505.23275,505.23275,505.23275
1370,20000,4,0.784793,,0.784793,0.784793,0.784793,503.4615,503.4615,503.4615,505.23275,505.23275,505.23275
1371,20000,4,0.784793,,0.784793,0.784793,0.784793,503.4615,503.4615,503.4615,505.23275,505.23275,505.23275
1372,20000,4,0.784793,,0.784793,0.784793,0.784793,503.4615,503.4615,503.4615,505.23275,505.23275,505.23275
1373,20000,4,0.784793,,0.784793,0.784793,0.784793,503.4615,503.4615,503.4615,505.23275,505.23275,505.23275
1374,20000,4,0.784793,,0.784793,0.784793,0.784793,503.4615,503.4615,503.4615,505.23275,505.23275,505.23275
1375,20000,4,0.784793,,0.784793,0.784793,0.784793,503.4615,503.4615,503.4615,505.23275,505.23275,505.23275
1376,20000,4,0.784793,,0.784793,0.784793,0.784793,503.4615,503.4615,503.4615,505.23275,505.23275,505.23275
1377,20000,4,0.784793,,0.784793,0.784793,0.784793,503.4615,503.4615,503.4615,505.23275,505.23275,505.23275
1378,20000,4,0.784793,,0.784793,0.784793,0.784793,503.4615,503.4615,503.4615,505.23275,505.23275,505.23275
1379,20000,4,0.784793,,0.784793,0.784793,0.784793,503.4615,503.4615,503.4615,505.23275,505.23275,505.23275
1380,20000,4,0.784793,,0.784793,0.784793,0.784793,503.4615,503.4615,503.4615,505.23275,505.23275,505.23275
1381,20000,4,0.784793,,0.784793,0.784793,0.784793,503.4615,503.4615,503.4615,505.23275,505.23275,505.23275
1382,20000,4,0.784793,,0.784793,0.784793,0.784793,503.4615,503.4615,503.4615,505.23275,505.23275,505.23275
1383,20000,4,0.784793,,0.784793,0.784793,0.784793,503.4615,503.4615,503.4615,505.23275,505.23275,505.23275
1384,20000,4,0.784793,,0.784793,0.784793,0.784793,503.4615,503.4615,503.4615,505.23275,505.23275,505.23275
1385,20000,4,0.784793,,0.784793,0.784793,0.784793,503.4615,503.4615,503.4615,505.23275,505.23275,505.23275
1386,20000,4,0.784793,,0.784793,0.784793,0.784793,503.4615,503.4615,503.4615,505.23275,505.23275,505.23275
1387,20000,4,0.784793,,0.784793,0.784793,0.784793,503.4615,503.4615,503.4615,505.23275,505.23275,505.23275
1388,20000,4,0.784793,,0.784793,0.784793,0.784793,503.4615,503.4615,503.4615,505.23275,505.23275,505.23275
1389,20000,4,0.784793,,0.784793,0.784793,0.784793,503.4615,503.4615,503.4615,505.23275,505.23275,505.23275
1390,20000,4,0.784793,,0.784793,0.784793,0.784793,503.4615,503.4615,503.4615,505.23275,505.23275,505.23275
1391,20000,4,0.784793,,0.784793,0.784793,0.784793,503.4615,503.4615,503.4615,505.23275,505.23275,505.23275
1392,20000,4,0.784793,,0.784793,0.784793,0.784793,503.4615,503.4615,503.4615,505.23275,505.23275,505.23275
1393,20000,4,0.784793,,0.784793,0.784793,0.784793,503.4615,503.4615,503.4615,505.23275,505.23275,505.23275
1394,20000,4,0.784793,,0.784793,0.784793,0.784793,503.4615,503.4615,503.4615,505.23275,505.23275,505.23275
1395,20000,4,0.784793,,0.784793,0.784793,0.784793,503.4615,503.4615,503.4615,505.23275,505.23275,505.23275
1396,20000,4,0.784793,,0.784793,0.784793,0.784793,503.4615,503.4615,503.4615,505.23275,505.23275,505.23275
1397,20000,4,0.784793,,0.784793,0.784793,0.784793,503.4615,503.4615,503.4615,505.23275,505.23275,505.23275
1398,20000,4,0.784793,,0.784793,0.784793,0.784793,503.4615,503.4615,503.4615,505.23275,505.23275,505.23275
1399,20000,4,0.784793,,0.784793,0.784793,0.784793,503.4615,503.4615,503.4615,505.23275,505.23275,505.23275
1400,20000,4,0.784793,,0.784793,0.784793,0.784793,503.4615,503.4615,503.4615,505.23275,505.23275,505.23275
1401,20000,4,0.784793,,0.784793,0.784793,0.784793,503.4615,503.4615,503.4615,505.23275,505.23275,505.23275
1402,20000,4,0.784793,,0.784793,0.784793,0.784793,503.4615,503.4615,503.4615,505.23275,505.23275,505.23275
1403,20000,4,0.784793,,0.784793,0.784793,0.784793,503.4615,503.4615,503.4615,505.23275,505.23275,505.23275
1404,20000,4,0.784793,,0.784793,0.784793,0.784793,503.4615,503.4615,503.4615,505.23275,505.23275,505.23275
1405,20000,4,0.784793,,0.784793,0.784793,0.784793,503.4615,503.4615,503.4615,505.23275,505.23275,505.23275
1406,20000,4,0.784793,,0.784793,0.784793,0.784793,503.4615,503.4615,503.4615,505.23275,505.23275,505.23275
1407,20000,4,0.784793,,0.784793,0.784793,0.784793,503.4615,503.4615,503.4615,505.23275,505.23275,505.23275
1408,20000,4,0.784793,,0.784793,0.784793,0.784793,503.4615,503.4615,503.4615,505.23275,505.23275,505.23275
1409,20000,4,0.784793,,0.784793,0.784793,0.784793,503.4615,503.4615,503.4615,505.23275,505.23275,505.23275
1410,20000,4,0.784793,,0.784793,0.784793,0.784793,503.4615,503.4615,503.4615,505.23275,505.23275,505.23275
1411,20000,4,0.784793,,0.784793,0.784793,0.784793,503.4615,503.4615,503.4615,505.23275,505.23275,505.23275
1412,20000,4,0.784793,,0.784793,0.784793,0.784793,503.4615,503.4615,503.4615,505.23275,505.23275,505.23275
1413,20000,4,0.784793,,0.784793,0.784793,0.784793,503.4615,503.4615,503.4615,505.23275,505.23275,505.23275
1414,20000,4,0.784793,,0.784793,0.784793,0.784793,503.4615,503.4615,503.4615,505.23275,505.23275,505.23275
1415,20000,4,0.784793,,0.784793,0.784793,0.784793,503.4615,503.4615,503.4615,505.23275,505.23275,505.23275
1416,20000,4,0.784793,,0.784793,0.784793,0.784793,503.4615,503.4615,503.4615,505.23275,505.23275,505.23275
1417,20000,4,0.784793,,0.784793,0.784793,0.784793,503.4615,503.4615,503.4615,505.23275,505.23275,505.23275
1418,20000,4,0.784793,,0.784793,0.784793,0.784793,503.4615,503.4615,503.4615,505.23275,505.23275,505.23275
1419,20000,4,0.784793,,0.784793,0.784793,0.784793,503.4615,503.4615,503.4615,505.23275,505.23275,505.23275
1420,20000,4,0.784793,,0.784793,0.784793,0.784793,503.4615,503.4615,503.4615,505.23275,505.23275,505.23275
1421,20000,4,0.784793,,0.784793,0.784793,0.784793,503.4615,503.4615,503.4615,505.23275,505.23275,505.23275
1422,20000,4,0.784793,,0.784793,0.784793,0.784793,503.4615,503.4615,503.4615,505.23275,505.23275,505.23275
1423,20000,4,0.784793,,0.784793,0.784793,0.784793,503.4615,503.4615,503.4615,505.23275,505.23275,505.23275
1424,20000,4,0.784793,,0.784793,0.784793,0.784793,503.4615,503.4615,503.4615,505.23275,505.23275,505.23275
1425,20000,4,0.784793,,0.784793,0.784793,0.784793,503.4615,503.4615,503.4615,505.23275,505.23275,505.23275
1426,20000,4,0.784793,,0.784793,0.784793,0.784793,503.4615,503.4615,503.4615,505.23275,505.23275,505.23275
1427,20000,4,0.784793,,0.784793,0.784793,0.784793,503.4615,503.4615,503.4615,505.23275,505.23275,505.23275
1428,20000,4,0.784793,,0.784793,0.784793,0.784793,503.4615,503.4615,503.4615,505.23275,505.23275,505.23275
1429,20000,4,0.784793,,0.784793,0.784793,0.784793,503.4615,503.4615,503.4615,505.23275,505.23275,505.23275
1430,20000,4,0.784793,,0.784793,0.784793,0.784793,503.4615,503.4615,503.4615,505.23275,505.23275,505.23275
1431,20000,4,0.784793,,0.784793,0.784793,0.784793,503.4615,503.4615,503.4615,505.23275,505.23275,505.23275
1432,20000,4,0.784793,,0.784793,0.784793,0.784793,503.4615,503.4615,503.4615,505.23275,505.23275,505.23275
1433,20000,4,0.784793,,0.784793,0.784793,0.784793,503.4615,503.4615,503.4615,505.23275,505.23275,505.23275
1434,20000,4,0.784793,,0.784793,0.784793,0.784793,503.4615,503.4615,503.4615,505.23275,505.23275,505.23275
1435,20000,4,0.784793,,0.784793,0.784793,0.784793,503.4615,503.4615,503.4615,505.23275,505.23275,505.23275
1436,20000,4,0.784793,,0.784793,0.784793,0.784793,503.4615,503.4615,503.4615,505.23275,505.23275,505.23275
1437,20000,4,0.784793,,0.784793,0.784793,0.784793,503.4615,503.4615,503.4615,505.23275,505.23275,505.23275
1438,20000,4,0.784793,,0.784793,0.784793,0.784793,503.4615,503.4615,503.4615,505.23275,505.23275,505.23275
1439,20000,4,0.784793,,0.784793,0.784793,0.784793,503.4615,503.4615,503.4615,505.23275,505.23275,505.23275
1440,20000,4,0.784793,,0.784793,0.784793,0.784793,503.4615,503.4615,503.4615,505.23275,505.23275,505.23275
1441,20000,4,0.784793,,0.784793,0.784793,0.784793,503.4615,503.4615,503.4615,505.23275,505.23275,505.23275
1442,20000,4,0.784793,,0.784793,0.784793,0.784793,503.4615,503.4615,503.4615,505.23275,505.23275,505.23275
1443,20000,4,0.784793,,0.784793,0.784793,0.784793,503.4615,503.4615,503.4615,505.23275,505.23275,505.23275
1444,20000,4,0.784793,,0.784793,0.784793,0.784793,503.4615,503.4615,503.4615,505.23275,505.23275,505.23275
1445,20000,4,0.784793,,0.784793,0.784793,0.784793,503.4615,503.4615,503.4615,505.23275,505.23275,505.23275
1446,20000,4,0.784793,,0.784793,0.784793,0.784793,503.4615,503.4615,503.4615,505.23275,505.23275,505.23275
1447,20000,4,0.784793,,0.784793,0.784793,0.784793,503.4615,503.4615,503.4615,505.23275,505.23275,505.23275
1448,20000,4,0.784793,,0.784793,0.784793,0.784793,503.4615,503.4615,503.4615,505.23275,505.23275,505.23275
1449,20000,4,0.784793,,0.784793,0.784793,0.784793,503.4615,503.4615,503.4615,505.23275,505.23275,505.23275
1450,20000,4,0.784793,,0.784793,0.784793,0.784793,503.4615,503.4615,503.4615,505.23275,505.23275,505.23275
1451,20000,4,0.784793,,0.784793,0.784793,0.784793,503.4615,503.4615,503.4615,505.23275,505.23275,505.23275
1452,20000,4,0.784793,,0.784793,0.784793,0.784793,503.4615,503.4615,503.4615,505.23275,505.23275,505.23275
1453,20000,4,0.784793,,0.784793,0.784793,0.784793,503.4615,503.4615,503.4615,505.23275,505.23275,505.23275
1454,20000,4,0.784793,,0.784793,0.784793,0.784793,503.4615,503.4615,503.4615,505.23275,505.23275,505.23275
1455,20000,4,0.784793,,0.784793,0.784793,0.784793,503.4615,503.4615,503.4615,505.23275,505.23275,505.23275
1456,20000,4,0.784793,,0.784793,0.784793,0.784793,503.4615,503.4615,503.4615,505.23275,505.23275,505.23275
1457,20000,4,0.784793,,0.784793,0.784793,0.784793,503.4615,503.4615,503.4615,505.23275,505.23275,505.23275
1458,20000,4,0.784793,,0.784793,0.784793,0.784793,503.4615,503.4615,503.4615,505.23275,505.23275,505.23275
1459,20000,4,0.784793,,0.784793,0.784793,0.784793,503.4615,503.4615,503.4615,505.23275,505.23275,505.23275
1460,20000,4,0.784793,,0.784793,0.784793,0.784793,503.4615,503.4615,503.4615,505.23275,505.23275,505.23275
1461,20000,4,0.784793,,0.784793,0.784793,0.784793,503.4615,503.4615,503.4615,505.23275,505.23275,505.23275
1462,20000,4,0.784793,,0.784793,0.784793,0.784793,503.4615,503.4615,503.4615,505.23275,505.23275,505.23275
1463,20000,4,0.784793,,0.784793,0.784793,0.784793,503.4615,503.4615,503.4615,505.23275,505.23275,505.23275
1464,20000,4,0.784793,,0.784793,0.784793,0.784793,503.4615,503.4615,503.4615,505.23275,505.23275,505.23275
1465,20000,4,0.784793,,0.784793,0.784793,0.784793,503.4615,503.4615,503.4615,505.23275,505.23275,505.23275
1466,20000,4,0.784793,,0.784793,0.784793,0.784793,503.4615,503.4615,503.4615,505.23275,505.23275,505.23275
1467,20000,4,0.784793,,0.784793,0.784793,0.784793,503.4615,503.4615,503.4615,505.23275,505.23275,505.23275
1468,20000,4,0.784793,,0.784793,0.784793,0.784793,503.4615,503.4615,503.4615,505.23275,505.23275,505.23275
1469,20000,4,0.784793,,0.784793,0.784793,0.784793,503.4615,503.4615,503.4615,505.23275,505.23275,505.23275
1470,20000,4,0.784793,,0.784793,0.784793,0.784793,503.4615,503.4615,503.4615,505.23275,505.23275,505.23275
1471,20000,4,0.784793,,0.784793,0.784793,0.784793,503.4615,503.4615,503.4615,505.23275,505.23275,505.23275
1472,20000,4,0.784793,,0.784793,0.784793,0.784793,503.4615,503.4615,503.4615,505.23275,505.23275,505.23275
1473,20000,4,0.784793,,0.784793,0.784793,0.784793,503.4615,503.4615,503.4615,505.23275,505.23275,505.23275
1474,20000,4,0.784793,,0.784793,0.784793,0.784793,503.4615,503.4615,503.4615,505.23275,505.23275,505.23275
1475,20000,4,0.784793,,0.784793,0.784793,0.784793,503.4615,503.4615,503.4615,505.23275,505.23275,505.23275
1476,20000,4,0.784793,,0.784793,0.784793,0.784793,503.4615,503.4615,503.4615,505.23275,505.23275,505.23275
1477,20000,4,0.784793,,0.784793,0.784793,0.784793,503.4615,503.4615,503.4615,505.23275,505.23275,505.23275
1478,20000,4,0.784793,,0.784793,0.784793,0.784793,503.4615,503.4615,503.4615,505.23275,505.23275,505.23275
1479,20000,4,0.784793,,0.784793,0.784793,0.784793,503.4615,503.4615,503.4615,505.23275,505.23275,505.23275
1480,20000,4,0.784793,,0.784793,0.784793,0.784793,503.4615,503.4615,503.4615,505.23275,505.23275,505.23275
1481,20000,4,0.784793,,0.784793,0.784793,0.784793,503.4615,503.4615,503.4615,505.23275,505.23275,505.23275
1482,20000,4,0.784793,,0.784793,0.784793,0.784793,503.4615,503.4615,503.4615,505.23275,505.23275,505.23275
1483,20000,4,0.784793,,0.784793,0.784793,0.784793,503.4615,503.4615,503.4615,505.23275,505.23275,505.23275
1484,20000,4,0.784793,,0.784793,0.784793,0.784793,503.4615,503.4615,503.4615,505.23275,505.23275,505.23275
1485,20000,4,0.784793,,0.784793,0.784793,0.784793,503.4615,503.4615,503.4615,505.23275,505.23275,505.23275
1486,20000,4,0.784793,,0.784793,0.784793,0.784793,503.4615,503.4615,503.4615,505.23275,505.23275,505.23275
1487,20000,4,0.784793,,0.784793,0.784793,0.784793,503.4615,503.4615,503.4615,505.23275,505.23275,505.23275
1488,20000,4,0.784793,,0.784793,0.784793,0.784793,503.4615,503.4615,503.4615,505.23275,505.23275,505.23275
1489,20000,4,0.784793,,0.784793,0.784793,0.784793,503.4615,503.4615,503.4615,505.23275,505.23275,505.23275
1490,20000,4,0.784793,,0.784793,0.784793,0.784793,503.4615,503.4615,503.4615,505.23275,505.23275,505.23275
1491,20000,4,0.784793,,0.784793,0.784793,0.784793,503.4615,503.4615,503.4615,505.23275,505.23275,505.23275
1492,20000,4,0.784793,,0.784793,0.784793,0.784793,503.4615,503.4615,503.4615,505.23275,505.23275,505.23275
1493,20000,4,0.784793,,0.784793,0.784793,0.784793,503.4615,503.4615,503.4615,505.23275,505.23275,505.23275
1494,20000,4,0.784793,,0.784793,0.784793,0.784793,503.4615,503.4615,503.4615,505.23275,505.23275,505.23275
1495,20000,4,0.784793,,0.784793,0.784793,0.784793,503.4615,503.4615,503.4615,505.23275,505.23275,505.23275
1496,20000,4,0.784793,,0.784793,0.784793,0.784793,503.4615,503.4615,503.4615,505.23275,505.23275,505.23275
1497,20000,4,0.784793,,0.784793,0.784793,0.784793,503.4615,503.4615,503.4615,505.23275,505.23275,505.23275
1498,20000,4,0.784793,,0.784793,0.784793,0.784793,503.4615,503.4615,503.4615,505.23275,505.23275,505.23275
1499,20000,4,0.784793,,0.784793,0.784793,0.784793,503.4615,503.4615,503.4615,505.23275,505.23275,505.23275
1500,20000,4,0.784793,,0.784793,0.784793,0.784793,503.4615,503.4615,503.4615,505.23275,505.23275,505.23275
1501,20000,4,0.784793,,0.784793,0.784793,0.784793,503.4615,503.4615,503.4615,505.23275,505.23275,505.23275
1502,20000,4,0.784793,,0.784793,0.784793,0.784793,503.4615,503.4615,503.4615,505.23275,505.23275,505.23275
1503,20000,4,0.784793,,0.784793,0.784793,0.784793,503.4615,503.4615,503.4615,505.23275,505.23275,505.23275
1504,20000,4,0.784793,,0.784793,0.784793,0.784793,503.4615,503.4615,503.4615,505.23275,505.23275,505.23275
1505,20000,4,0.784793,,0.784793,0.784793,0.784793,503.4615,503.4615,503.4615,505.23275,505.23275,505.23275
1506,20000,4,0.784793,,0.784793,0.784793,0.784793,503.4615,503.4615,503.4615,505.23275,505.23275,505.23275
1507,20000,4,0.784793,,0.784793,0.784793,0.784793,503.4615,503.4615,503.4615,505.23275,505.23275,505.23275
1508,20000,4,0.784793,,0.784793,0.784793,0.784793,503.4615,503.4615,503.4615,505.23275,505.23275,505.23275
1509,20000,4,0.784793,,0.784793,0.784793,0.784793,503.4615,503.4615,503.4615,505.23275,505.23275,505.23275
1510,20000,4,0.784793,,0.784793,0.784793,0.784793,503.4615,503.4615,503.4615,505.23275,505.23275,505.23275
1511,20000,4,0.784793,,0.784793,0.784793,0.784793,503.4615,503.4615,503.4615,505.23275,505.23275,505.23275
1512,20000,4,0.784793,,0.784793,0.784793,0.784793,503.4615,503.4615,503.4615,505.23275,505.23275,505.23275
1513,20000,4,0.784793,,0.784793,0.784793,0.784793,503.4615,503.4615,503.4615,505.23275,505.23275,505.23275
1514,20000,4,0.784793,,0.784793,0.784793,0.784793,503.4615,503.4615,503.4615,505.23275,505.23275,505.23275
1515,20000,4,0.784793,,0.784793,0.784793,0.784793,503.4615,503.4615,503.4615,505.23275,505.23275,505.23275
1516,20000,4,0.784793,,0.784793,0.784793,0.784793,503.4615,503.4615,503.4615,505.23275,505.23275,505.23275
1517,20000,4,0.784793,,0.784793,0.784793,0.784793,503.4615,503.4615,503.4615,505.23275,505.23275,505.23275
1518,20000,4,0.784793,,0.784793,0.784793,0.784793,503.4615,503.4615,503.4615,505.23275,505.23275,505.23275
1519,20000,4,0.784793,,0.784793,0.784793,0.784793,503.4615,503.4615,503.4615,505.23275,505.23275,505.23275
1520,20000,4,0.784793,,0.784793,0.784793,0.784793,503.4615,503.4615,503.4615,505.23275,505.23275,505.23275
1521,20000,4,0.784793,,0.784793,0.784793,0.784793,503.4615,503.4615,503.4615,505.23275,505.23275,505.23275
1522,20000,4,0.784793,,0.784793,0.784793,0.784793,503.4615,503.4615,503.4615,505.23275,505.23275,505.23275
1523,20000,4,0.784793,,0.784793,0.784793,0.784793,503.4615,503.4615,503.4615,505.23275,505.23275,505.23275
1524,20000,4,0.784793,,0.784793,0.784793,0.784793,503.4615,503.4615,503.4615,505.23275,505.23275,505.23275
1525,20000,4,0.784793,,0.784793,0.784793,0.784793,503.4615,503.4615,503.4615,505.23275,505.23275,505.23275
1526,20000,4,0.784793,,0.784793,0.784793,0.784793,503.4615,503.4615,503.4615,505.23275,505.23275,505.23275
1527,20000,4,0.784793,,0.784793,0.784793,0.784793,503.4615,503.4615,503.4615,505.23275,505.23275,505.23275
1528,20000,4,0.784793,,0.784793,0.784793,0.784793,503.4615,503.4615,503.4615,505.23275,505.23275,505.23275
1529,20000,4,0.784793,,0.784793,0.784793,0.784793,503.4615,503.4615,503.4615,505.23275,505.23275,505.23275
1530,20000,4,0.784793,,0.784793,0.784793,0.784793,503.4615,503.4615,503.4615,505.23275,505.23275,505.23275
1531,20000,4,0.784793,,0.784793,0.784793,0.784793,503.4615,503.4615,503.4615,505.23275,505.23275,505.23275
1532,20000,4,0.784793,,0.784793,0.784793,0.784793,503.4615,503.4615,503.4615,505.23275,505.23275,505.23275
1533,20000,4,0.784793,,0.784793,0.784793,0.784793,503.4615,503.4615,503.4615,505.23275,505.23275,505.23275
1534,20000,4,0.784793,,0.784793,0.784793,0.784793,503.4615,503.4615,503.4615,505.23275,505.23275,505.23275
1535,20000,4,0.784793,,0.784793,0.784793,0.784793,503.4615,503.4615,503.4615,505.23275,505.23275,505.23275
1536,20000,4,0.784793,,0.784793,0.784793,0.784793,503.4615,503.4615,503.4615,505.23275,505.23275,505.23275
1537,20000,4,0.784793,,0.784793,0.784793,0.784793,503.4615,503.4615,503.4615,505.23275,505.23275,505.23275
1538,20000,4,0.784793,,0.784793,0.784793,0.784793,503.4615,503.4615,503.4615,505.23275,505.23275,505.23275
1539,20000,4,0.784793,,0.784793,0.784793,0.784793,503.4615,503.4615,503.4615,505.23275,505.23275,505.23275
1540,20000,4,0.784793,,0.784793,0.784793,0.784793,503.4615,503.4615,503.4615,505.23275,505.23275,505.23275
1541,20000,4,0.784793,,0.784793,0.784793,0.784793,503.4615,503.4615,503.4615,505.23275,505.23275,505.23275
1542,20000,4,0.784793,,0.784793,0.784793,0.784793,503.4615,503.4615,503.4615,505.23275,505.23275,505.23275
1543,20000,4,0.784793,,0.784793,0.784793,0.784793,503.4615,503.4615,503.4615,505.23275,505.23275,505.23275
1544,20000,4,0.784793,,0.784793,0.784793,0.784793,503.4615,503.4615,503.4615,505.23275,505.23275,505.23275
1545,20000,4,0.784793,,0.784793,0.784793,0.784793,503.4615,503.4615,503.4615,505.23275,505.23275,505.23275
1546,20000,4,0.784793,,0.784793,0.784793,0.784793,503.4615,503.4615,503.4615,505.23275,505.23275,505.23275
1547,20000,4,0.784793,,0.784793,0.784793,0.784793,503.4615,503.4615,503.4615,505.23275,505.23275,505.23275
1548,20000,4,0.784793,,0.784793,0.784793,0.784793,503.4615,503.4615,503.4615,505.23275,505.23275,505.23275
1549,20000,4,0.784793,,0.784793,0.784793,0.784793,503.4615,503.4615,503.4615,505.23275,505.23275,505.23275
1550,20000,4,0.784793,,0.784793,0.784793,0.784793,503.4615,503.4615,503.4615,505.23275,505.23275,505.23275
1551,20000,4,0.784793,,0.784793,0.784793,0.784793,503.4615,503.4615,503.4615,505.23275,505.23275,505.23275
1552,20000,4,0.784793,,0.784793,0.784793,0.784793,503.4615,503.4615,503.4615,505.23275,505.23275,505.23275
1553,20000,4,0.784793,,0.784793,0.784793,0.784793,503.4615,503.4615,503.4615,505.23275,505.23275,505.23275
1554,20000,4,0.784793,,0.784793,0.784793,0.784793,503.4615,503.4615,503.4615,505.23275,505.23275,505.23275
1555,20000,4,0.784793,,0.784793,0.784793,0.784793,503.4615,503.4615,503.4615,505.23275,505.23275,505.23275
1556,20000,4,0.784793,,0.784793,0.784793,0.784793,503.4615,503.4615,503.4615,505.23275,505.23275,505.23275
1557,20000,4,0.784793,,0.784793,0.784793,0.784793,503.4615,503.4615,503.4615,505.23275,505.23275,505.23275
1558,20000,4,0.784793,,0.784793,0.784793,0.784793,503.4615,503.4615,503.4615,505.23275,505.23275,505.23275
1559,20000,4,0.784793,,0.784793,0.784793,0.784793,503.4615,503.4615,503.4615,505.23275,505.23275,505.23275
1560,20000,4,0.784793,,0.784793,0.784793,0.784793,503.4615,503.4615,503.4615,505.23275,505.23275,505.23275
1561,20000,4,0.784793,,0.784793,0.784793,0.784793,503.4615,503.4615,503.4615,505.23275,505.23275,505.23275
1562,20000,4,0.784793,,0.784793,0.784793,0.784793,503.4615,503.4615,503.4615,505.23275,505.23275,505.23275
1563,20000,4,0.784793,,0.784793,0.784793,0.784793,503.4615,503.4615,503.4615,505.23275,505.23275,505.23275
1564,20000,4,0.784793,,0.784793,0.784793,0.784793,503.4615,503.4615,503.4615,505.23275,505.23275,505.23275
1565,20000,4,0.784793,,0.784793,0.784793,0.784793,503.4615,503.4615,503.4615,505.23275,505.23275,505.23275
1566,20000,4,0.784793,,0.784793,0.784793,0.784793,503.4615,503.4615,503.4615,505.23275,505.23275,505.23275
1567,20000,4,0.784793,,0.784793,0.784793,0.784793,503.4615,503.4615,503.4615,505.23275,505.23275,505.23275
1568,20000,4,0.784793,,0.784793,0.784793,0.784793,503.4615,503.4615,503.4615,505.23275,505.23275,505.23275
1569,20000,4,0.784793,,0.784793,0.784793,0.784793,503.4615,503.4615,503.4615,505.23275,505.23275,505.23275
1570,20000,4,0.784793,,0.784793,0.784793,0.784793,503.4615,503.4615,503.4615,505.23275,505.23275,505.23275
1571,20000,4,0.784793,,0.784793,0.784793,0.784793,503.4615,503.4615,503.4615,505.23275,505.23275,505.23275
1572,20000,4,0.784793,,0.784793,0.784793,0.784793,503.4615,503.4615,503.4615,505.23275,505.23275,505.23275
1573,20000,4,0.784793,,0.784793,0.784793,0.784793,503.4615,503.4615,503.4615,505.23275,505.23275,505.23275
1574,20000,4,0.784793,,0.784793,0.784793,0.784793,503.4615,503.4615,503.4615,505.23275,505.23275,505.23275
1575,20000,4,0.784793,,0.784793,0.784793,0.784793,503.4615,503.4615,503.4615,505.23275,505.23275,505.23275
1576,20000,4,0.784793,,0.784793,0.784793,0.784793,503.4615,503.4615,503.4615,505.23275,505.23275,505.23275
1577,20000,4,0.784793,,0.784793,0.784793,0.784793,503.4615,503.4615,503.4615,505.23275,505.23275,505.23275
1578,20000,4,0.784793,,0.784793,0.784793,0.784793,503.4615,503.4615,503.4615,505.23275,505.23275,505.23275
1579,20000,4,0.784793,,0.784793,0.784793,0.784793,503.4615,503.4615,503.4615,505.23275,505.23275,505.23275
1580,20000,4,0.784793,,0.784793,0.784793,0.784793,503.4615,503.4615,503.4615,505.23275,505.23275,505.23275
1581,20000,4,0.784793,,0.784793,0.784793,0.784793,503.4615,503.4615,503.4615,505.23275,505.23275,505.23275
1582,20000,4,0.784793,,0.784793,0.784793,0.784793,503.4615,503.4615,503.4615,505.23275,505.23275,505.23275
1583,20000,4,0.784793,,0.784793,0.784793,0.784793,503.4615,503.4615,503.4615,505.23275,505.23275,505.23275
1584,20000,4,0.784793,,0.784793,0.784793,0.784793,503.4615,503.4615,503.4615,505.23275,505.23275,505.23275
1585,20000,4,0.784793,,0.784793,0.784793,0.784793,503.4615,503.4615,503.4615,505.23275,505.23275,505.23275
1586,20000,4,0.784793,,0.784793,0.784793,0.784793,503.4615,503.4615,503.4615,505.23275,505.23275,505.23275
1587,20000,4,0.784793,,0.784793,0.784793,0.784793,503.4615,503.4615,503.4615,505.23275,505.23275,505.23275
1588,20000,4,0.784793,,0.784793,0.784793,0.784793,503.4615,503.4615,503.4615,505.23275,505.23275,505.23275
1589,20000,4,0.784793,,0.784793,0.784793,0.784793,503.4615,503.4615,503.4615,505.23275,505.23275,505.23275
1590,20000,4,0.784793,,0.784793,0.784793,0.784793,503.4615,503.4615,503.4615,505.23275,505.23275,505.23275
1591,20000,4,0.784793,,0.784793,0.784793,0.784793,503.4615,503.4615,503.4615,505.23275,505.23275,505.23275
1592,20000,4,0.784793,,0.784793,0.784793,0.784793,503.4615,503.4615,503.4615,505.23275,505.23275,505.23275
1593,20000,4,0.784793,,0.784793,0.784793,0.784793,503.4615,503.4615,503.4615,505.23275,505.23275,505.23275
1594,20000,4,0.784793,,0.784793,0.784793,0.784793,503.4615,503.4615,503.4615,505.23275,505.23275,505.23275
1595,20000,4,0.784793,,0.784793,0.784793,0.784793,503.4615,503.4615,503.4615,505.23275,505.23275,505.23275
1596,20000,4,0.784793,,0.784793,0.784793,0.784793,503.4615,503.4615,503.4615,505.23275,505.23275,505.23275
1597,20000,4,0.784793,,0.784793,0.784793,0.784793,503.4615,503.4615,503.4615,505.23275,505.23275,505.23275
1598,20000,4,0.784793,,0.784793,0.784793,0.784793,503.4615,503.4615,503.4615,505.23275,505.23275,505.23275
1599,20000,4,0.784793,,0.784793,0.784793,0.784793,503.4615,503.4615,503.4615,505.23275,505.23275,505.23275
1600,20000,4,0.784793,,0.784793,0.784793,0.784793,503.4615,503.4615,503.4615,505.23275,505.23275,505.23275
1601,20000,4,0.784793,,0.784793,0.784793,0.784793,503.4615,503.4615,503.4615,505.23275,505.23275,505.23275
1602,20000,4,0.784793,,0.784793,0.784793,0.784793,503.4615,503.4615,503.4615,505.23275,505.23275,505.23275
1603,20000,4,0.784793,,0.784793,0.784793,0.784793,503.4615,503.4615,503.4615,505.23275,505.23275,505.23275
1604,20000,4,0.784793,,0.784793,0.784793,0.784793,503.4615,503.4615,503.4615,505.23275,505.23275,505.23275
1605,20000,4,0.784793,,0.784793,0.784793,0.784793,503.4615,503.4615,503.4615,505.23275,505.23275,505.23275
1606,20000,4,0.784793,,0.784793,0.784793,0.784793,503.4615,503.4615,503.4615,505.23275,505.23275,505.23275
1607,20000,4,0.784793,,0.784793,0.784793,0.784793,503.4615,503.4615,503.4615,505.23275,505.23275,505.23275
1608,20000,4,0.784793,,0.784793,0.784793,0.784793,503.4615,503.4615,503.4615,505.23275,505.23275,505.23275
1609,20000,4,0.784793,,0.784793,0.784793,0.784793,503.4615,503.4615,503.4615,505.23275,505.23275,505.23275
1610,20000,4,0.784793,,0.784793,0.784793,0.784793,503.4615,503.4615,503.4615,505.23275,505.23275,505.23275
1611,20000,4,0.784793,,0.784793,0.784793,0.784793,503.4615,503.4615,503.4615,505.23275,505.23275,505.23275
1612,20000,4,0.784793,,0.784793,0.784793,0.784793,503.4615,503.4615,503.4615,505.23275,505.23275,505.23275
1613,20000,4,0.784793,,0.784793,0.784793,0.784793,503.4615,503.4615,503.4615,505.23275,505.23275,505.23275
1614,20000,4,0.784793,,0.784793,0.784793,0.784793,503.4615,503.4615,503.4615,505.23275,505.23275,505.23275
1615,20000,4,0.784793,,0.784793,0.784793,0.784793,503.4615,503.4615,503.4615,505.23275,505.23275,505.23275
1616,20000,4,0.784793,,0.784793,0.784793,0.784793,503.4615,503.4615,503.4615,505.23275,505.23275,505.23275
1617,20000,4,0.784793,,0.784793,0.784793,0.784793,503.4615,503.4615,503.4615,505.23275,505.23275,505.23275
1618,20000,4,0.784793,,0.784793,0.784793,0.784793,503.4615,503.4615,503.4615,505.23275,505.23275,505.23275
1619,20000,4,0.784793,,0.784793,0.784793,0.784793,503.4615,503.4615,503.4615,505.23275,505.23275,505.23275
1620,20000,4,0.784793,,0.784793,0.784793,0.784793,503.4615,503.4615,503.4615,505.23275,505.23275,505.23275
1621,20000,4,0.784793,,0.784793,0.784793,0.784793,503.4615,503.4615,503.4615,505.23275,505.23275,505.23275
1622,20000,4,0.784793,,0.784793,0.784793,0.784793,503.4615,503.4615,503.4615,505.23275,505.23275,505.23275
1623,20000,4,0.784793,,0.784793,0.784793,0.784793,503.4615,503.4615,503.4615,505.23275,505.23275,505.23275
1624,20000,4,0.784793,,0.784793,0.784793,0.784793,503.4615,503.4615,503.4615,505.23275,505.23275,505.23275
1625,20000,4,0.784793,,0.784793,0.784793,0.784793,503.4615,503.4615,503.4615,505.23275,505.23275,505.23275
1626,20000,4,0.784793,,0.784793,0.784793,0.784793,503.4615,503.4615,503.4615,505.23275,505.23275,505.23275
1627,20000,4,0.784793,,0.784793,0.784793,0.784793,503.4615,503.4615,503.4615,505.23275,505.23275,505.23275
1628,20000,4,0.784793,,0.784793,0.784793,0.784793,503.4615,503.4615,503.4615,505.23275,505.23275,505.23275
1629,20000,4,0.784793,,0.784793,0.784793,0.784793,503.4615,503.4615,503.4615,505.23275,505.23275,505.23275
1630,20000,4,0.784793,,0.784793,0.784793,0.784793,503.4615,503.4615,503.4615,505.23275,505.23275,505.23275
1631,20000,4,0.784793,,0.784793,0.784793,0.784793,503.4615,503.4615,503.4615,505.23275,505.23275,505.23275
1632,20000,4,0.784793,,0.784793,0.784793,0.784793,503.4615,503.4615,503.4615,505.23275,505.23275,505.23275
1633,20000,4,0.784793,,0.784793,0.784793,0.784793,503.4615,503.4615,503.4615,505.23275,505.23275,505.23275
1634,20000,4,0.784793,,0.784793,0.784793,0.784793,503.4615,503.4615,503.4615,505.23275,505.23275,505.23275
1635,20000,4,0.784793,,0.784793,0.784793,0.784793,503.4615,503.4615,503.4615,505.23275,505.23275,505.23275
1636,20000,4,0.784793,,0.784793,0.784793,0.784793,503.4615,503.4615,503.4615,505.23275,505.23275,505.23275
1637,20000,4,0.784793,,0.784793,0.784793,0.784793,503.4615,503.4615,503.4615,505.23275,505.23275,505.23275
1638,20000,4,0.784793,,0.784793,0.784793,0.784793,503.4615,503.4615,503.4615,505.23275,505.23275,505.23275
1639,20000,4,0.784793,,0.784793,0.784793,0.784793,503.4615,503.4615,503.4615,505.23275,505.23275,505.23275
1640,20000,4,0.784793,,0.784793,0.784793,0.784793,503.4615,503.4615,503.4615,505.23275,505.23275,505.23275
1641,20000,4,0.784793,,0.784793,0.784793,0.784793,503.4615,503.4615,503.4615,505.23275,505.23275,505.23275
1642,20000,4,0.784793,,0.784793,0.784793,0.784793,503.4615,503.4615,503.4615,505.23275,505.23275,505.23275
1643,20000,4,0.784793,,0.784793,0.784793,0.784793,503.4615,503.4615,503.4615,505.23275,505.23275,505.23275
1644,20000,4,0.784793,,0.784793,0.784793,0.784793,503.4615,503.4615,503.4615,505.23275,505.23275,505.23275
1645,20000,4,0.784793,,0.784793,0.784793,0.784793,503.4615,503.4615,503.4615,505.23275,505.23275,505.23275
1646,20000,4,0.784793,,0.784793,0.784793,0.784793,503.4615,503.4615,503.4615,505.23275,505.23275,505.23275
1647,20000,4,0.784793,,0.784793,0.784793,0.784793,503.4615,503.4615,503.4615,505.23275,505.23275,505.23275
1648,20000,4,0.784793,,0.784793,0.784793,0.784793,503.4615,503.4615,503.4615,505.23275,505.23275,505.23275
1649,20000,4,0.784793,,0.784793,0.784793,0.784793,503.4615,503.4615,503.4615,505.23275,505.23275,505.23275
1650,20000,4,0.784793,,0.784793,0.784793,0.784793,503.4615,503.4615,503.4615,505.23275,505.23275,505.23275
1651,20000,4,0.784793,,0.784793,0.784793,0.784793,503.4615,503.4615,503.4615,505.23275,505.23275,505.23275
1652,20000,4,0.784793,,0.784793,0.784793,0.784793,503.4615,503.4615,503.4615,505.23275,505.23275,505.23275
1653,20000,4,0.784793,,0.784793,0.784793,0.784793,503.4615,503.4615,503.4615,505.23275,505.23275,505.23275
1654,20000,4,0.784793,,0.784793,0.784793,0.784793,503.4615,503.4615,503.4615,505.23275,505.23275,505.23275
1655,20000,4,0.784793,,0.784793,0.784793,0.784793,503.4615,503.4615,503.4615,505.23275,505.23275,505.23275
1656,20000,4,0.784793,,0.784793,0.784793,0.784793,503.4615,503.4615,503.4615,505.23275,505.23275,505.23275
1657,20000,4,0.784793,,0.784793,0.784793,0.784793,503.4615,503.4615,503.4615,505.23275,505.23275,505.23275
1658,20000,4,0.784793,,0.784793,0.784793,0.784793,503.4615,503.4615,503.4615,505.23275,505.23275,505.23275
1659,20000,4,0.784793,,0.784793,0.784793,0.784793,503.4615,503.4615,503.4615,505.23275,505.23275,505.23275
1660,20000,4,0.784793,,0.784793,0.784793,0.784793,503.4615,503.4615,503.4615,505.23275,505.23275,505.23275
1661,20000,4,0.784793,,0.784793,0.784793,0.784793,503.4615,503.4615,503.4615,505.23275,505.23275,505.23275
1662,20000,4,0.784793,,0.784793,0.784793,0.784793,503.4615,503.4615,503.4615,505.23275,505.23275,505.23275
1663,20000,4,0.784793,,0.784793,0.784793,0.784793,503.4615,503.4615,503.4615,505.23275,505.23275,505.23275
1664,20000,4,0.784793,,0.784793,0.784793,0.784793,503.4615,503.4615,503.4615,505.23275,505.23275,505.23275
1665,20000,4,0.784793,,0.784793,0.784793,0.784793,503.4615,503.4615,503.4615,505.23275,505.23275,505.23275
1666,20000,4,0.784793,,0.784793,0.784793,0.784793,503.4615,503.4615,503.4615,505.23275,505.23275,505.23275
1667,20000,4,0.784793,,0.784793,0.784793,0.784793,503.4615,503.4615,503.4615,505.23275,505.23275,505.23275
1668,20000,4,0.784793,,0.784793,0.784793,0.784793,503.4615,503.4615,503.4615,505.23275,505.23275,505.23275
1669,20000,4,0.784793,,0.784793,0.784793,0.784793,503.4615,503.4615,503.4615,505.23275,505.23275,505.23275
1670,20000,4,0.784793,,0.784793,0.784793,0.784793,503.4615,503.4615,503.4615,505.23275,505.23275,505.23275
1671,20000,4,0.784793,,0.784793,0.784793,0.784793,503.4615,503.4615,503.4615,505.23275,505.23275,505.23275
1672,20000,4,0.784793,,0.784793,0.784793,0.784793,503.4615,503.4615,503.4615,505.23275,505.23275,505.23275
1673,20000,4,0.784793,,0.784793,0.784793,0.784793,503.4615,503.4615,503.4615,505.23275,505.23275,505.23275
1674,20000,4,0.784793,,0.784793,0.784793,0.784793,503.4615,503.4615,503.4615,505.23275,505.23275,505.23275
1675,20000,4,0.784793,,0.784793,0.784793,0.784793,503.4615,503.4615,503.4615,505.23275,505.23275,505.23275
1676,20000,4,0.784793,,0.784793,0.784793,0.784793,503.4615,503.4615,503.4615,505.23275,505.23275,505.23275
1677,20000,4,0.784793,,0.784793,0.784793,0.784793,503.4615,503.4615,503.4615,505.23275,505.23275,505.23275
1678,20000,4,0.784793,,0.784793,0.784793,0.784793,503.4615,503.4615,503.4615,505.23275,505.23275,505.23275
1679,20000,4,0.784793,,0.784793,0.784793,0.784793,503.4615,503.4615,503.4615,505.23275,505.23275,505.23275
1680,20000,4,0.784793,,0.784793,0.784793,0.784793,503.4615,503.4615,503.4615,505.23275,505.23275,505.23275
1681,20000,4,0.784793,,0.784793,0.784793,0.784793,503.4615,503.4615,503.4615,505.23275,505.23275,505.23275
1682,20000,4,0.784793,,0.784793,0.784793,0.784793,503.4615,503.4615,503.4615,505.23275,505.23275,505.23275
1683,20000,4,0.784793,,0.784793,0.784793,0.784793,503.4615,503.4615,503.4615,505.23275,505.23275,505.23275
1684,20000,4,0.784793,,0.784793,0.784793,0.784793,503.4615,503.4615,503.4615,505.23275,505.23275,505.23275
1685,20000,4,0.784793,,0.784793,0.784793,0.784793,503.4615,503.4615,503.4615,505.23275,505.23275,505.23275
1686,20000,4,0.784793,,0.784793,0.784793,0.784793,503.4615,503.4615,503.4615,505.23275,505.23275,505.23275
1687,20000,4,0.784793,,0.784793,0.784793,0.784793,503.4615,503.4615,503.4615,505.23275,505.23275,505.23275
1688,20000,4,0.784793,,0.784793,0.784793,0.784793,503.4615,503.4615,503.4615,505.23275,505.23275,505.23275
1689,20000,4,0.784793,,0.784793,0.784793,0.784793,503.4615,503.4615,503.4615,505.23275,505.23275,505.23275
1690,20000,4,0.784793,,0.784793,0.784793,0.784793,503.4615,503.4615,503.4615,505.23275,505.23275,505.23275
1691,20000,4,0.784793,,0.784793,0.784793,0.784793,503.4615,503.4615,503.4615,505.23275,505.23275,505.23275
1692,20000,4,0.784793,,0.784793,0.784793,0.784793,503.4615,503.4615,503.4615,505.23275,505.23275,505.23275
1693,20000,4,0.784793,,0.784793,0.784793,0.784793,503.4615,503.4615,503.4615,505.23275,505.23275,505.23275
1694,20000,4,0.784793,,0.784793,0.784793,0.784793,503.4615,503.4615,503.4615,505.23275,505.23275,505.23275
1695,20000,4,0.784793,,0.784793,0.784793,0.784793,503.4615,503.4615,503.4615,505.23275,505.23275,505.23275
1696,20000,4,0.784793,,0.784793,0.784793,0.784793,503.4615,503.4615,503.4615,505.23275,505.23275,505.23275
1697,20000,4,0.784793,,0.784793,0.784793,0.784793,503.4615,503.4615,503.4615,505.23275,505.23275,505.23275
1698,20000,4,0.784793,,0.784793,0.784793,0.784793,503.4615,503.4615,503.4615,505.23275,505.23275,505.23275
1699,20000,4,0.784793,,0.784793,0.784793,0.784793,503.4615,503.4615,503.4615,505.23275,505.23275,505.23275
