gen,seed,threads,best_global,picos,fit_best,fit_worst,fit_mean,green_best,green_worst,green_mean,emis_best,emis_worst,emis_mean
0,20000,8,0.501261,,0.501261,0.374638,0.426154,326.5908,250.8421,281.339694,607.812746,656.397319,636.126197
1,20000,8,0.501261,,0.501261,0.378338,0.439791,326.5908,252.5439,289.165512,607.812746,654.12646,630.733466
2,20000,8,0.50412,,0.50412,0.39576,0.452485,327.4597,261.9235,296.343207,605.423424,646.822573,625.641895
3,20000,8,0.50412,,0.50412,0.407628,0.461194,327.4597,268.8762,301.862941,605.423424,642.358783,622.548031
4,20000,8,0.508353,,0.508353,0.419105,0.471308,330.3043,280.8637,308.082947,604.072553,641.305879,618.827103
5,20000,8,0.508353,,0.508353,0.442391,0.47798,330.6981,287.3115,312.041164,604.072553,632.978481,616.275536
6,20000,8,0.533298,,0.533298,0.456202,0.483375,340.124,298.0495,315.237972,591.945919,625.108773,614.209139
7,20000,8,0.533298,,0.533298,0.46516,0.488709,340.124,300.8017,318.331711,591.945919,624.687705,612.122051
8,20000,8,0.533298,,0.533298,0.469142,0.492216,340.124,301.9676,320.609968,591.945919,625.367266,610.913577
9,20000,8,0.533298,,0.533298,0.475236,0.495855,340.124,307.7306,323.086931,591.945919,620.66741,609.734849
10,20000,8,0.533298,,0.533298,0.475236,0.500156,340.124,307.7306,325.921848,591.945919,623.276723,608.279563
11,20000,8,0.533298,,0.533298,0.47851,0.504776,342.0971,314.852,328.426292,591.945919,619.119149,606.354429
12,20000,8,0.538878,,0.538878,0.48315,0.509003,345.5999,318.7496,330.520005,591.262406,618.43312,604.459922
13,20000,8,0.538878,,0.538878,0.48315,0.512014,345.5999,318.7496,331.917608,591.262406,618.43312,603.047724
14,20000,8,0.538878,,0.538878,0.494708,0.515052,345.5999,318.7496,333.507085,591.262406,614.96886,601.743507
15,20000,8,0.557732,,0.557732,0.496316,0.519178,354.7663,325.1272,335.589745,582.69871,612.850959,599.921152
16,20000,8,0.557732,,0.557732,0.496316,0.522717,354.7663,325.1272,337.614878,582.69871,612.850959,598.517239
17,20000,8,0.557732,,0.557732,0.502249,0.526834,354.7663,327.7506,340.054422,582.69871,612.850959,596.94103
18,20000,8,0.561505,,0.561505,0.505795,0.530788,357.4178,327.7506,342.330631,581.533068,610.939628,595.382461
19,20000,8,0.563681,,0.563681,0.505865,0.534367,357.847,328.2454,344.538589,580.123374,610.939628,594.069912
20,20000,8,0.565645,,0.565645,0.507169,0.538313,362.7471,333.5481,346.880328,580.123374,610.699094,592.561449
21,20000,8,0.565645,,0.565645,0.511988,0.541724,362.7471,333.5481,348.950563,580.123374,609.36185,591.288227
22,20000,8,0.567453,,0.567453,0.513132,0.54487,362.7471,338.8258,350.796872,578.957733,609.36185,590.071516
23,20000,8,0.567783,,0.567783,0.521208,0.547749,366.2323,337.0071,352.502723,578.957733,607.293338,588.968953
24,20000,8,0.576318,,0.576318,0.525957,0.551308,370.1774,339.7352,354.863335,578.528782,603.212733,587.774737
25,20000,8,0.576318,,0.576318,0.527797,0.554356,370.1774,345.3747,356.855732,578.299185,603.212733,586.732829
26,20000,8,0.576318,,0.576318,0.535588,0.557198,370.1774,345.3747,358.52772,577.746049,598.587195,585.635966
27,20000,8,0.576363,,0.576363,0.535588,0.560094,370.1774,345.3747,360.498697,576.609282,598.587195,584.697734
28,20000,8,0.576759,,0.576759,0.537579,0.56326,375.7768,349.248,362.416546,576.385008,595.564196,583.513844
29,20000,8,0.579546,,0.579546,0.546128,0.565899,375.7768,351.2765,363.586406,575.111965,594.498795,582.239356
30,20000,8,0.581681,,0.581681,0.546128,0.567958,375.7768,351.2765,364.12652,574.657,593.474341,580.994943
31,20000,8,0.583591,,0.583591,0.551181,0.569959,375.7768,351.2765,365.407933,573.094767,590.273759,580.292905
32,20000,8,0.587141,,0.587141,0.552973,0.572357,377.7133,355.5754,366.896007,573.094767,590.273759,579.419656
33,20000,8,0.591393,,0.591393,0.552973,0.574859,379.7266,357.4585,368.19724,573.094767,588.755523,578.339843
34,20000,8,0.591393,,0.591393,0.559296,0.5764,379.7266,361.9737,369.186216,573.094767,586.879896,577.80071
35,20000,8,0.591393,,0.591393,0.562931,0.578332,379.7266,362.142,370.208653,572.436457,585.458857,576.979182
36,20000,8,0.591393,,0.591393,0.565024,0.579572,379.7266,362.142,370.884643,571.611383,584.165949,576.465068
37,20000,8,0.596589,,0.596589,0.565651,0.58114,381.353,362.2572,371.935843,570.206687,582.31282,575.946217
38,20000,8,0.596589,,0.596589,0.566732,0.582931,381.7652,362.2572,373.120012,570.206687,581.32956,575.342665
39,20000,8,0.596589,,0.596589,0.566732,0.584707,381.7652,362.2572,374.359082,570.206687,581.32956,574.787867
40,20000,8,0.598246,,0.598246,0.57004,0.587339,385.8424,362.2572,376.05864,570.206687,578.812483,573.87342
41,20000,8,0.607804,,0.607804,0.580118,0.589504,394.1279,370.5336,377.648151,567.902271,578.812483,573.250261
42,20000,8,0.607804,,0.607804,0.582819,0.591094,394.1279,370.5336,378.811415,567.715133,577.091006,572.789769
43,20000,8,0.607804,,0.607804,0.582819,0.592571,394.1279,370.926,379.764662,566.432289,576.902033,572.276077
44,20000,8,0.607804,,0.607804,0.584212,0.593984,394.2182,370.926,380.49936,564.484438,576.902033,571.666564
45,20000,8,0.611729,,0.611729,0.584212,0.595627,394.2182,370.926,381.656532,564.484438,575.852267,571.160292
46,20000,8,0.613328,,0.613328,0.585018,0.597521,396.5546,371.5231,383.004408,564.151131,573.532104,570.586267
47,20000,8,0.613328,,0.613328,0.585018,0.59917,396.5546,371.5231,383.948349,564.151131,573.436535,569.932305
48,20000,8,0.613328,,0.613328,0.585018,0.600624,396.5546,371.5231,384.652572,564.151131,573.436535,569.269974
49,20000,8,0.617079,,0.617079,0.585018,0.602489,396.5546,371.5231,385.827262,562.43159,573.153659,568.60244
50,20000,8,0.617079,,0.617079,0.585018,0.60408,397.6481,371.5231,386.6887,562.43159,573.153659,567.938968
51,20000,8,0.617079,,0.617079,0.585285,0.605689,397.6481,371.5231,387.963886,562.43159,572.436457,567.538756
52,20000,8,0.619927,,0.619927,0.592187,0.606781,398.8793,376.0168,388.545858,562.43159,572.718582,567.076429
53,20000,8,0.619927,,0.619927,0.592187,0.608206,398.8793,376.0168,389.350227,562.283471,571.304683,566.50403
54,20000,8,0.619927,,0.619927,0.596137,0.609784,400.4989,380.9337,390.373965,562.283471,571.169945,565.959053
55,20000,8,0.624605,,0.624605,0.598741,0.61135,402.4012,380.9718,390.986172,561.679182,571.169945,565.148041
56,20000,8,0.624605,,0.624605,0.60166,0.613092,402.4012,380.9718,391.942956,559.956775,570.323976,564.43014
57,20000,8,0.627538,,0.627538,0.602805,0.614497,402.4012,380.9718,392.779671,558.262976,570.323976,563.894975
58,20000,8,0.632948,,0.632948,0.603204,0.615871,405.5154,381.3144,393.401642,557.519035,569.988894,563.239908
59,20000,8,0.635584,,0.635584,0.60569,0.618136,407.3436,385.2926,394.66002,556.709669,565.747296,562.316806
60,20000,8,0.635584,,0.635584,0.609439,0.619753,407.3436,388.4558,395.839279,556.709669,565.10492,561.846052
61,20000,8,0.635584,,0.635584,0.609439,0.621245,407.3436,387.6576,396.673959,556.709669,565.10492,561.241537
62,20000,8,0.635586,,0.635586,0.611402,0.622373,407.3436,388.7356,397.29265,555.540834,564.40967,560.776018
63,20000,8,0.636728,,0.636728,0.611576,0.623979,408.1644,389.4384,398.288162,555.540834,563.946732,560.190785
64,20000,8,0.636728,,0.636728,0.613707,0.625799,408.1644,391.3517,399.486728,555.540834,563.946732,559.573837
65,20000,8,0.642463,,0.642463,0.613707,0.627433,410.2405,391.3517,400.573938,553.782253,564.106569,559.02829
66,20000,8,0.642463,,0.642463,0.613707,0.629131,410.2405,391.3517,401.567351,553.663151,563.946732,558.368979
67,20000,8,0.65013,,0.65013,0.616067,0.630832,417.1917,392.5738,402.72992,552.459995,563.518306,557.821904
68,20000,8,0.65013,,0.65013,0.616067,0.632157,417.1917,393.2507,403.696336,552.459995,563.518306,557.435741
69,20000,8,0.65013,,0.65013,0.618619,0.634029,417.1917,394.8824,404.860578,552.459995,562.105651,556.755908
70,20000,8,0.65013,,0.65013,0.626169,0.635493,417.1917,398.0503,405.860039,552.459995,559.953135,556.283544
71,20000,8,0.655298,,0.655298,0.626357,0.636606,418.9889,398.0503,406.759401,549.051321,559.803252,556.017703
72,20000,8,0.655298,,0.655298,0.629189,0.637597,418.9889,399.8986,407.557309,549.051321,559.803252,555.780037
73,20000,8,0.655298,,0.655298,0.629746,0.639187,418.9889,400.3088,408.847933,549.051321,559.439456,555.404379
74,20000,8,0.655298,,0.655298,0.630374,0.641186,418.9889,400.5378,410.262053,548.834648,557.837975,554.793113
75,20000,8,0.655528,,0.655528,0.630625,0.642568,419.7286,401.1058,411.197745,548.834648,557.837975,554.341676
76,20000,8,0.669413,,0.669413,0.633042,0.644512,425.9509,401.4871,412.447911,543.289214,557.837975,553.663513
77,20000,8,0.672788,,0.672788,0.63504,0.645961,427.7481,403.7772,413.346665,541.860837,556.711414,553.135316
78,20000,8,0.672788,,0.672788,0.63504,0.647749,427.7481,403.7772,414.418625,541.860837,556.670289,552.459293
79,20000,8,0.675085,,0.675085,0.636815,0.650332,429.3311,404.983,416.024782,541.129461,556.258113,551.520608
80,20000,8,0.675085,,0.675085,0.64045,0.651742,429.3311,409.0457,416.844055,541.129461,555.107436,550.970067
81,20000,8,0.675282,,0.675282,0.64045,0.653124,429.6255,409.6489,417.720732,541.003255,555.107436,550.479569
82,20000,8,0.675282,,0.675282,0.64045,0.654219,429.6255,409.6489,418.394509,541.003255,554.956046,550.076386
83,20000,8,0.675282,,0.675282,0.64144,0.655942,429.6255,409.8249,419.49277,541.003255,554.30144,549.468601
84,20000,8,0.675282,,0.675282,0.644453,0.65765,429.6255,412.4087,420.390353,541.003255,553.683072,548.737678
85,20000,8,0.676297,,0.676297,0.646183,0.659472,431.1981,407.8024,421.025468,538.803105,554.334904,547.742444
86,20000,8,0.676297,,0.676297,0.649351,0.662056,432.8186,407.8024,422.121108,538.803105,552.707211,546.460753
87,20000,8,0.676297,,0.676297,0.649359,0.664415,432.8186,409.2478,423.450967,538.803105,552.058383,545.51247
88,20000,8,0.676791,,0.676791,0.652328,0.66617,432.8186,411.1611,424.583667,538.803105,551.458859,544.901846
89,20000,8,0.679804,,0.679804,0.655273,0.668459,435.5495,414.1282,426.186406,538.803105,551.458859,544.190957
90,20000,8,0.681938,,0.681938,0.656232,0.670429,436.4715,414.1282,427.316897,536.999984,550.302238,543.411814
91,20000,8,0.681938,,0.681938,0.656232,0.671838,436.4715,419.3494,428.239947,536.999984,550.302238,542.931589
92,20000,8,0.689273,,0.689273,0.656232,0.673442,438.7779,419.3494,429.076678,535.090948,549.460389,542.240618
93,20000,8,0.691913,,0.691913,0.66117,0.674902,441.1981,420.8449,429.844177,535.090948,548.494965,541.615976
94,20000,8,0.691913,,0.691913,0.661616,0.676261,441.1981,422.2163,430.828835,535.090948,548.244567,541.216471
95,20000,8,0.691913,,0.691913,0.661616,0.677236,441.1981,422.2163,431.579634,535.090948,548.244567,540.959013
96,20000,8,0.691913,,0.691913,0.664615,0.678221,441.1981,422.2163,432.183972,535.090948,545.267033,540.595276
97,20000,8,0.691913,,0.691913,0.664615,0.679139,441.1981,422.2163,432.724636,535.090948,545.267033,540.2414
98,20000,8,0.691913,,0.691913,0.664615,0.680387,441.1981,422.2163,433.565892,535.090948,544.528571,539.832224
99,20000,8,0.691913,,0.691913,0.671985,0.681281,441.1981,427.569,434.293895,535.090948,544.148415,539.622504
100,20000,8,0.694375,,0.694375,0.671985,0.682184,444.3999,429.1689,435.040414,535.090948,544.671021,539.418055
101,20000,8,0.694375,,0.694375,0.674873,0.683115,444.3999,428.1102,435.764008,535.090948,544.671021,539.177473
102,20000,8,0.694986,,0.694986,0.676736,0.684267,444.3999,430.9004,436.571833,532.80894,543.447351,538.819991
103,20000,8,0.694986,,0.694986,0.676736,0.685393,444.3999,430.9004,437.141299,532.80894,543.447351,538.323087
104,20000,8,0.697926,,0.697926,0.676806,0.686605,445.8115,430.9499,437.668759,532.80894,541.14698,537.731363
105,20000,8,0.697926,,0.697926,0.677764,0.687651,445.8115,432.2276,438.340337,532.453493,541.14698,537.365462
106,20000,8,0.697926,,0.697926,0.679234,0.688242,445.8115,432.2276,438.832556,531.615329,542.105447,537.23412
107,20000,8,0.697926,,0.697926,0.6794,0.688925,445.8115,432.2276,439.312931,531.615329,542.105447,537.023382
108,20000,8,0.698538,,0.698538,0.680939,0.68969,445.8115,432.7158,439.879933,531.615329,542.105447,536.806983
109,20000,8,0.698538,,0.698538,0.680943,0.690428,445.8115,432.7158,440.433467,531.615329,542.105447,536.601922
110,20000,8,0.698538,,0.698538,0.68157,0.691268,445.8115,432.7158,440.933298,531.615329,541.342516,536.281573
111,20000,8,0.699687,,0.699687,0.68157,0.691992,446.4293,432.7158,441.383694,531.557334,541.342516,536.01919
112,20000,8,0.699687,,0.699687,0.68445,0.692734,446.4293,435.5233,441.827737,531.557334,540.284137,535.73772
113,20000,8,0.699904,,0.699904,0.68445,0.693288,446.4293,435.5233,442.267401,531.557334,540.143654,535.60031
114,20000,8,0.699904,,0.699904,0.685887,0.694092,446.4293,438.3747,442.884168,531.557334,540.143654,535.386191
115,20000,8,0.699904,,0.699904,0.687181,0.694497,446.4293,438.8274,443.093379,531.557334,540.143654,535.210283
116,20000,8,0.700327,,0.700327,0.687181,0.695098,446.4293,438.8274,443.262688,531.152093,540.143654,534.855225
117,20000,8,0.700327,,0.700327,0.687181,0.695722,446.4293,438.8274,443.628626,531.152093,540.143654,534.613501
118,20000,8,0.700901,,0.700901,0.689295,0.696185,447.2306,440.2867,443.882386,531.091395,540.143654,534.422679
119,20000,8,0.700901,,0.700901,0.689295,0.696803,447.8085,440.2867,444.028319,531.091395,540.143654,534.03807
120,20000,8,0.700901,,0.700901,0.690765,0.697349,447.8734,440.9647,444.354556,530.97637,539.973528,533.831384
121,20000,8,0.700955,,0.700955,0.690765,0.697971,447.9185,440.9647,444.550794,530.97637,539.973528,533.477843
122,20000,8,0.701507,,0.701507,0.693198,0.698616,447.9185,440.9647,444.726154,530.641606,537.686624,533.091531
123,20000,8,0.701507,,0.701507,0.694552,0.69909,447.9185,441.4823,444.992361,530.641606,537.686624,532.900701
124,20000,8,0.703892,,0.703892,0.694552,0.699336,448.0006,441.4823,445.134299,530.641606,537.686624,532.803873
125,20000,8,0.703892,,0.703892,0.694552,0.699563,448.9493,441.4823,445.118899,530.641606,537.686624,532.616416
126,20000,8,0.703892,,0.703892,0.694552,0.699943,448.9493,441.4823,445.371395,530.641606,537.686624,532.489326
127,20000,8,0.703892,,0.703892,0.694552,0.700205,448.9493,441.4823,445.502905,530.580908,536.396046,532.37332
128,20000,8,0.704732,,0.704732,0.696022,0.700674,449.9699,443.5288,445.887795,530.465883,536.22592,532.265436
129,20000,8,0.704732,,0.704732,0.697509,0.701043,449.2232,444.1741,446.091064,530.465873,535.735519,532.113293
130,20000,8,0.704732,,0.704732,0.697509,0.7014,449.2232,444.1741,446.424945,530.465873,535.735519,532.058385
131,20000,8,0.704732,,0.704732,0.698458,0.70163,449.2232,444.1741,446.646706,530.465873,535.735519,532.027888
132,20000,8,0.705762,,0.705762,0.698468,0.702235,451.0444,444.1741,447.099434,530.021958,534.957442,531.859712
133,20000,8,0.705762,,0.705762,0.699904,0.702677,451.0444,444.1741,447.343507,530.021958,534.957442,531.67827
134,20000,8,0.705762,,0.705762,0.699904,0.703069,451.0444,444.2593,447.614323,530.021958,534.957442,531.553979
135,20000,8,0.705762,,0.705762,0.699904,0.703342,450.7399,444.2593,447.779385,530.021958,534.087301,531.451203
136,20000,8,0.707232,,0.707232,0.699904,0.703625,451.7845,444.2593,448.01443,529.851832,532.808711,531.388328
137,20000,8,0.70865,,0.70865,0.699904,0.70391,453.4188,444.2593,448.335386,529.851832,533.010986,531.380892
138,20000,8,0.70865,,0.70865,0.700955,0.704204,453.4188,445.693,448.593934,529.844728,532.353124,531.325206
139,20000,8,0.70865,,0.70865,0.700955,0.704614,453.4188,445.693,448.98068,529.566156,532.353124,531.264608
140,20000,8,0.70865,,0.70865,0.701144,0.704963,453.4188,445.8689,449.305224,529.566156,532.353124,531.209611
141,20000,8,0.70865,,0.70865,0.701144,0.705296,453.4188,445.8689,449.586063,529.566156,532.353124,531.138357
142,20000,8,0.709187,,0.709187,0.702062,0.70565,453.4188,446.1474,449.932328,529.747001,533.054308,531.093885
143,20000,8,0.709187,,0.709187,0.702062,0.706092,453.5449,446.1474,450.366448,529.692248,533.054308,531.040083
144,20000,8,0.710826,,0.710826,0.702967,0.706413,455.2074,448.0006,450.674931,529.692248,533.054308,530.996477
145,20000,8,0.712131,,0.712131,0.70316,0.706817,456.0168,448.0006,450.956943,529.682995,532.138669,530.870368
146,20000,8,0.712578,,0.712578,0.70316,0.707127,456.0168,448.0006,451.225215,529.674602,532.138669,530.808478
147,20000,8,0.712578,,0.712578,0.70316,0.707521,456.0168,448.0006,451.584784,529.609588,532.138669,530.741973
148,20000,8,0.712578,,0.712578,0.703492,0.707926,456.0168,448.3518,452.016125,529.609588,532.075705,530.715164
149,20000,8,0.712578,,0.712578,0.703492,0.708379,456.0168,448.3518,452.49655,529.609588,532.075705,530.683939
150,20000,8,0.713069,,0.713069,0.704513,0.708834,456.0168,448.3518,452.94781,529.207814,531.888845,530.631503
151,20000,8,0.713069,,0.713069,0.704513,0.709117,456.0168,448.3518,453.157262,529.207814,531.7814,530.551161
152,20000,8,0.713069,,0.713069,0.704513,0.709598,456.1469,448.3518,453.61259,529.207814,531.7814,530.480801
153,20000,8,0.713069,,0.713069,0.706098,0.709943,456.1469,449.2592,453.88821,529.207814,531.7814,530.396502
154,20000,8,0.714064,,0.714064,0.706448,0.710412,457.9452,449.2592,454.282336,529.207814,531.7814,530.29454
155,20000,8,0.715002,,0.715002,0.706448,0.710884,457.9452,449.2592,454.726565,528.992204,531.33931,530.223974
156,20000,8,0.715002,,0.715002,0.707515,0.7114,457.9452,449.9849,455.120339,528.992204,531.090525,530.08581
157,20000,8,0.715002,,0.715002,0.707515,0.711733,457.9452,449.9849,455.436693,528.992204,531.287113,530.037415
158,20000,8,0.718437,,0.718437,0.708347,0.712162,459.4189,450.9368,455.732271,527.477334,531.090525,529.901404
159,20000,8,0.718437,,0.718437,0.70865,0.712706,459.4189,453.4188,456.082147,527.477334,531.090525,529.711543
160,20000,8,0.718437,,0.718437,0.70865,0.71304,459.4189,453.4188,456.299862,527.477334,531.090525,529.597062
161,20000,8,0.718437,,0.718437,0.70865,0.713321,459.4189,453.4188,456.477117,527.477334,531.090525,529.496556
162,20000,8,0.718437,,0.718437,0.710585,0.713676,459.4189,454.143,456.611116,527.28168,530.622442,529.309473
163,20000,8,0.719375,,0.719375,0.710585,0.714144,459.4189,454.143,456.87654,526.56912,530.622442,529.122112
164,20000,8,0.719375,,0.719375,0.710585,0.714571,459.4189,454.143,457.085634,526.56912,530.274004,528.929418
165,20000,8,0.719709,,0.719709,0.712355,0.714933,459.4189,454.143,457.232433,526.30844,530.274004,528.74539
166,20000,8,0.719709,,0.719709,0.712355,0.715486,459.4407,454.143,457.449619,526.30844,529.900418,528.459332
167,20000,8,0.722017,,0.722017,0.712355,0.716179,460.9144,454.143,457.696433,525.68657,529.900418,528.0845
168,20000,8,0.722017,,0.722017,0.712468,0.716799,460.9144,454.143,457.949196,525.68657,529.641591,527.769755
169,20000,8,0.722017,,0.722017,0.712468,0.717227,460.9144,454.143,458.131015,525.68657,529.641591,527.557983
170,20000,8,0.72872,,0.72872,0.713798,0.718151,468.0065,452.9951,458.600788,523.567957,529.240686,527.151673
171,20000,8,0.72872,,0.72872,0.714155,0.718835,468.0065,454.143,458.954116,523.567957,529.415588,526.855302
172,20000,8,0.72872,,0.72872,0.714155,0.719284,468.0065,454.143,459.264615,523.567957,529.415588,526.71338
173,20000,8,0.730702,,0.730702,0.714155,0.719857,468.0065,454.143,459.567132,523.567957,528.873348,526.468605
174,20000,8,0.730702,,0.730702,0.714155,0.720169,468.0065,454.143,459.772022,523.567957,528.873348,526.362997
175,20000,8,0.734192,,0.734192,0.714155,0.720968,469.93,454.143,460.404445,522.232139,528.873348,526.163336
176,20000,8,0.734192,,0.734192,0.714155,0.721677,469.93,454.143,460.811146,522.232139,528.873348,525.883161
177,20000,8,0.734192,,0.734192,0.71579,0.722196,469.93,455.4324,461.144124,522.232139,528.873348,525.701318
178,20000,8,0.734192,,0.734192,0.716088,0.722943,469.93,455.7601,461.509923,521.504219,528.053893,525.363716
179,20000,8,0.734192,,0.734192,0.716088,0.723442,469.93,455.7601,461.927774,521.504219,528.053893,525.254664
180,20000,8,0.735069,,0.735069,0.716088,0.724187,470.863,456.0714,462.501254,521.504219,527.976715,525.057453
181,20000,8,0.735069,,0.735069,0.716088,0.725008,470.863,456.0714,462.945995,521.504219,527.976715,524.715508
182,20000,8,0.735069,,0.735069,0.718808,0.725957,470.863,457.3765,463.51363,520.376396,528.109654,524.355137
183,20000,8,0.735069,,0.735069,0.718391,0.726619,470.863,456.8859,463.816792,520.376396,526.90743,524.042496
184,20000,8,0.73673,,0.73673,0.7193,0.727016,472.1815,457.4903,464.177464,520.651156,526.90743,523.974374
185,20000,8,0.73673,,0.73673,0.722352,0.727654,472.1815,458.9562,464.567127,520.638277,526.81937,523.737781
186,20000,8,0.73673,,0.73673,0.722352,0.7281,472.1815,458.9562,464.876026,520.638277,526.81937,523.597026
187,20000,8,0.73673,,0.73673,0.722709,0.728562,472.1815,458.9562,465.069938,520.638277,526.81937,523.36638
188,20000,8,0.73673,,0.73673,0.722709,0.729159,472.1815,459.2229,465.337901,520.638277,525.861832,523.079967
189,20000,8,0.737541,,0.737541,0.722709,0.730039,472.591,459.2229,465.904346,519.952073,525.326731,522.773829
190,20000,8,0.737541,,0.737541,0.723238,0.730537,472.591,459.2229,466.215764,519.952073,525.116461,522.593751
191,20000,8,0.737541,,0.737541,0.723724,0.730949,472.591,460.7965,466.576748,519.952073,525.101729,522.514029
192,20000,8,0.737541,,0.737541,0.723724,0.73163,473.008,460.7965,466.97203,519.952073,525.101729,522.24814
193,20000,8,0.737541,,0.737541,0.723868,0.732289,473.008,460.7965,467.37087,519.952073,524.989471,522.001325
194,20000,8,0.737541,,0.737541,0.723868,0.732895,473.008,461.079,467.786919,519.952073,524.785248,521.807014
195,20000,8,0.737867,,0.737867,0.726622,0.733494,473.2106,461.6117,468.23256,519.952073,523.989278,521.638636
196,20000,8,0.738475,,0.738475,0.728597,0.733918,473.3969,463.8145,468.603411,519.202786,523.989278,521.556747
197,20000,8,0.738475,,0.738475,0.728597,0.734187,473.3969,463.8145,468.709013,519.202786,523.989278,521.417793
198,20000,8,0.738475,,0.738475,0.728597,0.73438,473.3969,463.8145,468.883339,519.202786,523.989278,521.383513
199,20000,8,0.741591,,0.741591,0.728672,0.734832,475.43,464.1967,469.343242,519.202786,523.77938,521.339323
200,20000,8,0.743179,,0.743179,0.728672,0.735303,476.0068,464.1967,469.780568,519.202786,523.77938,521.264988
201,20000,8,0.743179,,0.743179,0.728672,0.73582,476.0068,464.1967,470.138695,519.142542,523.77938,521.101675
202,20000,8,0.743179,,0.743179,0.730626,0.736508,476.0068,466.1177,470.565013,519.142542,523.681255,520.850546
203,20000,8,0.743179,,0.743179,0.731342,0.737123,476.0068,467.2322,470.913475,519.142542,523.183736,520.604746
204,20000,8,0.74359,,0.74359,0.731853,0.737762,476.4635,467.2322,471.418164,519.142542,523.065272,520.444119
205,20000,8,0.74414,,0.74414,0.731853,0.738343,476.4635,467.2322,471.84224,516.784673,522.895584,520.275774
206,20000,8,0.747975,,0.747975,0.732728,0.739046,479.9117,468.3489,472.382252,516.784673,522.895584,520.088939
207,20000,8,0.747975,,0.747975,0.732728,0.739625,479.9117,468.3489,472.84359,516.784673,522.895584,519.94623
208,20000,8,0.747975,,0.747975,0.733418,0.740174,479.9117,467.5751,473.277941,516.784673,522.345651,519.809174
209,20000,8,0.747975,,0.747975,0.734067,0.741067,479.9117,469.3255,473.953109,516.784673,522.345651,519.564862
210,20000,8,0.747975,,0.747975,0.736959,0.741739,479.9117,469.5494,474.611938,516.784673,521.100961,519.482583
211,20000,8,0.747975,,0.747975,0.736959,0.742294,479.9117,469.5494,475.019117,516.784673,521.289962,519.322534
212,20000,8,0.747975,,0.747975,0.738715,0.743095,479.9117,470.9772,475.616917,516.784673,521.451085,519.098095
213,20000,8,0.747975,,0.747975,0.739351,0.743765,479.9117,470.9772,476.101759,516.608437,521.289962,518.900655
214,20000,8,0.747975,,0.747975,0.739351,0.744335,479.9117,470.9772,476.587514,516.608437,521.289962,518.781231
215,20000,8,0.748612,,0.748612,0.739351,0.745202,480.8449,470.9772,477.409445,516.608437,521.289962,518.656144
216,20000,8,0.748612,,0.748612,0.739351,0.745735,480.8449,471.7523,477.849513,516.784673,521.289962,518.535469
217,20000,8,0.748612,,0.748612,0.739824,0.746351,480.8449,471.7523,478.285766,516.784673,519.856322,518.347207
218,20000,8,0.748612,,0.748612,0.739824,0.746599,480.8449,471.7523,478.459282,515.971005,519.856322,518.269875
219,20000,8,0.748655,,0.748655,0.742293,0.746917,480.8449,473.3809,478.694433,515.971005,519.450302,518.17948
220,20000,8,0.748655,,0.748655,0.743303,0.747279,480.8449,475.565,479.062421,515.971005,519.450302,518.143437
221,20000,8,0.748655,,0.748655,0.744078,0.747545,480.8449,475.565,479.32136,515.971005,519.450302,518.109877
222,20000,8,0.749769,,0.749769,0.744632,0.747744,480.8449,475.8241,479.556279,515.971005,519.025756,518.112065
223,20000,8,0.749769,,0.749769,0.744632,0.747903,481.1109,477.2414,479.799597,516.111531,519.025756,518.150636
224,20000,8,0.749769,,0.749769,0.745235,0.748011,481.1109,477.2414,479.908982,516.111531,518.755583,518.139741
225,20000,8,0.749769,,0.749769,0.745235,0.748148,481.1109,477.2414,480.011305,516.111531,518.755583,518.101378
226,20000,8,0.749769,,0.749769,0.745398,0.74827,481.6252,477.2414,480.109794,516.111531,518.41231,518.072587
227,20000,8,0.749769,,0.749769,0.745398,0.748426,481.6252,477.2414,480.258948,516.111531,518.390463,518.050744
228,20000,8,0.749769,,0.749769,0.745398,0.748513,481.6252,477.2414,480.324026,516.111531,518.390463,518.026382
229,20000,8,0.750092,,0.750092,0.747921,0.748675,481.6252,478.9284,480.458249,516.111531,518.362675,517.98977
230,20000,8,0.750092,,0.750092,0.747975,0.748758,481.6252,478.9284,480.538484,516.111531,518.362675,517.979292
231,20000,8,0.750674,,0.750674,0.748196,0.748842,481.6252,478.4586,480.581692,515.876805,518.362675,517.942824
232,20000,8,0.750674,,0.750674,0.748196,0.748955,481.6252,478.5222,480.659177,515.876805,518.362675,517.90632
233,20000,8,0.75085,,0.75085,0.748196,0.749066,481.6252,478.5222,480.744446,515.785595,518.362675,517.876606
234,20000,8,0.75085,,0.75085,0.748196,0.749177,481.8912,478.5222,480.811276,515.785595,518.412166,517.83474
235,20000,8,0.75085,,0.75085,0.748196,0.749362,481.9816,478.9284,480.925927,515.785595,518.412166,517.767952
236,20000,8,0.751354,,0.751354,0.748652,0.749553,482.551,478.9284,481.014605,515.785595,518.412166,517.678007
237,20000,8,0.751354,,0.751354,0.748652,0.749715,482.551,479.6309,481.111337,515.750965,518.412166,517.616556
238,20000,8,0.751354,,0.751354,0.7487,0.749882,482.551,479.6309,481.184753,515.750965,518.412166,517.535402
239,20000,8,0.751399,,0.751399,0.7487,0.750082,482.7284,479.6309,481.242323,515.750965,518.412166,517.418086
240,20000,8,0.751542,,0.751542,0.748758,0.750268,482.817,479.6309,481.332143,515.750965,518.577469,517.333146
241,20000,8,0.751542,,0.751542,0.749156,0.750478,482.817,479.6309,481.340658,515.750965,518.412166,517.175325
242,20000,8,0.751542,,0.751542,0.749156,0.750694,482.817,479.5156,481.458695,515.750965,518.412166,517.085251
243,20000,8,0.751542,,0.751542,0.749156,0.75082,482.817,479.5156,481.529045,515.750965,518.273444,517.034886
244,20000,8,0.751796,,0.751796,0.749201,0.750979,482.817,479.5156,481.616314,515.750965,518.273444,516.96935
245,20000,8,0.751796,,0.751796,0.749201,0.751092,482.817,479.5156,481.670925,515.750965,518.273444,516.917488
246,20000,8,0.751796,,0.751796,0.750098,0.751254,482.817,479.8616,481.679207,515.936578,518.273444,516.796798
247,20000,8,0.752808,,0.752808,0.750262,0.751381,483.7405,480.5641,481.705668,515.936578,518.273444,516.715214
248,20000,8,0.75301,,0.75301,0.750699,0.751492,483.7405,480.5641,481.760601,515.631244,517.476055,516.665268
249,20000,8,0.75301,,0.75301,0.750699,0.751559,483.7405,480.5641,481.874405,515.631244,517.476055,516.689381
250,20000,8,0.75301,,0.75301,0.750699,0.751631,483.7405,480.5641,481.976998,515.631244,517.476055,516.702035
251,20000,8,0.754346,,0.754346,0.750699,0.751779,483.7405,480.5641,482.082817,515.607475,517.447239,516.65765
252,20000,8,0.754346,,0.754346,0.750699,0.751919,483.7405,480.5641,482.132325,515.607475,517.447239,516.581339
253,20000,8,0.754346,,0.754346,0.751397,0.752096,483.8123,480.5641,482.198723,515.607475,517.447239,516.487928
254,20000,8,0.754346,,0.754346,0.751397,0.752267,484.4695,481.1867,482.281312,515.607475,517.447239,516.410162
255,20000,8,0.762587,,0.762587,0.742658,0.752464,490.5586,473.4018,482.487267,513.878361,519.457234,516.394564
256,20000,8,0.764033,,0.764033,0.750952,0.753008,492.7483,481.1867,482.896824,513.878361,518.782868,516.244721
257,20000,8,0.764033,,0.764033,0.751542,0.753293,492.7483,481.1867,483.055654,513.878361,517.029273,516.128887
258,20000,8,0.764033,,0.764033,0.751542,0.753654,492.7483,481.1867,483.341022,513.878361,517.029273,516.037906
259,20000,8,0.764635,,0.764635,0.751542,0.754142,493.4628,481.1867,483.740274,513.878361,518.277333,515.925013
260,20000,8,0.764635,,0.764635,0.751542,0.754512,493.4628,481.1867,483.97922,513.878361,518.277333,515.796642
261,20000,8,0.764635,,0.764635,0.751542,0.755135,493.4628,481.1867,484.399442,513.745451,516.916872,515.592373
262,20000,8,0.764635,,0.764635,0.751601,0.755564,493.4628,481.1867,484.768364,513.671054,516.80177,515.504652
263,20000,8,0.764635,,0.764635,0.751707,0.756157,493.4628,481.8646,485.41819,513.671054,517.349559,515.477869
264,20000,8,0.7648,,0.7648,0.751707,0.756809,493.4872,481.8646,486.018946,513.671054,517.349559,515.371934
265,20000,8,0.7648,,0.7648,0.751707,0.757606,493.4872,481.8646,486.779789,513.671054,518.810803,515.260201
266,20000,8,0.7648,,0.7648,0.751707,0.758146,493.4872,481.8646,487.238413,513.671054,518.810803,515.146287
267,20000,8,0.765541,,0.765541,0.751707,0.759105,493.4872,481.8646,488.084817,512.735611,518.810803,514.964871
268,20000,8,0.765541,,0.765541,0.751707,0.759783,493.4872,481.8646,488.757239,512.735611,518.810803,514.88687
269,20000,8,0.765541,,0.765541,0.751707,0.760445,493.4872,481.8646,489.303194,512.735611,518.810803,514.736867
270,20000,8,0.765715,,0.765715,0.753068,0.761062,494.079,481.9906,489.737322,512.735611,518.810803,514.545746
271,20000,8,0.766315,,0.766315,0.753068,0.761574,494.095,481.5364,490.188926,512.735611,518.810803,514.449335
272,20000,8,0.766315,,0.766315,0.75313,0.762053,494.095,481.9906,490.579635,512.681205,518.810803,514.33791
273,20000,8,0.767222,,0.767222,0.753484,0.762783,494.095,482.7957,491.082453,511.848642,518.718144,514.105171
274,20000,8,0.767279,,0.767279,0.753484,0.763243,494.095,486.8936,491.357415,511.794236,518.718144,513.930591
275,20000,8,0.768667,,0.768667,0.755272,0.763964,494.7946,486.8936,491.729413,511.794236,517.677221,513.617749
276,20000,8,0.768667,,0.768667,0.755272,0.764361,494.7946,487.6703,491.929312,511.794236,517.677221,513.441759
277,20000,8,0.769202,,0.769202,0.756402,0.764609,494.7112,488.1993,492.101629,511.449935,517.150406,513.364165
278,20000,8,0.769202,,0.769202,0.756402,0.764875,494.7112,488.1993,492.278453,511.449935,517.150406,513.275119
279,20000,8,0.769202,,0.769202,0.757769,0.76519,494.7801,488.3381,492.522079,511.347823,516.479875,513.192415
280,20000,8,0.769259,,0.769259,0.759477,0.76562,495.2041,489.1683,492.757262,511.347823,516.479875,513.014282
281,20000,8,0.769259,,0.769259,0.759882,0.76598,495.2041,489.1683,492.908085,511.347823,515.08552,512.835069
282,20000,8,0.769406,,0.769406,0.760726,0.766381,495.2041,489.8959,493.110245,511.340721,514.988977,512.657704
283,20000,8,0.769406,,0.769406,0.763103,0.766709,494.7801,490.4673,493.31254,511.340721,514.255492,512.536935
284,20000,8,0.769814,,0.769814,0.763103,0.76699,495.2124,491.1471,493.467364,511.340721,514.255492,512.421526
285,20000,8,0.769979,,0.769979,0.763636,0.767273,495.2368,491.1471,493.643886,511.276207,514.255492,512.319705
286,20000,8,0.769979,,0.769979,0.763636,0.767605,495.3466,491.1471,493.798487,511.276207,514.255492,512.164332
287,20000,8,0.769979,,0.769979,0.763636,0.767885,495.3466,491.1471,493.940051,511.195333,514.255492,512.040808
288,20000,8,0.771813,,0.771813,0.763636,0.768269,496.3666,491.1471,494.155317,510.602895,513.8258,511.885514
289,20000,8,0.771813,,0.771813,0.763636,0.768577,496.3666,491.1471,494.325117,510.602895,513.8258,511.758655
290,20000,8,0.771813,,0.771813,0.76659,0.768894,496.3666,492.8801,494.5316,510.602895,512.934465,511.649631
291,20000,8,0.771813,,0.771813,0.76659,0.769111,496.3666,492.8801,494.650142,510.602895,512.934465,511.560316
292,20000,8,0.771813,,0.771813,0.76659,0.769292,496.3666,492.8801,494.720675,510.602895,512.934465,511.465777
293,20000,8,0.771852,,0.771852,0.767401,0.76955,496.4226,492.9889,494.842742,510.602895,512.934465,511.346782
294,20000,8,0.771852,,0.771852,0.767401,0.769806,496.4226,493.5123,495.009797,510.602895,512.934465,511.258719
295,20000,8,0.772017,,0.772017,0.768475,0.769968,496.447,493.5927,495.125739,510.497596,511.910688,511.210343
296,20000,8,0.772297,,0.772297,0.768475,0.770134,496.7092,493.5927,495.249929,510.454775,511.743881,511.163769
297,20000,8,0.772297,,0.772297,0.76864,0.770293,496.7092,493.6171,495.341957,510.454775,511.562336,511.101753
298,20000,8,0.772297,,0.772297,0.769037,0.770485,496.7092,494.4714,495.449699,510.454775,511.562336,511.024043
299,20000,8,0.772922,,0.772922,0.769406,0.770622,497.4343,494.4714,495.536199,510.453325,511.443014,510.975426
300,20000,8,0.772922,,0.772922,0.769555,0.770753,497.4343,494.4714,495.600501,510.453325,511.388608,510.916419
301,20000,8,0.772961,,0.772961,0.769555,0.770959,497.4903,494.4714,495.736339,510.200546,511.300404,510.846726
302,20000,8,0.772961,,0.772961,0.769555,0.771157,497.4903,494.4714,495.873685,510.200546,511.300404,510.783828
303,20000,8,0.772961,,0.772961,0.769555,0.771355,497.4903,494.4714,496.005593,510.094203,511.275346,510.718282
304,20000,8,0.773126,,0.773126,0.769555,0.771508,497.5147,494.4714,496.126935,510.094203,511.203851,510.680023
305,20000,8,0.773126,,0.773126,0.769555,0.771703,497.5147,494.4714,496.265271,510.094203,511.094296,510.620711
306,20000,8,0.773126,,0.773126,0.770501,0.771895,497.5147,495.3106,496.415568,510.094203,511.201877,510.571443
307,20000,8,0.773126,,0.773126,0.770501,0.77205,497.5147,495.3106,496.559311,510.094203,511.201877,510.547185
308,20000,8,0.773126,,0.773126,0.770558,0.7722,497.5147,495.3106,496.690856,510.094203,511.201877,510.517789
309,20000,8,0.773126,,0.773126,0.770558,0.772383,497.5147,495.3106,496.829564,510.200546,511.201877,510.468314
310,20000,8,0.773126,,0.773126,0.770649,0.772513,497.5978,495.4181,496.934277,510.200546,511.057944,510.437262
311,20000,8,0.773126,,0.773126,0.770649,0.772582,497.5978,495.4181,497.005203,510.200546,510.875015,510.430576
312,20000,8,0.773126,,0.773126,0.770649,0.7727,497.5978,495.4181,497.088744,510.200546,510.875015,510.394694
313,20000,8,0.773288,,0.773288,0.771625,0.772793,497.9948,496.082,497.163225,510.200546,510.844977,510.372126
314,20000,8,0.773288,,0.773288,0.771625,0.772859,497.9948,496.082,497.234277,510.200546,510.844977,510.368056
315,20000,8,0.773288,,0.773288,0.771625,0.772902,497.9948,496.082,497.274947,510.200546,510.844977,510.362118
316,20000,8,0.773454,,0.773454,0.772392,0.772978,498.0192,496.4404,497.353121,510.200546,510.739678,510.355099
317,20000,8,0.773454,,0.773454,0.772392,0.773028,498.0192,496.4404,497.432898,510.200546,510.648134,510.369544
318,20000,8,0.773781,,0.773781,0.772392,0.773084,498.6381,496.4404,497.506424,510.200546,510.648134,510.375145
319,20000,8,0.773946,,0.773946,0.772483,0.773124,498.6625,496.5479,497.55441,510.201703,510.648134,510.375901
320,20000,8,0.773979,,0.773979,0.772483,0.773164,498.6625,496.5479,497.586649,510.11684,510.648134,510.366229
321,20000,8,0.774006,,0.774006,0.772483,0.773228,498.6625,496.5479,497.647569,510.11684,510.590109,510.357714
322,20000,8,0.774144,,0.774144,0.772483,0.773282,498.6625,496.5479,497.704329,510.004439,510.590109,510.35309
323,20000,8,0.774144,,0.774144,0.773126,0.773337,498.6625,497.5147,497.759519,510.004439,510.590109,510.346996
324,20000,8,0.774144,,0.774144,0.773126,0.773402,498.6625,497.5147,497.837721,510.004439,510.590109,510.348693
325,20000,8,0.774171,,0.774171,0.773126,0.773456,498.6625,497.5147,497.903089,510.004439,510.590109,510.350448
326,20000,8,0.774171,,0.774171,0.773126,0.773494,498.6625,497.5147,497.948517,510.004439,510.590109,510.351457
327,20000,8,0.774171,,0.774171,0.773126,0.773576,498.77,497.5147,498.045036,510.004439,510.591266,510.352364
328,20000,8,0.774375,,0.774375,0.773126,0.77366,498.77,497.5147,498.119523,510.004439,510.591266,510.336942
329,20000,8,0.774375,,0.774375,0.773126,0.773727,498.77,497.5147,498.186343,510.004439,510.591266,510.329106
330,20000,8,0.774375,,0.774375,0.773126,0.773817,498.77,497.5147,498.244442,510.004439,510.591266,510.297596
331,20000,8,0.774375,,0.774375,0.773126,0.773875,498.77,497.5147,498.275794,510.004439,510.591266,510.273806
332,20000,8,0.774375,,0.774375,0.773126,0.77396,498.77,497.5147,498.33647,509.920685,510.591266,510.248057
333,20000,8,0.774375,,0.774375,0.773233,0.77401,498.77,497.5147,498.343642,509.920685,510.591266,510.214064
334,20000,8,0.774375,,0.774375,0.773233,0.774075,498.77,497.5147,498.400898,509.920685,510.506354,510.201694
335,20000,8,0.774375,,0.774375,0.773281,0.774106,498.77,497.5147,498.416949,509.920685,510.506354,510.187958
336,20000,8,0.774482,,0.774482,0.773366,0.774146,498.77,497.5147,498.430913,509.920685,510.506354,510.166095
337,20000,8,0.774482,,0.774482,0.773366,0.774172,498.77,497.5147,498.422165,509.920685,510.506354,510.139767
338,20000,8,0.774482,,0.774482,0.773366,0.774197,498.77,497.5147,498.409996,509.920685,510.506354,510.112314
339,20000,8,0.774482,,0.774482,0.773888,0.774226,498.6625,498.1873,498.413354,509.920685,510.506354,510.091702
340,20000,8,0.783538,,0.783538,0.768268,0.774462,505.5584,494.7693,498.629603,507.616288,512.297693,510.053143
341,20000,8,0.783538,,0.783538,0.774053,0.774711,505.5584,498.1873,498.87999,507.616288,510.527313,510.026775
342,20000,8,0.783538,,0.783538,0.774053,0.774896,505.5584,498.0149,498.9997,507.616288,510.527313,509.962404
343,20000,8,0.783538,,0.783538,0.774053,0.775194,505.5584,498.0149,499.237588,507.616288,510.527313,509.889341
344,20000,8,0.783538,,0.783538,0.774053,0.775634,505.5584,498.0088,499.602052,507.616288,510.527313,509.790134
345,20000,8,0.783538,,0.783538,0.774053,0.775992,505.5584,498.0088,499.905299,507.616288,510.527313,509.714354
346,20000,8,0.783538,,0.783538,0.774053,0.776346,505.5584,498.0088,500.191722,507.616288,510.527313,509.629805
347,20000,8,0.783538,,0.783538,0.774053,0.776741,505.8034,497.8364,500.510811,507.616288,510.527313,509.535486
348,20000,8,0.783538,,0.783538,0.774251,0.777255,505.8034,498.0088,500.973453,507.616288,510.527313,509.445234
349,20000,8,0.783538,,0.783538,0.774375,0.777794,505.8034,498.0088,501.413514,507.616288,510.527313,509.319356
350,20000,8,0.783538,,0.783538,0.774482,0.778199,505.8034,498.0088,501.749775,507.616288,510.527313,509.228901
351,20000,8,0.783538,,0.783538,0.774482,0.778654,505.8034,498.0088,502.156313,507.616288,510.527313,509.146356
352,20000,8,0.783538,,0.783538,0.774482,0.779284,506.1263,498.5705,502.731676,507.616288,510.527313,509.040202
353,20000,8,0.783577,,0.783577,0.774482,0.779695,506.1263,498.5705,503.118516,507.616288,510.671378,508.979226
354,20000,8,0.783577,,0.783577,0.774572,0.780019,506.1263,498.5705,503.38914,507.616288,510.671378,508.907931
355,20000,8,0.783577,,0.783577,0.774572,0.780386,506.1263,498.5705,503.824797,507.616288,510.671378,508.913621
356,20000,8,0.783577,,0.783577,0.774572,0.780824,506.1263,498.5705,504.189993,507.616288,510.671378,508.816215
357,20000,8,0.783577,,0.783577,0.775555,0.78111,506.1263,499.4287,504.465947,507.616288,509.998796,508.778667
358,20000,8,0.783577,,0.783577,0.776708,0.781429,506.1263,501.1635,504.73263,507.616288,509.998796,508.708254
359,20000,8,0.783577,,0.783577,0.778438,0.781748,506.1263,501.9686,504.89307,507.616288,509.950626,508.566984
360,20000,8,0.783577,,0.783577,0.778438,0.782017,506.1263,501.9686,505.091411,507.616288,509.950626,508.489954
361,20000,8,0.783577,,0.783577,0.778847,0.782294,506.1263,501.9686,505.227582,507.616288,509.884998,508.365457
362,20000,8,0.783577,,0.783577,0.779035,0.782509,506.1263,503.1806,505.370487,507.616288,509.884998,508.293153
363,20000,8,0.784704,,0.784704,0.779051,0.782736,506.5888,503.359,505.506474,507.397747,509.884998,508.20774
364,20000,8,0.784704,,0.784704,0.779691,0.782985,506.5888,504.1492,505.65931,507.397747,509.672713,508.115505
365,20000,8,0.784704,,0.784704,0.781391,0.783148,506.675,504.1646,505.741135,507.397747,508.886309,508.043028
366,20000,8,0.785088,,0.785088,0.781391,0.783352,506.9477,504.7473,505.865704,507.338503,508.886309,507.967558
367,20000,8,0.786245,,0.786245,0.781415,0.783487,507.2833,504.7473,505.970793,506.661262,508.728917,507.932774
368,20000,8,0.786245,,0.786245,0.781579,0.783588,507.2978,504.2963,506.026193,506.661262,508.719459,507.890935
369,20000,8,0.786245,,0.786245,0.781903,0.783715,507.3979,504.2963,506.131426,506.661262,508.507175,507.862916
370,20000,8,0.786245,,0.786245,0.781903,0.783821,507.3979,504.2963,506.226893,506.661262,508.507175,507.843848
371,20000,8,0.786245,,0.786245,0.783356,0.783994,507.5015,505.5584,506.38973,506.661262,508.507175,507.817981
372,20000,8,0.786245,,0.786245,0.783356,0.784123,507.5079,505.5584,506.472376,506.661262,508.507175,507.772588
373,20000,8,0.786629,,0.786629,0.783356,0.784306,508.7202,505.5584,506.590974,506.602018,508.507175,507.709738
374,20000,8,0.786629,,0.786629,0.783538,0.784462,508.7202,505.5584,506.682354,506.602018,508.405646,507.648675
375,20000,8,0.786795,,0.786795,0.783538,0.784657,508.7202,505.5584,506.796599,506.597652,508.405646,507.573429
376,20000,8,0.786795,,0.786795,0.783538,0.784892,508.7202,505.5584,506.946692,506.597652,508.301798,507.491011
377,20000,8,0.787364,,0.787364,0.783538,0.785132,508.7202,505.5584,507.123899,506.597652,508.138129,507.422382
378,20000,8,0.787364,,0.787364,0.783538,0.78533,508.7202,505.5584,507.268104,506.597652,508.138129,507.364383
379,20000,8,0.787364,,0.787364,0.783538,0.785467,508.7202,505.5584,507.355734,506.597652,508.138129,507.316458
380,20000,8,0.787364,,0.787364,0.783538,0.785604,508.7945,505.5584,507.439626,506.597652,508.138129,507.265544
381,20000,8,0.787364,,0.787364,0.783577,0.785733,508.7945,506.1263,507.511697,506.597652,507.966825,507.213677
382,20000,8,0.787364,,0.787364,0.783702,0.785875,508.7945,506.1912,507.614981,506.597652,507.930956,507.172008
383,20000,8,0.787416,,0.787416,0.783702,0.786026,508.7945,506.1912,507.712543,506.593865,507.930956,507.119212
384,20000,8,0.787416,,0.787416,0.784019,0.786166,508.7945,506.5296,507.808278,506.566561,507.930956,507.074468
385,20000,8,0.787416,,0.787416,0.784019,0.786376,508.7945,506.5296,507.910341,506.544252,507.930956,506.978812
386,20000,8,0.787531,,0.787531,0.784126,0.786532,509.2258,506.5296,507.999004,506.544252,507.80868,506.916639
387,20000,8,0.787531,,0.787531,0.785118,0.786644,509.2258,506.8208,508.086372,506.544252,507.529507,506.888127
388,20000,8,0.788625,,0.788625,0.785118,0.786773,509.5029,506.8208,508.174189,506.292275,507.397278,506.846495
389,20000,8,0.788852,,0.788852,0.785118,0.786903,509.5029,506.8208,508.276088,505.899857,507.302633,506.812915
390,20000,8,0.788852,,0.788852,0.785346,0.787062,509.5029,506.8208,508.364023,505.899857,507.302633,506.747884
391,20000,8,0.788852,,0.788852,0.785735,0.7872,509.5029,507.414,508.438904,505.899857,507.146179,506.690773
392,20000,8,0.788852,,0.788852,0.785735,0.787362,509.5029,507.414,508.589564,505.899857,507.146179,506.664697
393,20000,8,0.788853,,0.788853,0.785735,0.787525,509.5029,507.414,508.719256,505.899857,507.146179,506.624753
394,20000,8,0.78908,,0.78908,0.78663,0.787753,510.0523,507.7605,508.875111,505.844545,506.965587,506.551455
395,20000,8,0.789157,,0.789157,0.78663,0.787936,510.1307,507.7605,509.009293,505.844545,506.965587,506.498521
396,20000,8,0.789179,,0.789179,0.786791,0.78807,510.1307,508.3293,509.151696,505.721623,506.965587,506.489186
397,20000,8,0.789179,,0.789179,0.786863,0.788198,510.1307,508.4077,509.256275,505.809088,506.959928,506.459844
398,20000,8,0.789179,,0.789179,0.786863,0.788333,510.1307,508.4077,509.325111,505.809088,506.959928,506.40095
399,20000,8,0.789346,,0.789346,0.786863,0.788555,510.1801,508.4077,509.463571,505.809088,506.959928,506.319915
400,20000,8,0.789779,,0.789779,0.787365,0.788721,510.4711,508.6764,509.543783,505.809088,506.959928,506.24433
401,20000,8,0.789779,,0.789779,0.787531,0.788834,510.7236,508.8506,509.603732,505.674692,506.959928,506.19649
402,20000,8,0.789779,,0.789779,0.78758,0.788888,510.4711,508.8506,509.625598,505.674692,506.959647,506.168848
403,20000,8,0.789779,,0.789779,0.787602,0.789012,510.4711,509.2258,509.674274,505.674692,506.904167,506.104905
404,20000,8,0.789779,,0.789779,0.787602,0.789102,510.4711,509.2258,509.721147,505.639236,506.904167,506.065862
405,20000,8,0.789779,,0.789779,0.787602,0.789183,510.4711,509.2258,509.774138,505.639236,506.904167,506.038644
406,20000,8,0.789779,,0.789779,0.787602,0.789252,510.4711,509.2258,509.825204,505.639236,506.904167,506.019199
407,20000,8,0.789779,,0.789779,0.788087,0.789314,510.4711,509.3536,509.8358,505.639236,506.611861,505.977637
408,20000,8,0.790093,,0.790093,0.788087,0.789372,510.4711,509.3536,509.885348,505.468684,506.611861,505.965234
409,20000,8,0.790107,,0.790107,0.788087,0.789412,510.5989,509.3536,509.887799,505.468684,506.611861,505.936011
410,20000,8,0.790175,,0.790175,0.788087,0.789463,510.5989,509.3536,509.912535,505.278943,506.611861,505.912941
411,20000,8,0.790175,,0.790175,0.788087,0.789521,510.5989,509.3536,509.958755,505.278943,506.611861,505.898717
412,20000,8,0.790211,,0.790211,0.788087,0.789584,510.5989,509.3536,509.996356,505.278943,506.611861,505.874441
413,20000,8,0.790283,,0.790283,0.788087,0.789703,510.6059,509.3536,510.052541,505.278943,506.611861,505.819151
414,20000,8,0.790899,,0.790899,0.788776,0.789812,510.6269,509.493,510.099957,505.271614,506.354582,505.766527
415,20000,8,0.790899,,0.790899,0.789408,0.789863,510.6269,509.493,510.130385,505.243486,506.06065,505.74662
416,20000,8,0.790899,,0.790899,0.789459,0.789899,510.6269,509.493,510.159387,505.243486,506.06065,505.738412
417,20000,8,0.790899,,0.790899,0.789459,0.789964,510.6269,509.493,510.20991,505.271614,506.06065,505.721021
418,20000,8,0.790899,,0.790899,0.789459,0.79005,510.6269,509.493,510.261921,505.223181,506.040345,505.688763
419,20000,8,0.790899,,0.790899,0.789459,0.790109,510.6696,509.493,510.303139,505.223181,506.040345,505.670872
420,20000,8,0.791111,,0.791111,0.789459,0.790199,510.6696,509.493,510.364405,504.828817,506.040345,505.641607
421,20000,8,0.791111,,0.791111,0.789459,0.790266,510.6696,509.493,510.412529,504.828817,506.040345,505.621406
422,20000,8,0.791969,,0.791969,0.789459,0.790342,510.8651,509.5,510.456536,504.596291,505.948165,505.591475
423,20000,8,0.791969,,0.791969,0.789459,0.790385,510.8651,509.5,510.476918,504.596291,505.948165,505.571566
424,20000,8,0.791969,,0.791969,0.789654,0.790457,510.8651,509.7949,510.494409,504.596291,505.948165,505.527668
425,20000,8,0.796394,,0.796394,0.789439,0.790782,517.4496,509.5137,510.726274,504.047045,505.948165,505.429657
426,20000,8,0.796394,,0.796394,0.789654,0.790921,517.4496,509.8019,510.820308,504.047045,506.265821,505.384216
427,20000,8,0.796954,,0.796954,0.790158,0.791356,517.4496,509.8019,511.16596,504.047045,506.265821,505.275839
428,20000,8,0.796954,,0.796954,0.790226,0.791618,517.4496,509.8019,511.425505,504.047045,506.265821,505.246161
429,20000,8,0.796954,,0.796954,0.790334,0.79195,517.4496,509.8202,511.783093,504.047045,506.424788,505.226756
430,20000,8,0.796954,,0.796954,0.790334,0.792444,517.4496,509.8202,512.284782,504.047045,506.36571,505.177228
431,20000,8,0.796954,,0.796954,0.790334,0.792897,517.4496,510.4268,512.68856,504.047045,506.323573,505.094761
432,20000,8,0.79726,,0.79726,0.790334,0.793255,518.3889,510.5989,513.016491,504.047045,506.323573,505.035003
433,20000,8,0.79726,,0.79726,0.790334,0.793724,518.3889,510.6059,513.48283,504.047045,506.323573,504.981474
434,20000,8,0.797607,,0.797607,0.790334,0.794203,518.3889,510.6059,513.900498,504.047045,506.18889,504.887974
435,20000,8,0.797607,,0.797607,0.790334,0.794612,518.3889,510.6059,514.363072,503.862629,506.054322,504.878962
436,20000,8,0.798382,,0.798382,0.790334,0.795003,518.3889,510.4602,514.758081,503.628198,506.454648,504.838897
437,20000,8,0.798404,,0.798404,0.791101,0.795422,518.3889,510.8651,515.041645,503.628198,506.054322,504.702094
438,20000,8,0.798404,,0.798404,0.791101,0.795753,518.3576,510.8651,515.304162,503.628198,505.96098,504.619737
439,20000,8,0.798404,,0.798404,0.791969,0.795992,518.3576,510.8651,515.475855,503.327829,505.771349,504.547833
440,20000,8,0.799159,,0.799159,0.792334,0.796335,518.7769,511.641,515.846692,503.327829,505.771349,504.529226
441,20000,8,0.799159,,0.799159,0.792571,0.796625,518.7769,511.8651,516.101067,503.327829,505.660349,504.473352
442,20000,8,0.799421,,0.799421,0.792571,0.796897,518.8874,511.8651,516.373605,503.727216,505.660349,504.444022
443,20000,8,0.799421,,0.799421,0.794133,0.797123,518.8874,513.3006,516.617131,503.652737,505.624892,504.43066
444,20000,8,0.799421,,0.799421,0.794416,0.79734,518.8874,513.3006,516.891398,503.652737,505.624892,504.445092
445,20000,8,0.799561,,0.799561,0.794432,0.797488,519.3062,513.3006,517.025585,503.652737,505.624892,504.419441
446,20000,8,0.799561,,0.799561,0.794432,0.797673,519.3062,513.3006,517.241584,503.727216,505.414636,504.42048
447,20000,8,0.799561,,0.799561,0.794451,0.797853,519.3062,513.3969,517.418939,503.727216,505.414636,504.398456
448,20000,8,0.799561,,0.799561,0.794451,0.797994,519.3062,513.3969,517.613249,503.727216,505.414636,504.418944
449,20000,8,0.799561,,0.799561,0.794451,0.798161,519.3062,513.3969,517.838838,503.727216,505.414636,504.439837
450,20000,8,0.799561,,0.799561,0.794451,0.798333,519.3062,513.3969,518.000518,503.728137,505.414636,504.414274
451,20000,8,0.799561,,0.799561,0.795182,0.798427,519.3062,513.7896,518.080244,503.746806,505.414636,504.393949
452,20000,8,0.799905,,0.799905,0.795182,0.798597,519.3062,513.7896,518.267841,503.746806,505.414636,504.386889
453,20000,8,0.799905,,0.799905,0.795549,0.798746,519.3062,514.7798,518.361076,503.746806,505.414636,504.333491
454,20000,8,0.799905,,0.799905,0.795549,0.79886,519.3062,514.7798,518.46605,503.30765,505.414636,504.315206
455,20000,8,0.799905,,0.799905,0.796172,0.798994,519.3062,515.1805,518.583257,503.30765,505.414636,504.288796
456,20000,8,0.799993,,0.799993,0.796777,0.79909,519.3062,516.4792,518.630067,503.30765,505.162674,504.245258
457,20000,8,0.799993,,0.799993,0.79726,0.799212,519.3062,516.4792,518.68621,503.30765,505.162674,504.188216
458,20000,8,0.799993,,0.799993,0.79726,0.79929,519.6001,516.4792,518.706899,503.30765,505.162674,504.140565
459,20000,8,0.800701,,0.800701,0.79726,0.799429,519.6001,516.4792,518.721369,503.089833,505.162674,504.042121
460,20000,8,0.800701,,0.800701,0.79726,0.799492,519.6001,516.4792,518.739781,503.089833,505.162674,504.005353
461,20000,8,0.800701,,0.800701,0.79726,0.799568,519.6001,516.4792,518.795081,503.089833,505.162674,503.982952
462,20000,8,0.800701,,0.800701,0.798382,0.799706,519.6001,516.4792,518.839595,503.089833,504.331342,503.905288
463,20000,8,0.800701,,0.800701,0.798382,0.799774,519.8584,517.0821,518.877846,503.089833,504.331342,503.878104
464,20000,8,0.800701,,0.800701,0.798496,0.799868,519.8584,517.0821,518.950554,503.089833,504.331342,503.852974
465,20000,8,0.800701,,0.800701,0.799477,0.799922,519.8584,518.1513,518.959347,503.089833,504.331342,503.817015
466,20000,8,0.800701,,0.800701,0.799503,0.800023,519.8584,518.1513,519.027692,503.089833,504.331342,503.784008
467,20000,8,0.800824,,0.800824,0.799507,0.800078,519.8584,518.1513,519.05654,503.089833,504.331342,503.760904
468,20000,8,0.800824,,0.800824,0.799507,0.800148,519.8584,518.1513,519.049883,503.089833,504.331342,503.701242
469,20000,8,0.800824,,0.800824,0.799561,0.800218,519.8584,518.3298,519.055956,503.089833,504.331342,503.651182
470,20000,8,0.800922,,0.800922,0.799561,0.800259,520.3095,518.3298,519.069006,503.089833,504.331342,503.627947
471,20000,8,0.800922,,0.800922,0.799822,0.800344,520.3095,518.3298,519.105568,503.089833,504.11237,503.585979
472,20000,8,0.801046,,0.801046,0.799905,0.800411,520.3095,518.3298,519.137387,502.635334,504.11237,503.555041
473,20000,8,0.801144,,0.801144,0.799905,0.800468,520.3095,518.3298,519.166556,502.635334,504.11237,503.530052
474,20000,8,0.801184,,0.801184,0.799905,0.800509,520.3095,518.5037,519.21048,502.635334,504.11237,503.527517
475,20000,8,0.801528,,0.801528,0.799905,0.800548,520.3095,518.5037,519.165922,502.635334,504.11237,503.466874
476,20000,8,0.801528,,0.801528,0.799905,0.800592,520.3095,518.5037,519.149979,502.635334,504.11237,503.422611
477,20000,8,0.801528,,0.801528,0.800269,0.800673,520.3095,518.5037,519.193653,502.635334,504.053125,503.388183
478,20000,8,0.801528,,0.801528,0.800269,0.800719,520.3095,518.5881,519.245812,502.772385,504.053125,503.387466
479,20000,8,0.802469,,0.802469,0.800338,0.800794,520.6439,518.5881,519.288366,502.772385,504.053125,503.357405
480,20000,8,0.802469,,0.802469,0.800338,0.800848,520.6439,518.5881,519.328,502.772385,504.053125,503.341658
481,20000,8,0.802469,,0.802469,0.800338,0.800927,520.6439,518.5881,519.386673,502.815968,503.919906,503.31983
482,20000,8,0.802469,,0.802469,0.800338,0.801033,520.6439,518.5881,519.44876,502.815968,503.919906,503.278133
483,20000,8,0.802469,,0.802469,0.800338,0.801135,520.6439,518.5881,519.502001,502.815968,503.767501,503.23451
484,20000,8,0.802469,,0.802469,0.800338,0.80123,520.6439,518.5881,519.594912,502.383372,503.767501,503.222423
485,20000,8,0.802469,,0.802469,0.80044,0.801306,520.6439,518.5881,519.643504,502.383372,503.613969,503.195792
486,20000,8,0.802469,,0.802469,0.80044,0.801449,520.6439,518.5881,519.754263,502.383372,503.570386,503.158546
487,20000,8,0.802469,,0.802469,0.800824,0.801568,520.6439,518.5881,519.848673,502.383372,503.502653,503.12883
488,20000,8,0.802469,,0.802469,0.800824,0.801664,520.6439,518.5881,519.920018,502.383372,503.502653,503.102377
489,20000,8,0.802531,,0.802531,0.800824,0.801752,520.6439,518.5881,519.96932,502.294826,503.502653,503.06637
490,20000,8,0.802531,,0.802531,0.800824,0.801896,520.6439,518.5881,520.094358,502.294826,503.502653,503.038281
491,20000,8,0.802531,,0.802531,0.800824,0.802018,520.6439,518.5881,520.161251,502.294826,503.502653,502.987554
492,20000,8,0.802531,,0.802531,0.800824,0.8021,520.6439,518.5881,520.217115,502.294826,503.502653,502.961113
493,20000,8,0.802531,,0.802531,0.800887,0.802201,520.6439,518.5881,520.302071,502.294826,503.502653,502.938885
494,20000,8,0.802697,,0.802697,0.801184,0.802269,520.6439,518.762,520.343701,502.294826,503.502653,502.913989
495,20000,8,0.802697,,0.802697,0.801184,0.802356,520.6439,518.762,520.397122,502.294826,503.502653,502.882227
496,20000,8,0.802697,,0.802697,0.801528,0.802415,520.6439,518.762,520.42233,502.294826,503.048154,502.852557
497,20000,8,0.802697,,0.802697,0.801528,0.802443,520.6439,519.6815,520.44866,502.294826,503.048154,502.84876
498,20000,8,0.802697,,0.802697,0.801528,0.802467,520.6439,519.6815,520.458713,502.294826,503.048154,502.836777
499,20000,8,0.803188,,0.803188,0.801528,0.802493,521.3037,519.6815,520.46574,502.294826,503.048154,502.820922
500,20000,8,0.803188,,0.803188,0.801528,0.802513,521.3037,519.6815,520.453948,502.294826,503.048154,502.797522
501,20000,8,0.803188,,0.803188,0.801528,0.802538,521.3037,519.6815,520.445182,502.294826,503.048154,502.772648
502,20000,8,0.803188,,0.803188,0.802469,0.802571,521.3037,519.7244,520.440417,502.237061,502.959609,502.743509
503,20000,8,0.803188,,0.803188,0.802469,0.802606,521.3037,519.7244,520.416833,502.237061,502.959609,502.700274
504,20000,8,0.803188,,0.803188,0.802469,0.802641,521.3037,519.7244,520.445822,502.237061,502.959609,502.692649
505,20000,8,0.803188,,0.803188,0.802469,0.802705,521.3037,519.7244,520.519593,502.116612,502.959609,502.691765
506,20000,8,0.803188,,0.803188,0.802469,0.802754,521.3037,519.7244,520.595961,502.116612,502.959609,502.704646
507,20000,8,0.803188,,0.803188,0.802469,0.802792,521.3037,519.7244,520.631548,502.116612,502.959609,502.699393
508,20000,8,0.803188,,0.803188,0.802469,0.802837,521.3037,519.7244,520.698721,502.116612,502.959609,502.709075
509,20000,8,0.803188,,0.803188,0.802531,0.802861,521.3037,519.7244,520.755295,502.116612,502.840287,502.728212
510,20000,8,0.806531,,0.806531,0.802423,0.803033,524.9099,519.7244,520.949779,501.755076,503.281977,502.724154
511,20000,8,0.806531,,0.806531,0.802423,0.80312,524.9099,519.7244,521.05977,501.755076,503.401299,502.730207
512,20000,8,0.806531,,0.806531,0.802531,0.803266,524.9099,519.7244,521.176669,501.755076,503.401299,502.69437
513,20000,8,0.806531,,0.806531,0.802531,0.803452,524.9099,519.7244,521.400979,501.755076,503.401299,502.700021
514,20000,8,0.806531,,0.806531,0.802531,0.803705,524.9099,519.7244,521.647526,501.755076,503.338916,502.668065
515,20000,8,0.806531,,0.806531,0.802759,0.803895,524.9099,519.7244,521.855887,501.755076,503.338916,502.658819
516,20000,8,0.806531,,0.806531,0.802759,0.804103,524.9099,519.7244,522.027122,501.755076,503.281977,502.611853
517,20000,8,0.806607,,0.806607,0.802855,0.804322,524.9099,519.7244,522.224955,501.755076,503.281977,502.573786
518,20000,8,0.806779,,0.806779,0.802855,0.804547,524.9099,519.7244,522.436621,501.417266,503.120286,502.539778
519,20000,8,0.806779,,0.806779,0.802855,0.804736,524.9099,520.4435,522.64228,501.417266,503.246329,502.529905
520,20000,8,0.806779,,0.806779,0.802855,0.804888,524.9099,519.7244,522.763546,501.417266,503.120286,502.492449
521,20000,8,0.806779,,0.806779,0.802918,0.805116,524.9099,519.7244,522.947482,501.363039,503.120286,502.438484
522,20000,8,0.806779,,0.806779,0.803417,0.805312,524.9099,520.4435,523.161907,501.363039,502.836475,502.428898
523,20000,8,0.807001,,0.807001,0.803417,0.805545,525.0528,521.3037,523.403974,501.707818,502.836475,502.409483
524,20000,8,0.807001,,0.807001,0.803417,0.805691,525.0528,521.3037,523.535274,501.707818,502.836475,502.38383
525,20000,8,0.807118,,0.807118,0.803417,0.80591,525.1143,521.3037,523.682049,501.707818,502.836475,502.31117
526,20000,8,0.807118,,0.807118,0.803417,0.806034,525.1983,521.3037,523.799674,501.707818,502.836475,502.293211
527,20000,8,0.807321,,0.807321,0.803586,0.806188,525.1983,521.3037,523.905969,501.707818,503.014613,502.244653
528,20000,8,0.807321,,0.807321,0.803586,0.80627,525.1983,521.3037,523.955451,501.707818,502.836475,502.213703
529,20000,8,0.807578,,0.807578,0.803586,0.806348,525.5949,521.3037,523.997798,501.707818,502.81403,502.181041
530,20000,8,0.807578,,0.807578,0.804945,0.80647,525.5949,522.4929,524.095521,501.653923,502.766218,502.151337
531,20000,8,0.807719,,0.807719,0.805049,0.806617,525.5949,523.046,524.198405,501.022374,502.739884,502.10564
532,20000,8,0.807766,,0.807766,0.805082,0.806724,525.5949,523.046,524.253761,501.022374,502.682945,502.058977
533,20000,8,0.807766,,0.807766,0.80531,0.806837,525.5949,523.0593,524.323885,501.022374,502.682945,502.018305
534,20000,8,0.807766,,0.807766,0.80531,0.806911,525.5949,523.0593,524.361113,501.022374,502.682945,501.985437
535,20000,8,0.807917,,0.807917,0.80531,0.807022,525.8699,523.2381,524.422061,501.022374,502.682945,501.939759
536,20000,8,0.808119,,0.808119,0.80531,0.807143,526.1906,523.2324,524.541554,500.742901,502.682945,501.925171
537,20000,8,0.808119,,0.808119,0.805916,0.807279,526.1906,523.2324,524.663174,500.742901,502.515827,501.900832
538,20000,8,0.808412,,0.808412,0.805916,0.807411,526.1906,523.2381,524.804642,501.022374,502.500487,501.892756
539,20000,8,0.808412,,0.808412,0.806242,0.807508,526.1906,523.2381,524.881619,501.022374,502.475114,501.868704
540,20000,8,0.808412,,0.808412,0.806242,0.8076,526.2905,523.2381,524.92748,501.022374,502.475114,501.827179
541,20000,8,0.808412,,0.808412,0.806242,0.807703,526.2905,523.2381,525.059886,501.022374,502.407804,501.835927
542,20000,8,0.808475,,0.808475,0.806242,0.807816,526.1906,523.2381,525.113319,500.965021,502.407804,501.783527
543,20000,8,0.808475,,0.808475,0.807189,0.807904,526.1906,523.4621,525.069937,500.965021,502.407804,501.686049
544,20000,8,0.808475,,0.808475,0.807189,0.807958,526.1906,523.4621,525.153504,500.965021,502.407804,501.69974
545,20000,8,0.809316,,0.809316,0.807189,0.808052,526.2905,523.4621,525.234598,500.859316,502.407804,501.680961
546,20000,8,0.809316,,0.809316,0.807189,0.808134,526.1906,523.8329,525.270644,500.859316,502.407804,501.641169
547,20000,8,0.809316,,0.809316,0.807189,0.808205,526.1906,523.864,525.210983,500.859316,502.407804,501.545719
548,20000,8,0.809504,,0.809504,0.807189,0.808346,526.1906,524.0384,525.213509,500.859316,502.407804,501.437411
549,20000,8,0.809504,,0.809504,0.807189,0.808419,526.1906,524.0518,525.201194,500.859316,502.407804,501.372284
550,20000,8,0.809504,,0.809504,0.80789,0.808548,526.6184,524.274,525.293969,500.793511,502.407804,501.33378
551,20000,8,0.809504,,0.809504,0.807917,0.808616,526.6184,524.274,525.30283,500.793511,502.407804,501.286894
552,20000,8,0.809504,,0.809504,0.807941,0.808689,526.1906,524.274,525.333063,500.793511,502.407804,501.25017
553,20000,8,0.809504,,0.809504,0.808057,0.808811,526.1659,524.274,525.402595,500.793511,502.261336,501.201216
554,20000,8,0.809504,,0.809504,0.80828,0.808918,526.1659,524.274,525.498179,500.793511,502.041273,501.181869
555,20000,8,0.810154,,0.810154,0.80828,0.809029,526.6334,524.274,525.635687,500.793511,501.84542,501.18771
556,20000,8,0.810154,,0.810154,0.808332,0.809103,526.6334,525.0519,525.713228,500.867159,502.041273,501.181377
557,20000,8,0.810154,,0.810154,0.808593,0.80919,526.6334,525.0519,525.749532,500.687806,501.84542,501.137985
558,20000,8,0.810154,,0.810154,0.808593,0.809246,526.6334,525.0519,525.811188,500.687806,501.636355,501.135894
559,20000,8,0.810154,,0.810154,0.808703,0.80933,526.6334,525.0519,525.911221,500.687806,501.636355,501.137397
560,20000,8,0.810169,,0.810169,0.808703,0.809412,526.6334,525.0519,525.991207,500.687806,501.636355,501.127227
561,20000,8,0.81061,,0.81061,0.808703,0.809492,527.0553,525.1112,526.03173,500.687806,501.636355,501.092031
562,20000,8,0.81061,,0.81061,0.808846,0.809581,527.0553,525.1112,526.11421,500.687806,501.636355,501.077821
563,20000,8,0.81061,,0.81061,0.808846,0.809654,527.0553,525.1112,526.215192,500.541242,501.636355,501.087923
564,20000,8,0.811004,,0.811004,0.809177,0.809766,527.3756,525.1112,526.301738,500.448572,501.365339,501.058906
565,20000,8,0.811004,,0.811004,0.80936,0.80985,527.3756,525.6989,526.373029,500.448572,501.365339,501.040811
566,20000,8,0.81101,,0.81101,0.80936,0.80995,527.5374,525.6989,526.489885,500.448572,501.365339,501.041362
567,20000,8,0.81101,,0.81101,0.80936,0.810066,527.5374,525.6989,526.613558,500.448572,501.365339,501.034225
568,20000,8,0.81101,,0.81101,0.80936,0.810156,527.5374,525.6989,526.672992,500.448572,501.365339,501.003295
569,20000,8,0.81101,,0.81101,0.80936,0.810287,527.5374,525.6989,526.794627,500.448572,501.365339,500.983023
570,20000,8,0.81101,,0.81101,0.80936,0.810384,527.5374,525.6989,526.89821,500.595137,501.267612,500.976397
571,20000,8,0.81101,,0.81101,0.80936,0.810456,527.5374,525.6989,526.957252,500.646662,501.432891,500.959708
572,20000,8,0.811342,,0.811342,0.809574,0.810551,527.7215,526.3024,527.02316,500.646662,501.224029,500.930228
573,20000,8,0.811342,,0.811342,0.809574,0.810633,527.7215,526.3024,527.108271,500.646662,501.224029,500.923424
574,20000,8,0.811409,,0.811409,0.80992,0.810716,527.7215,526.5177,527.14482,500.397993,501.224029,500.883281
575,20000,8,0.811409,,0.811409,0.81048,0.810754,527.8347,526.5177,527.178505,500.397993,501.148972,500.875862
576,20000,8,0.811409,,0.811409,0.81048,0.810818,527.8347,526.5177,527.236643,500.397993,501.148972,500.865146
577,20000,8,0.811409,,0.811409,0.81048,0.810845,528.087,526.5177,527.270496,500.397993,501.130205,500.866296
578,20000,8,0.811409,,0.811409,0.81048,0.810907,528.087,526.5177,527.3208,500.397993,501.18351,500.851711
579,20000,8,0.811506,,0.811506,0.81048,0.810948,528.087,526.5177,527.354448,500.322729,501.18351,500.842062
580,20000,8,0.811506,,0.811506,0.81048,0.810991,528.2078,526.5177,527.397046,500.322729,501.130205,500.837078
581,20000,8,0.811506,,0.811506,0.81048,0.811063,528.2078,526.5177,527.443886,500.322729,501.130205,500.812574
582,20000,8,0.812013,,0.812013,0.81048,0.811171,528.5281,526.5177,527.504026,500.278929,501.130205,500.769002
583,20000,8,0.812013,,0.812013,0.81048,0.811262,528.5281,526.5177,527.55564,500.278929,501.130205,500.732252
584,20000,8,0.812013,,0.812013,0.81048,0.811355,528.5281,526.5177,527.60968,500.278929,501.130205,500.695988
585,20000,8,0.812013,,0.812013,0.81048,0.811443,528.5281,526.5177,527.704971,500.278929,501.130205,500.691246
586,20000,8,0.812013,,0.812013,0.810666,0.811533,528.5281,527.0441,527.790633,500.278929,501.037535,500.678285
587,20000,8,0.812013,,0.812013,0.811004,0.81162,528.5281,527.0441,527.887425,500.278929,501.037535,500.675536
588,20000,8,0.812013,,0.812013,0.81111,0.811692,528.5281,527.0441,527.946901,500.278929,501.037535,500.658839
589,20000,8,0.812013,,0.812013,0.81111,0.811746,528.5281,527.0441,527.992077,500.278929,501.037535,500.647
590,20000,8,0.812018,,0.812018,0.81111,0.811785,528.5281,527.2282,528.001009,500.274563,501.037535,500.622691
591,20000,8,0.8122,,0.8122,0.811342,0.811821,528.5281,527.2036,527.992805,499.764935,501.011565,500.58895
592,20000,8,0.8122,,0.8122,0.811342,0.811849,528.5281,527.2036,527.967357,499.764935,501.011565,500.550629
593,20000,8,0.8122,,0.8122,0.811342,0.811877,528.5281,527.2036,527.953541,499.764935,501.011565,500.519229
594,20000,8,0.8122,,0.8122,0.811462,0.811916,528.5281,527.2036,527.94236,499.764935,501.011565,500.481558
595,20000,8,0.813145,,0.813145,0.810122,0.811947,528.5281,525.5921,527.890159,498.72321,501.011565,500.422205
596,20000,8,0.813145,,0.813145,0.811462,0.812028,528.5281,526.7009,527.889286,498.72321,501.011565,500.358024
597,20000,8,0.813956,,0.813956,0.811506,0.812135,529.6126,526.7009,527.926244,498.72321,500.918895,500.299758
598,20000,8,0.813956,,0.813956,0.81158,0.812277,529.6126,526.7009,527.922113,498.72321,500.918895,500.185805
599,20000,8,0.813956,,0.813956,0.811858,0.812403,529.6126,526.7009,527.951458,498.72321,500.918895,500.107495
600,20000,8,0.815008,,0.815008,0.811858,0.812542,530.5095,526.7009,527.991382,498.72321,500.918895,500.025925
601,20000,8,0.815008,,0.815008,0.811858,0.812626,530.5095,526.7009,528.061209,498.72321,500.918895,500.007394
602,20000,8,0.815008,,0.815008,0.811858,0.812807,530.5095,526.3767,528.127503,498.72321,500.918895,499.910681
603,20000,8,0.815008,,0.815008,0.811945,0.812948,530.5095,526.7009,528.184209,498.72321,500.662005,499.838115
604,20000,8,0.815008,,0.815008,0.811945,0.81311,530.5095,526.7009,528.283811,498.72321,500.662005,499.779106
605,20000,8,0.815008,,0.815008,0.811945,0.813294,530.5095,526.7009,528.409609,498.72321,500.662005,499.719505
606,20000,8,0.815008,,0.815008,0.811955,0.813423,530.5095,526.7009,528.506235,498.72321,500.4414,499.684034
607,20000,8,0.815008,,0.815008,0.8122,0.813633,530.5095,526.7009,528.727165,498.72321,500.429393,499.668265
608,20000,8,0.815068,,0.815068,0.8122,0.813798,530.5095,526.7009,528.926171,498.72321,500.429393,499.672484
609,20000,8,0.815068,,0.815068,0.8122,0.813962,530.5095,527.0212,529.071388,498.6771,500.429393,499.641793
610,20000,8,0.815068,,0.815068,0.8122,0.814065,530.5095,527.0212,529.153953,498.6771,500.163089,499.617145
611,20000,8,0.815068,,0.815068,0.812985,0.814193,530.5095,527.0212,529.310524,498.6771,500.163089,499.622455
612,20000,8,0.815074,,0.815074,0.812985,0.814311,530.5095,527.0212,529.437827,498.6771,500.055847,499.614978
613,20000,8,0.815221,,0.815221,0.812985,0.814419,530.5095,527.0212,529.547278,498.6771,500.057147,499.604604
614,20000,8,0.815221,,0.815221,0.813239,0.814524,530.5095,527.0212,529.62355,498.6771,500.057147,499.573545
615,20000,8,0.815839,,0.815839,0.813239,0.814641,530.5095,527.0212,529.647572,498.601835,500.057147,499.498409
616,20000,8,0.815839,,0.815839,0.813239,0.814685,530.5095,527.0212,529.647818,498.601835,500.057147,499.463985
617,20000,8,0.815839,,0.815839,0.813239,0.814816,530.5095,527.0212,529.699699,498.601835,500.057147,499.396737
618,20000,8,0.815839,,0.815839,0.813239,0.814931,530.5095,527.0212,529.780495,498.601835,500.057147,499.361045
619,20000,8,0.815839,,0.815839,0.813597,0.815033,530.5095,528.5202,529.812481,498.601835,500.057147,499.30308
620,20000,8,0.815839,,0.815839,0.813597,0.815079,530.5095,528.6536,529.827574,498.601835,500.057147,499.277337
621,20000,8,0.815947,,0.815947,0.814143,0.815172,530.5095,528.6536,529.862082,498.518081,499.789543,499.228328
622,20000,8,0.815947,,0.815947,0.814143,0.815244,530.5095,528.6536,529.856786,498.518081,499.789543,499.168325
623,20000,8,0.815947,,0.815947,0.814143,0.815316,530.5095,528.6536,529.880525,498.518081,499.789543,499.127965
624,20000,8,0.815947,,0.815947,0.814143,0.815417,530.6618,528.6536,529.914651,498.518081,499.789543,499.071927
625,20000,8,0.815947,,0.815947,0.814143,0.815485,530.6618,528.6536,529.899685,498.518081,499.789543,499.009032
626,20000,8,0.816117,,0.816117,0.814467,0.815583,530.7292,529.3497,529.920395,498.518081,499.789543,498.9463
627,20000,8,0.816117,,0.816117,0.814467,0.815632,530.7292,529.4171,529.91614,498.518081,499.687317,498.905651
628,20000,8,0.816117,,0.816117,0.814467,0.815706,530.7292,529.3497,529.885728,498.518081,499.687317,498.827568
629,20000,8,0.816117,,0.816117,0.815068,0.815764,530.7292,529.3497,529.863879,498.518081,499.468371,498.767827
630,20000,8,0.816117,,0.816117,0.815072,0.815804,530.7292,529.3497,529.851051,498.518081,499.464813,498.728037
631,20000,8,0.816117,,0.816117,0.815527,0.815839,530.7292,529.4171,529.866996,498.518081,499.421013,498.711409
632,20000,8,0.816224,,0.816224,0.815527,0.815872,530.7292,529.4171,529.882407,498.518081,499.421013,498.695561
633,20000,8,0.816224,,0.816224,0.815527,0.815895,530.7292,529.4171,529.894449,498.518081,499.421013,498.685852
634,20000,8,0.816224,,0.816224,0.815527,0.815935,530.7292,529.4171,529.912439,498.5178,499.421013,498.66678
635,20000,8,0.816424,,0.816424,0.815579,0.815968,530.7292,529.7041,529.910416,498.418522,499.421013,498.639547
636,20000,8,0.816424,,0.816424,0.815579,0.815995,530.7292,529.7041,529.913993,498.418522,499.421013,498.621168
637,20000,8,0.816424,,0.816424,0.815839,0.816034,530.2585,529.7041,529.91678,498.418522,498.809462,498.592219
638,20000,8,0.816424,,0.816424,0.815839,0.81606,530.2585,529.7041,529.942148,498.418522,498.809462,498.588882
639,20000,8,0.816424,,0.816424,0.815839,0.816089,530.2585,529.7041,529.974444,498.418522,498.809462,498.588263
640,20000,8,0.816424,,0.816424,0.815839,0.816128,530.2585,529.7041,530.012132,498.418522,498.809462,498.583039
641,20000,8,0.816424,,0.816424,0.815839,0.816167,530.1801,529.7041,530.044188,498.418522,498.809462,498.573694
642,20000,8,0.816424,,0.816424,0.815936,0.816218,530.1801,529.7041,530.075896,498.418522,498.809462,498.555147
643,20000,8,0.816424,,0.816424,0.815947,0.816251,530.1801,529.7041,530.0832,498.418522,498.809462,498.534248
644,20000,8,0.816424,,0.816424,0.815947,0.816269,530.1801,529.7041,530.089862,498.418522,498.809462,498.524901
645,20000,8,0.816424,,0.816424,0.815947,0.816292,530.1801,529.7041,530.0946,498.418522,498.70408,498.51019
646,20000,8,0.816424,,0.816424,0.815947,0.816304,530.1801,529.7041,530.09486,498.418522,498.70408,498.501074
647,20000,8,0.816424,,0.816424,0.816117,0.816319,530.1801,529.9851,530.090926,498.418522,498.70408,498.486768
648,20000,8,0.816804,,0.816804,0.816224,0.816329,530.4535,529.9851,530.08866,498.351362,498.620326,498.477096
649,20000,8,0.816804,,0.816804,0.816224,0.816344,530.4535,529.9851,530.091502,498.351362,498.620326,498.467963
650,20000,8,0.816804,,0.816804,0.816224,0.816362,530.4535,529.9851,530.094936,498.351362,498.620326,498.455801
651,20000,8,0.816804,,0.816804,0.816224,0.816379,530.5869,529.9851,530.10394,498.351362,498.620326,498.449034
652,20000,8,0.816804,,0.816804,0.816224,0.816405,530.5869,529.9851,530.128388,498.351362,498.620326,498.444959
653,20000,8,0.816804,,0.816804,0.816224,0.816435,530.5869,529.9851,530.156146,498.351362,498.620326,498.439677
654,20000,8,0.816804,,0.816804,0.816224,0.816469,530.5869,529.9851,530.17895,498.351362,498.620326,498.428977
655,20000,8,0.816877,,0.816877,0.816224,0.8165,530.5869,529.9851,530.201546,498.346716,498.620326,498.419763
656,20000,8,0.816877,,0.816877,0.816224,0.816539,530.5869,529.9851,530.22862,498.346716,498.620326,498.407409
657,20000,8,0.816877,,0.816877,0.816224,0.81657,530.5869,529.9851,530.251374,498.346716,498.620326,498.398408
658,20000,8,0.816877,,0.816877,0.816224,0.816591,530.5869,529.9851,530.268378,498.346716,498.620326,498.393521
659,20000,8,0.816877,,0.816877,0.81623,0.816622,530.5319,529.9851,530.290376,498.346716,498.484996,498.384423
660,20000,8,0.816877,,0.816877,0.81623,0.816655,530.5319,529.9851,530.320636,498.346716,498.484996,498.37831
661,20000,8,0.81698,,0.81698,0.8164,0.816681,530.5319,530.1109,530.340592,498.214277,498.446275,498.371999
662,20000,8,0.81698,,0.81698,0.8164,0.816705,530.5319,530.1109,530.362116,498.214277,498.446275,498.367241
663,20000,8,0.81698,,0.81698,0.8164,0.816738,530.5319,530.1109,530.38895,498.214277,498.446275,498.359329
664,20000,8,0.81698,,0.81698,0.8164,0.816757,530.5319,530.1109,530.404574,498.214277,498.446275,498.355656
665,20000,8,0.81698,,0.81698,0.816424,0.816776,530.5319,530.1109,530.421624,498.214277,498.418522,498.352074
666,20000,8,0.817494,,0.817494,0.816424,0.816799,530.9563,530.1109,530.439282,498.149873,498.418522,498.345435
667,20000,8,0.817494,,0.817494,0.816459,0.816825,530.9563,530.1109,530.458798,498.149873,498.391045,498.338767
668,20000,8,0.817494,,0.817494,0.816459,0.816832,530.9563,530.1109,530.461934,498.149873,498.391045,498.335015
669,20000,8,0.817494,,0.817494,0.816459,0.816853,530.9563,530.1109,530.477734,498.149873,498.391045,498.329507
670,20000,8,0.817494,,0.817494,0.816459,0.816874,530.9563,530.1109,530.48779,498.149873,498.391045,498.319719
671,20000,8,0.817494,,0.817494,0.816459,0.816883,530.9563,530.1109,530.488574,498.149873,498.391045,498.313368
672,20000,8,0.817494,,0.817494,0.816459,0.816899,530.9563,530.1109,530.494386,498.149873,498.391045,498.304727
673,20000,8,0.817494,,0.817494,0.816459,0.816943,530.9563,530.1109,530.520038,498.149873,498.391045,498.28796
674,20000,8,0.817494,,0.817494,0.816459,0.816969,530.9563,530.1109,530.536452,498.149873,498.391045,498.278032
675,20000,8,0.817494,,0.817494,0.816459,0.817007,530.9563,530.1109,530.55607,498.149873,498.391045,498.26213
676,20000,8,0.817494,,0.817494,0.816804,0.817054,530.9563,530.4535,530.58496,498.149873,498.351362,498.244439
677,20000,8,0.817494,,0.817494,0.816839,0.817097,530.9563,530.4535,530.610424,498.149873,498.346716,498.227691
678,20000,8,0.81767,,0.81767,0.816839,0.817131,530.9563,530.4535,530.632633,498.012787,498.346716,498.216674
679,20000,8,0.81767,,0.81767,0.816839,0.817161,530.9563,530.4535,530.641179,498.012787,498.346716,498.198678
680,20000,8,0.819164,,0.819164,0.815946,0.817222,531.8836,529.4276,530.680144,496.869706,498.935888,498.17718
681,20000,8,0.819164,,0.819164,0.816142,0.817312,531.8836,530.2101,530.742869,496.869706,498.935888,498.149242
682,20000,8,0.819164,,0.819164,0.816877,0.817366,531.8836,530.4535,530.779902,496.869706,498.935888,498.131896
683,20000,8,0.819164,,0.819164,0.816877,0.817418,531.8836,530.4535,530.815232,496.869706,498.935888,498.114918
684,20000,8,0.819164,,0.819164,0.81698,0.817498,531.8836,530.4535,530.861917,496.869706,498.935888,498.083586
685,20000,8,0.819716,,0.819716,0.81698,0.81764,532.0302,530.4535,530.945472,496.869706,498.935888,498.029383
686,20000,8,0.819716,,0.819716,0.817015,0.817808,532.0302,530.4535,531.013613,496.869706,498.935888,497.943913
687,20000,8,0.819784,,0.819784,0.817053,0.817974,532.0302,530.5319,531.074132,496.869706,498.935888,497.854312
688,20000,8,0.819784,,0.819784,0.817088,0.818125,532.0302,530.5319,531.132122,496.869706,498.182153,497.775441
689,20000,8,0.819784,,0.819784,0.817494,0.818306,532.0302,529.8072,531.231324,496.862174,498.149873,497.701251
690,20000,8,0.819955,,0.819955,0.817494,0.818479,532.0302,530.7104,531.332991,496.815403,498.149873,497.634045
691,20000,8,0.819955,,0.819955,0.817494,0.81866,532.0302,530.7104,531.43639,496.815403,498.149873,497.562034
692,20000,8,0.819955,,0.819955,0.817664,0.818788,532.4546,530.7104,531.516541,496.815403,498.017153,497.516402
693,20000,8,0.819955,,0.819955,0.81767,0.818891,532.4546,530.839,531.574099,496.815403,498.012787,497.474726
694,20000,8,0.820012,,0.820012,0.81767,0.819001,532.4546,530.9563,531.635451,496.770244,498.012787,497.430016
695,20000,8,0.820012,,0.820012,0.81767,0.819096,532.4546,530.9563,531.682621,496.770244,498.012787,497.38707
696,20000,8,0.820012,,0.820012,0.81767,0.819217,532.4546,530.9563,531.749039,496.770244,498.012787,497.337194
697,20000,8,0.820012,,0.820012,0.81767,0.819283,532.4546,530.9563,531.762986,496.770244,498.012787,497.295344
698,20000,8,0.820012,,0.820012,0.81767,0.819351,532.4546,530.9563,531.79363,496.770244,498.012787,497.262544
699,20000,8,0.820012,,0.820012,0.81767,0.81943,532.4546,530.9563,531.831786,496.770244,498.012787,497.226677
700,20000,8,0.820012,,0.820012,0.81767,0.819504,532.4546,530.9563,531.858896,496.770244,498.012787,497.186835
701,20000,8,0.820012,,0.820012,0.817998,0.819564,532.4546,531.064,531.860071,496.770244,497.829204,497.140918
702,20000,8,0.820012,,0.820012,0.817998,0.819635,532.595,531.064,531.880175,496.770244,497.829204,497.099596
703,20000,8,0.820012,,0.820012,0.817998,0.819714,532.595,531.064,531.895694,496.770244,497.829204,497.047865
704,20000,8,0.820012,,0.820012,0.818524,0.819755,532.595,531.4152,531.915383,496.770244,497.686694,497.029462
705,20000,8,0.820012,,0.820012,0.818524,0.819803,532.595,531.4152,531.943222,496.770244,497.654253,497.010211
706,20000,8,0.820012,,0.820012,0.818961,0.819838,532.595,531.8081,531.962193,496.770244,497.647779,496.995657
707,20000,8,0.820012,,0.820012,0.818961,0.819874,532.595,531.8081,531.992782,496.770244,497.647779,496.988156
708,20000,8,0.820012,,0.820012,0.819537,0.819904,532.6599,531.8286,532.005218,496.770244,497.647779,496.973365
709,20000,8,0.820012,,0.820012,0.819546,0.819928,532.6599,531.8286,532.006952,496.770244,497.647779,496.955497
710,20000,8,0.820012,,0.820012,0.819546,0.819951,532.595,531.8286,531.986632,496.770244,497.647779,496.923972
711,20000,8,0.820012,,0.820012,0.819546,0.819967,532.595,531.8286,531.957267,496.770244,497.647779,496.891606
712,20000,8,0.820012,,0.820012,0.819546,0.819976,532.595,531.8286,531.952411,496.770244,497.647779,496.881483
713,20000,8,0.820021,,0.820021,0.819927,0.819986,532.4953,531.8286,531.955626,496.770244,497.276665,496.875879
714,20000,8,0.820021,,0.820021,0.819927,0.819991,532.4953,531.8286,531.949312,496.770244,497.276665,496.86827
715,20000,8,0.820021,,0.820021,0.819936,0.819994,532.4953,531.8286,531.933523,496.770244,497.276665,496.855248
716,20000,8,0.820064,,0.820064,0.819936,0.819997,532.4953,531.8286,531.9164,496.734788,497.276665,496.841492
717,20000,8,0.820064,,0.820064,0.819936,0.820001,532.4953,531.8286,531.886013,496.734788,497.276665,496.817705
718,20000,8,0.820064,,0.820064,0.819936,0.820006,532.4953,531.8286,531.86896,496.734788,497.276665,496.802691
719,20000,8,0.820064,,0.820064,0.819936,0.82001,532.4953,531.8286,531.866432,496.734788,497.276665,496.797675
720,20000,8,0.820064,,0.820064,0.819936,0.820015,532.4953,531.8286,531.861519,496.734788,497.276665,496.790314
721,20000,8,0.820064,,0.820064,0.819963,0.820022,531.969,531.8286,531.852604,496.734788,496.902792,496.778728
722,20000,8,0.820064,,0.820064,0.819963,0.820024,531.969,531.8286,531.854288,496.734788,496.902792,496.77814
723,20000,8,0.820064,,0.820064,0.819963,0.820031,531.969,531.8286,531.849302,496.734788,496.902792,496.769647
724,20000,8,0.820064,,0.820064,0.820012,0.820037,531.969,531.8286,531.847194,496.734788,496.857633,496.763902
725,20000,8,0.820064,,0.820064,0.820012,0.820041,531.969,531.8286,531.842208,496.734788,496.857633,496.757215
726,20000,8,0.820064,,0.820064,0.820012,0.820045,531.969,531.8286,531.841364,496.734788,496.857633,496.753505
727,20000,8,0.820064,,0.820064,0.820012,0.820049,531.969,531.8286,531.839116,496.734788,496.857633,496.748921
728,20000,8,0.820064,,0.820064,0.820012,0.820054,531.969,531.8286,531.835604,496.734788,496.857633,496.742753
729,20000,8,0.820064,,0.820064,0.820012,0.820055,531.8356,531.8286,531.83434,496.734788,496.770244,496.74117
730,20000,8,0.820064,,0.820064,0.820012,0.820056,531.8356,531.8286,531.83448,496.734788,496.770244,496.740461
731,20000,8,0.820064,,0.820064,0.820012,0.820058,531.8356,531.8286,531.83476,496.734788,496.770244,496.739043
732,20000,8,0.820064,,0.820064,0.820012,0.820059,531.8356,531.8286,531.83497,496.734788,496.770244,496.737979
733,20000,8,0.820064,,0.820064,0.820012,0.820061,531.8356,531.8286,531.83525,496.734788,496.770244,496.736561
734,20000,8,0.820064,,0.820064,0.820064,0.820064,531.8356,531.8356,531.8356,496.734788,496.734788,496.734788
735,20000,8,0.820064,,0.820064,0.820064,0.820064,531.8356,531.8356,531.8356,496.734788,496.734788,496.734788
736,20000,8,0.820064,,0.820064,0.820064,0.820064,531.8356,531.8356,531.8356,496.734788,496.734788,496.734788
737,20000,8,0.820064,,0.820064,0.820064,0.820064,531.8356,531.8356,531.8356,496.734788,496.734788,496.734788
738,20000,8,0.820064,,0.820064,0.820064,0.820064,531.8356,531.8356,531.8356,496.734788,496.734788,496.734788
739,20000,8,0.820064,,0.820064,0.820064,0.820064,531.8356,531.8356,531.8356,496.734788,496.734788,496.734788
740,20000,8,0.820064,,0.820064,0.820064,0.820064,531.8356,531.8356,531.8356,496.734788,496.734788,496.734788
741,20000,8,0.820064,,0.820064,0.820064,0.820064,531.8356,531.8356,531.8356,496.734788,496.734788,496.734788
742,20000,8,0.820064,,0.820064,0.820064,0.820064,531.8356,531.8356,531.8356,496.734788,496.734788,496.734788
743,20000,8,0.820064,,0.820064,0.820064,0.820064,531.8356,531.8356,531.8356,496.734788,496.734788,496.734788
744,20000,8,0.820064,,0.820064,0.820064,0.820064,531.8356,531.8356,531.8356,496.734788,496.734788,496.734788
745,20000,8,0.820064,,0.820064,0.820064,0.820064,531.8356,531.8356,531.8356,496.734788,496.734788,496.734788
746,20000,8,0.820064,,0.820064,0.820064,0.820064,531.8356,531.8356,531.8356,496.734788,496.734788,496.734788
747,20000,8,0.820064,,0.820064,0.820064,0.820064,531.8356,531.8356,531.8356,496.734788,496.734788,496.734788
748,20000,8,0.820064,,0.820064,0.820064,0.820064,531.8356,531.8356,531.8356,496.734788,496.734788,496.734788
749,20000,8,0.820064,,0.820064,0.820064,0.820064,531.8356,531.8356,531.8356,496.734788,496.734788,496.734788
750,20000,8,0.820064,,0.820064,0.820064,0.820064,531.8356,531.8356,531.8356,496.734788,496.734788,496.734788
751,20000,8,0.820064,,0.820064,0.820064,0.820064,531.8356,531.8356,531.8356,496.734788,496.734788,496.734788
752,20000,8,0.820064,,0.820064,0.820064,0.820064,531.8356,531.8356,531.8356,496.734788,496.734788,496.734788
753,20000,8,0.820064,,0.820064,0.820064,0.820064,531.8356,531.8356,531.8356,496.734788,496.734788,496.734788
754,20000,8,0.820064,,0.820064,0.820064,0.820064,531.8356,531.8356,531.8356,496.734788,496.734788,496.734788
755,20000,8,0.820064,,0.820064,0.820064,0.820064,531.8356,531.8356,531.8356,496.734788,496.734788,496.734788
756,20000,8,0.820064,,0.820064,0.820064,0.820064,531.8356,531.8356,531.8356,496.734788,496.734788,496.734788
757,20000,8,0.820064,,0.820064,0.820064,0.820064,531.8356,531.8356,531.8356,496.734788,496.734788,496.734788
758,20000,8,0.820064,,0.820064,0.820064,0.820064,531.8356,531.8356,531.8356,496.734788,496.734788,496.734788
759,20000,8,0.820064,,0.820064,0.820064,0.820064,531.8356,531.8356,531.8356,496.734788,496.734788,496.734788
760,20000,8,0.820064,,0.820064,0.820064,0.820064,531.8356,531.8356,531.8356,496.734788,496.734788,496.734788
761,20000,8,0.820064,,0.820064,0.820064,0.820064,531.8356,531.8356,531.8356,496.734788,496.734788,496.734788
762,20000,8,0.820064,,0.820064,0.820064,0.820064,531.8356,531.8356,531.8356,496.734788,496.734788,496.734788
763,20000,8,0.820064,,0.820064,0.820064,0.820064,531.8356,531.8356,531.8356,496.734788,496.734788,496.734788
764,20000,8,0.820064,,0.820064,0.820064,0.820064,531.8356,531.8356,531.8356,496.734788,496.734788,496.734788
765,20000,8,0.82113,,0.82113,0.819402,0.820078,533.2712,531.0672,531.880018,496.615451,497.534064,496.753959
766,20000,8,0.82113,,0.82113,0.820064,0.820108,533.2782,531.8356,531.944889,496.525187,497.534064,496.773825
767,20000,8,0.82113,,0.82113,0.820064,0.820129,533.2782,531.8356,531.974532,496.525187,497.534064,496.77739
768,20000,8,0.82113,,0.82113,0.820064,0.820141,533.681,531.8356,532.018428,496.525187,497.712774,496.797273
769,20000,8,0.82113,,0.82113,0.820064,0.82017,533.681,531.8356,532.080671,496.525187,497.712774,496.816125
770,20000,8,0.82113,,0.82113,0.820064,0.820196,533.681,531.8356,532.130539,496.525187,497.64732,496.829594
771,20000,8,0.821239,,0.821239,0.820064,0.820226,533.681,531.8356,532.20558,496.525187,497.64732,496.856337
772,20000,8,0.821275,,0.821275,0.820064,0.820306,533.9666,531.8356,532.334226,496.525187,497.64732,496.880105
773,20000,8,0.821275,,0.821275,0.820064,0.820324,533.9666,531.8356,532.373707,496.525187,497.64732,496.892319
774,20000,8,0.821275,,0.821275,0.820064,0.820383,533.9666,531.8356,532.409855,496.525187,497.642954,496.871021
775,20000,8,0.821275,,0.821275,0.820064,0.820433,533.9666,531.8356,532.477683,496.525187,497.642954,496.876904
776,20000,8,0.821275,,0.821275,0.820064,0.820518,533.9666,531.8356,532.567754,496.525187,497.642954,496.87101
777,20000,8,0.821735,,0.821735,0.820064,0.820596,533.9666,531.8356,532.648313,496.438585,497.642954,496.864329
778,20000,8,0.821843,,0.821843,0.820064,0.820683,533.9736,531.8356,532.801017,496.438585,497.642954,496.899081
779,20000,8,0.821843,,0.821843,0.820064,0.820764,533.9736,531.8356,532.928265,496.438585,497.667615,496.920797
780,20000,8,0.821952,,0.821952,0.820064,0.820877,534.2898,531.8356,533.079789,496.438585,497.667615,496.934632
781,20000,8,0.821952,,0.821952,0.820064,0.820933,534.2898,531.8356,533.168335,496.438585,497.667615,496.950256
782,20000,8,0.821952,,0.821952,0.820064,0.820999,534.2898,531.8356,533.220034,496.438585,497.667615,496.933021
783,20000,8,0.821952,,0.821952,0.820064,0.82111,534.2898,531.8356,533.325858,496.403129,497.642954,496.917605
784,20000,8,0.821952,,0.821952,0.820064,0.821213,534.2898,531.8356,533.411275,496.403129,497.642954,496.894113
785,20000,8,0.821952,,0.821952,0.820064,0.82128,534.4232,531.8356,533.499923,496.403129,497.642954,496.901443
786,20000,8,0.821952,,0.821952,0.820064,0.821366,534.4232,531.8356,533.548572,496.403129,497.52011,496.867134
787,20000,8,0.821952,,0.821952,0.820064,0.82144,534.4232,531.8356,533.611134,496.403129,497.52011,496.851451
788,20000,8,0.821952,,0.821952,0.820528,0.821507,534.4232,533.1446,533.684509,496.403129,497.52011,496.847832
789,20000,8,0.821952,,0.821952,0.820528,0.821525,534.4232,533.1446,533.71084,496.403129,497.523156,496.852004
790,20000,8,0.821952,,0.821952,0.820528,0.821587,534.4232,533.1446,533.744301,496.403129,497.523156,496.825838
791,20000,8,0.821952,,0.821952,0.820528,0.821649,534.4232,533.1446,533.794555,496.403129,497.523156,496.811376
792,20000,8,0.821952,,0.821952,0.821014,0.821698,534.4232,533.1446,533.832889,496.403129,497.404221,496.798702
793,20000,8,0.821952,,0.821952,0.821239,0.821726,534.4232,533.1446,533.82054,496.403129,497.404221,496.768847
794,20000,8,0.821952,,0.821952,0.821239,0.821744,534.4232,533.1446,533.827861,496.403129,497.404221,496.759609
795,20000,8,0.821952,,0.821952,0.821239,0.821764,534.2898,533.1446,533.816115,496.403129,497.296538,496.736155
796,20000,8,0.821952,,0.821952,0.821239,0.821805,534.2898,533.1446,533.802993,496.403129,497.281377,496.695303
797,20000,8,0.821952,,0.821952,0.821472,0.821831,534.2898,533.3455,533.813702,496.403129,497.281377,496.682289
798,20000,8,0.821952,,0.821952,0.821472,0.821841,534.2898,533.3455,533.80472,496.403129,497.281377,496.668023
799,20000,8,0.821952,,0.821952,0.821472,0.821852,534.2898,533.6617,533.795738,496.485822,497.281377,496.653888
800,20000,8,0.821984,,0.821984,0.821498,0.82186,534.2898,533.6617,533.78699,496.479717,497.261082,496.641498
801,20000,8,0.822149,,0.822149,0.821498,0.821866,534.2898,533.6617,533.787267,496.479717,497.261082,496.637392
802,20000,8,0.822149,,0.822149,0.821498,0.821876,534.2898,533.6617,533.784403,496.479717,497.261082,496.627393
803,20000,8,0.822149,,0.822149,0.821498,0.821893,534.2898,533.6617,533.763093,496.479717,497.261082,496.599745
804,20000,8,0.822149,,0.822149,0.821498,0.821906,534.2898,533.6617,533.757692,496.479717,497.261082,496.585754
805,20000,8,0.822149,,0.822149,0.821498,0.821918,534.2898,533.6617,533.749129,496.479717,497.261082,496.570849
806,20000,8,0.822149,,0.822149,0.821498,0.821935,534.2898,533.4866,533.725835,496.479717,497.261082,496.542164
807,20000,8,0.822149,,0.822149,0.821498,0.821945,534.2898,533.4866,533.729598,496.479717,497.261082,496.53677
808,20000,8,0.822149,,0.822149,0.821498,0.821969,534.2898,533.6617,533.736132,496.479717,497.261082,496.522073
809,20000,8,0.822149,,0.822149,0.821498,0.821979,534.2898,533.6617,533.740035,496.479717,497.261082,496.516924
810,20000,8,0.822149,,0.822149,0.82183,0.822,534.0058,533.6617,533.747422,496.479717,496.581266,496.505488
811,20000,8,0.822149,,0.822149,0.821932,0.822013,534.0058,533.6617,533.766813,496.479717,496.562409,496.508725
812,20000,8,0.822149,,0.822149,0.821932,0.822022,534.0058,533.6617,533.783739,496.479717,496.562409,496.512616
813,20000,8,0.822149,,0.822149,0.821932,0.822028,534.0058,533.6617,533.793783,496.479717,496.562409,496.514974
814,20000,8,0.822149,,0.822149,0.821932,0.822036,534.0058,533.6617,533.807268,496.479717,496.562409,496.518099
815,20000,8,0.822149,,0.822149,0.821952,0.822046,534.0058,533.6617,533.824264,496.479717,496.562409,496.521635
816,20000,8,0.822149,,0.822149,0.821952,0.822051,534.0058,533.6617,533.834308,496.479717,496.562409,496.523993
817,20000,8,0.822149,,0.822149,0.821952,0.822073,534.0058,533.6617,533.872159,496.479717,496.562409,496.532418
818,20000,8,0.822149,,0.822149,0.821952,0.822087,534.0058,533.6617,533.895967,496.479717,496.562409,496.53784
819,20000,8,0.822149,,0.822149,0.821952,0.822094,534.0058,533.6617,533.909731,496.479717,496.562409,496.540904
820,20000,8,0.822149,,0.822149,0.821952,0.822102,534.0058,533.6617,533.923216,496.485822,496.562409,496.544028
821,20000,8,0.822149,,0.822149,0.821952,0.822106,534.0058,533.6617,533.930098,496.485822,496.562409,496.54556
822,20000,8,0.822149,,0.822149,0.821952,0.822116,534.0058,533.6617,533.947303,496.485822,496.562409,496.549389
823,20000,8,0.822149,,0.822149,0.821952,0.822126,534.0058,533.6617,533.964508,496.485822,496.562409,496.553219
824,20000,8,0.822175,,0.822175,0.821952,0.822136,534.0058,533.6617,533.981713,496.485822,496.562409,496.556845
825,20000,8,0.822175,,0.822175,0.821952,0.82214,534.0058,533.6617,533.988595,496.485822,496.562409,496.557971
826,20000,8,0.822175,,0.822175,0.821952,0.822143,534.0058,533.6617,533.992036,496.485822,496.562409,496.558534
827,20000,8,0.822175,,0.822175,0.821952,0.822146,534.0058,533.6617,533.995477,496.485822,496.562409,496.558488
828,20000,8,0.822175,,0.822175,0.821952,0.822148,534.0058,533.6617,533.998918,496.485822,496.562409,496.558848
829,20000,8,0.822175,,0.822175,0.822149,0.822151,534.0058,534.0058,534.002359,496.485822,496.562409,496.559005
830,20000,8,0.822175,,0.822175,0.822149,0.822154,534.0058,534.0058,534.0058,496.542115,496.562409,496.558553
831,20000,8,0.822609,,0.822609,0.822149,0.82216,534.4295,534.0058,534.010037,496.487837,496.562409,496.55659
832,20000,8,0.822609,,0.822609,0.822149,0.822175,534.4295,534.0058,534.022748,496.487837,496.562409,496.553541
833,20000,8,0.822609,,0.822609,0.822149,0.822181,534.4295,534.0058,534.026985,496.487837,496.562409,496.551983
834,20000,8,0.822609,,0.822609,0.822149,0.822195,534.4295,534.0058,534.039696,496.487837,496.562409,496.549543
835,20000,8,0.822609,,0.822609,0.822149,0.822209,534.4295,534.0058,534.052407,496.487837,496.562409,496.547306
836,20000,8,0.822609,,0.822609,0.822149,0.822232,534.4295,534.0058,534.073592,496.487837,496.562409,496.543172
837,20000,8,0.822609,,0.822609,0.822149,0.822259,534.4295,534.0058,534.099014,496.487837,496.562409,496.539103
838,20000,8,0.822609,,0.822609,0.822149,0.822296,534.4295,534.0058,534.13291,496.487837,496.562409,496.533543
839,20000,8,0.822609,,0.822609,0.822149,0.822323,534.4295,534.0058,534.158332,496.487837,496.562409,496.529272
840,20000,8,0.822609,,0.822609,0.822149,0.822363,534.4295,534.0058,534.196465,496.487837,496.562409,496.523372
841,20000,8,0.822609,,0.822609,0.822149,0.822408,534.4295,534.0058,534.238835,496.487837,496.562409,496.517133
842,20000,8,0.822609,,0.822609,0.822149,0.822435,534.4295,534.0058,534.264257,496.487837,496.562409,496.512455
843,20000,8,0.822609,,0.822609,0.822149,0.822463,534.4295,534.0058,534.289679,496.487837,496.562409,496.508184
844,20000,8,0.822609,,0.822609,0.822149,0.822481,534.4295,534.0058,534.306627,496.487837,496.562409,496.504998
845,20000,8,0.822609,,0.822609,0.822149,0.822487,534.4295,534.0058,534.310864,496.487837,496.562409,496.503846
846,20000,8,0.822609,,0.822609,0.822149,0.822513,534.4295,534.0058,534.336286,496.487837,496.562409,496.500387
847,20000,8,0.822609,,0.822609,0.822175,0.82254,534.4295,534.0058,534.361708,496.487837,496.542115,496.496521
848,20000,8,0.822609,,0.822609,0.822175,0.822557,534.4295,534.0058,534.378656,496.487837,496.542115,496.49435
849,20000,8,0.822609,,0.822609,0.822175,0.82257,534.4295,534.0058,534.391367,496.487837,496.542115,496.492722
850,20000,8,0.822609,,0.822609,0.821239,0.822531,534.4764,533.1446,534.36303,496.485822,497.217499,496.503758
851,20000,8,0.822609,,0.822609,0.821952,0.822567,534.4764,533.6617,534.389191,496.485822,496.768762,496.493862
852,20000,8,0.822609,,0.822609,0.821952,0.822574,534.4295,533.6617,534.392959,496.485822,496.542115,496.49051
853,20000,8,0.822609,,0.822609,0.821952,0.822585,534.4295,533.6617,534.404874,496.485822,496.542115,496.489988
854,20000,8,0.822609,,0.822609,0.822175,0.822596,534.4295,534.0058,534.416789,496.487837,496.542115,496.489465
855,20000,8,0.822609,,0.822609,0.822609,0.822609,534.4295,534.4295,534.4295,496.487837,496.487837,496.487837
856,20000,8,0.822609,,0.822609,0.822609,0.822609,534.4295,534.4295,534.4295,496.487837,496.487837,496.487837
857,20000,8,0.822609,,0.822609,0.822609,0.822609,534.4295,534.4295,534.4295,496.487837,496.487837,496.487837
858,20000,8,0.822609,,0.822609,0.822609,0.822609,534.4295,534.4295,534.4295,496.487837,496.487837,496.487837
859,20000,8,0.822609,,0.822609,0.822609,0.822609,534.4295,534.4295,534.4295,496.487837,496.487837,496.487837
860,20000,8,0.822609,,0.822609,0.822609,0.822609,534.4295,534.4295,534.4295,496.487837,496.487837,496.487837
861,20000,8,0.822609,,0.822609,0.822609,0.822609,534.4295,534.4295,534.4295,496.487837,496.487837,496.487837
862,20000,8,0.822609,,0.822609,0.822609,0.822609,534.4295,534.4295,534.4295,496.487837,496.487837,496.487837
863,20000,8,0.822609,,0.822609,0.822609,0.822609,534.4295,534.4295,534.4295,496.487837,496.487837,496.487837
864,20000,8,0.822609,,0.822609,0.822609,0.822609,534.4295,534.4295,534.4295,496.487837,496.487837,496.487837
865,20000,8,0.822609,,0.822609,0.822609,0.822609,534.4295,534.4295,534.4295,496.487837,496.487837,496.487837
866,20000,8,0.822609,,0.822609,0.822609,0.822609,534.4295,534.4295,534.4295,496.487837,496.487837,496.487837
867,20000,8,0.822609,,0.822609,0.822609,0.822609,534.4295,534.4295,534.4295,496.487837,496.487837,496.487837
868,20000,8,0.822609,,0.822609,0.822609,0.822609,534.4295,534.4295,534.4295,496.487837,496.487837,496.487837
869,20000,8,0.822609,,0.822609,0.822609,0.822609,534.4295,534.4295,534.4295,496.487837,496.487837,496.487837
870,20000,8,0.822609,,0.822609,0.822609,0.822609,534.4295,534.4295,534.4295,496.487837,496.487837,496.487837
871,20000,8,0.822609,,0.822609,0.822609,0.822609,534.4295,534.4295,534.4295,496.487837,496.487837,496.487837
872,20000,8,0.822609,,0.822609,0.822609,0.822609,534.4295,534.4295,534.4295,496.487837,496.487837,496.487837
873,20000,8,0.822609,,0.822609,0.822609,0.822609,534.4295,534.4295,534.4295,496.487837,496.487837,496.487837
874,20000,8,0.822609,,0.822609,0.822609,0.822609,534.4295,534.4295,534.4295,496.487837,496.487837,496.487837
875,20000,8,0.822609,,0.822609,0.822609,0.822609,534.4295,534.4295,534.4295,496.487837,496.487837,496.487837
876,20000,8,0.822609,,0.822609,0.822609,0.822609,534.4295,534.4295,534.4295,496.487837,496.487837,496.487837
877,20000,8,0.822609,,0.822609,0.822609,0.822609,534.4295,534.4295,534.4295,496.487837,496.487837,496.487837
878,20000,8,0.822609,,0.822609,0.822609,0.822609,534.4295,534.4295,534.4295,496.487837,496.487837,496.487837
879,20000,8,0.822609,,0.822609,0.822609,0.822609,534.4295,534.4295,534.4295,496.487837,496.487837,496.487837
880,20000,8,0.822609,,0.822609,0.822609,0.822609,534.4295,534.4295,534.4295,496.487837,496.487837,496.487837
881,20000,8,0.822609,,0.822609,0.822609,0.822609,534.4295,534.4295,534.4295,496.487837,496.487837,496.487837
882,20000,8,0.822609,,0.822609,0.822609,0.822609,534.4295,534.4295,534.4295,496.487837,496.487837,496.487837
883,20000,8,0.822609,,0.822609,0.822609,0.822609,534.4295,534.4295,534.4295,496.487837,496.487837,496.487837
884,20000,8,0.822609,,0.822609,0.822609,0.822609,534.4295,534.4295,534.4295,496.487837,496.487837,496.487837
885,20000,8,0.822609,,0.822609,0.822609,0.822609,534.4295,534.4295,534.4295,496.487837,496.487837,496.487837
886,20000,8,0.822609,,0.822609,0.822609,0.822609,534.4295,534.4295,534.4295,496.487837,496.487837,496.487837
887,20000,8,0.822609,,0.822609,0.822609,0.822609,534.4295,534.4295,534.4295,496.487837,496.487837,496.487837
888,20000,8,0.822609,,0.822609,0.822609,0.822609,534.4295,534.4295,534.4295,496.487837,496.487837,496.487837
889,20000,8,0.822609,,0.822609,0.822609,0.822609,534.4295,534.4295,534.4295,496.487837,496.487837,496.487837
890,20000,8,0.822609,,0.822609,0.822609,0.822609,534.4295,534.4295,534.4295,496.487837,496.487837,496.487837
891,20000,8,0.822609,,0.822609,0.822609,0.822609,534.4295,534.4295,534.4295,496.487837,496.487837,496.487837
892,20000,8,0.822609,,0.822609,0.822609,0.822609,534.4295,534.4295,534.4295,496.487837,496.487837,496.487837
893,20000,8,0.822609,,0.822609,0.822609,0.822609,534.4295,534.4295,534.4295,496.487837,496.487837,496.487837
894,20000,8,0.822609,,0.822609,0.822609,0.822609,534.4295,534.4295,534.4295,496.487837,496.487837,496.487837
895,20000,8,0.822609,,0.822609,0.822609,0.822609,534.4295,534.4295,534.4295,496.487837,496.487837,496.487837
896,20000,8,0.822609,,0.822609,0.822609,0.822609,534.4295,534.4295,534.4295,496.487837,496.487837,496.487837
897,20000,8,0.822609,,0.822609,0.822609,0.822609,534.4295,534.4295,534.4295,496.487837,496.487837,496.487837
898,20000,8,0.822609,,0.822609,0.822609,0.822609,534.4295,534.4295,534.4295,496.487837,496.487837,496.487837
899,20000,8,0.822609,,0.822609,0.822609,0.822609,534.4295,534.4295,534.4295,496.487837,496.487837,496.487837
900,20000,8,0.822609,,0.822609,0.822609,0.822609,534.4295,534.4295,534.4295,496.487837,496.487837,496.487837
901,20000,8,0.822609,,0.822609,0.822609,0.822609,534.4295,534.4295,534.4295,496.487837,496.487837,496.487837
902,20000,8,0.822609,,0.822609,0.822609,0.822609,534.4295,534.4295,534.4295,496.487837,496.487837,496.487837
903,20000,8,0.822609,,0.822609,0.822609,0.822609,534.4295,534.4295,534.4295,496.487837,496.487837,496.487837
904,20000,8,0.822609,,0.822609,0.822609,0.822609,534.4295,534.4295,534.4295,496.487837,496.487837,496.487837
905,20000,8,0.822609,,0.822609,0.822609,0.822609,534.4295,534.4295,534.4295,496.487837,496.487837,496.487837
906,20000,8,0.822609,,0.822609,0.822609,0.822609,534.4295,534.4295,534.4295,496.487837,496.487837,496.487837
907,20000,8,0.822609,,0.822609,0.822609,0.822609,534.4295,534.4295,534.4295,496.487837,496.487837,496.487837
908,20000,8,0.822609,,0.822609,0.822609,0.822609,534.4295,534.4295,534.4295,496.487837,496.487837,496.487837
909,20000,8,0.822609,,0.822609,0.822609,0.822609,534.4295,534.4295,534.4295,496.487837,496.487837,496.487837
910,20000,8,0.822609,,0.822609,0.822609,0.822609,534.4295,534.4295,534.4295,496.487837,496.487837,496.487837
911,20000,8,0.822609,,0.822609,0.822609,0.822609,534.4295,534.4295,534.4295,496.487837,496.487837,496.487837
912,20000,8,0.822609,,0.822609,0.822609,0.822609,534.4295,534.4295,534.4295,496.487837,496.487837,496.487837
913,20000,8,0.822609,,0.822609,0.822609,0.822609,534.4295,534.4295,534.4295,496.487837,496.487837,496.487837
914,20000,8,0.822609,,0.822609,0.822609,0.822609,534.4295,534.4295,534.4295,496.487837,496.487837,496.487837
915,20000,8,0.822609,,0.822609,0.822609,0.822609,534.4295,534.4295,534.4295,496.487837,496.487837,496.487837
916,20000,8,0.822609,,0.822609,0.822609,0.822609,534.4295,534.4295,534.4295,496.487837,496.487837,496.487837
917,20000,8,0.822609,,0.822609,0.822609,0.822609,534.4295,534.4295,534.4295,496.487837,496.487837,496.487837
918,20000,8,0.822609,,0.822609,0.822609,0.822609,534.4295,534.4295,534.4295,496.487837,496.487837,496.487837
919,20000,8,0.822609,,0.822609,0.822609,0.822609,534.4295,534.4295,534.4295,496.487837,496.487837,496.487837
920,20000,8,0.822609,,0.822609,0.822609,0.822609,534.4295,534.4295,534.4295,496.487837,496.487837,496.487837
921,20000,8,0.822609,,0.822609,0.822609,0.822609,534.4295,534.4295,534.4295,496.487837,496.487837,496.487837
922,20000,8,0.822609,,0.822609,0.822609,0.822609,534.4295,534.4295,534.4295,496.487837,496.487837,496.487837
923,20000,8,0.822609,,0.822609,0.822609,0.822609,534.4295,534.4295,534.4295,496.487837,496.487837,496.487837
924,20000,8,0.822609,,0.822609,0.822609,0.822609,534.4295,534.4295,534.4295,496.487837,496.487837,496.487837
925,20000,8,0.822609,,0.822609,0.822609,0.822609,534.4295,534.4295,534.4295,496.487837,496.487837,496.487837
926,20000,8,0.822609,,0.822609,0.822609,0.822609,534.4295,534.4295,534.4295,496.487837,496.487837,496.487837
927,20000,8,0.822609,,0.822609,0.822609,0.822609,534.4295,534.4295,534.4295,496.487837,496.487837,496.487837
928,20000,8,0.822609,,0.822609,0.822609,0.822609,534.4295,534.4295,534.4295,496.487837,496.487837,496.487837
929,20000,8,0.822609,,0.822609,0.822609,0.822609,534.4295,534.4295,534.4295,496.487837,496.487837,496.487837
930,20000,8,0.822609,,0.822609,0.822609,0.822609,534.4295,534.4295,534.4295,496.487837,496.487837,496.487837
931,20000,8,0.822609,,0.822609,0.822609,0.822609,534.4295,534.4295,534.4295,496.487837,496.487837,496.487837
932,20000,8,0.822609,,0.822609,0.822609,0.822609,534.4295,534.4295,534.4295,496.487837,496.487837,496.487837
933,20000,8,0.822609,,0.822609,0.822609,0.822609,534.4295,534.4295,534.4295,496.487837,496.487837,496.487837
934,20000,8,0.822609,,0.822609,0.822609,0.822609,534.4295,534.4295,534.4295,496.487837,496.487837,496.487837
935,20000,8,0.82279,,0.82279,0.822609,0.822616,534.4944,534.4295,534.432745,496.39051,496.487837,496.484278
936,20000,8,0.82279,,0.82279,0.822609,0.822626,534.4944,534.4295,534.436639,496.39051,496.487837,496.479746
937,20000,8,0.82279,,0.82279,0.822609,0.822633,534.4944,534.4295,534.439884,496.39051,496.487837,496.475751
938,20000,8,0.82279,,0.82279,0.822609,0.822646,534.4944,534.4295,534.445076,496.39051,496.487837,496.469272
939,20000,8,0.82279,,0.82279,0.822609,0.822658,534.4944,534.4295,534.450917,496.39051,496.487837,496.464
940,20000,8,0.82279,,0.82279,0.822609,0.822674,534.4944,534.4295,534.458056,496.39051,496.487837,496.456344
941,20000,8,0.82279,,0.82279,0.822609,0.82269,534.4944,534.4295,534.464546,496.39051,496.487837,496.448355
942,20000,8,0.82279,,0.82279,0.822609,0.822706,534.4944,534.4295,534.472334,496.39051,496.487837,496.440598
943,20000,8,0.82279,,0.82279,0.822609,0.822723,534.4944,534.4295,534.479473,496.39051,496.487837,496.432507
944,20000,8,0.82279,,0.82279,0.822609,0.822738,534.4944,534.4295,534.485314,496.39051,496.487837,496.42462
945,20000,8,0.82279,,0.82279,0.822609,0.822748,534.4944,534.4295,534.489208,496.39051,496.487837,496.419652
946,20000,8,0.82279,,0.82279,0.822609,0.822754,534.4944,534.4295,534.491804,496.39051,496.487837,496.41663
947,20000,8,0.82279,,0.82279,0.822734,0.82276,534.4944,534.4944,534.4944,496.39051,496.434093,496.413173
948,20000,8,0.82279,,0.82279,0.822734,0.822762,534.4944,534.4944,534.4944,496.39051,496.434093,496.412301
949,20000,8,0.82279,,0.82279,0.822734,0.822764,534.4944,534.4944,534.4944,496.39051,496.434093,496.410558
950,20000,8,0.82279,,0.82279,0.822734,0.822766,534.4944,534.4944,534.4944,496.39051,496.434093,496.408815
951,20000,8,0.82279,,0.82279,0.822734,0.822771,534.4944,534.4944,534.4944,496.39051,496.434093,496.405328
952,20000,8,0.82279,,0.82279,0.822734,0.822773,534.4944,534.4944,534.4944,496.39051,496.434093,496.403149
953,20000,8,0.82279,,0.82279,0.822734,0.822776,534.4944,534.4944,534.4944,496.39051,496.434093,496.401406
954,20000,8,0.82279,,0.82279,0.822734,0.822779,534.4944,534.4944,534.4944,496.39051,496.434093,496.398355
955,20000,8,0.82279,,0.82279,0.822734,0.822783,534.4944,534.4944,534.4944,496.39051,496.434093,496.39574
956,20000,8,0.82279,,0.82279,0.822734,0.822785,534.4944,534.4944,534.4944,496.39051,496.434093,496.393997
957,20000,8,0.82279,,0.82279,0.822734,0.822786,534.4944,534.4944,534.4944,496.39051,496.434093,496.393561
958,20000,8,0.82279,,0.82279,0.822734,0.822787,534.4944,534.4944,534.4944,496.39051,496.434093,496.392253
959,20000,8,0.82279,,0.82279,0.822734,0.822788,534.4944,534.4944,534.4944,496.39051,496.434093,496.391382
960,20000,8,0.82279,,0.82279,0.82279,0.82279,534.4944,534.4944,534.4944,496.39051,496.39051,496.39051
961,20000,8,0.82279,,0.82279,0.82279,0.82279,534.4944,534.4944,534.4944,496.39051,496.39051,496.39051
962,20000,8,0.82279,,0.82279,0.82279,0.82279,534.4944,534.4944,534.4944,496.39051,496.39051,496.39051
963,20000,8,0.82279,,0.82279,0.82279,0.82279,534.4944,534.4944,534.4944,496.39051,496.39051,496.39051
964,20000,8,0.82279,,0.82279,0.82279,0.82279,534.4944,534.4944,534.4944,496.39051,496.39051,496.39051
965,20000,8,0.82279,,0.82279,0.82279,0.82279,534.4944,534.4944,534.4944,496.39051,496.39051,496.39051
966,20000,8,0.82279,,0.82279,0.82279,0.82279,534.4944,534.4944,534.4944,496.39051,496.39051,496.39051
967,20000,8,0.82279,,0.82279,0.82279,0.82279,534.4944,534.4944,534.4944,496.39051,496.39051,496.39051
968,20000,8,0.82279,,0.82279,0.82279,0.82279,534.4944,534.4944,534.4944,496.39051,496.39051,496.39051
969,20000,8,0.82279,,0.82279,0.82279,0.82279,534.4944,534.4944,534.4944,496.39051,496.39051,496.39051
970,20000,8,0.82279,,0.82279,0.82279,0.82279,534.4944,534.4944,534.4944,496.39051,496.39051,496.39051
971,20000,8,0.82279,,0.82279,0.82279,0.82279,534.4944,534.4944,534.4944,496.39051,496.39051,496.39051
972,20000,8,0.82279,,0.82279,0.82279,0.82279,534.4944,534.4944,534.4944,496.39051,496.39051,496.39051
973,20000,8,0.82279,,0.82279,0.82279,0.82279,534.4944,534.4944,534.4944,496.39051,496.39051,496.39051
974,20000,8,0.82279,,0.82279,0.82279,0.82279,534.4944,534.4944,534.4944,496.39051,496.39051,496.39051
975,20000,8,0.82279,,0.82279,0.82279,0.82279,534.4944,534.4944,534.4944,496.39051,496.39051,496.39051
976,20000,8,0.82279,,0.82279,0.82279,0.82279,534.4944,534.4944,534.4944,496.39051,496.39051,496.39051
977,20000,8,0.82279,,0.82279,0.82279,0.82279,534.4944,534.4944,534.4944,496.39051,496.39051,496.39051
978,20000,8,0.82279,,0.82279,0.82279,0.82279,534.4944,534.4944,534.4944,496.39051,496.39051,496.39051
979,20000,8,0.82279,,0.82279,0.82279,0.82279,534.4944,534.4944,534.4944,496.39051,496.39051,496.39051
980,20000,8,0.82279,,0.82279,0.82279,0.82279,534.4944,534.4944,534.4944,496.39051,496.39051,496.39051
981,20000,8,0.82279,,0.82279,0.82279,0.82279,534.4944,534.4944,534.4944,496.39051,496.39051,496.39051
982,20000,8,0.82279,,0.82279,0.82279,0.82279,534.4944,534.4944,534.4944,496.39051,496.39051,496.39051
983,20000,8,0.82279,,0.82279,0.82279,0.82279,534.4944,534.4944,534.4944,496.39051,496.39051,496.39051
984,20000,8,0.82279,,0.82279,0.82279,0.82279,534.4944,534.4944,534.4944,496.39051,496.39051,496.39051
985,20000,8,0.82279,,0.82279,0.82279,0.82279,534.4944,534.4944,534.4944,496.39051,496.39051,496.39051
986,20000,8,0.82279,,0.82279,0.82279,0.82279,534.4944,534.4944,534.4944,496.39051,496.39051,496.39051
987,20000,8,0.82279,,0.82279,0.82279,0.82279,534.4944,534.4944,534.4944,496.39051,496.39051,496.39051
988,20000,8,0.82279,,0.82279,0.82279,0.82279,534.4944,534.4944,534.4944,496.39051,496.39051,496.39051
989,20000,8,0.82279,,0.82279,0.82279,0.82279,534.4944,534.4944,534.4944,496.39051,496.39051,496.39051
990,20000,8,0.82279,,0.82279,0.82279,0.82279,534.4944,534.4944,534.4944,496.39051,496.39051,496.39051
991,20000,8,0.82279,,0.82279,0.82279,0.82279,534.4944,534.4944,534.4944,496.39051,496.39051,496.39051
992,20000,8,0.82279,,0.82279,0.82279,0.82279,534.4944,534.4944,534.4944,496.39051,496.39051,496.39051
993,20000,8,0.82279,,0.82279,0.82279,0.82279,534.4944,534.4944,534.4944,496.39051,496.39051,496.39051
994,20000,8,0.82279,,0.82279,0.82279,0.82279,534.4944,534.4944,534.4944,496.39051,496.39051,496.39051
995,20000,8,0.82279,,0.82279,0.82279,0.82279,534.4944,534.4944,534.4944,496.39051,496.39051,496.39051
996,20000,8,0.82279,,0.82279,0.82279,0.82279,534.4944,534.4944,534.4944,496.39051,496.39051,496.39051
997,20000,8,0.82279,,0.82279,0.82279,0.82279,534.4944,534.4944,534.4944,496.39051,496.39051,496.39051
998,20000,8,0.82279,,0.82279,0.82279,0.82279,534.4944,534.4944,534.4944,496.39051,496.39051,496.39051
999,20000,8,0.82279,,0.82279,0.82279,0.82279,534.4944,534.4944,534.4944,496.39051,496.39051,496.39051
1000,20000,8,0.82279,,0.82279,0.82279,0.82279,534.4944,534.4944,534.4944,496.39051,496.39051,496.39051
1001,20000,8,0.82279,,0.82279,0.82279,0.82279,534.4944,534.4944,534.4944,496.39051,496.39051,496.39051
1002,20000,8,0.82279,,0.82279,0.82279,0.82279,534.4944,534.4944,534.4944,496.39051,496.39051,496.39051
1003,20000,8,0.82279,,0.82279,0.82279,0.82279,534.4944,534.4944,534.4944,496.39051,496.39051,496.39051
1004,20000,8,0.82279,,0.82279,0.82279,0.82279,534.4944,534.4944,534.4944,496.39051,496.39051,496.39051
1005,20000,8,0.82279,,0.82279,0.82279,0.82279,534.4944,534.4944,534.4944,496.39051,496.39051,496.39051
1006,20000,8,0.82279,,0.82279,0.82279,0.82279,534.4944,534.4944,534.4944,496.39051,496.39051,496.39051
1007,20000,8,0.82279,,0.82279,0.82279,0.82279,534.4944,534.4944,534.4944,496.39051,496.39051,496.39051
1008,20000,8,0.82279,,0.82279,0.82279,0.82279,534.4944,534.4944,534.4944,496.39051,496.39051,496.39051
1009,20000,8,0.82279,,0.82279,0.82279,0.82279,534.4944,534.4944,534.4944,496.39051,496.39051,496.39051
1010,20000,8,0.82279,,0.82279,0.82279,0.82279,534.4944,534.4944,534.4944,496.39051,496.39051,496.39051
1011,20000,8,0.82279,,0.82279,0.82279,0.82279,534.4944,534.4944,534.4944,496.39051,496.39051,496.39051
1012,20000,8,0.82279,,0.82279,0.82279,0.82279,534.4944,534.4944,534.4944,496.39051,496.39051,496.39051
1013,20000,8,0.82279,,0.82279,0.82279,0.82279,534.4944,534.4944,534.4944,496.39051,496.39051,496.39051
1014,20000,8,0.82279,,0.82279,0.82279,0.82279,534.4944,534.4944,534.4944,496.39051,496.39051,496.39051
1015,20000,8,0.82279,,0.82279,0.82279,0.82279,534.4944,534.4944,534.4944,496.39051,496.39051,496.39051
1016,20000,8,0.82279,,0.82279,0.82279,0.82279,534.4944,534.4944,534.4944,496.39051,496.39051,496.39051
1017,20000,8,0.82279,,0.82279,0.82279,0.82279,534.4944,534.4944,534.4944,496.39051,496.39051,496.39051
1018,20000,8,0.82279,,0.82279,0.82279,0.82279,534.4944,534.4944,534.4944,496.39051,496.39051,496.39051
1019,20000,8,0.82279,,0.82279,0.82279,0.82279,534.4944,534.4944,534.4944,496.39051,496.39051,496.39051
1020,20000,8,0.823018,,0.823018,0.82279,0.822792,534.4944,534.4944,534.4944,496.212296,496.39051,496.388728
1021,20000,8,0.823018,,0.823018,0.82279,0.822794,534.4944,534.4944,534.4944,496.212296,496.39051,496.386946
1022,20000,8,0.823018,,0.823018,0.82279,0.822799,534.4944,534.4944,534.4944,496.212296,496.39051,496.383381
1023,20000,8,0.823018,,0.823018,0.82279,0.822803,534.4944,534.4944,534.4944,496.212296,496.39051,496.379817
1024,20000,8,0.823018,,0.823018,0.82279,0.822812,534.4944,534.4944,534.4944,496.212296,496.39051,496.372689
1025,20000,8,0.823018,,0.823018,0.82279,0.822819,534.4944,534.4944,534.4944,496.212296,496.39051,496.367342
1026,20000,8,0.823018,,0.823018,0.82279,0.822831,534.4944,534.4944,534.4944,496.212296,496.39051,496.358431
1027,20000,8,0.823018,,0.823018,0.82279,0.82284,534.4944,534.4944,534.4944,496.212296,496.39051,496.351303
1028,20000,8,0.823018,,0.823018,0.82279,0.822847,534.4944,534.4944,534.4944,496.212296,496.39051,496.345956
1029,20000,8,0.823018,,0.823018,0.82279,0.822858,534.4944,534.4944,534.4944,496.212296,496.39051,496.337046
1030,20000,8,0.823018,,0.823018,0.82279,0.822874,534.4944,534.4944,534.4944,496.212296,496.39051,496.324571
1031,20000,8,0.823018,,0.823018,0.82279,0.822881,534.4944,534.4944,534.4944,496.212296,496.39051,496.319224
1032,20000,8,0.823018,,0.823018,0.82279,0.822899,534.4944,534.4944,534.4944,496.212296,496.39051,496.304967
1033,20000,8,0.823018,,0.823018,0.82279,0.822917,534.4944,534.4944,534.4944,496.212296,496.39051,496.29071
1034,20000,8,0.823018,,0.823018,0.82279,0.822938,534.4944,534.4944,534.4944,496.212296,496.39051,496.274671
1035,20000,8,0.823018,,0.823018,0.82279,0.822945,534.4944,534.4944,534.4944,496.212296,496.39051,496.269324
1036,20000,8,0.823018,,0.823018,0.82279,0.822956,534.4944,534.4944,534.4944,496.212296,496.39051,496.260414
1037,20000,8,0.823018,,0.823018,0.82279,0.822965,534.4944,534.4944,534.4944,496.212296,496.39051,496.253285
1038,20000,8,0.823018,,0.823018,0.82279,0.822979,534.4944,534.4944,534.4944,496.212296,496.39051,496.242592
1039,20000,8,0.823018,,0.823018,0.82279,0.822986,534.4944,534.4944,534.4944,496.212296,496.39051,496.237246
1040,20000,8,0.823018,,0.823018,0.82279,0.822988,534.4944,534.4944,534.4944,496.212296,496.39051,496.235464
1041,20000,8,0.823018,,0.823018,0.82279,0.822995,534.4944,534.4944,534.4944,496.212296,496.39051,496.230117
1042,20000,8,0.823018,,0.823018,0.82279,0.822997,534.4944,534.4944,534.4944,496.212296,496.39051,496.228335
1043,20000,8,0.823018,,0.823018,0.82279,0.823004,534.4944,534.4944,534.4944,496.212296,496.39051,496.222989
1044,20000,8,0.823018,,0.823018,0.82279,0.823007,534.4944,534.4944,534.4944,496.212296,496.39051,496.221207
1045,20000,8,0.823018,,0.823018,0.82279,0.823009,534.4944,534.4944,534.4944,496.212296,496.39051,496.219424
1046,20000,8,0.823018,,0.823018,0.82279,0.823016,534.4944,534.4944,534.4944,496.212296,496.39051,496.214078
1047,20000,8,0.823018,,0.823018,0.823018,0.823018,534.4944,534.4944,534.4944,496.212296,496.212296,496.212296
1048,20000,8,0.823018,,0.823018,0.823018,0.823018,534.4944,534.4944,534.4944,496.212296,496.212296,496.212296
1049,20000,8,0.823018,,0.823018,0.823018,0.823018,534.4944,534.4944,534.4944,496.212296,496.212296,496.212296
1050,20000,8,0.823018,,0.823018,0.823018,0.823018,534.4944,534.4944,534.4944,496.212296,496.212296,496.212296
1051,20000,8,0.823018,,0.823018,0.823018,0.823018,534.4944,534.4944,534.4944,496.212296,496.212296,496.212296
1052,20000,8,0.823018,,0.823018,0.823018,0.823018,534.4944,534.4944,534.4944,496.212296,496.212296,496.212296
1053,20000,8,0.823018,,0.823018,0.823018,0.823018,534.4944,534.4944,534.4944,496.212296,496.212296,496.212296
1054,20000,8,0.823018,,0.823018,0.823018,0.823018,534.4944,534.4944,534.4944,496.212296,496.212296,496.212296
1055,20000,8,0.823018,,0.823018,0.823018,0.823018,534.4944,534.4944,534.4944,496.212296,496.212296,496.212296
1056,20000,8,0.823018,,0.823018,0.823018,0.823018,534.4944,534.4944,534.4944,496.212296,496.212296,496.212296
1057,20000,8,0.823018,,0.823018,0.823018,0.823018,534.4944,534.4944,534.4944,496.212296,496.212296,496.212296
1058,20000,8,0.823018,,0.823018,0.823018,0.823018,534.4944,534.4944,534.4944,496.212296,496.212296,496.212296
1059,20000,8,0.823018,,0.823018,0.823018,0.823018,534.4944,534.4944,534.4944,496.212296,496.212296,496.212296
1060,20000,8,0.823018,,0.823018,0.823018,0.823018,534.4944,534.4944,534.4944,496.212296,496.212296,496.212296
1061,20000,8,0.823018,,0.823018,0.823018,0.823018,534.4944,534.4944,534.4944,496.212296,496.212296,496.212296
1062,20000,8,0.823018,,0.823018,0.823018,0.823018,534.4944,534.4944,534.4944,496.212296,496.212296,496.212296
1063,20000,8,0.823018,,0.823018,0.823018,0.823018,534.4944,534.4944,534.4944,496.212296,496.212296,496.212296
1064,20000,8,0.823018,,0.823018,0.823018,0.823018,534.4944,534.4944,534.4944,496.212296,496.212296,496.212296
1065,20000,8,0.823018,,0.823018,0.823018,0.823018,534.4944,534.4944,534.4944,496.212296,496.212296,496.212296
1066,20000,8,0.823018,,0.823018,0.823018,0.823018,534.4944,534.4944,534.4944,496.212296,496.212296,496.212296
1067,20000,8,0.823018,,0.823018,0.823018,0.823018,534.4944,534.4944,534.4944,496.212296,496.212296,496.212296
1068,20000,8,0.823018,,0.823018,0.823018,0.823018,534.4944,534.4944,534.4944,496.212296,496.212296,496.212296
1069,20000,8,0.823018,,0.823018,0.823018,0.823018,534.4944,534.4944,534.4944,496.212296,496.212296,496.212296
1070,20000,8,0.823018,,0.823018,0.823018,0.823018,534.4944,534.4944,534.4944,496.212296,496.212296,496.212296
1071,20000,8,0.823018,,0.823018,0.823018,0.823018,534.4944,534.4944,534.4944,496.212296,496.212296,496.212296
1072,20000,8,0.823018,,0.823018,0.823018,0.823018,534.4944,534.4944,534.4944,496.212296,496.212296,496.212296
1073,20000,8,0.823018,,0.823018,0.823018,0.823018,534.4944,534.4944,534.4944,496.212296,496.212296,496.212296
1074,20000,8,0.823018,,0.823018,0.823018,0.823018,534.4944,534.4944,534.4944,496.212296,496.212296,496.212296
1075,20000,8,0.823018,,0.823018,0.823018,0.823018,534.4944,534.4944,534.4944,496.212296,496.212296,496.212296
1076,20000,8,0.823018,,0.823018,0.823018,0.823018,534.4944,534.4944,534.4944,496.212296,496.212296,496.212296
1077,20000,8,0.823018,,0.823018,0.823018,0.823018,534.4944,534.4944,534.4944,496.212296,496.212296,496.212296
1078,20000,8,0.823018,,0.823018,0.823018,0.823018,534.4944,534.4944,534.4944,496.212296,496.212296,496.212296
1079,20000,8,0.823018,,0.823018,0.823018,0.823018,534.4944,534.4944,534.4944,496.212296,496.212296,496.212296
1080,20000,8,0.823018,,0.823018,0.823018,0.823018,534.4944,534.4944,534.4944,496.212296,496.212296,496.212296
1081,20000,8,0.823018,,0.823018,0.823018,0.823018,534.4944,534.4944,534.4944,496.212296,496.212296,496.212296
1082,20000,8,0.823018,,0.823018,0.823018,0.823018,534.4944,534.4944,534.4944,496.212296,496.212296,496.212296
1083,20000,8,0.823018,,0.823018,0.823018,0.823018,534.4944,534.4944,534.4944,496.212296,496.212296,496.212296
1084,20000,8,0.823018,,0.823018,0.823018,0.823018,534.4944,534.4944,534.4944,496.212296,496.212296,496.212296
1085,20000,8,0.823018,,0.823018,0.823018,0.823018,534.4944,534.4944,534.4944,496.212296,496.212296,496.212296
1086,20000,8,0.823018,,0.823018,0.823018,0.823018,534.4944,534.4944,534.4944,496.212296,496.212296,496.212296
1087,20000,8,0.823018,,0.823018,0.823018,0.823018,534.4944,534.4944,534.4944,496.212296,496.212296,496.212296
1088,20000,8,0.823018,,0.823018,0.823018,0.823018,534.4944,534.4944,534.4944,496.212296,496.212296,496.212296
1089,20000,8,0.823018,,0.823018,0.823018,0.823018,534.4944,534.4944,534.4944,496.212296,496.212296,496.212296
1090,20000,8,0.823018,,0.823018,0.823018,0.823018,534.4944,534.4944,534.4944,496.212296,496.212296,496.212296
1091,20000,8,0.823018,,0.823018,0.823018,0.823018,534.4944,534.4944,534.4944,496.212296,496.212296,496.212296
1092,20000,8,0.823018,,0.823018,0.823018,0.823018,534.4944,534.4944,534.4944,496.212296,496.212296,496.212296
1093,20000,8,0.823018,,0.823018,0.823018,0.823018,534.4944,534.4944,534.4944,496.212296,496.212296,496.212296
1094,20000,8,0.823018,,0.823018,0.823018,0.823018,534.4944,534.4944,534.4944,496.212296,496.212296,496.212296
1095,20000,8,0.823018,,0.823018,0.823018,0.823018,534.4944,534.4944,534.4944,496.212296,496.212296,496.212296
1096,20000,8,0.823018,,0.823018,0.823018,0.823018,534.4944,534.4944,534.4944,496.212296,496.212296,496.212296
1097,20000,8,0.823018,,0.823018,0.823018,0.823018,534.4944,534.4944,534.4944,496.212296,496.212296,496.212296
1098,20000,8,0.823018,,0.823018,0.823018,0.823018,534.4944,534.4944,534.4944,496.212296,496.212296,496.212296
1099,20000,8,0.823018,,0.823018,0.823018,0.823018,534.4944,534.4944,534.4944,496.212296,496.212296,496.212296
1100,20000,8,0.823018,,0.823018,0.823018,0.823018,534.4944,534.4944,534.4944,496.212296,496.212296,496.212296
1101,20000,8,0.823018,,0.823018,0.823018,0.823018,534.4944,534.4944,534.4944,496.212296,496.212296,496.212296
1102,20000,8,0.823018,,0.823018,0.823018,0.823018,534.4944,534.4944,534.4944,496.212296,496.212296,496.212296
1103,20000,8,0.823018,,0.823018,0.823018,0.823018,534.4944,534.4944,534.4944,496.212296,496.212296,496.212296
1104,20000,8,0.823018,,0.823018,0.823018,0.823018,534.4944,534.4944,534.4944,496.212296,496.212296,496.212296
1105,20000,8,0.823018,,0.823018,0.823018,0.823018,534.4944,534.4944,534.4944,496.212296,496.212296,496.212296
1106,20000,8,0.823018,,0.823018,0.823018,0.823018,534.4944,534.4944,534.4944,496.212296,496.212296,496.212296
1107,20000,8,0.823018,,0.823018,0.823018,0.823018,534.4944,534.4944,534.4944,496.212296,496.212296,496.212296
1108,20000,8,0.823018,,0.823018,0.823018,0.823018,534.4944,534.4944,534.4944,496.212296,496.212296,496.212296
1109,20000,8,0.823018,,0.823018,0.823018,0.823018,534.4944,534.4944,534.4944,496.212296,496.212296,496.212296
1110,20000,8,0.823018,,0.823018,0.823018,0.823018,534.4944,534.4944,534.4944,496.212296,496.212296,496.212296
1111,20000,8,0.823018,,0.823018,0.823018,0.823018,534.4944,534.4944,534.4944,496.212296,496.212296,496.212296
1112,20000,8,0.823018,,0.823018,0.823018,0.823018,534.4944,534.4944,534.4944,496.212296,496.212296,496.212296
1113,20000,8,0.823018,,0.823018,0.823018,0.823018,534.4944,534.4944,534.4944,496.212296,496.212296,496.212296
1114,20000,8,0.823018,,0.823018,0.823018,0.823018,534.4944,534.4944,534.4944,496.212296,496.212296,496.212296
1115,20000,8,0.823018,,0.823018,0.823018,0.823018,534.4944,534.4944,534.4944,496.212296,496.212296,496.212296
1116,20000,8,0.823018,,0.823018,0.823018,0.823018,534.4944,534.4944,534.4944,496.212296,496.212296,496.212296
1117,20000,8,0.823018,,0.823018,0.823018,0.823018,534.4944,534.4944,534.4944,496.212296,496.212296,496.212296
1118,20000,8,0.823018,,0.823018,0.823018,0.823018,534.4944,534.4944,534.4944,496.212296,496.212296,496.212296
1119,20000,8,0.823018,,0.823018,0.823018,0.823018,534.4944,534.4944,534.4944,496.212296,496.212296,496.212296
1120,20000,8,0.823018,,0.823018,0.823018,0.823018,534.4944,534.4944,534.4944,496.212296,496.212296,496.212296
1121,20000,8,0.823018,,0.823018,0.823018,0.823018,534.4944,534.4944,534.4944,496.212296,496.212296,496.212296
1122,20000,8,0.823018,,0.823018,0.823018,0.823018,534.4944,534.4944,534.4944,496.212296,496.212296,496.212296
1123,20000,8,0.823018,,0.823018,0.823018,0.823018,534.4944,534.4944,534.4944,496.212296,496.212296,496.212296
1124,20000,8,0.823018,,0.823018,0.823018,0.823018,534.4944,534.4944,534.4944,496.212296,496.212296,496.212296
1125,20000,8,0.823018,,0.823018,0.823018,0.823018,534.4944,534.4944,534.4944,496.212296,496.212296,496.212296
1126,20000,8,0.823018,,0.823018,0.823018,0.823018,534.4944,534.4944,534.4944,496.212296,496.212296,496.212296
1127,20000,8,0.823018,,0.823018,0.823018,0.823018,534.4944,534.4944,534.4944,496.212296,496.212296,496.212296
1128,20000,8,0.823018,,0.823018,0.823018,0.823018,534.4944,534.4944,534.4944,496.212296,496.212296,496.212296
1129,20000,8,0.823018,,0.823018,0.823018,0.823018,534.4944,534.4944,534.4944,496.212296,496.212296,496.212296
1130,20000,8,0.823018,,0.823018,0.823018,0.823018,534.4944,534.4944,534.4944,496.212296,496.212296,496.212296
1131,20000,8,0.823018,,0.823018,0.823018,0.823018,534.4944,534.4944,534.4944,496.212296,496.212296,496.212296
1132,20000,8,0.823018,,0.823018,0.823018,0.823018,534.4944,534.4944,534.4944,496.212296,496.212296,496.212296
1133,20000,8,0.823018,,0.823018,0.823018,0.823018,534.4944,534.4944,534.4944,496.212296,496.212296,496.212296
1134,20000,8,0.823018,,0.823018,0.823018,0.823018,534.4944,534.4944,534.4944,496.212296,496.212296,496.212296
1135,20000,8,0.823018,,0.823018,0.823018,0.823018,534.4944,534.4944,534.4944,496.212296,496.212296,496.212296
1136,20000,8,0.823018,,0.823018,0.823018,0.823018,534.4944,534.4944,534.4944,496.212296,496.212296,496.212296
1137,20000,8,0.823018,,0.823018,0.823018,0.823018,534.4944,534.4944,534.4944,496.212296,496.212296,496.212296
1138,20000,8,0.823018,,0.823018,0.823018,0.823018,534.4944,534.4944,534.4944,496.212296,496.212296,496.212296
1139,20000,8,0.823018,,0.823018,0.823018,0.823018,534.4944,534.4944,534.4944,496.212296,496.212296,496.212296
1140,20000,8,0.823018,,0.823018,0.823018,0.823018,534.4944,534.4944,534.4944,496.212296,496.212296,496.212296
1141,20000,8,0.823018,,0.823018,0.823018,0.823018,534.4944,534.4944,534.4944,496.212296,496.212296,496.212296
1142,20000,8,0.823018,,0.823018,0.823018,0.823018,534.4944,534.4944,534.4944,496.212296,496.212296,496.212296
1143,20000,8,0.823018,,0.823018,0.823018,0.823018,534.4944,534.4944,534.4944,496.212296,496.212296,496.212296
1144,20000,8,0.823018,,0.823018,0.823018,0.823018,534.4944,534.4944,534.4944,496.212296,496.212296,496.212296
1145,20000,8,0.823018,,0.823018,0.823018,0.823018,534.4944,534.4944,534.4944,496.212296,496.212296,496.212296
1146,20000,8,0.823018,,0.823018,0.823018,0.823018,534.4944,534.4944,534.4944,496.212296,496.212296,496.212296
1147,20000,8,0.823018,,0.823018,0.823018,0.823018,534.4944,534.4944,534.4944,496.212296,496.212296,496.212296
1148,20000,8,0.823018,,0.823018,0.823018,0.823018,534.4944,534.4944,534.4944,496.212296,496.212296,496.212296
1149,20000,8,0.823018,,0.823018,0.823018,0.823018,534.4944,534.4944,534.4944,496.212296,496.212296,496.212296
1150,20000,8,0.823018,,0.823018,0.823018,0.823018,534.4944,534.4944,534.4944,496.212296,496.212296,496.212296
1151,20000,8,0.823018,,0.823018,0.823018,0.823018,534.4944,534.4944,534.4944,496.212296,496.212296,496.212296
1152,20000,8,0.823018,,0.823018,0.823018,0.823018,534.4944,534.4944,534.4944,496.212296,496.212296,496.212296
1153,20000,8,0.823018,,0.823018,0.823018,0.823018,534.4944,534.4944,534.4944,496.212296,496.212296,496.212296
1154,20000,8,0.823018,,0.823018,0.823018,0.823018,534.4944,534.4944,534.4944,496.212296,496.212296,496.212296
1155,20000,8,0.823018,,0.823018,0.823018,0.823018,534.4944,534.4944,534.4944,496.212296,496.212296,496.212296
1156,20000,8,0.823018,,0.823018,0.823018,0.823018,534.4944,534.4944,534.4944,496.212296,496.212296,496.212296
1157,20000,8,0.823018,,0.823018,0.823018,0.823018,534.4944,534.4944,534.4944,496.212296,496.212296,496.212296
1158,20000,8,0.823018,,0.823018,0.823018,0.823018,534.4944,534.4944,534.4944,496.212296,496.212296,496.212296
1159,20000,8,0.823018,,0.823018,0.823018,0.823018,534.4944,534.4944,534.4944,496.212296,496.212296,496.212296
1160,20000,8,0.823018,,0.823018,0.823018,0.823018,534.4944,534.4944,534.4944,496.212296,496.212296,496.212296
1161,20000,8,0.823018,,0.823018,0.823018,0.823018,534.4944,534.4944,534.4944,496.212296,496.212296,496.212296
1162,20000,8,0.823018,,0.823018,0.823018,0.823018,534.4944,534.4944,534.4944,496.212296,496.212296,496.212296
1163,20000,8,0.823018,,0.823018,0.823018,0.823018,534.4944,534.4944,534.4944,496.212296,496.212296,496.212296
1164,20000,8,0.823018,,0.823018,0.823018,0.823018,534.4944,534.4944,534.4944,496.212296,496.212296,496.212296
1165,20000,8,0.823018,,0.823018,0.823018,0.823018,534.4944,534.4944,534.4944,496.212296,496.212296,496.212296
1166,20000,8,0.823018,,0.823018,0.823018,0.823018,534.4944,534.4944,534.4944,496.212296,496.212296,496.212296
1167,20000,8,0.823018,,0.823018,0.823018,0.823018,534.4944,534.4944,534.4944,496.212296,496.212296,496.212296
1168,20000,8,0.823018,,0.823018,0.823018,0.823018,534.4944,534.4944,534.4944,496.212296,496.212296,496.212296
1169,20000,8,0.823018,,0.823018,0.823018,0.823018,534.4944,534.4944,534.4944,496.212296,496.212296,496.212296
1170,20000,8,0.823018,,0.823018,0.823018,0.823018,534.4944,534.4944,534.4944,496.212296,496.212296,496.212296
1171,20000,8,0.823018,,0.823018,0.823018,0.823018,534.4944,534.4944,534.4944,496.212296,496.212296,496.212296
1172,20000,8,0.823018,,0.823018,0.823018,0.823018,534.4944,534.4944,534.4944,496.212296,496.212296,496.212296
1173,20000,8,0.823018,,0.823018,0.823018,0.823018,534.4944,534.4944,534.4944,496.212296,496.212296,496.212296
1174,20000,8,0.823018,,0.823018,0.823018,0.823018,534.4944,534.4944,534.4944,496.212296,496.212296,496.212296
1175,20000,8,0.823018,,0.823018,0.823018,0.823018,534.4944,534.4944,534.4944,496.212296,496.212296,496.212296
1176,20000,8,0.823018,,0.823018,0.823018,0.823018,534.4944,534.4944,534.4944,496.212296,496.212296,496.212296
1177,20000,8,0.823018,,0.823018,0.823018,0.823018,534.4944,534.4944,534.4944,496.212296,496.212296,496.212296
1178,20000,8,0.823018,,0.823018,0.823018,0.823018,534.4944,534.4944,534.4944,496.212296,496.212296,496.212296
1179,20000,8,0.823018,,0.823018,0.823018,0.823018,534.4944,534.4944,534.4944,496.212296,496.212296,496.212296
1180,20000,8,0.823018,,0.823018,0.823018,0.823018,534.4944,534.4944,534.4944,496.212296,496.212296,496.212296
1181,20000,8,0.823018,,0.823018,0.823018,0.823018,534.4944,534.4944,534.4944,496.212296,496.212296,496.212296
1182,20000,8,0.823018,,0.823018,0.823018,0.823018,534.4944,534.4944,534.4944,496.212296,496.212296,496.212296
1183,20000,8,0.823018,,0.823018,0.823018,0.823018,534.4944,534.4944,534.4944,496.212296,496.212296,496.212296
1184,20000,8,0.823018,,0.823018,0.823018,0.823018,534.4944,534.4944,534.4944,496.212296,496.212296,496.212296
1185,20000,8,0.823018,,0.823018,0.823018,0.823018,534.4944,534.4944,534.4944,496.212296,496.212296,496.212296
1186,20000,8,0.823018,,0.823018,0.823018,0.823018,534.4944,534.4944,534.4944,496.212296,496.212296,496.212296
1187,20000,8,0.823018,,0.823018,0.823018,0.823018,534.4944,534.4944,534.4944,496.212296,496.212296,496.212296
1188,20000,8,0.823018,,0.823018,0.823018,0.823018,534.4944,534.4944,534.4944,496.212296,496.212296,496.212296
1189,20000,8,0.823018,,0.823018,0.823018,0.823018,534.4944,534.4944,534.4944,496.212296,496.212296,496.212296
1190,20000,8,0.823018,,0.823018,0.823018,0.823018,534.4944,534.4944,534.4944,496.212296,496.212296,496.212296
1191,20000,8,0.823018,,0.823018,0.823018,0.823018,534.4944,534.4944,534.4944,496.212296,496.212296,496.212296
1192,20000,8,0.823018,,0.823018,0.823018,0.823018,534.4944,534.4944,534.4944,496.212296,496.212296,496.212296
1193,20000,8,0.823018,,0.823018,0.823018,0.823018,534.4944,534.4944,534.4944,496.212296,496.212296,496.212296
1194,20000,8,0.823018,,0.823018,0.823018,0.823018,534.4944,534.4944,534.4944,496.212296,496.212296,496.212296
1195,20000,8,0.823018,,0.823018,0.823018,0.823018,534.4944,534.4944,534.4944,496.212296,496.212296,496.212296
1196,20000,8,0.823018,,0.823018,0.823018,0.823018,534.4944,534.4944,534.4944,496.212296,496.212296,496.212296
1197,20000,8,0.823018,,0.823018,0.823018,0.823018,534.4944,534.4944,534.4944,496.212296,496.212296,496.212296
1198,20000,8,0.823018,,0.823018,0.823018,0.823018,534.4944,534.4944,534.4944,496.212296,496.212296,496.212296
1199,20000,8,0.823018,,0.823018,0.823018,0.823018,534.4944,534.4944,534.4944,496.212296,496.212296,496.212296
1200,20000,8,0.823018,,0.823018,0.823018,0.823018,534.4944,534.4944,534.4944,496.212296,496.212296,496.212296
1201,20000,8,0.823018,,0.823018,0.823018,0.823018,534.4944,534.4944,534.4944,496.212296,496.212296,496.212296
1202,20000,8,0.823018,,0.823018,0.823018,0.823018,534.4944,534.4944,534.4944,496.212296,496.212296,496.212296
1203,20000,8,0.823018,,0.823018,0.823018,0.823018,534.4944,534.4944,534.4944,496.212296,496.212296,496.212296
1204,20000,8,0.823018,,0.823018,0.823018,0.823018,534.4944,534.4944,534.4944,496.212296,496.212296,496.212296
1205,20000,8,0.823018,,0.823018,0.823018,0.823018,534.4944,534.4944,534.4944,496.212296,496.212296,496.212296
1206,20000,8,0.823018,,0.823018,0.823018,0.823018,534.4944,534.4944,534.4944,496.212296,496.212296,496.212296
1207,20000,8,0.823018,,0.823018,0.823018,0.823018,534.4944,534.4944,534.4944,496.212296,496.212296,496.212296
1208,20000,8,0.823018,,0.823018,0.823018,0.823018,534.4944,534.4944,534.4944,496.212296,496.212296,496.212296
1209,20000,8,0.823018,,0.823018,0.823018,0.823018,534.4944,534.4944,534.4944,496.212296,496.212296,496.212296
1210,20000,8,0.823018,,0.823018,0.823018,0.823018,534.4944,534.4944,534.4944,496.212296,496.212296,496.212296
1211,20000,8,0.823018,,0.823018,0.823018,0.823018,534.4944,534.4944,534.4944,496.212296,496.212296,496.212296
1212,20000,8,0.823018,,0.823018,0.823018,0.823018,534.4944,534.4944,534.4944,496.212296,496.212296,496.212296
1213,20000,8,0.823018,,0.823018,0.823018,0.823018,534.4944,534.4944,534.4944,496.212296,496.212296,496.212296
1214,20000,8,0.823018,,0.823018,0.823018,0.823018,534.4944,534.4944,534.4944,496.212296,496.212296,496.212296
1215,20000,8,0.823018,,0.823018,0.823018,0.823018,534.4944,534.4944,534.4944,496.212296,496.212296,496.212296
1216,20000,8,0.823018,,0.823018,0.823018,0.823018,534.4944,534.4944,534.4944,496.212296,496.212296,496.212296
1217,20000,8,0.823018,,0.823018,0.823018,0.823018,534.4944,534.4944,534.4944,496.212296,496.212296,496.212296
1218,20000,8,0.823018,,0.823018,0.823018,0.823018,534.4944,534.4944,534.4944,496.212296,496.212296,496.212296
1219,20000,8,0.823018,,0.823018,0.823018,0.823018,534.4944,534.4944,534.4944,496.212296,496.212296,496.212296
1220,20000,8,0.823018,,0.823018,0.823018,0.823018,534.4944,534.4944,534.4944,496.212296,496.212296,496.212296
1221,20000,8,0.823018,,0.823018,0.823018,0.823018,534.4944,534.4944,534.4944,496.212296,496.212296,496.212296
1222,20000,8,0.823018,,0.823018,0.823018,0.823018,534.4944,534.4944,534.4944,496.212296,496.212296,496.212296
1223,20000,8,0.823018,,0.823018,0.823018,0.823018,534.4944,534.4944,534.4944,496.212296,496.212296,496.212296
1224,20000,8,0.823018,,0.823018,0.823018,0.823018,534.4944,534.4944,534.4944,496.212296,496.212296,496.212296
1225,20000,8,0.823018,,0.823018,0.823018,0.823018,534.4944,534.4944,534.4944,496.212296,496.212296,496.212296
1226,20000,8,0.823018,,0.823018,0.823018,0.823018,534.4944,534.4944,534.4944,496.212296,496.212296,496.212296
1227,20000,8,0.823018,,0.823018,0.823018,0.823018,534.4944,534.4944,534.4944,496.212296,496.212296,496.212296
1228,20000,8,0.823018,,0.823018,0.823018,0.823018,534.4944,534.4944,534.4944,496.212296,496.212296,496.212296
1229,20000,8,0.823018,,0.823018,0.823018,0.823018,534.4944,534.4944,534.4944,496.212296,496.212296,496.212296
1230,20000,8,0.823018,,0.823018,0.823018,0.823018,534.4944,534.4944,534.4944,496.212296,496.212296,496.212296
1231,20000,8,0.823018,,0.823018,0.823018,0.823018,534.4944,534.4944,534.4944,496.212296,496.212296,496.212296
1232,20000,8,0.823018,,0.823018,0.823018,0.823018,534.4944,534.4944,534.4944,496.212296,496.212296,496.212296
1233,20000,8,0.823018,,0.823018,0.823018,0.823018,534.4944,534.4944,534.4944,496.212296,496.212296,496.212296
1234,20000,8,0.823018,,0.823018,0.823018,0.823018,534.4944,534.4944,534.4944,496.212296,496.212296,496.212296
1235,20000,8,0.823018,,0.823018,0.823018,0.823018,534.4944,534.4944,534.4944,496.212296,496.212296,496.212296
1236,20000,8,0.823018,,0.823018,0.823018,0.823018,534.4944,534.4944,534.4944,496.212296,496.212296,496.212296
1237,20000,8,0.823018,,0.823018,0.823018,0.823018,534.4944,534.4944,534.4944,496.212296,496.212296,496.212296
1238,20000,8,0.823018,,0.823018,0.823018,0.823018,534.4944,534.4944,534.4944,496.212296,496.212296,496.212296
1239,20000,8,0.823018,,0.823018,0.823018,0.823018,534.4944,534.4944,534.4944,496.212296,496.212296,496.212296
1240,20000,8,0.823018,,0.823018,0.823018,0.823018,534.4944,534.4944,534.4944,496.212296,496.212296,496.212296
1241,20000,8,0.823018,,0.823018,0.823018,0.823018,534.4944,534.4944,534.4944,496.212296,496.212296,496.212296
1242,20000,8,0.823018,,0.823018,0.823018,0.823018,534.4944,534.4944,534.4944,496.212296,496.212296,496.212296
1243,20000,8,0.823018,,0.823018,0.823018,0.823018,534.4944,534.4944,534.4944,496.212296,496.212296,496.212296
1244,20000,8,0.823018,,0.823018,0.823018,0.823018,534.4944,534.4944,534.4944,496.212296,496.212296,496.212296
1245,20000,8,0.823018,,0.823018,0.823018,0.823018,534.4944,534.4944,534.4944,496.212296,496.212296,496.212296
1246,20000,8,0.823018,,0.823018,0.823018,0.823018,534.4944,534.4944,534.4944,496.212296,496.212296,496.212296
1247,20000,8,0.823018,,0.823018,0.823018,0.823018,534.4944,534.4944,534.4944,496.212296,496.212296,496.212296
1248,20000,8,0.823018,,0.823018,0.823018,0.823018,534.4944,534.4944,534.4944,496.212296,496.212296,496.212296
1249,20000,8,0.823018,,0.823018,0.823018,0.823018,534.4944,534.4944,534.4944,496.212296,496.212296,496.212296
1250,20000,8,0.823018,,0.823018,0.823018,0.823018,534.4944,534.4944,534.4944,496.212296,496.212296,496.212296
1251,20000,8,0.823018,,0.823018,0.823018,0.823018,534.4944,534.4944,534.4944,496.212296,496.212296,496.212296
1252,20000,8,0.823018,,0.823018,0.823018,0.823018,534.4944,534.4944,534.4944,496.212296,496.212296,496.212296
1253,20000,8,0.823018,,0.823018,0.823018,0.823018,534.4944,534.4944,534.4944,496.212296,496.212296,496.212296
1254,20000,8,0.823018,,0.823018,0.823018,0.823018,534.4944,534.4944,534.4944,496.212296,496.212296,496.212296
1255,20000,8,0.823018,,0.823018,0.823018,0.823018,534.4944,534.4944,534.4944,496.212296,496.212296,496.212296
1256,20000,8,0.823018,,0.823018,0.823018,0.823018,534.4944,534.4944,534.4944,496.212296,496.212296,496.212296
1257,20000,8,0.823018,,0.823018,0.823018,0.823018,534.4944,534.4944,534.4944,496.212296,496.212296,496.212296
1258,20000,8,0.823018,,0.823018,0.823018,0.823018,534.4944,534.4944,534.4944,496.212296,496.212296,496.212296
1259,20000,8,0.823018,,0.823018,0.823018,0.823018,534.4944,534.4944,534.4944,496.212296,496.212296,496.212296
1260,20000,8,0.823018,,0.823018,0.823018,0.823018,534.4944,534.4944,534.4944,496.212296,496.212296,496.212296
1261,20000,8,0.823018,,0.823018,0.823018,0.823018,534.4944,534.4944,534.4944,496.212296,496.212296,496.212296
1262,20000,8,0.823018,,0.823018,0.823018,0.823018,534.4944,534.4944,534.4944,496.212296,496.212296,496.212296
1263,20000,8,0.823018,,0.823018,0.823018,0.823018,534.4944,534.4944,534.4944,496.212296,496.212296,496.212296
1264,20000,8,0.823018,,0.823018,0.823018,0.823018,534.4944,534.4944,534.4944,496.212296,496.212296,496.212296
1265,20000,8,0.823018,,0.823018,0.823018,0.823018,534.4944,534.4944,534.4944,496.212296,496.212296,496.212296
1266,20000,8,0.823018,,0.823018,0.823018,0.823018,534.4944,534.4944,534.4944,496.212296,496.212296,496.212296
1267,20000,8,0.823018,,0.823018,0.823018,0.823018,534.4944,534.4944,534.4944,496.212296,496.212296,496.212296
1268,20000,8,0.823018,,0.823018,0.823018,0.823018,534.4944,534.4944,534.4944,496.212296,496.212296,496.212296
1269,20000,8,0.823018,,0.823018,0.823018,0.823018,534.4944,534.4944,534.4944,496.212296,496.212296,496.212296
1270,20000,8,0.823018,,0.823018,0.823018,0.823018,534.4944,534.4944,534.4944,496.212296,496.212296,496.212296
1271,20000,8,0.823018,,0.823018,0.823018,0.823018,534.4944,534.4944,534.4944,496.212296,496.212296,496.212296
1272,20000,8,0.823018,,0.823018,0.823018,0.823018,534.4944,534.4944,534.4944,496.212296,496.212296,496.212296
1273,20000,8,0.823018,,0.823018,0.823018,0.823018,534.4944,534.4944,534.4944,496.212296,496.212296,496.212296
1274,20000,8,0.823018,,0.823018,0.823018,0.823018,534.4944,534.4944,534.4944,496.212296,496.212296,496.212296
1275,20000,8,0.823018,,0.823018,0.823018,0.823018,534.4944,534.4944,534.4944,496.212296,496.212296,496.212296
1276,20000,8,0.823018,,0.823018,0.823018,0.823018,534.4944,534.4944,534.4944,496.212296,496.212296,496.212296
1277,20000,8,0.823018,,0.823018,0.823018,0.823018,534.4944,534.4944,534.4944,496.212296,496.212296,496.212296
1278,20000,8,0.823018,,0.823018,0.823018,0.823018,534.4944,534.4944,534.4944,496.212296,496.212296,496.212296
1279,20000,8,0.823018,,0.823018,0.823018,0.823018,534.4944,534.4944,534.4944,496.212296,496.212296,496.212296
1280,20000,8,0.823018,,0.823018,0.823018,0.823018,534.4944,534.4944,534.4944,496.212296,496.212296,496.212296
1281,20000,8,0.823018,,0.823018,0.823018,0.823018,534.4944,534.4944,534.4944,496.212296,496.212296,496.212296
1282,20000,8,0.823018,,0.823018,0.823018,0.823018,534.4944,534.4944,534.4944,496.212296,496.212296,496.212296
1283,20000,8,0.823018,,0.823018,0.823018,0.823018,534.4944,534.4944,534.4944,496.212296,496.212296,496.212296
1284,20000,8,0.823018,,0.823018,0.823018,0.823018,534.4944,534.4944,534.4944,496.212296,496.212296,496.212296
1285,20000,8,0.823018,,0.823018,0.823018,0.823018,534.4944,534.4944,534.4944,496.212296,496.212296,496.212296
1286,20000,8,0.823018,,0.823018,0.823018,0.823018,534.4944,534.4944,534.4944,496.212296,496.212296,496.212296
1287,20000,8,0.823018,,0.823018,0.823018,0.823018,534.4944,534.4944,534.4944,496.212296,496.212296,496.212296
1288,20000,8,0.823018,,0.823018,0.823018,0.823018,534.4944,534.4944,534.4944,496.212296,496.212296,496.212296
1289,20000,8,0.823018,,0.823018,0.823018,0.823018,534.4944,534.4944,534.4944,496.212296,496.212296,496.212296
1290,20000,8,0.823018,,0.823018,0.823018,0.823018,534.4944,534.4944,534.4944,496.212296,496.212296,496.212296
1291,20000,8,0.823018,,0.823018,0.823018,0.823018,534.4944,534.4944,534.4944,496.212296,496.212296,496.212296
1292,20000,8,0.823018,,0.823018,0.823018,0.823018,534.4944,534.4944,534.4944,496.212296,496.212296,496.212296
1293,20000,8,0.823018,,0.823018,0.823018,0.823018,534.4944,534.4944,534.4944,496.212296,496.212296,496.212296
1294,20000,8,0.823018,,0.823018,0.823018,0.823018,534.4944,534.4944,534.4944,496.212296,496.212296,496.212296
1295,20000,8,0.823018,,0.823018,0.823018,0.823018,534.4944,534.4944,534.4944,496.212296,496.212296,496.212296
1296,20000,8,0.823018,,0.823018,0.823018,0.823018,534.4944,534.4944,534.4944,496.212296,496.212296,496.212296
1297,20000,8,0.823018,,0.823018,0.823018,0.823018,534.4944,534.4944,534.4944,496.212296,496.212296,496.212296
1298,20000,8,0.823018,,0.823018,0.823018,0.823018,534.4944,534.4944,534.4944,496.212296,496.212296,496.212296
1299,20000,8,0.823018,,0.823018,0.823018,0.823018,534.4944,534.4944,534.4944,496.212296,496.212296,496.212296
1300,20000,8,0.823018,,0.823018,0.823018,0.823018,534.4944,534.4944,534.4944,496.212296,496.212296,496.212296
1301,20000,8,0.823018,,0.823018,0.823018,0.823018,534.4944,534.4944,534.4944,496.212296,496.212296,496.212296
1302,20000,8,0.823018,,0.823018,0.823018,0.823018,534.4944,534.4944,534.4944,496.212296,496.212296,496.212296
1303,20000,8,0.823018,,0.823018,0.823018,0.823018,534.4944,534.4944,534.4944,496.212296,496.212296,496.212296
1304,20000,8,0.823018,,0.823018,0.823018,0.823018,534.4944,534.4944,534.4944,496.212296,496.212296,496.212296
1305,20000,8,0.823018,,0.823018,0.823018,0.823018,534.4944,534.4944,534.4944,496.212296,496.212296,496.212296
1306,20000,8,0.823018,,0.823018,0.823018,0.823018,534.4944,534.4944,534.4944,496.212296,496.212296,496.212296
1307,20000,8,0.823018,,0.823018,0.823018,0.823018,534.4944,534.4944,534.4944,496.212296,496.212296,496.212296
1308,20000,8,0.823018,,0.823018,0.823018,0.823018,534.4944,534.4944,534.4944,496.212296,496.212296,496.212296
1309,20000,8,0.823018,,0.823018,0.823018,0.823018,534.4944,534.4944,534.4944,496.212296,496.212296,496.212296
1310,20000,8,0.823018,,0.823018,0.823018,0.823018,534.4944,534.4944,534.4944,496.212296,496.212296,496.212296
1311,20000,8,0.823018,,0.823018,0.823018,0.823018,534.4944,534.4944,534.4944,496.212296,496.212296,496.212296
1312,20000,8,0.823018,,0.823018,0.823018,0.823018,534.4944,534.4944,534.4944,496.212296,496.212296,496.212296
1313,20000,8,0.823018,,0.823018,0.823018,0.823018,534.4944,534.4944,534.4944,496.212296,496.212296,496.212296
1314,20000,8,0.823018,,0.823018,0.823018,0.823018,534.4944,534.4944,534.4944,496.212296,496.212296,496.212296
1315,20000,8,0.823018,,0.823018,0.823018,0.823018,534.4944,534.4944,534.4944,496.212296,496.212296,496.212296
1316,20000,8,0.823018,,0.823018,0.823018,0.823018,534.4944,534.4944,534.4944,496.212296,496.212296,496.212296
1317,20000,8,0.823018,,0.823018,0.823018,0.823018,534.4944,534.4944,534.4944,496.212296,496.212296,496.212296
1318,20000,8,0.823018,,0.823018,0.823018,0.823018,534.4944,534.4944,534.4944,496.212296,496.212296,496.212296
1319,20000,8,0.823018,,0.823018,0.823018,0.823018,534.4944,534.4944,534.4944,496.212296,496.212296,496.212296
1320,20000,8,0.823018,,0.823018,0.823018,0.823018,534.4944,534.4944,534.4944,496.212296,496.212296,496.212296
1321,20000,8,0.823018,,0.823018,0.823018,0.823018,534.4944,534.4944,534.4944,496.212296,496.212296,496.212296
1322,20000,8,0.823018,,0.823018,0.823018,0.823018,534.4944,534.4944,534.4944,496.212296,496.212296,496.212296
1323,20000,8,0.823018,,0.823018,0.823018,0.823018,534.4944,534.4944,534.4944,496.212296,496.212296,496.212296
1324,20000,8,0.823018,,0.823018,0.823018,0.823018,534.4944,534.4944,534.4944,496.212296,496.212296,496.212296
1325,20000,8,0.823018,,0.823018,0.823018,0.823018,534.4944,534.4944,534.4944,496.212296,496.212296,496.212296
1326,20000,8,0.823018,,0.823018,0.823018,0.823018,534.4944,534.4944,534.4944,496.212296,496.212296,496.212296
1327,20000,8,0.823018,,0.823018,0.823018,0.823018,534.4944,534.4944,534.4944,496.212296,496.212296,496.212296
1328,20000,8,0.823018,,0.823018,0.823018,0.823018,534.4944,534.4944,534.4944,496.212296,496.212296,496.212296
1329,20000,8,0.823018,,0.823018,0.823018,0.823018,534.4944,534.4944,534.4944,496.212296,496.212296,496.212296
1330,20000,8,0.823018,,0.823018,0.823018,0.823018,534.4944,534.4944,534.4944,496.212296,496.212296,496.212296
1331,20000,8,0.823018,,0.823018,0.823018,0.823018,534.4944,534.4944,534.4944,496.212296,496.212296,496.212296
1332,20000,8,0.823018,,0.823018,0.823018,0.823018,534.4944,534.4944,534.4944,496.212296,496.212296,496.212296
1333,20000,8,0.823018,,0.823018,0.823018,0.823018,534.4944,534.4944,534.4944,496.212296,496.212296,496.212296
1334,20000,8,0.823018,,0.823018,0.823018,0.823018,534.4944,534.4944,534.4944,496.212296,496.212296,496.212296
1335,20000,8,0.823018,,0.823018,0.823018,0.823018,534.4944,534.4944,534.4944,496.212296,496.212296,496.212296
1336,20000,8,0.823018,,0.823018,0.823018,0.823018,534.4944,534.4944,534.4944,496.212296,496.212296,496.212296
1337,20000,8,0.823018,,0.823018,0.823018,0.823018,534.4944,534.4944,534.4944,496.212296,496.212296,496.212296
1338,20000,8,0.823018,,0.823018,0.823018,0.823018,534.4944,534.4944,534.4944,496.212296,496.212296,496.212296
1339,20000,8,0.823018,,0.823018,0.823018,0.823018,534.4944,534.4944,534.4944,496.212296,496.212296,496.212296
1340,20000,8,0.823018,,0.823018,0.823018,0.823018,534.4944,534.4944,534.4944,496.212296,496.212296,496.212296
1341,20000,8,0.823018,,0.823018,0.823018,0.823018,534.4944,534.4944,534.4944,496.212296,496.212296,496.212296
1342,20000,8,0.823018,,0.823018,0.823018,0.823018,534.4944,534.4944,534.4944,496.212296,496.212296,496.212296
1343,20000,8,0.823018,,0.823018,0.823018,0.823018,534.4944,534.4944,534.4944,496.212296,496.212296,496.212296
1344,20000,8,0.823018,,0.823018,0.823018,0.823018,534.4944,534.4944,534.4944,496.212296,496.212296,496.212296
1345,20000,8,0.823018,,0.823018,0.823018,0.823018,534.4944,534.4944,534.4944,496.212296,496.212296,496.212296
1346,20000,8,0.823018,,0.823018,0.823018,0.823018,534.4944,534.4944,534.4944,496.212296,496.212296,496.212296
1347,20000,8,0.823018,,0.823018,0.823018,0.823018,534.4944,534.4944,534.4944,496.212296,496.212296,496.212296
1348,20000,8,0.823018,,0.823018,0.823018,0.823018,534.4944,534.4944,534.4944,496.212296,496.212296,496.212296
1349,20000,8,0.823018,,0.823018,0.823018,0.823018,534.4944,534.4944,534.4944,496.212296,496.212296,496.212296
1350,20000,8,0.823018,,0.823018,0.823018,0.823018,534.4944,534.4944,534.4944,496.212296,496.212296,496.212296
1351,20000,8,0.823018,,0.823018,0.823018,0.823018,534.4944,534.4944,534.4944,496.212296,496.212296,496.212296
1352,20000,8,0.823018,,0.823018,0.823018,0.823018,534.4944,534.4944,534.4944,496.212296,496.212296,496.212296
1353,20000,8,0.823018,,0.823018,0.823018,0.823018,534.4944,534.4944,534.4944,496.212296,496.212296,496.212296
1354,20000,8,0.823018,,0.823018,0.823018,0.823018,534.4944,534.4944,534.4944,496.212296,496.212296,496.212296
1355,20000,8,0.823018,,0.823018,0.823018,0.823018,534.4944,534.4944,534.4944,496.212296,496.212296,496.212296
1356,20000,8,0.823018,,0.823018,0.823018,0.823018,534.4944,534.4944,534.4944,496.212296,496.212296,496.212296
1357,20000,8,0.823018,,0.823018,0.823018,0.823018,534.4944,534.4944,534.4944,496.212296,496.212296,496.212296
1358,20000,8,0.823018,,0.823018,0.823018,0.823018,534.4944,534.4944,534.4944,496.212296,496.212296,496.212296
1359,20000,8,0.823018,,0.823018,0.823018,0.823018,534.4944,534.4944,534.4944,496.212296,496.212296,496.212296
1360,20000,8,0.823018,,0.823018,0.823018,0.823018,534.4944,534.4944,534.4944,496.212296,496.212296,496.212296
1361,20000,8,0.823018,,0.823018,0.823018,0.823018,534.4944,534.4944,534.4944,496.212296,496.212296,496.212296
1362,20000,8,0.823018,,0.823018,0.823018,0.823018,534.4944,534.4944,534.4944,496.212296,496.212296,496.212296
1363,20000,8,0.823018,,0.823018,0.823018,0.823018,534.4944,534.4944,534.4944,496.212296,496.212296,496.212296
1364,20000,8,0.823018,,0.823018,0.823018,0.823018,534.4944,534.4944,534.4944,496.212296,496.212296,496.212296
1365,20000,8,0.823018,,0.823018,0.823018,0.823018,534.4944,534.4944,534.4944,496.212296,496.212296,496.212296
1366,20000,8,0.823018,,0.823018,0.823018,0.823018,534.4944,534.4944,534.4944,496.212296,496.212296,496.212296
1367,20000,8,0.823018,,0.823018,0.823018,0.823018,534.4944,534.4944,534.4944,496.212296,496.212296,496.212296
1368,20000,8,0.823018,,0.823018,0.823018,0.823018,534.4944,534.4944,534.4944,496.212296,496.212296,496.212296
1369,20000,8,0.823018,,0.823018,0.823018,0.823018,534.4944,534.4944,534.4944,496.212296,496.212296,496.212296
1370,20000,8,0.823018,,0.823018,0.823018,0.823018,534.4944,534.4944,534.4944,496.212296,496.212296,496.212296
1371,20000,8,0.823018,,0.823018,0.823018,0.823018,534.4944,534.4944,534.4944,496.212296,496.212296,496.212296
1372,20000,8,0.823018,,0.823018,0.823018,0.823018,534.4944,534.4944,534.4944,496.212296,496.212296,496.212296
1373,20000,8,0.823018,,0.823018,0.823018,0.823018,534.4944,534.4944,534.4944,496.212296,496.212296,496.212296
1374,20000,8,0.823018,,0.823018,0.823018,0.823018,534.4944,534.4944,534.4944,496.212296,496.212296,496.212296
1375,20000,8,0.823018,,0.823018,0.823018,0.823018,534.4944,534.4944,534.4944,496.212296,496.212296,496.212296
1376,20000,8,0.823018,,0.823018,0.823018,0.823018,534.4944,534.4944,534.4944,496.212296,496.212296,496.212296
1377,20000,8,0.823018,,0.823018,0.823018,0.823018,534.4944,534.4944,534.4944,496.212296,496.212296,496.212296
1378,20000,8,0.823018,,0.823018,0.823018,0.823018,534.4944,534.4944,534.4944,496.212296,496.212296,496.212296
1379,20000,8,0.823018,,0.823018,0.823018,0.823018,534.4944,534.4944,534.4944,496.212296,496.212296,496.212296
1380,20000,8,0.823018,,0.823018,0.823018,0.823018,534.4944,534.4944,534.4944,496.212296,496.212296,496.212296
1381,20000,8,0.823018,,0.823018,0.823018,0.823018,534.4944,534.4944,534.4944,496.212296,496.212296,496.212296
1382,20000,8,0.823018,,0.823018,0.823018,0.823018,534.4944,534.4944,534.4944,496.212296,496.212296,496.212296
1383,20000,8,0.823018,,0.823018,0.823018,0.823018,534.4944,534.4944,534.4944,496.212296,496.212296,496.212296
1384,20000,8,0.823018,,0.823018,0.823018,0.823018,534.4944,534.4944,534.4944,496.212296,496.212296,496.212296
1385,20000,8,0.823018,,0.823018,0.823018,0.823018,534.4944,534.4944,534.4944,496.212296,496.212296,496.212296
1386,20000,8,0.823018,,0.823018,0.823018,0.823018,534.4944,534.4944,534.4944,496.212296,496.212296,496.212296
1387,20000,8,0.823018,,0.823018,0.823018,0.823018,534.4944,534.4944,534.4944,496.212296,496.212296,496.212296
1388,20000,8,0.823018,,0.823018,0.823018,0.823018,534.4944,534.4944,534.4944,496.212296,496.212296,496.212296
1389,20000,8,0.823018,,0.823018,0.823018,0.823018,534.4944,534.4944,534.4944,496.212296,496.212296,496.212296
1390,20000,8,0.823018,,0.823018,0.823018,0.823018,534.4944,534.4944,534.4944,496.212296,496.212296,496.212296
1391,20000,8,0.823018,,0.823018,0.823018,0.823018,534.4944,534.4944,534.4944,496.212296,496.212296,496.212296
1392,20000,8,0.823018,,0.823018,0.823018,0.823018,534.4944,534.4944,534.4944,496.212296,496.212296,496.212296
1393,20000,8,0.823018,,0.823018,0.823018,0.823018,534.4944,534.4944,534.4944,496.212296,496.212296,496.212296
1394,20000,8,0.823018,,0.823018,0.823018,0.823018,534.4944,534.4944,534.4944,496.212296,496.212296,496.212296
1395,20000,8,0.823018,,0.823018,0.823018,0.823018,534.4944,534.4944,534.4944,496.212296,496.212296,496.212296
1396,20000,8,0.823018,,0.823018,0.823018,0.823018,534.4944,534.4944,534.4944,496.212296,496.212296,496.212296
1397,20000,8,0.823018,,0.823018,0.823018,0.823018,534.4944,534.4944,534.4944,496.212296,496.212296,496.212296
1398,20000,8,0.823018,,0.823018,0.823018,0.823018,534.4944,534.4944,534.4944,496.212296,496.212296,496.212296
1399,20000,8,0.823018,,0.823018,0.823018,0.823018,534.4944,534.4944,534.4944,496.212296,496.212296,496.212296
1400,20000,8,0.823018,,0.823018,0.823018,0.823018,534.4944,534.4944,534.4944,496.212296,496.212296,496.212296
1401,20000,8,0.823018,,0.823018,0.823018,0.823018,534.4944,534.4944,534.4944,496.212296,496.212296,496.212296
1402,20000,8,0.823018,,0.823018,0.823018,0.823018,534.4944,534.4944,534.4944,496.212296,496.212296,496.212296
1403,20000,8,0.823018,,0.823018,0.823018,0.823018,534.4944,534.4944,534.4944,496.212296,496.212296,496.212296
1404,20000,8,0.823018,,0.823018,0.823018,0.823018,534.4944,534.4944,534.4944,496.212296,496.212296,496.212296
1405,20000,8,0.823018,,0.823018,0.823018,0.823018,534.4944,534.4944,534.4944,496.212296,496.212296,496.212296
1406,20000,8,0.823018,,0.823018,0.823018,0.823018,534.4944,534.4944,534.4944,496.212296,496.212296,496.212296
1407,20000,8,0.823018,,0.823018,0.823018,0.823018,534.4944,534.4944,534.4944,496.212296,496.212296,496.212296
1408,20000,8,0.823018,,0.823018,0.823018,0.823018,534.4944,534.4944,534.4944,496.212296,496.212296,496.212296
1409,20000,8,0.823018,,0.823018,0.823018,0.823018,534.4944,534.4944,534.4944,496.212296,496.212296,496.212296
1410,20000,8,0.823018,,0.823018,0.823018,0.823018,534.4944,534.4944,534.4944,496.212296,496.212296,496.212296
1411,20000,8,0.823018,,0.823018,0.823018,0.823018,534.4944,534.4944,534.4944,496.212296,496.212296,496.212296
1412,20000,8,0.823018,,0.823018,0.823018,0.823018,534.4944,534.4944,534.4944,496.212296,496.212296,496.212296
1413,20000,8,0.823018,,0.823018,0.823018,0.823018,534.4944,534.4944,534.4944,496.212296,496.212296,496.212296
1414,20000,8,0.823018,,0.823018,0.823018,0.823018,534.4944,534.4944,534.4944,496.212296,496.212296,496.212296
1415,20000,8,0.823018,,0.823018,0.823018,0.823018,534.4944,534.4944,534.4944,496.212296,496.212296,496.212296
1416,20000,8,0.823018,,0.823018,0.823018,0.823018,534.4944,534.4944,534.4944,496.212296,496.212296,496.212296
1417,20000,8,0.823018,,0.823018,0.823018,0.823018,534.4944,534.4944,534.4944,496.212296,496.212296,496.212296
1418,20000,8,0.823018,,0.823018,0.823018,0.823018,534.4944,534.4944,534.4944,496.212296,496.212296,496.212296
1419,20000,8,0.823018,,0.823018,0.823018,0.823018,534.4944,534.4944,534.4944,496.212296,496.212296,496.212296
1420,20000,8,0.823018,,0.823018,0.823018,0.823018,534.4944,534.4944,534.4944,496.212296,496.212296,496.212296
1421,20000,8,0.823018,,0.823018,0.823018,0.823018,534.4944,534.4944,534.4944,496.212296,496.212296,496.212296
1422,20000,8,0.823018,,0.823018,0.823018,0.823018,534.4944,534.4944,534.4944,496.212296,496.212296,496.212296
1423,20000,8,0.823018,,0.823018,0.823018,0.823018,534.4944,534.4944,534.4944,496.212296,496.212296,496.212296
1424,20000,8,0.823018,,0.823018,0.823018,0.823018,534.4944,534.4944,534.4944,496.212296,496.212296,496.212296
1425,20000,8,0.823018,,0.823018,0.823018,0.823018,534.4944,534.4944,534.4944,496.212296,496.212296,496.212296
1426,20000,8,0.823018,,0.823018,0.823018,0.823018,534.4944,534.4944,534.4944,496.212296,496.212296,496.212296
1427,20000,8,0.823018,,0.823018,0.823018,0.823018,534.4944,534.4944,534.4944,496.212296,496.212296,496.212296
1428,20000,8,0.823018,,0.823018,0.823018,0.823018,534.4944,534.4944,534.4944,496.212296,496.212296,496.212296
1429,20000,8,0.823018,,0.823018,0.823018,0.823018,534.4944,534.4944,534.4944,496.212296,496.212296,496.212296
1430,20000,8,0.823018,,0.823018,0.823018,0.823018,534.4944,534.4944,534.4944,496.212296,496.212296,496.212296
1431,20000,8,0.823018,,0.823018,0.823018,0.823018,534.4944,534.4944,534.4944,496.212296,496.212296,496.212296
1432,20000,8,0.823018,,0.823018,0.823018,0.823018,534.4944,534.4944,534.4944,496.212296,496.212296,496.212296
1433,20000,8,0.823018,,0.823018,0.823018,0.823018,534.4944,534.4944,534.4944,496.212296,496.212296,496.212296
1434,20000,8,0.823018,,0.823018,0.823018,0.823018,534.4944,534.4944,534.4944,496.212296,496.212296,496.212296
1435,20000,8,0.823018,,0.823018,0.823018,0.823018,534.4944,534.4944,534.4944,496.212296,496.212296,496.212296
1436,20000,8,0.823018,,0.823018,0.823018,0.823018,534.4944,534.4944,534.4944,496.212296,496.212296,496.212296
1437,20000,8,0.823018,,0.823018,0.823018,0.823018,534.4944,534.4944,534.4944,496.212296,496.212296,496.212296
1438,20000,8,0.823018,,0.823018,0.823018,0.823018,534.4944,534.4944,534.4944,496.212296,496.212296,496.212296
1439,20000,8,0.823018,,0.823018,0.823018,0.823018,534.4944,534.4944,534.4944,496.212296,496.212296,496.212296
1440,20000,8,0.823018,,0.823018,0.823018,0.823018,534.4944,534.4944,534.4944,496.212296,496.212296,496.212296
1441,20000,8,0.823018,,0.823018,0.823018,0.823018,534.4944,534.4944,534.4944,496.212296,496.212296,496.212296
1442,20000,8,0.823018,,0.823018,0.823018,0.823018,534.4944,534.4944,534.4944,496.212296,496.212296,496.212296
1443,20000,8,0.823018,,0.823018,0.823018,0.823018,534.4944,534.4944,534.4944,496.212296,496.212296,496.212296
1444,20000,8,0.823018,,0.823018,0.823018,0.823018,534.4944,534.4944,534.4944,496.212296,496.212296,496.212296
1445,20000,8,0.823018,,0.823018,0.823018,0.823018,534.4944,534.4944,534.4944,496.212296,496.212296,496.212296
1446,20000,8,0.823018,,0.823018,0.823018,0.823018,534.4944,534.4944,534.4944,496.212296,496.212296,496.212296
1447,20000,8,0.823018,,0.823018,0.823018,0.823018,534.4944,534.4944,534.4944,496.212296,496.212296,496.212296
1448,20000,8,0.823018,,0.823018,0.823018,0.823018,534.4944,534.4944,534.4944,496.212296,496.212296,496.212296
1449,20000,8,0.823018,,0.823018,0.823018,0.823018,534.4944,534.4944,534.4944,496.212296,496.212296,496.212296
1450,20000,8,0.823018,,0.823018,0.823018,0.823018,534.4944,534.4944,534.4944,496.212296,496.212296,496.212296
1451,20000,8,0.823018,,0.823018,0.823018,0.823018,534.4944,534.4944,534.4944,496.212296,496.212296,496.212296
1452,20000,8,0.823018,,0.823018,0.823018,0.823018,534.4944,534.4944,534.4944,496.212296,496.212296,496.212296
1453,20000,8,0.823018,,0.823018,0.823018,0.823018,534.4944,534.4944,534.4944,496.212296,496.212296,496.212296
1454,20000,8,0.823018,,0.823018,0.823018,0.823018,534.4944,534.4944,534.4944,496.212296,496.212296,496.212296
1455,20000,8,0.823018,,0.823018,0.823018,0.823018,534.4944,534.4944,534.4944,496.212296,496.212296,496.212296
1456,20000,8,0.823018,,0.823018,0.823018,0.823018,534.4944,534.4944,534.4944,496.212296,496.212296,496.212296
1457,20000,8,0.823018,,0.823018,0.823018,0.823018,534.4944,534.4944,534.4944,496.212296,496.212296,496.212296
1458,20000,8,0.823018,,0.823018,0.823018,0.823018,534.4944,534.4944,534.4944,496.212296,496.212296,496.212296
1459,20000,8,0.823018,,0.823018,0.823018,0.823018,534.4944,534.4944,534.4944,496.212296,496.212296,496.212296
1460,20000,8,0.823018,,0.823018,0.823018,0.823018,534.4944,534.4944,534.4944,496.212296,496.212296,496.212296
1461,20000,8,0.823018,,0.823018,0.823018,0.823018,534.4944,534.4944,534.4944,496.212296,496.212296,496.212296
1462,20000,8,0.823018,,0.823018,0.823018,0.823018,534.4944,534.4944,534.4944,496.212296,496.212296,496.212296
1463,20000,8,0.823018,,0.823018,0.823018,0.823018,534.4944,534.4944,534.4944,496.212296,496.212296,496.212296
1464,20000,8,0.823018,,0.823018,0.823018,0.823018,534.4944,534.4944,534.4944,496.212296,496.212296,496.212296
1465,20000,8,0.823018,,0.823018,0.823018,0.823018,534.4944,534.4944,534.4944,496.212296,496.212296,496.212296
1466,20000,8,0.823018,,0.823018,0.823018,0.823018,534.4944,534.4944,534.4944,496.212296,496.212296,496.212296
1467,20000,8,0.823018,,0.823018,0.823018,0.823018,534.4944,534.4944,534.4944,496.212296,496.212296,496.212296
1468,20000,8,0.823018,,0.823018,0.823018,0.823018,534.4944,534.4944,534.4944,496.212296,496.212296,496.212296
1469,20000,8,0.823018,,0.823018,0.823018,0.823018,534.4944,534.4944,534.4944,496.212296,496.212296,496.212296
1470,20000,8,0.823018,,0.823018,0.823018,0.823018,534.4944,534.4944,534.4944,496.212296,496.212296,496.212296
1471,20000,8,0.823018,,0.823018,0.823018,0.823018,534.4944,534.4944,534.4944,496.212296,496.212296,496.212296
1472,20000,8,0.823018,,0.823018,0.823018,0.823018,534.4944,534.4944,534.4944,496.212296,496.212296,496.212296
1473,20000,8,0.823018,,0.823018,0.823018,0.823018,534.4944,534.4944,534.4944,496.212296,496.212296,496.212296
1474,20000,8,0.823018,,0.823018,0.823018,0.823018,534.4944,534.4944,534.4944,496.212296,496.212296,496.212296
1475,20000,8,0.823018,,0.823018,0.823018,0.823018,534.4944,534.4944,534.4944,496.212296,496.212296,496.212296
1476,20000,8,0.823018,,0.823018,0.823018,0.823018,534.4944,534.4944,534.4944,496.212296,496.212296,496.212296
1477,20000,8,0.823018,,0.823018,0.823018,0.823018,534.4944,534.4944,534.4944,496.212296,496.212296,496.212296
1478,20000,8,0.823018,,0.823018,0.823018,0.823018,534.4944,534.4944,534.4944,496.212296,496.212296,496.212296
1479,20000,8,0.823018,,0.823018,0.823018,0.823018,534.4944,534.4944,534.4944,496.212296,496.212296,496.212296
1480,20000,8,0.823018,,0.823018,0.823018,0.823018,534.4944,534.4944,534.4944,496.212296,496.212296,496.212296
1481,20000,8,0.823018,,0.823018,0.823018,0.823018,534.4944,534.4944,534.4944,496.212296,496.212296,496.212296
1482,20000,8,0.823018,,0.823018,0.823018,0.823018,534.4944,534.4944,534.4944,496.212296,496.212296,496.212296
1483,20000,8,0.823018,,0.823018,0.823018,0.823018,534.4944,534.4944,534.4944,496.212296,496.212296,496.212296
1484,20000,8,0.823018,,0.823018,0.823018,0.823018,534.4944,534.4944,534.4944,496.212296,496.212296,496.212296
1485,20000,8,0.823018,,0.823018,0.823018,0.823018,534.4944,534.4944,534.4944,496.212296,496.212296,496.212296
1486,20000,8,0.823018,,0.823018,0.823018,0.823018,534.4944,534.4944,534.4944,496.212296,496.212296,496.212296
1487,20000,8,0.823018,,0.823018,0.823018,0.823018,534.4944,534.4944,534.4944,496.212296,496.212296,496.212296
1488,20000,8,0.823018,,0.823018,0.823018,0.823018,534.4944,534.4944,534.4944,496.212296,496.212296,496.212296
1489,20000,8,0.823018,,0.823018,0.823018,0.823018,534.4944,534.4944,534.4944,496.212296,496.212296,496.212296
1490,20000,8,0.823018,,0.823018,0.823018,0.823018,534.4944,534.4944,534.4944,496.212296,496.212296,496.212296
1491,20000,8,0.823018,,0.823018,0.823018,0.823018,534.4944,534.4944,534.4944,496.212296,496.212296,496.212296
1492,20000,8,0.823018,,0.823018,0.823018,0.823018,534.4944,534.4944,534.4944,496.212296,496.212296,496.212296
1493,20000,8,0.823018,,0.823018,0.823018,0.823018,534.4944,534.4944,534.4944,496.212296,496.212296,496.212296
1494,20000,8,0.823018,,0.823018,0.823018,0.823018,534.4944,534.4944,534.4944,496.212296,496.212296,496.212296
1495,20000,8,0.823018,,0.823018,0.823018,0.823018,534.4944,534.4944,534.4944,496.212296,496.212296,496.212296
1496,20000,8,0.823018,,0.823018,0.823018,0.823018,534.4944,534.4944,534.4944,496.212296,496.212296,496.212296
1497,20000,8,0.823018,,0.823018,0.823018,0.823018,534.4944,534.4944,534.4944,496.212296,496.212296,496.212296
1498,20000,8,0.823018,,0.823018,0.823018,0.823018,534.4944,534.4944,534.4944,496.212296,496.212296,496.212296
1499,20000,8,0.823018,,0.823018,0.823018,0.823018,534.4944,534.4944,534.4944,496.212296,496.212296,496.212296
1500,20000,8,0.823018,,0.823018,0.823018,0.823018,534.4944,534.4944,534.4944,496.212296,496.212296,496.212296
1501,20000,8,0.823018,,0.823018,0.823018,0.823018,534.4944,534.4944,534.4944,496.212296,496.212296,496.212296
1502,20000,8,0.823018,,0.823018,0.823018,0.823018,534.4944,534.4944,534.4944,496.212296,496.212296,496.212296
1503,20000,8,0.823018,,0.823018,0.823018,0.823018,534.4944,534.4944,534.4944,496.212296,496.212296,496.212296
1504,20000,8,0.823018,,0.823018,0.823018,0.823018,534.4944,534.4944,534.4944,496.212296,496.212296,496.212296
1505,20000,8,0.823018,,0.823018,0.823018,0.823018,534.4944,534.4944,534.4944,496.212296,496.212296,496.212296
1506,20000,8,0.823018,,0.823018,0.823018,0.823018,534.4944,534.4944,534.4944,496.212296,496.212296,496.212296
1507,20000,8,0.823018,,0.823018,0.823018,0.823018,534.4944,534.4944,534.4944,496.212296,496.212296,496.212296
1508,20000,8,0.823018,,0.823018,0.823018,0.823018,534.4944,534.4944,534.4944,496.212296,496.212296,496.212296
1509,20000,8,0.823018,,0.823018,0.823018,0.823018,534.4944,534.4944,534.4944,496.212296,496.212296,496.212296
1510,20000,8,0.823018,,0.823018,0.823018,0.823018,534.4944,534.4944,534.4944,496.212296,496.212296,496.212296
1511,20000,8,0.823018,,0.823018,0.823018,0.823018,534.4944,534.4944,534.4944,496.212296,496.212296,496.212296
1512,20000,8,0.823018,,0.823018,0.823018,0.823018,534.4944,534.4944,534.4944,496.212296,496.212296,496.212296
1513,20000,8,0.823018,,0.823018,0.823018,0.823018,534.4944,534.4944,534.4944,496.212296,496.212296,496.212296
1514,20000,8,0.823018,,0.823018,0.823018,0.823018,534.4944,534.4944,534.4944,496.212296,496.212296,496.212296
1515,20000,8,0.823018,,0.823018,0.823018,0.823018,534.4944,534.4944,534.4944,496.212296,496.212296,496.212296
1516,20000,8,0.823018,,0.823018,0.823018,0.823018,534.4944,534.4944,534.4944,496.212296,496.212296,496.212296
1517,20000,8,0.823018,,0.823018,0.823018,0.823018,534.4944,534.4944,534.4944,496.212296,496.212296,496.212296
1518,20000,8,0.823018,,0.823018,0.823018,0.823018,534.4944,534.4944,534.4944,496.212296,496.212296,496.212296
1519,20000,8,0.823018,,0.823018,0.823018,0.823018,534.4944,534.4944,534.4944,496.212296,496.212296,496.212296
1520,20000,8,0.823018,,0.823018,0.823018,0.823018,534.4944,534.4944,534.4944,496.212296,496.212296,496.212296
1521,20000,8,0.823018,,0.823018,0.823018,0.823018,534.4944,534.4944,534.4944,496.212296,496.212296,496.212296
1522,20000,8,0.823018,,0.823018,0.823018,0.823018,534.4944,534.4944,534.4944,496.212296,496.212296,496.212296
1523,20000,8,0.823018,,0.823018,0.823018,0.823018,534.4944,534.4944,534.4944,496.212296,496.212296,496.212296
1524,20000,8,0.823018,,0.823018,0.823018,0.823018,534.4944,534.4944,534.4944,496.212296,496.212296,496.212296
1525,20000,8,0.823018,,0.823018,0.823018,0.823018,534.4944,534.4944,534.4944,496.212296,496.212296,496.212296
1526,20000,8,0.823018,,0.823018,0.823018,0.823018,534.4944,534.4944,534.4944,496.212296,496.212296,496.212296
1527,20000,8,0.823018,,0.823018,0.823018,0.823018,534.4944,534.4944,534.4944,496.212296,496.212296,496.212296
1528,20000,8,0.823018,,0.823018,0.823018,0.823018,534.4944,534.4944,534.4944,496.212296,496.212296,496.212296
1529,20000,8,0.823018,,0.823018,0.823018,0.823018,534.4944,534.4944,534.4944,496.212296,496.212296,496.212296
1530,20000,8,0.823018,,0.823018,0.823018,0.823018,534.4944,534.4944,534.4944,496.212296,496.212296,496.212296
1531,20000,8,0.823018,,0.823018,0.823018,0.823018,534.4944,534.4944,534.4944,496.212296,496.212296,496.212296
1532,20000,8,0.823018,,0.823018,0.823018,0.823018,534.4944,534.4944,534.4944,496.212296,496.212296,496.212296
1533,20000,8,0.823018,,0.823018,0.823018,0.823018,534.4944,534.4944,534.4944,496.212296,496.212296,496.212296
1534,20000,8,0.823018,,0.823018,0.823018,0.823018,534.4944,534.4944,534.4944,496.212296,496.212296,496.212296
1535,20000,8,0.823018,,0.823018,0.823018,0.823018,534.4944,534.4944,534.4944,496.212296,496.212296,496.212296
1536,20000,8,0.823018,,0.823018,0.823018,0.823018,534.4944,534.4944,534.4944,496.212296,496.212296,496.212296
1537,20000,8,0.823018,,0.823018,0.823018,0.823018,534.4944,534.4944,534.4944,496.212296,496.212296,496.212296
1538,20000,8,0.823018,,0.823018,0.823018,0.823018,534.4944,534.4944,534.4944,496.212296,496.212296,496.212296
1539,20000,8,0.823018,,0.823018,0.823018,0.823018,534.4944,534.4944,534.4944,496.212296,496.212296,496.212296
1540,20000,8,0.823018,,0.823018,0.823018,0.823018,534.4944,534.4944,534.4944,496.212296,496.212296,496.212296
1541,20000,8,0.823018,,0.823018,0.823018,0.823018,534.4944,534.4944,534.4944,496.212296,496.212296,496.212296
1542,20000,8,0.823018,,0.823018,0.823018,0.823018,534.4944,534.4944,534.4944,496.212296,496.212296,496.212296
1543,20000,8,0.823018,,0.823018,0.823018,0.823018,534.4944,534.4944,534.4944,496.212296,496.212296,496.212296
1544,20000,8,0.823018,,0.823018,0.823018,0.823018,534.4944,534.4944,534.4944,496.212296,496.212296,496.212296
1545,20000,8,0.823018,,0.823018,0.823018,0.823018,534.4944,534.4944,534.4944,496.212296,496.212296,496.212296
1546,20000,8,0.823018,,0.823018,0.823018,0.823018,534.4944,534.4944,534.4944,496.212296,496.212296,496.212296
1547,20000,8,0.823018,,0.823018,0.823018,0.823018,534.4944,534.4944,534.4944,496.212296,496.212296,496.212296
1548,20000,8,0.823018,,0.823018,0.823018,0.823018,534.4944,534.4944,534.4944,496.212296,496.212296,496.212296
1549,20000,8,0.823018,,0.823018,0.823018,0.823018,534.4944,534.4944,534.4944,496.212296,496.212296,496.212296
1550,20000,8,0.823018,,0.823018,0.823018,0.823018,534.4944,534.4944,534.4944,496.212296,496.212296,496.212296
1551,20000,8,0.823018,,0.823018,0.823018,0.823018,534.4944,534.4944,534.4944,496.212296,496.212296,496.212296
1552,20000,8,0.823018,,0.823018,0.823018,0.823018,534.4944,534.4944,534.4944,496.212296,496.212296,496.212296
1553,20000,8,0.823018,,0.823018,0.823018,0.823018,534.4944,534.4944,534.4944,496.212296,496.212296,496.212296
1554,20000,8,0.823018,,0.823018,0.823018,0.823018,534.4944,534.4944,534.4944,496.212296,496.212296,496.212296
1555,20000,8,0.823018,,0.823018,0.823018,0.823018,534.4944,534.4944,534.4944,496.212296,496.212296,496.212296
1556,20000,8,0.823018,,0.823018,0.823018,0.823018,534.4944,534.4944,534.4944,496.212296,496.212296,496.212296
1557,20000,8,0.823018,,0.823018,0.823018,0.823018,534.4944,534.4944,534.4944,496.212296,496.212296,496.212296
1558,20000,8,0.823018,,0.823018,0.823018,0.823018,534.4944,534.4944,534.4944,496.212296,496.212296,496.212296
1559,20000,8,0.823018,,0.823018,0.823018,0.823018,534.4944,534.4944,534.4944,496.212296,496.212296,496.212296
1560,20000,8,0.823018,,0.823018,0.823018,0.823018,534.4944,534.4944,534.4944,496.212296,496.212296,496.212296
1561,20000,8,0.823018,,0.823018,0.823018,0.823018,534.4944,534.4944,534.4944,496.212296,496.212296,496.212296
1562,20000,8,0.823018,,0.823018,0.823018,0.823018,534.4944,534.4944,534.4944,496.212296,496.212296,496.212296
1563,20000,8,0.823018,,0.823018,0.823018,0.823018,534.4944,534.4944,534.4944,496.212296,496.212296,496.212296
1564,20000,8,0.823018,,0.823018,0.823018,0.823018,534.4944,534.4944,534.4944,496.212296,496.212296,496.212296
1565,20000,8,0.823018,,0.823018,0.823018,0.823018,534.4944,534.4944,534.4944,496.212296,496.212296,496.212296
1566,20000,8,0.823018,,0.823018,0.823018,0.823018,534.4944,534.4944,534.4944,496.212296,496.212296,496.212296
1567,20000,8,0.823018,,0.823018,0.823018,0.823018,534.4944,534.4944,534.4944,496.212296,496.212296,496.212296
1568,20000,8,0.823018,,0.823018,0.823018,0.823018,534.4944,534.4944,534.4944,496.212296,496.212296,496.212296
1569,20000,8,0.823018,,0.823018,0.823018,0.823018,534.4944,534.4944,534.4944,496.212296,496.212296,496.212296
1570,20000,8,0.823018,,0.823018,0.823018,0.823018,534.4944,534.4944,534.4944,496.212296,496.212296,496.212296
1571,20000,8,0.823018,,0.823018,0.823018,0.823018,534.4944,534.4944,534.4944,496.212296,496.212296,496.212296
1572,20000,8,0.823018,,0.823018,0.823018,0.823018,534.4944,534.4944,534.4944,496.212296,496.212296,496.212296
1573,20000,8,0.823018,,0.823018,0.823018,0.823018,534.4944,534.4944,534.4944,496.212296,496.212296,496.212296
1574,20000,8,0.823018,,0.823018,0.823018,0.823018,534.4944,534.4944,534.4944,496.212296,496.212296,496.212296
1575,20000,8,0.823018,,0.823018,0.823018,0.823018,534.4944,534.4944,534.4944,496.212296,496.212296,496.212296
1576,20000,8,0.823018,,0.823018,0.823018,0.823018,534.4944,534.4944,534.4944,496.212296,496.212296,496.212296
1577,20000,8,0.823018,,0.823018,0.823018,0.823018,534.4944,534.4944,534.4944,496.212296,496.212296,496.212296
1578,20000,8,0.823018,,0.823018,0.823018,0.823018,534.4944,534.4944,534.4944,496.212296,496.212296,496.212296
1579,20000,8,0.823018,,0.823018,0.823018,0.823018,534.4944,534.4944,534.4944,496.212296,496.212296,496.212296
1580,20000,8,0.823018,,0.823018,0.823018,0.823018,534.4944,534.4944,534.4944,496.212296,496.212296,496.212296
1581,20000,8,0.823018,,0.823018,0.823018,0.823018,534.4944,534.4944,534.4944,496.212296,496.212296,496.212296
1582,20000,8,0.823018,,0.823018,0.823018,0.823018,534.4944,534.4944,534.4944,496.212296,496.212296,496.212296
1583,20000,8,0.823018,,0.823018,0.823018,0.823018,534.4944,534.4944,534.4944,496.212296,496.212296,496.212296
1584,20000,8,0.823018,,0.823018,0.823018,0.823018,534.4944,534.4944,534.4944,496.212296,496.212296,496.212296
1585,20000,8,0.823018,,0.823018,0.823018,0.823018,534.4944,534.4944,534.4944,496.212296,496.212296,496.212296
1586,20000,8,0.823018,,0.823018,0.823018,0.823018,534.4944,534.4944,534.4944,496.212296,496.212296,496.212296
1587,20000,8,0.823018,,0.823018,0.823018,0.823018,534.4944,534.4944,534.4944,496.212296,496.212296,496.212296
1588,20000,8,0.823018,,0.823018,0.823018,0.823018,534.4944,534.4944,534.4944,496.212296,496.212296,496.212296
1589,20000,8,0.823018,,0.823018,0.823018,0.823018,534.4944,534.4944,534.4944,496.212296,496.212296,496.212296
1590,20000,8,0.823018,,0.823018,0.823018,0.823018,534.4944,534.4944,534.4944,496.212296,496.212296,496.212296
1591,20000,8,0.823018,,0.823018,0.823018,0.823018,534.4944,534.4944,534.4944,496.212296,496.212296,496.212296
1592,20000,8,0.823018,,0.823018,0.823018,0.823018,534.4944,534.4944,534.4944,496.212296,496.212296,496.212296
1593,20000,8,0.823018,,0.823018,0.823018,0.823018,534.4944,534.4944,534.4944,496.212296,496.212296,496.212296
1594,20000,8,0.823018,,0.823018,0.823018,0.823018,534.4944,534.4944,534.4944,496.212296,496.212296,496.212296
1595,20000,8,0.823018,,0.823018,0.823018,0.823018,534.4944,534.4944,534.4944,496.212296,496.212296,496.212296
1596,20000,8,0.823018,,0.823018,0.823018,0.823018,534.4944,534.4944,534.4944,496.212296,496.212296,496.212296
1597,20000,8,0.823018,,0.823018,0.823018,0.823018,534.4944,534.4944,534.4944,496.212296,496.212296,496.212296
1598,20000,8,0.823018,,0.823018,0.823018,0.823018,534.4944,534.4944,534.4944,496.212296,496.212296,496.212296
1599,20000,8,0.823018,,0.823018,0.823018,0.823018,534.4944,534.4944,534.4944,496.212296,496.212296,496.212296
1600,20000,8,0.823018,,0.823018,0.823018,0.823018,534.4944,534.4944,534.4944,496.212296,496.212296,496.212296
1601,20000,8,0.823018,,0.823018,0.823018,0.823018,534.4944,534.4944,534.4944,496.212296,496.212296,496.212296
1602,20000,8,0.823018,,0.823018,0.823018,0.823018,534.4944,534.4944,534.4944,496.212296,496.212296,496.212296
1603,20000,8,0.823018,,0.823018,0.823018,0.823018,534.4944,534.4944,534.4944,496.212296,496.212296,496.212296
1604,20000,8,0.823018,,0.823018,0.823018,0.823018,534.4944,534.4944,534.4944,496.212296,496.212296,496.212296
1605,20000,8,0.823018,,0.823018,0.823018,0.823018,534.4944,534.4944,534.4944,496.212296,496.212296,496.212296
1606,20000,8,0.823018,,0.823018,0.823018,0.823018,534.4944,534.4944,534.4944,496.212296,496.212296,496.212296
1607,20000,8,0.823018,,0.823018,0.823018,0.823018,534.4944,534.4944,534.4944,496.212296,496.212296,496.212296
1608,20000,8,0.823018,,0.823018,0.823018,0.823018,534.4944,534.4944,534.4944,496.212296,496.212296,496.212296
1609,20000,8,0.823018,,0.823018,0.823018,0.823018,534.4944,534.4944,534.4944,496.212296,496.212296,496.212296
1610,20000,8,0.823018,,0.823018,0.823018,0.823018,534.4944,534.4944,534.4944,496.212296,496.212296,496.212296
1611,20000,8,0.823018,,0.823018,0.823018,0.823018,534.4944,534.4944,534.4944,496.212296,496.212296,496.212296
1612,20000,8,0.823018,,0.823018,0.823018,0.823018,534.4944,534.4944,534.4944,496.212296,496.212296,496.212296
1613,20000,8,0.823018,,0.823018,0.823018,0.823018,534.4944,534.4944,534.4944,496.212296,496.212296,496.212296
1614,20000,8,0.823018,,0.823018,0.823018,0.823018,534.4944,534.4944,534.4944,496.212296,496.212296,496.212296
1615,20000,8,0.823018,,0.823018,0.823018,0.823018,534.4944,534.4944,534.4944,496.212296,496.212296,496.212296
1616,20000,8,0.823018,,0.823018,0.823018,0.823018,534.4944,534.4944,534.4944,496.212296,496.212296,496.212296
1617,20000,8,0.823018,,0.823018,0.823018,0.823018,534.4944,534.4944,534.4944,496.212296,496.212296,496.212296
1618,20000,8,0.823018,,0.823018,0.823018,0.823018,534.4944,534.4944,534.4944,496.212296,496.212296,496.212296
1619,20000,8,0.823018,,0.823018,0.823018,0.823018,534.4944,534.4944,534.4944,496.212296,496.212296,496.212296
1620,20000,8,0.823018,,0.823018,0.823018,0.823018,534.4944,534.4944,534.4944,496.212296,496.212296,496.212296
1621,20000,8,0.823018,,0.823018,0.823018,0.823018,534.4944,534.4944,534.4944,496.212296,496.212296,496.212296
1622,20000,8,0.823018,,0.823018,0.823018,0.823018,534.4944,534.4944,534.4944,496.212296,496.212296,496.212296
1623,20000,8,0.823018,,0.823018,0.823018,0.823018,534.4944,534.4944,534.4944,496.212296,496.212296,496.212296
1624,20000,8,0.823018,,0.823018,0.823018,0.823018,534.4944,534.4944,534.4944,496.212296,496.212296,496.212296
1625,20000,8,0.823018,,0.823018,0.823018,0.823018,534.4944,534.4944,534.4944,496.212296,496.212296,496.212296
1626,20000,8,0.823018,,0.823018,0.823018,0.823018,534.4944,534.4944,534.4944,496.212296,496.212296,496.212296
1627,20000,8,0.823018,,0.823018,0.823018,0.823018,534.4944,534.4944,534.4944,496.212296,496.212296,496.212296
1628,20000,8,0.823018,,0.823018,0.823018,0.823018,534.4944,534.4944,534.4944,496.212296,496.212296,496.212296
1629,20000,8,0.823018,,0.823018,0.823018,0.823018,534.4944,534.4944,534.4944,496.212296,496.212296,496.212296
1630,20000,8,0.823018,,0.823018,0.823018,0.823018,534.4944,534.4944,534.4944,496.212296,496.212296,496.212296
1631,20000,8,0.823018,,0.823018,0.823018,0.823018,534.4944,534.4944,534.4944,496.212296,496.212296,496.212296
1632,20000,8,0.823018,,0.823018,0.823018,0.823018,534.4944,534.4944,534.4944,496.212296,496.212296,496.212296
1633,20000,8,0.823018,,0.823018,0.823018,0.823018,534.4944,534.4944,534.4944,496.212296,496.212296,496.212296
1634,20000,8,0.823018,,0.823018,0.823018,0.823018,534.4944,534.4944,534.4944,496.212296,496.212296,496.212296
1635,20000,8,0.823018,,0.823018,0.823018,0.823018,534.4944,534.4944,534.4944,496.212296,496.212296,496.212296
1636,20000,8,0.823018,,0.823018,0.823018,0.823018,534.4944,534.4944,534.4944,496.212296,496.212296,496.212296
1637,20000,8,0.823018,,0.823018,0.823018,0.823018,534.4944,534.4944,534.4944,496.212296,496.212296,496.212296
1638,20000,8,0.823018,,0.823018,0.823018,0.823018,534.4944,534.4944,534.4944,496.212296,496.212296,496.212296
1639,20000,8,0.823018,,0.823018,0.823018,0.823018,534.4944,534.4944,534.4944,496.212296,496.212296,496.212296
1640,20000,8,0.823018,,0.823018,0.823018,0.823018,534.4944,534.4944,534.4944,496.212296,496.212296,496.212296
1641,20000,8,0.823018,,0.823018,0.823018,0.823018,534.4944,534.4944,534.4944,496.212296,496.212296,496.212296
1642,20000,8,0.823018,,0.823018,0.823018,0.823018,534.4944,534.4944,534.4944,496.212296,496.212296,496.212296
1643,20000,8,0.823018,,0.823018,0.823018,0.823018,534.4944,534.4944,534.4944,496.212296,496.212296,496.212296
1644,20000,8,0.823018,,0.823018,0.823018,0.823018,534.4944,534.4944,534.4944,496.212296,496.212296,496.212296
1645,20000,8,0.823018,,0.823018,0.823018,0.823018,534.4944,534.4944,534.4944,496.212296,496.212296,496.212296
1646,20000,8,0.823018,,0.823018,0.823018,0.823018,534.4944,534.4944,534.4944,496.212296,496.212296,496.212296
1647,20000,8,0.823018,,0.823018,0.823018,0.823018,534.4944,534.4944,534.4944,496.212296,496.212296,496.212296
1648,20000,8,0.823018,,0.823018,0.823018,0.823018,534.4944,534.4944,534.4944,496.212296,496.212296,496.212296
1649,20000,8,0.823018,,0.823018,0.823018,0.823018,534.4944,534.4944,534.4944,496.212296,496.212296,496.212296
1650,20000,8,0.823018,,0.823018,0.823018,0.823018,534.4944,534.4944,534.4944,496.212296,496.212296,496.212296
1651,20000,8,0.823018,,0.823018,0.823018,0.823018,534.4944,534.4944,534.4944,496.212296,496.212296,496.212296
1652,20000,8,0.823018,,0.823018,0.823018,0.823018,534.4944,534.4944,534.4944,496.212296,496.212296,496.212296
1653,20000,8,0.823018,,0.823018,0.823018,0.823018,534.4944,534.4944,534.4944,496.212296,496.212296,496.212296
1654,20000,8,0.823018,,0.823018,0.823018,0.823018,534.4944,534.4944,534.4944,496.212296,496.212296,496.212296
1655,20000,8,0.823018,,0.823018,0.823018,0.823018,534.4944,534.4944,534.4944,496.212296,496.212296,496.212296
1656,20000,8,0.823018,,0.823018,0.823018,0.823018,534.4944,534.4944,534.4944,496.212296,496.212296,496.212296
1657,20000,8,0.823018,,0.823018,0.823018,0.823018,534.4944,534.4944,534.4944,496.212296,496.212296,496.212296
1658,20000,8,0.823018,,0.823018,0.823018,0.823018,534.4944,534.4944,534.4944,496.212296,496.212296,496.212296
1659,20000,8,0.823018,,0.823018,0.823018,0.823018,534.4944,534.4944,534.4944,496.212296,496.212296,496.212296
1660,20000,8,0.823018,,0.823018,0.823018,0.823018,534.4944,534.4944,534.4944,496.212296,496.212296,496.212296
1661,20000,8,0.823018,,0.823018,0.823018,0.823018,534.4944,534.4944,534.4944,496.212296,496.212296,496.212296
1662,20000,8,0.823018,,0.823018,0.823018,0.823018,534.4944,534.4944,534.4944,496.212296,496.212296,496.212296
1663,20000,8,0.823018,,0.823018,0.823018,0.823018,534.4944,534.4944,534.4944,496.212296,496.212296,496.212296
1664,20000,8,0.823018,,0.823018,0.823018,0.823018,534.4944,534.4944,534.4944,496.212296,496.212296,496.212296
1665,20000,8,0.823018,,0.823018,0.823018,0.823018,534.4944,534.4944,534.4944,496.212296,496.212296,496.212296
1666,20000,8,0.823018,,0.823018,0.823018,0.823018,534.4944,534.4944,534.4944,496.212296,496.212296,496.212296
1667,20000,8,0.823018,,0.823018,0.823018,0.823018,534.4944,534.4944,534.4944,496.212296,496.212296,496.212296
1668,20000,8,0.823018,,0.823018,0.823018,0.823018,534.4944,534.4944,534.4944,496.212296,496.212296,496.212296
1669,20000,8,0.823018,,0.823018,0.823018,0.823018,534.4944,534.4944,534.4944,496.212296,496.212296,496.212296
1670,20000,8,0.823018,,0.823018,0.823018,0.823018,534.4944,534.4944,534.4944,496.212296,496.212296,496.212296
1671,20000,8,0.823018,,0.823018,0.823018,0.823018,534.4944,534.4944,534.4944,496.212296,496.212296,496.212296
1672,20000,8,0.823018,,0.823018,0.823018,0.823018,534.4944,534.4944,534.4944,496.212296,496.212296,496.212296
1673,20000,8,0.823018,,0.823018,0.823018,0.823018,534.4944,534.4944,534.4944,496.212296,496.212296,496.212296
1674,20000,8,0.823018,,0.823018,0.823018,0.823018,534.4944,534.4944,534.4944,496.212296,496.212296,496.212296
1675,20000,8,0.823018,,0.823018,0.823018,0.823018,534.4944,534.4944,534.4944,496.212296,496.212296,496.212296
1676,20000,8,0.823018,,0.823018,0.823018,0.823018,534.4944,534.4944,534.4944,496.212296,496.212296,496.212296
1677,20000,8,0.823018,,0.823018,0.823018,0.823018,534.4944,534.4944,534.4944,496.212296,496.212296,496.212296
1678,20000,8,0.823018,,0.823018,0.823018,0.823018,534.4944,534.4944,534.4944,496.212296,496.212296,496.212296
1679,20000,8,0.823018,,0.823018,0.823018,0.823018,534.4944,534.4944,534.4944,496.212296,496.212296,496.212296
1680,20000,8,0.823018,,0.823018,0.823018,0.823018,534.4944,534.4944,534.4944,496.212296,496.212296,496.212296
1681,20000,8,0.823018,,0.823018,0.823018,0.823018,534.4944,534.4944,534.4944,496.212296,496.212296,496.212296
1682,20000,8,0.823018,,0.823018,0.823018,0.823018,534.4944,534.4944,534.4944,496.212296,496.212296,496.212296
1683,20000,8,0.823018,,0.823018,0.823018,0.823018,534.4944,534.4944,534.4944,496.212296,496.212296,496.212296
1684,20000,8,0.823018,,0.823018,0.823018,0.823018,534.4944,534.4944,534.4944,496.212296,496.212296,496.212296
1685,20000,8,0.823018,,0.823018,0.823018,0.823018,534.4944,534.4944,534.4944,496.212296,496.212296,496.212296
1686,20000,8,0.823018,,0.823018,0.823018,0.823018,534.4944,534.4944,534.4944,496.212296,496.212296,496.212296
1687,20000,8,0.823018,,0.823018,0.823018,0.823018,534.4944,534.4944,534.4944,496.212296,496.212296,496.212296
1688,20000,8,0.823018,,0.823018,0.823018,0.823018,534.4944,534.4944,534.4944,496.212296,496.212296,496.212296
1689,20000,8,0.823018,,0.823018,0.823018,0.823018,534.4944,534.4944,534.4944,496.212296,496.212296,496.212296
1690,20000,8,0.823018,,0.823018,0.823018,0.823018,534.4944,534.4944,534.4944,496.212296,496.212296,496.212296
1691,20000,8,0.823018,,0.823018,0.823018,0.823018,534.4944,534.4944,534.4944,496.212296,496.212296,496.212296
1692,20000,8,0.823018,,0.823018,0.823018,0.823018,534.4944,534.4944,534.4944,496.212296,496.212296,496.212296
1693,20000,8,0.823018,,0.823018,0.823018,0.823018,534.4944,534.4944,534.4944,496.212296,496.212296,496.212296
1694,20000,8,0.823018,,0.823018,0.823018,0.823018,534.4944,534.4944,534.4944,496.212296,496.212296,496.212296
1695,20000,8,0.823018,,0.823018,0.823018,0.823018,534.4944,534.4944,534.4944,496.212296,496.212296,496.212296
1696,20000,8,0.823018,,0.823018,0.823018,0.823018,534.4944,534.4944,534.4944,496.212296,496.212296,496.212296
1697,20000,8,0.823018,,0.823018,0.823018,0.823018,534.4944,534.4944,534.4944,496.212296,496.212296,496.212296
1698,20000,8,0.823018,,0.823018,0.823018,0.823018,534.4944,534.4944,534.4944,496.212296,496.212296,496.212296
1699,20000,8,0.823018,,0.823018,0.823018,0.823018,534.4944,534.4944,534.4944,496.212296,496.212296,496.212296
