gen,seed,threads,best_global,picos,fit_best,fit_worst,fit_mean,green_best,green_worst,green_mean,emis_best,emis_worst,emis_mean
0,20000,6,0.501261,,0.501261,0.367559,0.428424,326.5908,248.3911,282.835526,607.812746,662.493504,635.358002
1,20000,6,0.501261,,0.501261,0.391888,0.443266,326.5908,266.7617,291.684033,607.812746,653.925719,629.711214
2,20000,6,0.522101,,0.522101,0.406343,0.454742,336.8547,272.0311,298.085906,598.488341,648.212463,625.049747
3,20000,6,0.522101,,0.522101,0.418577,0.462289,336.8547,274.8916,302.158479,598.488341,640.546971,621.891762
4,20000,6,0.522101,,0.522101,0.424169,0.471442,336.8547,274.8916,307.315749,598.488341,637.824506,618.208191
5,20000,6,0.522101,,0.522101,0.434659,0.47978,336.8547,279.6641,312.532143,598.488341,638.317067,615.200418
6,20000,6,0.527688,,0.527688,0.442726,0.485512,344.6891,282.1539,316.356931,598.488341,626.970548,613.292167
7,20000,6,0.528965,,0.528965,0.460884,0.491023,347.8209,297.9025,320.015842,598.146629,622.998568,611.445566
8,20000,6,0.54618,,0.54618,0.464526,0.495412,357.6365,297.9025,322.411454,593.6331,622.536022,609.627491
9,20000,6,0.54618,,0.54618,0.465796,0.501253,357.6365,299.0967,326.328555,593.6331,619.818424,607.696539
10,20000,6,0.547491,,0.547491,0.470187,0.506639,358.6528,303.2795,330.030406,593.291388,619.539616,605.976198
11,20000,6,0.550345,,0.550345,0.476525,0.510814,359.9845,306.8309,332.641322,591.957778,619.539616,604.469316
12,20000,6,0.557032,,0.557032,0.484416,0.515975,363.0457,314.9984,336.164625,588.793239,616.054059,602.804197
13,20000,6,0.557032,,0.557032,0.48488,0.51981,363.0457,314.9984,339.042034,588.793239,616.054059,601.741539
14,20000,6,0.557032,,0.557032,0.487733,0.523573,363.3129,316.8825,341.396011,588.793239,615.045446,600.383492
15,20000,6,0.557032,,0.557032,0.493064,0.527506,363.3129,321.2038,343.952965,588.793239,610.649365,599.029232
16,20000,6,0.557576,,0.557576,0.51103,0.530198,364.3292,332.9459,345.961503,588.793239,609.065702,598.275598
17,20000,6,0.564843,,0.564843,0.51103,0.533694,368.2056,332.9459,348.320514,586.157828,609.065702,597.129253
18,20000,6,0.572994,,0.572994,0.51295,0.537735,378.8713,335.947,351.080797,586.157828,605.97846,595.827178
19,20000,6,0.572994,,0.572994,0.518652,0.540788,378.8713,338.3232,353.381576,586.157828,605.97846,594.987359
20,20000,6,0.578622,,0.578622,0.520658,0.545545,379.1592,341.6398,356.694162,582.750827,605.515258,593.497001
21,20000,6,0.578622,,0.578622,0.520791,0.550211,379.1592,343.845,360.006518,582.750827,605.515258,592.076825
22,20000,6,0.578622,,0.578622,0.520791,0.553553,379.6476,344.8614,362.19906,582.750827,605.515258,590.938989
23,20000,6,0.583194,,0.583194,0.526178,0.557407,380.5952,345.9861,364.675028,580.146403,602.468996,589.592297
24,20000,6,0.583194,,0.583194,0.53513,0.561937,381.9068,346.1932,367.606188,578.603942,598.356212,588.02327
25,20000,6,0.584475,,0.584475,0.540018,0.564173,381.2191,346.1932,368.616273,578.603942,595.396117,586.955811
26,20000,6,0.587626,,0.587626,0.540413,0.567026,383.5151,346.321,370.667683,578.603942,593.062602,586.105062
27,20000,6,0.587694,,0.587694,0.553226,0.568945,383.5151,357.8881,372.114144,578.441267,591.165101,585.577393
28,20000,6,0.588218,,0.588218,0.553956,0.570943,384.9113,357.8881,373.514646,578.322192,591.08081,584.957907
29,20000,6,0.590292,,0.590292,0.555043,0.573289,384.9113,360.5784,375.001652,577.435174,588.805338,584.124607
30,20000,6,0.59448,,0.59448,0.558404,0.576658,388.9458,360.5784,377.332337,574.49696,587.628369,583.058246
31,20000,6,0.594654,,0.594654,0.558798,0.578688,388.9458,360.5784,378.447833,574.49696,587.132845,582.222246
32,20000,6,0.596231,,0.596231,0.559513,0.581313,389.2821,362.1107,379.968404,571.255876,587.132845,581.193937
33,20000,6,0.605367,,0.605367,0.559513,0.584195,397.1229,363.4558,381.78766,571.255876,587.132845,580.165086
34,20000,6,0.605367,,0.605367,0.560179,0.585933,397.1229,364.2023,382.964558,571.650328,587.113707,579.597726
35,20000,6,0.605367,,0.605367,0.575762,0.588526,397.1229,377.3051,384.424833,571.650328,584.85868,578.553801
36,20000,6,0.605367,,0.605367,0.575822,0.590519,397.1229,378.9765,385.527823,571.117806,584.81239,577.7389
37,20000,6,0.608228,,0.608228,0.575822,0.592466,397.1229,378.9765,386.433802,567.483488,584.81239,576.826744
38,20000,6,0.611825,,0.611825,0.575822,0.594422,397.1229,378.9765,387.646778,567.191411,584.81239,576.114483
39,20000,6,0.61528,,0.61528,0.577596,0.59644,397.1229,380.2738,388.984465,565.934941,584.297728,575.436459
40,20000,6,0.61528,,0.61528,0.584272,0.598778,398.5935,379.6141,390.526778,565.934941,581.210482,574.646218
41,20000,6,0.61528,,0.61528,0.584833,0.600599,399.3301,379.6141,391.747161,565.934941,581.490413,574.043486
42,20000,6,0.615914,,0.615914,0.589576,0.602044,400.4709,383.7572,392.641332,565.934941,579.901142,573.515616
43,20000,6,0.615914,,0.615914,0.592791,0.603711,402.128,383.7572,393.68938,565.921633,578.725777,572.917813
44,20000,6,0.620889,,0.620889,0.595783,0.605515,405.7967,387.276,394.85777,565.921633,576.706596,572.294055
45,20000,6,0.620889,,0.620889,0.595783,0.607484,405.7967,388.3042,396.447902,565.921633,577.554085,571.823615
46,20000,6,0.620889,,0.620889,0.595783,0.609609,405.7967,388.3042,398.099214,565.921633,575.493373,571.272351
47,20000,6,0.624045,,0.624045,0.596012,0.611211,406.5562,388.4499,399.136505,564.170386,575.445623,570.717741
48,20000,6,0.624045,,0.624045,0.596012,0.613038,406.5562,388.4499,400.281765,564.170386,575.412425,570.060325
49,20000,6,0.624045,,0.624045,0.596012,0.614507,406.5562,388.4499,401.240727,564.170386,575.412425,569.557439
50,20000,6,0.630407,,0.630407,0.601975,0.616375,410.5034,391.0491,402.346679,563.361875,572.610796,568.84148
51,20000,6,0.630407,,0.630407,0.610197,0.618139,410.5034,398.382,403.472303,563.361875,572.610796,568.219686
52,20000,6,0.630407,,0.630407,0.61061,0.619492,410.5034,398.382,404.384602,563.361875,571.558609,567.775343
53,20000,6,0.631057,,0.631057,0.612174,0.620656,411.3095,399.7121,405.039587,563.361875,571.558609,567.306315
54,20000,6,0.631057,,0.631057,0.612174,0.621971,411.742,400.5811,405.790039,563.361875,571.558609,566.784077
55,20000,6,0.631057,,0.631057,0.612174,0.623244,411.742,400.5811,406.621249,563.361875,571.558609,566.348035
56,20000,6,0.632808,,0.632808,0.614772,0.624548,414.5395,402.7581,407.495494,562.835613,570.552515,565.91618
57,20000,6,0.634289,,0.634289,0.616695,0.625778,414.645,402.4862,408.191132,562.441068,570.030095,565.423606
58,20000,6,0.634289,,0.634289,0.616805,0.626974,414.645,403.9999,408.819669,562.441068,570.030095,564.911621
59,20000,6,0.640873,,0.640873,0.619404,0.628299,418.8177,403.9999,409.616856,560.124936,569.024002,564.412303
60,20000,6,0.640873,,0.640873,0.619404,0.629892,418.8177,404.304,410.649139,560.124936,569.024002,563.861235
61,20000,6,0.640873,,0.640873,0.622566,0.631424,418.8177,404.9432,411.726775,560.124936,567.432766,563.388595
62,20000,6,0.642003,,0.642003,0.622566,0.633,418.8177,406.089,412.762946,559.368609,567.432766,562.853417
63,20000,6,0.642003,,0.642003,0.62274,0.634265,419.4227,406.089,413.545363,559.368609,567.351433,562.391155
64,20000,6,0.642003,,0.642003,0.625347,0.635406,419.4227,408.089,414.323407,559.368609,565.691293,562.02306
65,20000,6,0.649614,,0.649614,0.625347,0.636682,424.2388,408.0892,415.149164,557.584473,565.691293,561.580699
66,20000,6,0.649614,,0.649614,0.628894,0.637975,424.2388,408.148,416.016739,557.31091,564.19425,561.153818
67,20000,6,0.649614,,0.649614,0.631514,0.63956,424.2388,411.7933,417.057836,557.14887,564.19425,560.615192
68,20000,6,0.650164,,0.650164,0.632302,0.641326,424.5295,412.1322,418.084666,556.981995,563.656215,559.92572
69,20000,6,0.65158,,0.65158,0.632332,0.64267,425.8108,412.1956,418.929055,556.454924,563.566376,559.443073
70,20000,6,0.65158,,0.65158,0.633944,0.644126,425.8108,413.0631,419.773871,556.454924,562.983842,558.873258
71,20000,6,0.651598,,0.651598,0.635229,0.645216,425.8108,413.534,420.463658,555.777886,562.407739,558.485387
72,20000,6,0.65162,,0.65162,0.636059,0.646198,425.8108,414.4856,421.180236,555.377844,562.248425,558.19991
73,20000,6,0.658853,,0.658853,0.636132,0.647239,428.172,415.5058,421.920852,551.867146,562.248425,557.884054
74,20000,6,0.658853,,0.658853,0.636132,0.648216,428.4461,414.8803,422.549566,551.867146,562.248425,557.543647
75,20000,6,0.658853,,0.658853,0.63826,0.649593,428.4461,415.6567,423.471259,551.867146,561.658036,557.086808
76,20000,6,0.660102,,0.660102,0.641743,0.650854,429.6441,418.8251,424.33485,551.596002,560.137921,556.68179
77,20000,6,0.660102,,0.660102,0.641743,0.651674,429.6441,418.8251,424.963762,551.596002,560.137921,556.46414
78,20000,6,0.66102,,0.66102,0.641743,0.65256,430.0181,418.8251,425.469952,551.315132,560.137921,556.111862
79,20000,6,0.66102,,0.66102,0.644522,0.653452,430.8458,419.6077,426.060011,551.315132,559.821114,555.811887
80,20000,6,0.66102,,0.66102,0.644993,0.654528,430.9712,419.9062,426.606127,551.315132,558.406914,555.338293
81,20000,6,0.661411,,0.661411,0.645561,0.655324,431.1024,419.9062,427.025518,551.258106,557.842822,554.998601
82,20000,6,0.66167,,0.66167,0.645561,0.656318,431.481,419.9062,427.502427,551.18614,558.09512,554.54285
83,20000,6,0.664688,,0.664688,0.650997,0.657618,432.033,423.3188,428.316055,549.797276,557.240821,554.074243
84,20000,6,0.666167,,0.666167,0.652358,0.658452,433.9162,424.7473,428.73035,549.169575,556.280373,553.701081
85,20000,6,0.666876,,0.666876,0.635132,0.65888,433.9162,403.0127,427.727037,536.127206,555.767586,552.694686
86,20000,6,0.672887,,0.672887,0.642019,0.660248,433.9162,405.552,428.870335,536.127206,555.537199,552.393754
87,20000,6,0.672887,,0.672887,0.654854,0.661391,433.9162,412.3105,429.592145,536.127206,555.234274,551.98572
88,20000,6,0.672887,,0.672887,0.654956,0.662132,434.2948,412.3105,429.977662,536.127206,555.234274,551.666618
89,20000,6,0.672887,,0.672887,0.654956,0.662977,435.617,412.3105,430.469479,536.127206,555.234274,551.337192
90,20000,6,0.672887,,0.672887,0.654956,0.663957,435.9447,412.3105,430.923127,536.127206,555.234274,550.876678
91,20000,6,0.676619,,0.676619,0.659468,0.66514,436.0971,412.3105,431.076154,536.127206,553.697989,550.056482
92,20000,6,0.676619,,0.676619,0.659468,0.666137,436.4529,412.3105,431.269494,536.127206,553.697989,549.408
93,20000,6,0.679713,,0.679713,0.659468,0.667332,439.5481,412.3105,431.771741,536.127206,553.697989,548.81234
94,20000,6,0.680742,,0.680742,0.660286,0.668552,439.6408,412.3105,432.027861,536.127206,553.203148,548.03254
95,20000,6,0.680742,,0.680742,0.660803,0.670034,439.6408,412.3105,432.558746,536.127206,553.203148,547.232124
96,20000,6,0.680752,,0.680752,0.660979,0.671267,440.1506,417.1044,433.098611,537.022699,552.811147,546.632576
97,20000,6,0.684385,,0.684385,0.660979,0.672741,440.1506,417.1044,433.531448,537.022699,552.456761,545.772512
98,20000,6,0.684385,,0.684385,0.663197,0.674404,440.1506,417.1044,434.062046,537.022699,551.486913,544.831439
99,20000,6,0.686023,,0.686023,0.666482,0.676119,440.1506,417.1044,434.848553,535.581202,550.575185,544.020298
100,20000,6,0.686023,,0.686023,0.669903,0.677504,440.1506,421.5867,435.558157,535.581202,549.348026,543.415967
101,20000,6,0.686023,,0.686023,0.669903,0.678555,440.1506,427.9087,436.533086,535.581202,549.348026,543.249509
102,20000,6,0.686023,,0.686023,0.669903,0.679863,441.6912,427.9087,437.337032,535.581202,549.348026,542.767667
103,20000,6,0.686023,,0.686023,0.672996,0.680954,441.6912,427.9087,437.740022,535.581202,546.338071,542.187176
104,20000,6,0.687876,,0.687876,0.672996,0.681553,441.6912,428.3962,438.034473,534.756535,546.338071,541.91705
105,20000,6,0.687876,,0.687876,0.676967,0.682147,442.458,428.3962,438.252217,534.756535,545.098757,541.599737
106,20000,6,0.692666,,0.692666,0.678399,0.683021,442.458,432.802,438.585525,534.58404,544.800566,541.140972
107,20000,6,0.692666,,0.692666,0.678399,0.683744,443.1963,433.054,438.577999,534.58404,544.551667,540.572066
108,20000,6,0.694807,,0.694807,0.680131,0.684515,443.1963,433.054,438.580364,533.862328,544.393734,539.972385
109,20000,6,0.694807,,0.694807,0.68018,0.685264,443.1963,433.3538,438.70613,533.862328,544.001831,539.472497
110,20000,6,0.694807,,0.694807,0.681476,0.686241,443.1963,433.3538,438.92131,533.064988,543.582419,538.854286
111,20000,6,0.695742,,0.695742,0.681476,0.686981,443.3108,433.3538,438.913746,533.064988,543.582419,538.272553
112,20000,6,0.695742,,0.695742,0.681687,0.687485,443.3108,433.6904,439.010548,533.064988,543.441751,537.943789
113,20000,6,0.695742,,0.695742,0.68205,0.688081,444.0477,433.6904,438.751482,533.064988,543.40643,537.305324
114,20000,6,0.695742,,0.695742,0.68205,0.688656,444.3554,433.6904,439.002493,533.064988,543.40643,537.0253
115,20000,6,0.695742,,0.695742,0.684287,0.689372,444.3554,433.6904,439.057229,532.913446,542.415488,536.503395
116,20000,6,0.695742,,0.695742,0.684287,0.690091,444.3554,433.6904,439.067112,532.913446,542.415488,535.949477
117,20000,6,0.696461,,0.696461,0.684287,0.690925,444.3554,434.4144,439.359056,531.320626,542.415488,535.494198
118,20000,6,0.696531,,0.696531,0.684287,0.691446,444.3554,434.6074,439.412095,531.320626,542.415488,535.123637
119,20000,6,0.696531,,0.696531,0.684287,0.691923,444.3554,434.6074,439.625383,531.320626,542.415488,534.89424
120,20000,6,0.696531,,0.696531,0.685628,0.692486,444.3554,435.2099,439.959372,531.320626,541.64057,534.679348
121,20000,6,0.696986,,0.696986,0.686094,0.693147,444.3554,435.2099,440.007078,531.320626,537.921427,534.195097
122,20000,6,0.696986,,0.696986,0.686094,0.693809,444.3554,435.2099,440.232462,531.320626,537.921427,533.830409
123,20000,6,0.698147,,0.698147,0.686638,0.694145,444.3554,435.6305,440.256667,531.320626,537.157873,533.584328
124,20000,6,0.698147,,0.698147,0.686873,0.69469,442.9329,436.1559,440.499796,531.320626,536.974181,533.321827
125,20000,6,0.698707,,0.698707,0.688946,0.695069,442.9329,436.4851,440.702476,530.810361,536.399284,533.161898
126,20000,6,0.698707,,0.698707,0.688946,0.695335,442.9329,436.4851,440.836198,530.810361,536.399284,533.044103
127,20000,6,0.698707,,0.698707,0.688981,0.695707,442.9329,436.4851,440.938298,530.810361,536.371964,532.822752
128,20000,6,0.699006,,0.699006,0.688981,0.695979,444.0091,436.4851,441.073729,530.810361,536.371964,532.701576
129,20000,6,0.699198,,0.699198,0.688981,0.696434,444.0895,436.4851,441.396236,530.810361,536.371964,532.562543
130,20000,6,0.699198,,0.699198,0.689731,0.696678,444.0895,438.5899,441.5712,530.810361,535.989145,532.489512
131,20000,6,0.700237,,0.700237,0.691126,0.697187,444.692,438.5899,441.926668,530.810361,535.395357,532.330546
132,20000,6,0.700237,,0.700237,0.692151,0.697604,444.692,438.5899,442.144541,530.810361,534.766523,532.151527
133,20000,6,0.700543,,0.700543,0.692151,0.697938,444.692,438.5899,442.326251,530.810361,534.766523,532.012495
134,20000,6,0.700543,,0.700543,0.69404,0.698318,444.692,438.5899,442.623129,530.810361,533.083293,531.915417
135,20000,6,0.700543,,0.700543,0.696447,0.698665,444.692,439.5739,442.835771,530.925507,533.083293,531.787048
136,20000,6,0.701409,,0.701409,0.696447,0.699029,445.2743,439.5739,443.111691,530.925507,533.083293,531.688091
137,20000,6,0.701409,,0.701409,0.696928,0.699335,445.2743,439.5739,443.360247,530.925507,532.793372,531.615972
138,20000,6,0.701409,,0.701409,0.697485,0.699653,445.2743,441.2624,443.596978,530.925507,532.676747,531.526416
139,20000,6,0.701409,,0.701409,0.698267,0.699828,445.2743,441.2624,443.71304,530.925507,532.307354,531.46776
140,20000,6,0.703885,,0.703885,0.698267,0.700129,447.324,441.2624,443.966228,530.257507,532.307354,531.402328
141,20000,6,0.703885,,0.703885,0.698782,0.70033,447.324,442.7249,444.128672,530.257507,532.053252,531.354386
142,20000,6,0.703885,,0.703885,0.698782,0.700601,447.324,442.7249,444.314985,530.257507,532.072203,531.267832
143,20000,6,0.703885,,0.703885,0.698782,0.70079,447.324,442.7249,444.445213,530.257507,532.484035,531.207722
144,20000,6,0.703885,,0.703885,0.698782,0.701038,447.324,442.7249,444.632445,530.257507,532.484035,531.139769
145,20000,6,0.703885,,0.703885,0.698782,0.701289,447.324,442.7249,444.824641,530.257507,532.484035,531.072953
146,20000,6,0.703885,,0.703885,0.699301,0.70157,447.324,443.1493,445.067173,529.903632,532.484035,531.016254
147,20000,6,0.703885,,0.703885,0.699462,0.701882,447.324,443.1493,445.32667,529.903632,532.484035,530.946812
148,20000,6,0.703885,,0.703885,0.700045,0.702112,447.324,443.6906,445.51858,529.903632,532.484035,530.895894
149,20000,6,0.704615,,0.704615,0.700722,0.702466,447.324,444.4538,445.67259,529.688872,532.484035,530.723027
150,20000,6,0.704615,,0.704615,0.700722,0.702722,447.324,444.4538,445.853479,529.554587,532.484035,530.64427
151,20000,6,0.704615,,0.704615,0.700877,0.703006,447.324,444.4538,446.052617,529.448712,531.799137,530.556469
152,20000,6,0.705408,,0.705408,0.700877,0.703241,447.6206,444.5117,446.240732,529.339827,531.799137,530.499689
153,20000,6,0.705733,,0.705733,0.702066,0.7035,448.434,444.6057,446.43473,529.048329,531.340742,530.42742
154,20000,6,0.705733,,0.705733,0.702066,0.703711,448.434,444.9686,446.61986,529.048329,531.340742,530.386898
155,20000,6,0.705733,,0.705733,0.702457,0.703886,448.434,444.9686,446.767959,529.048329,531.340742,530.34948
156,20000,6,0.707539,,0.707539,0.702457,0.704254,449.0145,444.9686,447.028463,528.474242,531.340742,530.23693
157,20000,6,0.707595,,0.707595,0.702574,0.704591,449.3403,444.9686,447.208803,528.474242,531.118579,530.095241
158,20000,6,0.707684,,0.707684,0.702915,0.704869,449.3403,444.9686,447.423355,528.474242,530.992775,530.021933
159,20000,6,0.707684,,0.707684,0.702915,0.705261,449.3403,444.9686,447.707101,528.474242,530.992775,529.906301
160,20000,6,0.707684,,0.707684,0.703378,0.705616,449.3403,446.096,448.025713,528.474242,530.992775,529.843179
161,20000,6,0.708038,,0.708038,0.703885,0.705873,449.8046,446.096,448.220657,528.474242,530.829126,529.773298
162,20000,6,0.708542,,0.708542,0.703885,0.70621,450.2301,446.5325,448.450484,528.474242,530.723239,529.664374
163,20000,6,0.708542,,0.708542,0.704121,0.706513,450.2301,446.5325,448.67259,528.474242,530.53857,529.577036
164,20000,6,0.708942,,0.708942,0.704427,0.706808,450.2301,446.5325,448.877923,528.474242,530.53438,529.484481
165,20000,6,0.708942,,0.708942,0.704427,0.707114,450.2301,447.0703,449.078376,528.474242,530.53438,529.379551
166,20000,6,0.708942,,0.708942,0.704677,0.707429,450.4717,447.7258,449.271981,528.474242,530.374194,529.263693
167,20000,6,0.708942,,0.708942,0.705733,0.70762,450.4717,448.0188,449.373385,528.474242,530.359325,529.183008
168,20000,6,0.709611,,0.709611,0.705816,0.707829,450.5131,448.0188,449.520633,528.269919,530.349711,529.11825
169,20000,6,0.709611,,0.709611,0.705816,0.708116,450.5131,448.0188,449.64421,527.992758,530.349711,528.977574
170,20000,6,0.736728,,0.736728,0.705816,0.709209,475.9211,440.5798,450.326204,521.119374,530.349711,528.58211
171,20000,6,0.736728,,0.736728,0.706804,0.710045,475.9211,440.5798,450.760956,521.119374,532.21003,528.221106
172,20000,6,0.736728,,0.736728,0.706917,0.710925,475.9211,448.221,451.455404,521.119374,529.704547,528.000537
173,20000,6,0.736728,,0.736728,0.707427,0.711487,475.9211,448.663,451.799498,521.119374,531.154159,527.792457
174,20000,6,0.736728,,0.736728,0.707427,0.713033,475.9211,448.7616,453.234137,521.119374,531.154159,527.547638
175,20000,6,0.736728,,0.736728,0.707427,0.714534,475.9211,448.9148,454.83529,521.119374,530.629407,527.449921
176,20000,6,0.736728,,0.736728,0.707654,0.715773,475.9211,448.9148,455.832055,521.119374,530.444738,527.151345
177,20000,6,0.736728,,0.736728,0.707902,0.716877,475.9211,447.3728,456.729683,521.119374,530.444738,526.89202
178,20000,6,0.736728,,0.736728,0.708931,0.717977,475.9211,447.3728,457.75512,521.119374,530.444738,526.721124
179,20000,6,0.737625,,0.737625,0.708931,0.719019,476.7583,447.3728,458.650315,521.119374,530.444738,526.508185
180,20000,6,0.737625,,0.737625,0.709226,0.720277,476.7583,448.0059,459.494496,521.119374,530.444738,526.09267
181,20000,6,0.738698,,0.738698,0.709835,0.721516,477.234,448.0059,460.258437,521.119374,530.444738,525.638297
182,20000,6,0.738698,,0.738698,0.709848,0.722857,477.234,449.8388,461.551367,521.119374,530.363436,525.458346
183,20000,6,0.738698,,0.738698,0.709848,0.723779,477.234,449.8388,462.536091,521.119374,529.741442,525.399547
184,20000,6,0.738698,,0.738698,0.712602,0.724553,477.234,449.8388,463.557673,520.272182,534.518702,525.479992
185,20000,6,0.738698,,0.738698,0.712602,0.725495,477.234,449.8388,464.692779,519.955821,530.17344,525.506302
186,20000,6,0.738698,,0.738698,0.712602,0.726321,477.234,449.8388,465.528443,519.955821,529.630038,525.421679
187,20000,6,0.738698,,0.738698,0.718547,0.727207,477.234,450.4239,466.454568,519.955821,529.630038,525.350896
188,20000,6,0.738698,,0.738698,0.718547,0.728148,477.234,450.4239,467.453356,519.955821,529.811556,525.286299
189,20000,6,0.738997,,0.738997,0.718547,0.729168,477.234,450.4239,468.060893,519.955821,529.327714,524.89804
190,20000,6,0.738997,,0.738997,0.718547,0.730197,477.234,450.4239,469.211287,519.955821,529.260007,524.866389
191,20000,6,0.739037,,0.739037,0.71864,0.731093,477.234,450.9348,469.941259,520.272182,528.507541,524.656728
192,20000,6,0.739037,,0.739037,0.719299,0.73159,477.234,450.9348,470.214183,520.272182,528.245467,524.452138
193,20000,6,0.739806,,0.739806,0.722996,0.732309,477.802,457.0286,470.577501,520.307895,528.118636,524.134695
194,20000,6,0.740062,,0.740062,0.724841,0.732897,477.802,461.8383,471.173538,520.307895,528.118636,524.075476
195,20000,6,0.740062,,0.740062,0.724841,0.733387,477.802,461.8383,471.727251,520.307895,527.7616,524.063706
196,20000,6,0.740869,,0.740869,0.724841,0.734057,478.6148,462.0246,472.13253,520.307895,527.499526,523.812994
197,20000,6,0.740869,,0.740869,0.724841,0.734822,478.6148,462.0246,472.814608,520.307895,527.499526,523.673019
198,20000,6,0.740869,,0.740869,0.727272,0.735432,478.6148,462.747,473.289237,520.307895,527.465704,523.515807
199,20000,6,0.740869,,0.740869,0.727272,0.736083,478.6148,462.747,473.950642,520.749946,527.427155,523.451405
200,20000,6,0.740869,,0.740869,0.727272,0.736703,478.6148,462.747,474.632287,520.186765,526.030216,523.424127
201,20000,6,0.742207,,0.742207,0.727272,0.737176,479.1828,462.747,475.03601,520.165641,526.030216,523.325855
202,20000,6,0.742588,,0.742588,0.727272,0.737731,479.8942,462.747,475.423933,519.132923,525.399342,523.152973
203,20000,6,0.742588,,0.742588,0.728403,0.738222,479.8942,463.7033,475.806105,519.132923,526.313743,523.0259
204,20000,6,0.742772,,0.742772,0.728403,0.738792,479.8942,463.7033,476.049335,518.878931,525.282535,522.744139
205,20000,6,0.742772,,0.742772,0.728403,0.739207,479.8942,464.0102,476.327533,518.878931,525.282535,522.60745
206,20000,6,0.743697,,0.743697,0.728403,0.739669,480.4622,464.058,476.734859,518.878931,525.282535,522.519464
207,20000,6,0.743697,,0.743697,0.731213,0.740027,480.4622,464.058,477.09388,518.891785,526.898696,522.480768
208,20000,6,0.743697,,0.743697,0.732604,0.740286,480.4622,466.6511,477.136305,518.891785,525.282535,522.30765
209,20000,6,0.745355,,0.745355,0.73364,0.740793,480.4622,467.5797,477.4275,518.891785,525.282535,522.107478
210,20000,6,0.745355,,0.745355,0.73364,0.741208,481.0566,467.5797,477.691291,518.891785,525.282535,521.960526
211,20000,6,0.745355,,0.745355,0.7342,0.741606,481.0566,467.5797,477.977721,518.891785,524.740608,521.841721
212,20000,6,0.745403,,0.745403,0.7342,0.74192,481.0566,467.5797,478.119683,518.891785,524.740608,521.69186
213,20000,6,0.745403,,0.745403,0.734334,0.742356,481.0566,467.5797,478.336653,518.891785,524.740608,521.49718
214,20000,6,0.745683,,0.745683,0.734334,0.742693,481.0566,467.5797,478.50494,518.891785,524.740608,521.347392
215,20000,6,0.745685,,0.745685,0.736455,0.743144,481.0566,467.5797,478.795715,518.891785,522.684352,521.190406
216,20000,6,0.745731,,0.745731,0.738202,0.743461,481.0566,473.194,479.10726,518.949751,522.684352,521.151601
217,20000,6,0.745731,,0.745731,0.74093,0.743856,481.0566,474.6081,479.360212,518.949751,522.684352,521.013166
218,20000,6,0.746013,,0.746013,0.741494,0.74409,481.0566,475.9559,479.48546,518.949751,522.421176,520.914268
219,20000,6,0.746013,,0.746013,0.742409,0.744319,481.4807,475.9559,479.576291,518.949751,522.421176,520.796577
220,20000,6,0.746013,,0.746013,0.742409,0.744494,481.0566,475.9559,479.67814,518.949751,522.421176,520.728547
221,20000,6,0.746792,,0.746792,0.742463,0.744783,481.529,477.8377,479.842345,518.543369,522.200687,520.61318
222,20000,6,0.747409,,0.747409,0.742661,0.745047,481.9402,477.8548,479.928222,518.543369,522.200687,520.4651
223,20000,6,0.747409,,0.747409,0.742992,0.745264,482.5823,477.8548,479.989236,518.543369,522.200687,520.336727
224,20000,6,0.747409,,0.747409,0.743242,0.745457,482.5823,477.8548,480.005086,518.543369,522.200687,520.196415
225,20000,6,0.748184,,0.748184,0.743791,0.745708,482.5823,478.4402,480.129559,518.512371,522.200687,520.083882
226,20000,6,0.748184,,0.748184,0.743791,0.745963,482.5823,478.4402,480.330861,518.512371,522.200687,520.02001
227,20000,6,0.748868,,0.748868,0.743791,0.746219,483.3798,478.4402,480.43201,518.361131,522.200687,519.888275
228,20000,6,0.748868,,0.748868,0.743791,0.746414,483.3798,478.4402,480.56358,518.361131,522.200687,519.824095
229,20000,6,0.748868,,0.748868,0.744514,0.746669,483.3798,478.4402,480.552536,518.361131,521.733592,519.618207
230,20000,6,0.748868,,0.748868,0.744514,0.746906,483.3798,478.7968,480.616249,518.337469,521.733592,519.476052
231,20000,6,0.748868,,0.748868,0.744514,0.747099,483.3798,478.7968,480.662401,518.361131,521.733592,519.355976
232,20000,6,0.748868,,0.748868,0.744562,0.747308,483.3798,478.9837,480.767475,518.361131,521.69628,519.263438
233,20000,6,0.748939,,0.748939,0.744819,0.747494,483.3798,478.9837,480.87654,518.132099,520.922563,519.191272
234,20000,6,0.749388,,0.749388,0.744819,0.74779,483.3798,478.9837,480.96292,517.568878,520.687513,519.018432
235,20000,6,0.749388,,0.749388,0.745713,0.747983,484.1497,478.9837,481.043435,517.568878,520.670593,518.92203
236,20000,6,0.750557,,0.750557,0.746751,0.748309,484.1497,478.9837,481.158634,517.568878,520.364211,518.744756
237,20000,6,0.750557,,0.750557,0.746751,0.74848,484.4954,478.9837,481.152155,517.568878,520.364211,518.607094
238,20000,6,0.750557,,0.750557,0.747127,0.748667,484.4954,479.5709,481.240027,517.568878,520.190376,518.520395
239,20000,6,0.750557,,0.750557,0.747457,0.748862,484.4954,480.4252,481.47602,517.363508,520.0076,518.526083
240,20000,6,0.750753,,0.750753,0.747457,0.749,484.4954,480.6667,481.588842,517.363508,520.0076,518.493883
241,20000,6,0.750916,,0.750916,0.747457,0.74916,484.4954,480.6667,481.715946,517.363508,520.0076,518.454536
242,20000,6,0.750916,,0.750916,0.748184,0.749284,484.4954,480.6667,481.786531,517.363508,520.0076,518.404896
243,20000,6,0.752479,,0.752479,0.748184,0.749449,484.4954,480.6667,482.086122,517.363508,520.0076,518.476878
244,20000,6,0.752479,,0.752479,0.748472,0.749639,484.4954,480.6591,482.330701,517.363508,520.0076,518.493175
245,20000,6,0.752479,,0.752479,0.748526,0.749779,485.0896,480.7198,482.509476,517.363508,520.683015,518.503826
246,20000,6,0.752479,,0.752479,0.748526,0.749991,485.0896,480.6591,482.618721,517.363508,520.683015,518.411056
247,20000,6,0.753137,,0.753137,0.748941,0.750179,485.5631,480.6591,482.900188,517.26208,520.683015,518.453432
248,20000,6,0.753168,,0.753168,0.749039,0.750342,486.2336,480.6591,483.091013,517.26208,520.683015,518.453939
249,20000,6,0.753333,,0.753333,0.749201,0.750531,486.2336,480.6591,483.454967,517.223521,520.683015,518.550572
250,20000,6,0.753333,,0.753333,0.749557,0.750744,486.2336,480.9517,483.756072,517.223521,520.156317,518.586269
251,20000,6,0.753333,,0.753333,0.749557,0.75093,486.2336,480.9517,483.994318,517.154192,520.156317,518.600442
252,20000,6,0.753333,,0.753333,0.749605,0.751088,486.2336,481.7377,484.295755,516.953817,520.156317,518.679686
253,20000,6,0.753333,,0.753333,0.749746,0.751286,487.7763,481.6527,484.648277,516.953817,520.156317,518.760976
254,20000,6,0.753936,,0.753936,0.750241,0.751488,487.7763,481.7377,484.800187,516.696539,520.156317,518.705741
255,20000,6,0.762201,,0.762201,0.750241,0.752151,492.6946,482.7204,485.145489,515.451896,519.899221,518.419633
256,20000,6,0.762201,,0.762201,0.750376,0.752867,492.6946,482.7204,485.571343,515.451896,520.888506,518.146227
257,20000,6,0.762201,,0.762201,0.75052,0.753413,492.6946,482.7506,485.888909,515.451896,519.783663,517.933895
258,20000,6,0.762201,,0.762201,0.75052,0.754154,492.6946,482.8661,486.384595,515.451896,519.783663,517.687771
259,20000,6,0.762201,,0.762201,0.75052,0.754624,493.0877,482.8661,486.686567,515.451896,519.783663,517.523686
260,20000,6,0.762201,,0.762201,0.75052,0.755321,493.5357,482.8661,487.16539,515.451896,519.568307,517.300402
261,20000,6,0.763029,,0.763029,0.751737,0.756131,495.4541,483.2295,487.956951,515.363414,519.606612,517.199482
262,20000,6,0.763029,,0.763029,0.751737,0.756796,495.4541,483.2295,488.501587,515.350636,519.606612,517.045885
263,20000,6,0.763029,,0.763029,0.752281,0.757611,495.2058,483.2295,489.250972,515.350636,518.804599,516.911855
264,20000,6,0.763029,,0.763029,0.752281,0.75838,495.2058,483.2295,489.849548,515.350636,518.703119,516.712917
265,20000,6,0.763029,,0.763029,0.753936,0.758935,495.2058,484.6514,490.298852,515.350636,518.703119,516.581604
266,20000,6,0.763029,,0.763029,0.753936,0.75945,495.2058,484.6514,490.717196,514.470355,518.703119,516.46006
267,20000,6,0.764128,,0.764128,0.753936,0.76001,495.2058,484.6514,491.216152,514.43739,518.208527,516.357379
268,20000,6,0.764128,,0.764128,0.753936,0.760663,496.1019,484.6514,491.792925,513.992266,518.208527,516.235061
269,20000,6,0.764128,,0.764128,0.754992,0.761092,496.1019,485.7191,492.191542,513.992266,518.208527,516.167136
270,20000,6,0.764128,,0.764128,0.754992,0.761446,496.1019,485.7191,492.383589,513.992266,518.671129,516.019809
271,20000,6,0.7646,,0.7646,0.757496,0.761899,496.1019,489.1759,492.816461,513.992266,518.671129,515.956549
272,20000,6,0.765356,,0.765356,0.759461,0.762294,496.1019,490.0509,493.049681,513.992266,517.543915,515.804994
273,20000,6,0.765356,,0.765356,0.759461,0.762588,496.1019,490.0509,493.41311,513.797572,517.543915,515.819191
274,20000,6,0.765356,,0.765356,0.759461,0.763016,496.1019,490.0509,493.684386,513.797572,517.543915,515.666768
275,20000,6,0.76638,,0.76638,0.759933,0.763545,497.2547,490.0509,494.065997,513.324533,517.543915,515.510217
276,20000,6,0.766914,,0.766914,0.760698,0.764065,497.2547,490.7187,494.462574,513.324533,517.543915,515.369975
277,20000,6,0.766914,,0.766914,0.760698,0.764421,498.2668,490.7187,494.746521,513.324533,517.543915,515.282963
278,20000,6,0.767557,,0.767557,0.761751,0.764759,498.2668,491.2424,494.926432,513.237053,517.305699,515.139951
279,20000,6,0.767557,,0.767557,0.761751,0.765077,498.2668,492.5098,495.146913,513.237053,517.305699,515.039063
280,20000,6,0.769546,,0.769546,0.761751,0.765487,499.1956,492.8604,495.361041,513.02924,517.305699,514.863304
281,20000,6,0.769546,,0.769546,0.76283,0.76578,499.4236,492.8604,495.470454,513.02924,517.305699,514.708117
282,20000,6,0.769546,,0.769546,0.763528,0.766131,499.605,492.8604,495.666877,512.896287,517.147448,514.566002
283,20000,6,0.769546,,0.769546,0.764461,0.766504,499.605,492.8604,495.916545,512.896287,516.90899,514.442271
284,20000,6,0.771079,,0.771079,0.7646,0.766819,499.966,492.8604,496.095619,512.896287,516.90899,514.316677
285,20000,6,0.771187,,0.771187,0.7646,0.767103,500.5307,492.9077,496.394283,512.724988,516.90899,514.295013
286,20000,6,0.771187,,0.771187,0.76527,0.767461,500.5307,492.9077,496.795354,512.345869,516.887532,514.284645
287,20000,6,0.771187,,0.771187,0.76527,0.767749,500.5307,492.9077,497.045681,512.345869,516.800622,514.227499
288,20000,6,0.772085,,0.772085,0.765499,0.768107,501.3679,493.6876,497.382859,512.345869,516.800622,514.17401
289,20000,6,0.772085,,0.772085,0.765613,0.768471,501.3679,493.6876,497.701856,512.345869,516.541795,514.104273
290,20000,6,0.772085,,0.772085,0.766855,0.768854,501.3679,494.9266,498.097987,512.345869,514.940537,514.070589
291,20000,6,0.772246,,0.772246,0.766855,0.769243,501.4152,494.9266,498.455179,512.887254,514.940537,514.006583
292,20000,6,0.772246,,0.772246,0.767111,0.769598,501.4152,494.9266,498.755566,512.887254,514.892305,513.931451
293,20000,6,0.773709,,0.773709,0.76725,0.769951,502.8285,495.3437,499.076848,512.500582,514.892305,513.871179
294,20000,6,0.773709,,0.773709,0.76725,0.770281,502.8285,496.0911,499.390503,512.500582,514.892305,513.824244
295,20000,6,0.773709,,0.773709,0.76725,0.770643,502.8285,496.5499,499.707293,512.500582,514.874972,513.753518
296,20000,6,0.773709,,0.773709,0.76725,0.771005,502.8285,496.5499,500.028989,512.641624,514.783926,513.687418
297,20000,6,0.773709,,0.773709,0.76725,0.771303,502.8285,496.5499,500.226933,512.641624,514.783926,513.587292
298,20000,6,0.773709,,0.773709,0.767566,0.771645,502.8285,496.6246,500.48839,512.641624,514.373171,513.49548
299,20000,6,0.774606,,0.774606,0.767566,0.77207,503.6657,496.6246,500.839658,512.215649,514.152884,513.399519
300,20000,6,0.775924,,0.775924,0.767566,0.772402,504.4436,496.6246,501.09674,512.100238,514.08801,513.313059
301,20000,6,0.775924,,0.775924,0.769508,0.772654,504.4436,498.7759,501.335777,512.100238,514.014916,513.276146
302,20000,6,0.775924,,0.775924,0.769508,0.772808,504.4436,498.7759,501.491653,512.100238,514.014916,513.260551
303,20000,6,0.775924,,0.775924,0.769711,0.773115,504.4436,498.9581,501.783179,512.100238,513.978623,513.2164
304,20000,6,0.775924,,0.775924,0.770209,0.773497,504.4436,499.0806,502.148339,512.100238,513.842159,513.163732
305,20000,6,0.775924,,0.775924,0.771477,0.773764,504.4436,499.6084,502.396601,511.999482,513.842159,513.1215
306,20000,6,0.775924,,0.775924,0.771477,0.774121,504.4436,500.0804,502.726697,511.999482,513.842159,513.064441
307,20000,6,0.775946,,0.775946,0.772168,0.774504,504.4436,500.0804,502.975314,511.999482,513.842159,512.932242
308,20000,6,0.775946,,0.775946,0.772458,0.774733,504.4436,500.0804,503.159421,511.683358,513.725757,512.876839
309,20000,6,0.777379,,0.777379,0.772506,0.775079,504.788,500.0804,503.351601,511.683358,513.725757,512.735856
310,20000,6,0.777379,,0.777379,0.772664,0.775379,504.788,500.7072,503.560662,511.683358,513.725757,512.641978
311,20000,6,0.777401,,0.777401,0.773403,0.775683,504.8784,501.9215,503.805758,511.683358,513.235316,512.569045
312,20000,6,0.777785,,0.777785,0.773999,0.775846,505.383,501.9215,503.909712,511.683358,513.227872,512.511447
313,20000,6,0.777785,,0.777785,0.774286,0.775995,505.383,501.9215,504.000904,511.683358,512.857146,512.456775
314,20000,6,0.777785,,0.777785,0.774451,0.776211,505.383,501.9215,504.144141,511.683358,512.808123,512.384039
315,20000,6,0.777785,,0.777785,0.775164,0.776389,505.383,501.9215,504.207909,511.451519,512.808123,512.28803
316,20000,6,0.77801,,0.77801,0.775343,0.776589,505.383,502.6638,504.293767,511.451519,512.808123,512.189017
317,20000,6,0.77865,,0.77865,0.775618,0.776744,505.7252,502.6638,504.360562,510.976423,512.808123,512.11312
318,20000,6,0.77865,,0.77865,0.775626,0.776895,505.7252,502.6638,504.421335,510.976423,512.808123,512.036391
319,20000,6,0.77865,,0.77865,0.775924,0.777076,505.8201,502.6638,504.458866,510.976423,512.808123,511.920361
320,20000,6,0.77865,,0.77865,0.775924,0.777176,505.8201,502.6638,504.510263,510.829858,512.808123,511.876442
321,20000,6,0.77865,,0.77865,0.775946,0.777336,505.8201,502.6638,504.592373,510.829858,512.728078,511.806915
322,20000,6,0.779105,,0.779105,0.775946,0.77752,505.8709,503.2457,504.661327,510.829858,512.728078,511.709722
323,20000,6,0.779105,,0.779105,0.776468,0.777675,505.8709,503.2457,504.755766,510.544505,512.146436,511.651666
324,20000,6,0.779105,,0.779105,0.776468,0.777828,505.8709,503.2457,504.818229,510.544505,512.146436,511.574754
325,20000,6,0.779105,,0.779105,0.776468,0.777984,505.8709,503.2457,504.920322,510.544505,512.146436,511.521289
326,20000,6,0.779105,,0.779105,0.776563,0.778111,505.8709,503.2457,504.962261,510.544505,512.146436,511.449812
327,20000,6,0.779105,,0.779105,0.777057,0.778199,505.8709,503.2457,505.015879,510.544505,511.845718,511.417641
328,20000,6,0.779363,,0.779363,0.777057,0.778333,506.5135,503.2457,505.106386,510.39794,511.845718,511.373582
329,20000,6,0.780202,,0.780202,0.777057,0.77841,506.5135,503.2457,505.170991,510.39794,511.807952,511.356706
330,20000,6,0.780202,,0.780202,0.777057,0.778502,506.5135,503.2457,505.245933,510.39794,511.807952,511.335633
331,20000,6,0.780202,,0.780202,0.777057,0.778642,506.5135,503.2457,505.309523,510.39794,511.732702,511.268963
332,20000,6,0.780202,,0.780202,0.777057,0.778744,506.5135,503.2457,505.352019,509.687187,511.732702,511.217751
333,20000,6,0.780202,,0.780202,0.777432,0.778848,506.5135,503.2457,505.468004,509.687187,511.714457,511.2145
334,20000,6,0.780202,,0.780202,0.777432,0.778952,506.5135,503.2457,505.502762,509.687187,511.714457,511.15677
335,20000,6,0.780935,,0.780935,0.777432,0.779126,506.9078,503.2457,505.635414,509.687187,511.620771,511.109242
336,20000,6,0.780935,,0.780935,0.778113,0.779229,506.9078,503.7213,505.716372,509.687187,511.540725,511.083651
337,20000,6,0.780935,,0.780935,0.778113,0.779354,506.9078,503.7213,505.792647,509.687187,511.540725,511.037357
338,20000,6,0.780935,,0.780935,0.778247,0.779513,506.9078,503.7213,505.898112,509.687187,511.540725,510.983831
339,20000,6,0.780935,,0.780935,0.778247,0.779683,506.9078,503.7213,505.978554,509.687187,511.540725,510.90491
340,20000,6,0.782029,,0.78184,0.773499,0.779767,507.046,499.4632,505.903728,509.099387,511.540725,510.789056
341,20000,6,0.782029,,0.78184,0.77743,0.779923,507.046,502.7909,506.06399,509.612521,511.540725,510.775263
342,20000,6,0.782029,,0.78184,0.77865,0.780073,507.046,503.7213,506.155772,509.612521,511.540725,510.719396
343,20000,6,0.783691,,0.783691,0.77865,0.780347,508.633,503.7213,506.302427,509.557268,511.540725,510.604168
344,20000,6,0.783691,,0.783691,0.77865,0.780504,508.633,503.7213,506.38609,509.557268,511.540725,510.537635
345,20000,6,0.783691,,0.783691,0.779278,0.78067,508.633,505.445,506.489444,509.254515,511.513408,510.477462
346,20000,6,0.783691,,0.783691,0.779363,0.780878,508.633,505.445,506.592121,509.254515,511.513408,510.384297
347,20000,6,0.783733,,0.783733,0.779532,0.781067,508.633,505.445,506.672258,509.254515,511.073494,510.290112
348,20000,6,0.783733,,0.783733,0.779899,0.781267,508.633,505.9023,506.755269,509.216748,511.341843,510.19022
349,20000,6,0.783733,,0.783733,0.780202,0.781535,508.633,506.2144,506.855182,509.216748,510.658366,510.047916
350,20000,6,0.784164,,0.784164,0.780202,0.781717,508.8223,506.2144,506.909732,509.216748,510.658366,509.942729
351,20000,6,0.784966,,0.784966,0.780202,0.782029,510.0257,506.2144,507.067828,509.216748,510.658366,509.805194
352,20000,6,0.784966,,0.784966,0.780202,0.782253,510.0257,506.2144,507.206285,509.194259,510.658366,509.723036
353,20000,6,0.784966,,0.784966,0.780202,0.782521,510.0257,506.2144,507.348692,509.178818,510.658366,509.609736
354,20000,6,0.785007,,0.785007,0.780363,0.782689,510.0257,506.3459,507.44689,509.178818,510.6206,509.544254
355,20000,6,0.785007,,0.785007,0.780363,0.782918,510.0257,506.3459,507.583957,508.866075,510.6206,509.457293
356,20000,6,0.785007,,0.785007,0.780656,0.783085,510.0257,506.3601,507.701608,508.628686,510.551003,509.40584
357,20000,6,0.785007,,0.785007,0.780656,0.783224,510.0257,506.3601,507.815784,508.866075,510.551003,509.373823
358,20000,6,0.785007,,0.785007,0.78185,0.78336,510.0257,506.3839,507.921926,508.866075,509.742683,509.339216
359,20000,6,0.785316,,0.785316,0.78185,0.783472,510.0257,506.3839,508.032363,508.866075,509.577415,509.325714
360,20000,6,0.785316,,0.785316,0.78185,0.7836,510.0257,506.3839,508.192018,509.074672,509.577415,509.333149
361,20000,6,0.785316,,0.785316,0.78185,0.783712,510.0257,506.3839,508.3054,509.074672,509.577415,509.321312
362,20000,6,0.785316,,0.785316,0.781876,0.783789,510.0257,506.3839,508.388591,508.953408,509.742683,509.317687
363,20000,6,0.785316,,0.785316,0.781876,0.783871,510.0257,506.3839,508.49151,508.953408,509.742683,509.322719
364,20000,6,0.785316,,0.785316,0.781876,0.783988,509.9771,506.3839,508.623201,508.953408,509.742683,509.319076
365,20000,6,0.785316,,0.785316,0.781876,0.784116,509.9771,506.3839,508.735209,508.953408,509.465957,509.294171
366,20000,6,0.785316,,0.785316,0.781876,0.784239,509.9771,506.3839,508.877845,508.975898,509.465957,509.294089
367,20000,6,0.785316,,0.785316,0.783365,0.784352,509.9771,507.6134,508.993318,508.975898,509.454138,509.283373
368,20000,6,0.786085,,0.786085,0.783365,0.784478,510.0505,507.6134,509.129614,508.640133,509.4357,509.276384
369,20000,6,0.786085,,0.786085,0.783365,0.784599,510.0505,507.7449,509.23919,508.161893,509.4357,509.255184
370,20000,6,0.786085,,0.786085,0.783365,0.784755,510.0505,507.7449,509.35896,508.161893,509.4357,509.213951
371,20000,6,0.786124,,0.786124,0.783365,0.784922,510.0505,507.7449,509.479297,508.161893,509.4357,509.164569
372,20000,6,0.786124,,0.786124,0.783365,0.785023,510.0505,507.7449,509.545447,508.161893,509.4357,509.12995
373,20000,6,0.786394,,0.786394,0.783365,0.785197,510.0505,507.7449,509.652459,508.161893,509.454138,509.066253
374,20000,6,0.786394,,0.786394,0.783365,0.785314,510.0505,507.7449,509.707267,508.161893,509.4357,509.01137
375,20000,6,0.786501,,0.786501,0.783365,0.785444,510.0505,507.7449,509.7612,508.161893,509.4357,508.946117
376,20000,6,0.786501,,0.786501,0.783602,0.785601,510.0505,507.7449,509.864641,508.161893,509.4357,508.893405
377,20000,6,0.786501,,0.786501,0.784005,0.785717,510.0505,508.8168,509.914833,508.315766,509.4357,508.836101
378,20000,6,0.786501,,0.786501,0.784005,0.785792,510.0505,508.8168,509.915966,508.315766,509.4357,508.778632
379,20000,6,0.786508,,0.786508,0.784242,0.785903,510.0505,508.8168,509.922572,508.140456,509.251031,508.696322
380,20000,6,0.786508,,0.786508,0.784242,0.786002,510.0505,508.8168,509.945108,508.140456,509.251031,508.633854
381,20000,6,0.787116,,0.787116,0.784242,0.786116,510.3086,508.8168,509.973496,508.008802,509.251031,508.564269
382,20000,6,0.787116,,0.787116,0.784242,0.786181,510.3086,508.8168,509.982961,508.008802,509.251031,508.519801
383,20000,6,0.787116,,0.787116,0.784242,0.786252,510.3086,508.8168,509.996854,508.008802,509.251031,508.474099
384,20000,6,0.787116,,0.787116,0.784281,0.786347,510.3086,508.8168,510.007831,508.008802,509.220347,508.407438
385,20000,6,0.787116,,0.787116,0.78466,0.786394,510.5623,508.9657,510.007649,508.008802,509.190798,508.370151
386,20000,6,0.787116,,0.787116,0.785317,0.786475,510.5623,509.7968,510.021845,508.008802,509.190173,508.316611
387,20000,6,0.787117,,0.787117,0.785317,0.786519,510.5623,509.7968,510.008869,508.008178,509.190173,508.273348
388,20000,6,0.787117,,0.787117,0.786394,0.786556,510.5623,509.7968,510.020754,508.008178,508.549122,508.252662
389,20000,6,0.787117,,0.787117,0.786394,0.786596,510.5623,509.7968,510.05653,508.008178,508.549122,508.245553
390,20000,6,0.787117,,0.787117,0.786394,0.786619,510.5623,509.7968,510.069341,508.008178,508.549122,508.23609
391,20000,6,0.787117,,0.787117,0.786394,0.786659,510.5623,509.7968,510.089895,508.008178,508.549122,508.218482
392,20000,6,0.787483,,0.787483,0.786394,0.786697,510.9864,509.7968,510.131572,508.008178,508.549122,508.217143
393,20000,6,0.787483,,0.787483,0.786395,0.786738,510.9864,509.7968,510.1792,508.008178,508.549122,508.217208
394,20000,6,0.787483,,0.787483,0.786395,0.786778,510.9864,509.7968,510.203951,508.008178,508.549122,508.20203
395,20000,6,0.787483,,0.787483,0.786433,0.786845,510.9864,509.7968,510.270341,507.925286,508.549122,508.194562
396,20000,6,0.787483,,0.787483,0.786433,0.78689,510.9864,509.7968,510.322166,507.925286,508.549122,508.194048
397,20000,6,0.787483,,0.787483,0.786508,0.786944,510.9864,509.7968,510.38501,507.925286,508.549122,508.194099
398,20000,6,0.787483,,0.787483,0.786508,0.786989,510.9864,509.7968,510.424939,507.925286,508.549122,508.186012
399,20000,6,0.787483,,0.787483,0.786508,0.787048,510.9864,509.7968,510.464085,507.925286,508.549122,508.165926
400,20000,6,0.788065,,0.788065,0.786508,0.787154,511.1068,509.7968,510.580791,507.803298,508.549122,508.161353
401,20000,6,0.789153,,0.789153,0.786508,0.787226,511.2483,509.7968,510.632198,507.049448,508.417468,508.139831
402,20000,6,0.789153,,0.789153,0.786875,0.787309,511.2483,510.3086,510.689644,507.049448,508.417468,508.113971
403,20000,6,0.789153,,0.789153,0.786875,0.787367,511.2483,510.3086,510.720167,507.049448,508.308271,508.089221
404,20000,6,0.789153,,0.789153,0.786875,0.787451,511.2483,510.3086,510.778261,507.049448,508.308271,508.062335
405,20000,6,0.789521,,0.789521,0.786875,0.787543,511.9261,510.3086,510.863923,507.049448,508.308271,508.048156
406,20000,6,0.789521,,0.789521,0.786875,0.787697,511.9261,510.3086,510.941103,507.049448,508.308271,507.979687
407,20000,6,0.789521,,0.789521,0.786875,0.787766,511.9261,510.3086,510.98688,507.049448,508.308271,507.95603
408,20000,6,0.789521,,0.789521,0.786875,0.787867,511.9261,510.3086,511.057364,507.049448,508.308271,507.924901
409,20000,6,0.789521,,0.789521,0.786875,0.787936,511.9261,510.3086,511.104401,507.217263,508.308271,507.902173
410,20000,6,0.789521,,0.789521,0.786875,0.788045,511.9261,510.3086,511.172941,507.217263,508.308271,507.863257
411,20000,6,0.789521,,0.789521,0.786876,0.788228,511.9261,510.3086,511.26584,507.217263,508.307647,507.782961
412,20000,6,0.789521,,0.789521,0.787483,0.78837,511.9261,510.9408,511.349914,507.217263,508.176618,507.728719
413,20000,6,0.789521,,0.789521,0.787483,0.788484,511.9261,510.9408,511.40322,507.217263,508.176618,507.675342
414,20000,6,0.789521,,0.789521,0.787483,0.788625,511.9261,510.9864,511.494258,507.217263,508.176618,507.62665
415,20000,6,0.789521,,0.789521,0.787483,0.788707,511.9261,510.9864,511.539674,507.217263,508.176618,507.593096
416,20000,6,0.789521,,0.789521,0.787483,0.78881,511.9261,510.9864,511.596857,507.217263,508.176618,507.550691
417,20000,6,0.789521,,0.789521,0.787483,0.788927,511.9261,510.9864,511.659863,507.217263,508.176618,507.501697
418,20000,6,0.790711,,0.790711,0.787483,0.789038,512.5583,510.9864,511.713837,506.71229,508.176618,507.451627
419,20000,6,0.790711,,0.790711,0.788065,0.789184,512.5583,511.1068,511.790691,506.71229,507.803298,507.388805
420,20000,6,0.790711,,0.790711,0.788065,0.789287,512.5583,511.1068,511.845504,506.71229,507.803298,507.345696
421,20000,6,0.790711,,0.790711,0.788065,0.789418,512.5583,511.1068,511.908875,506.71229,507.803298,507.286014
422,20000,6,0.790711,,0.790711,0.788065,0.789542,512.5583,511.1068,511.965355,506.71229,507.803298,507.226635
423,20000,6,0.790711,,0.790711,0.788674,0.789639,512.5583,511.6186,512.016426,506.71229,507.671644,507.185129
424,20000,6,0.790711,,0.790711,0.788674,0.789752,512.5583,511.6186,512.073152,506.71229,507.671644,507.135618
425,20000,6,0.795812,,0.795812,0.788255,0.790188,517.3103,511.6186,512.372756,504.190743,508.507799,506.995753
426,20000,6,0.796951,,0.796951,0.788675,0.790647,517.7357,511.6186,512.690076,504.190743,508.286084,506.850775
427,20000,6,0.796951,,0.796951,0.788675,0.790952,517.7357,511.6186,512.915016,504.190743,508.286084,506.763007
428,20000,6,0.798462,,0.798462,0.788675,0.791232,519.1572,511.6186,513.055821,504.190743,508.286084,506.639461
429,20000,6,0.798462,,0.798462,0.788675,0.791673,519.1572,511.6186,513.296732,504.190743,508.286084,506.457157
430,20000,6,0.798462,,0.798462,0.788675,0.791944,519.1572,511.6186,513.474899,504.190743,508.286084,506.36511
431,20000,6,0.798462,,0.798462,0.788675,0.792492,519.1572,511.6186,513.882586,504.152516,508.286084,506.210779
432,20000,6,0.798462,,0.798462,0.789521,0.7928,519.1572,511.9261,514.057044,504.152516,508.286084,506.087024
433,20000,6,0.798462,,0.798462,0.790711,0.793163,519.1572,512.2448,514.290036,504.152516,508.286084,505.959934
434,20000,6,0.798462,,0.798462,0.790711,0.793571,519.1572,512.2448,514.645024,504.152516,508.286084,505.879865
435,20000,6,0.798462,,0.798462,0.790711,0.793998,519.1572,512.1108,514.953163,503.888684,508.286084,505.753076
436,20000,6,0.798462,,0.798462,0.790711,0.794403,519.1572,512.1108,515.248144,503.888684,507.808576,505.634699
437,20000,6,0.798462,,0.798462,0.790711,0.794747,519.1572,512.1108,515.363324,503.888684,507.551298,505.444165
438,20000,6,0.798462,,0.798462,0.790711,0.795121,519.1572,512.1108,515.656149,503.888684,507.551298,505.348187
439,20000,6,0.798462,,0.798462,0.790711,0.795459,519.1572,512.1108,515.976269,503.888684,507.551298,505.299609
440,20000,6,0.798462,,0.798462,0.790711,0.795698,519.1572,512.1108,516.170008,503.888684,507.551298,505.242677
441,20000,6,0.798462,,0.798462,0.790948,0.795946,519.1572,512.1108,516.37128,503.888684,506.968945,505.184331
442,20000,6,0.798677,,0.798677,0.790948,0.796078,519.1572,512.1108,516.526248,503.888684,506.968945,505.185243
443,20000,6,0.798677,,0.798677,0.790948,0.796336,519.3757,512.5377,516.919392,503.895238,507.324298,505.247144
444,20000,6,0.798677,,0.798677,0.790948,0.796464,519.3757,512.5377,517.065728,503.895238,506.968945,505.245807
445,20000,6,0.798677,,0.798677,0.792413,0.796661,519.3757,512.5377,517.25195,503.895238,506.968945,505.216879
446,20000,6,0.798677,,0.798677,0.793148,0.796971,520.001,512.942,517.671666,503.895238,506.968945,505.256163
447,20000,6,0.798699,,0.798699,0.795477,0.797173,520.001,514.2861,517.78344,503.895238,506.711666,505.173304
448,20000,6,0.798699,,0.798699,0.795477,0.797326,520.001,514.2861,518.005204,503.895238,506.711666,505.20222
449,20000,6,0.798699,,0.798699,0.795477,0.797503,520.001,514.2861,518.209724,503.895238,506.711666,505.201468
450,20000,6,0.798699,,0.798699,0.795477,0.797758,520.001,514.2861,518.425279,503.895238,506.541776,505.147072
451,20000,6,0.798699,,0.798699,0.795477,0.797977,520.001,514.2861,518.576939,503.895238,506.541776,505.078203
452,20000,6,0.799158,,0.799158,0.795477,0.798214,520.001,514.2861,518.75624,503.895238,506.411993,505.013224
453,20000,6,0.79955,,0.79955,0.796167,0.79836,520.001,514.7049,518.898548,503.895238,505.68509,504.994676
454,20000,6,0.799831,,0.799831,0.796167,0.798502,520.001,514.7049,519.024488,503.895238,505.68509,504.968095
455,20000,6,0.799948,,0.799948,0.796167,0.798658,520.3675,514.7049,519.14275,503.895238,505.68509,504.925901
456,20000,6,0.800284,,0.800284,0.79802,0.798837,520.1579,518.5049,519.279333,504.338209,505.68509,504.877556
457,20000,6,0.800401,,0.800401,0.798422,0.798971,520.4882,518.9237,519.328384,504.338209,505.68509,504.806498
458,20000,6,0.800401,,0.800401,0.798422,0.7991,520.4882,518.9237,519.390294,504.338209,505.68509,504.746681
459,20000,6,0.800401,,0.800401,0.798422,0.799223,520.4882,518.9237,519.49172,504.338209,505.68509,504.71913
460,20000,6,0.800401,,0.800401,0.798677,0.799356,520.4882,518.9237,519.568043,504.338209,505.20767,504.666338
461,20000,6,0.800401,,0.800401,0.798677,0.799445,520.4882,518.9237,519.613778,504.338209,504.920662,504.627494
462,20000,6,0.800401,,0.800401,0.798683,0.799558,520.4882,518.9831,519.698102,504.338209,504.915764,504.595888
463,20000,6,0.800401,,0.800401,0.798683,0.79969,520.4882,518.9831,519.814267,504.238478,504.915764,504.570908
464,20000,6,0.800401,,0.800401,0.798824,0.799792,520.4882,518.9831,519.906652,504.238478,504.826377,504.55337
465,20000,6,0.800649,,0.800649,0.798891,0.799872,520.564,519.1572,519.974225,504.238478,504.826377,504.536358
466,20000,6,0.800649,,0.800649,0.798891,0.799937,520.564,519.1572,520.028296,504.274351,504.826377,504.52152
467,20000,6,0.800649,,0.800649,0.798891,0.799992,520.564,519.1572,520.067599,504.274351,504.826377,504.504817
468,20000,6,0.800649,,0.800649,0.799128,0.800067,520.564,519.1572,520.119056,504.274351,504.826377,504.480981
469,20000,6,0.800649,,0.800649,0.799128,0.800143,520.564,519.1572,520.183225,504.274351,504.725076,504.464901
470,20000,6,0.800649,,0.800649,0.799128,0.800198,520.564,519.1572,520.229785,504.274351,504.725076,504.453143
471,20000,6,0.800649,,0.800649,0.799128,0.800253,520.564,519.1572,520.27469,504.15354,504.56898,504.440306
472,20000,6,0.800649,,0.800649,0.799128,0.800297,520.564,519.1572,520.31782,504.274351,504.56898,504.434828
473,20000,6,0.800649,,0.800649,0.799128,0.800357,520.564,519.1572,520.368544,504.15354,504.56898,504.422441
474,20000,6,0.800852,,0.800852,0.799128,0.800393,520.9066,519.1572,520.399385,504.15354,504.56898,504.414755
475,20000,6,0.800852,,0.800852,0.799581,0.800451,520.9066,519.576,520.431984,504.15354,504.540407,504.391341
476,20000,6,0.800886,,0.800886,0.799581,0.800503,520.9066,519.576,520.466103,504.089682,504.540407,504.373889
477,20000,6,0.801541,,0.801541,0.799948,0.800569,521.3254,520.0694,520.509336,504.089682,504.548969,504.351426
478,20000,6,0.801541,,0.801541,0.800284,0.800618,521.3254,520.1579,520.539398,504.089682,504.482856,504.332634
479,20000,6,0.801541,,0.801541,0.800284,0.800665,521.3254,520.1579,520.566993,504.089682,504.482856,504.315121
480,20000,6,0.801541,,0.801541,0.800401,0.800722,521.3254,520.4812,520.598846,504.089682,504.482856,504.291419
481,20000,6,0.801541,,0.801541,0.800401,0.800798,521.3254,520.4812,520.64489,504.084784,504.482856,504.263407
482,20000,6,0.801541,,0.801541,0.800408,0.800852,521.3254,520.4812,520.687258,504.084784,504.462899,504.249245
483,20000,6,0.801541,,0.801541,0.800638,0.800906,521.3254,520.4812,520.73304,504.08416,504.415304,504.238076
484,20000,6,0.801541,,0.801541,0.800638,0.800969,521.3254,520.4812,520.78149,504.08416,504.415304,504.221815
485,20000,6,0.801789,,0.801789,0.800638,0.801006,521.3254,520.4812,520.813188,503.946062,504.415304,504.213603
486,20000,6,0.801789,,0.801789,0.800638,0.801044,521.3254,520.4812,520.839956,503.946062,504.410247,504.202014
487,20000,6,0.801789,,0.801789,0.800638,0.801078,521.3254,520.4812,520.870134,503.946062,504.410247,504.195987
488,20000,6,0.801789,,0.801789,0.800638,0.80114,521.3254,520.4812,520.905396,503.946062,504.410247,504.171295
489,20000,6,0.801789,,0.801789,0.800638,0.801177,521.3254,520.4812,520.917194,503.946062,504.405348,504.150128
490,20000,6,0.801841,,0.801841,0.800638,0.801219,521.3254,520.4812,520.945806,503.905801,504.324177,504.136604
491,20000,6,0.801841,,0.801841,0.800638,0.801257,521.3254,520.4812,520.96262,503.905801,504.324177,504.118377
492,20000,6,0.801841,,0.801841,0.800696,0.801302,521.3254,520.4812,520.992752,503.905801,504.324177,504.103641
493,20000,6,0.801841,,0.801841,0.800696,0.801368,521.3254,520.4812,521.043046,503.905801,504.324177,504.0853
494,20000,6,0.802115,,0.802115,0.800696,0.801426,521.5976,520.4812,521.076092,503.874441,504.324177,504.062083
495,20000,6,0.802115,,0.802115,0.800696,0.801474,521.5976,520.4812,521.098852,503.874441,504.237969,504.039847
496,20000,6,0.802115,,0.802115,0.800789,0.801536,521.5976,520.4812,521.130696,503.874441,504.230011,504.013015
497,20000,6,0.802115,,0.802115,0.800886,0.801574,521.5976,520.4882,521.14872,503.874441,504.225578,503.995782
498,20000,6,0.802115,,0.802115,0.800886,0.801635,521.5976,520.4882,521.184488,503.874441,504.225578,503.972268
499,20000,6,0.802115,,0.802115,0.800886,0.801693,521.5976,520.4882,521.2257,503.874441,504.225578,503.954065
500,20000,6,0.802173,,0.802173,0.800944,0.801754,521.5976,520.4882,521.266476,503.829282,504.225578,503.934518
501,20000,6,0.802173,,0.802173,0.800944,0.80179,521.5976,520.4882,521.287082,503.829282,504.184851,503.919802
502,20000,6,0.802174,,0.802174,0.800944,0.801822,521.5976,520.4882,521.317,503.828658,504.184851,503.914774
503,20000,6,0.802174,,0.802174,0.80095,0.801859,521.5976,520.4882,521.340266,503.828658,504.184851,503.902049
504,20000,6,0.802174,,0.802174,0.80095,0.801894,521.5976,520.4882,521.36854,503.828658,504.039625,503.893669
505,20000,6,0.802174,,0.802174,0.80095,0.801911,521.5976,520.4882,521.38215,503.828658,504.039625,503.889403
506,20000,6,0.802174,,0.802174,0.800951,0.801931,521.5976,520.4882,521.398482,503.828658,504.039,503.884427
507,20000,6,0.80221,,0.80221,0.800951,0.801968,521.7427,520.4882,521.430081,503.828658,504.039,503.87654
508,20000,6,0.802268,,0.802268,0.801841,0.802002,521.7427,521.3254,521.458958,503.828658,503.905801,503.869375
509,20000,6,0.802268,,0.802268,0.801841,0.802034,521.7427,521.3254,521.485087,503.828658,503.905801,503.86239
510,20000,6,0.804,,0.804,0.800155,0.802057,523.4184,519.5541,521.501554,503.501849,504.232772,503.855211
511,20000,6,0.804,,0.804,0.801643,0.802148,523.4184,521.1414,521.580535,503.52137,504.215426,503.837001
512,20000,6,0.804,,0.804,0.801643,0.802191,523.4184,521.1305,521.609501,503.469617,504.215426,503.822793
513,20000,6,0.804,,0.804,0.801847,0.802246,523.4184,521.1305,521.652184,503.469617,504.013563,503.808914
514,20000,6,0.804,,0.804,0.801847,0.802278,523.4184,521.1305,521.666479,503.469617,503.987558,503.793143
515,20000,6,0.804,,0.804,0.801847,0.802345,523.4184,521.1305,521.719187,503.469617,503.900903,503.776718
516,20000,6,0.804086,,0.804086,0.801848,0.802446,523.4184,521.1305,521.812934,503.381399,503.900279,503.760212
517,20000,6,0.804086,,0.804086,0.802012,0.802564,523.4184,521.1305,521.922111,503.364234,503.852361,503.741917
518,20000,6,0.804086,,0.804086,0.802173,0.802636,523.4184,521.4372,521.988711,503.364234,503.852361,503.729847
519,20000,6,0.804086,,0.804086,0.802173,0.802734,523.4184,521.4372,522.056386,503.359201,503.852361,503.699045
520,20000,6,0.804263,,0.804263,0.802174,0.802831,523.4184,521.4372,522.122744,503.290135,503.852361,503.667909
521,20000,6,0.804469,,0.804469,0.802174,0.802906,523.4184,521.4372,522.173253,503.108997,503.852361,503.643001
522,20000,6,0.804469,,0.804469,0.802174,0.803001,523.7723,521.5976,522.242644,503.108997,503.852361,503.615595
523,20000,6,0.804469,,0.804469,0.802174,0.803091,523.7723,521.5976,522.274074,503.108997,503.852361,503.566846
524,20000,6,0.804469,,0.804469,0.802174,0.803171,523.7723,521.5976,522.31816,503.108997,503.852361,503.533881
525,20000,6,0.804469,,0.804469,0.802174,0.803246,523.7723,521.5976,522.388777,503.108997,503.852361,503.522488
526,20000,6,0.805002,,0.805002,0.802174,0.803345,523.7945,521.5976,522.4855,503.004865,503.851737,503.510308
527,20000,6,0.805002,,0.805002,0.802174,0.803412,523.7945,521.5976,522.54296,503.004865,503.851737,503.495975
528,20000,6,0.805002,,0.805002,0.802174,0.803514,523.7945,521.5976,522.640331,503.004865,503.851737,503.481941
529,20000,6,0.805002,,0.805002,0.802269,0.803629,523.7945,521.5976,522.745164,503.004865,503.851737,503.462847
530,20000,6,0.805002,,0.805002,0.802299,0.803754,523.7945,521.6286,522.849386,503.004865,503.819138,503.434971
531,20000,6,0.805002,,0.805002,0.802299,0.803886,523.7945,521.6286,522.955013,503.004865,503.819138,503.4025
532,20000,6,0.805002,,0.805002,0.802299,0.804039,523.7945,521.6286,523.079794,503.004865,503.79186,503.366759
533,20000,6,0.805002,,0.805002,0.802711,0.804164,523.7945,521.653,523.165605,502.918109,503.79186,503.327184
534,20000,6,0.805002,,0.805002,0.802991,0.804304,523.7945,521.8957,523.26136,502.918109,503.688989,503.282209
535,20000,6,0.805115,,0.805115,0.803333,0.804395,523.7945,522.4367,523.315317,502.918109,503.688989,503.246815
536,20000,6,0.805115,,0.805115,0.803439,0.804452,524.015,522.5818,523.332711,502.918109,503.679719,503.21413
537,20000,6,0.80528,,0.80528,0.803532,0.804512,524.015,522.5818,523.360985,502.918109,503.679719,503.18671
538,20000,6,0.805597,,0.805597,0.803532,0.804581,524.015,522.5818,523.396185,502.677998,503.567318,503.156035
539,20000,6,0.805597,,0.805597,0.803667,0.804651,524.015,522.5818,523.446106,502.677998,503.567318,503.135204
540,20000,6,0.805597,,0.805597,0.803699,0.804729,524.015,522.8025,523.499141,502.677998,503.567318,503.110156
541,20000,6,0.80583,,0.80583,0.803699,0.804799,524.1831,522.8025,523.524816,502.677998,503.567318,503.072599
542,20000,6,0.80583,,0.80583,0.803699,0.804866,524.1831,522.9484,523.572784,502.677998,503.567318,503.052123
543,20000,6,0.805995,,0.805995,0.803699,0.804926,524.2075,522.9484,523.611254,502.596827,503.567318,503.031155
544,20000,6,0.805995,,0.805995,0.804057,0.805021,524.2075,522.9484,523.66932,502.596827,503.505042,502.995675
545,20000,6,0.805995,,0.805995,0.804057,0.805072,524.2075,522.9484,523.699072,502.596827,503.392641,502.975913
546,20000,6,0.805995,,0.805995,0.804057,0.805188,524.2075,522.9484,523.758332,502.596827,503.392641,502.925582
547,20000,6,0.806124,,0.806124,0.804502,0.805276,524.2075,523.2503,523.820281,502.49627,503.392641,502.898194
548,20000,6,0.806124,,0.806124,0.804668,0.805329,524.2075,523.2503,523.847364,502.49627,503.392641,502.874964
549,20000,6,0.806124,,0.806124,0.804668,0.805418,524.32,523.3259,523.898788,502.49627,503.392641,502.839844
550,20000,6,0.806124,,0.806124,0.804668,0.805516,524.32,523.3259,523.945033,502.49627,503.392641,502.794826
551,20000,6,0.806124,,0.806124,0.80481,0.805608,524.32,523.3954,523.987268,502.49627,503.392641,502.75136
552,20000,6,0.806182,,0.806182,0.80481,0.805683,524.32,523.3954,524.02352,502.451111,503.354832,502.717424
553,20000,6,0.806182,,0.806182,0.80481,0.805784,524.531,523.3954,524.066942,502.451111,503.151812,502.667097
554,20000,6,0.806182,,0.806182,0.805203,0.80582,524.531,523.7514,524.086708,502.451111,503.151812,502.652142
555,20000,6,0.806182,,0.806182,0.805203,0.805871,524.531,523.7514,524.109806,502.451111,503.151812,502.628146
556,20000,6,0.806182,,0.806182,0.805203,0.805948,524.531,523.7514,524.156142,502.451111,503.151812,502.599307
557,20000,6,0.806182,,0.806182,0.80538,0.806013,524.531,523.7514,524.190071,502.451111,503.151812,502.570949
558,20000,6,0.806182,,0.806182,0.80538,0.806049,524.531,523.7514,524.194054,502.451111,503.151812,502.545527
559,20000,6,0.806182,,0.806182,0.805469,0.806066,524.531,523.7514,524.20003,502.451111,503.022739,502.536498
560,20000,6,0.806182,,0.806182,0.805486,0.806081,524.531,523.7514,524.210193,502.451111,503.022739,502.531802
561,20000,6,0.806182,,0.806182,0.805646,0.8061,524.531,523.9624,524.211519,502.451111,503.022739,502.517436
562,20000,6,0.806182,,0.806182,0.805727,0.806117,524.531,524.2075,524.210735,502.451111,503.022739,502.504359
563,20000,6,0.806419,,0.806419,0.805995,0.806128,524.2075,524.2075,524.2075,502.266442,502.596827,502.49343
564,20000,6,0.806419,,0.806419,0.805995,0.806137,524.2075,524.2075,524.2075,502.266442,502.596827,502.486145
565,20000,6,0.806419,,0.806419,0.805995,0.806149,524.2075,524.2075,524.2075,502.266442,502.596827,502.476561
566,20000,6,0.806419,,0.806419,0.805995,0.806169,524.2075,524.2075,524.2075,502.266442,502.596827,502.46121
567,20000,6,0.806419,,0.806419,0.805995,0.806188,524.2075,524.2075,524.2075,502.266442,502.596827,502.446249
568,20000,6,0.806419,,0.806419,0.806182,0.806197,524.2075,524.2075,524.2075,502.266442,502.451111,502.439641
569,20000,6,0.806419,,0.806419,0.806182,0.806197,524.2075,524.2075,524.2075,502.266442,502.451111,502.439641
570,20000,6,0.806419,,0.806419,0.806182,0.806201,524.2075,524.2075,524.2075,502.266442,502.451111,502.435948
571,20000,6,0.806419,,0.806419,0.806182,0.806204,524.2075,524.2075,524.2075,502.266442,502.451111,502.434101
572,20000,6,0.806419,,0.806419,0.806182,0.806213,524.2075,524.2075,524.2075,502.266442,502.451111,502.426714
573,20000,6,0.806419,,0.806419,0.806182,0.806222,524.2075,524.2075,524.2075,502.266442,502.451111,502.419717
574,20000,6,0.806419,,0.806419,0.806182,0.806227,524.2075,524.2075,524.2075,502.266442,502.451111,502.416024
575,20000,6,0.806419,,0.806419,0.806182,0.806232,524.2075,524.2075,524.2075,502.266442,502.451111,502.41233
576,20000,6,0.806419,,0.806419,0.806182,0.806239,524.2075,524.2075,524.2075,502.266442,502.451111,502.40679
577,20000,6,0.806419,,0.806419,0.806182,0.806244,524.2075,524.2075,524.2075,502.266442,502.451111,502.403097
578,20000,6,0.806419,,0.806419,0.806182,0.806255,524.2075,524.2075,524.2075,502.266442,502.451111,502.393863
579,20000,6,0.806419,,0.806419,0.806182,0.806274,524.2075,524.2075,524.2075,502.266442,502.451111,502.37909
580,20000,6,0.806419,,0.806419,0.806182,0.806286,524.2075,524.2075,524.2075,502.266442,502.451111,502.369856
581,20000,6,0.806419,,0.806419,0.806182,0.806291,524.2075,524.2075,524.2075,502.266442,502.451111,502.366163
582,20000,6,0.806419,,0.806419,0.806182,0.806309,524.2075,524.2075,524.2075,502.266442,502.451111,502.351771
583,20000,6,0.806419,,0.806419,0.806182,0.806321,524.2075,524.2075,524.2075,502.266442,502.451111,502.342537
584,20000,6,0.806419,,0.806419,0.806182,0.806333,524.2075,524.2075,524.2075,502.266442,502.451111,502.333685
585,20000,6,0.806425,,0.806425,0.806182,0.806349,524.2075,524.2075,524.2075,502.261543,502.451111,502.320709
586,20000,6,0.806425,,0.806425,0.806182,0.806365,524.2075,524.2075,524.2075,502.261543,502.451111,502.308495
587,20000,6,0.806607,,0.806607,0.806182,0.806384,524.2075,524.2075,524.2075,502.119877,502.451111,502.29335
588,20000,6,0.806607,,0.806607,0.806182,0.806395,524.2075,524.2075,524.2075,502.119877,502.451111,502.28526
589,20000,6,0.806607,,0.806607,0.806182,0.806404,524.2075,524.2075,524.2075,502.119877,502.451111,502.278205
590,20000,6,0.806607,,0.806607,0.806182,0.806409,524.2075,524.2075,524.2075,502.119877,502.451111,502.274316
591,20000,6,0.806607,,0.806607,0.806182,0.806424,524.2075,524.2075,524.2075,502.119877,502.451111,502.262336
592,20000,6,0.806607,,0.806607,0.806182,0.806438,524.2075,524.2075,524.2075,502.119877,502.451111,502.251441
593,20000,6,0.806607,,0.806607,0.806182,0.806445,524.2075,524.2075,524.2075,502.119877,502.451111,502.246184
594,20000,6,0.806607,,0.806607,0.806182,0.806456,524.2075,524.2075,524.2075,502.119877,502.451111,502.237751
595,20000,6,0.80745,,0.80745,0.805128,0.806487,525.4744,523.8953,524.229154,501.749778,503.064238,502.227807
596,20000,6,0.807752,,0.807752,0.806419,0.806561,525.4744,523.982,524.263507,501.553414,502.389405,502.192745
597,20000,6,0.807872,,0.807872,0.806419,0.806645,525.4744,523.982,524.305852,501.553414,502.317081,502.156124
598,20000,6,0.807872,,0.807872,0.806419,0.806729,525.4744,523.982,524.347191,501.553414,502.336038,502.118053
599,20000,6,0.807872,,0.807872,0.806419,0.806777,525.4744,523.982,524.356358,501.553414,502.336038,502.086442
600,20000,6,0.807872,,0.807872,0.806419,0.806894,525.4744,523.982,524.427225,501.383321,502.336038,502.043207
601,20000,6,0.807872,,0.807872,0.806419,0.806995,525.4744,523.982,524.473246,501.383321,502.317081,501.995165
602,20000,6,0.808059,,0.808059,0.806419,0.807106,525.4744,523.982,524.54749,501.383321,502.317081,501.958299
603,20000,6,0.808059,,0.808059,0.806419,0.807209,525.4744,523.982,524.595841,501.383321,502.317081,501.910434
604,20000,6,0.808059,,0.808059,0.806419,0.807362,525.4744,523.982,524.694982,501.383321,502.317081,501.857634
605,20000,6,0.808738,,0.808738,0.806419,0.807497,525.4744,523.982,524.763569,501.091166,502.317081,501.797912
606,20000,6,0.808738,,0.808738,0.806419,0.807579,525.3728,524.2075,524.792157,501.091166,502.317081,501.753513
607,20000,6,0.808738,,0.808738,0.806419,0.807722,525.3728,524.2075,524.851283,501.091166,502.266442,501.681422
608,20000,6,0.808738,,0.808738,0.806419,0.807798,525.3728,524.2075,524.887263,501.091166,502.266442,501.64596
609,20000,6,0.808738,,0.808738,0.807296,0.807884,525.3728,524.4159,524.926113,501.091166,502.01774,501.604836
610,20000,6,0.809031,,0.809031,0.80736,0.807995,525.594,524.4159,524.985369,501.091166,502.01774,501.557994
611,20000,6,0.809031,,0.809031,0.807494,0.808061,525.594,524.6538,525.035079,501.091166,502.01774,501.539736
612,20000,6,0.809031,,0.809031,0.807534,0.808124,525.594,524.695,525.076408,501.091166,502.01774,501.518502
613,20000,6,0.809031,,0.809031,0.807617,0.808208,525.612,524.679,525.115142,501.091166,502.01774,501.478952
614,20000,6,0.809031,,0.809031,0.807752,0.808327,525.7335,524.679,525.162341,501.091166,501.913656,501.4182
615,20000,6,0.809031,,0.809031,0.807872,0.808447,525.7335,524.6469,525.194213,501.091166,501.913656,501.345575
616,20000,6,0.809031,,0.809031,0.807882,0.808576,525.7335,524.695,525.259005,501.074746,501.547586,501.288174
617,20000,6,0.809031,,0.809031,0.808059,0.808639,525.7335,524.8005,525.300585,501.074746,501.547586,501.267057
618,20000,6,0.809031,,0.809031,0.808065,0.808707,525.7335,524.8005,525.35147,501.074746,501.542688,501.248201
619,20000,6,0.809031,,0.809031,0.808193,0.808748,525.7335,524.8005,525.384014,501.074746,501.524625,501.238233
620,20000,6,0.809031,,0.809031,0.808193,0.808815,525.7335,524.8005,525.424525,501.074746,501.524625,501.212964
621,20000,6,0.809031,,0.809031,0.808226,0.808849,525.7335,524.8005,525.443948,501.074746,501.421669,501.199438
622,20000,6,0.809031,,0.809031,0.808226,0.80888,525.7335,524.8005,525.472355,501.074746,501.421669,501.193884
623,20000,6,0.809293,,0.809293,0.808226,0.80891,525.8747,524.8005,525.49069,501.074746,501.421669,501.183077
624,20000,6,0.809621,,0.809621,0.808226,0.808935,526.0025,524.8005,525.507129,500.97179,501.421669,501.174921
625,20000,6,0.809621,,0.809621,0.808226,0.808982,526.0025,524.8005,525.542964,500.97179,501.421669,501.162071
626,20000,6,0.809621,,0.809621,0.808226,0.809029,526.0025,524.8005,525.581463,500.97179,501.421669,501.151126
627,20000,6,0.809621,,0.809621,0.808672,0.809076,526.0025,525.3067,525.618259,500.97179,501.421669,501.138805
628,20000,6,0.809621,,0.809621,0.808672,0.809126,526.0025,525.3067,525.65797,500.97179,501.421669,501.126375
629,20000,6,0.809621,,0.809621,0.808672,0.809182,526.0025,525.3067,525.701122,500.97179,501.245223,501.111969
630,20000,6,0.809857,,0.809857,0.808672,0.809223,526.0025,525.3067,525.734201,500.787121,501.245223,501.102471
631,20000,6,0.809857,,0.809857,0.808846,0.809281,526.0025,525.3685,525.770311,500.787121,501.158063,501.081186
632,20000,6,0.809857,,0.809857,0.808846,0.80933,526.0025,525.3685,525.802138,500.787121,501.158063,501.064094
633,20000,6,0.809857,,0.809857,0.808846,0.809366,526.0025,525.3685,525.822262,500.787121,501.158063,501.049939
634,20000,6,0.809857,,0.809857,0.809031,0.809409,526.0025,525.594,525.849027,500.787121,501.158063,501.034326
635,20000,6,0.809857,,0.809857,0.809031,0.809445,526.0025,525.594,525.866645,500.787121,501.158063,501.017433
636,20000,6,0.809857,,0.809857,0.809031,0.809487,526.0025,525.594,525.882734,500.787121,501.158063,500.996174
637,20000,6,0.809857,,0.809857,0.809031,0.809528,526.0025,525.594,525.894487,500.787121,501.158063,500.97169
638,20000,6,0.809857,,0.809857,0.809031,0.809565,526.0025,525.594,525.910827,500.787121,501.158063,500.953431
639,20000,6,0.809857,,0.809857,0.809031,0.809612,526.0025,525.594,525.923858,500.787121,501.158063,500.925574
640,20000,6,0.809993,,0.809993,0.809031,0.809641,526.0025,525.594,525.939422,500.681739,501.158063,500.913984
641,20000,6,0.809993,,0.809993,0.809031,0.809675,526.0025,525.594,525.954233,500.681739,501.158063,500.897096
642,20000,6,0.809993,,0.809993,0.809031,0.809723,526.0025,525.594,525.964708,500.681739,501.158063,500.866717
643,20000,6,0.809993,,0.809993,0.809031,0.809763,526.0025,525.594,525.975434,500.681739,501.158063,500.84269
644,20000,6,0.809993,,0.809993,0.809031,0.809793,526.0025,525.594,525.987689,500.681739,501.158063,500.827051
645,20000,6,0.809993,,0.809993,0.809031,0.809825,526.0025,525.594,525.995859,500.681739,501.158063,500.807628
646,20000,6,0.810066,,0.810066,0.809366,0.809854,526.0025,525.8747,526.001222,500.624597,501.084502,500.78919
647,20000,6,0.810066,,0.810066,0.809621,0.809876,526.0025,526.0025,526.0025,500.624597,500.97179,500.772303
648,20000,6,0.810066,,0.810066,0.809694,0.8099,526.0025,526.0025,526.0025,500.624597,500.914649,500.754055
649,20000,6,0.810067,,0.810067,0.809694,0.80993,526.0025,526.0025,526.0025,500.623973,500.914649,500.730458
650,20000,6,0.810067,,0.810067,0.809695,0.809945,526.0025,526.0025,526.0025,500.623973,500.914025,500.718945
651,20000,6,0.810067,,0.810067,0.809695,0.809957,526.0025,526.0025,526.0025,500.623973,500.914025,500.709162
652,20000,6,0.810067,,0.810067,0.80983,0.809972,526.0025,526.0025,526.0025,500.623973,500.808642,500.697806
653,20000,6,0.810067,,0.810067,0.80983,0.809983,526.0025,526.0025,526.0025,500.623973,500.808642,500.688875
654,20000,6,0.810067,,0.810067,0.80983,0.809995,526.0025,526.0025,526.0025,500.623973,500.808642,500.679983
655,20000,6,0.810067,,0.810067,0.809931,0.810004,526.0025,526.0025,526.0025,500.623973,500.72998,500.672863
656,20000,6,0.810067,,0.810067,0.809931,0.810011,526.0025,526.0025,526.0025,500.623973,500.72998,500.667016
657,20000,6,0.810067,,0.810067,0.809931,0.810018,526.0025,526.0025,526.0025,500.623973,500.72998,500.662192
658,20000,6,0.810067,,0.810067,0.809931,0.810027,526.0025,526.0025,526.0025,500.623973,500.72998,500.654828
659,20000,6,0.810067,,0.810067,0.809931,0.810036,526.0025,526.0025,526.0025,500.623973,500.729356,500.647457
660,20000,6,0.810067,,0.810067,0.809931,0.810043,526.0025,526.0025,526.0025,500.623973,500.729356,500.642182
661,20000,6,0.810067,,0.810067,0.809931,0.810051,526.0025,526.0025,526.0025,500.623973,500.729356,500.635884
662,20000,6,0.810067,,0.810067,0.809931,0.810057,526.0025,526.0025,526.0025,500.623973,500.729356,500.631675
663,20000,6,0.810067,,0.810067,0.809931,0.810059,526.0025,526.0025,526.0025,500.623973,500.729356,500.629561
664,20000,6,0.810067,,0.810067,0.809931,0.810062,526.0025,526.0025,526.0025,500.623973,500.729356,500.627441
665,20000,6,0.810067,,0.810067,0.810066,0.810066,526.0025,526.0025,526.0025,500.623973,500.624597,500.624248
666,20000,6,0.810067,,0.810067,0.810066,0.810066,526.0025,526.0025,526.0025,500.623973,500.624597,500.624223
667,20000,6,0.810067,,0.810067,0.810066,0.810066,526.0025,526.0025,526.0025,500.623973,500.624597,500.624179
668,20000,6,0.810067,,0.810067,0.810066,0.810066,526.0025,526.0025,526.0025,500.623973,500.624597,500.624142
669,20000,6,0.810067,,0.810067,0.810066,0.810066,526.0025,526.0025,526.0025,500.623973,500.624597,500.624098
670,20000,6,0.810067,,0.810067,0.810066,0.810066,526.0025,526.0025,526.0025,500.623973,500.624597,500.624067
671,20000,6,0.810067,,0.810067,0.810066,0.810066,526.0025,526.0025,526.0025,500.623973,500.624597,500.624036
672,20000,6,0.810067,,0.810067,0.810066,0.810067,526.0025,526.0025,526.0025,500.623973,500.624597,500.624004
673,20000,6,0.810067,,0.810067,0.810066,0.810067,526.0025,526.0025,526.0025,500.623973,500.624597,500.624004
674,20000,6,0.810067,,0.810067,0.810066,0.810067,526.0025,526.0025,526.0025,500.623973,500.624597,500.623998
675,20000,6,0.810067,,0.810067,0.810066,0.810067,526.0025,526.0025,526.0025,500.623973,500.624597,500.62398
676,20000,6,0.810067,,0.810067,0.810067,0.810067,526.0025,526.0025,526.0025,500.623973,500.623973,500.623973
677,20000,6,0.810067,,0.810067,0.810067,0.810067,526.0025,526.0025,526.0025,500.623973,500.623973,500.623973
678,20000,6,0.810067,,0.810067,0.810067,0.810067,526.0025,526.0025,526.0025,500.623973,500.623973,500.623973
679,20000,6,0.810067,,0.810067,0.810067,0.810067,526.0025,526.0025,526.0025,500.623973,500.623973,500.623973
680,20000,6,0.810325,,0.810325,0.808716,0.810011,526.2626,525.3685,525.972243,500.59643,501.346239,500.647209
681,20000,6,0.81047,,0.81047,0.809475,0.810061,526.473,525.3685,525.995848,500.59643,500.66038,500.623539
682,20000,6,0.810796,,0.810796,0.810067,0.810089,526.5433,526.0025,526.024624,500.417487,500.624221,500.62164
683,20000,6,0.810796,,0.810796,0.810067,0.810104,526.5433,526.0025,526.039442,500.417487,500.624221,500.619581
684,20000,6,0.810796,,0.810796,0.810067,0.810115,526.5433,526.0025,526.051453,500.417487,500.624221,500.61931
685,20000,6,0.810796,,0.810796,0.810067,0.810119,526.5433,526.0025,526.056158,500.417487,500.624221,500.619313
686,20000,6,0.810796,,0.810796,0.810067,0.810134,526.5433,526.0025,526.070976,500.417487,500.624221,500.617253
687,20000,6,0.810796,,0.810796,0.810067,0.810141,526.5433,526.0025,526.076384,500.417487,500.624221,500.615188
688,20000,6,0.810796,,0.810796,0.810067,0.810156,526.5433,526.0025,526.0872,500.417487,500.624221,500.611014
689,20000,6,0.810796,,0.810796,0.810067,0.810182,526.5433,526.0025,526.108129,500.417487,500.624221,500.604822
690,20000,6,0.810796,,0.810796,0.810067,0.810194,526.5433,526.0025,526.116344,500.417487,500.624221,500.600881
691,20000,6,0.810796,,0.810796,0.810067,0.810226,526.5433,526.0025,526.144579,500.417487,500.624221,500.594503
692,20000,6,0.810796,,0.810796,0.810067,0.810267,526.5433,526.0025,526.176324,500.417487,500.624221,500.584181
693,20000,6,0.810796,,0.810796,0.810067,0.810313,526.5433,526.0025,526.214878,500.417487,500.624221,500.57414
694,20000,6,0.810796,,0.810796,0.810067,0.810351,526.5433,526.0025,526.244022,500.417487,500.624221,500.564137
695,20000,6,0.8112,,0.8112,0.810067,0.810384,527.0138,526.0025,526.270359,500.417487,500.624221,500.555836
696,20000,6,0.8112,,0.8112,0.810067,0.81044,527.0138,526.0025,526.316922,500.417487,500.624221,500.543367
697,20000,6,0.8112,,0.8112,0.810067,0.810502,527.0138,526.0025,526.364891,500.417487,500.624221,500.526851
698,20000,6,0.8112,,0.8112,0.810067,0.810585,527.0138,526.0025,526.436385,500.417487,500.624221,500.51039
699,20000,6,0.8112,,0.8112,0.810067,0.810653,527.0138,526.0025,526.497063,500.417487,500.624221,500.498016
700,20000,6,0.8112,,0.8112,0.810067,0.810676,527.0138,526.0025,526.517289,500.417487,500.624221,500.49376
701,20000,6,0.8112,,0.8112,0.810067,0.810735,527.0138,526.0025,526.564555,500.417487,500.624221,500.479268
702,20000,6,0.8112,,0.8112,0.810067,0.810792,527.0138,526.0025,526.61512,500.417487,500.624221,500.468912
703,20000,6,0.8112,,0.8112,0.810067,0.81087,527.0138,526.0025,526.681909,500.417487,500.624221,500.452537
704,20000,6,0.8112,,0.8112,0.810067,0.810934,527.0138,526.0025,526.737882,500.417487,500.624221,500.440203
705,20000,6,0.8112,,0.8112,0.810067,0.810982,527.0138,526.0025,526.779037,500.417487,500.623973,500.429974
706,20000,6,0.8112,,0.8112,0.810067,0.811005,527.0138,526.0025,526.799263,500.417487,500.623973,500.425849
707,20000,6,0.8112,,0.8112,0.810476,0.811039,527.0138,526.473,526.829602,500.417487,500.619855,500.419662
708,20000,6,0.8112,,0.8112,0.810796,0.811071,527.0138,526.5433,526.86324,500.417487,500.417735,500.417656
709,20000,6,0.8112,,0.8112,0.810796,0.811095,527.0138,526.5433,526.89147,500.417487,500.417735,500.41767
710,20000,6,0.8112,,0.8112,0.810796,0.811111,527.0138,526.5433,526.91029,500.417487,500.417735,500.41768
711,20000,6,0.811205,,0.811205,0.810796,0.811131,527.0138,526.5433,526.933815,500.41358,500.417735,500.417651
712,20000,6,0.811205,,0.811205,0.810796,0.811143,527.0138,526.5433,526.94793,500.41358,500.417735,500.417617
713,20000,6,0.811205,,0.811205,0.810796,0.811152,527.0138,526.5433,526.95734,500.41358,500.417735,500.417539
714,20000,6,0.811205,,0.811205,0.810796,0.81116,527.0138,526.5433,526.96675,500.41358,500.417735,500.417502
715,20000,6,0.811205,,0.811205,0.810796,0.811172,527.0138,526.5433,526.980865,500.41358,500.417735,500.417385
716,20000,6,0.811205,,0.811205,0.810796,0.811172,527.0138,526.5433,526.980865,500.41358,500.417735,500.417344
717,20000,6,0.811387,,0.811387,0.810796,0.811179,527.0138,526.5433,526.987617,500.272019,500.459845,500.416271
718,20000,6,0.811387,,0.811387,0.810796,0.811186,527.0138,526.5433,526.99498,500.272019,500.417735,500.415728
719,20000,6,0.811387,,0.811387,0.810796,0.81119,527.0138,526.5433,526.999685,500.272019,500.417735,500.415689
720,20000,6,0.811387,,0.811387,0.810796,0.811198,527.0138,526.5433,527.009095,500.272019,500.417735,500.41561
721,20000,6,0.811387,,0.811387,0.8112,0.811208,527.2185,527.0138,527.015847,500.272019,500.460092,500.412873
722,20000,6,0.811387,,0.811387,0.8112,0.811214,527.2185,527.0138,527.019941,500.272019,500.460092,500.410681
723,20000,6,0.811387,,0.811387,0.8112,0.811221,527.2185,527.0138,527.028129,500.272019,500.460092,500.410835
724,20000,6,0.811387,,0.811387,0.8112,0.811229,527.2185,527.0138,527.03427,500.272019,500.460092,500.408984
725,20000,6,0.811387,,0.811387,0.8112,0.811233,527.2185,527.0138,527.03427,500.272019,500.460092,500.40582
726,20000,6,0.811508,,0.811508,0.8112,0.811243,527.2185,527.0138,527.038364,500.267864,500.460092,500.400755
727,20000,6,0.811508,,0.811508,0.8112,0.811265,527.2185,527.0138,527.044505,500.267864,500.460092,500.387538
728,20000,6,0.811508,,0.811508,0.8112,0.81128,527.2185,527.0138,527.05474,500.267864,500.460092,500.382411
729,20000,6,0.811508,,0.811508,0.8112,0.811303,527.2185,527.0138,527.064975,500.267864,500.460092,500.371456
730,20000,6,0.811513,,0.811513,0.8112,0.811321,527.2185,527.0138,527.079304,500.267864,500.460092,500.367177
731,20000,6,0.811513,,0.811513,0.8112,0.811332,527.2185,527.0138,527.081351,500.267864,500.417735,500.360273
732,20000,6,0.811513,,0.811513,0.8112,0.811344,527.2185,527.0138,527.089539,500.267864,500.417735,500.356097
733,20000,6,0.811513,,0.811513,0.8112,0.811359,527.2185,527.0138,527.09568,500.267864,500.417735,500.348708
734,20000,6,0.811513,,0.811513,0.8112,0.811385,527.2185,527.0138,527.112056,500.267864,500.460092,500.339107
735,20000,6,0.811513,,0.811513,0.8112,0.811408,527.2185,527.0138,527.122291,500.267864,500.460092,500.327944
736,20000,6,0.811576,,0.811576,0.8112,0.811427,527.2185,527.0138,527.13662,500.261331,500.460092,500.322885
737,20000,6,0.811576,,0.811576,0.811205,0.811456,527.2185,527.0138,527.150949,500.261331,500.460092,500.309905
738,20000,6,0.811576,,0.811576,0.811205,0.81147,527.2185,527.0138,527.159137,500.261331,500.41358,500.304751
739,20000,6,0.811576,,0.811576,0.811205,0.811474,527.2185,527.0138,527.163231,500.261331,500.41358,500.303841
740,20000,6,0.811576,,0.811576,0.811205,0.811484,527.2185,527.0138,527.169372,500.261331,500.41358,500.300439
741,20000,6,0.811576,,0.811576,0.811205,0.811487,527.2185,527.0138,527.171419,500.261331,500.41358,500.299553
742,20000,6,0.811582,,0.811582,0.811205,0.811495,527.2185,527.0138,527.181654,500.257176,500.41358,500.300172
743,20000,6,0.811582,,0.811582,0.811392,0.811505,527.2185,527.0138,527.191889,500.257176,500.314376,500.299075
744,20000,6,0.811582,,0.811582,0.811392,0.811514,527.2185,527.0138,527.202124,500.257176,500.314376,500.298863
745,20000,6,0.811582,,0.811582,0.811392,0.81152,527.2185,527.0138,527.206218,500.257176,500.314376,500.296934
746,20000,6,0.811582,,0.811582,0.811392,0.81153,527.2185,527.0138,527.212359,500.257176,500.314376,500.293347
747,20000,6,0.811582,,0.811582,0.811392,0.811537,527.2185,527.0138,527.216453,500.257176,500.314376,500.290273
748,20000,6,0.811582,,0.811582,0.811508,0.811547,527.2185,527.2185,527.2185,500.257176,500.314376,500.284165
749,20000,6,0.811582,,0.811582,0.811508,0.811551,527.2185,527.2185,527.2185,500.257176,500.314376,500.280899
750,20000,6,0.811582,,0.811582,0.811508,0.811554,527.2185,527.2185,527.2185,500.257176,500.314376,500.278611
751,20000,6,0.811582,,0.811582,0.811508,0.811557,527.2185,527.2185,527.2185,500.257176,500.314376,500.276365
752,20000,6,0.811582,,0.811582,0.811508,0.811563,527.2185,527.2185,527.2185,500.257176,500.314376,500.271258
753,20000,6,0.811582,,0.811582,0.811508,0.811567,527.2185,527.2185,527.2185,500.257176,500.314376,500.268523
754,20000,6,0.811582,,0.811582,0.811508,0.811571,527.2185,527.2185,527.2185,500.257176,500.314376,500.265257
755,20000,6,0.811582,,0.811582,0.811508,0.811575,527.2185,527.2185,527.2185,500.257176,500.314376,500.261991
756,20000,6,0.811582,,0.811582,0.811513,0.811581,527.2185,527.2185,527.2185,500.257176,500.310221,500.257706
757,20000,6,0.811582,,0.811582,0.811513,0.811581,527.2185,527.2185,527.2185,500.257176,500.310221,500.257706
758,20000,6,0.811582,,0.811582,0.811582,0.811582,527.2185,527.2185,527.2185,500.257176,500.257176,500.257176
759,20000,6,0.811582,,0.811582,0.811582,0.811582,527.2185,527.2185,527.2185,500.257176,500.257176,500.257176
760,20000,6,0.811582,,0.811582,0.811582,0.811582,527.2185,527.2185,527.2185,500.257176,500.257176,500.257176
761,20000,6,0.811582,,0.811582,0.811582,0.811582,527.2185,527.2185,527.2185,500.257176,500.257176,500.257176
762,20000,6,0.811582,,0.811582,0.811582,0.811582,527.2185,527.2185,527.2185,500.257176,500.257176,500.257176
763,20000,6,0.811582,,0.811582,0.811582,0.811582,527.2185,527.2185,527.2185,500.257176,500.257176,500.257176
764,20000,6,0.811582,,0.811582,0.811582,0.811582,527.2185,527.2185,527.2185,500.257176,500.257176,500.257176
765,20000,6,0.811854,,0.811854,0.810452,0.81156,527.3372,526.4673,527.201706,500.115081,500.634633,500.262825
766,20000,6,0.811854,,0.811854,0.811087,0.811589,527.3236,526.7836,527.217228,500.115081,500.351812,500.250589
767,20000,6,0.811854,,0.811854,0.811582,0.811601,527.3236,527.2185,527.225234,500.115081,500.257176,500.246531
768,20000,6,0.811859,,0.811859,0.811582,0.811613,527.3236,527.2185,527.229705,500.110925,500.257176,500.23984
769,20000,6,0.811859,,0.811859,0.811582,0.811627,527.3236,527.2185,527.23496,500.110925,500.257176,500.232652
770,20000,6,0.811859,,0.811859,0.811582,0.811646,527.3236,527.2185,527.2423,500.110925,500.257176,500.222906
771,20000,6,0.811859,,0.811859,0.811582,0.811663,527.3236,527.2185,527.249034,500.110925,500.257176,500.214351
772,20000,6,0.811859,,0.811859,0.811582,0.811682,527.3236,527.2185,527.256802,500.110925,500.257176,500.204132
773,20000,6,0.811859,,0.811859,0.811582,0.811706,527.3236,527.2185,527.266299,500.110925,500.257176,500.19203
774,20000,6,0.811859,,0.811859,0.811582,0.811721,527.3236,527.2185,527.272338,500.110925,500.257176,500.184179
775,20000,6,0.811859,,0.811859,0.811582,0.811739,527.3236,527.2185,527.278983,500.110925,500.257176,500.175207
776,20000,6,0.811859,,0.811859,0.811582,0.811747,527.3236,527.2185,527.28217,500.110925,500.257176,500.170446
777,20000,6,0.811859,,0.811859,0.811582,0.811761,527.3236,527.2185,527.287442,500.110925,500.257176,500.163071
778,20000,6,0.811859,,0.811859,0.811582,0.811778,527.3236,527.2185,527.293748,500.110925,500.257176,500.154213
779,20000,6,0.811859,,0.811859,0.811582,0.811785,527.3236,527.2185,527.296206,500.110925,500.257176,500.150571
780,20000,6,0.811859,,0.811859,0.811582,0.811797,527.3236,527.2185,527.300749,500.110925,500.257176,500.144359
781,20000,6,0.811859,,0.811859,0.811582,0.811815,527.3236,527.2185,527.307767,500.110925,500.257176,500.134525
782,20000,6,0.811859,,0.811859,0.811582,0.811829,527.3236,527.2185,527.313022,500.110925,500.257176,500.12713
783,20000,6,0.811859,,0.811859,0.811582,0.811839,527.3236,527.2185,527.316548,500.110925,500.257176,500.122043
784,20000,6,0.811859,,0.811859,0.811758,0.811849,527.3236,527.288,527.320413,500.110925,500.165912,500.116476
785,20000,6,0.811859,,0.811859,0.811758,0.811855,527.3236,527.288,527.322532,500.110925,500.165912,500.113281
786,20000,6,0.811859,,0.811859,0.811854,0.811858,527.3236,527.3236,527.323244,500.110925,500.115081,500.112015
787,20000,6,0.811859,,0.811859,0.811854,0.811859,527.3236,527.3236,527.3236,500.110925,500.115081,500.111382
788,20000,6,0.811859,,0.811859,0.811854,0.811859,527.3236,527.3236,527.3236,500.110925,500.115081,500.111133
789,20000,6,0.811859,,0.811859,0.811854,0.811859,527.3236,527.3236,527.3236,500.110925,500.115081,500.111008
790,20000,6,0.811859,,0.811859,0.811854,0.811859,527.3236,527.3236,527.3236,500.110925,500.115081,500.110967
791,20000,6,0.811859,,0.811859,0.811859,0.811859,527.3236,527.3236,527.3236,500.110925,500.110925,500.110925
792,20000,6,0.811859,,0.811859,0.811859,0.811859,527.3236,527.3236,527.3236,500.110925,500.110925,500.110925
793,20000,6,0.811859,,0.811859,0.811859,0.811859,527.3236,527.3236,527.3236,500.110925,500.110925,500.110925
794,20000,6,0.811859,,0.811859,0.811859,0.811859,527.3236,527.3236,527.3236,500.110925,500.110925,500.110925
795,20000,6,0.811859,,0.811859,0.811859,0.811859,527.3236,527.3236,527.3236,500.110925,500.110925,500.110925
796,20000,6,0.811859,,0.811859,0.811859,0.811859,527.3236,527.3236,527.3236,500.110925,500.110925,500.110925
797,20000,6,0.811859,,0.811859,0.811859,0.811859,527.3236,527.3236,527.3236,500.110925,500.110925,500.110925
798,20000,6,0.811859,,0.811859,0.811859,0.811859,527.3236,527.3236,527.3236,500.110925,500.110925,500.110925
799,20000,6,0.811859,,0.811859,0.811859,0.811859,527.3236,527.3236,527.3236,500.110925,500.110925,500.110925
800,20000,6,0.811859,,0.811859,0.811859,0.811859,527.3236,527.3236,527.3236,500.110925,500.110925,500.110925
801,20000,6,0.811859,,0.811859,0.811859,0.811859,527.3236,527.3236,527.3236,500.110925,500.110925,500.110925
802,20000,6,0.811859,,0.811859,0.811859,0.811859,527.3236,527.3236,527.3236,500.110925,500.110925,500.110925
803,20000,6,0.811859,,0.811859,0.811859,0.811859,527.3236,527.3236,527.3236,500.110925,500.110925,500.110925
804,20000,6,0.811859,,0.811859,0.811859,0.811859,527.3236,527.3236,527.3236,500.110925,500.110925,500.110925
805,20000,6,0.811859,,0.811859,0.811859,0.811859,527.3236,527.3236,527.3236,500.110925,500.110925,500.110925
806,20000,6,0.811859,,0.811859,0.811859,0.811859,527.3236,527.3236,527.3236,500.110925,500.110925,500.110925
807,20000,6,0.811859,,0.811859,0.811859,0.811859,527.3236,527.3236,527.3236,500.110925,500.110925,500.110925
808,20000,6,0.811859,,0.811859,0.811859,0.811859,527.3236,527.3236,527.3236,500.110925,500.110925,500.110925
809,20000,6,0.811859,,0.811859,0.811859,0.811859,527.3236,527.3236,527.3236,500.110925,500.110925,500.110925
810,20000,6,0.811859,,0.811859,0.811859,0.811859,527.3236,527.3236,527.3236,500.110925,500.110925,500.110925
811,20000,6,0.811859,,0.811859,0.811859,0.811859,527.3236,527.3236,527.3236,500.110925,500.110925,500.110925
812,20000,6,0.811859,,0.811859,0.811859,0.811859,527.3236,527.3236,527.3236,500.110925,500.110925,500.110925
813,20000,6,0.811859,,0.811859,0.811859,0.811859,527.3236,527.3236,527.3236,500.110925,500.110925,500.110925
814,20000,6,0.811859,,0.811859,0.811859,0.811859,527.3236,527.3236,527.3236,500.110925,500.110925,500.110925
815,20000,6,0.811859,,0.811859,0.811859,0.811859,527.3236,527.3236,527.3236,500.110925,500.110925,500.110925
816,20000,6,0.811859,,0.811859,0.811859,0.811859,527.3236,527.3236,527.3236,500.110925,500.110925,500.110925
817,20000,6,0.811859,,0.811859,0.811859,0.811859,527.3236,527.3236,527.3236,500.110925,500.110925,500.110925
818,20000,6,0.811859,,0.811859,0.811859,0.811859,527.3236,527.3236,527.3236,500.110925,500.110925,500.110925
819,20000,6,0.811859,,0.811859,0.811859,0.811859,527.3236,527.3236,527.3236,500.110925,500.110925,500.110925
820,20000,6,0.811859,,0.811859,0.811859,0.811859,527.3236,527.3236,527.3236,500.110925,500.110925,500.110925
821,20000,6,0.811859,,0.811859,0.811859,0.811859,527.3236,527.3236,527.3236,500.110925,500.110925,500.110925
822,20000,6,0.811859,,0.811859,0.811859,0.811859,527.3236,527.3236,527.3236,500.110925,500.110925,500.110925
823,20000,6,0.811859,,0.811859,0.811859,0.811859,527.3236,527.3236,527.3236,500.110925,500.110925,500.110925
824,20000,6,0.811859,,0.811859,0.811859,0.811859,527.3236,527.3236,527.3236,500.110925,500.110925,500.110925
825,20000,6,0.81186,,0.81186,0.811859,0.811859,527.3236,527.3236,527.3236,500.110301,500.110925,500.110919
826,20000,6,0.81186,,0.81186,0.811859,0.811859,527.3236,527.3236,527.3236,500.110301,500.110925,500.110907
827,20000,6,0.81186,,0.81186,0.811859,0.811859,527.3236,527.3236,527.3236,500.110301,500.110925,500.110894
828,20000,6,0.81186,,0.81186,0.811859,0.811859,527.3236,527.3236,527.3236,500.110301,500.110925,500.110882
829,20000,6,0.81186,,0.81186,0.811859,0.811859,527.3236,527.3236,527.3236,500.110301,500.110925,500.110875
830,20000,6,0.81186,,0.81186,0.811859,0.811859,527.3236,527.3236,527.3236,500.110301,500.110925,500.110863
831,20000,6,0.81186,,0.81186,0.811859,0.811859,527.3236,527.3236,527.3236,500.110301,500.110925,500.110857
832,20000,6,0.81186,,0.81186,0.811859,0.811859,527.3236,527.3236,527.3236,500.110301,500.110925,500.110844
833,20000,6,0.81186,,0.81186,0.811859,0.811859,527.3236,527.3236,527.3236,500.110301,500.110925,500.110844
834,20000,6,0.81186,,0.81186,0.811859,0.811859,527.3236,527.3236,527.3236,500.110301,500.110925,500.110838
835,20000,6,0.81186,,0.81186,0.811859,0.811859,527.3236,527.3236,527.3236,500.110301,500.110925,500.110832
836,20000,6,0.81186,,0.81186,0.811859,0.811859,527.3236,527.3236,527.3236,500.110301,500.110925,500.110813
837,20000,6,0.81186,,0.81186,0.811859,0.811859,527.3236,527.3236,527.3236,500.110301,500.110925,500.110807
838,20000,6,0.81186,,0.81186,0.811859,0.811859,527.3236,527.3236,527.3236,500.110301,500.110925,500.110769
839,20000,6,0.81186,,0.81186,0.811859,0.81186,527.3236,527.3236,527.3236,500.110301,500.110925,500.110757
840,20000,6,0.81186,,0.81186,0.811859,0.81186,527.3236,527.3236,527.3236,500.110301,500.110925,500.110713
841,20000,6,0.81186,,0.81186,0.811859,0.81186,527.3236,527.3236,527.3236,500.110301,500.110925,500.110688
842,20000,6,0.81186,,0.81186,0.811859,0.81186,527.3236,527.3236,527.3236,500.110301,500.110925,500.110663
843,20000,6,0.81186,,0.81186,0.811859,0.81186,527.3236,527.3236,527.3236,500.110301,500.110925,500.110632
844,20000,6,0.81186,,0.81186,0.811859,0.81186,527.3236,527.3236,527.3236,500.110301,500.110925,500.110613
845,20000,6,0.81186,,0.81186,0.811859,0.81186,527.3236,527.3236,527.3236,500.110301,500.110925,500.110588
846,20000,6,0.81186,,0.81186,0.811859,0.81186,527.3236,527.3236,527.3236,500.110301,500.110925,500.110563
847,20000,6,0.81186,,0.81186,0.811859,0.81186,527.3236,527.3236,527.3236,500.110301,500.110925,500.110513
848,20000,6,0.81186,,0.81186,0.811859,0.81186,527.3236,527.3236,527.3236,500.110301,500.110925,500.110495
849,20000,6,0.81186,,0.81186,0.811859,0.81186,527.3236,527.3236,527.3236,500.110301,500.110925,500.110463
850,20000,6,0.812621,,0.812621,0.811859,0.811876,528.017,527.3236,527.339961,499.981386,500.151802,500.108643
851,20000,6,0.812621,,0.812621,0.811859,0.811885,528.017,527.3236,527.348557,499.981386,500.151802,500.107924
852,20000,6,0.812621,,0.812621,0.811859,0.811894,528.017,527.3236,527.357153,499.981386,500.151802,500.106585
853,20000,6,0.812621,,0.812621,0.811859,0.811902,528.017,527.3236,527.36658,499.981386,500.151802,500.106084
854,20000,6,0.812621,,0.812621,0.811859,0.811948,528.017,527.3236,527.410677,499.981386,500.151802,500.10045
855,20000,6,0.812621,,0.812621,0.811859,0.811971,528.017,527.3236,527.433141,499.981386,500.151802,500.097413
856,20000,6,0.812621,,0.812621,0.81186,0.811995,528.017,527.3236,527.457267,499.981386,500.151802,500.094959
857,20000,6,0.812621,,0.812621,0.81186,0.812047,528.017,527.3236,527.505805,499.981386,500.151802,500.086784
858,20000,6,0.812621,,0.812621,0.81186,0.812092,528.017,527.3236,527.547409,499.981386,500.151802,500.079487
859,20000,6,0.812621,,0.812621,0.81186,0.81216,528.017,527.3236,527.609815,499.981386,500.151802,500.068518
860,20000,6,0.812621,,0.812621,0.81186,0.812218,528.017,527.3236,527.664456,499.981386,500.151802,500.059305
861,20000,6,0.812621,,0.812621,0.81186,0.812233,528.017,527.3236,527.677493,499.981386,500.151802,500.056299
862,20000,6,0.812621,,0.812621,0.81186,0.812277,528.017,527.3236,527.717435,499.981386,500.151802,500.048793
863,20000,6,0.812621,,0.812621,0.81186,0.812343,528.017,527.3236,527.775686,499.981386,500.151802,500.036206
864,20000,6,0.812621,,0.812621,0.81186,0.812395,528.017,527.3236,527.822562,499.981386,500.151178,500.027436
865,20000,6,0.812621,,0.812621,0.81186,0.812431,528.017,527.3236,527.85557,499.981386,500.151178,500.021414
866,20000,6,0.812621,,0.812621,0.81186,0.812471,528.017,527.3236,527.891071,499.981386,500.151178,500.014129
867,20000,6,0.812621,,0.812621,0.81186,0.812495,528.017,527.3236,527.912704,499.981386,500.151178,500.009809
868,20000,6,0.812621,,0.812621,0.81186,0.812519,528.017,527.3236,527.932675,499.981386,500.129626,500.004886
869,20000,6,0.812621,,0.812621,0.81186,0.812556,528.017,527.3236,527.966514,499.981386,500.129626,499.998031
870,20000,6,0.812621,,0.812621,0.81186,0.812579,528.017,527.3236,527.985654,499.981386,500.129626,499.992915
871,20000,6,0.812621,,0.812621,0.811907,0.812595,528.017,527.4067,527.998691,499.981386,500.129626,499.989282
872,20000,6,0.812621,,0.812621,0.811907,0.812604,528.017,527.4067,528.004794,499.981386,500.129626,499.986291
873,20000,6,0.812621,,0.812621,0.811907,0.812612,528.017,527.4067,528.010897,499.981386,500.129626,499.984593
874,20000,6,0.812621,,0.812621,0.812593,0.812619,528.017,528.017,528.017,499.981386,500.002938,499.982679
875,20000,6,0.812621,,0.812621,0.812593,0.81262,528.017,528.017,528.017,499.981386,500.002938,499.982248
876,20000,6,0.812621,,0.812621,0.812593,0.812621,528.017,528.017,528.017,499.981386,500.002938,499.981602
877,20000,6,0.812621,,0.812621,0.812621,0.812621,528.017,528.017,528.017,499.981386,499.981386,499.981386
878,20000,6,0.812621,,0.812621,0.812621,0.812621,528.017,528.017,528.017,499.981386,499.981386,499.981386
879,20000,6,0.812621,,0.812621,0.812621,0.812621,528.017,528.017,528.017,499.981386,499.981386,499.981386
880,20000,6,0.812621,,0.812621,0.812621,0.812621,528.017,528.017,528.017,499.981386,499.981386,499.981386
881,20000,6,0.812621,,0.812621,0.812621,0.812621,528.017,528.017,528.017,499.981386,499.981386,499.981386
882,20000,6,0.812621,,0.812621,0.812621,0.812621,528.017,528.017,528.017,499.981386,499.981386,499.981386
883,20000,6,0.812621,,0.812621,0.812621,0.812621,528.017,528.017,528.017,499.981386,499.981386,499.981386
884,20000,6,0.812621,,0.812621,0.812621,0.812621,528.017,528.017,528.017,499.981386,499.981386,499.981386
885,20000,6,0.812621,,0.812621,0.812621,0.812621,528.017,528.017,528.017,499.981386,499.981386,499.981386
886,20000,6,0.812621,,0.812621,0.812621,0.812621,528.017,528.017,528.017,499.981386,499.981386,499.981386
887,20000,6,0.812621,,0.812621,0.812621,0.812621,528.017,528.017,528.017,499.981386,499.981386,499.981386
888,20000,6,0.812621,,0.812621,0.812621,0.812621,528.017,528.017,528.017,499.981386,499.981386,499.981386
889,20000,6,0.812621,,0.812621,0.812621,0.812621,528.017,528.017,528.017,499.981386,499.981386,499.981386
890,20000,6,0.812621,,0.812621,0.812621,0.812621,528.017,528.017,528.017,499.981386,499.981386,499.981386
891,20000,6,0.812621,,0.812621,0.812621,0.812621,528.017,528.017,528.017,499.981386,499.981386,499.981386
892,20000,6,0.812621,,0.812621,0.812621,0.812621,528.017,528.017,528.017,499.981386,499.981386,499.981386
893,20000,6,0.812621,,0.812621,0.812621,0.812621,528.017,528.017,528.017,499.981386,499.981386,499.981386
894,20000,6,0.812621,,0.812621,0.812621,0.812621,528.017,528.017,528.017,499.981386,499.981386,499.981386
895,20000,6,0.812621,,0.812621,0.812621,0.812621,528.017,528.017,528.017,499.981386,499.981386,499.981386
896,20000,6,0.812621,,0.812621,0.812621,0.812621,528.017,528.017,528.017,499.981386,499.981386,499.981386
897,20000,6,0.812621,,0.812621,0.812621,0.812621,528.017,528.017,528.017,499.981386,499.981386,499.981386
898,20000,6,0.812621,,0.812621,0.812621,0.812621,528.017,528.017,528.017,499.981386,499.981386,499.981386
899,20000,6,0.812621,,0.812621,0.812621,0.812621,528.017,528.017,528.017,499.981386,499.981386,499.981386
900,20000,6,0.812621,,0.812621,0.812621,0.812621,528.017,528.017,528.017,499.981386,499.981386,499.981386
901,20000,6,0.812621,,0.812621,0.812621,0.812621,528.017,528.017,528.017,499.981386,499.981386,499.981386
902,20000,6,0.812621,,0.812621,0.812621,0.812621,528.017,528.017,528.017,499.981386,499.981386,499.981386
903,20000,6,0.812621,,0.812621,0.812621,0.812621,528.017,528.017,528.017,499.981386,499.981386,499.981386
904,20000,6,0.812621,,0.812621,0.812621,0.812621,528.017,528.017,528.017,499.981386,499.981386,499.981386
905,20000,6,0.812621,,0.812621,0.812621,0.812621,528.017,528.017,528.017,499.981386,499.981386,499.981386
906,20000,6,0.812621,,0.812621,0.812621,0.812621,528.017,528.017,528.017,499.981386,499.981386,499.981386
907,20000,6,0.812621,,0.812621,0.812621,0.812621,528.017,528.017,528.017,499.981386,499.981386,499.981386
908,20000,6,0.812621,,0.812621,0.812621,0.812621,528.017,528.017,528.017,499.981386,499.981386,499.981386
909,20000,6,0.812621,,0.812621,0.812621,0.812621,528.017,528.017,528.017,499.981386,499.981386,499.981386
910,20000,6,0.812621,,0.812621,0.812621,0.812621,528.017,528.017,528.017,499.981386,499.981386,499.981386
911,20000,6,0.812621,,0.812621,0.812621,0.812621,528.017,528.017,528.017,499.981386,499.981386,499.981386
912,20000,6,0.812621,,0.812621,0.812621,0.812621,528.017,528.017,528.017,499.981386,499.981386,499.981386
913,20000,6,0.812621,,0.812621,0.812621,0.812621,528.017,528.017,528.017,499.981386,499.981386,499.981386
914,20000,6,0.812621,,0.812621,0.812621,0.812621,528.017,528.017,528.017,499.981386,499.981386,499.981386
915,20000,6,0.812621,,0.812621,0.812621,0.812621,528.017,528.017,528.017,499.981386,499.981386,499.981386
916,20000,6,0.812621,,0.812621,0.812621,0.812621,528.017,528.017,528.017,499.981386,499.981386,499.981386
917,20000,6,0.812621,,0.812621,0.812621,0.812621,528.017,528.017,528.017,499.981386,499.981386,499.981386
918,20000,6,0.812621,,0.812621,0.812621,0.812621,528.017,528.017,528.017,499.981386,499.981386,499.981386
919,20000,6,0.812621,,0.812621,0.812621,0.812621,528.017,528.017,528.017,499.981386,499.981386,499.981386
920,20000,6,0.812621,,0.812621,0.812621,0.812621,528.017,528.017,528.017,499.981386,499.981386,499.981386
921,20000,6,0.812621,,0.812621,0.812621,0.812621,528.017,528.017,528.017,499.981386,499.981386,499.981386
922,20000,6,0.812621,,0.812621,0.812621,0.812621,528.017,528.017,528.017,499.981386,499.981386,499.981386
923,20000,6,0.812621,,0.812621,0.812621,0.812621,528.017,528.017,528.017,499.981386,499.981386,499.981386
924,20000,6,0.812621,,0.812621,0.812621,0.812621,528.017,528.017,528.017,499.981386,499.981386,499.981386
925,20000,6,0.812621,,0.812621,0.812621,0.812621,528.017,528.017,528.017,499.981386,499.981386,499.981386
926,20000,6,0.812621,,0.812621,0.812621,0.812621,528.017,528.017,528.017,499.981386,499.981386,499.981386
927,20000,6,0.812621,,0.812621,0.812621,0.812621,528.017,528.017,528.017,499.981386,499.981386,499.981386
928,20000,6,0.812621,,0.812621,0.812621,0.812621,528.017,528.017,528.017,499.981386,499.981386,499.981386
929,20000,6,0.812621,,0.812621,0.812621,0.812621,528.017,528.017,528.017,499.981386,499.981386,499.981386
930,20000,6,0.812621,,0.812621,0.812621,0.812621,528.017,528.017,528.017,499.981386,499.981386,499.981386
931,20000,6,0.812621,,0.812621,0.812621,0.812621,528.017,528.017,528.017,499.981386,499.981386,499.981386
932,20000,6,0.812621,,0.812621,0.812621,0.812621,528.017,528.017,528.017,499.981386,499.981386,499.981386
933,20000,6,0.812621,,0.812621,0.812621,0.812621,528.017,528.017,528.017,499.981386,499.981386,499.981386
934,20000,6,0.812621,,0.812621,0.812621,0.812621,528.017,528.017,528.017,499.981386,499.981386,499.981386
935,20000,6,0.812899,,0.812899,0.812621,0.812632,528.1296,528.017,528.021504,499.840219,499.981386,499.975739
936,20000,6,0.812899,,0.812899,0.812621,0.812646,528.1296,528.017,528.027134,499.840219,499.981386,499.968681
937,20000,6,0.812899,,0.812899,0.812621,0.81266,528.1296,528.017,528.032764,499.840219,499.981386,499.961623
938,20000,6,0.812899,,0.812899,0.812621,0.812679,528.1296,528.017,528.040646,499.840219,499.981386,499.951741
939,20000,6,0.812899,,0.812899,0.812621,0.812694,528.1296,528.017,528.047402,499.840219,499.985934,499.944728
940,20000,6,0.812899,,0.812899,0.812621,0.812724,528.1296,528.017,528.058662,499.840219,499.981386,499.929154
941,20000,6,0.812899,,0.812899,0.812621,0.812747,528.1296,528.017,528.068796,499.840219,499.985934,499.917906
942,20000,6,0.812899,,0.812899,0.812621,0.81278,528.1296,528.017,528.082308,499.840219,499.985934,499.900966
943,20000,6,0.812899,,0.812899,0.812621,0.812816,528.1296,528.017,528.096946,499.840219,499.985934,499.882614
944,20000,6,0.812899,,0.812899,0.812621,0.812836,528.1296,528.017,528.104828,499.840219,499.985934,499.872733
945,20000,6,0.812899,,0.812899,0.812621,0.812858,528.1296,528.017,528.113836,499.840219,499.985934,499.861439
946,20000,6,0.812899,,0.812899,0.812621,0.812875,528.1296,528.017,528.120592,499.840219,499.985934,499.852969
947,20000,6,0.812899,,0.812899,0.812621,0.812888,528.1296,528.017,528.125096,499.840219,499.981386,499.845865
948,20000,6,0.812899,,0.812899,0.812621,0.81289,528.1296,528.017,528.126222,499.840219,499.981386,499.844454
949,20000,6,0.812899,,0.812899,0.812621,0.81289,528.1296,528.017,528.126222,499.840219,499.981386,499.844454
950,20000,6,0.812899,,0.812899,0.812621,0.812896,528.1296,528.017,528.128474,499.840219,499.981386,499.84163
951,20000,6,0.812899,,0.812899,0.812899,0.812899,528.1296,528.1296,528.1296,499.840219,499.840219,499.840219
952,20000,6,0.812899,,0.812899,0.812899,0.812899,528.1296,528.1296,528.1296,499.840219,499.840219,499.840219
953,20000,6,0.812899,,0.812899,0.812899,0.812899,528.1296,528.1296,528.1296,499.840219,499.840219,499.840219
954,20000,6,0.812899,,0.812899,0.812899,0.812899,528.1296,528.1296,528.1296,499.840219,499.840219,499.840219
955,20000,6,0.812899,,0.812899,0.812899,0.812899,528.1296,528.1296,528.1296,499.840219,499.840219,499.840219
956,20000,6,0.812899,,0.812899,0.812899,0.812899,528.1296,528.1296,528.1296,499.840219,499.840219,499.840219
957,20000,6,0.812899,,0.812899,0.812899,0.812899,528.1296,528.1296,528.1296,499.840219,499.840219,499.840219
958,20000,6,0.812899,,0.812899,0.812899,0.812899,528.1296,528.1296,528.1296,499.840219,499.840219,499.840219
959,20000,6,0.812899,,0.812899,0.812899,0.812899,528.1296,528.1296,528.1296,499.840219,499.840219,499.840219
960,20000,6,0.812899,,0.812899,0.812899,0.812899,528.1296,528.1296,528.1296,499.840219,499.840219,499.840219
961,20000,6,0.812899,,0.812899,0.812899,0.812899,528.1296,528.1296,528.1296,499.840219,499.840219,499.840219
962,20000,6,0.812899,,0.812899,0.812899,0.812899,528.1296,528.1296,528.1296,499.840219,499.840219,499.840219
963,20000,6,0.812899,,0.812899,0.812899,0.812899,528.1296,528.1296,528.1296,499.840219,499.840219,499.840219
964,20000,6,0.812899,,0.812899,0.812899,0.812899,528.1296,528.1296,528.1296,499.840219,499.840219,499.840219
965,20000,6,0.812899,,0.812899,0.812899,0.812899,528.1296,528.1296,528.1296,499.840219,499.840219,499.840219
966,20000,6,0.812899,,0.812899,0.812899,0.812899,528.1296,528.1296,528.1296,499.840219,499.840219,499.840219
967,20000,6,0.812899,,0.812899,0.812899,0.812899,528.1296,528.1296,528.1296,499.840219,499.840219,499.840219
968,20000,6,0.812899,,0.812899,0.812899,0.812899,528.1296,528.1296,528.1296,499.840219,499.840219,499.840219
969,20000,6,0.812899,,0.812899,0.812899,0.812899,528.1296,528.1296,528.1296,499.840219,499.840219,499.840219
970,20000,6,0.812899,,0.812899,0.812899,0.812899,528.1296,528.1296,528.1296,499.840219,499.840219,499.840219
971,20000,6,0.812899,,0.812899,0.812899,0.812899,528.1296,528.1296,528.1296,499.840219,499.840219,499.840219
972,20000,6,0.812899,,0.812899,0.812899,0.812899,528.1296,528.1296,528.1296,499.840219,499.840219,499.840219
973,20000,6,0.812899,,0.812899,0.812899,0.812899,528.1296,528.1296,528.1296,499.840219,499.840219,499.840219
974,20000,6,0.812899,,0.812899,0.812899,0.812899,528.1296,528.1296,528.1296,499.840219,499.840219,499.840219
975,20000,6,0.812899,,0.812899,0.812899,0.812899,528.1296,528.1296,528.1296,499.840219,499.840219,499.840219
976,20000,6,0.812899,,0.812899,0.812899,0.812899,528.1296,528.1296,528.1296,499.840219,499.840219,499.840219
977,20000,6,0.812899,,0.812899,0.812899,0.812899,528.1296,528.1296,528.1296,499.840219,499.840219,499.840219
978,20000,6,0.812899,,0.812899,0.812899,0.812899,528.1296,528.1296,528.1296,499.840219,499.840219,499.840219
979,20000,6,0.812899,,0.812899,0.812899,0.812899,528.1296,528.1296,528.1296,499.840219,499.840219,499.840219
980,20000,6,0.812899,,0.812899,0.812899,0.812899,528.1296,528.1296,528.1296,499.840219,499.840219,499.840219
981,20000,6,0.812899,,0.812899,0.812899,0.812899,528.1296,528.1296,528.1296,499.840219,499.840219,499.840219
982,20000,6,0.812899,,0.812899,0.812899,0.812899,528.1296,528.1296,528.1296,499.840219,499.840219,499.840219
983,20000,6,0.812899,,0.812899,0.812899,0.812899,528.1296,528.1296,528.1296,499.840219,499.840219,499.840219
984,20000,6,0.812899,,0.812899,0.812899,0.812899,528.1296,528.1296,528.1296,499.840219,499.840219,499.840219
985,20000,6,0.812899,,0.812899,0.812899,0.812899,528.1296,528.1296,528.1296,499.840219,499.840219,499.840219
986,20000,6,0.812899,,0.812899,0.812899,0.812899,528.1296,528.1296,528.1296,499.840219,499.840219,499.840219
987,20000,6,0.812899,,0.812899,0.812899,0.812899,528.1296,528.1296,528.1296,499.840219,499.840219,499.840219
988,20000,6,0.812899,,0.812899,0.812899,0.812899,528.1296,528.1296,528.1296,499.840219,499.840219,499.840219
989,20000,6,0.812899,,0.812899,0.812899,0.812899,528.1296,528.1296,528.1296,499.840219,499.840219,499.840219
990,20000,6,0.812899,,0.812899,0.812899,0.812899,528.1296,528.1296,528.1296,499.840219,499.840219,499.840219
991,20000,6,0.812899,,0.812899,0.812899,0.812899,528.1296,528.1296,528.1296,499.840219,499.840219,499.840219
992,20000,6,0.812899,,0.812899,0.812899,0.812899,528.1296,528.1296,528.1296,499.840219,499.840219,499.840219
993,20000,6,0.812899,,0.812899,0.812899,0.812899,528.1296,528.1296,528.1296,499.840219,499.840219,499.840219
994,20000,6,0.812899,,0.812899,0.812899,0.812899,528.1296,528.1296,528.1296,499.840219,499.840219,499.840219
995,20000,6,0.812899,,0.812899,0.812899,0.812899,528.1296,528.1296,528.1296,499.840219,499.840219,499.840219
996,20000,6,0.812899,,0.812899,0.812899,0.812899,528.1296,528.1296,528.1296,499.840219,499.840219,499.840219
997,20000,6,0.812899,,0.812899,0.812899,0.812899,528.1296,528.1296,528.1296,499.840219,499.840219,499.840219
998,20000,6,0.812899,,0.812899,0.812899,0.812899,528.1296,528.1296,528.1296,499.840219,499.840219,499.840219
999,20000,6,0.812899,,0.812899,0.812899,0.812899,528.1296,528.1296,528.1296,499.840219,499.840219,499.840219
1000,20000,6,0.812899,,0.812899,0.812899,0.812899,528.1296,528.1296,528.1296,499.840219,499.840219,499.840219
1001,20000,6,0.812899,,0.812899,0.812899,0.812899,528.1296,528.1296,528.1296,499.840219,499.840219,499.840219
1002,20000,6,0.812899,,0.812899,0.812899,0.812899,528.1296,528.1296,528.1296,499.840219,499.840219,499.840219
1003,20000,6,0.812899,,0.812899,0.812899,0.812899,528.1296,528.1296,528.1296,499.840219,499.840219,499.840219
1004,20000,6,0.812899,,0.812899,0.812899,0.812899,528.1296,528.1296,528.1296,499.840219,499.840219,499.840219
1005,20000,6,0.812899,,0.812899,0.812899,0.812899,528.1296,528.1296,528.1296,499.840219,499.840219,499.840219
1006,20000,6,0.812899,,0.812899,0.812899,0.812899,528.1296,528.1296,528.1296,499.840219,499.840219,499.840219
1007,20000,6,0.812899,,0.812899,0.812899,0.812899,528.1296,528.1296,528.1296,499.840219,499.840219,499.840219
1008,20000,6,0.812899,,0.812899,0.812899,0.812899,528.1296,528.1296,528.1296,499.840219,499.840219,499.840219
1009,20000,6,0.812899,,0.812899,0.812899,0.812899,528.1296,528.1296,528.1296,499.840219,499.840219,499.840219
1010,20000,6,0.812899,,0.812899,0.812899,0.812899,528.1296,528.1296,528.1296,499.840219,499.840219,499.840219
1011,20000,6,0.812899,,0.812899,0.812899,0.812899,528.1296,528.1296,528.1296,499.840219,499.840219,499.840219
1012,20000,6,0.812899,,0.812899,0.812899,0.812899,528.1296,528.1296,528.1296,499.840219,499.840219,499.840219
1013,20000,6,0.812899,,0.812899,0.812899,0.812899,528.1296,528.1296,528.1296,499.840219,499.840219,499.840219
1014,20000,6,0.812899,,0.812899,0.812899,0.812899,528.1296,528.1296,528.1296,499.840219,499.840219,499.840219
1015,20000,6,0.812899,,0.812899,0.812899,0.812899,528.1296,528.1296,528.1296,499.840219,499.840219,499.840219
1016,20000,6,0.812899,,0.812899,0.812899,0.812899,528.1296,528.1296,528.1296,499.840219,499.840219,499.840219
1017,20000,6,0.812899,,0.812899,0.812899,0.812899,528.1296,528.1296,528.1296,499.840219,499.840219,499.840219
1018,20000,6,0.812899,,0.812899,0.812899,0.812899,528.1296,528.1296,528.1296,499.840219,499.840219,499.840219
1019,20000,6,0.812899,,0.812899,0.812899,0.812899,528.1296,528.1296,528.1296,499.840219,499.840219,499.840219
1020,20000,6,0.812899,,0.812899,0.812899,0.812899,528.1296,528.1296,528.1296,499.840219,499.840219,499.840219
1021,20000,6,0.812899,,0.812899,0.812899,0.812899,528.1296,528.1296,528.1296,499.840219,499.840219,499.840219
1022,20000,6,0.812899,,0.812899,0.812899,0.812899,528.1296,528.1296,528.1296,499.840219,499.840219,499.840219
1023,20000,6,0.812899,,0.812899,0.812899,0.812899,528.1296,528.1296,528.1296,499.840219,499.840219,499.840219
1024,20000,6,0.812899,,0.812899,0.812899,0.812899,528.1296,528.1296,528.1296,499.840219,499.840219,499.840219
1025,20000,6,0.812899,,0.812899,0.812899,0.812899,528.1296,528.1296,528.1296,499.840219,499.840219,499.840219
1026,20000,6,0.812899,,0.812899,0.812899,0.812899,528.1296,528.1296,528.1296,499.840219,499.840219,499.840219
1027,20000,6,0.812899,,0.812899,0.812899,0.812899,528.1296,528.1296,528.1296,499.840219,499.840219,499.840219
1028,20000,6,0.812899,,0.812899,0.812899,0.812899,528.1296,528.1296,528.1296,499.840219,499.840219,499.840219
1029,20000,6,0.812899,,0.812899,0.812899,0.812899,528.1296,528.1296,528.1296,499.840219,499.840219,499.840219
1030,20000,6,0.812899,,0.812899,0.812899,0.812899,528.1296,528.1296,528.1296,499.840219,499.840219,499.840219
1031,20000,6,0.812899,,0.812899,0.812899,0.812899,528.1296,528.1296,528.1296,499.840219,499.840219,499.840219
1032,20000,6,0.812899,,0.812899,0.812899,0.812899,528.1296,528.1296,528.1296,499.840219,499.840219,499.840219
1033,20000,6,0.812899,,0.812899,0.812899,0.812899,528.1296,528.1296,528.1296,499.840219,499.840219,499.840219
1034,20000,6,0.812899,,0.812899,0.812899,0.812899,528.1296,528.1296,528.1296,499.840219,499.840219,499.840219
1035,20000,6,0.812899,,0.812899,0.812899,0.812899,528.1296,528.1296,528.1296,499.840219,499.840219,499.840219
1036,20000,6,0.812899,,0.812899,0.812899,0.812899,528.1296,528.1296,528.1296,499.840219,499.840219,499.840219
1037,20000,6,0.812899,,0.812899,0.812899,0.812899,528.1296,528.1296,528.1296,499.840219,499.840219,499.840219
1038,20000,6,0.812899,,0.812899,0.812899,0.812899,528.1296,528.1296,528.1296,499.840219,499.840219,499.840219
1039,20000,6,0.812899,,0.812899,0.812899,0.812899,528.1296,528.1296,528.1296,499.840219,499.840219,499.840219
1040,20000,6,0.812899,,0.812899,0.812899,0.812899,528.1296,528.1296,528.1296,499.840219,499.840219,499.840219
1041,20000,6,0.812899,,0.812899,0.812899,0.812899,528.1296,528.1296,528.1296,499.840219,499.840219,499.840219
1042,20000,6,0.812899,,0.812899,0.812899,0.812899,528.1296,528.1296,528.1296,499.840219,499.840219,499.840219
1043,20000,6,0.812899,,0.812899,0.812899,0.812899,528.1296,528.1296,528.1296,499.840219,499.840219,499.840219
1044,20000,6,0.812899,,0.812899,0.812899,0.812899,528.1296,528.1296,528.1296,499.840219,499.840219,499.840219
1045,20000,6,0.812899,,0.812899,0.812899,0.812899,528.1296,528.1296,528.1296,499.840219,499.840219,499.840219
1046,20000,6,0.812899,,0.812899,0.812899,0.812899,528.1296,528.1296,528.1296,499.840219,499.840219,499.840219
1047,20000,6,0.812899,,0.812899,0.812899,0.812899,528.1296,528.1296,528.1296,499.840219,499.840219,499.840219
1048,20000,6,0.812899,,0.812899,0.812899,0.812899,528.1296,528.1296,528.1296,499.840219,499.840219,499.840219
1049,20000,6,0.812899,,0.812899,0.812899,0.812899,528.1296,528.1296,528.1296,499.840219,499.840219,499.840219
1050,20000,6,0.812899,,0.812899,0.812899,0.812899,528.1296,528.1296,528.1296,499.840219,499.840219,499.840219
1051,20000,6,0.812899,,0.812899,0.812899,0.812899,528.1296,528.1296,528.1296,499.840219,499.840219,499.840219
1052,20000,6,0.812899,,0.812899,0.812899,0.812899,528.1296,528.1296,528.1296,499.840219,499.840219,499.840219
1053,20000,6,0.812899,,0.812899,0.812899,0.812899,528.1296,528.1296,528.1296,499.840219,499.840219,499.840219
1054,20000,6,0.812899,,0.812899,0.812899,0.812899,528.1296,528.1296,528.1296,499.840219,499.840219,499.840219
1055,20000,6,0.812899,,0.812899,0.812899,0.812899,528.1296,528.1296,528.1296,499.840219,499.840219,499.840219
1056,20000,6,0.812899,,0.812899,0.812899,0.812899,528.1296,528.1296,528.1296,499.840219,499.840219,499.840219
1057,20000,6,0.812899,,0.812899,0.812899,0.812899,528.1296,528.1296,528.1296,499.840219,499.840219,499.840219
1058,20000,6,0.812899,,0.812899,0.812899,0.812899,528.1296,528.1296,528.1296,499.840219,499.840219,499.840219
1059,20000,6,0.812899,,0.812899,0.812899,0.812899,528.1296,528.1296,528.1296,499.840219,499.840219,499.840219
1060,20000,6,0.812899,,0.812899,0.812899,0.812899,528.1296,528.1296,528.1296,499.840219,499.840219,499.840219
1061,20000,6,0.812899,,0.812899,0.812899,0.812899,528.1296,528.1296,528.1296,499.840219,499.840219,499.840219
1062,20000,6,0.812899,,0.812899,0.812899,0.812899,528.1296,528.1296,528.1296,499.840219,499.840219,499.840219
1063,20000,6,0.812899,,0.812899,0.812899,0.812899,528.1296,528.1296,528.1296,499.840219,499.840219,499.840219
1064,20000,6,0.812899,,0.812899,0.812899,0.812899,528.1296,528.1296,528.1296,499.840219,499.840219,499.840219
1065,20000,6,0.812899,,0.812899,0.812899,0.812899,528.1296,528.1296,528.1296,499.840219,499.840219,499.840219
1066,20000,6,0.812899,,0.812899,0.812899,0.812899,528.1296,528.1296,528.1296,499.840219,499.840219,499.840219
1067,20000,6,0.812899,,0.812899,0.812899,0.812899,528.1296,528.1296,528.1296,499.840219,499.840219,499.840219
1068,20000,6,0.812899,,0.812899,0.812899,0.812899,528.1296,528.1296,528.1296,499.840219,499.840219,499.840219
1069,20000,6,0.812899,,0.812899,0.812899,0.812899,528.1296,528.1296,528.1296,499.840219,499.840219,499.840219
1070,20000,6,0.812899,,0.812899,0.812899,0.812899,528.1296,528.1296,528.1296,499.840219,499.840219,499.840219
1071,20000,6,0.812899,,0.812899,0.812899,0.812899,528.1296,528.1296,528.1296,499.840219,499.840219,499.840219
1072,20000,6,0.812899,,0.812899,0.812899,0.812899,528.1296,528.1296,528.1296,499.840219,499.840219,499.840219
1073,20000,6,0.812899,,0.812899,0.812899,0.812899,528.1296,528.1296,528.1296,499.840219,499.840219,499.840219
1074,20000,6,0.812899,,0.812899,0.812899,0.812899,528.1296,528.1296,528.1296,499.840219,499.840219,499.840219
1075,20000,6,0.812899,,0.812899,0.812899,0.812899,528.1296,528.1296,528.1296,499.840219,499.840219,499.840219
1076,20000,6,0.812899,,0.812899,0.812899,0.812899,528.1296,528.1296,528.1296,499.840219,499.840219,499.840219
1077,20000,6,0.812899,,0.812899,0.812899,0.812899,528.1296,528.1296,528.1296,499.840219,499.840219,499.840219
1078,20000,6,0.812899,,0.812899,0.812899,0.812899,528.1296,528.1296,528.1296,499.840219,499.840219,499.840219
1079,20000,6,0.812899,,0.812899,0.812899,0.812899,528.1296,528.1296,528.1296,499.840219,499.840219,499.840219
1080,20000,6,0.812899,,0.812899,0.812899,0.812899,528.1296,528.1296,528.1296,499.840219,499.840219,499.840219
1081,20000,6,0.812899,,0.812899,0.812899,0.812899,528.1296,528.1296,528.1296,499.840219,499.840219,499.840219
1082,20000,6,0.812899,,0.812899,0.812899,0.812899,528.1296,528.1296,528.1296,499.840219,499.840219,499.840219
1083,20000,6,0.812899,,0.812899,0.812899,0.812899,528.1296,528.1296,528.1296,499.840219,499.840219,499.840219
1084,20000,6,0.812899,,0.812899,0.812899,0.812899,528.1296,528.1296,528.1296,499.840219,499.840219,499.840219
1085,20000,6,0.812899,,0.812899,0.812899,0.812899,528.1296,528.1296,528.1296,499.840219,499.840219,499.840219
1086,20000,6,0.812899,,0.812899,0.812899,0.812899,528.1296,528.1296,528.1296,499.840219,499.840219,499.840219
1087,20000,6,0.812899,,0.812899,0.812899,0.812899,528.1296,528.1296,528.1296,499.840219,499.840219,499.840219
1088,20000,6,0.812899,,0.812899,0.812899,0.812899,528.1296,528.1296,528.1296,499.840219,499.840219,499.840219
1089,20000,6,0.812899,,0.812899,0.812899,0.812899,528.1296,528.1296,528.1296,499.840219,499.840219,499.840219
1090,20000,6,0.812899,,0.812899,0.812899,0.812899,528.1296,528.1296,528.1296,499.840219,499.840219,499.840219
1091,20000,6,0.812899,,0.812899,0.812899,0.812899,528.1296,528.1296,528.1296,499.840219,499.840219,499.840219
1092,20000,6,0.812899,,0.812899,0.812899,0.812899,528.1296,528.1296,528.1296,499.840219,499.840219,499.840219
1093,20000,6,0.812899,,0.812899,0.812899,0.812899,528.1296,528.1296,528.1296,499.840219,499.840219,499.840219
1094,20000,6,0.812899,,0.812899,0.812899,0.812899,528.1296,528.1296,528.1296,499.840219,499.840219,499.840219
1095,20000,6,0.812899,,0.812899,0.812899,0.812899,528.1296,528.1296,528.1296,499.840219,499.840219,499.840219
1096,20000,6,0.812899,,0.812899,0.812899,0.812899,528.1296,528.1296,528.1296,499.840219,499.840219,499.840219
1097,20000,6,0.812899,,0.812899,0.812899,0.812899,528.1296,528.1296,528.1296,499.840219,499.840219,499.840219
1098,20000,6,0.812899,,0.812899,0.812899,0.812899,528.1296,528.1296,528.1296,499.840219,499.840219,499.840219
1099,20000,6,0.812899,,0.812899,0.812899,0.812899,528.1296,528.1296,528.1296,499.840219,499.840219,499.840219
1100,20000,6,0.812899,,0.812899,0.812899,0.812899,528.1296,528.1296,528.1296,499.840219,499.840219,499.840219
1101,20000,6,0.812899,,0.812899,0.812899,0.812899,528.1296,528.1296,528.1296,499.840219,499.840219,499.840219
1102,20000,6,0.812899,,0.812899,0.812899,0.812899,528.1296,528.1296,528.1296,499.840219,499.840219,499.840219
1103,20000,6,0.812899,,0.812899,0.812899,0.812899,528.1296,528.1296,528.1296,499.840219,499.840219,499.840219
1104,20000,6,0.812899,,0.812899,0.812899,0.812899,528.1296,528.1296,528.1296,499.840219,499.840219,499.840219
1105,20000,6,0.812899,,0.812899,0.812899,0.812899,528.1296,528.1296,528.1296,499.840219,499.840219,499.840219
1106,20000,6,0.812899,,0.812899,0.812899,0.812899,528.1296,528.1296,528.1296,499.840219,499.840219,499.840219
1107,20000,6,0.812899,,0.812899,0.812899,0.812899,528.1296,528.1296,528.1296,499.840219,499.840219,499.840219
1108,20000,6,0.812899,,0.812899,0.812899,0.812899,528.1296,528.1296,528.1296,499.840219,499.840219,499.840219
1109,20000,6,0.812899,,0.812899,0.812899,0.812899,528.1296,528.1296,528.1296,499.840219,499.840219,499.840219
1110,20000,6,0.812899,,0.812899,0.812899,0.812899,528.1296,528.1296,528.1296,499.840219,499.840219,499.840219
1111,20000,6,0.812899,,0.812899,0.812899,0.812899,528.1296,528.1296,528.1296,499.840219,499.840219,499.840219
1112,20000,6,0.812899,,0.812899,0.812899,0.812899,528.1296,528.1296,528.1296,499.840219,499.840219,499.840219
1113,20000,6,0.812899,,0.812899,0.812899,0.812899,528.1296,528.1296,528.1296,499.840219,499.840219,499.840219
1114,20000,6,0.812899,,0.812899,0.812899,0.812899,528.1296,528.1296,528.1296,499.840219,499.840219,499.840219
1115,20000,6,0.812899,,0.812899,0.812899,0.812899,528.1296,528.1296,528.1296,499.840219,499.840219,499.840219
1116,20000,6,0.812899,,0.812899,0.812899,0.812899,528.1296,528.1296,528.1296,499.840219,499.840219,499.840219
1117,20000,6,0.812899,,0.812899,0.812899,0.812899,528.1296,528.1296,528.1296,499.840219,499.840219,499.840219
1118,20000,6,0.812899,,0.812899,0.812899,0.812899,528.1296,528.1296,528.1296,499.840219,499.840219,499.840219
1119,20000,6,0.812899,,0.812899,0.812899,0.812899,528.1296,528.1296,528.1296,499.840219,499.840219,499.840219
1120,20000,6,0.812899,,0.812899,0.812899,0.812899,528.1296,528.1296,528.1296,499.840219,499.840219,499.840219
1121,20000,6,0.812899,,0.812899,0.812899,0.812899,528.1296,528.1296,528.1296,499.840219,499.840219,499.840219
1122,20000,6,0.812899,,0.812899,0.812899,0.812899,528.1296,528.1296,528.1296,499.840219,499.840219,499.840219
1123,20000,6,0.812899,,0.812899,0.812899,0.812899,528.1296,528.1296,528.1296,499.840219,499.840219,499.840219
1124,20000,6,0.812899,,0.812899,0.812899,0.812899,528.1296,528.1296,528.1296,499.840219,499.840219,499.840219
1125,20000,6,0.812899,,0.812899,0.812899,0.812899,528.1296,528.1296,528.1296,499.840219,499.840219,499.840219
1126,20000,6,0.812899,,0.812899,0.812899,0.812899,528.1296,528.1296,528.1296,499.840219,499.840219,499.840219
1127,20000,6,0.812899,,0.812899,0.812899,0.812899,528.1296,528.1296,528.1296,499.840219,499.840219,499.840219
1128,20000,6,0.812899,,0.812899,0.812899,0.812899,528.1296,528.1296,528.1296,499.840219,499.840219,499.840219
1129,20000,6,0.812899,,0.812899,0.812899,0.812899,528.1296,528.1296,528.1296,499.840219,499.840219,499.840219
1130,20000,6,0.812899,,0.812899,0.812899,0.812899,528.1296,528.1296,528.1296,499.840219,499.840219,499.840219
1131,20000,6,0.812899,,0.812899,0.812899,0.812899,528.1296,528.1296,528.1296,499.840219,499.840219,499.840219
1132,20000,6,0.812899,,0.812899,0.812899,0.812899,528.1296,528.1296,528.1296,499.840219,499.840219,499.840219
1133,20000,6,0.812899,,0.812899,0.812899,0.812899,528.1296,528.1296,528.1296,499.840219,499.840219,499.840219
1134,20000,6,0.812899,,0.812899,0.812899,0.812899,528.1296,528.1296,528.1296,499.840219,499.840219,499.840219
1135,20000,6,0.812899,,0.812899,0.812899,0.812899,528.1296,528.1296,528.1296,499.840219,499.840219,499.840219
1136,20000,6,0.812899,,0.812899,0.812899,0.812899,528.1296,528.1296,528.1296,499.840219,499.840219,499.840219
1137,20000,6,0.812899,,0.812899,0.812899,0.812899,528.1296,528.1296,528.1296,499.840219,499.840219,499.840219
1138,20000,6,0.812899,,0.812899,0.812899,0.812899,528.1296,528.1296,528.1296,499.840219,499.840219,499.840219
1139,20000,6,0.812899,,0.812899,0.812899,0.812899,528.1296,528.1296,528.1296,499.840219,499.840219,499.840219
1140,20000,6,0.812899,,0.812899,0.812899,0.812899,528.1296,528.1296,528.1296,499.840219,499.840219,499.840219
1141,20000,6,0.812899,,0.812899,0.812899,0.812899,528.1296,528.1296,528.1296,499.840219,499.840219,499.840219
1142,20000,6,0.812899,,0.812899,0.812899,0.812899,528.1296,528.1296,528.1296,499.840219,499.840219,499.840219
1143,20000,6,0.812899,,0.812899,0.812899,0.812899,528.1296,528.1296,528.1296,499.840219,499.840219,499.840219
1144,20000,6,0.812899,,0.812899,0.812899,0.812899,528.1296,528.1296,528.1296,499.840219,499.840219,499.840219
1145,20000,6,0.812899,,0.812899,0.812899,0.812899,528.1296,528.1296,528.1296,499.840219,499.840219,499.840219
1146,20000,6,0.812899,,0.812899,0.812899,0.812899,528.1296,528.1296,528.1296,499.840219,499.840219,499.840219
1147,20000,6,0.812899,,0.812899,0.812899,0.812899,528.1296,528.1296,528.1296,499.840219,499.840219,499.840219
1148,20000,6,0.812899,,0.812899,0.812899,0.812899,528.1296,528.1296,528.1296,499.840219,499.840219,499.840219
1149,20000,6,0.812899,,0.812899,0.812899,0.812899,528.1296,528.1296,528.1296,499.840219,499.840219,499.840219
1150,20000,6,0.812899,,0.812899,0.812899,0.812899,528.1296,528.1296,528.1296,499.840219,499.840219,499.840219
1151,20000,6,0.812899,,0.812899,0.812899,0.812899,528.1296,528.1296,528.1296,499.840219,499.840219,499.840219
1152,20000,6,0.812899,,0.812899,0.812899,0.812899,528.1296,528.1296,528.1296,499.840219,499.840219,499.840219
1153,20000,6,0.812899,,0.812899,0.812899,0.812899,528.1296,528.1296,528.1296,499.840219,499.840219,499.840219
1154,20000,6,0.812899,,0.812899,0.812899,0.812899,528.1296,528.1296,528.1296,499.840219,499.840219,499.840219
1155,20000,6,0.812899,,0.812899,0.812899,0.812899,528.1296,528.1296,528.1296,499.840219,499.840219,499.840219
1156,20000,6,0.812899,,0.812899,0.812899,0.812899,528.1296,528.1296,528.1296,499.840219,499.840219,499.840219
1157,20000,6,0.812899,,0.812899,0.812899,0.812899,528.1296,528.1296,528.1296,499.840219,499.840219,499.840219
1158,20000,6,0.812899,,0.812899,0.812899,0.812899,528.1296,528.1296,528.1296,499.840219,499.840219,499.840219
1159,20000,6,0.812899,,0.812899,0.812899,0.812899,528.1296,528.1296,528.1296,499.840219,499.840219,499.840219
1160,20000,6,0.812899,,0.812899,0.812899,0.812899,528.1296,528.1296,528.1296,499.840219,499.840219,499.840219
1161,20000,6,0.812899,,0.812899,0.812899,0.812899,528.1296,528.1296,528.1296,499.840219,499.840219,499.840219
1162,20000,6,0.812899,,0.812899,0.812899,0.812899,528.1296,528.1296,528.1296,499.840219,499.840219,499.840219
1163,20000,6,0.812899,,0.812899,0.812899,0.812899,528.1296,528.1296,528.1296,499.840219,499.840219,499.840219
1164,20000,6,0.812899,,0.812899,0.812899,0.812899,528.1296,528.1296,528.1296,499.840219,499.840219,499.840219
1165,20000,6,0.812899,,0.812899,0.812899,0.812899,528.1296,528.1296,528.1296,499.840219,499.840219,499.840219
1166,20000,6,0.812899,,0.812899,0.812899,0.812899,528.1296,528.1296,528.1296,499.840219,499.840219,499.840219
1167,20000,6,0.812899,,0.812899,0.812899,0.812899,528.1296,528.1296,528.1296,499.840219,499.840219,499.840219
1168,20000,6,0.812899,,0.812899,0.812899,0.812899,528.1296,528.1296,528.1296,499.840219,499.840219,499.840219
1169,20000,6,0.812899,,0.812899,0.812899,0.812899,528.1296,528.1296,528.1296,499.840219,499.840219,499.840219
1170,20000,6,0.812899,,0.812899,0.812899,0.812899,528.1296,528.1296,528.1296,499.840219,499.840219,499.840219
1171,20000,6,0.812899,,0.812899,0.812899,0.812899,528.1296,528.1296,528.1296,499.840219,499.840219,499.840219
1172,20000,6,0.812899,,0.812899,0.812899,0.812899,528.1296,528.1296,528.1296,499.840219,499.840219,499.840219
1173,20000,6,0.812899,,0.812899,0.812899,0.812899,528.1296,528.1296,528.1296,499.840219,499.840219,499.840219
1174,20000,6,0.812899,,0.812899,0.812899,0.812899,528.1296,528.1296,528.1296,499.840219,499.840219,499.840219
1175,20000,6,0.812899,,0.812899,0.812899,0.812899,528.1296,528.1296,528.1296,499.840219,499.840219,499.840219
1176,20000,6,0.812899,,0.812899,0.812899,0.812899,528.1296,528.1296,528.1296,499.840219,499.840219,499.840219
1177,20000,6,0.812899,,0.812899,0.812899,0.812899,528.1296,528.1296,528.1296,499.840219,499.840219,499.840219
1178,20000,6,0.812899,,0.812899,0.812899,0.812899,528.1296,528.1296,528.1296,499.840219,499.840219,499.840219
1179,20000,6,0.812899,,0.812899,0.812899,0.812899,528.1296,528.1296,528.1296,499.840219,499.840219,499.840219
1180,20000,6,0.812899,,0.812899,0.812899,0.812899,528.1296,528.1296,528.1296,499.840219,499.840219,499.840219
1181,20000,6,0.812899,,0.812899,0.812899,0.812899,528.1296,528.1296,528.1296,499.840219,499.840219,499.840219
1182,20000,6,0.812899,,0.812899,0.812899,0.812899,528.1296,528.1296,528.1296,499.840219,499.840219,499.840219
1183,20000,6,0.812899,,0.812899,0.812899,0.812899,528.1296,528.1296,528.1296,499.840219,499.840219,499.840219
1184,20000,6,0.812899,,0.812899,0.812899,0.812899,528.1296,528.1296,528.1296,499.840219,499.840219,499.840219
1185,20000,6,0.812899,,0.812899,0.812899,0.812899,528.1296,528.1296,528.1296,499.840219,499.840219,499.840219
1186,20000,6,0.812899,,0.812899,0.812899,0.812899,528.1296,528.1296,528.1296,499.840219,499.840219,499.840219
1187,20000,6,0.812899,,0.812899,0.812899,0.812899,528.1296,528.1296,528.1296,499.840219,499.840219,499.840219
1188,20000,6,0.812899,,0.812899,0.812899,0.812899,528.1296,528.1296,528.1296,499.840219,499.840219,499.840219
1189,20000,6,0.812899,,0.812899,0.812899,0.812899,528.1296,528.1296,528.1296,499.840219,499.840219,499.840219
1190,20000,6,0.812899,,0.812899,0.812899,0.812899,528.1296,528.1296,528.1296,499.840219,499.840219,499.840219
1191,20000,6,0.812899,,0.812899,0.812899,0.812899,528.1296,528.1296,528.1296,499.840219,499.840219,499.840219
1192,20000,6,0.812899,,0.812899,0.812899,0.812899,528.1296,528.1296,528.1296,499.840219,499.840219,499.840219
1193,20000,6,0.812899,,0.812899,0.812899,0.812899,528.1296,528.1296,528.1296,499.840219,499.840219,499.840219
1194,20000,6,0.812899,,0.812899,0.812899,0.812899,528.1296,528.1296,528.1296,499.840219,499.840219,499.840219
1195,20000,6,0.812899,,0.812899,0.812899,0.812899,528.1296,528.1296,528.1296,499.840219,499.840219,499.840219
1196,20000,6,0.812899,,0.812899,0.812899,0.812899,528.1296,528.1296,528.1296,499.840219,499.840219,499.840219
1197,20000,6,0.812899,,0.812899,0.812899,0.812899,528.1296,528.1296,528.1296,499.840219,499.840219,499.840219
1198,20000,6,0.812899,,0.812899,0.812899,0.812899,528.1296,528.1296,528.1296,499.840219,499.840219,499.840219
1199,20000,6,0.812899,,0.812899,0.812899,0.812899,528.1296,528.1296,528.1296,499.840219,499.840219,499.840219
1200,20000,6,0.812899,,0.812899,0.812899,0.812899,528.1296,528.1296,528.1296,499.840219,499.840219,499.840219
1201,20000,6,0.812899,,0.812899,0.812899,0.812899,528.1296,528.1296,528.1296,499.840219,499.840219,499.840219
1202,20000,6,0.812899,,0.812899,0.812899,0.812899,528.1296,528.1296,528.1296,499.840219,499.840219,499.840219
1203,20000,6,0.812899,,0.812899,0.812899,0.812899,528.1296,528.1296,528.1296,499.840219,499.840219,499.840219
1204,20000,6,0.812899,,0.812899,0.812899,0.812899,528.1296,528.1296,528.1296,499.840219,499.840219,499.840219
1205,20000,6,0.812899,,0.812899,0.812899,0.812899,528.1296,528.1296,528.1296,499.840219,499.840219,499.840219
1206,20000,6,0.812899,,0.812899,0.812899,0.812899,528.1296,528.1296,528.1296,499.840219,499.840219,499.840219
1207,20000,6,0.812899,,0.812899,0.812899,0.812899,528.1296,528.1296,528.1296,499.840219,499.840219,499.840219
1208,20000,6,0.812899,,0.812899,0.812899,0.812899,528.1296,528.1296,528.1296,499.840219,499.840219,499.840219
1209,20000,6,0.812899,,0.812899,0.812899,0.812899,528.1296,528.1296,528.1296,499.840219,499.840219,499.840219
1210,20000,6,0.812899,,0.812899,0.812899,0.812899,528.1296,528.1296,528.1296,499.840219,499.840219,499.840219
1211,20000,6,0.812899,,0.812899,0.812899,0.812899,528.1296,528.1296,528.1296,499.840219,499.840219,499.840219
1212,20000,6,0.812899,,0.812899,0.812899,0.812899,528.1296,528.1296,528.1296,499.840219,499.840219,499.840219
1213,20000,6,0.812899,,0.812899,0.812899,0.812899,528.1296,528.1296,528.1296,499.840219,499.840219,499.840219
1214,20000,6,0.812899,,0.812899,0.812899,0.812899,528.1296,528.1296,528.1296,499.840219,499.840219,499.840219
1215,20000,6,0.812899,,0.812899,0.812899,0.812899,528.1296,528.1296,528.1296,499.840219,499.840219,499.840219
1216,20000,6,0.812899,,0.812899,0.812899,0.812899,528.1296,528.1296,528.1296,499.840219,499.840219,499.840219
1217,20000,6,0.812899,,0.812899,0.812899,0.812899,528.1296,528.1296,528.1296,499.840219,499.840219,499.840219
1218,20000,6,0.812899,,0.812899,0.812899,0.812899,528.1296,528.1296,528.1296,499.840219,499.840219,499.840219
1219,20000,6,0.812899,,0.812899,0.812899,0.812899,528.1296,528.1296,528.1296,499.840219,499.840219,499.840219
1220,20000,6,0.812899,,0.812899,0.812899,0.812899,528.1296,528.1296,528.1296,499.840219,499.840219,499.840219
1221,20000,6,0.812899,,0.812899,0.812899,0.812899,528.1296,528.1296,528.1296,499.840219,499.840219,499.840219
1222,20000,6,0.812899,,0.812899,0.812899,0.812899,528.1296,528.1296,528.1296,499.840219,499.840219,499.840219
1223,20000,6,0.812899,,0.812899,0.812899,0.812899,528.1296,528.1296,528.1296,499.840219,499.840219,499.840219
1224,20000,6,0.812899,,0.812899,0.812899,0.812899,528.1296,528.1296,528.1296,499.840219,499.840219,499.840219
1225,20000,6,0.812899,,0.812899,0.812899,0.812899,528.1296,528.1296,528.1296,499.840219,499.840219,499.840219
1226,20000,6,0.812899,,0.812899,0.812899,0.812899,528.1296,528.1296,528.1296,499.840219,499.840219,499.840219
1227,20000,6,0.812899,,0.812899,0.812899,0.812899,528.1296,528.1296,528.1296,499.840219,499.840219,499.840219
1228,20000,6,0.812899,,0.812899,0.812899,0.812899,528.1296,528.1296,528.1296,499.840219,499.840219,499.840219
1229,20000,6,0.812899,,0.812899,0.812899,0.812899,528.1296,528.1296,528.1296,499.840219,499.840219,499.840219
1230,20000,6,0.812899,,0.812899,0.812899,0.812899,528.1296,528.1296,528.1296,499.840219,499.840219,499.840219
1231,20000,6,0.812899,,0.812899,0.812899,0.812899,528.1296,528.1296,528.1296,499.840219,499.840219,499.840219
1232,20000,6,0.812899,,0.812899,0.812899,0.812899,528.1296,528.1296,528.1296,499.840219,499.840219,499.840219
1233,20000,6,0.812899,,0.812899,0.812899,0.812899,528.1296,528.1296,528.1296,499.840219,499.840219,499.840219
1234,20000,6,0.812899,,0.812899,0.812899,0.812899,528.1296,528.1296,528.1296,499.840219,499.840219,499.840219
1235,20000,6,0.812899,,0.812899,0.812899,0.812899,528.1296,528.1296,528.1296,499.840219,499.840219,499.840219
1236,20000,6,0.812899,,0.812899,0.812899,0.812899,528.1296,528.1296,528.1296,499.840219,499.840219,499.840219
1237,20000,6,0.812899,,0.812899,0.812899,0.812899,528.1296,528.1296,528.1296,499.840219,499.840219,499.840219
1238,20000,6,0.812899,,0.812899,0.812899,0.812899,528.1296,528.1296,528.1296,499.840219,499.840219,499.840219
1239,20000,6,0.812899,,0.812899,0.812899,0.812899,528.1296,528.1296,528.1296,499.840219,499.840219,499.840219
1240,20000,6,0.812899,,0.812899,0.812899,0.812899,528.1296,528.1296,528.1296,499.840219,499.840219,499.840219
1241,20000,6,0.812899,,0.812899,0.812899,0.812899,528.1296,528.1296,528.1296,499.840219,499.840219,499.840219
1242,20000,6,0.812899,,0.812899,0.812899,0.812899,528.1296,528.1296,528.1296,499.840219,499.840219,499.840219
1243,20000,6,0.812899,,0.812899,0.812899,0.812899,528.1296,528.1296,528.1296,499.840219,499.840219,499.840219
1244,20000,6,0.812899,,0.812899,0.812899,0.812899,528.1296,528.1296,528.1296,499.840219,499.840219,499.840219
1245,20000,6,0.812899,,0.812899,0.812899,0.812899,528.1296,528.1296,528.1296,499.840219,499.840219,499.840219
1246,20000,6,0.812899,,0.812899,0.812899,0.812899,528.1296,528.1296,528.1296,499.840219,499.840219,499.840219
1247,20000,6,0.812899,,0.812899,0.812899,0.812899,528.1296,528.1296,528.1296,499.840219,499.840219,499.840219
1248,20000,6,0.812899,,0.812899,0.812899,0.812899,528.1296,528.1296,528.1296,499.840219,499.840219,499.840219
1249,20000,6,0.812899,,0.812899,0.812899,0.812899,528.1296,528.1296,528.1296,499.840219,499.840219,499.840219
1250,20000,6,0.812899,,0.812899,0.812899,0.812899,528.1296,528.1296,528.1296,499.840219,499.840219,499.840219
1251,20000,6,0.812899,,0.812899,0.812899,0.812899,528.1296,528.1296,528.1296,499.840219,499.840219,499.840219
1252,20000,6,0.812899,,0.812899,0.812899,0.812899,528.1296,528.1296,528.1296,499.840219,499.840219,499.840219
1253,20000,6,0.812899,,0.812899,0.812899,0.812899,528.1296,528.1296,528.1296,499.840219,499.840219,499.840219
1254,20000,6,0.812899,,0.812899,0.812899,0.812899,528.1296,528.1296,528.1296,499.840219,499.840219,499.840219
1255,20000,6,0.812899,,0.812899,0.812899,0.812899,528.1296,528.1296,528.1296,499.840219,499.840219,499.840219
1256,20000,6,0.812899,,0.812899,0.812899,0.812899,528.1296,528.1296,528.1296,499.840219,499.840219,499.840219
1257,20000,6,0.812899,,0.812899,0.812899,0.812899,528.1296,528.1296,528.1296,499.840219,499.840219,499.840219
1258,20000,6,0.812899,,0.812899,0.812899,0.812899,528.1296,528.1296,528.1296,499.840219,499.840219,499.840219
1259,20000,6,0.812899,,0.812899,0.812899,0.812899,528.1296,528.1296,528.1296,499.840219,499.840219,499.840219
1260,20000,6,0.812899,,0.812899,0.812899,0.812899,528.1296,528.1296,528.1296,499.840219,499.840219,499.840219
1261,20000,6,0.812899,,0.812899,0.812899,0.812899,528.1296,528.1296,528.1296,499.840219,499.840219,499.840219
1262,20000,6,0.812899,,0.812899,0.812899,0.812899,528.1296,528.1296,528.1296,499.840219,499.840219,499.840219
1263,20000,6,0.812899,,0.812899,0.812899,0.812899,528.1296,528.1296,528.1296,499.840219,499.840219,499.840219
1264,20000,6,0.812899,,0.812899,0.812899,0.812899,528.1296,528.1296,528.1296,499.840219,499.840219,499.840219
1265,20000,6,0.812899,,0.812899,0.812899,0.812899,528.1296,528.1296,528.1296,499.840219,499.840219,499.840219
1266,20000,6,0.812899,,0.812899,0.812899,0.812899,528.1296,528.1296,528.1296,499.840219,499.840219,499.840219
1267,20000,6,0.812899,,0.812899,0.812899,0.812899,528.1296,528.1296,528.1296,499.840219,499.840219,499.840219
1268,20000,6,0.812899,,0.812899,0.812899,0.812899,528.1296,528.1296,528.1296,499.840219,499.840219,499.840219
1269,20000,6,0.812899,,0.812899,0.812899,0.812899,528.1296,528.1296,528.1296,499.840219,499.840219,499.840219
1270,20000,6,0.812899,,0.812899,0.812899,0.812899,528.1296,528.1296,528.1296,499.840219,499.840219,499.840219
1271,20000,6,0.812899,,0.812899,0.812899,0.812899,528.1296,528.1296,528.1296,499.840219,499.840219,499.840219
1272,20000,6,0.812899,,0.812899,0.812899,0.812899,528.1296,528.1296,528.1296,499.840219,499.840219,499.840219
1273,20000,6,0.812899,,0.812899,0.812899,0.812899,528.1296,528.1296,528.1296,499.840219,499.840219,499.840219
1274,20000,6,0.812899,,0.812899,0.812899,0.812899,528.1296,528.1296,528.1296,499.840219,499.840219,499.840219
1275,20000,6,0.812899,,0.812899,0.812899,0.812899,528.1296,528.1296,528.1296,499.840219,499.840219,499.840219
1276,20000,6,0.812899,,0.812899,0.812899,0.812899,528.1296,528.1296,528.1296,499.840219,499.840219,499.840219
1277,20000,6,0.812899,,0.812899,0.812899,0.812899,528.1296,528.1296,528.1296,499.840219,499.840219,499.840219
1278,20000,6,0.812899,,0.812899,0.812899,0.812899,528.1296,528.1296,528.1296,499.840219,499.840219,499.840219
1279,20000,6,0.812899,,0.812899,0.812899,0.812899,528.1296,528.1296,528.1296,499.840219,499.840219,499.840219
1280,20000,6,0.812899,,0.812899,0.812899,0.812899,528.1296,528.1296,528.1296,499.840219,499.840219,499.840219
1281,20000,6,0.812899,,0.812899,0.812899,0.812899,528.1296,528.1296,528.1296,499.840219,499.840219,499.840219
1282,20000,6,0.812899,,0.812899,0.812899,0.812899,528.1296,528.1296,528.1296,499.840219,499.840219,499.840219
1283,20000,6,0.812899,,0.812899,0.812899,0.812899,528.1296,528.1296,528.1296,499.840219,499.840219,499.840219
1284,20000,6,0.812899,,0.812899,0.812899,0.812899,528.1296,528.1296,528.1296,499.840219,499.840219,499.840219
1285,20000,6,0.812899,,0.812899,0.812899,0.812899,528.1296,528.1296,528.1296,499.840219,499.840219,499.840219
1286,20000,6,0.812899,,0.812899,0.812899,0.812899,528.1296,528.1296,528.1296,499.840219,499.840219,499.840219
1287,20000,6,0.812899,,0.812899,0.812899,0.812899,528.1296,528.1296,528.1296,499.840219,499.840219,499.840219
1288,20000,6,0.812899,,0.812899,0.812899,0.812899,528.1296,528.1296,528.1296,499.840219,499.840219,499.840219
1289,20000,6,0.812899,,0.812899,0.812899,0.812899,528.1296,528.1296,528.1296,499.840219,499.840219,499.840219
1290,20000,6,0.812899,,0.812899,0.812899,0.812899,528.1296,528.1296,528.1296,499.840219,499.840219,499.840219
1291,20000,6,0.812899,,0.812899,0.812899,0.812899,528.1296,528.1296,528.1296,499.840219,499.840219,499.840219
1292,20000,6,0.812899,,0.812899,0.812899,0.812899,528.1296,528.1296,528.1296,499.840219,499.840219,499.840219
1293,20000,6,0.812899,,0.812899,0.812899,0.812899,528.1296,528.1296,528.1296,499.840219,499.840219,499.840219
1294,20000,6,0.812899,,0.812899,0.812899,0.812899,528.1296,528.1296,528.1296,499.840219,499.840219,499.840219
1295,20000,6,0.812899,,0.812899,0.812899,0.812899,528.1296,528.1296,528.1296,499.840219,499.840219,499.840219
1296,20000,6,0.812899,,0.812899,0.812899,0.812899,528.1296,528.1296,528.1296,499.840219,499.840219,499.840219
1297,20000,6,0.812899,,0.812899,0.812899,0.812899,528.1296,528.1296,528.1296,499.840219,499.840219,499.840219
1298,20000,6,0.812899,,0.812899,0.812899,0.812899,528.1296,528.1296,528.1296,499.840219,499.840219,499.840219
1299,20000,6,0.812899,,0.812899,0.812899,0.812899,528.1296,528.1296,528.1296,499.840219,499.840219,499.840219
1300,20000,6,0.812899,,0.812899,0.812899,0.812899,528.1296,528.1296,528.1296,499.840219,499.840219,499.840219
1301,20000,6,0.812899,,0.812899,0.812899,0.812899,528.1296,528.1296,528.1296,499.840219,499.840219,499.840219
1302,20000,6,0.812899,,0.812899,0.812899,0.812899,528.1296,528.1296,528.1296,499.840219,499.840219,499.840219
1303,20000,6,0.812899,,0.812899,0.812899,0.812899,528.1296,528.1296,528.1296,499.840219,499.840219,499.840219
1304,20000,6,0.812899,,0.812899,0.812899,0.812899,528.1296,528.1296,528.1296,499.840219,499.840219,499.840219
1305,20000,6,0.812899,,0.812899,0.812899,0.812899,528.1296,528.1296,528.1296,499.840219,499.840219,499.840219
1306,20000,6,0.812899,,0.812899,0.812899,0.812899,528.1296,528.1296,528.1296,499.840219,499.840219,499.840219
1307,20000,6,0.812899,,0.812899,0.812899,0.812899,528.1296,528.1296,528.1296,499.840219,499.840219,499.840219
1308,20000,6,0.812899,,0.812899,0.812899,0.812899,528.1296,528.1296,528.1296,499.840219,499.840219,499.840219
1309,20000,6,0.812899,,0.812899,0.812899,0.812899,528.1296,528.1296,528.1296,499.840219,499.840219,499.840219
1310,20000,6,0.812899,,0.812899,0.812899,0.812899,528.1296,528.1296,528.1296,499.840219,499.840219,499.840219
1311,20000,6,0.812899,,0.812899,0.812899,0.812899,528.1296,528.1296,528.1296,499.840219,499.840219,499.840219
1312,20000,6,0.812899,,0.812899,0.812899,0.812899,528.1296,528.1296,528.1296,499.840219,499.840219,499.840219
1313,20000,6,0.812899,,0.812899,0.812899,0.812899,528.1296,528.1296,528.1296,499.840219,499.840219,499.840219
1314,20000,6,0.812899,,0.812899,0.812899,0.812899,528.1296,528.1296,528.1296,499.840219,499.840219,499.840219
1315,20000,6,0.812899,,0.812899,0.812899,0.812899,528.1296,528.1296,528.1296,499.840219,499.840219,499.840219
1316,20000,6,0.812899,,0.812899,0.812899,0.812899,528.1296,528.1296,528.1296,499.840219,499.840219,499.840219
1317,20000,6,0.812899,,0.812899,0.812899,0.812899,528.1296,528.1296,528.1296,499.840219,499.840219,499.840219
1318,20000,6,0.812899,,0.812899,0.812899,0.812899,528.1296,528.1296,528.1296,499.840219,499.840219,499.840219
1319,20000,6,0.812899,,0.812899,0.812899,0.812899,528.1296,528.1296,528.1296,499.840219,499.840219,499.840219
1320,20000,6,0.812899,,0.812899,0.812899,0.812899,528.1296,528.1296,528.1296,499.840219,499.840219,499.840219
1321,20000,6,0.812899,,0.812899,0.812899,0.812899,528.1296,528.1296,528.1296,499.840219,499.840219,499.840219
1322,20000,6,0.812899,,0.812899,0.812899,0.812899,528.1296,528.1296,528.1296,499.840219,499.840219,499.840219
1323,20000,6,0.812899,,0.812899,0.812899,0.812899,528.1296,528.1296,528.1296,499.840219,499.840219,499.840219
1324,20000,6,0.812899,,0.812899,0.812899,0.812899,528.1296,528.1296,528.1296,499.840219,499.840219,499.840219
1325,20000,6,0.812899,,0.812899,0.812899,0.812899,528.1296,528.1296,528.1296,499.840219,499.840219,499.840219
1326,20000,6,0.812899,,0.812899,0.812899,0.812899,528.1296,528.1296,528.1296,499.840219,499.840219,499.840219
1327,20000,6,0.812899,,0.812899,0.812899,0.812899,528.1296,528.1296,528.1296,499.840219,499.840219,499.840219
1328,20000,6,0.812899,,0.812899,0.812899,0.812899,528.1296,528.1296,528.1296,499.840219,499.840219,499.840219
1329,20000,6,0.812899,,0.812899,0.812899,0.812899,528.1296,528.1296,528.1296,499.840219,499.840219,499.840219
1330,20000,6,0.812899,,0.812899,0.812899,0.812899,528.1296,528.1296,528.1296,499.840219,499.840219,499.840219
1331,20000,6,0.812899,,0.812899,0.812899,0.812899,528.1296,528.1296,528.1296,499.840219,499.840219,499.840219
1332,20000,6,0.812899,,0.812899,0.812899,0.812899,528.1296,528.1296,528.1296,499.840219,499.840219,499.840219
1333,20000,6,0.812899,,0.812899,0.812899,0.812899,528.1296,528.1296,528.1296,499.840219,499.840219,499.840219
1334,20000,6,0.812899,,0.812899,0.812899,0.812899,528.1296,528.1296,528.1296,499.840219,499.840219,499.840219
1335,20000,6,0.812899,,0.812899,0.812899,0.812899,528.1296,528.1296,528.1296,499.840219,499.840219,499.840219
1336,20000,6,0.812899,,0.812899,0.812899,0.812899,528.1296,528.1296,528.1296,499.840219,499.840219,499.840219
1337,20000,6,0.812899,,0.812899,0.812899,0.812899,528.1296,528.1296,528.1296,499.840219,499.840219,499.840219
1338,20000,6,0.812899,,0.812899,0.812899,0.812899,528.1296,528.1296,528.1296,499.840219,499.840219,499.840219
1339,20000,6,0.812899,,0.812899,0.812899,0.812899,528.1296,528.1296,528.1296,499.840219,499.840219,499.840219
1340,20000,6,0.812899,,0.812899,0.812899,0.812899,528.1296,528.1296,528.1296,499.840219,499.840219,499.840219
1341,20000,6,0.812899,,0.812899,0.812899,0.812899,528.1296,528.1296,528.1296,499.840219,499.840219,499.840219
1342,20000,6,0.812899,,0.812899,0.812899,0.812899,528.1296,528.1296,528.1296,499.840219,499.840219,499.840219
1343,20000,6,0.812899,,0.812899,0.812899,0.812899,528.1296,528.1296,528.1296,499.840219,499.840219,499.840219
1344,20000,6,0.812899,,0.812899,0.812899,0.812899,528.1296,528.1296,528.1296,499.840219,499.840219,499.840219
1345,20000,6,0.812899,,0.812899,0.812899,0.812899,528.1296,528.1296,528.1296,499.840219,499.840219,499.840219
1346,20000,6,0.812899,,0.812899,0.812899,0.812899,528.1296,528.1296,528.1296,499.840219,499.840219,499.840219
1347,20000,6,0.812899,,0.812899,0.812899,0.812899,528.1296,528.1296,528.1296,499.840219,499.840219,499.840219
1348,20000,6,0.812899,,0.812899,0.812899,0.812899,528.1296,528.1296,528.1296,499.840219,499.840219,499.840219
1349,20000,6,0.812899,,0.812899,0.812899,0.812899,528.1296,528.1296,528.1296,499.840219,499.840219,499.840219
1350,20000,6,0.812899,,0.812899,0.812899,0.812899,528.1296,528.1296,528.1296,499.840219,499.840219,499.840219
1351,20000,6,0.812899,,0.812899,0.812899,0.812899,528.1296,528.1296,528.1296,499.840219,499.840219,499.840219
1352,20000,6,0.812899,,0.812899,0.812899,0.812899,528.1296,528.1296,528.1296,499.840219,499.840219,499.840219
1353,20000,6,0.812899,,0.812899,0.812899,0.812899,528.1296,528.1296,528.1296,499.840219,499.840219,499.840219
1354,20000,6,0.812899,,0.812899,0.812899,0.812899,528.1296,528.1296,528.1296,499.840219,499.840219,499.840219
1355,20000,6,0.812899,,0.812899,0.812899,0.812899,528.1296,528.1296,528.1296,499.840219,499.840219,499.840219
1356,20000,6,0.812899,,0.812899,0.812899,0.812899,528.1296,528.1296,528.1296,499.840219,499.840219,499.840219
1357,20000,6,0.812899,,0.812899,0.812899,0.812899,528.1296,528.1296,528.1296,499.840219,499.840219,499.840219
1358,20000,6,0.812899,,0.812899,0.812899,0.812899,528.1296,528.1296,528.1296,499.840219,499.840219,499.840219
1359,20000,6,0.812899,,0.812899,0.812899,0.812899,528.1296,528.1296,528.1296,499.840219,499.840219,499.840219
1360,20000,6,0.812899,,0.812899,0.812899,0.812899,528.1296,528.1296,528.1296,499.840219,499.840219,499.840219
1361,20000,6,0.812899,,0.812899,0.812899,0.812899,528.1296,528.1296,528.1296,499.840219,499.840219,499.840219
1362,20000,6,0.812899,,0.812899,0.812899,0.812899,528.1296,528.1296,528.1296,499.840219,499.840219,499.840219
1363,20000,6,0.812899,,0.812899,0.812899,0.812899,528.1296,528.1296,528.1296,499.840219,499.840219,499.840219
1364,20000,6,0.812899,,0.812899,0.812899,0.812899,528.1296,528.1296,528.1296,499.840219,499.840219,499.840219
1365,20000,6,0.812899,,0.812899,0.812899,0.812899,528.1296,528.1296,528.1296,499.840219,499.840219,499.840219
1366,20000,6,0.812899,,0.812899,0.812899,0.812899,528.1296,528.1296,528.1296,499.840219,499.840219,499.840219
1367,20000,6,0.812899,,0.812899,0.812899,0.812899,528.1296,528.1296,528.1296,499.840219,499.840219,499.840219
1368,20000,6,0.812899,,0.812899,0.812899,0.812899,528.1296,528.1296,528.1296,499.840219,499.840219,499.840219
1369,20000,6,0.812899,,0.812899,0.812899,0.812899,528.1296,528.1296,528.1296,499.840219,499.840219,499.840219
1370,20000,6,0.812899,,0.812899,0.812899,0.812899,528.1296,528.1296,528.1296,499.840219,499.840219,499.840219
1371,20000,6,0.812899,,0.812899,0.812899,0.812899,528.1296,528.1296,528.1296,499.840219,499.840219,499.840219
1372,20000,6,0.812899,,0.812899,0.812899,0.812899,528.1296,528.1296,528.1296,499.840219,499.840219,499.840219
1373,20000,6,0.812899,,0.812899,0.812899,0.812899,528.1296,528.1296,528.1296,499.840219,499.840219,499.840219
1374,20000,6,0.812899,,0.812899,0.812899,0.812899,528.1296,528.1296,528.1296,499.840219,499.840219,499.840219
1375,20000,6,0.812899,,0.812899,0.812899,0.812899,528.1296,528.1296,528.1296,499.840219,499.840219,499.840219
1376,20000,6,0.812899,,0.812899,0.812899,0.812899,528.1296,528.1296,528.1296,499.840219,499.840219,499.840219
1377,20000,6,0.812899,,0.812899,0.812899,0.812899,528.1296,528.1296,528.1296,499.840219,499.840219,499.840219
1378,20000,6,0.812899,,0.812899,0.812899,0.812899,528.1296,528.1296,528.1296,499.840219,499.840219,499.840219
1379,20000,6,0.812899,,0.812899,0.812899,0.812899,528.1296,528.1296,528.1296,499.840219,499.840219,499.840219
1380,20000,6,0.812899,,0.812899,0.812899,0.812899,528.1296,528.1296,528.1296,499.840219,499.840219,499.840219
1381,20000,6,0.812899,,0.812899,0.812899,0.812899,528.1296,528.1296,528.1296,499.840219,499.840219,499.840219
1382,20000,6,0.812899,,0.812899,0.812899,0.812899,528.1296,528.1296,528.1296,499.840219,499.840219,499.840219
1383,20000,6,0.812899,,0.812899,0.812899,0.812899,528.1296,528.1296,528.1296,499.840219,499.840219,499.840219
1384,20000,6,0.812899,,0.812899,0.812899,0.812899,528.1296,528.1296,528.1296,499.840219,499.840219,499.840219
1385,20000,6,0.812899,,0.812899,0.812899,0.812899,528.1296,528.1296,528.1296,499.840219,499.840219,499.840219
1386,20000,6,0.812899,,0.812899,0.812899,0.812899,528.1296,528.1296,528.1296,499.840219,499.840219,499.840219
1387,20000,6,0.812899,,0.812899,0.812899,0.812899,528.1296,528.1296,528.1296,499.840219,499.840219,499.840219
1388,20000,6,0.812899,,0.812899,0.812899,0.812899,528.1296,528.1296,528.1296,499.840219,499.840219,499.840219
1389,20000,6,0.812899,,0.812899,0.812899,0.812899,528.1296,528.1296,528.1296,499.840219,499.840219,499.840219
1390,20000,6,0.812899,,0.812899,0.812899,0.812899,528.1296,528.1296,528.1296,499.840219,499.840219,499.840219
1391,20000,6,0.812899,,0.812899,0.812899,0.812899,528.1296,528.1296,528.1296,499.840219,499.840219,499.840219
1392,20000,6,0.812899,,0.812899,0.812899,0.812899,528.1296,528.1296,528.1296,499.840219,499.840219,499.840219
1393,20000,6,0.812899,,0.812899,0.812899,0.812899,528.1296,528.1296,528.1296,499.840219,499.840219,499.840219
1394,20000,6,0.812899,,0.812899,0.812899,0.812899,528.1296,528.1296,528.1296,499.840219,499.840219,499.840219
1395,20000,6,0.812899,,0.812899,0.812899,0.812899,528.1296,528.1296,528.1296,499.840219,499.840219,499.840219
1396,20000,6,0.812899,,0.812899,0.812899,0.812899,528.1296,528.1296,528.1296,499.840219,499.840219,499.840219
1397,20000,6,0.812899,,0.812899,0.812899,0.812899,528.1296,528.1296,528.1296,499.840219,499.840219,499.840219
1398,20000,6,0.812899,,0.812899,0.812899,0.812899,528.1296,528.1296,528.1296,499.840219,499.840219,499.840219
1399,20000,6,0.812899,,0.812899,0.812899,0.812899,528.1296,528.1296,528.1296,499.840219,499.840219,499.840219
1400,20000,6,0.812899,,0.812899,0.812899,0.812899,528.1296,528.1296,528.1296,499.840219,499.840219,499.840219
1401,20000,6,0.812899,,0.812899,0.812899,0.812899,528.1296,528.1296,528.1296,499.840219,499.840219,499.840219
1402,20000,6,0.812899,,0.812899,0.812899,0.812899,528.1296,528.1296,528.1296,499.840219,499.840219,499.840219
1403,20000,6,0.812899,,0.812899,0.812899,0.812899,528.1296,528.1296,528.1296,499.840219,499.840219,499.840219
1404,20000,6,0.812899,,0.812899,0.812899,0.812899,528.1296,528.1296,528.1296,499.840219,499.840219,499.840219
1405,20000,6,0.812899,,0.812899,0.812899,0.812899,528.1296,528.1296,528.1296,499.840219,499.840219,499.840219
1406,20000,6,0.812899,,0.812899,0.812899,0.812899,528.1296,528.1296,528.1296,499.840219,499.840219,499.840219
1407,20000,6,0.812899,,0.812899,0.812899,0.812899,528.1296,528.1296,528.1296,499.840219,499.840219,499.840219
1408,20000,6,0.812899,,0.812899,0.812899,0.812899,528.1296,528.1296,528.1296,499.840219,499.840219,499.840219
1409,20000,6,0.812899,,0.812899,0.812899,0.812899,528.1296,528.1296,528.1296,499.840219,499.840219,499.840219
1410,20000,6,0.812899,,0.812899,0.812899,0.812899,528.1296,528.1296,528.1296,499.840219,499.840219,499.840219
1411,20000,6,0.812899,,0.812899,0.812899,0.812899,528.1296,528.1296,528.1296,499.840219,499.840219,499.840219
1412,20000,6,0.812899,,0.812899,0.812899,0.812899,528.1296,528.1296,528.1296,499.840219,499.840219,499.840219
1413,20000,6,0.812899,,0.812899,0.812899,0.812899,528.1296,528.1296,528.1296,499.840219,499.840219,499.840219
1414,20000,6,0.812899,,0.812899,0.812899,0.812899,528.1296,528.1296,528.1296,499.840219,499.840219,499.840219
1415,20000,6,0.812899,,0.812899,0.812899,0.812899,528.1296,528.1296,528.1296,499.840219,499.840219,499.840219
1416,20000,6,0.812899,,0.812899,0.812899,0.812899,528.1296,528.1296,528.1296,499.840219,499.840219,499.840219
1417,20000,6,0.812899,,0.812899,0.812899,0.812899,528.1296,528.1296,528.1296,499.840219,499.840219,499.840219
1418,20000,6,0.812899,,0.812899,0.812899,0.812899,528.1296,528.1296,528.1296,499.840219,499.840219,499.840219
1419,20000,6,0.812899,,0.812899,0.812899,0.812899,528.1296,528.1296,528.1296,499.840219,499.840219,499.840219
1420,20000,6,0.812899,,0.812899,0.812899,0.812899,528.1296,528.1296,528.1296,499.840219,499.840219,499.840219
1421,20000,6,0.812899,,0.812899,0.812899,0.812899,528.1296,528.1296,528.1296,499.840219,499.840219,499.840219
1422,20000,6,0.812899,,0.812899,0.812899,0.812899,528.1296,528.1296,528.1296,499.840219,499.840219,499.840219
1423,20000,6,0.812899,,0.812899,0.812899,0.812899,528.1296,528.1296,528.1296,499.840219,499.840219,499.840219
1424,20000,6,0.812899,,0.812899,0.812899,0.812899,528.1296,528.1296,528.1296,499.840219,499.840219,499.840219
1425,20000,6,0.812899,,0.812899,0.812899,0.812899,528.1296,528.1296,528.1296,499.840219,499.840219,499.840219
1426,20000,6,0.812899,,0.812899,0.812899,0.812899,528.1296,528.1296,528.1296,499.840219,499.840219,499.840219
1427,20000,6,0.812899,,0.812899,0.812899,0.812899,528.1296,528.1296,528.1296,499.840219,499.840219,499.840219
1428,20000,6,0.812899,,0.812899,0.812899,0.812899,528.1296,528.1296,528.1296,499.840219,499.840219,499.840219
1429,20000,6,0.812899,,0.812899,0.812899,0.812899,528.1296,528.1296,528.1296,499.840219,499.840219,499.840219
1430,20000,6,0.812899,,0.812899,0.812899,0.812899,528.1296,528.1296,528.1296,499.840219,499.840219,499.840219
1431,20000,6,0.812899,,0.812899,0.812899,0.812899,528.1296,528.1296,528.1296,499.840219,499.840219,499.840219
1432,20000,6,0.812899,,0.812899,0.812899,0.812899,528.1296,528.1296,528.1296,499.840219,499.840219,499.840219
1433,20000,6,0.812899,,0.812899,0.812899,0.812899,528.1296,528.1296,528.1296,499.840219,499.840219,499.840219
1434,20000,6,0.812899,,0.812899,0.812899,0.812899,528.1296,528.1296,528.1296,499.840219,499.840219,499.840219
1435,20000,6,0.812899,,0.812899,0.812899,0.812899,528.1296,528.1296,528.1296,499.840219,499.840219,499.840219
1436,20000,6,0.812899,,0.812899,0.812899,0.812899,528.1296,528.1296,528.1296,499.840219,499.840219,499.840219
1437,20000,6,0.812899,,0.812899,0.812899,0.812899,528.1296,528.1296,528.1296,499.840219,499.840219,499.840219
1438,20000,6,0.812899,,0.812899,0.812899,0.812899,528.1296,528.1296,528.1296,499.840219,499.840219,499.840219
1439,20000,6,0.812899,,0.812899,0.812899,0.812899,528.1296,528.1296,528.1296,499.840219,499.840219,499.840219
1440,20000,6,0.812899,,0.812899,0.812899,0.812899,528.1296,528.1296,528.1296,499.840219,499.840219,499.840219
1441,20000,6,0.812899,,0.812899,0.812899,0.812899,528.1296,528.1296,528.1296,499.840219,499.840219,499.840219
1442,20000,6,0.812899,,0.812899,0.812899,0.812899,528.1296,528.1296,528.1296,499.840219,499.840219,499.840219
1443,20000,6,0.812899,,0.812899,0.812899,0.812899,528.1296,528.1296,528.1296,499.840219,499.840219,499.840219
1444,20000,6,0.812899,,0.812899,0.812899,0.812899,528.1296,528.1296,528.1296,499.840219,499.840219,499.840219
1445,20000,6,0.812899,,0.812899,0.812899,0.812899,528.1296,528.1296,528.1296,499.840219,499.840219,499.840219
1446,20000,6,0.812899,,0.812899,0.812899,0.812899,528.1296,528.1296,528.1296,499.840219,499.840219,499.840219
1447,20000,6,0.812899,,0.812899,0.812899,0.812899,528.1296,528.1296,528.1296,499.840219,499.840219,499.840219
1448,20000,6,0.812899,,0.812899,0.812899,0.812899,528.1296,528.1296,528.1296,499.840219,499.840219,499.840219
1449,20000,6,0.812899,,0.812899,0.812899,0.812899,528.1296,528.1296,528.1296,499.840219,499.840219,499.840219
1450,20000,6,0.812899,,0.812899,0.812899,0.812899,528.1296,528.1296,528.1296,499.840219,499.840219,499.840219
1451,20000,6,0.812899,,0.812899,0.812899,0.812899,528.1296,528.1296,528.1296,499.840219,499.840219,499.840219
1452,20000,6,0.812899,,0.812899,0.812899,0.812899,528.1296,528.1296,528.1296,499.840219,499.840219,499.840219
1453,20000,6,0.812899,,0.812899,0.812899,0.812899,528.1296,528.1296,528.1296,499.840219,499.840219,499.840219
1454,20000,6,0.812899,,0.812899,0.812899,0.812899,528.1296,528.1296,528.1296,499.840219,499.840219,499.840219
1455,20000,6,0.812899,,0.812899,0.812899,0.812899,528.1296,528.1296,528.1296,499.840219,499.840219,499.840219
1456,20000,6,0.812899,,0.812899,0.812899,0.812899,528.1296,528.1296,528.1296,499.840219,499.840219,499.840219
1457,20000,6,0.812899,,0.812899,0.812899,0.812899,528.1296,528.1296,528.1296,499.840219,499.840219,499.840219
1458,20000,6,0.812899,,0.812899,0.812899,0.812899,528.1296,528.1296,528.1296,499.840219,499.840219,499.840219
1459,20000,6,0.812899,,0.812899,0.812899,0.812899,528.1296,528.1296,528.1296,499.840219,499.840219,499.840219
1460,20000,6,0.812899,,0.812899,0.812899,0.812899,528.1296,528.1296,528.1296,499.840219,499.840219,499.840219
1461,20000,6,0.812899,,0.812899,0.812899,0.812899,528.1296,528.1296,528.1296,499.840219,499.840219,499.840219
1462,20000,6,0.812899,,0.812899,0.812899,0.812899,528.1296,528.1296,528.1296,499.840219,499.840219,499.840219
1463,20000,6,0.812899,,0.812899,0.812899,0.812899,528.1296,528.1296,528.1296,499.840219,499.840219,499.840219
1464,20000,6,0.812899,,0.812899,0.812899,0.812899,528.1296,528.1296,528.1296,499.840219,499.840219,499.840219
1465,20000,6,0.812899,,0.812899,0.812899,0.812899,528.1296,528.1296,528.1296,499.840219,499.840219,499.840219
1466,20000,6,0.812899,,0.812899,0.812899,0.812899,528.1296,528.1296,528.1296,499.840219,499.840219,499.840219
1467,20000,6,0.812899,,0.812899,0.812899,0.812899,528.1296,528.1296,528.1296,499.840219,499.840219,499.840219
1468,20000,6,0.812899,,0.812899,0.812899,0.812899,528.1296,528.1296,528.1296,499.840219,499.840219,499.840219
1469,20000,6,0.812899,,0.812899,0.812899,0.812899,528.1296,528.1296,528.1296,499.840219,499.840219,499.840219
1470,20000,6,0.812899,,0.812899,0.812899,0.812899,528.1296,528.1296,528.1296,499.840219,499.840219,499.840219
1471,20000,6,0.812899,,0.812899,0.812899,0.812899,528.1296,528.1296,528.1296,499.840219,499.840219,499.840219
1472,20000,6,0.812899,,0.812899,0.812899,0.812899,528.1296,528.1296,528.1296,499.840219,499.840219,499.840219
1473,20000,6,0.812899,,0.812899,0.812899,0.812899,528.1296,528.1296,528.1296,499.840219,499.840219,499.840219
1474,20000,6,0.812899,,0.812899,0.812899,0.812899,528.1296,528.1296,528.1296,499.840219,499.840219,499.840219
1475,20000,6,0.812899,,0.812899,0.812899,0.812899,528.1296,528.1296,528.1296,499.840219,499.840219,499.840219
1476,20000,6,0.812899,,0.812899,0.812899,0.812899,528.1296,528.1296,528.1296,499.840219,499.840219,499.840219
1477,20000,6,0.812899,,0.812899,0.812899,0.812899,528.1296,528.1296,528.1296,499.840219,499.840219,499.840219
1478,20000,6,0.812899,,0.812899,0.812899,0.812899,528.1296,528.1296,528.1296,499.840219,499.840219,499.840219
1479,20000,6,0.812899,,0.812899,0.812899,0.812899,528.1296,528.1296,528.1296,499.840219,499.840219,499.840219
1480,20000,6,0.812899,,0.812899,0.812899,0.812899,528.1296,528.1296,528.1296,499.840219,499.840219,499.840219
1481,20000,6,0.812899,,0.812899,0.812899,0.812899,528.1296,528.1296,528.1296,499.840219,499.840219,499.840219
1482,20000,6,0.812899,,0.812899,0.812899,0.812899,528.1296,528.1296,528.1296,499.840219,499.840219,499.840219
1483,20000,6,0.812899,,0.812899,0.812899,0.812899,528.1296,528.1296,528.1296,499.840219,499.840219,499.840219
1484,20000,6,0.812899,,0.812899,0.812899,0.812899,528.1296,528.1296,528.1296,499.840219,499.840219,499.840219
1485,20000,6,0.812899,,0.812899,0.812899,0.812899,528.1296,528.1296,528.1296,499.840219,499.840219,499.840219
1486,20000,6,0.812899,,0.812899,0.812899,0.812899,528.1296,528.1296,528.1296,499.840219,499.840219,499.840219
1487,20000,6,0.812899,,0.812899,0.812899,0.812899,528.1296,528.1296,528.1296,499.840219,499.840219,499.840219
1488,20000,6,0.812899,,0.812899,0.812899,0.812899,528.1296,528.1296,528.1296,499.840219,499.840219,499.840219
1489,20000,6,0.812899,,0.812899,0.812899,0.812899,528.1296,528.1296,528.1296,499.840219,499.840219,499.840219
1490,20000,6,0.812899,,0.812899,0.812899,0.812899,528.1296,528.1296,528.1296,499.840219,499.840219,499.840219
1491,20000,6,0.812899,,0.812899,0.812899,0.812899,528.1296,528.1296,528.1296,499.840219,499.840219,499.840219
1492,20000,6,0.812899,,0.812899,0.812899,0.812899,528.1296,528.1296,528.1296,499.840219,499.840219,499.840219
1493,20000,6,0.812899,,0.812899,0.812899,0.812899,528.1296,528.1296,528.1296,499.840219,499.840219,499.840219
1494,20000,6,0.812899,,0.812899,0.812899,0.812899,528.1296,528.1296,528.1296,499.840219,499.840219,499.840219
1495,20000,6,0.812899,,0.812899,0.812899,0.812899,528.1296,528.1296,528.1296,499.840219,499.840219,499.840219
1496,20000,6,0.812899,,0.812899,0.812899,0.812899,528.1296,528.1296,528.1296,499.840219,499.840219,499.840219
1497,20000,6,0.812899,,0.812899,0.812899,0.812899,528.1296,528.1296,528.1296,499.840219,499.840219,499.840219
1498,20000,6,0.812899,,0.812899,0.812899,0.812899,528.1296,528.1296,528.1296,499.840219,499.840219,499.840219
1499,20000,6,0.812899,,0.812899,0.812899,0.812899,528.1296,528.1296,528.1296,499.840219,499.840219,499.840219
1500,20000,6,0.812899,,0.812899,0.812899,0.812899,528.1296,528.1296,528.1296,499.840219,499.840219,499.840219
1501,20000,6,0.812899,,0.812899,0.812899,0.812899,528.1296,528.1296,528.1296,499.840219,499.840219,499.840219
1502,20000,6,0.812899,,0.812899,0.812899,0.812899,528.1296,528.1296,528.1296,499.840219,499.840219,499.840219
1503,20000,6,0.812899,,0.812899,0.812899,0.812899,528.1296,528.1296,528.1296,499.840219,499.840219,499.840219
1504,20000,6,0.812899,,0.812899,0.812899,0.812899,528.1296,528.1296,528.1296,499.840219,499.840219,499.840219
1505,20000,6,0.812899,,0.812899,0.812899,0.812899,528.1296,528.1296,528.1296,499.840219,499.840219,499.840219
1506,20000,6,0.812899,,0.812899,0.812899,0.812899,528.1296,528.1296,528.1296,499.840219,499.840219,499.840219
1507,20000,6,0.812899,,0.812899,0.812899,0.812899,528.1296,528.1296,528.1296,499.840219,499.840219,499.840219
1508,20000,6,0.812899,,0.812899,0.812899,0.812899,528.1296,528.1296,528.1296,499.840219,499.840219,499.840219
1509,20000,6,0.812899,,0.812899,0.812899,0.812899,528.1296,528.1296,528.1296,499.840219,499.840219,499.840219
1510,20000,6,0.812899,,0.812899,0.812899,0.812899,528.1296,528.1296,528.1296,499.840219,499.840219,499.840219
1511,20000,6,0.812899,,0.812899,0.812899,0.812899,528.1296,528.1296,528.1296,499.840219,499.840219,499.840219
1512,20000,6,0.812899,,0.812899,0.812899,0.812899,528.1296,528.1296,528.1296,499.840219,499.840219,499.840219
1513,20000,6,0.812899,,0.812899,0.812899,0.812899,528.1296,528.1296,528.1296,499.840219,499.840219,499.840219
1514,20000,6,0.812899,,0.812899,0.812899,0.812899,528.1296,528.1296,528.1296,499.840219,499.840219,499.840219
1515,20000,6,0.812899,,0.812899,0.812899,0.812899,528.1296,528.1296,528.1296,499.840219,499.840219,499.840219
1516,20000,6,0.812899,,0.812899,0.812899,0.812899,528.1296,528.1296,528.1296,499.840219,499.840219,499.840219
1517,20000,6,0.812899,,0.812899,0.812899,0.812899,528.1296,528.1296,528.1296,499.840219,499.840219,499.840219
1518,20000,6,0.812899,,0.812899,0.812899,0.812899,528.1296,528.1296,528.1296,499.840219,499.840219,499.840219
1519,20000,6,0.812899,,0.812899,0.812899,0.812899,528.1296,528.1296,528.1296,499.840219,499.840219,499.840219
1520,20000,6,0.812899,,0.812899,0.812899,0.812899,528.1296,528.1296,528.1296,499.840219,499.840219,499.840219
1521,20000,6,0.812899,,0.812899,0.812899,0.812899,528.1296,528.1296,528.1296,499.840219,499.840219,499.840219
1522,20000,6,0.812899,,0.812899,0.812899,0.812899,528.1296,528.1296,528.1296,499.840219,499.840219,499.840219
1523,20000,6,0.812899,,0.812899,0.812899,0.812899,528.1296,528.1296,528.1296,499.840219,499.840219,499.840219
1524,20000,6,0.812899,,0.812899,0.812899,0.812899,528.1296,528.1296,528.1296,499.840219,499.840219,499.840219
1525,20000,6,0.812899,,0.812899,0.812899,0.812899,528.1296,528.1296,528.1296,499.840219,499.840219,499.840219
1526,20000,6,0.812899,,0.812899,0.812899,0.812899,528.1296,528.1296,528.1296,499.840219,499.840219,499.840219
1527,20000,6,0.812899,,0.812899,0.812899,0.812899,528.1296,528.1296,528.1296,499.840219,499.840219,499.840219
1528,20000,6,0.812899,,0.812899,0.812899,0.812899,528.1296,528.1296,528.1296,499.840219,499.840219,499.840219
1529,20000,6,0.812899,,0.812899,0.812899,0.812899,528.1296,528.1296,528.1296,499.840219,499.840219,499.840219
1530,20000,6,0.812899,,0.812899,0.812899,0.812899,528.1296,528.1296,528.1296,499.840219,499.840219,499.840219
1531,20000,6,0.812899,,0.812899,0.812899,0.812899,528.1296,528.1296,528.1296,499.840219,499.840219,499.840219
1532,20000,6,0.812899,,0.812899,0.812899,0.812899,528.1296,528.1296,528.1296,499.840219,499.840219,499.840219
1533,20000,6,0.812899,,0.812899,0.812899,0.812899,528.1296,528.1296,528.1296,499.840219,499.840219,499.840219
1534,20000,6,0.812899,,0.812899,0.812899,0.812899,528.1296,528.1296,528.1296,499.840219,499.840219,499.840219
1535,20000,6,0.812899,,0.812899,0.812899,0.812899,528.1296,528.1296,528.1296,499.840219,499.840219,499.840219
1536,20000,6,0.812899,,0.812899,0.812899,0.812899,528.1296,528.1296,528.1296,499.840219,499.840219,499.840219
1537,20000,6,0.812899,,0.812899,0.812899,0.812899,528.1296,528.1296,528.1296,499.840219,499.840219,499.840219
1538,20000,6,0.812899,,0.812899,0.812899,0.812899,528.1296,528.1296,528.1296,499.840219,499.840219,499.840219
1539,20000,6,0.812899,,0.812899,0.812899,0.812899,528.1296,528.1296,528.1296,499.840219,499.840219,499.840219
1540,20000,6,0.812899,,0.812899,0.812899,0.812899,528.1296,528.1296,528.1296,499.840219,499.840219,499.840219
1541,20000,6,0.812899,,0.812899,0.812899,0.812899,528.1296,528.1296,528.1296,499.840219,499.840219,499.840219
1542,20000,6,0.812899,,0.812899,0.812899,0.812899,528.1296,528.1296,528.1296,499.840219,499.840219,499.840219
1543,20000,6,0.812899,,0.812899,0.812899,0.812899,528.1296,528.1296,528.1296,499.840219,499.840219,499.840219
1544,20000,6,0.812899,,0.812899,0.812899,0.812899,528.1296,528.1296,528.1296,499.840219,499.840219,499.840219
1545,20000,6,0.812899,,0.812899,0.812899,0.812899,528.1296,528.1296,528.1296,499.840219,499.840219,499.840219
1546,20000,6,0.812899,,0.812899,0.812899,0.812899,528.1296,528.1296,528.1296,499.840219,499.840219,499.840219
1547,20000,6,0.812899,,0.812899,0.812899,0.812899,528.1296,528.1296,528.1296,499.840219,499.840219,499.840219
1548,20000,6,0.812899,,0.812899,0.812899,0.812899,528.1296,528.1296,528.1296,499.840219,499.840219,499.840219
1549,20000,6,0.812899,,0.812899,0.812899,0.812899,528.1296,528.1296,528.1296,499.840219,499.840219,499.840219
1550,20000,6,0.812899,,0.812899,0.812899,0.812899,528.1296,528.1296,528.1296,499.840219,499.840219,499.840219
1551,20000,6,0.812899,,0.812899,0.812899,0.812899,528.1296,528.1296,528.1296,499.840219,499.840219,499.840219
1552,20000,6,0.812899,,0.812899,0.812899,0.812899,528.1296,528.1296,528.1296,499.840219,499.840219,499.840219
1553,20000,6,0.812899,,0.812899,0.812899,0.812899,528.1296,528.1296,528.1296,499.840219,499.840219,499.840219
1554,20000,6,0.812899,,0.812899,0.812899,0.812899,528.1296,528.1296,528.1296,499.840219,499.840219,499.840219
1555,20000,6,0.812899,,0.812899,0.812899,0.812899,528.1296,528.1296,528.1296,499.840219,499.840219,499.840219
1556,20000,6,0.812899,,0.812899,0.812899,0.812899,528.1296,528.1296,528.1296,499.840219,499.840219,499.840219
1557,20000,6,0.812899,,0.812899,0.812899,0.812899,528.1296,528.1296,528.1296,499.840219,499.840219,499.840219
1558,20000,6,0.812899,,0.812899,0.812899,0.812899,528.1296,528.1296,528.1296,499.840219,499.840219,499.840219
1559,20000,6,0.812899,,0.812899,0.812899,0.812899,528.1296,528.1296,528.1296,499.840219,499.840219,499.840219
1560,20000,6,0.812899,,0.812899,0.812899,0.812899,528.1296,528.1296,528.1296,499.840219,499.840219,499.840219
1561,20000,6,0.812899,,0.812899,0.812899,0.812899,528.1296,528.1296,528.1296,499.840219,499.840219,499.840219
1562,20000,6,0.812899,,0.812899,0.812899,0.812899,528.1296,528.1296,528.1296,499.840219,499.840219,499.840219
1563,20000,6,0.812899,,0.812899,0.812899,0.812899,528.1296,528.1296,528.1296,499.840219,499.840219,499.840219
1564,20000,6,0.812899,,0.812899,0.812899,0.812899,528.1296,528.1296,528.1296,499.840219,499.840219,499.840219
1565,20000,6,0.812899,,0.812899,0.812899,0.812899,528.1296,528.1296,528.1296,499.840219,499.840219,499.840219
1566,20000,6,0.812899,,0.812899,0.812899,0.812899,528.1296,528.1296,528.1296,499.840219,499.840219,499.840219
1567,20000,6,0.812899,,0.812899,0.812899,0.812899,528.1296,528.1296,528.1296,499.840219,499.840219,499.840219
1568,20000,6,0.812899,,0.812899,0.812899,0.812899,528.1296,528.1296,528.1296,499.840219,499.840219,499.840219
1569,20000,6,0.812899,,0.812899,0.812899,0.812899,528.1296,528.1296,528.1296,499.840219,499.840219,499.840219
1570,20000,6,0.812899,,0.812899,0.812899,0.812899,528.1296,528.1296,528.1296,499.840219,499.840219,499.840219
1571,20000,6,0.812899,,0.812899,0.812899,0.812899,528.1296,528.1296,528.1296,499.840219,499.840219,499.840219
1572,20000,6,0.812899,,0.812899,0.812899,0.812899,528.1296,528.1296,528.1296,499.840219,499.840219,499.840219
1573,20000,6,0.812899,,0.812899,0.812899,0.812899,528.1296,528.1296,528.1296,499.840219,499.840219,499.840219
1574,20000,6,0.812899,,0.812899,0.812899,0.812899,528.1296,528.1296,528.1296,499.840219,499.840219,499.840219
1575,20000,6,0.812899,,0.812899,0.812899,0.812899,528.1296,528.1296,528.1296,499.840219,499.840219,499.840219
1576,20000,6,0.812899,,0.812899,0.812899,0.812899,528.1296,528.1296,528.1296,499.840219,499.840219,499.840219
1577,20000,6,0.812899,,0.812899,0.812899,0.812899,528.1296,528.1296,528.1296,499.840219,499.840219,499.840219
1578,20000,6,0.812899,,0.812899,0.812899,0.812899,528.1296,528.1296,528.1296,499.840219,499.840219,499.840219
1579,20000,6,0.812899,,0.812899,0.812899,0.812899,528.1296,528.1296,528.1296,499.840219,499.840219,499.840219
1580,20000,6,0.812899,,0.812899,0.812899,0.812899,528.1296,528.1296,528.1296,499.840219,499.840219,499.840219
1581,20000,6,0.812899,,0.812899,0.812899,0.812899,528.1296,528.1296,528.1296,499.840219,499.840219,499.840219
1582,20000,6,0.812899,,0.812899,0.812899,0.812899,528.1296,528.1296,528.1296,499.840219,499.840219,499.840219
1583,20000,6,0.812899,,0.812899,0.812899,0.812899,528.1296,528.1296,528.1296,499.840219,499.840219,499.840219
1584,20000,6,0.812899,,0.812899,0.812899,0.812899,528.1296,528.1296,528.1296,499.840219,499.840219,499.840219
1585,20000,6,0.812899,,0.812899,0.812899,0.812899,528.1296,528.1296,528.1296,499.840219,499.840219,499.840219
1586,20000,6,0.812899,,0.812899,0.812899,0.812899,528.1296,528.1296,528.1296,499.840219,499.840219,499.840219
1587,20000,6,0.812899,,0.812899,0.812899,0.812899,528.1296,528.1296,528.1296,499.840219,499.840219,499.840219
1588,20000,6,0.812899,,0.812899,0.812899,0.812899,528.1296,528.1296,528.1296,499.840219,499.840219,499.840219
1589,20000,6,0.812899,,0.812899,0.812899,0.812899,528.1296,528.1296,528.1296,499.840219,499.840219,499.840219
1590,20000,6,0.812899,,0.812899,0.812899,0.812899,528.1296,528.1296,528.1296,499.840219,499.840219,499.840219
1591,20000,6,0.812899,,0.812899,0.812899,0.812899,528.1296,528.1296,528.1296,499.840219,499.840219,499.840219
1592,20000,6,0.812899,,0.812899,0.812899,0.812899,528.1296,528.1296,528.1296,499.840219,499.840219,499.840219
1593,20000,6,0.812899,,0.812899,0.812899,0.812899,528.1296,528.1296,528.1296,499.840219,499.840219,499.840219
1594,20000,6,0.812899,,0.812899,0.812899,0.812899,528.1296,528.1296,528.1296,499.840219,499.840219,499.840219
1595,20000,6,0.812899,,0.812899,0.812899,0.812899,528.1296,528.1296,528.1296,499.840219,499.840219,499.840219
1596,20000,6,0.812899,,0.812899,0.812899,0.812899,528.1296,528.1296,528.1296,499.840219,499.840219,499.840219
1597,20000,6,0.812899,,0.812899,0.812899,0.812899,528.1296,528.1296,528.1296,499.840219,499.840219,499.840219
1598,20000,6,0.812899,,0.812899,0.812899,0.812899,528.1296,528.1296,528.1296,499.840219,499.840219,499.840219
1599,20000,6,0.812899,,0.812899,0.812899,0.812899,528.1296,528.1296,528.1296,499.840219,499.840219,499.840219
1600,20000,6,0.812899,,0.812899,0.812899,0.812899,528.1296,528.1296,528.1296,499.840219,499.840219,499.840219
1601,20000,6,0.812899,,0.812899,0.812899,0.812899,528.1296,528.1296,528.1296,499.840219,499.840219,499.840219
1602,20000,6,0.812899,,0.812899,0.812899,0.812899,528.1296,528.1296,528.1296,499.840219,499.840219,499.840219
1603,20000,6,0.812899,,0.812899,0.812899,0.812899,528.1296,528.1296,528.1296,499.840219,499.840219,499.840219
1604,20000,6,0.812899,,0.812899,0.812899,0.812899,528.1296,528.1296,528.1296,499.840219,499.840219,499.840219
1605,20000,6,0.812899,,0.812899,0.812899,0.812899,528.1296,528.1296,528.1296,499.840219,499.840219,499.840219
1606,20000,6,0.812899,,0.812899,0.812899,0.812899,528.1296,528.1296,528.1296,499.840219,499.840219,499.840219
1607,20000,6,0.812899,,0.812899,0.812899,0.812899,528.1296,528.1296,528.1296,499.840219,499.840219,499.840219
1608,20000,6,0.812899,,0.812899,0.812899,0.812899,528.1296,528.1296,528.1296,499.840219,499.840219,499.840219
1609,20000,6,0.812899,,0.812899,0.812899,0.812899,528.1296,528.1296,528.1296,499.840219,499.840219,499.840219
1610,20000,6,0.812899,,0.812899,0.812899,0.812899,528.1296,528.1296,528.1296,499.840219,499.840219,499.840219
1611,20000,6,0.812899,,0.812899,0.812899,0.812899,528.1296,528.1296,528.1296,499.840219,499.840219,499.840219
1612,20000,6,0.812899,,0.812899,0.812899,0.812899,528.1296,528.1296,528.1296,499.840219,499.840219,499.840219
1613,20000,6,0.812899,,0.812899,0.812899,0.812899,528.1296,528.1296,528.1296,499.840219,499.840219,499.840219
1614,20000,6,0.812899,,0.812899,0.812899,0.812899,528.1296,528.1296,528.1296,499.840219,499.840219,499.840219
1615,20000,6,0.812899,,0.812899,0.812899,0.812899,528.1296,528.1296,528.1296,499.840219,499.840219,499.840219
1616,20000,6,0.812899,,0.812899,0.812899,0.812899,528.1296,528.1296,528.1296,499.840219,499.840219,499.840219
1617,20000,6,0.812899,,0.812899,0.812899,0.812899,528.1296,528.1296,528.1296,499.840219,499.840219,499.840219
1618,20000,6,0.812899,,0.812899,0.812899,0.812899,528.1296,528.1296,528.1296,499.840219,499.840219,499.840219
1619,20000,6,0.812899,,0.812899,0.812899,0.812899,528.1296,528.1296,528.1296,499.840219,499.840219,499.840219
1620,20000,6,0.812899,,0.812899,0.812899,0.812899,528.1296,528.1296,528.1296,499.840219,499.840219,499.840219
1621,20000,6,0.812899,,0.812899,0.812899,0.812899,528.1296,528.1296,528.1296,499.840219,499.840219,499.840219
1622,20000,6,0.812899,,0.812899,0.812899,0.812899,528.1296,528.1296,528.1296,499.840219,499.840219,499.840219
1623,20000,6,0.812899,,0.812899,0.812899,0.812899,528.1296,528.1296,528.1296,499.840219,499.840219,499.840219
1624,20000,6,0.812899,,0.812899,0.812899,0.812899,528.1296,528.1296,528.1296,499.840219,499.840219,499.840219
1625,20000,6,0.812899,,0.812899,0.812899,0.812899,528.1296,528.1296,528.1296,499.840219,499.840219,499.840219
1626,20000,6,0.812899,,0.812899,0.812899,0.812899,528.1296,528.1296,528.1296,499.840219,499.840219,499.840219
1627,20000,6,0.812899,,0.812899,0.812899,0.812899,528.1296,528.1296,528.1296,499.840219,499.840219,499.840219
1628,20000,6,0.812899,,0.812899,0.812899,0.812899,528.1296,528.1296,528.1296,499.840219,499.840219,499.840219
1629,20000,6,0.812899,,0.812899,0.812899,0.812899,528.1296,528.1296,528.1296,499.840219,499.840219,499.840219
1630,20000,6,0.812899,,0.812899,0.812899,0.812899,528.1296,528.1296,528.1296,499.840219,499.840219,499.840219
1631,20000,6,0.812899,,0.812899,0.812899,0.812899,528.1296,528.1296,528.1296,499.840219,499.840219,499.840219
1632,20000,6,0.812899,,0.812899,0.812899,0.812899,528.1296,528.1296,528.1296,499.840219,499.840219,499.840219
1633,20000,6,0.812899,,0.812899,0.812899,0.812899,528.1296,528.1296,528.1296,499.840219,499.840219,499.840219
1634,20000,6,0.812899,,0.812899,0.812899,0.812899,528.1296,528.1296,528.1296,499.840219,499.840219,499.840219
1635,20000,6,0.812899,,0.812899,0.812899,0.812899,528.1296,528.1296,528.1296,499.840219,499.840219,499.840219
1636,20000,6,0.812899,,0.812899,0.812899,0.812899,528.1296,528.1296,528.1296,499.840219,499.840219,499.840219
1637,20000,6,0.812899,,0.812899,0.812899,0.812899,528.1296,528.1296,528.1296,499.840219,499.840219,499.840219
1638,20000,6,0.812899,,0.812899,0.812899,0.812899,528.1296,528.1296,528.1296,499.840219,499.840219,499.840219
1639,20000,6,0.812899,,0.812899,0.812899,0.812899,528.1296,528.1296,528.1296,499.840219,499.840219,499.840219
1640,20000,6,0.812899,,0.812899,0.812899,0.812899,528.1296,528.1296,528.1296,499.840219,499.840219,499.840219
1641,20000,6,0.812899,,0.812899,0.812899,0.812899,528.1296,528.1296,528.1296,499.840219,499.840219,499.840219
1642,20000,6,0.812899,,0.812899,0.812899,0.812899,528.1296,528.1296,528.1296,499.840219,499.840219,499.840219
1643,20000,6,0.812899,,0.812899,0.812899,0.812899,528.1296,528.1296,528.1296,499.840219,499.840219,499.840219
1644,20000,6,0.812899,,0.812899,0.812899,0.812899,528.1296,528.1296,528.1296,499.840219,499.840219,499.840219
1645,20000,6,0.812899,,0.812899,0.812899,0.812899,528.1296,528.1296,528.1296,499.840219,499.840219,499.840219
1646,20000,6,0.812899,,0.812899,0.812899,0.812899,528.1296,528.1296,528.1296,499.840219,499.840219,499.840219
1647,20000,6,0.812899,,0.812899,0.812899,0.812899,528.1296,528.1296,528.1296,499.840219,499.840219,499.840219
1648,20000,6,0.812899,,0.812899,0.812899,0.812899,528.1296,528.1296,528.1296,499.840219,499.840219,499.840219
1649,20000,6,0.812899,,0.812899,0.812899,0.812899,528.1296,528.1296,528.1296,499.840219,499.840219,499.840219
1650,20000,6,0.812899,,0.812899,0.812899,0.812899,528.1296,528.1296,528.1296,499.840219,499.840219,499.840219
1651,20000,6,0.812899,,0.812899,0.812899,0.812899,528.1296,528.1296,528.1296,499.840219,499.840219,499.840219
1652,20000,6,0.812899,,0.812899,0.812899,0.812899,528.1296,528.1296,528.1296,499.840219,499.840219,499.840219
1653,20000,6,0.812899,,0.812899,0.812899,0.812899,528.1296,528.1296,528.1296,499.840219,499.840219,499.840219
1654,20000,6,0.812899,,0.812899,0.812899,0.812899,528.1296,528.1296,528.1296,499.840219,499.840219,499.840219
1655,20000,6,0.812899,,0.812899,0.812899,0.812899,528.1296,528.1296,528.1296,499.840219,499.840219,499.840219
1656,20000,6,0.812899,,0.812899,0.812899,0.812899,528.1296,528.1296,528.1296,499.840219,499.840219,499.840219
1657,20000,6,0.812899,,0.812899,0.812899,0.812899,528.1296,528.1296,528.1296,499.840219,499.840219,499.840219
1658,20000,6,0.812899,,0.812899,0.812899,0.812899,528.1296,528.1296,528.1296,499.840219,499.840219,499.840219
1659,20000,6,0.812899,,0.812899,0.812899,0.812899,528.1296,528.1296,528.1296,499.840219,499.840219,499.840219
1660,20000,6,0.812899,,0.812899,0.812899,0.812899,528.1296,528.1296,528.1296,499.840219,499.840219,499.840219
1661,20000,6,0.812899,,0.812899,0.812899,0.812899,528.1296,528.1296,528.1296,499.840219,499.840219,499.840219
1662,20000,6,0.812899,,0.812899,0.812899,0.812899,528.1296,528.1296,528.1296,499.840219,499.840219,499.840219
1663,20000,6,0.812899,,0.812899,0.812899,0.812899,528.1296,528.1296,528.1296,499.840219,499.840219,499.840219
1664,20000,6,0.812899,,0.812899,0.812899,0.812899,528.1296,528.1296,528.1296,499.840219,499.840219,499.840219
1665,20000,6,0.812899,,0.812899,0.812899,0.812899,528.1296,528.1296,528.1296,499.840219,499.840219,499.840219
1666,20000,6,0.812899,,0.812899,0.812899,0.812899,528.1296,528.1296,528.1296,499.840219,499.840219,499.840219
1667,20000,6,0.812899,,0.812899,0.812899,0.812899,528.1296,528.1296,528.1296,499.840219,499.840219,499.840219
1668,20000,6,0.812899,,0.812899,0.812899,0.812899,528.1296,528.1296,528.1296,499.840219,499.840219,499.840219
1669,20000,6,0.812899,,0.812899,0.812899,0.812899,528.1296,528.1296,528.1296,499.840219,499.840219,499.840219
1670,20000,6,0.812899,,0.812899,0.812899,0.812899,528.1296,528.1296,528.1296,499.840219,499.840219,499.840219
1671,20000,6,0.812899,,0.812899,0.812899,0.812899,528.1296,528.1296,528.1296,499.840219,499.840219,499.840219
1672,20000,6,0.812899,,0.812899,0.812899,0.812899,528.1296,528.1296,528.1296,499.840219,499.840219,499.840219
1673,20000,6,0.812899,,0.812899,0.812899,0.812899,528.1296,528.1296,528.1296,499.840219,499.840219,499.840219
1674,20000,6,0.812899,,0.812899,0.812899,0.812899,528.1296,528.1296,528.1296,499.840219,499.840219,499.840219
1675,20000,6,0.812899,,0.812899,0.812899,0.812899,528.1296,528.1296,528.1296,499.840219,499.840219,499.840219
1676,20000,6,0.812899,,0.812899,0.812899,0.812899,528.1296,528.1296,528.1296,499.840219,499.840219,499.840219
1677,20000,6,0.812899,,0.812899,0.812899,0.812899,528.1296,528.1296,528.1296,499.840219,499.840219,499.840219
1678,20000,6,0.812899,,0.812899,0.812899,0.812899,528.1296,528.1296,528.1296,499.840219,499.840219,499.840219
1679,20000,6,0.812899,,0.812899,0.812899,0.812899,528.1296,528.1296,528.1296,499.840219,499.840219,499.840219
1680,20000,6,0.812899,,0.812899,0.812899,0.812899,528.1296,528.1296,528.1296,499.840219,499.840219,499.840219
1681,20000,6,0.812899,,0.812899,0.812899,0.812899,528.1296,528.1296,528.1296,499.840219,499.840219,499.840219
1682,20000,6,0.812899,,0.812899,0.812899,0.812899,528.1296,528.1296,528.1296,499.840219,499.840219,499.840219
1683,20000,6,0.812899,,0.812899,0.812899,0.812899,528.1296,528.1296,528.1296,499.840219,499.840219,499.840219
1684,20000,6,0.812899,,0.812899,0.812899,0.812899,528.1296,528.1296,528.1296,499.840219,499.840219,499.840219
1685,20000,6,0.812899,,0.812899,0.812899,0.812899,528.1296,528.1296,528.1296,499.840219,499.840219,499.840219
1686,20000,6,0.812899,,0.812899,0.812899,0.812899,528.1296,528.1296,528.1296,499.840219,499.840219,499.840219
1687,20000,6,0.812899,,0.812899,0.812899,0.812899,528.1296,528.1296,528.1296,499.840219,499.840219,499.840219
1688,20000,6,0.812899,,0.812899,0.812899,0.812899,528.1296,528.1296,528.1296,499.840219,499.840219,499.840219
1689,20000,6,0.812899,,0.812899,0.812899,0.812899,528.1296,528.1296,528.1296,499.840219,499.840219,499.840219
1690,20000,6,0.812899,,0.812899,0.812899,0.812899,528.1296,528.1296,528.1296,499.840219,499.840219,499.840219
1691,20000,6,0.812899,,0.812899,0.812899,0.812899,528.1296,528.1296,528.1296,499.840219,499.840219,499.840219
1692,20000,6,0.812899,,0.812899,0.812899,0.812899,528.1296,528.1296,528.1296,499.840219,499.840219,499.840219
1693,20000,6,0.812899,,0.812899,0.812899,0.812899,528.1296,528.1296,528.1296,499.840219,499.840219,499.840219
1694,20000,6,0.812899,,0.812899,0.812899,0.812899,528.1296,528.1296,528.1296,499.840219,499.840219,499.840219
1695,20000,6,0.812899,,0.812899,0.812899,0.812899,528.1296,528.1296,528.1296,499.840219,499.840219,499.840219
1696,20000,6,0.812899,,0.812899,0.812899,0.812899,528.1296,528.1296,528.1296,499.840219,499.840219,499.840219
1697,20000,6,0.812899,,0.812899,0.812899,0.812899,528.1296,528.1296,528.1296,499.840219,499.840219,499.840219
1698,20000,6,0.812899,,0.812899,0.812899,0.812899,528.1296,528.1296,528.1296,499.840219,499.840219,499.840219
1699,20000,6,0.812899,,0.812899,0.812899,0.812899,528.1296,528.1296,528.1296,499.840219,499.840219,499.840219
